
===========================================================================
report_checks -unconstrained
===========================================================================
======================= Typical Corner ===================================

Startpoint: rst_n (input port clocked by clk)
Endpoint: core.bgc_15.lfsr_row._81_
          (recovery check against rising-edge clock clk)
Path Group: asynchronous
Path Type: max

Fanout     Cap    Slew   Delay    Time   Description
-----------------------------------------------------------------------------
                  0.15    0.00    0.00   clock clk (rise edge)
                          0.00    0.00   clock network delay (ideal)
                          5.71    5.71 ^ input external delay
                  0.12    0.05    5.76 ^ rst_n (in)
     1    0.00                           rst_n (net)
                  0.12    0.00    5.76 ^ input4/I (gf180mcu_fd_sc_mcu7t5v0__clkbuf_2)
                  0.36    0.42    6.18 ^ input4/Z (gf180mcu_fd_sc_mcu7t5v0__clkbuf_2)
     1    0.04                           net4 (net)
                  0.36    0.00    6.18 ^ fanout81/I (gf180mcu_fd_sc_mcu7t5v0__buf_16)
                  0.43    0.41    6.58 ^ fanout81/Z (gf180mcu_fd_sc_mcu7t5v0__buf_16)
    23    0.42                           net81 (net)
                  0.45    0.04    6.63 ^ fanout76/I (gf180mcu_fd_sc_mcu7t5v0__buf_12)
                  0.44    0.43    7.05 ^ fanout76/Z (gf180mcu_fd_sc_mcu7t5v0__buf_12)
    21    0.31                           net76 (net)
                  0.45    0.02    7.08 ^ fanout73/I (gf180mcu_fd_sc_mcu7t5v0__buf_12)
                  0.48    0.46    7.53 ^ fanout73/Z (gf180mcu_fd_sc_mcu7t5v0__buf_12)
    35    0.33                           net73 (net)
                  0.48    0.00    7.54 ^ fanout72/I (gf180mcu_fd_sc_mcu7t5v0__buf_12)
                  0.42    0.42    7.96 ^ fanout72/Z (gf180mcu_fd_sc_mcu7t5v0__buf_12)
    35    0.28                           net72 (net)
                  0.42    0.00    7.96 ^ core.bgc_15.lfsr_row._27_/I (gf180mcu_fd_sc_mcu7t5v0__inv_3)
                  0.30    0.25    8.21 v core.bgc_15.lfsr_row._27_/ZN (gf180mcu_fd_sc_mcu7t5v0__inv_3)
    12    0.07                           core.bgc_15.lfsr_row._25_ (net)
                  0.30    0.00    8.21 v core.bgc_15.lfsr_row._70_/A2 (gf180mcu_fd_sc_mcu7t5v0__nand2_1)
                  0.24    0.24    8.45 ^ core.bgc_15.lfsr_row._70_/ZN (gf180mcu_fd_sc_mcu7t5v0__nand2_1)
     1    0.01                           core.bgc_15.lfsr_row._10_ (net)
                  0.24    0.00    8.45 ^ core.bgc_15.lfsr_row._81_/SETN (gf180mcu_fd_sc_mcu7t5v0__dffrsnq_2)
                                  8.45   data arrival time

                  0.15   28.57   28.57   clock clk (rise edge)
                          0.00   28.57   clock network delay (ideal)
                         -0.25   28.32   clock uncertainty
                          0.00   28.32   clock reconvergence pessimism
                                 28.32 ^ core.bgc_15.lfsr_row._81_/CLK (gf180mcu_fd_sc_mcu7t5v0__dffrsnq_2)
                          0.08   28.40   library recovery time
                                 28.40   data required time
-----------------------------------------------------------------------------
                                 28.40   data required time
                                 -8.45   data arrival time
-----------------------------------------------------------------------------
                                 19.95   slack (MET)


Startpoint: core.bgc_0.final_counter._70_
            (rising edge-triggered flip-flop clocked by clk)
Endpoint: core.res_mem_inst.slot[15].slot_reg._128_
          (rising edge-triggered flip-flop clocked by clk)
Path Group: clk
Path Type: max

Fanout     Cap    Slew   Delay    Time   Description
-----------------------------------------------------------------------------
                  0.15    0.00    0.00   clock clk (rise edge)
                          0.00    0.00   clock network delay (ideal)
                  0.15    0.00    0.00 ^ core.bgc_0.final_counter._70_/CLK (gf180mcu_fd_sc_mcu7t5v0__dffrnq_1)
                  0.32    0.90    0.90 v core.bgc_0.final_counter._70_/Q (gf180mcu_fd_sc_mcu7t5v0__dffrnq_1)
     6    0.03                           core.adder_tree.r[0][1] (net)
                  0.32    0.00    0.90 v core.adder_tree._0758_/A2 (gf180mcu_fd_sc_mcu7t5v0__xor3_1)
                  0.39    1.24    2.14 v core.adder_tree._0758_/Z (gf180mcu_fd_sc_mcu7t5v0__xor3_1)
     3    0.02                           core.adder_tree._0043_ (net)
                  0.39    0.00    2.14 v core.adder_tree._0766_/A2 (gf180mcu_fd_sc_mcu7t5v0__xor3_1)
                  0.25    1.18    3.32 v core.adder_tree._0766_/Z (gf180mcu_fd_sc_mcu7t5v0__xor3_1)
     1    0.00                           core.adder_tree._0051_ (net)
                  0.25    0.00    3.32 v wire21/I (gf180mcu_fd_sc_mcu7t5v0__buf_1)
                  0.27    0.43    3.75 v wire21/Z (gf180mcu_fd_sc_mcu7t5v0__buf_1)
     3    0.02                           net21 (net)
                  0.27    0.00    3.75 v core.adder_tree._0779_/A2 (gf180mcu_fd_sc_mcu7t5v0__xnor3_1)
                  0.48    1.07    4.82 v core.adder_tree._0779_/ZN (gf180mcu_fd_sc_mcu7t5v0__xnor3_1)
     3    0.02                           core.adder_tree._0064_ (net)
                  0.48    0.00    4.82 v core.adder_tree._0796_/A2 (gf180mcu_fd_sc_mcu7t5v0__xor3_1)
                  0.35    1.29    6.11 v core.adder_tree._0796_/Z (gf180mcu_fd_sc_mcu7t5v0__xor3_1)
     2    0.01                           core.adder_tree._0081_ (net)
                  0.35    0.00    6.11 v core.adder_tree._0798_/A2 (gf180mcu_fd_sc_mcu7t5v0__xnor2_1)
                  0.40    0.48    6.58 v core.adder_tree._0798_/ZN (gf180mcu_fd_sc_mcu7t5v0__xnor2_1)
     2    0.01                           core.adder_tree._0083_ (net)
                  0.40    0.00    6.58 v core.adder_tree._0804_/A1 (gf180mcu_fd_sc_mcu7t5v0__oai21_1)
                  0.64    0.50    7.08 ^ core.adder_tree._0804_/ZN (gf180mcu_fd_sc_mcu7t5v0__oai21_1)
     3    0.02                           core.adder_tree._0089_ (net)
                  0.64    0.00    7.08 ^ core.adder_tree._0862_/A2 (gf180mcu_fd_sc_mcu7t5v0__xnor3_1)
                  0.62    1.10    8.18 ^ core.adder_tree._0862_/ZN (gf180mcu_fd_sc_mcu7t5v0__xnor3_1)
     2    0.01                           core.adder_tree._0147_ (net)
                  0.62    0.00    8.18 ^ core.adder_tree._0863_/A2 (gf180mcu_fd_sc_mcu7t5v0__nand2_1)
                  0.29    0.21    8.38 v core.adder_tree._0863_/ZN (gf180mcu_fd_sc_mcu7t5v0__nand2_1)
     2    0.01                           core.adder_tree._0148_ (net)
                  0.29    0.00    8.38 v core.adder_tree._0932_/A1 (gf180mcu_fd_sc_mcu7t5v0__oai21_1)
                  0.61    0.45    8.83 ^ core.adder_tree._0932_/ZN (gf180mcu_fd_sc_mcu7t5v0__oai21_1)
     2    0.02                           core.adder_tree._0215_ (net)
                  0.61    0.00    8.83 ^ core.adder_tree._1002_/A1 (gf180mcu_fd_sc_mcu7t5v0__aoi21_2)
                  0.28    0.21    9.04 v core.adder_tree._1002_/ZN (gf180mcu_fd_sc_mcu7t5v0__aoi21_2)
     2    0.02                           core.adder_tree._0284_ (net)
                  0.28    0.00    9.04 v core.adder_tree._1134_/A1 (gf180mcu_fd_sc_mcu7t5v0__oai21_2)
                  0.57    0.42    9.46 ^ core.adder_tree._1134_/ZN (gf180mcu_fd_sc_mcu7t5v0__oai21_2)
     3    0.02                           core.adder_tree._0415_ (net)
                  0.57    0.00    9.46 ^ core.adder_tree._1270_/A2 (gf180mcu_fd_sc_mcu7t5v0__aoi221_2)
                  0.40    0.19    9.65 v core.adder_tree._1270_/ZN (gf180mcu_fd_sc_mcu7t5v0__aoi221_2)
     2    0.01                           core.adder_tree._0549_ (net)
                  0.40    0.00    9.65 v core.adder_tree._1273_/A3 (gf180mcu_fd_sc_mcu7t5v0__oai31_1)
                  0.87    0.64   10.29 ^ core.adder_tree._1273_/ZN (gf180mcu_fd_sc_mcu7t5v0__oai31_1)
     2    0.01                           core.adder_tree._0551_ (net)
                  0.87    0.00   10.29 ^ core.adder_tree._1342_/A1 (gf180mcu_fd_sc_mcu7t5v0__aoi21_1)
                  0.38    0.25   10.54 v core.adder_tree._1342_/ZN (gf180mcu_fd_sc_mcu7t5v0__aoi21_1)
     2    0.01                           core.adder_tree._0619_ (net)
                  0.38    0.00   10.54 v core.adder_tree._1409_/A1 (gf180mcu_fd_sc_mcu7t5v0__oai21_1)
                  0.34    0.31   10.85 ^ core.adder_tree._1409_/ZN (gf180mcu_fd_sc_mcu7t5v0__oai21_1)
     1    0.01                           core.adder_tree._0685_ (net)
                  0.34    0.00   10.85 ^ core.adder_tree._1439_/A1 (gf180mcu_fd_sc_mcu7t5v0__xor3_4)
                  0.73    1.67   12.51 ^ core.adder_tree._1439_/Z (gf180mcu_fd_sc_mcu7t5v0__xor3_4)
    16    0.17                           core.adder_tree.sum_out[11] (net)
                  0.73    0.01   12.53 ^ core.res_mem_inst.slot[15].slot_reg._078_/I (gf180mcu_fd_sc_mcu7t5v0__clkinv_1)
                  0.26    0.20   12.72 v core.res_mem_inst.slot[15].slot_reg._078_/ZN (gf180mcu_fd_sc_mcu7t5v0__clkinv_1)
     1    0.01                           core.res_mem_inst.slot[15].slot_reg._040_ (net)
                  0.26    0.00   12.72 v core.res_mem_inst.slot[15].slot_reg._105_/A1 (gf180mcu_fd_sc_mcu7t5v0__oai221_1)
                  0.45    0.28   13.00 ^ core.res_mem_inst.slot[15].slot_reg._105_/ZN (gf180mcu_fd_sc_mcu7t5v0__oai221_1)
     1    0.00                           core.res_mem_inst.slot[15].slot_reg._000_[11] (net)
                  0.45    0.00   13.00 ^ core.res_mem_inst.slot[15].slot_reg._128_/D (gf180mcu_fd_sc_mcu7t5v0__dffrnq_1)
                                 13.00   data arrival time

                  0.15   28.57   28.57   clock clk (rise edge)
                          0.00   28.57   clock network delay (ideal)
                         -0.25   28.32   clock uncertainty
                          0.00   28.32   clock reconvergence pessimism
                                 28.32 ^ core.res_mem_inst.slot[15].slot_reg._128_/CLK (gf180mcu_fd_sc_mcu7t5v0__dffrnq_1)
                         -0.35   27.97   library setup time
                                 27.97   data required time
-----------------------------------------------------------------------------
                                 27.97   data required time
                                -13.00   data arrival time
-----------------------------------------------------------------------------
                                 14.96   slack (MET)




===========================================================================
report_checks --slack_max -0.01
============================================================================
======================= Typical Corner ===================================

No paths found.


===========================================================================
 report_check_types -max_slew -max_cap -max_fanout -violators
============================================================================
======================= Typical Corner ===================================



===========================================================================
report_parasitic_annotation -report_unannotated
============================================================================
Found 12152 unannotated drivers.
 clk
 input_ready
 load_row_or_col
 output_ready_IN
 output_valid
 rst_n
 spi_in0
 spi_in1
 spi_in2
 spi_in3
 spi_out0_IN
 spi_out1_IN
 spi_out2_IN
 spi_out3_IN
 A06_BH_top_wrapper_1352/Z
 A06_BH_top_wrapper_1355/Z
 A06_BH_top_wrapper_1356/Z
 A06_BH_top_wrapper_1357/Z
 A06_BH_top_wrapper_1359/Z
 A06_BH_top_wrapper_635/ZN
 A06_BH_top_wrapper_636/ZN
 A06_BH_top_wrapper_637/ZN
 A06_BH_top_wrapper_638/ZN
 A06_BH_top_wrapper_639/ZN
 A06_BH_top_wrapper_640/ZN
 A06_BH_top_wrapper_641/ZN
 A06_BH_top_wrapper_642/ZN
 A06_BH_top_wrapper_643/ZN
 A06_BH_top_wrapper_644/ZN
 A06_BH_top_wrapper_645/ZN
 A06_BH_top_wrapper_646/ZN
 A06_BH_top_wrapper_647/ZN
 A06_BH_top_wrapper_648/ZN
 A06_BH_top_wrapper_649/ZN
 A06_BH_top_wrapper_650/ZN
 A06_BH_top_wrapper_651/ZN
 A06_BH_top_wrapper_652/ZN
 A06_BH_top_wrapper_653/ZN
 A06_BH_top_wrapper_654/ZN
 A06_BH_top_wrapper_655/ZN
 A06_BH_top_wrapper_656/ZN
 A06_BH_top_wrapper_657/ZN
 A06_BH_top_wrapper_658/ZN
 A06_BH_top_wrapper_659/ZN
 A06_BH_top_wrapper_660/ZN
 A06_BH_top_wrapper_661/ZN
 A06_BH_top_wrapper_662/ZN
 A06_BH_top_wrapper_664/ZN
 A06_BH_top_wrapper_665/ZN
 A06_BH_top_wrapper_666/ZN
 A06_BH_top_wrapper_667/ZN
 A06_BH_top_wrapper_668/ZN
 A06_BH_top_wrapper_669/ZN
 A06_BH_top_wrapper_670/ZN
 A06_BH_top_wrapper_671/ZN
 A06_BH_top_wrapper_672/ZN
 A06_BH_top_wrapper_674/ZN
 A06_BH_top_wrapper_675/ZN
 A06_BH_top_wrapper_676/ZN
 A06_BH_top_wrapper_677/ZN
 A06_BH_top_wrapper_678/ZN
 A06_BH_top_wrapper_679/ZN
 A06_BH_top_wrapper_680/ZN
 A06_BH_top_wrapper_681/ZN
 A06_BH_top_wrapper_682/ZN
 A06_BH_top_wrapper_683/ZN
 A06_BH_top_wrapper_684/ZN
 A06_BH_top_wrapper_685/ZN
 A06_BH_top_wrapper_686/ZN
 A06_BH_top_wrapper_687/ZN
 A06_BH_top_wrapper_688/ZN
 A06_BH_top_wrapper_689/ZN
 core._07_/ZN
 core._08_/ZN
 core._09_/ZN
 core._10_/ZN
 core._11_/ZN
 core._12_/Z
 core._13_/Z
 core._14_/ZN
 core._15_/Z
 core._16_/ZN
 core._17_/Z
 core._18_/ZN
 core._19_/Z
 core._20_/ZN
 core._21_/Z
 core.adder_tree._0715_/ZN
 core.adder_tree._0716_/ZN
 core.adder_tree._0717_/ZN
 core.adder_tree._0718_/ZN
 core.adder_tree._0719_/ZN
 core.adder_tree._0720_/ZN
 core.adder_tree._0721_/ZN
 core.adder_tree._0722_/ZN
 core.adder_tree._0723_/ZN
 core.adder_tree._0724_/ZN
 core.adder_tree._0725_/ZN
 core.adder_tree._0726_/ZN
 core.adder_tree._0727_/ZN
 core.adder_tree._0728_/Z
 core.adder_tree._0729_/Z
 core.adder_tree._0730_/Z
 core.adder_tree._0731_/Z
 core.adder_tree._0732_/Z
 core.adder_tree._0733_/Z
 core.adder_tree._0734_/Z
 core.adder_tree._0735_/Z
 core.adder_tree._0736_/ZN
 core.adder_tree._0737_/Z
 core.adder_tree._0738_/Z
 core.adder_tree._0739_/Z
 core.adder_tree._0740_/Z
 core.adder_tree._0741_/ZN
 core.adder_tree._0742_/Z
 core.adder_tree._0743_/ZN
 core.adder_tree._0744_/ZN
 core.adder_tree._0745_/Z
 core.adder_tree._0746_/ZN
 core.adder_tree._0747_/Z
 core.adder_tree._0748_/ZN
 core.adder_tree._0749_/Z
 core.adder_tree._0750_/ZN
 core.adder_tree._0751_/Z
 core.adder_tree._0752_/ZN
 core.adder_tree._0753_/Z
 core.adder_tree._0754_/ZN
 core.adder_tree._0755_/ZN
 core.adder_tree._0756_/ZN
 core.adder_tree._0757_/ZN
 core.adder_tree._0758_/Z
 core.adder_tree._0759_/ZN
 core.adder_tree._0760_/ZN
 core.adder_tree._0761_/Z
 core.adder_tree._0762_/Z
 core.adder_tree._0763_/Z
 core.adder_tree._0764_/Z
 core.adder_tree._0765_/ZN
 core.adder_tree._0766_/Z
 core.adder_tree._0767_/ZN
 core.adder_tree._0768_/Z
 core.adder_tree._0769_/ZN
 core.adder_tree._0770_/Z
 core.adder_tree._0771_/Z
 core.adder_tree._0772_/Z
 core.adder_tree._0773_/ZN
 core.adder_tree._0774_/ZN
 core.adder_tree._0775_/Z
 core.adder_tree._0776_/Z
 core.adder_tree._0777_/Z
 core.adder_tree._0778_/Z
 core.adder_tree._0779_/ZN
 core.adder_tree._0780_/ZN
 core.adder_tree._0781_/ZN
 core.adder_tree._0782_/ZN
 core.adder_tree._0783_/ZN
 core.adder_tree._0784_/ZN
 core.adder_tree._0785_/Z
 core.adder_tree._0786_/ZN
 core.adder_tree._0787_/ZN
 core.adder_tree._0788_/Z
 core.adder_tree._0789_/Z
 core.adder_tree._0790_/Z
 core.adder_tree._0791_/ZN
 core.adder_tree._0792_/Z
 core.adder_tree._0793_/Z
 core.adder_tree._0794_/ZN
 core.adder_tree._0795_/ZN
 core.adder_tree._0796_/Z
 core.adder_tree._0797_/Z
 core.adder_tree._0798_/ZN
 core.adder_tree._0799_/ZN
 core.adder_tree._0800_/ZN
 core.adder_tree._0801_/ZN
 core.adder_tree._0802_/ZN
 core.adder_tree._0803_/ZN
 core.adder_tree._0804_/ZN
 core.adder_tree._0805_/ZN
 core.adder_tree._0806_/ZN
 core.adder_tree._0807_/ZN
 core.adder_tree._0808_/ZN
 core.adder_tree._0809_/ZN
 core.adder_tree._0810_/ZN
 core.adder_tree._0811_/Z
 core.adder_tree._0812_/Z
 core.adder_tree._0813_/Z
 core.adder_tree._0814_/ZN
 core.adder_tree._0815_/ZN
 core.adder_tree._0816_/Z
 core.adder_tree._0817_/ZN
 core.adder_tree._0818_/Z
 core.adder_tree._0819_/ZN
 core.adder_tree._0820_/Z
 core.adder_tree._0821_/ZN
 core.adder_tree._0822_/ZN
 core.adder_tree._0823_/ZN
 core.adder_tree._0824_/ZN
 core.adder_tree._0825_/ZN
 core.adder_tree._0826_/Z
 core.adder_tree._0827_/ZN
 core.adder_tree._0828_/ZN
 core.adder_tree._0829_/ZN
 core.adder_tree._0830_/Z
 core.adder_tree._0831_/ZN
 core.adder_tree._0832_/Z
 core.adder_tree._0833_/ZN
 core.adder_tree._0834_/ZN
 core.adder_tree._0835_/ZN
 core.adder_tree._0836_/Z
 core.adder_tree._0837_/ZN
 core.adder_tree._0838_/ZN
 core.adder_tree._0839_/ZN
 core.adder_tree._0840_/ZN
 core.adder_tree._0841_/ZN
 core.adder_tree._0842_/Z
 core.adder_tree._0843_/ZN
 core.adder_tree._0844_/ZN
 core.adder_tree._0845_/Z
 core.adder_tree._0846_/Z
 core.adder_tree._0847_/Z
 core.adder_tree._0848_/ZN
 core.adder_tree._0849_/Z
 core.adder_tree._0850_/ZN
 core.adder_tree._0851_/ZN
 core.adder_tree._0852_/Z
 core.adder_tree._0853_/ZN
 core.adder_tree._0854_/Z
 core.adder_tree._0855_/ZN
 core.adder_tree._0856_/Z
 core.adder_tree._0857_/Z
 core.adder_tree._0858_/Z
 core.adder_tree._0859_/Z
 core.adder_tree._0860_/ZN
 core.adder_tree._0861_/ZN
 core.adder_tree._0862_/ZN
 core.adder_tree._0863_/ZN
 core.adder_tree._0864_/Z
 core.adder_tree._0865_/ZN
 core.adder_tree._0866_/ZN
 core.adder_tree._0867_/ZN
 core.adder_tree._0868_/ZN
 core.adder_tree._0869_/ZN
 core.adder_tree._0870_/Z
 core.adder_tree._0871_/Z
 core.adder_tree._0872_/Z
 core.adder_tree._0873_/ZN
 core.adder_tree._0874_/ZN
 core.adder_tree._0875_/ZN
 core.adder_tree._0876_/Z
 core.adder_tree._0877_/ZN
 core.adder_tree._0878_/Z
 core.adder_tree._0879_/ZN
 core.adder_tree._0880_/ZN
 core.adder_tree._0881_/Z
 core.adder_tree._0882_/ZN
 core.adder_tree._0883_/ZN
 core.adder_tree._0884_/ZN
 core.adder_tree._0885_/ZN
 core.adder_tree._0886_/Z
 core.adder_tree._0887_/ZN
 core.adder_tree._0888_/ZN
 core.adder_tree._0889_/ZN
 core.adder_tree._0890_/Z
 core.adder_tree._0891_/ZN
 core.adder_tree._0892_/Z
 core.adder_tree._0893_/ZN
 core.adder_tree._0894_/ZN
 core.adder_tree._0895_/ZN
 core.adder_tree._0896_/ZN
 core.adder_tree._0897_/ZN
 core.adder_tree._0898_/Z
 core.adder_tree._0899_/ZN
 core.adder_tree._0900_/ZN
 core.adder_tree._0901_/ZN
 core.adder_tree._0902_/ZN
 core.adder_tree._0903_/ZN
 core.adder_tree._0904_/Z
 core.adder_tree._0905_/ZN
 core.adder_tree._0906_/ZN
 core.adder_tree._0907_/Z
 core.adder_tree._0908_/Z
 core.adder_tree._0909_/Z
 core.adder_tree._0910_/ZN
 core.adder_tree._0911_/Z
 core.adder_tree._0912_/ZN
 core.adder_tree._0913_/ZN
 core.adder_tree._0914_/Z
 core.adder_tree._0915_/ZN
 core.adder_tree._0916_/ZN
 core.adder_tree._0917_/ZN
 core.adder_tree._0918_/Z
 core.adder_tree._0919_/Z
 core.adder_tree._0920_/ZN
 core.adder_tree._0921_/ZN
 core.adder_tree._0922_/ZN
 core.adder_tree._0923_/ZN
 core.adder_tree._0924_/Z
 core.adder_tree._0925_/Z
 core.adder_tree._0926_/ZN
 core.adder_tree._0927_/ZN
 core.adder_tree._0928_/ZN
 core.adder_tree._0929_/ZN
 core.adder_tree._0930_/ZN
 core.adder_tree._0931_/ZN
 core.adder_tree._0932_/ZN
 core.adder_tree._0933_/ZN
 core.adder_tree._0934_/ZN
 core.adder_tree._0935_/ZN
 core.adder_tree._0936_/ZN
 core.adder_tree._0937_/ZN
 core.adder_tree._0938_/Z
 core.adder_tree._0939_/Z
 core.adder_tree._0940_/Z
 core.adder_tree._0941_/ZN
 core.adder_tree._0942_/ZN
 core.adder_tree._0943_/Z
 core.adder_tree._0944_/ZN
 core.adder_tree._0945_/Z
 core.adder_tree._0946_/ZN
 core.adder_tree._0947_/Z
 core.adder_tree._0948_/ZN
 core.adder_tree._0949_/ZN
 core.adder_tree._0950_/ZN
 core.adder_tree._0951_/ZN
 core.adder_tree._0952_/ZN
 core.adder_tree._0953_/ZN
 core.adder_tree._0954_/ZN
 core.adder_tree._0955_/ZN
 core.adder_tree._0956_/ZN
 core.adder_tree._0957_/Z
 core.adder_tree._0958_/ZN
 core.adder_tree._0959_/Z
 core.adder_tree._0960_/ZN
 core.adder_tree._0961_/ZN
 core.adder_tree._0962_/ZN
 core.adder_tree._0963_/ZN
 core.adder_tree._0964_/ZN
 core.adder_tree._0965_/Z
 core.adder_tree._0966_/ZN
 core.adder_tree._0967_/ZN
 core.adder_tree._0968_/ZN
 core.adder_tree._0969_/ZN
 core.adder_tree._0970_/ZN
 core.adder_tree._0971_/Z
 core.adder_tree._0972_/ZN
 core.adder_tree._0973_/ZN
 core.adder_tree._0974_/Z
 core.adder_tree._0975_/Z
 core.adder_tree._0976_/Z
 core.adder_tree._0977_/ZN
 core.adder_tree._0978_/Z
 core.adder_tree._0979_/ZN
 core.adder_tree._0980_/ZN
 core.adder_tree._0981_/Z
 core.adder_tree._0982_/ZN
 core.adder_tree._0983_/ZN
 core.adder_tree._0984_/Z
 core.adder_tree._0985_/Z
 core.adder_tree._0986_/Z
 core.adder_tree._0987_/ZN
 core.adder_tree._0988_/ZN
 core.adder_tree._0989_/ZN
 core.adder_tree._0990_/ZN
 core.adder_tree._0991_/Z
 core.adder_tree._0992_/Z
 core.adder_tree._0993_/Z
 core.adder_tree._0994_/ZN
 core.adder_tree._0995_/ZN
 core.adder_tree._0996_/Z
 core.adder_tree._0997_/ZN
 core.adder_tree._0998_/Z
 core.adder_tree._0999_/Z
 core.adder_tree._1000_/Z
 core.adder_tree._1001_/Z
 core.adder_tree._1002_/ZN
 core.adder_tree._1003_/ZN
 core.adder_tree._1004_/ZN
 core.adder_tree._1005_/ZN
 core.adder_tree._1006_/ZN
 core.adder_tree._1007_/ZN
 core.adder_tree._1008_/Z
 core.adder_tree._1009_/Z
 core.adder_tree._1010_/Z
 core.adder_tree._1011_/ZN
 core.adder_tree._1012_/ZN
 core.adder_tree._1013_/Z
 core.adder_tree._1014_/ZN
 core.adder_tree._1015_/Z
 core.adder_tree._1016_/ZN
 core.adder_tree._1017_/Z
 core.adder_tree._1018_/ZN
 core.adder_tree._1019_/ZN
 core.adder_tree._1020_/ZN
 core.adder_tree._1021_/ZN
 core.adder_tree._1022_/ZN
 core.adder_tree._1023_/ZN
 core.adder_tree._1024_/ZN
 core.adder_tree._1025_/ZN
 core.adder_tree._1026_/ZN
 core.adder_tree._1027_/Z
 core.adder_tree._1028_/ZN
 core.adder_tree._1029_/Z
 core.adder_tree._1030_/ZN
 core.adder_tree._1031_/ZN
 core.adder_tree._1032_/ZN
 core.adder_tree._1033_/ZN
 core.adder_tree._1034_/ZN
 core.adder_tree._1035_/Z
 core.adder_tree._1036_/ZN
 core.adder_tree._1037_/ZN
 core.adder_tree._1038_/ZN
 core.adder_tree._1039_/ZN
 core.adder_tree._1040_/ZN
 core.adder_tree._1041_/Z
 core.adder_tree._1042_/ZN
 core.adder_tree._1043_/Z
 core.adder_tree._1044_/Z
 core.adder_tree._1045_/Z
 core.adder_tree._1046_/Z
 core.adder_tree._1047_/ZN
 core.adder_tree._1048_/Z
 core.adder_tree._1049_/ZN
 core.adder_tree._1050_/ZN
 core.adder_tree._1051_/Z
 core.adder_tree._1052_/ZN
 core.adder_tree._1053_/ZN
 core.adder_tree._1054_/Z
 core.adder_tree._1055_/Z
 core.adder_tree._1056_/Z
 core.adder_tree._1057_/ZN
 core.adder_tree._1058_/ZN
 core.adder_tree._1059_/ZN
 core.adder_tree._1060_/ZN
 core.adder_tree._1061_/Z
 core.adder_tree._1062_/Z
 core.adder_tree._1063_/ZN
 core.adder_tree._1064_/ZN
 core.adder_tree._1065_/Z
 core.adder_tree._1066_/ZN
 core.adder_tree._1067_/ZN
 core.adder_tree._1068_/Z
 core.adder_tree._1069_/ZN
 core.adder_tree._1070_/ZN
 core.adder_tree._1071_/ZN
 core.adder_tree._1072_/ZN
 core.adder_tree._1073_/ZN
 core.adder_tree._1074_/Z
 core.adder_tree._1075_/Z
 core.adder_tree._1076_/Z
 core.adder_tree._1077_/ZN
 core.adder_tree._1078_/ZN
 core.adder_tree._1079_/Z
 core.adder_tree._1080_/ZN
 core.adder_tree._1081_/Z
 core.adder_tree._1082_/ZN
 core.adder_tree._1083_/Z
 core.adder_tree._1084_/ZN
 core.adder_tree._1085_/ZN
 core.adder_tree._1086_/ZN
 core.adder_tree._1087_/ZN
 core.adder_tree._1088_/ZN
 core.adder_tree._1089_/ZN
 core.adder_tree._1090_/ZN
 core.adder_tree._1091_/ZN
 core.adder_tree._1092_/ZN
 core.adder_tree._1093_/Z
 core.adder_tree._1094_/ZN
 core.adder_tree._1095_/Z
 core.adder_tree._1096_/ZN
 core.adder_tree._1097_/ZN
 core.adder_tree._1098_/Z
 core.adder_tree._1099_/ZN
 core.adder_tree._1100_/Z
 core.adder_tree._1101_/ZN
 core.adder_tree._1102_/ZN
 core.adder_tree._1103_/ZN
 core.adder_tree._1104_/ZN
 core.adder_tree._1105_/ZN
 core.adder_tree._1106_/Z
 core.adder_tree._1107_/ZN
 core.adder_tree._1108_/ZN
 core.adder_tree._1109_/Z
 core.adder_tree._1110_/Z
 core.adder_tree._1111_/Z
 core.adder_tree._1112_/ZN
 core.adder_tree._1113_/Z
 core.adder_tree._1114_/ZN
 core.adder_tree._1115_/ZN
 core.adder_tree._1116_/Z
 core.adder_tree._1117_/ZN
 core.adder_tree._1118_/ZN
 core.adder_tree._1119_/Z
 core.adder_tree._1120_/Z
 core.adder_tree._1121_/Z
 core.adder_tree._1122_/ZN
 core.adder_tree._1123_/ZN
 core.adder_tree._1124_/ZN
 core.adder_tree._1125_/ZN
 core.adder_tree._1126_/Z
 core.adder_tree._1127_/Z
 core.adder_tree._1128_/ZN
 core.adder_tree._1129_/Z
 core.adder_tree._1130_/Z
 core.adder_tree._1131_/Z
 core.adder_tree._1132_/Z
 core.adder_tree._1133_/Z
 core.adder_tree._1134_/ZN
 core.adder_tree._1135_/Z
 core.adder_tree._1136_/ZN
 core.adder_tree._1137_/ZN
 core.adder_tree._1138_/ZN
 core.adder_tree._1139_/ZN
 core.adder_tree._1140_/ZN
 core.adder_tree._1141_/ZN
 core.adder_tree._1142_/ZN
 core.adder_tree._1143_/Z
 core.adder_tree._1144_/Z
 core.adder_tree._1145_/Z
 core.adder_tree._1146_/ZN
 core.adder_tree._1147_/ZN
 core.adder_tree._1148_/Z
 core.adder_tree._1149_/ZN
 core.adder_tree._1150_/Z
 core.adder_tree._1151_/ZN
 core.adder_tree._1152_/Z
 core.adder_tree._1153_/ZN
 core.adder_tree._1154_/ZN
 core.adder_tree._1155_/ZN
 core.adder_tree._1156_/ZN
 core.adder_tree._1157_/Z
 core.adder_tree._1158_/Z
 core.adder_tree._1159_/Z
 core.adder_tree._1160_/ZN
 core.adder_tree._1161_/ZN
 core.adder_tree._1162_/ZN
 core.adder_tree._1163_/Z
 core.adder_tree._1164_/ZN
 core.adder_tree._1165_/Z
 core.adder_tree._1166_/ZN
 core.adder_tree._1167_/ZN
 core.adder_tree._1168_/Z
 core.adder_tree._1169_/ZN
 core.adder_tree._1170_/Z
 core.adder_tree._1171_/ZN
 core.adder_tree._1172_/ZN
 core.adder_tree._1173_/ZN
 core.adder_tree._1174_/Z
 core.adder_tree._1175_/ZN
 core.adder_tree._1176_/Z
 core.adder_tree._1177_/ZN
 core.adder_tree._1178_/ZN
 core.adder_tree._1179_/Z
 core.adder_tree._1180_/Z
 core.adder_tree._1181_/Z
 core.adder_tree._1182_/ZN
 core.adder_tree._1183_/Z
 core.adder_tree._1184_/ZN
 core.adder_tree._1185_/Z
 core.adder_tree._1186_/ZN
 core.adder_tree._1187_/Z
 core.adder_tree._1188_/ZN
 core.adder_tree._1189_/ZN
 core.adder_tree._1190_/Z
 core.adder_tree._1191_/Z
 core.adder_tree._1192_/Z
 core.adder_tree._1193_/ZN
 core.adder_tree._1194_/ZN
 core.adder_tree._1195_/ZN
 core.adder_tree._1196_/Z
 core.adder_tree._1197_/Z
 core.adder_tree._1198_/Z
 core.adder_tree._1199_/ZN
 core.adder_tree._1200_/ZN
 core.adder_tree._1201_/Z
 core.adder_tree._1202_/ZN
 core.adder_tree._1203_/ZN
 core.adder_tree._1204_/ZN
 core.adder_tree._1205_/ZN
 core.adder_tree._1206_/ZN
 core.adder_tree._1207_/ZN
 core.adder_tree._1208_/ZN
 core.adder_tree._1209_/ZN
 core.adder_tree._1210_/Z
 core.adder_tree._1211_/Z
 core.adder_tree._1212_/Z
 core.adder_tree._1213_/ZN
 core.adder_tree._1214_/ZN
 core.adder_tree._1215_/Z
 core.adder_tree._1216_/ZN
 core.adder_tree._1217_/Z
 core.adder_tree._1218_/ZN
 core.adder_tree._1219_/Z
 core.adder_tree._1220_/ZN
 core.adder_tree._1221_/Z
 core.adder_tree._1222_/ZN
 core.adder_tree._1223_/Z
 core.adder_tree._1224_/Z
 core.adder_tree._1225_/ZN
 core.adder_tree._1226_/ZN
 core.adder_tree._1227_/ZN
 core.adder_tree._1228_/ZN
 core.adder_tree._1229_/Z
 core.adder_tree._1230_/ZN
 core.adder_tree._1231_/Z
 core.adder_tree._1232_/ZN
 core.adder_tree._1233_/ZN
 core.adder_tree._1234_/Z
 core.adder_tree._1235_/ZN
 core.adder_tree._1236_/Z
 core.adder_tree._1237_/ZN
 core.adder_tree._1238_/ZN
 core.adder_tree._1239_/ZN
 core.adder_tree._1240_/Z
 core.adder_tree._1241_/ZN
 core.adder_tree._1242_/Z
 core.adder_tree._1243_/ZN
 core.adder_tree._1244_/ZN
 core.adder_tree._1245_/Z
 core.adder_tree._1246_/Z
 core.adder_tree._1247_/Z
 core.adder_tree._1248_/ZN
 core.adder_tree._1249_/Z
 core.adder_tree._1250_/ZN
 core.adder_tree._1251_/Z
 core.adder_tree._1252_/ZN
 core.adder_tree._1253_/Z
 core.adder_tree._1254_/ZN
 core.adder_tree._1255_/ZN
 core.adder_tree._1256_/Z
 core.adder_tree._1257_/Z
 core.adder_tree._1258_/Z
 core.adder_tree._1259_/ZN
 core.adder_tree._1260_/ZN
 core.adder_tree._1261_/ZN
 core.adder_tree._1262_/Z
 core.adder_tree._1263_/Z
 core.adder_tree._1264_/Z
 core.adder_tree._1265_/ZN
 core.adder_tree._1266_/Z
 core.adder_tree._1267_/Z
 core.adder_tree._1268_/ZN
 core.adder_tree._1269_/ZN
 core.adder_tree._1270_/ZN
 core.adder_tree._1271_/ZN
 core.adder_tree._1272_/ZN
 core.adder_tree._1273_/ZN
 core.adder_tree._1274_/ZN
 core.adder_tree._1275_/ZN
 core.adder_tree._1276_/ZN
 core.adder_tree._1277_/ZN
 core.adder_tree._1278_/ZN
 core.adder_tree._1279_/ZN
 core.adder_tree._1280_/Z
 core.adder_tree._1281_/Z
 core.adder_tree._1282_/Z
 core.adder_tree._1283_/ZN
 core.adder_tree._1284_/ZN
 core.adder_tree._1285_/Z
 core.adder_tree._1286_/ZN
 core.adder_tree._1287_/Z
 core.adder_tree._1288_/ZN
 core.adder_tree._1289_/Z
 core.adder_tree._1290_/ZN
 core.adder_tree._1291_/Z
 core.adder_tree._1292_/ZN
 core.adder_tree._1293_/Z
 core.adder_tree._1294_/Z
 core.adder_tree._1295_/ZN
 core.adder_tree._1296_/ZN
 core.adder_tree._1297_/ZN
 core.adder_tree._1298_/ZN
 core.adder_tree._1299_/Z
 core.adder_tree._1300_/ZN
 core.adder_tree._1301_/Z
 core.adder_tree._1302_/ZN
 core.adder_tree._1303_/ZN
 core.adder_tree._1304_/Z
 core.adder_tree._1305_/ZN
 core.adder_tree._1306_/Z
 core.adder_tree._1307_/ZN
 core.adder_tree._1308_/Z
 core.adder_tree._1309_/Z
 core.adder_tree._1310_/Z
 core.adder_tree._1311_/ZN
 core.adder_tree._1312_/ZN
 core.adder_tree._1313_/Z
 core.adder_tree._1314_/ZN
 core.adder_tree._1315_/Z
 core.adder_tree._1316_/ZN
 core.adder_tree._1317_/Z
 core.adder_tree._1318_/ZN
 core.adder_tree._1319_/ZN
 core.adder_tree._1320_/ZN
 core.adder_tree._1321_/ZN
 core.adder_tree._1322_/Z
 core.adder_tree._1323_/ZN
 core.adder_tree._1324_/Z
 core.adder_tree._1325_/ZN
 core.adder_tree._1326_/ZN
 core.adder_tree._1327_/Z
 core.adder_tree._1328_/Z
 core.adder_tree._1329_/Z
 core.adder_tree._1330_/ZN
 core.adder_tree._1331_/ZN
 core.adder_tree._1332_/ZN
 core.adder_tree._1333_/ZN
 core.adder_tree._1334_/Z
 core.adder_tree._1335_/Z
 core.adder_tree._1336_/ZN
 core.adder_tree._1337_/ZN
 core.adder_tree._1338_/Z
 core.adder_tree._1339_/Z
 core.adder_tree._1340_/Z
 core.adder_tree._1341_/Z
 core.adder_tree._1342_/ZN
 core.adder_tree._1343_/ZN
 core.adder_tree._1344_/ZN
 core.adder_tree._1345_/ZN
 core.adder_tree._1346_/ZN
 core.adder_tree._1347_/ZN
 core.adder_tree._1348_/ZN
 core.adder_tree._1349_/ZN
 core.adder_tree._1350_/ZN
 core.adder_tree._1351_/ZN
 core.adder_tree._1352_/Z
 core.adder_tree._1353_/ZN
 core.adder_tree._1354_/ZN
 core.adder_tree._1355_/ZN
 core.adder_tree._1356_/Z
 core.adder_tree._1357_/ZN
 core.adder_tree._1358_/Z
 core.adder_tree._1359_/ZN
 core.adder_tree._1360_/Z
 core.adder_tree._1361_/ZN
 core.adder_tree._1362_/ZN
 core.adder_tree._1363_/ZN
 core.adder_tree._1364_/Z
 core.adder_tree._1365_/ZN
 core.adder_tree._1366_/ZN
 core.adder_tree._1367_/ZN
 core.adder_tree._1368_/ZN
 core.adder_tree._1369_/Z
 core.adder_tree._1370_/ZN
 core.adder_tree._1371_/ZN
 core.adder_tree._1372_/ZN
 core.adder_tree._1373_/Z
 core.adder_tree._1374_/ZN
 core.adder_tree._1375_/ZN
 core.adder_tree._1376_/ZN
 core.adder_tree._1377_/Z
 core.adder_tree._1378_/ZN
 core.adder_tree._1379_/ZN
 core.adder_tree._1380_/ZN
 core.adder_tree._1381_/Z
 core.adder_tree._1382_/ZN
 core.adder_tree._1383_/Z
 core.adder_tree._1384_/ZN
 core.adder_tree._1385_/ZN
 core.adder_tree._1386_/ZN
 core.adder_tree._1387_/ZN
 core.adder_tree._1388_/Z
 core.adder_tree._1389_/ZN
 core.adder_tree._1390_/Z
 core.adder_tree._1391_/ZN
 core.adder_tree._1392_/ZN
 core.adder_tree._1393_/Z
 core.adder_tree._1394_/ZN
 core.adder_tree._1395_/Z
 core.adder_tree._1396_/ZN
 core.adder_tree._1397_/ZN
 core.adder_tree._1398_/ZN
 core.adder_tree._1399_/ZN
 core.adder_tree._1400_/Z
 core.adder_tree._1401_/ZN
 core.adder_tree._1402_/Z
 core.adder_tree._1403_/ZN
 core.adder_tree._1404_/ZN
 core.adder_tree._1405_/Z
 core.adder_tree._1406_/ZN
 core.adder_tree._1407_/ZN
 core.adder_tree._1408_/ZN
 core.adder_tree._1409_/ZN
 core.adder_tree._1410_/ZN
 core.adder_tree._1411_/ZN
 core.adder_tree._1412_/ZN
 core.adder_tree._1413_/ZN
 core.adder_tree._1414_/ZN
 core.adder_tree._1415_/Z
 core.adder_tree._1416_/Z
 core.adder_tree._1417_/Z
 core.adder_tree._1418_/ZN
 core.adder_tree._1419_/Z
 core.adder_tree._1420_/Z
 core.adder_tree._1421_/Z
 core.adder_tree._1422_/ZN
 core.adder_tree._1423_/Z
 core.adder_tree._1424_/ZN
 core.adder_tree._1425_/ZN
 core.adder_tree._1426_/Z
 core.adder_tree._1427_/Z
 core.adder_tree._1428_/Z
 core.adder_tree._1429_/ZN
 core.adder_tree._1430_/ZN
 core.adder_tree._1431_/Z
 core.adder_tree._1432_/Z
 core.adder_tree._1433_/ZN
 core.adder_tree._1434_/ZN
 core.adder_tree._1435_/ZN
 core.adder_tree._1436_/Z
 core.adder_tree._1437_/Z
 core.adder_tree._1438_/Z
 core.adder_tree._1439_/Z
 core.adder_tree._1440_/Z
 core.adder_tree._1441_/Z
 core.bgc_0._05_/ZN
 core.bgc_0._06_/ZN
 core.bgc_0._07_/ZN
 core.bgc_0._07__813/ZN
 core.bgc_0._08_/ZN
 core.bgc_0._09_/Z
 core.bgc_0._10_/ZN
 core.bgc_0._11_/Z
 core.bgc_0._11__820/ZN
 core.bgc_0._12_/Z
 core.bgc_0._13_/Z
 core.bgc_0._14_/Z
 core.bgc_0._15_/Z
 core.bgc_0._16_/Z
 core.bgc_0._17_/Z
 core.bgc_0._18_/Z
 core.bgc_0._19_/Z
 core.bgc_0._20_/Z
 core.bgc_0._21_/Z
 core.bgc_0._22_/Z
 core.bgc_0._23_/Z
 core.bgc_0._24_/ZN
 core.bgc_0._25_/ZN
 core.bgc_0.col_reg._053_/ZN
 core.bgc_0.col_reg._054_/ZN
 core.bgc_0.col_reg._055_/ZN
 core.bgc_0.col_reg._056_/ZN
 core.bgc_0.col_reg._057_/ZN
 core.bgc_0.col_reg._058_/ZN
 core.bgc_0.col_reg._059_/ZN
 core.bgc_0.col_reg._060_/ZN
 core.bgc_0.col_reg._061_/ZN
 core.bgc_0.col_reg._062_/ZN
 core.bgc_0.col_reg._063_/ZN
 core.bgc_0.col_reg._064_/ZN
 core.bgc_0.col_reg._065_/ZN
 core.bgc_0.col_reg._066_/ZN
 core.bgc_0.col_reg._067_/ZN
 core.bgc_0.col_reg._068_/ZN
 core.bgc_0.col_reg._069_/ZN
 core.bgc_0.col_reg._070_/ZN
 core.bgc_0.col_reg._071_/ZN
 core.bgc_0.col_reg._072_/ZN
 core.bgc_0.col_reg._073_/ZN
 core.bgc_0.col_reg._074_/ZN
 core.bgc_0.col_reg._075_/ZN
 core.bgc_0.col_reg._076_/ZN
 core.bgc_0.col_reg._077_/ZN
 core.bgc_0.col_reg._078_/ZN
 core.bgc_0.col_reg._079_/ZN
 core.bgc_0.col_reg._080_/Z
 core.bgc_0.col_reg._081_/ZN
 core.bgc_0.col_reg._082_/ZN
 core.bgc_0.col_reg._083_/ZN
 core.bgc_0.col_reg._084_/ZN
 core.bgc_0.col_reg._085_/ZN
 core.bgc_0.col_reg._086_/ZN
 core.bgc_0.col_reg._087_/ZN
 core.bgc_0.col_reg._088_/ZN
 core.bgc_0.col_reg._089_/ZN
 core.bgc_0.col_reg._090_/ZN
 core.bgc_0.col_reg._091_/ZN
 core.bgc_0.col_reg._092_/ZN
 core.bgc_0.col_reg._093_/ZN
 core.bgc_0.col_reg._094_/ZN
 core.bgc_0.col_reg._095_/ZN
 core.bgc_0.col_reg._096_/ZN
 core.bgc_0.col_reg._097_/ZN
 core.bgc_0.col_reg._098_/ZN
 core.bgc_0.col_reg._099_/ZN
 core.bgc_0.col_reg._100_/ZN
 core.bgc_0.col_reg._101_/ZN
 core.bgc_0.col_reg._102_/ZN
 core.bgc_0.col_reg._103_/ZN
 core.bgc_0.col_reg._104_/ZN
 core.bgc_0.col_reg._105_/ZN
 core.bgc_0.col_reg._106_/ZN
 core.bgc_0.col_reg._107_/ZN
 core.bgc_0.col_reg._108_/ZN
 core.bgc_0.col_reg._109_/ZN
 core.bgc_0.col_reg._110_/ZN
 core.bgc_0.col_reg._111_/ZN
 core.bgc_0.col_reg._112_/ZN
 core.bgc_0.col_reg._113_/ZN
 core.bgc_0.col_reg._114_/ZN
 core.bgc_0.col_reg._115_/ZN
 core.bgc_0.col_reg._116_/ZN
 core.bgc_0.col_reg._117_/Q
 core.bgc_0.col_reg._118_/Q
 core.bgc_0.col_reg._119_/Q
 core.bgc_0.col_reg._120_/Q
 core.bgc_0.col_reg._121_/Q
 core.bgc_0.col_reg._122_/Q
 core.bgc_0.col_reg._123_/Q
 core.bgc_0.col_reg._124_/Q
 core.bgc_0.col_reg._125_/Q
 core.bgc_0.col_reg._126_/Q
 core.bgc_0.col_reg._127_/Q
 core.bgc_0.col_reg._128_/Q
 core.bgc_0.comp_col._20_/ZN
 core.bgc_0.comp_col._21_/ZN
 core.bgc_0.comp_col._22_/ZN
 core.bgc_0.comp_col._23_/ZN
 core.bgc_0.comp_col._24_/ZN
 core.bgc_0.comp_col._25_/ZN
 core.bgc_0.comp_col._26_/ZN
 core.bgc_0.comp_col._27_/ZN
 core.bgc_0.comp_col._28_/ZN
 core.bgc_0.comp_col._29_/ZN
 core.bgc_0.comp_col._30_/ZN
 core.bgc_0.comp_col._31_/ZN
 core.bgc_0.comp_col._32_/ZN
 core.bgc_0.comp_col._33_/ZN
 core.bgc_0.comp_col._34_/ZN
 core.bgc_0.comp_col._35_/ZN
 core.bgc_0.comp_col._36_/ZN
 core.bgc_0.comp_col._37_/ZN
 core.bgc_0.comp_col._38_/ZN
 core.bgc_0.comp_col._39_/ZN
 core.bgc_0.comp_col._40_/ZN
 core.bgc_0.comp_col._41_/ZN
 core.bgc_0.comp_col._42_/ZN
 core.bgc_0.comp_col._43_/ZN
 core.bgc_0.comp_col._44_/ZN
 core.bgc_0.comp_col._45_/ZN
 core.bgc_0.comp_col._46_/ZN
 core.bgc_0.comp_col._47_/ZN
 core.bgc_0.comp_col._48_/Z
 core.bgc_0.comp_col._49_/Z
 core.bgc_0.comp_col._50_/Z
 core.bgc_0.comp_col._51_/Z
 core.bgc_0.comp_col._52_/Z
 core.bgc_0.comp_col._53_/Z
 core.bgc_0.comp_col._54_/Z
 core.bgc_0.comp_col._55_/Z
 core.bgc_0.comp_col._56_/Z
 core.bgc_0.comp_col._57_/Z
 core.bgc_0.comp_col._58_/Z
 core.bgc_0.comp_col._59_/Z
 core.bgc_0.comp_col._60_/ZN
 core.bgc_0.comp_col._61_/ZN
 core.bgc_0.comp_col._62_/ZN
 core.bgc_0.comp_col._63_/ZN
 core.bgc_0.comp_col._64_/ZN
 core.bgc_0.comp_col.pe1._18_/ZN
 core.bgc_0.comp_col.pe1._19_/ZN
 core.bgc_0.comp_col.pe1._20_/ZN
 core.bgc_0.comp_col.pe1._21_/ZN
 core.bgc_0.comp_col.pe1._22_/ZN
 core.bgc_0.comp_col.pe1._23_/ZN
 core.bgc_0.comp_col.pe1._24_/ZN
 core.bgc_0.comp_col.pe1._25_/ZN
 core.bgc_0.comp_col.pe1._26_/ZN
 core.bgc_0.comp_col.pe1._27_/ZN
 core.bgc_0.comp_col.pe1._28_/ZN
 core.bgc_0.comp_col.pe1._29_/ZN
 core.bgc_0.comp_col.pe1._30_/ZN
 core.bgc_0.comp_col.pe1._31_/ZN
 core.bgc_0.comp_col.pe1._32_/ZN
 core.bgc_0.comp_col.pe1._33_/ZN
 core.bgc_0.comp_col.pe1._34_/ZN
 core.bgc_0.comp_col.pe1._35_/ZN
 core.bgc_0.comp_col.pe1._36_/ZN
 core.bgc_0.comp_col.pe1._37_/ZN
 core.bgc_0.comp_col.pe1._38_/ZN
 core.bgc_0.comp_col.pe1._39_/ZN
 core.bgc_0.comp_col.pe2._18_/ZN
 core.bgc_0.comp_col.pe2._19_/ZN
 core.bgc_0.comp_col.pe2._20_/ZN
 core.bgc_0.comp_col.pe2._21_/ZN
 core.bgc_0.comp_col.pe2._22_/ZN
 core.bgc_0.comp_col.pe2._23_/ZN
 core.bgc_0.comp_col.pe2._24_/ZN
 core.bgc_0.comp_col.pe2._25_/ZN
 core.bgc_0.comp_col.pe2._26_/ZN
 core.bgc_0.comp_col.pe2._27_/ZN
 core.bgc_0.comp_col.pe2._28_/ZN
 core.bgc_0.comp_col.pe2._29_/ZN
 core.bgc_0.comp_col.pe2._30_/ZN
 core.bgc_0.comp_col.pe2._31_/ZN
 core.bgc_0.comp_col.pe2._32_/ZN
 core.bgc_0.comp_col.pe2._33_/ZN
 core.bgc_0.comp_col.pe2._34_/ZN
 core.bgc_0.comp_col.pe2._35_/ZN
 core.bgc_0.comp_col.pe2._36_/ZN
 core.bgc_0.comp_col.pe2._37_/ZN
 core.bgc_0.comp_col.pe2._38_/ZN
 core.bgc_0.comp_col.pe2._39_/ZN
 core.bgc_0.comp_row._20_/ZN
 core.bgc_0.comp_row._21_/ZN
 core.bgc_0.comp_row._22_/ZN
 core.bgc_0.comp_row._23_/ZN
 core.bgc_0.comp_row._24_/ZN
 core.bgc_0.comp_row._25_/ZN
 core.bgc_0.comp_row._26_/ZN
 core.bgc_0.comp_row._27_/ZN
 core.bgc_0.comp_row._28_/ZN
 core.bgc_0.comp_row._29_/ZN
 core.bgc_0.comp_row._30_/ZN
 core.bgc_0.comp_row._31_/ZN
 core.bgc_0.comp_row._32_/ZN
 core.bgc_0.comp_row._33_/ZN
 core.bgc_0.comp_row._34_/ZN
 core.bgc_0.comp_row._35_/ZN
 core.bgc_0.comp_row._36_/ZN
 core.bgc_0.comp_row._37_/ZN
 core.bgc_0.comp_row._38_/ZN
 core.bgc_0.comp_row._39_/ZN
 core.bgc_0.comp_row._40_/ZN
 core.bgc_0.comp_row._41_/ZN
 core.bgc_0.comp_row._42_/ZN
 core.bgc_0.comp_row._43_/ZN
 core.bgc_0.comp_row._44_/ZN
 core.bgc_0.comp_row._45_/ZN
 core.bgc_0.comp_row._46_/ZN
 core.bgc_0.comp_row._47_/ZN
 core.bgc_0.comp_row._48_/Z
 core.bgc_0.comp_row._49_/Z
 core.bgc_0.comp_row._50_/Z
 core.bgc_0.comp_row._51_/Z
 core.bgc_0.comp_row._52_/Z
 core.bgc_0.comp_row._53_/Z
 core.bgc_0.comp_row._54_/Z
 core.bgc_0.comp_row._55_/Z
 core.bgc_0.comp_row._56_/Z
 core.bgc_0.comp_row._57_/Z
 core.bgc_0.comp_row._58_/Z
 core.bgc_0.comp_row._59_/Z
 core.bgc_0.comp_row._60_/ZN
 core.bgc_0.comp_row._61_/ZN
 core.bgc_0.comp_row._62_/ZN
 core.bgc_0.comp_row._63_/ZN
 core.bgc_0.comp_row._64_/ZN
 core.bgc_0.comp_row.pe1._18_/ZN
 core.bgc_0.comp_row.pe1._19_/ZN
 core.bgc_0.comp_row.pe1._20_/ZN
 core.bgc_0.comp_row.pe1._21_/ZN
 core.bgc_0.comp_row.pe1._22_/ZN
 core.bgc_0.comp_row.pe1._23_/ZN
 core.bgc_0.comp_row.pe1._24_/ZN
 core.bgc_0.comp_row.pe1._25_/ZN
 core.bgc_0.comp_row.pe1._26_/ZN
 core.bgc_0.comp_row.pe1._27_/ZN
 core.bgc_0.comp_row.pe1._28_/ZN
 core.bgc_0.comp_row.pe1._29_/ZN
 core.bgc_0.comp_row.pe1._30_/ZN
 core.bgc_0.comp_row.pe1._31_/ZN
 core.bgc_0.comp_row.pe1._32_/ZN
 core.bgc_0.comp_row.pe1._33_/ZN
 core.bgc_0.comp_row.pe1._34_/ZN
 core.bgc_0.comp_row.pe1._35_/ZN
 core.bgc_0.comp_row.pe1._36_/ZN
 core.bgc_0.comp_row.pe1._37_/ZN
 core.bgc_0.comp_row.pe1._38_/ZN
 core.bgc_0.comp_row.pe1._39_/ZN
 core.bgc_0.comp_row.pe2._18_/ZN
 core.bgc_0.comp_row.pe2._19_/ZN
 core.bgc_0.comp_row.pe2._20_/ZN
 core.bgc_0.comp_row.pe2._21_/ZN
 core.bgc_0.comp_row.pe2._22_/ZN
 core.bgc_0.comp_row.pe2._23_/ZN
 core.bgc_0.comp_row.pe2._24_/ZN
 core.bgc_0.comp_row.pe2._25_/ZN
 core.bgc_0.comp_row.pe2._26_/ZN
 core.bgc_0.comp_row.pe2._27_/ZN
 core.bgc_0.comp_row.pe2._28_/ZN
 core.bgc_0.comp_row.pe2._29_/ZN
 core.bgc_0.comp_row.pe2._30_/ZN
 core.bgc_0.comp_row.pe2._31_/ZN
 core.bgc_0.comp_row.pe2._32_/ZN
 core.bgc_0.comp_row.pe2._33_/ZN
 core.bgc_0.comp_row.pe2._34_/ZN
 core.bgc_0.comp_row.pe2._35_/ZN
 core.bgc_0.comp_row.pe2._36_/ZN
 core.bgc_0.comp_row.pe2._37_/ZN
 core.bgc_0.comp_row.pe2._38_/ZN
 core.bgc_0.comp_row.pe2._39_/ZN
 core.bgc_0.final_counter._29_/ZN
 core.bgc_0.final_counter._30_/ZN
 core.bgc_0.final_counter._31_/ZN
 core.bgc_0.final_counter._32_/ZN
 core.bgc_0.final_counter._33_/ZN
 core.bgc_0.final_counter._34_/ZN
 core.bgc_0.final_counter._35_/ZN
 core.bgc_0.final_counter._36_/ZN
 core.bgc_0.final_counter._37_/ZN
 core.bgc_0.final_counter._38_/ZN
 core.bgc_0.final_counter._39_/Z
 core.bgc_0.final_counter._40_/ZN
 core.bgc_0.final_counter._41_/ZN
 core.bgc_0.final_counter._42_/ZN
 core.bgc_0.final_counter._43_/Z
 core.bgc_0.final_counter._44_/ZN
 core.bgc_0.final_counter._45_/ZN
 core.bgc_0.final_counter._46_/Z
 core.bgc_0.final_counter._47_/ZN
 core.bgc_0.final_counter._48_/ZN
 core.bgc_0.final_counter._49_/Z
 core.bgc_0.final_counter._50_/ZN
 core.bgc_0.final_counter._51_/ZN
 core.bgc_0.final_counter._52_/ZN
 core.bgc_0.final_counter._53_/ZN
 core.bgc_0.final_counter._54_/Z
 core.bgc_0.final_counter._55_/ZN
 core.bgc_0.final_counter._56_/ZN
 core.bgc_0.final_counter._57_/Z
 core.bgc_0.final_counter._58_/ZN
 core.bgc_0.final_counter._59_/ZN
 core.bgc_0.final_counter._60_/ZN
 core.bgc_0.final_counter._61_/ZN
 core.bgc_0.final_counter._62_/ZN
 core.bgc_0.final_counter._63_/ZN
 core.bgc_0.final_counter._64_/ZN
 core.bgc_0.final_counter._65_/ZN
 core.bgc_0.final_counter._66_/ZN
 core.bgc_0.final_counter._67_/Z
 core.bgc_0.final_counter._68_/ZN
 core.bgc_0.final_counter._69_/Q
 core.bgc_0.final_counter._70_/Q
 core.bgc_0.final_counter._71_/Q
 core.bgc_0.final_counter._72_/Q
 core.bgc_0.final_counter._73_/Q
 core.bgc_0.final_counter._74_/Q
 core.bgc_0.final_counter._75_/Q
 core.bgc_0.final_counter._76_/Q
 core.bgc_0.final_counter._77_/Q
 core.bgc_0.final_counter._78_/Q
 core.bgc_0.final_counter._79_/Q
 core.bgc_0.final_counter._80_/Q
 core.bgc_0.lfsr_col._27_/ZN
 core.bgc_0.lfsr_col._28_/ZN
 core.bgc_0.lfsr_col._28__827/ZN
 core.bgc_0.lfsr_col._29_/Z
 core.bgc_0.lfsr_col._29__833/ZN
 core.bgc_0.lfsr_col._30_/Z
 core.bgc_0.lfsr_col._30__839/ZN
 core.bgc_0.lfsr_col._31_/Z
 core.bgc_0.lfsr_col._31__1516/Z
 core.bgc_0.lfsr_col._32_/Z
 core.bgc_0.lfsr_col._32__1519/Z
 core.bgc_0.lfsr_col._33_/Z
 core.bgc_0.lfsr_col._33__863/ZN
 core.bgc_0.lfsr_col._34_/Z
 core.bgc_0.lfsr_col._34__869/ZN
 core.bgc_0.lfsr_col._35_/Z
 core.bgc_0.lfsr_col._35__1530/Z
 core.bgc_0.lfsr_col._36_/Z
 core.bgc_0.lfsr_col._36__882/Z
 core.bgc_0.lfsr_col._37_/Z
 core.bgc_0.lfsr_col._37__887/Z
 core.bgc_0.lfsr_col._38_/Z
 core.bgc_0.lfsr_col._38__95/ZN
 core.bgc_0.lfsr_col._39_/Z
 core.bgc_0.lfsr_col._39__898/Z
 core.bgc_0.lfsr_col._40_/Z
 core.bgc_0.lfsr_col._40__904/Z
 core.bgc_0.lfsr_col._41_/Z
 core.bgc_0.lfsr_col._42_/Z
 core.bgc_0.lfsr_col._43_/Z
 core.bgc_0.lfsr_col._44_/Z
 core.bgc_0.lfsr_col._44__905/Z
 core.bgc_0.lfsr_col._45_/Z
 core.bgc_0.lfsr_col._45__908/Z
 core.bgc_0.lfsr_col._46_/Z
 core.bgc_0.lfsr_col._46__129/ZN
 core.bgc_0.lfsr_col._47_/Z
 core.bgc_0.lfsr_col._47__918/Z
 core.bgc_0.lfsr_col._48_/Z
 core.bgc_0.lfsr_col._48__924/Z
 core.bgc_0.lfsr_col._49_/Z
 core.bgc_0.lfsr_col._49__932/Z
 core.bgc_0.lfsr_col._50_/Z
 core.bgc_0.lfsr_col._50__149/ZN
 core.bgc_0.lfsr_col._51_/Z
 core.bgc_0.lfsr_col._51__154/ZN
 core.bgc_0.lfsr_col._52_/Z
 core.bgc_0.lfsr_col._52__946/Z
 core.bgc_0.lfsr_col._53_/Z
 core.bgc_0.lfsr_col._53__948/Z
 core.bgc_0.lfsr_col._54_/Z
 core.bgc_0.lfsr_col._54__176/ZN
 core.bgc_0.lfsr_col._55_/Z
 core.bgc_0.lfsr_col._55__182/ZN
 core.bgc_0.lfsr_col._56_/Z
 core.bgc_0.lfsr_col._57_/Z
 core.bgc_0.lfsr_col._58_/Z
 core.bgc_0.lfsr_col._59_/Z
 core.bgc_0.lfsr_col._60_/Z
 core.bgc_0.lfsr_col._61_/Z
 core.bgc_0.lfsr_col._62_/Z
 core.bgc_0.lfsr_col._63_/Z
 core.bgc_0.lfsr_col._64_/Z
 core.bgc_0.lfsr_col._65_/Z
 core.bgc_0.lfsr_col._66_/ZN
 core.bgc_0.lfsr_col._66__967/Z
 core.bgc_0.lfsr_col._67_/ZN
 core.bgc_0.lfsr_col._67__972/Z
 core.bgc_0.lfsr_col._68_/ZN
 core.bgc_0.lfsr_col._68__196/ZN
 core.bgc_0.lfsr_col._69_/ZN
 core.bgc_0.lfsr_col._69__984/Z
 core.bgc_0.lfsr_col._70_/ZN
 core.bgc_0.lfsr_col._70__990/Z
 core.bgc_0.lfsr_col._71_/ZN
 core.bgc_0.lfsr_col._71__991/Z
 core.bgc_0.lfsr_col._72_/ZN
 core.bgc_0.lfsr_col._72__224/ZN
 core.bgc_0.lfsr_col._73_/ZN
 core.bgc_0.lfsr_col._73__230/ZN
 core.bgc_0.lfsr_col._74_/ZN
 core.bgc_0.lfsr_col._74__1005/Z
 core.bgc_0.lfsr_col._75_/ZN
 core.bgc_0.lfsr_col._75__1011/Z
 core.bgc_0.lfsr_col._76_/ZN
 core.bgc_0.lfsr_col._76__248/ZN
 core.bgc_0.lfsr_col._77_/Q
 core.bgc_0.lfsr_col._78_/Q
 core.bgc_0.lfsr_col._79_/Q
 core.bgc_0.lfsr_col._80_/Q
 core.bgc_0.lfsr_col._81_/Q
 core.bgc_0.lfsr_col._82_/Q
 core.bgc_0.lfsr_col._83_/Q
 core.bgc_0.lfsr_col._84_/Q
 core.bgc_0.lfsr_col._85_/Q
 core.bgc_0.lfsr_col._86_/Q
 core.bgc_0.lfsr_col._87_/Q
 core.bgc_0.lfsr_col._88_/Q
 core.bgc_0.lfsr_row._27_/ZN
 core.bgc_0.lfsr_row._28_/ZN
 core.bgc_0.lfsr_row._28__1020/Z
 core.bgc_0.lfsr_row._29_/Z
 core.bgc_0.lfsr_row._29__1025/Z
 core.bgc_0.lfsr_row._30_/Z
 core.bgc_0.lfsr_row._30__267/ZN
 core.bgc_0.lfsr_row._31_/Z
 core.bgc_0.lfsr_row._31__1029/Z
 core.bgc_0.lfsr_row._32_/Z
 core.bgc_0.lfsr_row._32__283/ZN
 core.bgc_0.lfsr_row._33_/Z
 core.bgc_0.lfsr_row._33__1045/Z
 core.bgc_0.lfsr_row._34_/Z
 core.bgc_0.lfsr_row._34__287/ZN
 core.bgc_0.lfsr_row._35_/Z
 core.bgc_0.lfsr_row._35__292/ZN
 core.bgc_0.lfsr_row._36_/Z
 core.bgc_0.lfsr_row._36__1066/Z
 core.bgc_0.lfsr_row._37_/Z
 core.bgc_0.lfsr_row._37__299/ZN
 core.bgc_0.lfsr_row._38_/Z
 core.bgc_0.lfsr_row._38__1080/Z
 core.bgc_0.lfsr_row._39_/Z
 core.bgc_0.lfsr_row._39__1084/Z
 core.bgc_0.lfsr_row._40_/Z
 core.bgc_0.lfsr_row._40__321/ZN
 core.bgc_0.lfsr_row._41_/Z
 core.bgc_0.lfsr_row._42_/Z
 core.bgc_0.lfsr_row._43_/Z
 core.bgc_0.lfsr_row._44_/Z
 core.bgc_0.lfsr_row._44__325/ZN
 core.bgc_0.lfsr_row._45_/Z
 core.bgc_0.lfsr_row._45__1099/Z
 core.bgc_0.lfsr_row._46_/Z
 core.bgc_0.lfsr_row._46__1105/Z
 core.bgc_0.lfsr_row._47_/Z
 core.bgc_0.lfsr_row._47__337/ZN
 core.bgc_0.lfsr_row._48_/Z
 core.bgc_0.lfsr_row._48__1118/Z
 core.bgc_0.lfsr_row._49_/Z
 core.bgc_0.lfsr_row._49__348/ZN
 core.bgc_0.lfsr_row._50_/Z
 core.bgc_0.lfsr_row._50__353/ZN
 core.bgc_0.lfsr_row._51_/Z
 core.bgc_0.lfsr_row._51__1130/Z
 core.bgc_0.lfsr_row._52_/Z
 core.bgc_0.lfsr_row._52__369/ZN
 core.bgc_0.lfsr_row._53_/Z
 core.bgc_0.lfsr_row._53__1139/Z
 core.bgc_0.lfsr_row._54_/Z
 core.bgc_0.lfsr_row._54__382/ZN
 core.bgc_0.lfsr_row._55_/Z
 core.bgc_0.lfsr_row._55__1151/Z
 core.bgc_0.lfsr_row._56_/Z
 core.bgc_0.lfsr_row._57_/Z
 core.bgc_0.lfsr_row._58_/Z
 core.bgc_0.lfsr_row._59_/Z
 core.bgc_0.lfsr_row._60_/Z
 core.bgc_0.lfsr_row._61_/Z
 core.bgc_0.lfsr_row._62_/Z
 core.bgc_0.lfsr_row._63_/Z
 core.bgc_0.lfsr_row._64_/Z
 core.bgc_0.lfsr_row._65_/Z
 core.bgc_0.lfsr_row._66_/ZN
 core.bgc_0.lfsr_row._66__391/ZN
 core.bgc_0.lfsr_row._67_/ZN
 core.bgc_0.lfsr_row._67__1163/Z
 core.bgc_0.lfsr_row._68_/ZN
 core.bgc_0.lfsr_row._68__1168/Z
 core.bgc_0.lfsr_row._69_/ZN
 core.bgc_0.lfsr_row._69__411/ZN
 core.bgc_0.lfsr_row._70_/ZN
 core.bgc_0.lfsr_row._70__1172/Z
 core.bgc_0.lfsr_row._71_/ZN
 core.bgc_0.lfsr_row._71__428/ZN
 core.bgc_0.lfsr_row._72_/ZN
 core.bgc_0.lfsr_row._72__436/ZN
 core.bgc_0.lfsr_row._73_/ZN
 core.bgc_0.lfsr_row._73__1183/Z
 core.bgc_0.lfsr_row._74_/ZN
 core.bgc_0.lfsr_row._74__450/ZN
 core.bgc_0.lfsr_row._75_/ZN
 core.bgc_0.lfsr_row._75__1194/Z
 core.bgc_0.lfsr_row._76_/ZN
 core.bgc_0.lfsr_row._76__459/ZN
 core.bgc_0.lfsr_row._77_/Q
 core.bgc_0.lfsr_row._78_/Q
 core.bgc_0.lfsr_row._79_/Q
 core.bgc_0.lfsr_row._80_/Q
 core.bgc_0.lfsr_row._81_/Q
 core.bgc_0.lfsr_row._82_/Q
 core.bgc_0.lfsr_row._83_/Q
 core.bgc_0.lfsr_row._84_/Q
 core.bgc_0.lfsr_row._85_/Q
 core.bgc_0.lfsr_row._86_/Q
 core.bgc_0.lfsr_row._87_/Q
 core.bgc_0.lfsr_row._88_/Q
 core.bgc_0.row_reg._053_/ZN
 core.bgc_0.row_reg._054_/ZN
 core.bgc_0.row_reg._055_/ZN
 core.bgc_0.row_reg._056_/ZN
 core.bgc_0.row_reg._056__463/ZN
 core.bgc_0.row_reg._057_/ZN
 core.bgc_0.row_reg._058_/ZN
 core.bgc_0.row_reg._058__474/ZN
 core.bgc_0.row_reg._059_/ZN
 core.bgc_0.row_reg._060_/ZN
 core.bgc_0.row_reg._060__482/ZN
 core.bgc_0.row_reg._061_/ZN
 core.bgc_0.row_reg._062_/ZN
 core.bgc_0.row_reg._062__487/ZN
 core.bgc_0.row_reg._063_/ZN
 core.bgc_0.row_reg._064_/ZN
 core.bgc_0.row_reg._064__491/ZN
 core.bgc_0.row_reg._065_/ZN
 core.bgc_0.row_reg._066_/ZN
 core.bgc_0.row_reg._066__495/ZN
 core.bgc_0.row_reg._067_/ZN
 core.bgc_0.row_reg._068_/ZN
 core.bgc_0.row_reg._068__500/ZN
 core.bgc_0.row_reg._069_/ZN
 core.bgc_0.row_reg._070_/ZN
 core.bgc_0.row_reg._070__501/ZN
 core.bgc_0.row_reg._071_/ZN
 core.bgc_0.row_reg._072_/ZN
 core.bgc_0.row_reg._072__505/ZN
 core.bgc_0.row_reg._073_/ZN
 core.bgc_0.row_reg._074_/ZN
 core.bgc_0.row_reg._074__511/ZN
 core.bgc_0.row_reg._075_/ZN
 core.bgc_0.row_reg._076_/ZN
 core.bgc_0.row_reg._076__522/ZN
 core.bgc_0.row_reg._077_/ZN
 core.bgc_0.row_reg._078_/ZN
 core.bgc_0.row_reg._078__529/ZN
 core.bgc_0.row_reg._079_/ZN
 core.bgc_0.row_reg._080_/Z
 core.bgc_0.row_reg._081_/ZN
 core.bgc_0.row_reg._082_/ZN
 core.bgc_0.row_reg._083_/ZN
 core.bgc_0.row_reg._084_/ZN
 core.bgc_0.row_reg._085_/ZN
 core.bgc_0.row_reg._086_/ZN
 core.bgc_0.row_reg._087_/ZN
 core.bgc_0.row_reg._088_/ZN
 core.bgc_0.row_reg._089_/ZN
 core.bgc_0.row_reg._090_/ZN
 core.bgc_0.row_reg._091_/ZN
 core.bgc_0.row_reg._092_/ZN
 core.bgc_0.row_reg._093_/ZN
 core.bgc_0.row_reg._094_/ZN
 core.bgc_0.row_reg._095_/ZN
 core.bgc_0.row_reg._096_/ZN
 core.bgc_0.row_reg._097_/ZN
 core.bgc_0.row_reg._098_/ZN
 core.bgc_0.row_reg._099_/ZN
 core.bgc_0.row_reg._100_/ZN
 core.bgc_0.row_reg._101_/ZN
 core.bgc_0.row_reg._102_/ZN
 core.bgc_0.row_reg._103_/ZN
 core.bgc_0.row_reg._104_/ZN
 core.bgc_0.row_reg._105_/ZN
 core.bgc_0.row_reg._106_/ZN
 core.bgc_0.row_reg._107_/ZN
 core.bgc_0.row_reg._108_/ZN
 core.bgc_0.row_reg._109_/ZN
 core.bgc_0.row_reg._110_/ZN
 core.bgc_0.row_reg._111_/ZN
 core.bgc_0.row_reg._112_/ZN
 core.bgc_0.row_reg._113_/ZN
 core.bgc_0.row_reg._114_/ZN
 core.bgc_0.row_reg._115_/ZN
 core.bgc_0.row_reg._116_/ZN
 core.bgc_0.row_reg._117_/Q
 core.bgc_0.row_reg._118_/Q
 core.bgc_0.row_reg._119_/Q
 core.bgc_0.row_reg._120_/Q
 core.bgc_0.row_reg._121_/Q
 core.bgc_0.row_reg._122_/Q
 core.bgc_0.row_reg._123_/Q
 core.bgc_0.row_reg._124_/Q
 core.bgc_0.row_reg._125_/Q
 core.bgc_0.row_reg._126_/Q
 core.bgc_0.row_reg._127_/Q
 core.bgc_0.row_reg._128_/Q
 core.bgc_1._05_/ZN
 core.bgc_1._06_/ZN
 core.bgc_1._07_/ZN
 core.bgc_1._07__531/ZN
 core.bgc_1._08_/ZN
 core.bgc_1._09_/Z
 core.bgc_1._10_/ZN
 core.bgc_1._11_/Z
 core.bgc_1._11__535/ZN
 core.bgc_1._12_/Z
 core.bgc_1._13_/Z
 core.bgc_1._14_/Z
 core.bgc_1._15_/Z
 core.bgc_1._16_/Z
 core.bgc_1._17_/Z
 core.bgc_1._18_/Z
 core.bgc_1._19_/Z
 core.bgc_1._20_/Z
 core.bgc_1._21_/Z
 core.bgc_1._22_/Z
 core.bgc_1._23_/Z
 core.bgc_1._24_/ZN
 core.bgc_1._25_/ZN
 core.bgc_1.col_reg._053_/ZN
 core.bgc_1.col_reg._054_/ZN
 core.bgc_1.col_reg._055_/ZN
 core.bgc_1.col_reg._056_/ZN
 core.bgc_1.col_reg._057_/ZN
 core.bgc_1.col_reg._058_/ZN
 core.bgc_1.col_reg._059_/ZN
 core.bgc_1.col_reg._060_/ZN
 core.bgc_1.col_reg._061_/ZN
 core.bgc_1.col_reg._062_/ZN
 core.bgc_1.col_reg._063_/ZN
 core.bgc_1.col_reg._064_/ZN
 core.bgc_1.col_reg._065_/ZN
 core.bgc_1.col_reg._066_/ZN
 core.bgc_1.col_reg._067_/ZN
 core.bgc_1.col_reg._068_/ZN
 core.bgc_1.col_reg._069_/ZN
 core.bgc_1.col_reg._070_/ZN
 core.bgc_1.col_reg._071_/ZN
 core.bgc_1.col_reg._072_/ZN
 core.bgc_1.col_reg._073_/ZN
 core.bgc_1.col_reg._074_/ZN
 core.bgc_1.col_reg._075_/ZN
 core.bgc_1.col_reg._076_/ZN
 core.bgc_1.col_reg._077_/ZN
 core.bgc_1.col_reg._078_/ZN
 core.bgc_1.col_reg._079_/ZN
 core.bgc_1.col_reg._080_/Z
 core.bgc_1.col_reg._081_/ZN
 core.bgc_1.col_reg._082_/ZN
 core.bgc_1.col_reg._083_/ZN
 core.bgc_1.col_reg._084_/ZN
 core.bgc_1.col_reg._085_/ZN
 core.bgc_1.col_reg._086_/ZN
 core.bgc_1.col_reg._087_/ZN
 core.bgc_1.col_reg._088_/ZN
 core.bgc_1.col_reg._089_/ZN
 core.bgc_1.col_reg._090_/ZN
 core.bgc_1.col_reg._091_/ZN
 core.bgc_1.col_reg._092_/ZN
 core.bgc_1.col_reg._093_/ZN
 core.bgc_1.col_reg._094_/ZN
 core.bgc_1.col_reg._095_/ZN
 core.bgc_1.col_reg._096_/ZN
 core.bgc_1.col_reg._097_/ZN
 core.bgc_1.col_reg._098_/ZN
 core.bgc_1.col_reg._099_/ZN
 core.bgc_1.col_reg._100_/ZN
 core.bgc_1.col_reg._101_/ZN
 core.bgc_1.col_reg._102_/ZN
 core.bgc_1.col_reg._103_/ZN
 core.bgc_1.col_reg._104_/ZN
 core.bgc_1.col_reg._105_/ZN
 core.bgc_1.col_reg._106_/ZN
 core.bgc_1.col_reg._107_/ZN
 core.bgc_1.col_reg._108_/ZN
 core.bgc_1.col_reg._109_/ZN
 core.bgc_1.col_reg._110_/ZN
 core.bgc_1.col_reg._111_/ZN
 core.bgc_1.col_reg._112_/ZN
 core.bgc_1.col_reg._113_/ZN
 core.bgc_1.col_reg._114_/ZN
 core.bgc_1.col_reg._115_/ZN
 core.bgc_1.col_reg._116_/ZN
 core.bgc_1.col_reg._117_/Q
 core.bgc_1.col_reg._118_/Q
 core.bgc_1.col_reg._119_/Q
 core.bgc_1.col_reg._120_/Q
 core.bgc_1.col_reg._121_/Q
 core.bgc_1.col_reg._122_/Q
 core.bgc_1.col_reg._123_/Q
 core.bgc_1.col_reg._124_/Q
 core.bgc_1.col_reg._125_/Q
 core.bgc_1.col_reg._126_/Q
 core.bgc_1.col_reg._127_/Q
 core.bgc_1.col_reg._128_/Q
 core.bgc_1.comp_col._20_/ZN
 core.bgc_1.comp_col._21_/ZN
 core.bgc_1.comp_col._22_/ZN
 core.bgc_1.comp_col._23_/ZN
 core.bgc_1.comp_col._24_/ZN
 core.bgc_1.comp_col._25_/ZN
 core.bgc_1.comp_col._26_/ZN
 core.bgc_1.comp_col._27_/ZN
 core.bgc_1.comp_col._28_/ZN
 core.bgc_1.comp_col._29_/ZN
 core.bgc_1.comp_col._30_/ZN
 core.bgc_1.comp_col._31_/ZN
 core.bgc_1.comp_col._32_/ZN
 core.bgc_1.comp_col._33_/ZN
 core.bgc_1.comp_col._34_/ZN
 core.bgc_1.comp_col._35_/ZN
 core.bgc_1.comp_col._36_/ZN
 core.bgc_1.comp_col._37_/ZN
 core.bgc_1.comp_col._38_/ZN
 core.bgc_1.comp_col._39_/ZN
 core.bgc_1.comp_col._40_/ZN
 core.bgc_1.comp_col._41_/ZN
 core.bgc_1.comp_col._42_/ZN
 core.bgc_1.comp_col._43_/ZN
 core.bgc_1.comp_col._44_/ZN
 core.bgc_1.comp_col._45_/ZN
 core.bgc_1.comp_col._46_/ZN
 core.bgc_1.comp_col._47_/ZN
 core.bgc_1.comp_col._48_/Z
 core.bgc_1.comp_col._49_/Z
 core.bgc_1.comp_col._50_/Z
 core.bgc_1.comp_col._51_/Z
 core.bgc_1.comp_col._52_/Z
 core.bgc_1.comp_col._53_/Z
 core.bgc_1.comp_col._54_/Z
 core.bgc_1.comp_col._55_/Z
 core.bgc_1.comp_col._56_/Z
 core.bgc_1.comp_col._57_/Z
 core.bgc_1.comp_col._58_/Z
 core.bgc_1.comp_col._59_/Z
 core.bgc_1.comp_col._60_/ZN
 core.bgc_1.comp_col._61_/ZN
 core.bgc_1.comp_col._62_/ZN
 core.bgc_1.comp_col._63_/ZN
 core.bgc_1.comp_col._64_/ZN
 core.bgc_1.comp_col.pe1._18_/ZN
 core.bgc_1.comp_col.pe1._19_/ZN
 core.bgc_1.comp_col.pe1._20_/ZN
 core.bgc_1.comp_col.pe1._21_/ZN
 core.bgc_1.comp_col.pe1._22_/ZN
 core.bgc_1.comp_col.pe1._23_/ZN
 core.bgc_1.comp_col.pe1._24_/ZN
 core.bgc_1.comp_col.pe1._25_/ZN
 core.bgc_1.comp_col.pe1._26_/ZN
 core.bgc_1.comp_col.pe1._27_/ZN
 core.bgc_1.comp_col.pe1._28_/ZN
 core.bgc_1.comp_col.pe1._29_/ZN
 core.bgc_1.comp_col.pe1._30_/ZN
 core.bgc_1.comp_col.pe1._31_/ZN
 core.bgc_1.comp_col.pe1._32_/ZN
 core.bgc_1.comp_col.pe1._33_/ZN
 core.bgc_1.comp_col.pe1._34_/ZN
 core.bgc_1.comp_col.pe1._35_/ZN
 core.bgc_1.comp_col.pe1._36_/ZN
 core.bgc_1.comp_col.pe1._37_/ZN
 core.bgc_1.comp_col.pe1._38_/ZN
 core.bgc_1.comp_col.pe1._39_/ZN
 core.bgc_1.comp_col.pe2._18_/ZN
 core.bgc_1.comp_col.pe2._19_/ZN
 core.bgc_1.comp_col.pe2._20_/ZN
 core.bgc_1.comp_col.pe2._21_/ZN
 core.bgc_1.comp_col.pe2._22_/ZN
 core.bgc_1.comp_col.pe2._23_/ZN
 core.bgc_1.comp_col.pe2._24_/ZN
 core.bgc_1.comp_col.pe2._25_/ZN
 core.bgc_1.comp_col.pe2._26_/ZN
 core.bgc_1.comp_col.pe2._27_/ZN
 core.bgc_1.comp_col.pe2._28_/ZN
 core.bgc_1.comp_col.pe2._29_/ZN
 core.bgc_1.comp_col.pe2._30_/ZN
 core.bgc_1.comp_col.pe2._31_/ZN
 core.bgc_1.comp_col.pe2._32_/ZN
 core.bgc_1.comp_col.pe2._33_/ZN
 core.bgc_1.comp_col.pe2._34_/ZN
 core.bgc_1.comp_col.pe2._35_/ZN
 core.bgc_1.comp_col.pe2._36_/ZN
 core.bgc_1.comp_col.pe2._37_/ZN
 core.bgc_1.comp_col.pe2._38_/ZN
 core.bgc_1.comp_col.pe2._39_/ZN
 core.bgc_1.comp_row._20_/ZN
 core.bgc_1.comp_row._21_/ZN
 core.bgc_1.comp_row._22_/ZN
 core.bgc_1.comp_row._23_/ZN
 core.bgc_1.comp_row._24_/ZN
 core.bgc_1.comp_row._25_/ZN
 core.bgc_1.comp_row._26_/ZN
 core.bgc_1.comp_row._27_/ZN
 core.bgc_1.comp_row._28_/ZN
 core.bgc_1.comp_row._29_/ZN
 core.bgc_1.comp_row._30_/ZN
 core.bgc_1.comp_row._31_/ZN
 core.bgc_1.comp_row._32_/ZN
 core.bgc_1.comp_row._33_/ZN
 core.bgc_1.comp_row._34_/ZN
 core.bgc_1.comp_row._35_/ZN
 core.bgc_1.comp_row._36_/ZN
 core.bgc_1.comp_row._37_/ZN
 core.bgc_1.comp_row._38_/ZN
 core.bgc_1.comp_row._39_/ZN
 core.bgc_1.comp_row._40_/ZN
 core.bgc_1.comp_row._41_/ZN
 core.bgc_1.comp_row._42_/ZN
 core.bgc_1.comp_row._43_/ZN
 core.bgc_1.comp_row._44_/ZN
 core.bgc_1.comp_row._45_/ZN
 core.bgc_1.comp_row._46_/ZN
 core.bgc_1.comp_row._47_/ZN
 core.bgc_1.comp_row._48_/Z
 core.bgc_1.comp_row._49_/Z
 core.bgc_1.comp_row._50_/Z
 core.bgc_1.comp_row._51_/Z
 core.bgc_1.comp_row._52_/Z
 core.bgc_1.comp_row._53_/Z
 core.bgc_1.comp_row._54_/Z
 core.bgc_1.comp_row._55_/Z
 core.bgc_1.comp_row._56_/Z
 core.bgc_1.comp_row._57_/Z
 core.bgc_1.comp_row._58_/Z
 core.bgc_1.comp_row._59_/Z
 core.bgc_1.comp_row._60_/ZN
 core.bgc_1.comp_row._61_/ZN
 core.bgc_1.comp_row._62_/ZN
 core.bgc_1.comp_row._63_/ZN
 core.bgc_1.comp_row._64_/ZN
 core.bgc_1.comp_row.pe1._18_/ZN
 core.bgc_1.comp_row.pe1._19_/ZN
 core.bgc_1.comp_row.pe1._20_/ZN
 core.bgc_1.comp_row.pe1._21_/ZN
 core.bgc_1.comp_row.pe1._22_/ZN
 core.bgc_1.comp_row.pe1._23_/ZN
 core.bgc_1.comp_row.pe1._24_/ZN
 core.bgc_1.comp_row.pe1._25_/ZN
 core.bgc_1.comp_row.pe1._26_/ZN
 core.bgc_1.comp_row.pe1._27_/ZN
 core.bgc_1.comp_row.pe1._28_/ZN
 core.bgc_1.comp_row.pe1._29_/ZN
 core.bgc_1.comp_row.pe1._30_/ZN
 core.bgc_1.comp_row.pe1._31_/ZN
 core.bgc_1.comp_row.pe1._32_/ZN
 core.bgc_1.comp_row.pe1._33_/ZN
 core.bgc_1.comp_row.pe1._34_/ZN
 core.bgc_1.comp_row.pe1._35_/ZN
 core.bgc_1.comp_row.pe1._36_/ZN
 core.bgc_1.comp_row.pe1._37_/ZN
 core.bgc_1.comp_row.pe1._38_/ZN
 core.bgc_1.comp_row.pe1._39_/ZN
 core.bgc_1.comp_row.pe2._18_/ZN
 core.bgc_1.comp_row.pe2._19_/ZN
 core.bgc_1.comp_row.pe2._20_/ZN
 core.bgc_1.comp_row.pe2._21_/ZN
 core.bgc_1.comp_row.pe2._22_/ZN
 core.bgc_1.comp_row.pe2._23_/ZN
 core.bgc_1.comp_row.pe2._24_/ZN
 core.bgc_1.comp_row.pe2._25_/ZN
 core.bgc_1.comp_row.pe2._26_/ZN
 core.bgc_1.comp_row.pe2._27_/ZN
 core.bgc_1.comp_row.pe2._28_/ZN
 core.bgc_1.comp_row.pe2._29_/ZN
 core.bgc_1.comp_row.pe2._30_/ZN
 core.bgc_1.comp_row.pe2._31_/ZN
 core.bgc_1.comp_row.pe2._32_/ZN
 core.bgc_1.comp_row.pe2._33_/ZN
 core.bgc_1.comp_row.pe2._34_/ZN
 core.bgc_1.comp_row.pe2._35_/ZN
 core.bgc_1.comp_row.pe2._36_/ZN
 core.bgc_1.comp_row.pe2._37_/ZN
 core.bgc_1.comp_row.pe2._38_/ZN
 core.bgc_1.comp_row.pe2._39_/ZN
 core.bgc_1.final_counter._29_/ZN
 core.bgc_1.final_counter._30_/ZN
 core.bgc_1.final_counter._31_/ZN
 core.bgc_1.final_counter._32_/ZN
 core.bgc_1.final_counter._33_/ZN
 core.bgc_1.final_counter._34_/ZN
 core.bgc_1.final_counter._35_/ZN
 core.bgc_1.final_counter._36_/ZN
 core.bgc_1.final_counter._37_/ZN
 core.bgc_1.final_counter._38_/ZN
 core.bgc_1.final_counter._39_/Z
 core.bgc_1.final_counter._40_/ZN
 core.bgc_1.final_counter._41_/ZN
 core.bgc_1.final_counter._42_/ZN
 core.bgc_1.final_counter._43_/Z
 core.bgc_1.final_counter._44_/ZN
 core.bgc_1.final_counter._45_/ZN
 core.bgc_1.final_counter._46_/Z
 core.bgc_1.final_counter._47_/ZN
 core.bgc_1.final_counter._48_/ZN
 core.bgc_1.final_counter._49_/Z
 core.bgc_1.final_counter._50_/ZN
 core.bgc_1.final_counter._51_/ZN
 core.bgc_1.final_counter._52_/ZN
 core.bgc_1.final_counter._53_/ZN
 core.bgc_1.final_counter._54_/Z
 core.bgc_1.final_counter._55_/ZN
 core.bgc_1.final_counter._56_/ZN
 core.bgc_1.final_counter._57_/Z
 core.bgc_1.final_counter._58_/ZN
 core.bgc_1.final_counter._59_/ZN
 core.bgc_1.final_counter._60_/ZN
 core.bgc_1.final_counter._61_/ZN
 core.bgc_1.final_counter._62_/ZN
 core.bgc_1.final_counter._63_/ZN
 core.bgc_1.final_counter._64_/ZN
 core.bgc_1.final_counter._65_/ZN
 core.bgc_1.final_counter._66_/ZN
 core.bgc_1.final_counter._67_/Z
 core.bgc_1.final_counter._68_/ZN
 core.bgc_1.final_counter._69_/Q
 core.bgc_1.final_counter._70_/Q
 core.bgc_1.final_counter._71_/Q
 core.bgc_1.final_counter._72_/Q
 core.bgc_1.final_counter._73_/Q
 core.bgc_1.final_counter._74_/Q
 core.bgc_1.final_counter._75_/Q
 core.bgc_1.final_counter._76_/Q
 core.bgc_1.final_counter._77_/Q
 core.bgc_1.final_counter._78_/Q
 core.bgc_1.final_counter._79_/Q
 core.bgc_1.final_counter._80_/Q
 core.bgc_1.lfsr_col._27_/ZN
 core.bgc_1.lfsr_col._28_/ZN
 core.bgc_1.lfsr_col._28__539/ZN
 core.bgc_1.lfsr_col._29_/Z
 core.bgc_1.lfsr_col._29__545/ZN
 core.bgc_1.lfsr_col._30_/Z
 core.bgc_1.lfsr_col._30__1295/Z
 core.bgc_1.lfsr_col._31_/Z
 core.bgc_1.lfsr_col._31__1303/Z
 core.bgc_1.lfsr_col._32_/Z
 core.bgc_1.lfsr_col._32__1305/Z
 core.bgc_1.lfsr_col._33_/Z
 core.bgc_1.lfsr_col._33__1306/Z
 core.bgc_1.lfsr_col._34_/Z
 core.bgc_1.lfsr_col._34__576/ZN
 core.bgc_1.lfsr_col._35_/Z
 core.bgc_1.lfsr_col._35__580/ZN
 core.bgc_1.lfsr_col._36_/Z
 core.bgc_1.lfsr_col._36__1326/Z
 core.bgc_1.lfsr_col._37_/Z
 core.bgc_1.lfsr_col._37__1332/Z
 core.bgc_1.lfsr_col._38_/Z
 core.bgc_1.lfsr_col._38__594/ZN
 core.bgc_1.lfsr_col._39_/Z
 core.bgc_1.lfsr_col._39__1345/Z
 core.bgc_1.lfsr_col._40_/Z
 core.bgc_1.lfsr_col._40__1349/Z
 core.bgc_1.lfsr_col._41_/Z
 core.bgc_1.lfsr_col._42_/Z
 core.bgc_1.lfsr_col._43_/Z
 core.bgc_1.lfsr_col._44_/Z
 core.bgc_1.lfsr_col._44__1350/Z
 core.bgc_1.lfsr_col._45_/Z
 core.bgc_1.lfsr_col._45__1351/Z
 core.bgc_1.lfsr_col._46_/Z
 core.bgc_1.lfsr_col._46__634/ZN
 core.bgc_1.lfsr_col._47_/Z
 core.bgc_1.lfsr_col._47__1353/Z
 core.bgc_1.lfsr_col._48_/Z
 core.bgc_1.lfsr_col._48__1354/Z
 core.bgc_1.lfsr_col._49_/Z
 core.bgc_1.lfsr_col._49__663/ZN
 core.bgc_1.lfsr_col._50_/Z
 core.bgc_1.lfsr_col._50__673/ZN
 core.bgc_1.lfsr_col._51_/Z
 core.bgc_1.lfsr_col._51__1358/Z
 core.bgc_1.lfsr_col._52_/Z
 core.bgc_1.lfsr_col._52__1360/Z
 core.bgc_1.lfsr_col._53_/Z
 core.bgc_1.lfsr_col._53__1361/Z
 core.bgc_1.lfsr_col._54_/Z
 core.bgc_1.lfsr_col._54__1362/Z
 core.bgc_1.lfsr_col._55_/Z
 core.bgc_1.lfsr_col._55__690/ZN
 core.bgc_1.lfsr_col._56_/Z
 core.bgc_1.lfsr_col._57_/Z
 core.bgc_1.lfsr_col._58_/Z
 core.bgc_1.lfsr_col._59_/Z
 core.bgc_1.lfsr_col._60_/Z
 core.bgc_1.lfsr_col._61_/Z
 core.bgc_1.lfsr_col._62_/Z
 core.bgc_1.lfsr_col._63_/Z
 core.bgc_1.lfsr_col._64_/Z
 core.bgc_1.lfsr_col._65_/Z
 core.bgc_1.lfsr_col._66_/ZN
 core.bgc_1.lfsr_col._66__1363/Z
 core.bgc_1.lfsr_col._67_/ZN
 core.bgc_1.lfsr_col._67__1364/Z
 core.bgc_1.lfsr_col._68_/ZN
 core.bgc_1.lfsr_col._68__691/ZN
 core.bgc_1.lfsr_col._69_/ZN
 core.bgc_1.lfsr_col._69__1365/Z
 core.bgc_1.lfsr_col._70_/ZN
 core.bgc_1.lfsr_col._70__1366/Z
 core.bgc_1.lfsr_col._71_/ZN
 core.bgc_1.lfsr_col._71__692/ZN
 core.bgc_1.lfsr_col._72_/ZN
 core.bgc_1.lfsr_col._72__693/ZN
 core.bgc_1.lfsr_col._73_/ZN
 core.bgc_1.lfsr_col._73__1367/Z
 core.bgc_1.lfsr_col._74_/ZN
 core.bgc_1.lfsr_col._74__1368/Z
 core.bgc_1.lfsr_col._75_/ZN
 core.bgc_1.lfsr_col._75__1369/Z
 core.bgc_1.lfsr_col._76_/ZN
 core.bgc_1.lfsr_col._76__1370/Z
 core.bgc_1.lfsr_col._77_/Q
 core.bgc_1.lfsr_col._78_/Q
 core.bgc_1.lfsr_col._79_/Q
 core.bgc_1.lfsr_col._80_/Q
 core.bgc_1.lfsr_col._81_/Q
 core.bgc_1.lfsr_col._82_/Q
 core.bgc_1.lfsr_col._83_/Q
 core.bgc_1.lfsr_col._84_/Q
 core.bgc_1.lfsr_col._85_/Q
 core.bgc_1.lfsr_col._86_/Q
 core.bgc_1.lfsr_col._87_/Q
 core.bgc_1.lfsr_col._88_/Q
 core.bgc_1.lfsr_row._27_/ZN
 core.bgc_1.lfsr_row._28_/ZN
 core.bgc_1.lfsr_row._28__1371/Z
 core.bgc_1.lfsr_row._29_/Z
 core.bgc_1.lfsr_row._29__1372/Z
 core.bgc_1.lfsr_row._30_/Z
 core.bgc_1.lfsr_row._30__694/ZN
 core.bgc_1.lfsr_row._31_/Z
 core.bgc_1.lfsr_row._31__1373/Z
 core.bgc_1.lfsr_row._32_/Z
 core.bgc_1.lfsr_row._32__695/ZN
 core.bgc_1.lfsr_row._33_/Z
 core.bgc_1.lfsr_row._33__1374/Z
 core.bgc_1.lfsr_row._34_/Z
 core.bgc_1.lfsr_row._34__696/ZN
 core.bgc_1.lfsr_row._35_/Z
 core.bgc_1.lfsr_row._35__1375/Z
 core.bgc_1.lfsr_row._36_/Z
 core.bgc_1.lfsr_row._36__1376/Z
 core.bgc_1.lfsr_row._37_/Z
 core.bgc_1.lfsr_row._37__697/ZN
 core.bgc_1.lfsr_row._38_/Z
 core.bgc_1.lfsr_row._38__1377/Z
 core.bgc_1.lfsr_row._39_/Z
 core.bgc_1.lfsr_row._39__1378/Z
 core.bgc_1.lfsr_row._40_/Z
 core.bgc_1.lfsr_row._40__1379/Z
 core.bgc_1.lfsr_row._41_/Z
 core.bgc_1.lfsr_row._42_/Z
 core.bgc_1.lfsr_row._43_/Z
 core.bgc_1.lfsr_row._44_/Z
 core.bgc_1.lfsr_row._44__1380/Z
 core.bgc_1.lfsr_row._45_/Z
 core.bgc_1.lfsr_row._45__1381/Z
 core.bgc_1.lfsr_row._46_/Z
 core.bgc_1.lfsr_row._46__1382/Z
 core.bgc_1.lfsr_row._47_/Z
 core.bgc_1.lfsr_row._47__698/ZN
 core.bgc_1.lfsr_row._48_/Z
 core.bgc_1.lfsr_row._48__1383/Z
 core.bgc_1.lfsr_row._49_/Z
 core.bgc_1.lfsr_row._49__1384/Z
 core.bgc_1.lfsr_row._50_/Z
 core.bgc_1.lfsr_row._50__699/ZN
 core.bgc_1.lfsr_row._51_/Z
 core.bgc_1.lfsr_row._51__1385/Z
 core.bgc_1.lfsr_row._52_/Z
 core.bgc_1.lfsr_row._52__700/ZN
 core.bgc_1.lfsr_row._53_/Z
 core.bgc_1.lfsr_row._53__1386/Z
 core.bgc_1.lfsr_row._54_/Z
 core.bgc_1.lfsr_row._54__701/ZN
 core.bgc_1.lfsr_row._55_/Z
 core.bgc_1.lfsr_row._55__1387/Z
 core.bgc_1.lfsr_row._56_/Z
 core.bgc_1.lfsr_row._57_/Z
 core.bgc_1.lfsr_row._58_/Z
 core.bgc_1.lfsr_row._59_/Z
 core.bgc_1.lfsr_row._60_/Z
 core.bgc_1.lfsr_row._61_/Z
 core.bgc_1.lfsr_row._62_/Z
 core.bgc_1.lfsr_row._63_/Z
 core.bgc_1.lfsr_row._64_/Z
 core.bgc_1.lfsr_row._65_/Z
 core.bgc_1.lfsr_row._66_/ZN
 core.bgc_1.lfsr_row._66__1388/Z
 core.bgc_1.lfsr_row._67_/ZN
 core.bgc_1.lfsr_row._67__1389/Z
 core.bgc_1.lfsr_row._68_/ZN
 core.bgc_1.lfsr_row._68__1390/Z
 core.bgc_1.lfsr_row._69_/ZN
 core.bgc_1.lfsr_row._69__702/ZN
 core.bgc_1.lfsr_row._70_/ZN
 core.bgc_1.lfsr_row._70__1391/Z
 core.bgc_1.lfsr_row._71_/ZN
 core.bgc_1.lfsr_row._71__1392/Z
 core.bgc_1.lfsr_row._72_/ZN
 core.bgc_1.lfsr_row._72__703/ZN
 core.bgc_1.lfsr_row._73_/ZN
 core.bgc_1.lfsr_row._73__1393/Z
 core.bgc_1.lfsr_row._74_/ZN
 core.bgc_1.lfsr_row._74__704/ZN
 core.bgc_1.lfsr_row._75_/ZN
 core.bgc_1.lfsr_row._75__1394/Z
 core.bgc_1.lfsr_row._76_/ZN
 core.bgc_1.lfsr_row._76__705/ZN
 core.bgc_1.lfsr_row._77_/Q
 core.bgc_1.lfsr_row._78_/Q
 core.bgc_1.lfsr_row._79_/Q
 core.bgc_1.lfsr_row._80_/Q
 core.bgc_1.lfsr_row._81_/Q
 core.bgc_1.lfsr_row._82_/Q
 core.bgc_1.lfsr_row._83_/Q
 core.bgc_1.lfsr_row._84_/Q
 core.bgc_1.lfsr_row._85_/Q
 core.bgc_1.lfsr_row._86_/Q
 core.bgc_1.lfsr_row._87_/Q
 core.bgc_1.lfsr_row._88_/Q
 core.bgc_1.row_reg._053_/ZN
 core.bgc_1.row_reg._054_/ZN
 core.bgc_1.row_reg._055_/ZN
 core.bgc_1.row_reg._056_/ZN
 core.bgc_1.row_reg._056__706/ZN
 core.bgc_1.row_reg._057_/ZN
 core.bgc_1.row_reg._058_/ZN
 core.bgc_1.row_reg._058__707/ZN
 core.bgc_1.row_reg._059_/ZN
 core.bgc_1.row_reg._060_/ZN
 core.bgc_1.row_reg._060__708/ZN
 core.bgc_1.row_reg._061_/ZN
 core.bgc_1.row_reg._062_/ZN
 core.bgc_1.row_reg._062__709/ZN
 core.bgc_1.row_reg._063_/ZN
 core.bgc_1.row_reg._064_/ZN
 core.bgc_1.row_reg._064__710/ZN
 core.bgc_1.row_reg._065_/ZN
 core.bgc_1.row_reg._066_/ZN
 core.bgc_1.row_reg._066__711/ZN
 core.bgc_1.row_reg._067_/ZN
 core.bgc_1.row_reg._068_/ZN
 core.bgc_1.row_reg._068__712/ZN
 core.bgc_1.row_reg._069_/ZN
 core.bgc_1.row_reg._070_/ZN
 core.bgc_1.row_reg._070__713/ZN
 core.bgc_1.row_reg._071_/ZN
 core.bgc_1.row_reg._072_/ZN
 core.bgc_1.row_reg._072__714/ZN
 core.bgc_1.row_reg._073_/ZN
 core.bgc_1.row_reg._074_/ZN
 core.bgc_1.row_reg._074__715/ZN
 core.bgc_1.row_reg._075_/ZN
 core.bgc_1.row_reg._076_/ZN
 core.bgc_1.row_reg._076__716/ZN
 core.bgc_1.row_reg._077_/ZN
 core.bgc_1.row_reg._078_/ZN
 core.bgc_1.row_reg._078__717/ZN
 core.bgc_1.row_reg._079_/ZN
 core.bgc_1.row_reg._080_/Z
 core.bgc_1.row_reg._081_/ZN
 core.bgc_1.row_reg._082_/ZN
 core.bgc_1.row_reg._083_/ZN
 core.bgc_1.row_reg._084_/ZN
 core.bgc_1.row_reg._085_/ZN
 core.bgc_1.row_reg._086_/ZN
 core.bgc_1.row_reg._087_/ZN
 core.bgc_1.row_reg._088_/ZN
 core.bgc_1.row_reg._089_/ZN
 core.bgc_1.row_reg._090_/ZN
 core.bgc_1.row_reg._091_/ZN
 core.bgc_1.row_reg._092_/ZN
 core.bgc_1.row_reg._093_/ZN
 core.bgc_1.row_reg._094_/ZN
 core.bgc_1.row_reg._095_/ZN
 core.bgc_1.row_reg._096_/ZN
 core.bgc_1.row_reg._097_/ZN
 core.bgc_1.row_reg._098_/ZN
 core.bgc_1.row_reg._099_/ZN
 core.bgc_1.row_reg._100_/ZN
 core.bgc_1.row_reg._101_/ZN
 core.bgc_1.row_reg._102_/ZN
 core.bgc_1.row_reg._103_/ZN
 core.bgc_1.row_reg._104_/ZN
 core.bgc_1.row_reg._105_/ZN
 core.bgc_1.row_reg._106_/ZN
 core.bgc_1.row_reg._107_/ZN
 core.bgc_1.row_reg._108_/ZN
 core.bgc_1.row_reg._109_/ZN
 core.bgc_1.row_reg._110_/ZN
 core.bgc_1.row_reg._111_/ZN
 core.bgc_1.row_reg._112_/ZN
 core.bgc_1.row_reg._113_/ZN
 core.bgc_1.row_reg._114_/ZN
 core.bgc_1.row_reg._115_/ZN
 core.bgc_1.row_reg._116_/ZN
 core.bgc_1.row_reg._117_/Q
 core.bgc_1.row_reg._118_/Q
 core.bgc_1.row_reg._119_/Q
 core.bgc_1.row_reg._120_/Q
 core.bgc_1.row_reg._121_/Q
 core.bgc_1.row_reg._122_/Q
 core.bgc_1.row_reg._123_/Q
 core.bgc_1.row_reg._124_/Q
 core.bgc_1.row_reg._125_/Q
 core.bgc_1.row_reg._126_/Q
 core.bgc_1.row_reg._127_/Q
 core.bgc_1.row_reg._128_/Q
 core.bgc_10._05_/ZN
 core.bgc_10._06_/ZN
 core.bgc_10._07_/ZN
 core.bgc_10._07__718/ZN
 core.bgc_10._08_/ZN
 core.bgc_10._09_/Z
 core.bgc_10._10_/ZN
 core.bgc_10._11_/Z
 core.bgc_10._11__719/ZN
 core.bgc_10._12_/Z
 core.bgc_10._13_/Z
 core.bgc_10._14_/Z
 core.bgc_10._15_/Z
 core.bgc_10._16_/Z
 core.bgc_10._17_/Z
 core.bgc_10._18_/Z
 core.bgc_10._19_/Z
 core.bgc_10._20_/Z
 core.bgc_10._21_/Z
 core.bgc_10._22_/Z
 core.bgc_10._23_/Z
 core.bgc_10._24_/ZN
 core.bgc_10._25_/ZN
 core.bgc_10.col_reg._053_/ZN
 core.bgc_10.col_reg._054_/ZN
 core.bgc_10.col_reg._055_/ZN
 core.bgc_10.col_reg._056_/ZN
 core.bgc_10.col_reg._057_/ZN
 core.bgc_10.col_reg._058_/ZN
 core.bgc_10.col_reg._059_/ZN
 core.bgc_10.col_reg._060_/ZN
 core.bgc_10.col_reg._061_/ZN
 core.bgc_10.col_reg._062_/ZN
 core.bgc_10.col_reg._063_/ZN
 core.bgc_10.col_reg._064_/ZN
 core.bgc_10.col_reg._065_/ZN
 core.bgc_10.col_reg._066_/ZN
 core.bgc_10.col_reg._067_/ZN
 core.bgc_10.col_reg._068_/ZN
 core.bgc_10.col_reg._069_/ZN
 core.bgc_10.col_reg._070_/ZN
 core.bgc_10.col_reg._071_/ZN
 core.bgc_10.col_reg._072_/ZN
 core.bgc_10.col_reg._073_/ZN
 core.bgc_10.col_reg._074_/ZN
 core.bgc_10.col_reg._075_/ZN
 core.bgc_10.col_reg._076_/ZN
 core.bgc_10.col_reg._077_/ZN
 core.bgc_10.col_reg._078_/ZN
 core.bgc_10.col_reg._079_/ZN
 core.bgc_10.col_reg._080_/Z
 core.bgc_10.col_reg._081_/ZN
 core.bgc_10.col_reg._082_/ZN
 core.bgc_10.col_reg._083_/ZN
 core.bgc_10.col_reg._084_/ZN
 core.bgc_10.col_reg._085_/ZN
 core.bgc_10.col_reg._086_/ZN
 core.bgc_10.col_reg._087_/ZN
 core.bgc_10.col_reg._088_/ZN
 core.bgc_10.col_reg._089_/ZN
 core.bgc_10.col_reg._090_/ZN
 core.bgc_10.col_reg._091_/ZN
 core.bgc_10.col_reg._092_/ZN
 core.bgc_10.col_reg._093_/ZN
 core.bgc_10.col_reg._094_/ZN
 core.bgc_10.col_reg._095_/ZN
 core.bgc_10.col_reg._096_/ZN
 core.bgc_10.col_reg._097_/ZN
 core.bgc_10.col_reg._098_/ZN
 core.bgc_10.col_reg._099_/ZN
 core.bgc_10.col_reg._100_/ZN
 core.bgc_10.col_reg._101_/ZN
 core.bgc_10.col_reg._102_/ZN
 core.bgc_10.col_reg._103_/ZN
 core.bgc_10.col_reg._104_/ZN
 core.bgc_10.col_reg._105_/ZN
 core.bgc_10.col_reg._106_/ZN
 core.bgc_10.col_reg._107_/ZN
 core.bgc_10.col_reg._108_/ZN
 core.bgc_10.col_reg._109_/ZN
 core.bgc_10.col_reg._110_/ZN
 core.bgc_10.col_reg._111_/ZN
 core.bgc_10.col_reg._112_/ZN
 core.bgc_10.col_reg._113_/ZN
 core.bgc_10.col_reg._114_/ZN
 core.bgc_10.col_reg._115_/ZN
 core.bgc_10.col_reg._116_/ZN
 core.bgc_10.col_reg._117_/Q
 core.bgc_10.col_reg._118_/Q
 core.bgc_10.col_reg._119_/Q
 core.bgc_10.col_reg._120_/Q
 core.bgc_10.col_reg._121_/Q
 core.bgc_10.col_reg._122_/Q
 core.bgc_10.col_reg._123_/Q
 core.bgc_10.col_reg._124_/Q
 core.bgc_10.col_reg._125_/Q
 core.bgc_10.col_reg._126_/Q
 core.bgc_10.col_reg._127_/Q
 core.bgc_10.col_reg._128_/Q
 core.bgc_10.comp_col._20_/ZN
 core.bgc_10.comp_col._21_/ZN
 core.bgc_10.comp_col._22_/ZN
 core.bgc_10.comp_col._23_/ZN
 core.bgc_10.comp_col._24_/ZN
 core.bgc_10.comp_col._25_/ZN
 core.bgc_10.comp_col._26_/ZN
 core.bgc_10.comp_col._27_/ZN
 core.bgc_10.comp_col._28_/ZN
 core.bgc_10.comp_col._29_/ZN
 core.bgc_10.comp_col._30_/ZN
 core.bgc_10.comp_col._31_/ZN
 core.bgc_10.comp_col._32_/ZN
 core.bgc_10.comp_col._33_/ZN
 core.bgc_10.comp_col._34_/ZN
 core.bgc_10.comp_col._35_/ZN
 core.bgc_10.comp_col._36_/ZN
 core.bgc_10.comp_col._37_/ZN
 core.bgc_10.comp_col._38_/ZN
 core.bgc_10.comp_col._39_/ZN
 core.bgc_10.comp_col._40_/ZN
 core.bgc_10.comp_col._41_/ZN
 core.bgc_10.comp_col._42_/ZN
 core.bgc_10.comp_col._43_/ZN
 core.bgc_10.comp_col._44_/ZN
 core.bgc_10.comp_col._45_/ZN
 core.bgc_10.comp_col._46_/ZN
 core.bgc_10.comp_col._47_/ZN
 core.bgc_10.comp_col._48_/Z
 core.bgc_10.comp_col._49_/Z
 core.bgc_10.comp_col._50_/Z
 core.bgc_10.comp_col._51_/Z
 core.bgc_10.comp_col._52_/Z
 core.bgc_10.comp_col._53_/Z
 core.bgc_10.comp_col._54_/Z
 core.bgc_10.comp_col._55_/Z
 core.bgc_10.comp_col._56_/Z
 core.bgc_10.comp_col._57_/Z
 core.bgc_10.comp_col._58_/Z
 core.bgc_10.comp_col._59_/Z
 core.bgc_10.comp_col._60_/ZN
 core.bgc_10.comp_col._61_/ZN
 core.bgc_10.comp_col._62_/ZN
 core.bgc_10.comp_col._63_/ZN
 core.bgc_10.comp_col._64_/ZN
 core.bgc_10.comp_col.pe1._18_/ZN
 core.bgc_10.comp_col.pe1._19_/ZN
 core.bgc_10.comp_col.pe1._20_/ZN
 core.bgc_10.comp_col.pe1._21_/ZN
 core.bgc_10.comp_col.pe1._22_/ZN
 core.bgc_10.comp_col.pe1._23_/ZN
 core.bgc_10.comp_col.pe1._24_/ZN
 core.bgc_10.comp_col.pe1._25_/ZN
 core.bgc_10.comp_col.pe1._26_/ZN
 core.bgc_10.comp_col.pe1._27_/ZN
 core.bgc_10.comp_col.pe1._28_/ZN
 core.bgc_10.comp_col.pe1._29_/ZN
 core.bgc_10.comp_col.pe1._30_/ZN
 core.bgc_10.comp_col.pe1._31_/ZN
 core.bgc_10.comp_col.pe1._32_/ZN
 core.bgc_10.comp_col.pe1._33_/ZN
 core.bgc_10.comp_col.pe1._34_/ZN
 core.bgc_10.comp_col.pe1._35_/ZN
 core.bgc_10.comp_col.pe1._36_/ZN
 core.bgc_10.comp_col.pe1._37_/ZN
 core.bgc_10.comp_col.pe1._38_/ZN
 core.bgc_10.comp_col.pe1._39_/ZN
 core.bgc_10.comp_col.pe2._18_/ZN
 core.bgc_10.comp_col.pe2._19_/ZN
 core.bgc_10.comp_col.pe2._20_/ZN
 core.bgc_10.comp_col.pe2._21_/ZN
 core.bgc_10.comp_col.pe2._22_/ZN
 core.bgc_10.comp_col.pe2._23_/ZN
 core.bgc_10.comp_col.pe2._24_/ZN
 core.bgc_10.comp_col.pe2._25_/ZN
 core.bgc_10.comp_col.pe2._26_/ZN
 core.bgc_10.comp_col.pe2._27_/ZN
 core.bgc_10.comp_col.pe2._28_/ZN
 core.bgc_10.comp_col.pe2._29_/ZN
 core.bgc_10.comp_col.pe2._30_/ZN
 core.bgc_10.comp_col.pe2._31_/ZN
 core.bgc_10.comp_col.pe2._32_/ZN
 core.bgc_10.comp_col.pe2._33_/ZN
 core.bgc_10.comp_col.pe2._34_/ZN
 core.bgc_10.comp_col.pe2._35_/ZN
 core.bgc_10.comp_col.pe2._36_/ZN
 core.bgc_10.comp_col.pe2._37_/ZN
 core.bgc_10.comp_col.pe2._38_/ZN
 core.bgc_10.comp_col.pe2._39_/ZN
 core.bgc_10.comp_row._20_/ZN
 core.bgc_10.comp_row._21_/ZN
 core.bgc_10.comp_row._22_/ZN
 core.bgc_10.comp_row._23_/ZN
 core.bgc_10.comp_row._24_/ZN
 core.bgc_10.comp_row._25_/ZN
 core.bgc_10.comp_row._26_/ZN
 core.bgc_10.comp_row._27_/ZN
 core.bgc_10.comp_row._28_/ZN
 core.bgc_10.comp_row._29_/ZN
 core.bgc_10.comp_row._30_/ZN
 core.bgc_10.comp_row._31_/ZN
 core.bgc_10.comp_row._32_/ZN
 core.bgc_10.comp_row._33_/ZN
 core.bgc_10.comp_row._34_/ZN
 core.bgc_10.comp_row._35_/ZN
 core.bgc_10.comp_row._36_/ZN
 core.bgc_10.comp_row._37_/ZN
 core.bgc_10.comp_row._38_/ZN
 core.bgc_10.comp_row._39_/ZN
 core.bgc_10.comp_row._40_/ZN
 core.bgc_10.comp_row._41_/ZN
 core.bgc_10.comp_row._42_/ZN
 core.bgc_10.comp_row._43_/ZN
 core.bgc_10.comp_row._44_/ZN
 core.bgc_10.comp_row._45_/ZN
 core.bgc_10.comp_row._46_/ZN
 core.bgc_10.comp_row._47_/ZN
 core.bgc_10.comp_row._48_/Z
 core.bgc_10.comp_row._49_/Z
 core.bgc_10.comp_row._50_/Z
 core.bgc_10.comp_row._51_/Z
 core.bgc_10.comp_row._52_/Z
 core.bgc_10.comp_row._53_/Z
 core.bgc_10.comp_row._54_/Z
 core.bgc_10.comp_row._55_/Z
 core.bgc_10.comp_row._56_/Z
 core.bgc_10.comp_row._57_/Z
 core.bgc_10.comp_row._58_/Z
 core.bgc_10.comp_row._59_/Z
 core.bgc_10.comp_row._60_/ZN
 core.bgc_10.comp_row._61_/ZN
 core.bgc_10.comp_row._62_/ZN
 core.bgc_10.comp_row._63_/ZN
 core.bgc_10.comp_row._64_/ZN
 core.bgc_10.comp_row.pe1._18_/ZN
 core.bgc_10.comp_row.pe1._19_/ZN
 core.bgc_10.comp_row.pe1._20_/ZN
 core.bgc_10.comp_row.pe1._21_/ZN
 core.bgc_10.comp_row.pe1._22_/ZN
 core.bgc_10.comp_row.pe1._23_/ZN
 core.bgc_10.comp_row.pe1._24_/ZN
 core.bgc_10.comp_row.pe1._25_/ZN
 core.bgc_10.comp_row.pe1._26_/ZN
 core.bgc_10.comp_row.pe1._27_/ZN
 core.bgc_10.comp_row.pe1._28_/ZN
 core.bgc_10.comp_row.pe1._29_/ZN
 core.bgc_10.comp_row.pe1._30_/ZN
 core.bgc_10.comp_row.pe1._31_/ZN
 core.bgc_10.comp_row.pe1._32_/ZN
 core.bgc_10.comp_row.pe1._33_/ZN
 core.bgc_10.comp_row.pe1._34_/ZN
 core.bgc_10.comp_row.pe1._35_/ZN
 core.bgc_10.comp_row.pe1._36_/ZN
 core.bgc_10.comp_row.pe1._37_/ZN
 core.bgc_10.comp_row.pe1._38_/ZN
 core.bgc_10.comp_row.pe1._39_/ZN
 core.bgc_10.comp_row.pe2._18_/ZN
 core.bgc_10.comp_row.pe2._19_/ZN
 core.bgc_10.comp_row.pe2._20_/ZN
 core.bgc_10.comp_row.pe2._21_/ZN
 core.bgc_10.comp_row.pe2._22_/ZN
 core.bgc_10.comp_row.pe2._23_/ZN
 core.bgc_10.comp_row.pe2._24_/ZN
 core.bgc_10.comp_row.pe2._25_/ZN
 core.bgc_10.comp_row.pe2._26_/ZN
 core.bgc_10.comp_row.pe2._27_/ZN
 core.bgc_10.comp_row.pe2._28_/ZN
 core.bgc_10.comp_row.pe2._29_/ZN
 core.bgc_10.comp_row.pe2._30_/ZN
 core.bgc_10.comp_row.pe2._31_/ZN
 core.bgc_10.comp_row.pe2._32_/ZN
 core.bgc_10.comp_row.pe2._33_/ZN
 core.bgc_10.comp_row.pe2._34_/ZN
 core.bgc_10.comp_row.pe2._35_/ZN
 core.bgc_10.comp_row.pe2._36_/ZN
 core.bgc_10.comp_row.pe2._37_/ZN
 core.bgc_10.comp_row.pe2._38_/ZN
 core.bgc_10.comp_row.pe2._39_/ZN
 core.bgc_10.final_counter._29_/ZN
 core.bgc_10.final_counter._30_/ZN
 core.bgc_10.final_counter._31_/ZN
 core.bgc_10.final_counter._32_/ZN
 core.bgc_10.final_counter._33_/ZN
 core.bgc_10.final_counter._34_/ZN
 core.bgc_10.final_counter._35_/ZN
 core.bgc_10.final_counter._36_/ZN
 core.bgc_10.final_counter._37_/ZN
 core.bgc_10.final_counter._38_/ZN
 core.bgc_10.final_counter._39_/Z
 core.bgc_10.final_counter._40_/ZN
 core.bgc_10.final_counter._41_/ZN
 core.bgc_10.final_counter._42_/ZN
 core.bgc_10.final_counter._43_/Z
 core.bgc_10.final_counter._44_/ZN
 core.bgc_10.final_counter._45_/ZN
 core.bgc_10.final_counter._46_/Z
 core.bgc_10.final_counter._47_/ZN
 core.bgc_10.final_counter._48_/ZN
 core.bgc_10.final_counter._49_/Z
 core.bgc_10.final_counter._50_/ZN
 core.bgc_10.final_counter._51_/ZN
 core.bgc_10.final_counter._52_/ZN
 core.bgc_10.final_counter._53_/ZN
 core.bgc_10.final_counter._54_/Z
 core.bgc_10.final_counter._55_/ZN
 core.bgc_10.final_counter._56_/ZN
 core.bgc_10.final_counter._57_/Z
 core.bgc_10.final_counter._58_/ZN
 core.bgc_10.final_counter._59_/ZN
 core.bgc_10.final_counter._60_/ZN
 core.bgc_10.final_counter._61_/ZN
 core.bgc_10.final_counter._62_/ZN
 core.bgc_10.final_counter._63_/ZN
 core.bgc_10.final_counter._64_/ZN
 core.bgc_10.final_counter._65_/ZN
 core.bgc_10.final_counter._66_/ZN
 core.bgc_10.final_counter._67_/Z
 core.bgc_10.final_counter._68_/ZN
 core.bgc_10.final_counter._69_/Q
 core.bgc_10.final_counter._70_/Q
 core.bgc_10.final_counter._71_/Q
 core.bgc_10.final_counter._72_/Q
 core.bgc_10.final_counter._73_/Q
 core.bgc_10.final_counter._74_/Q
 core.bgc_10.final_counter._75_/Q
 core.bgc_10.final_counter._76_/Q
 core.bgc_10.final_counter._77_/Q
 core.bgc_10.final_counter._78_/Q
 core.bgc_10.final_counter._79_/Q
 core.bgc_10.final_counter._80_/Q
 core.bgc_10.lfsr_col._27_/ZN
 core.bgc_10.lfsr_col._28_/ZN
 core.bgc_10.lfsr_col._28__1395/Z
 core.bgc_10.lfsr_col._29_/Z
 core.bgc_10.lfsr_col._29__1396/Z
 core.bgc_10.lfsr_col._30_/Z
 core.bgc_10.lfsr_col._30__720/ZN
 core.bgc_10.lfsr_col._31_/Z
 core.bgc_10.lfsr_col._31__1397/Z
 core.bgc_10.lfsr_col._32_/Z
 core.bgc_10.lfsr_col._32__721/ZN
 core.bgc_10.lfsr_col._33_/Z
 core.bgc_10.lfsr_col._33__722/ZN
 core.bgc_10.lfsr_col._34_/Z
 core.bgc_10.lfsr_col._34__723/ZN
 core.bgc_10.lfsr_col._35_/Z
 core.bgc_10.lfsr_col._35__1398/Z
 core.bgc_10.lfsr_col._36_/Z
 core.bgc_10.lfsr_col._36__1399/Z
 core.bgc_10.lfsr_col._37_/Z
 core.bgc_10.lfsr_col._37__724/ZN
 core.bgc_10.lfsr_col._38_/Z
 core.bgc_10.lfsr_col._38__1400/Z
 core.bgc_10.lfsr_col._39_/Z
 core.bgc_10.lfsr_col._39__1401/Z
 core.bgc_10.lfsr_col._40_/Z
 core.bgc_10.lfsr_col._40__725/ZN
 core.bgc_10.lfsr_col._41_/Z
 core.bgc_10.lfsr_col._42_/Z
 core.bgc_10.lfsr_col._43_/Z
 core.bgc_10.lfsr_col._44_/Z
 core.bgc_10.lfsr_col._44__726/ZN
 core.bgc_10.lfsr_col._45_/Z
 core.bgc_10.lfsr_col._45__1402/Z
 core.bgc_10.lfsr_col._46_/Z
 core.bgc_10.lfsr_col._46__1403/Z
 core.bgc_10.lfsr_col._47_/Z
 core.bgc_10.lfsr_col._47__727/ZN
 core.bgc_10.lfsr_col._48_/Z
 core.bgc_10.lfsr_col._48__1404/Z
 core.bgc_10.lfsr_col._49_/Z
 core.bgc_10.lfsr_col._49__1405/Z
 core.bgc_10.lfsr_col._50_/Z
 core.bgc_10.lfsr_col._50__728/ZN
 core.bgc_10.lfsr_col._51_/Z
 core.bgc_10.lfsr_col._51__729/ZN
 core.bgc_10.lfsr_col._52_/Z
 core.bgc_10.lfsr_col._52__730/ZN
 core.bgc_10.lfsr_col._53_/Z
 core.bgc_10.lfsr_col._53__1406/Z
 core.bgc_10.lfsr_col._54_/Z
 core.bgc_10.lfsr_col._54__731/ZN
 core.bgc_10.lfsr_col._55_/Z
 core.bgc_10.lfsr_col._55__1407/Z
 core.bgc_10.lfsr_col._56_/Z
 core.bgc_10.lfsr_col._57_/Z
 core.bgc_10.lfsr_col._58_/Z
 core.bgc_10.lfsr_col._59_/Z
 core.bgc_10.lfsr_col._60_/Z
 core.bgc_10.lfsr_col._61_/Z
 core.bgc_10.lfsr_col._62_/Z
 core.bgc_10.lfsr_col._63_/Z
 core.bgc_10.lfsr_col._64_/Z
 core.bgc_10.lfsr_col._65_/Z
 core.bgc_10.lfsr_col._66_/ZN
 core.bgc_10.lfsr_col._66__732/ZN
 core.bgc_10.lfsr_col._67_/ZN
 core.bgc_10.lfsr_col._67__1408/Z
 core.bgc_10.lfsr_col._68_/ZN
 core.bgc_10.lfsr_col._68__1409/Z
 core.bgc_10.lfsr_col._69_/ZN
 core.bgc_10.lfsr_col._69__733/ZN
 core.bgc_10.lfsr_col._70_/ZN
 core.bgc_10.lfsr_col._70__1410/Z
 core.bgc_10.lfsr_col._71_/ZN
 core.bgc_10.lfsr_col._71__1411/Z
 core.bgc_10.lfsr_col._72_/ZN
 core.bgc_10.lfsr_col._72__734/ZN
 core.bgc_10.lfsr_col._73_/ZN
 core.bgc_10.lfsr_col._73__735/ZN
 core.bgc_10.lfsr_col._74_/ZN
 core.bgc_10.lfsr_col._74__736/ZN
 core.bgc_10.lfsr_col._75_/ZN
 core.bgc_10.lfsr_col._75__1412/Z
 core.bgc_10.lfsr_col._76_/ZN
 core.bgc_10.lfsr_col._76__737/ZN
 core.bgc_10.lfsr_col._77_/Q
 core.bgc_10.lfsr_col._78_/Q
 core.bgc_10.lfsr_col._79_/Q
 core.bgc_10.lfsr_col._80_/Q
 core.bgc_10.lfsr_col._81_/Q
 core.bgc_10.lfsr_col._82_/Q
 core.bgc_10.lfsr_col._83_/Q
 core.bgc_10.lfsr_col._84_/Q
 core.bgc_10.lfsr_col._85_/Q
 core.bgc_10.lfsr_col._86_/Q
 core.bgc_10.lfsr_col._87_/Q
 core.bgc_10.lfsr_col._88_/Q
 core.bgc_10.lfsr_row._27_/ZN
 core.bgc_10.lfsr_row._28_/ZN
 core.bgc_10.lfsr_row._28__1413/Z
 core.bgc_10.lfsr_row._29_/Z
 core.bgc_10.lfsr_row._29__1414/Z
 core.bgc_10.lfsr_row._30_/Z
 core.bgc_10.lfsr_row._30__1415/Z
 core.bgc_10.lfsr_row._31_/Z
 core.bgc_10.lfsr_row._31__1416/Z
 core.bgc_10.lfsr_row._32_/Z
 core.bgc_10.lfsr_row._32__738/ZN
 core.bgc_10.lfsr_row._33_/Z
 core.bgc_10.lfsr_row._33__739/ZN
 core.bgc_10.lfsr_row._34_/Z
 core.bgc_10.lfsr_row._34__740/ZN
 core.bgc_10.lfsr_row._35_/Z
 core.bgc_10.lfsr_row._35__1417/Z
 core.bgc_10.lfsr_row._36_/Z
 core.bgc_10.lfsr_row._36__1418/Z
 core.bgc_10.lfsr_row._37_/Z
 core.bgc_10.lfsr_row._37__741/ZN
 core.bgc_10.lfsr_row._38_/Z
 core.bgc_10.lfsr_row._38__1419/Z
 core.bgc_10.lfsr_row._39_/Z
 core.bgc_10.lfsr_row._39__1420/Z
 core.bgc_10.lfsr_row._40_/Z
 core.bgc_10.lfsr_row._40__1421/Z
 core.bgc_10.lfsr_row._41_/Z
 core.bgc_10.lfsr_row._42_/Z
 core.bgc_10.lfsr_row._43_/Z
 core.bgc_10.lfsr_row._44_/Z
 core.bgc_10.lfsr_row._44__1422/Z
 core.bgc_10.lfsr_row._45_/Z
 core.bgc_10.lfsr_row._45__1423/Z
 core.bgc_10.lfsr_row._46_/Z
 core.bgc_10.lfsr_row._46__1424/Z
 core.bgc_10.lfsr_row._47_/Z
 core.bgc_10.lfsr_row._47__742/ZN
 core.bgc_10.lfsr_row._48_/Z
 core.bgc_10.lfsr_row._48__1425/Z
 core.bgc_10.lfsr_row._49_/Z
 core.bgc_10.lfsr_row._49__1426/Z
 core.bgc_10.lfsr_row._50_/Z
 core.bgc_10.lfsr_row._50__743/ZN
 core.bgc_10.lfsr_row._51_/Z
 core.bgc_10.lfsr_row._51__744/ZN
 core.bgc_10.lfsr_row._52_/Z
 core.bgc_10.lfsr_row._52__745/ZN
 core.bgc_10.lfsr_row._53_/Z
 core.bgc_10.lfsr_row._53__1427/Z
 core.bgc_10.lfsr_row._54_/Z
 core.bgc_10.lfsr_row._54__1428/Z
 core.bgc_10.lfsr_row._55_/Z
 core.bgc_10.lfsr_row._55__1429/Z
 core.bgc_10.lfsr_row._56_/Z
 core.bgc_10.lfsr_row._57_/Z
 core.bgc_10.lfsr_row._58_/Z
 core.bgc_10.lfsr_row._59_/Z
 core.bgc_10.lfsr_row._60_/Z
 core.bgc_10.lfsr_row._61_/Z
 core.bgc_10.lfsr_row._62_/Z
 core.bgc_10.lfsr_row._63_/Z
 core.bgc_10.lfsr_row._64_/Z
 core.bgc_10.lfsr_row._65_/Z
 core.bgc_10.lfsr_row._66_/ZN
 core.bgc_10.lfsr_row._66__1430/Z
 core.bgc_10.lfsr_row._67_/ZN
 core.bgc_10.lfsr_row._67__1431/Z
 core.bgc_10.lfsr_row._68_/ZN
 core.bgc_10.lfsr_row._68__1432/Z
 core.bgc_10.lfsr_row._69_/ZN
 core.bgc_10.lfsr_row._69__746/ZN
 core.bgc_10.lfsr_row._70_/ZN
 core.bgc_10.lfsr_row._70__1433/Z
 core.bgc_10.lfsr_row._71_/ZN
 core.bgc_10.lfsr_row._71__1434/Z
 core.bgc_10.lfsr_row._72_/ZN
 core.bgc_10.lfsr_row._72__747/ZN
 core.bgc_10.lfsr_row._73_/ZN
 core.bgc_10.lfsr_row._73__748/ZN
 core.bgc_10.lfsr_row._74_/ZN
 core.bgc_10.lfsr_row._74__749/ZN
 core.bgc_10.lfsr_row._75_/ZN
 core.bgc_10.lfsr_row._75__1435/Z
 core.bgc_10.lfsr_row._76_/ZN
 core.bgc_10.lfsr_row._76__1436/Z
 core.bgc_10.lfsr_row._77_/Q
 core.bgc_10.lfsr_row._78_/Q
 core.bgc_10.lfsr_row._79_/Q
 core.bgc_10.lfsr_row._80_/Q
 core.bgc_10.lfsr_row._81_/Q
 core.bgc_10.lfsr_row._82_/Q
 core.bgc_10.lfsr_row._83_/Q
 core.bgc_10.lfsr_row._84_/Q
 core.bgc_10.lfsr_row._85_/Q
 core.bgc_10.lfsr_row._86_/Q
 core.bgc_10.lfsr_row._87_/Q
 core.bgc_10.lfsr_row._88_/Q
 core.bgc_10.row_reg._053_/ZN
 core.bgc_10.row_reg._054_/ZN
 core.bgc_10.row_reg._055_/ZN
 core.bgc_10.row_reg._056_/ZN
 core.bgc_10.row_reg._056__750/ZN
 core.bgc_10.row_reg._057_/ZN
 core.bgc_10.row_reg._058_/ZN
 core.bgc_10.row_reg._058__751/ZN
 core.bgc_10.row_reg._059_/ZN
 core.bgc_10.row_reg._060_/ZN
 core.bgc_10.row_reg._060__752/ZN
 core.bgc_10.row_reg._061_/ZN
 core.bgc_10.row_reg._062_/ZN
 core.bgc_10.row_reg._062__753/ZN
 core.bgc_10.row_reg._063_/ZN
 core.bgc_10.row_reg._064_/ZN
 core.bgc_10.row_reg._064__754/ZN
 core.bgc_10.row_reg._065_/ZN
 core.bgc_10.row_reg._066_/ZN
 core.bgc_10.row_reg._066__755/ZN
 core.bgc_10.row_reg._067_/ZN
 core.bgc_10.row_reg._068_/ZN
 core.bgc_10.row_reg._068__756/ZN
 core.bgc_10.row_reg._069_/ZN
 core.bgc_10.row_reg._070_/ZN
 core.bgc_10.row_reg._070__757/ZN
 core.bgc_10.row_reg._071_/ZN
 core.bgc_10.row_reg._072_/ZN
 core.bgc_10.row_reg._072__758/ZN
 core.bgc_10.row_reg._073_/ZN
 core.bgc_10.row_reg._074_/ZN
 core.bgc_10.row_reg._074__759/ZN
 core.bgc_10.row_reg._075_/ZN
 core.bgc_10.row_reg._076_/ZN
 core.bgc_10.row_reg._076__760/ZN
 core.bgc_10.row_reg._077_/ZN
 core.bgc_10.row_reg._078_/ZN
 core.bgc_10.row_reg._078__761/ZN
 core.bgc_10.row_reg._079_/ZN
 core.bgc_10.row_reg._080_/Z
 core.bgc_10.row_reg._081_/ZN
 core.bgc_10.row_reg._082_/ZN
 core.bgc_10.row_reg._083_/ZN
 core.bgc_10.row_reg._084_/ZN
 core.bgc_10.row_reg._085_/ZN
 core.bgc_10.row_reg._086_/ZN
 core.bgc_10.row_reg._087_/ZN
 core.bgc_10.row_reg._088_/ZN
 core.bgc_10.row_reg._089_/ZN
 core.bgc_10.row_reg._090_/ZN
 core.bgc_10.row_reg._091_/ZN
 core.bgc_10.row_reg._092_/ZN
 core.bgc_10.row_reg._093_/ZN
 core.bgc_10.row_reg._094_/ZN
 core.bgc_10.row_reg._095_/ZN
 core.bgc_10.row_reg._096_/ZN
 core.bgc_10.row_reg._097_/ZN
 core.bgc_10.row_reg._098_/ZN
 core.bgc_10.row_reg._099_/ZN
 core.bgc_10.row_reg._100_/ZN
 core.bgc_10.row_reg._101_/ZN
 core.bgc_10.row_reg._102_/ZN
 core.bgc_10.row_reg._103_/ZN
 core.bgc_10.row_reg._104_/ZN
 core.bgc_10.row_reg._105_/ZN
 core.bgc_10.row_reg._106_/ZN
 core.bgc_10.row_reg._107_/ZN
 core.bgc_10.row_reg._108_/ZN
 core.bgc_10.row_reg._109_/ZN
 core.bgc_10.row_reg._110_/ZN
 core.bgc_10.row_reg._111_/ZN
 core.bgc_10.row_reg._112_/ZN
 core.bgc_10.row_reg._113_/ZN
 core.bgc_10.row_reg._114_/ZN
 core.bgc_10.row_reg._115_/ZN
 core.bgc_10.row_reg._116_/ZN
 core.bgc_10.row_reg._117_/Q
 core.bgc_10.row_reg._118_/Q
 core.bgc_10.row_reg._119_/Q
 core.bgc_10.row_reg._120_/Q
 core.bgc_10.row_reg._121_/Q
 core.bgc_10.row_reg._122_/Q
 core.bgc_10.row_reg._123_/Q
 core.bgc_10.row_reg._124_/Q
 core.bgc_10.row_reg._125_/Q
 core.bgc_10.row_reg._126_/Q
 core.bgc_10.row_reg._127_/Q
 core.bgc_10.row_reg._128_/Q
 core.bgc_11._05_/ZN
 core.bgc_11._06_/ZN
 core.bgc_11._07_/ZN
 core.bgc_11._07__762/ZN
 core.bgc_11._08_/ZN
 core.bgc_11._09_/Z
 core.bgc_11._10_/ZN
 core.bgc_11._11_/Z
 core.bgc_11._11__763/ZN
 core.bgc_11._12_/Z
 core.bgc_11._13_/Z
 core.bgc_11._14_/Z
 core.bgc_11._15_/Z
 core.bgc_11._16_/Z
 core.bgc_11._17_/Z
 core.bgc_11._18_/Z
 core.bgc_11._19_/Z
 core.bgc_11._20_/Z
 core.bgc_11._21_/Z
 core.bgc_11._22_/Z
 core.bgc_11._23_/Z
 core.bgc_11._24_/ZN
 core.bgc_11._25_/ZN
 core.bgc_11.col_reg._053_/ZN
 core.bgc_11.col_reg._054_/ZN
 core.bgc_11.col_reg._055_/ZN
 core.bgc_11.col_reg._056_/ZN
 core.bgc_11.col_reg._057_/ZN
 core.bgc_11.col_reg._058_/ZN
 core.bgc_11.col_reg._059_/ZN
 core.bgc_11.col_reg._060_/ZN
 core.bgc_11.col_reg._061_/ZN
 core.bgc_11.col_reg._062_/ZN
 core.bgc_11.col_reg._063_/ZN
 core.bgc_11.col_reg._064_/ZN
 core.bgc_11.col_reg._065_/ZN
 core.bgc_11.col_reg._066_/ZN
 core.bgc_11.col_reg._067_/ZN
 core.bgc_11.col_reg._068_/ZN
 core.bgc_11.col_reg._069_/ZN
 core.bgc_11.col_reg._070_/ZN
 core.bgc_11.col_reg._071_/ZN
 core.bgc_11.col_reg._072_/ZN
 core.bgc_11.col_reg._073_/ZN
 core.bgc_11.col_reg._074_/ZN
 core.bgc_11.col_reg._075_/ZN
 core.bgc_11.col_reg._076_/ZN
 core.bgc_11.col_reg._077_/ZN
 core.bgc_11.col_reg._078_/ZN
 core.bgc_11.col_reg._079_/ZN
 core.bgc_11.col_reg._080_/Z
 core.bgc_11.col_reg._081_/ZN
 core.bgc_11.col_reg._082_/ZN
 core.bgc_11.col_reg._083_/ZN
 core.bgc_11.col_reg._084_/ZN
 core.bgc_11.col_reg._085_/ZN
 core.bgc_11.col_reg._086_/ZN
 core.bgc_11.col_reg._087_/ZN
 core.bgc_11.col_reg._088_/ZN
 core.bgc_11.col_reg._089_/ZN
 core.bgc_11.col_reg._090_/ZN
 core.bgc_11.col_reg._091_/ZN
 core.bgc_11.col_reg._092_/ZN
 core.bgc_11.col_reg._093_/ZN
 core.bgc_11.col_reg._094_/ZN
 core.bgc_11.col_reg._095_/ZN
 core.bgc_11.col_reg._096_/ZN
 core.bgc_11.col_reg._097_/ZN
 core.bgc_11.col_reg._098_/ZN
 core.bgc_11.col_reg._099_/ZN
 core.bgc_11.col_reg._100_/ZN
 core.bgc_11.col_reg._101_/ZN
 core.bgc_11.col_reg._102_/ZN
 core.bgc_11.col_reg._103_/ZN
 core.bgc_11.col_reg._104_/ZN
 core.bgc_11.col_reg._105_/ZN
 core.bgc_11.col_reg._106_/ZN
 core.bgc_11.col_reg._107_/ZN
 core.bgc_11.col_reg._108_/ZN
 core.bgc_11.col_reg._109_/ZN
 core.bgc_11.col_reg._110_/ZN
 core.bgc_11.col_reg._111_/ZN
 core.bgc_11.col_reg._112_/ZN
 core.bgc_11.col_reg._113_/ZN
 core.bgc_11.col_reg._114_/ZN
 core.bgc_11.col_reg._115_/ZN
 core.bgc_11.col_reg._116_/ZN
 core.bgc_11.col_reg._117_/Q
 core.bgc_11.col_reg._118_/Q
 core.bgc_11.col_reg._119_/Q
 core.bgc_11.col_reg._120_/Q
 core.bgc_11.col_reg._121_/Q
 core.bgc_11.col_reg._122_/Q
 core.bgc_11.col_reg._123_/Q
 core.bgc_11.col_reg._124_/Q
 core.bgc_11.col_reg._125_/Q
 core.bgc_11.col_reg._126_/Q
 core.bgc_11.col_reg._127_/Q
 core.bgc_11.col_reg._128_/Q
 core.bgc_11.comp_col._20_/ZN
 core.bgc_11.comp_col._21_/ZN
 core.bgc_11.comp_col._22_/ZN
 core.bgc_11.comp_col._23_/ZN
 core.bgc_11.comp_col._24_/ZN
 core.bgc_11.comp_col._25_/ZN
 core.bgc_11.comp_col._26_/ZN
 core.bgc_11.comp_col._27_/ZN
 core.bgc_11.comp_col._28_/ZN
 core.bgc_11.comp_col._29_/ZN
 core.bgc_11.comp_col._30_/ZN
 core.bgc_11.comp_col._31_/ZN
 core.bgc_11.comp_col._32_/ZN
 core.bgc_11.comp_col._33_/ZN
 core.bgc_11.comp_col._34_/ZN
 core.bgc_11.comp_col._35_/ZN
 core.bgc_11.comp_col._36_/ZN
 core.bgc_11.comp_col._37_/ZN
 core.bgc_11.comp_col._38_/ZN
 core.bgc_11.comp_col._39_/ZN
 core.bgc_11.comp_col._40_/ZN
 core.bgc_11.comp_col._41_/ZN
 core.bgc_11.comp_col._42_/ZN
 core.bgc_11.comp_col._43_/ZN
 core.bgc_11.comp_col._44_/ZN
 core.bgc_11.comp_col._45_/ZN
 core.bgc_11.comp_col._46_/ZN
 core.bgc_11.comp_col._47_/ZN
 core.bgc_11.comp_col._48_/Z
 core.bgc_11.comp_col._49_/Z
 core.bgc_11.comp_col._50_/Z
 core.bgc_11.comp_col._51_/Z
 core.bgc_11.comp_col._52_/Z
 core.bgc_11.comp_col._53_/Z
 core.bgc_11.comp_col._54_/Z
 core.bgc_11.comp_col._55_/Z
 core.bgc_11.comp_col._56_/Z
 core.bgc_11.comp_col._57_/Z
 core.bgc_11.comp_col._58_/Z
 core.bgc_11.comp_col._59_/Z
 core.bgc_11.comp_col._60_/ZN
 core.bgc_11.comp_col._61_/ZN
 core.bgc_11.comp_col._62_/ZN
 core.bgc_11.comp_col._63_/ZN
 core.bgc_11.comp_col._64_/ZN
 core.bgc_11.comp_col.pe1._18_/ZN
 core.bgc_11.comp_col.pe1._19_/ZN
 core.bgc_11.comp_col.pe1._20_/ZN
 core.bgc_11.comp_col.pe1._21_/ZN
 core.bgc_11.comp_col.pe1._22_/ZN
 core.bgc_11.comp_col.pe1._23_/ZN
 core.bgc_11.comp_col.pe1._24_/ZN
 core.bgc_11.comp_col.pe1._25_/ZN
 core.bgc_11.comp_col.pe1._26_/ZN
 core.bgc_11.comp_col.pe1._27_/ZN
 core.bgc_11.comp_col.pe1._28_/ZN
 core.bgc_11.comp_col.pe1._29_/ZN
 core.bgc_11.comp_col.pe1._30_/ZN
 core.bgc_11.comp_col.pe1._31_/ZN
 core.bgc_11.comp_col.pe1._32_/ZN
 core.bgc_11.comp_col.pe1._33_/ZN
 core.bgc_11.comp_col.pe1._34_/ZN
 core.bgc_11.comp_col.pe1._35_/ZN
 core.bgc_11.comp_col.pe1._36_/ZN
 core.bgc_11.comp_col.pe1._37_/ZN
 core.bgc_11.comp_col.pe1._38_/ZN
 core.bgc_11.comp_col.pe1._39_/ZN
 core.bgc_11.comp_col.pe2._18_/ZN
 core.bgc_11.comp_col.pe2._19_/ZN
 core.bgc_11.comp_col.pe2._20_/ZN
 core.bgc_11.comp_col.pe2._21_/ZN
 core.bgc_11.comp_col.pe2._22_/ZN
 core.bgc_11.comp_col.pe2._23_/ZN
 core.bgc_11.comp_col.pe2._24_/ZN
 core.bgc_11.comp_col.pe2._25_/ZN
 core.bgc_11.comp_col.pe2._26_/ZN
 core.bgc_11.comp_col.pe2._27_/ZN
 core.bgc_11.comp_col.pe2._28_/ZN
 core.bgc_11.comp_col.pe2._29_/ZN
 core.bgc_11.comp_col.pe2._30_/ZN
 core.bgc_11.comp_col.pe2._31_/ZN
 core.bgc_11.comp_col.pe2._32_/ZN
 core.bgc_11.comp_col.pe2._33_/ZN
 core.bgc_11.comp_col.pe2._34_/ZN
 core.bgc_11.comp_col.pe2._35_/ZN
 core.bgc_11.comp_col.pe2._36_/ZN
 core.bgc_11.comp_col.pe2._37_/ZN
 core.bgc_11.comp_col.pe2._38_/ZN
 core.bgc_11.comp_col.pe2._39_/ZN
 core.bgc_11.comp_row._20_/ZN
 core.bgc_11.comp_row._21_/ZN
 core.bgc_11.comp_row._22_/ZN
 core.bgc_11.comp_row._23_/ZN
 core.bgc_11.comp_row._24_/ZN
 core.bgc_11.comp_row._25_/ZN
 core.bgc_11.comp_row._26_/ZN
 core.bgc_11.comp_row._27_/ZN
 core.bgc_11.comp_row._28_/ZN
 core.bgc_11.comp_row._29_/ZN
 core.bgc_11.comp_row._30_/ZN
 core.bgc_11.comp_row._31_/ZN
 core.bgc_11.comp_row._32_/ZN
 core.bgc_11.comp_row._33_/ZN
 core.bgc_11.comp_row._34_/ZN
 core.bgc_11.comp_row._35_/ZN
 core.bgc_11.comp_row._36_/ZN
 core.bgc_11.comp_row._37_/ZN
 core.bgc_11.comp_row._38_/ZN
 core.bgc_11.comp_row._39_/ZN
 core.bgc_11.comp_row._40_/ZN
 core.bgc_11.comp_row._41_/ZN
 core.bgc_11.comp_row._42_/ZN
 core.bgc_11.comp_row._43_/ZN
 core.bgc_11.comp_row._44_/ZN
 core.bgc_11.comp_row._45_/ZN
 core.bgc_11.comp_row._46_/ZN
 core.bgc_11.comp_row._47_/ZN
 core.bgc_11.comp_row._48_/Z
 core.bgc_11.comp_row._49_/Z
 core.bgc_11.comp_row._50_/Z
 core.bgc_11.comp_row._51_/Z
 core.bgc_11.comp_row._52_/Z
 core.bgc_11.comp_row._53_/Z
 core.bgc_11.comp_row._54_/Z
 core.bgc_11.comp_row._55_/Z
 core.bgc_11.comp_row._56_/Z
 core.bgc_11.comp_row._57_/Z
 core.bgc_11.comp_row._58_/Z
 core.bgc_11.comp_row._59_/Z
 core.bgc_11.comp_row._60_/ZN
 core.bgc_11.comp_row._61_/ZN
 core.bgc_11.comp_row._62_/ZN
 core.bgc_11.comp_row._63_/ZN
 core.bgc_11.comp_row._64_/ZN
 core.bgc_11.comp_row.pe1._18_/ZN
 core.bgc_11.comp_row.pe1._19_/ZN
 core.bgc_11.comp_row.pe1._20_/ZN
 core.bgc_11.comp_row.pe1._21_/ZN
 core.bgc_11.comp_row.pe1._22_/ZN
 core.bgc_11.comp_row.pe1._23_/ZN
 core.bgc_11.comp_row.pe1._24_/ZN
 core.bgc_11.comp_row.pe1._25_/ZN
 core.bgc_11.comp_row.pe1._26_/ZN
 core.bgc_11.comp_row.pe1._27_/ZN
 core.bgc_11.comp_row.pe1._28_/ZN
 core.bgc_11.comp_row.pe1._29_/ZN
 core.bgc_11.comp_row.pe1._30_/ZN
 core.bgc_11.comp_row.pe1._31_/ZN
 core.bgc_11.comp_row.pe1._32_/ZN
 core.bgc_11.comp_row.pe1._33_/ZN
 core.bgc_11.comp_row.pe1._34_/ZN
 core.bgc_11.comp_row.pe1._35_/ZN
 core.bgc_11.comp_row.pe1._36_/ZN
 core.bgc_11.comp_row.pe1._37_/ZN
 core.bgc_11.comp_row.pe1._38_/ZN
 core.bgc_11.comp_row.pe1._39_/ZN
 core.bgc_11.comp_row.pe2._18_/ZN
 core.bgc_11.comp_row.pe2._19_/ZN
 core.bgc_11.comp_row.pe2._20_/ZN
 core.bgc_11.comp_row.pe2._21_/ZN
 core.bgc_11.comp_row.pe2._22_/ZN
 core.bgc_11.comp_row.pe2._23_/ZN
 core.bgc_11.comp_row.pe2._24_/ZN
 core.bgc_11.comp_row.pe2._25_/ZN
 core.bgc_11.comp_row.pe2._26_/ZN
 core.bgc_11.comp_row.pe2._27_/ZN
 core.bgc_11.comp_row.pe2._28_/ZN
 core.bgc_11.comp_row.pe2._29_/ZN
 core.bgc_11.comp_row.pe2._30_/ZN
 core.bgc_11.comp_row.pe2._31_/ZN
 core.bgc_11.comp_row.pe2._32_/ZN
 core.bgc_11.comp_row.pe2._33_/ZN
 core.bgc_11.comp_row.pe2._34_/ZN
 core.bgc_11.comp_row.pe2._35_/ZN
 core.bgc_11.comp_row.pe2._36_/ZN
 core.bgc_11.comp_row.pe2._37_/ZN
 core.bgc_11.comp_row.pe2._38_/ZN
 core.bgc_11.comp_row.pe2._39_/ZN
 core.bgc_11.final_counter._29_/ZN
 core.bgc_11.final_counter._30_/ZN
 core.bgc_11.final_counter._31_/ZN
 core.bgc_11.final_counter._32_/ZN
 core.bgc_11.final_counter._33_/ZN
 core.bgc_11.final_counter._34_/ZN
 core.bgc_11.final_counter._35_/ZN
 core.bgc_11.final_counter._36_/ZN
 core.bgc_11.final_counter._37_/ZN
 core.bgc_11.final_counter._38_/ZN
 core.bgc_11.final_counter._39_/Z
 core.bgc_11.final_counter._40_/ZN
 core.bgc_11.final_counter._41_/ZN
 core.bgc_11.final_counter._42_/ZN
 core.bgc_11.final_counter._43_/Z
 core.bgc_11.final_counter._44_/ZN
 core.bgc_11.final_counter._45_/ZN
 core.bgc_11.final_counter._46_/Z
 core.bgc_11.final_counter._47_/ZN
 core.bgc_11.final_counter._48_/ZN
 core.bgc_11.final_counter._49_/Z
 core.bgc_11.final_counter._50_/ZN
 core.bgc_11.final_counter._51_/ZN
 core.bgc_11.final_counter._52_/ZN
 core.bgc_11.final_counter._53_/ZN
 core.bgc_11.final_counter._54_/Z
 core.bgc_11.final_counter._55_/ZN
 core.bgc_11.final_counter._56_/ZN
 core.bgc_11.final_counter._57_/Z
 core.bgc_11.final_counter._58_/ZN
 core.bgc_11.final_counter._59_/ZN
 core.bgc_11.final_counter._60_/ZN
 core.bgc_11.final_counter._61_/ZN
 core.bgc_11.final_counter._62_/ZN
 core.bgc_11.final_counter._63_/ZN
 core.bgc_11.final_counter._64_/ZN
 core.bgc_11.final_counter._65_/ZN
 core.bgc_11.final_counter._66_/ZN
 core.bgc_11.final_counter._67_/Z
 core.bgc_11.final_counter._68_/ZN
 core.bgc_11.final_counter._69_/Q
 core.bgc_11.final_counter._70_/Q
 core.bgc_11.final_counter._71_/Q
 core.bgc_11.final_counter._72_/Q
 core.bgc_11.final_counter._73_/Q
 core.bgc_11.final_counter._74_/Q
 core.bgc_11.final_counter._75_/Q
 core.bgc_11.final_counter._76_/Q
 core.bgc_11.final_counter._77_/Q
 core.bgc_11.final_counter._78_/Q
 core.bgc_11.final_counter._79_/Q
 core.bgc_11.final_counter._80_/Q
 core.bgc_11.lfsr_col._27_/ZN
 core.bgc_11.lfsr_col._28_/ZN
 core.bgc_11.lfsr_col._28__1437/Z
 core.bgc_11.lfsr_col._29_/Z
 core.bgc_11.lfsr_col._29__1438/Z
 core.bgc_11.lfsr_col._30_/Z
 core.bgc_11.lfsr_col._30__1439/Z
 core.bgc_11.lfsr_col._31_/Z
 core.bgc_11.lfsr_col._31__764/ZN
 core.bgc_11.lfsr_col._32_/Z
 core.bgc_11.lfsr_col._32__765/ZN
 core.bgc_11.lfsr_col._33_/Z
 core.bgc_11.lfsr_col._33__766/ZN
 core.bgc_11.lfsr_col._34_/Z
 core.bgc_11.lfsr_col._34__1440/Z
 core.bgc_11.lfsr_col._35_/Z
 core.bgc_11.lfsr_col._35__1441/Z
 core.bgc_11.lfsr_col._36_/Z
 core.bgc_11.lfsr_col._36__1442/Z
 core.bgc_11.lfsr_col._37_/Z
 core.bgc_11.lfsr_col._37__1443/Z
 core.bgc_11.lfsr_col._38_/Z
 core.bgc_11.lfsr_col._38__1444/Z
 core.bgc_11.lfsr_col._39_/Z
 core.bgc_11.lfsr_col._39__767/ZN
 core.bgc_11.lfsr_col._40_/Z
 core.bgc_11.lfsr_col._40__1445/Z
 core.bgc_11.lfsr_col._41_/Z
 core.bgc_11.lfsr_col._42_/Z
 core.bgc_11.lfsr_col._43_/Z
 core.bgc_11.lfsr_col._44_/Z
 core.bgc_11.lfsr_col._44__1446/Z
 core.bgc_11.lfsr_col._45_/Z
 core.bgc_11.lfsr_col._45__768/ZN
 core.bgc_11.lfsr_col._46_/Z
 core.bgc_11.lfsr_col._46__1447/Z
 core.bgc_11.lfsr_col._47_/Z
 core.bgc_11.lfsr_col._47__1448/Z
 core.bgc_11.lfsr_col._48_/Z
 core.bgc_11.lfsr_col._48__1449/Z
 core.bgc_11.lfsr_col._49_/Z
 core.bgc_11.lfsr_col._49__1450/Z
 core.bgc_11.lfsr_col._50_/Z
 core.bgc_11.lfsr_col._50__1451/Z
 core.bgc_11.lfsr_col._51_/Z
 core.bgc_11.lfsr_col._51__769/ZN
 core.bgc_11.lfsr_col._52_/Z
 core.bgc_11.lfsr_col._52__770/ZN
 core.bgc_11.lfsr_col._53_/Z
 core.bgc_11.lfsr_col._53__771/ZN
 core.bgc_11.lfsr_col._54_/Z
 core.bgc_11.lfsr_col._54__1452/Z
 core.bgc_11.lfsr_col._55_/Z
 core.bgc_11.lfsr_col._55__1453/Z
 core.bgc_11.lfsr_col._56_/Z
 core.bgc_11.lfsr_col._57_/Z
 core.bgc_11.lfsr_col._58_/Z
 core.bgc_11.lfsr_col._59_/Z
 core.bgc_11.lfsr_col._60_/Z
 core.bgc_11.lfsr_col._61_/Z
 core.bgc_11.lfsr_col._62_/Z
 core.bgc_11.lfsr_col._63_/Z
 core.bgc_11.lfsr_col._64_/Z
 core.bgc_11.lfsr_col._65_/Z
 core.bgc_11.lfsr_col._66_/ZN
 core.bgc_11.lfsr_col._66__1454/Z
 core.bgc_11.lfsr_col._67_/ZN
 core.bgc_11.lfsr_col._67__772/ZN
 core.bgc_11.lfsr_col._68_/ZN
 core.bgc_11.lfsr_col._68__1455/Z
 core.bgc_11.lfsr_col._69_/ZN
 core.bgc_11.lfsr_col._69__1456/Z
 core.bgc_11.lfsr_col._70_/ZN
 core.bgc_11.lfsr_col._70__1457/Z
 core.bgc_11.lfsr_col._71_/ZN
 core.bgc_11.lfsr_col._71__1458/Z
 core.bgc_11.lfsr_col._72_/ZN
 core.bgc_11.lfsr_col._72__1459/Z
 core.bgc_11.lfsr_col._73_/ZN
 core.bgc_11.lfsr_col._73__773/ZN
 core.bgc_11.lfsr_col._74_/ZN
 core.bgc_11.lfsr_col._74__774/ZN
 core.bgc_11.lfsr_col._75_/ZN
 core.bgc_11.lfsr_col._75__775/ZN
 core.bgc_11.lfsr_col._76_/ZN
 core.bgc_11.lfsr_col._76__1460/Z
 core.bgc_11.lfsr_col._77_/Q
 core.bgc_11.lfsr_col._78_/Q
 core.bgc_11.lfsr_col._79_/Q
 core.bgc_11.lfsr_col._80_/Q
 core.bgc_11.lfsr_col._81_/Q
 core.bgc_11.lfsr_col._82_/Q
 core.bgc_11.lfsr_col._83_/Q
 core.bgc_11.lfsr_col._84_/Q
 core.bgc_11.lfsr_col._85_/Q
 core.bgc_11.lfsr_col._86_/Q
 core.bgc_11.lfsr_col._87_/Q
 core.bgc_11.lfsr_col._88_/Q
 core.bgc_11.lfsr_row._27_/ZN
 core.bgc_11.lfsr_row._28_/ZN
 core.bgc_11.lfsr_row._28__1461/Z
 core.bgc_11.lfsr_row._29_/Z
 core.bgc_11.lfsr_row._29__1462/Z
 core.bgc_11.lfsr_row._30_/Z
 core.bgc_11.lfsr_row._30__1463/Z
 core.bgc_11.lfsr_row._31_/Z
 core.bgc_11.lfsr_row._31__1464/Z
 core.bgc_11.lfsr_row._32_/Z
 core.bgc_11.lfsr_row._32__776/ZN
 core.bgc_11.lfsr_row._33_/Z
 core.bgc_11.lfsr_row._33__777/ZN
 core.bgc_11.lfsr_row._34_/Z
 core.bgc_11.lfsr_row._34__778/ZN
 core.bgc_11.lfsr_row._35_/Z
 core.bgc_11.lfsr_row._35__779/ZN
 core.bgc_11.lfsr_row._36_/Z
 core.bgc_11.lfsr_row._36__1465/Z
 core.bgc_11.lfsr_row._37_/Z
 core.bgc_11.lfsr_row._37__780/ZN
 core.bgc_11.lfsr_row._38_/Z
 core.bgc_11.lfsr_row._38__1466/Z
 core.bgc_11.lfsr_row._39_/Z
 core.bgc_11.lfsr_row._39__1467/Z
 core.bgc_11.lfsr_row._40_/Z
 core.bgc_11.lfsr_row._40__1468/Z
 core.bgc_11.lfsr_row._41_/Z
 core.bgc_11.lfsr_row._42_/Z
 core.bgc_11.lfsr_row._43_/Z
 core.bgc_11.lfsr_row._44_/Z
 core.bgc_11.lfsr_row._44__1469/Z
 core.bgc_11.lfsr_row._45_/Z
 core.bgc_11.lfsr_row._45__1470/Z
 core.bgc_11.lfsr_row._46_/Z
 core.bgc_11.lfsr_row._46__1471/Z
 core.bgc_11.lfsr_row._47_/Z
 core.bgc_11.lfsr_row._47__781/ZN
 core.bgc_11.lfsr_row._48_/Z
 core.bgc_11.lfsr_row._48__1472/Z
 core.bgc_11.lfsr_row._49_/Z
 core.bgc_11.lfsr_row._49__782/ZN
 core.bgc_11.lfsr_row._50_/Z
 core.bgc_11.lfsr_row._50__783/ZN
 core.bgc_11.lfsr_row._51_/Z
 core.bgc_11.lfsr_row._51__784/ZN
 core.bgc_11.lfsr_row._52_/Z
 core.bgc_11.lfsr_row._52__785/ZN
 core.bgc_11.lfsr_row._53_/Z
 core.bgc_11.lfsr_row._53__1473/Z
 core.bgc_11.lfsr_row._54_/Z
 core.bgc_11.lfsr_row._54__1474/Z
 core.bgc_11.lfsr_row._55_/Z
 core.bgc_11.lfsr_row._55__1475/Z
 core.bgc_11.lfsr_row._56_/Z
 core.bgc_11.lfsr_row._57_/Z
 core.bgc_11.lfsr_row._58_/Z
 core.bgc_11.lfsr_row._59_/Z
 core.bgc_11.lfsr_row._60_/Z
 core.bgc_11.lfsr_row._61_/Z
 core.bgc_11.lfsr_row._62_/Z
 core.bgc_11.lfsr_row._63_/Z
 core.bgc_11.lfsr_row._64_/Z
 core.bgc_11.lfsr_row._65_/Z
 core.bgc_11.lfsr_row._66_/ZN
 core.bgc_11.lfsr_row._66__1476/Z
 core.bgc_11.lfsr_row._67_/ZN
 core.bgc_11.lfsr_row._67__1477/Z
 core.bgc_11.lfsr_row._68_/ZN
 core.bgc_11.lfsr_row._68__1478/Z
 core.bgc_11.lfsr_row._69_/ZN
 core.bgc_11.lfsr_row._69__786/ZN
 core.bgc_11.lfsr_row._70_/ZN
 core.bgc_11.lfsr_row._70__1479/Z
 core.bgc_11.lfsr_row._71_/ZN
 core.bgc_11.lfsr_row._71__787/ZN
 core.bgc_11.lfsr_row._72_/ZN
 core.bgc_11.lfsr_row._72__788/ZN
 core.bgc_11.lfsr_row._73_/ZN
 core.bgc_11.lfsr_row._73__789/ZN
 core.bgc_11.lfsr_row._74_/ZN
 core.bgc_11.lfsr_row._74__790/ZN
 core.bgc_11.lfsr_row._75_/ZN
 core.bgc_11.lfsr_row._75__1480/Z
 core.bgc_11.lfsr_row._76_/ZN
 core.bgc_11.lfsr_row._76__1481/Z
 core.bgc_11.lfsr_row._77_/Q
 core.bgc_11.lfsr_row._78_/Q
 core.bgc_11.lfsr_row._79_/Q
 core.bgc_11.lfsr_row._80_/Q
 core.bgc_11.lfsr_row._81_/Q
 core.bgc_11.lfsr_row._82_/Q
 core.bgc_11.lfsr_row._83_/Q
 core.bgc_11.lfsr_row._84_/Q
 core.bgc_11.lfsr_row._85_/Q
 core.bgc_11.lfsr_row._86_/Q
 core.bgc_11.lfsr_row._87_/Q
 core.bgc_11.lfsr_row._88_/Q
 core.bgc_11.row_reg._053_/ZN
 core.bgc_11.row_reg._054_/ZN
 core.bgc_11.row_reg._055_/ZN
 core.bgc_11.row_reg._056_/ZN
 core.bgc_11.row_reg._056__791/ZN
 core.bgc_11.row_reg._057_/ZN
 core.bgc_11.row_reg._058_/ZN
 core.bgc_11.row_reg._058__792/ZN
 core.bgc_11.row_reg._059_/ZN
 core.bgc_11.row_reg._060_/ZN
 core.bgc_11.row_reg._060__793/ZN
 core.bgc_11.row_reg._061_/ZN
 core.bgc_11.row_reg._062_/ZN
 core.bgc_11.row_reg._062__794/ZN
 core.bgc_11.row_reg._063_/ZN
 core.bgc_11.row_reg._064_/ZN
 core.bgc_11.row_reg._064__795/ZN
 core.bgc_11.row_reg._065_/ZN
 core.bgc_11.row_reg._066_/ZN
 core.bgc_11.row_reg._066__796/ZN
 core.bgc_11.row_reg._067_/ZN
 core.bgc_11.row_reg._068_/ZN
 core.bgc_11.row_reg._068__797/ZN
 core.bgc_11.row_reg._069_/ZN
 core.bgc_11.row_reg._070_/ZN
 core.bgc_11.row_reg._070__798/ZN
 core.bgc_11.row_reg._071_/ZN
 core.bgc_11.row_reg._072_/ZN
 core.bgc_11.row_reg._072__799/ZN
 core.bgc_11.row_reg._073_/ZN
 core.bgc_11.row_reg._074_/ZN
 core.bgc_11.row_reg._074__800/ZN
 core.bgc_11.row_reg._075_/ZN
 core.bgc_11.row_reg._076_/ZN
 core.bgc_11.row_reg._076__801/ZN
 core.bgc_11.row_reg._077_/ZN
 core.bgc_11.row_reg._078_/ZN
 core.bgc_11.row_reg._078__802/ZN
 core.bgc_11.row_reg._079_/ZN
 core.bgc_11.row_reg._080_/Z
 core.bgc_11.row_reg._081_/ZN
 core.bgc_11.row_reg._082_/ZN
 core.bgc_11.row_reg._083_/ZN
 core.bgc_11.row_reg._084_/ZN
 core.bgc_11.row_reg._085_/ZN
 core.bgc_11.row_reg._086_/ZN
 core.bgc_11.row_reg._087_/ZN
 core.bgc_11.row_reg._088_/ZN
 core.bgc_11.row_reg._089_/ZN
 core.bgc_11.row_reg._090_/ZN
 core.bgc_11.row_reg._091_/ZN
 core.bgc_11.row_reg._092_/ZN
 core.bgc_11.row_reg._093_/ZN
 core.bgc_11.row_reg._094_/ZN
 core.bgc_11.row_reg._095_/ZN
 core.bgc_11.row_reg._096_/ZN
 core.bgc_11.row_reg._097_/ZN
 core.bgc_11.row_reg._098_/ZN
 core.bgc_11.row_reg._099_/ZN
 core.bgc_11.row_reg._100_/ZN
 core.bgc_11.row_reg._101_/ZN
 core.bgc_11.row_reg._102_/ZN
 core.bgc_11.row_reg._103_/ZN
 core.bgc_11.row_reg._104_/ZN
 core.bgc_11.row_reg._105_/ZN
 core.bgc_11.row_reg._106_/ZN
 core.bgc_11.row_reg._107_/ZN
 core.bgc_11.row_reg._108_/ZN
 core.bgc_11.row_reg._109_/ZN
 core.bgc_11.row_reg._110_/ZN
 core.bgc_11.row_reg._111_/ZN
 core.bgc_11.row_reg._112_/ZN
 core.bgc_11.row_reg._113_/ZN
 core.bgc_11.row_reg._114_/ZN
 core.bgc_11.row_reg._115_/ZN
 core.bgc_11.row_reg._116_/ZN
 core.bgc_11.row_reg._117_/Q
 core.bgc_11.row_reg._118_/Q
 core.bgc_11.row_reg._119_/Q
 core.bgc_11.row_reg._120_/Q
 core.bgc_11.row_reg._121_/Q
 core.bgc_11.row_reg._122_/Q
 core.bgc_11.row_reg._123_/Q
 core.bgc_11.row_reg._124_/Q
 core.bgc_11.row_reg._125_/Q
 core.bgc_11.row_reg._126_/Q
 core.bgc_11.row_reg._127_/Q
 core.bgc_11.row_reg._128_/Q
 core.bgc_12._05_/ZN
 core.bgc_12._06_/ZN
 core.bgc_12._07_/ZN
 core.bgc_12._07__803/ZN
 core.bgc_12._08_/ZN
 core.bgc_12._09_/Z
 core.bgc_12._10_/ZN
 core.bgc_12._11_/Z
 core.bgc_12._11__804/ZN
 core.bgc_12._12_/Z
 core.bgc_12._13_/Z
 core.bgc_12._14_/Z
 core.bgc_12._15_/Z
 core.bgc_12._16_/Z
 core.bgc_12._17_/Z
 core.bgc_12._18_/Z
 core.bgc_12._19_/Z
 core.bgc_12._20_/Z
 core.bgc_12._21_/Z
 core.bgc_12._22_/Z
 core.bgc_12._23_/Z
 core.bgc_12._24_/ZN
 core.bgc_12._25_/ZN
 core.bgc_12.col_reg._053_/ZN
 core.bgc_12.col_reg._054_/ZN
 core.bgc_12.col_reg._055_/ZN
 core.bgc_12.col_reg._056_/ZN
 core.bgc_12.col_reg._057_/ZN
 core.bgc_12.col_reg._058_/ZN
 core.bgc_12.col_reg._059_/ZN
 core.bgc_12.col_reg._060_/ZN
 core.bgc_12.col_reg._061_/ZN
 core.bgc_12.col_reg._062_/ZN
 core.bgc_12.col_reg._063_/ZN
 core.bgc_12.col_reg._064_/ZN
 core.bgc_12.col_reg._065_/ZN
 core.bgc_12.col_reg._066_/ZN
 core.bgc_12.col_reg._067_/ZN
 core.bgc_12.col_reg._068_/ZN
 core.bgc_12.col_reg._069_/ZN
 core.bgc_12.col_reg._070_/ZN
 core.bgc_12.col_reg._071_/ZN
 core.bgc_12.col_reg._072_/ZN
 core.bgc_12.col_reg._073_/ZN
 core.bgc_12.col_reg._074_/ZN
 core.bgc_12.col_reg._075_/ZN
 core.bgc_12.col_reg._076_/ZN
 core.bgc_12.col_reg._077_/ZN
 core.bgc_12.col_reg._078_/ZN
 core.bgc_12.col_reg._079_/ZN
 core.bgc_12.col_reg._080_/Z
 core.bgc_12.col_reg._081_/ZN
 core.bgc_12.col_reg._082_/ZN
 core.bgc_12.col_reg._083_/ZN
 core.bgc_12.col_reg._084_/ZN
 core.bgc_12.col_reg._085_/ZN
 core.bgc_12.col_reg._086_/ZN
 core.bgc_12.col_reg._087_/ZN
 core.bgc_12.col_reg._088_/ZN
 core.bgc_12.col_reg._089_/ZN
 core.bgc_12.col_reg._090_/ZN
 core.bgc_12.col_reg._091_/ZN
 core.bgc_12.col_reg._092_/ZN
 core.bgc_12.col_reg._093_/ZN
 core.bgc_12.col_reg._094_/ZN
 core.bgc_12.col_reg._095_/ZN
 core.bgc_12.col_reg._096_/ZN
 core.bgc_12.col_reg._097_/ZN
 core.bgc_12.col_reg._098_/ZN
 core.bgc_12.col_reg._099_/ZN
 core.bgc_12.col_reg._100_/ZN
 core.bgc_12.col_reg._101_/ZN
 core.bgc_12.col_reg._102_/ZN
 core.bgc_12.col_reg._103_/ZN
 core.bgc_12.col_reg._104_/ZN
 core.bgc_12.col_reg._105_/ZN
 core.bgc_12.col_reg._106_/ZN
 core.bgc_12.col_reg._107_/ZN
 core.bgc_12.col_reg._108_/ZN
 core.bgc_12.col_reg._109_/ZN
 core.bgc_12.col_reg._110_/ZN
 core.bgc_12.col_reg._111_/ZN
 core.bgc_12.col_reg._112_/ZN
 core.bgc_12.col_reg._113_/ZN
 core.bgc_12.col_reg._114_/ZN
 core.bgc_12.col_reg._115_/ZN
 core.bgc_12.col_reg._116_/ZN
 core.bgc_12.col_reg._117_/Q
 core.bgc_12.col_reg._118_/Q
 core.bgc_12.col_reg._119_/Q
 core.bgc_12.col_reg._120_/Q
 core.bgc_12.col_reg._121_/Q
 core.bgc_12.col_reg._122_/Q
 core.bgc_12.col_reg._123_/Q
 core.bgc_12.col_reg._124_/Q
 core.bgc_12.col_reg._125_/Q
 core.bgc_12.col_reg._126_/Q
 core.bgc_12.col_reg._127_/Q
 core.bgc_12.col_reg._128_/Q
 core.bgc_12.comp_col._20_/ZN
 core.bgc_12.comp_col._21_/ZN
 core.bgc_12.comp_col._22_/ZN
 core.bgc_12.comp_col._23_/ZN
 core.bgc_12.comp_col._24_/ZN
 core.bgc_12.comp_col._25_/ZN
 core.bgc_12.comp_col._26_/ZN
 core.bgc_12.comp_col._27_/ZN
 core.bgc_12.comp_col._28_/ZN
 core.bgc_12.comp_col._29_/ZN
 core.bgc_12.comp_col._30_/ZN
 core.bgc_12.comp_col._31_/ZN
 core.bgc_12.comp_col._32_/ZN
 core.bgc_12.comp_col._33_/ZN
 core.bgc_12.comp_col._34_/ZN
 core.bgc_12.comp_col._35_/ZN
 core.bgc_12.comp_col._36_/ZN
 core.bgc_12.comp_col._37_/ZN
 core.bgc_12.comp_col._38_/ZN
 core.bgc_12.comp_col._39_/ZN
 core.bgc_12.comp_col._40_/ZN
 core.bgc_12.comp_col._41_/ZN
 core.bgc_12.comp_col._42_/ZN
 core.bgc_12.comp_col._43_/ZN
 core.bgc_12.comp_col._44_/ZN
 core.bgc_12.comp_col._45_/ZN
 core.bgc_12.comp_col._46_/ZN
 core.bgc_12.comp_col._47_/ZN
 core.bgc_12.comp_col._48_/Z
 core.bgc_12.comp_col._49_/Z
 core.bgc_12.comp_col._50_/Z
 core.bgc_12.comp_col._51_/Z
 core.bgc_12.comp_col._52_/Z
 core.bgc_12.comp_col._53_/Z
 core.bgc_12.comp_col._54_/Z
 core.bgc_12.comp_col._55_/Z
 core.bgc_12.comp_col._56_/Z
 core.bgc_12.comp_col._57_/Z
 core.bgc_12.comp_col._58_/Z
 core.bgc_12.comp_col._59_/Z
 core.bgc_12.comp_col._60_/ZN
 core.bgc_12.comp_col._61_/ZN
 core.bgc_12.comp_col._62_/ZN
 core.bgc_12.comp_col._63_/ZN
 core.bgc_12.comp_col._64_/ZN
 core.bgc_12.comp_col.pe1._18_/ZN
 core.bgc_12.comp_col.pe1._19_/ZN
 core.bgc_12.comp_col.pe1._20_/ZN
 core.bgc_12.comp_col.pe1._21_/ZN
 core.bgc_12.comp_col.pe1._22_/ZN
 core.bgc_12.comp_col.pe1._23_/ZN
 core.bgc_12.comp_col.pe1._24_/ZN
 core.bgc_12.comp_col.pe1._25_/ZN
 core.bgc_12.comp_col.pe1._26_/ZN
 core.bgc_12.comp_col.pe1._27_/ZN
 core.bgc_12.comp_col.pe1._28_/ZN
 core.bgc_12.comp_col.pe1._29_/ZN
 core.bgc_12.comp_col.pe1._30_/ZN
 core.bgc_12.comp_col.pe1._31_/ZN
 core.bgc_12.comp_col.pe1._32_/ZN
 core.bgc_12.comp_col.pe1._33_/ZN
 core.bgc_12.comp_col.pe1._34_/ZN
 core.bgc_12.comp_col.pe1._35_/ZN
 core.bgc_12.comp_col.pe1._36_/ZN
 core.bgc_12.comp_col.pe1._37_/ZN
 core.bgc_12.comp_col.pe1._38_/ZN
 core.bgc_12.comp_col.pe1._39_/ZN
 core.bgc_12.comp_col.pe2._18_/ZN
 core.bgc_12.comp_col.pe2._19_/ZN
 core.bgc_12.comp_col.pe2._20_/ZN
 core.bgc_12.comp_col.pe2._21_/ZN
 core.bgc_12.comp_col.pe2._22_/ZN
 core.bgc_12.comp_col.pe2._23_/ZN
 core.bgc_12.comp_col.pe2._24_/ZN
 core.bgc_12.comp_col.pe2._25_/ZN
 core.bgc_12.comp_col.pe2._26_/ZN
 core.bgc_12.comp_col.pe2._27_/ZN
 core.bgc_12.comp_col.pe2._28_/ZN
 core.bgc_12.comp_col.pe2._29_/ZN
 core.bgc_12.comp_col.pe2._30_/ZN
 core.bgc_12.comp_col.pe2._31_/ZN
 core.bgc_12.comp_col.pe2._32_/ZN
 core.bgc_12.comp_col.pe2._33_/ZN
 core.bgc_12.comp_col.pe2._34_/ZN
 core.bgc_12.comp_col.pe2._35_/ZN
 core.bgc_12.comp_col.pe2._36_/ZN
 core.bgc_12.comp_col.pe2._37_/ZN
 core.bgc_12.comp_col.pe2._38_/ZN
 core.bgc_12.comp_col.pe2._39_/ZN
 core.bgc_12.comp_row._20_/ZN
 core.bgc_12.comp_row._21_/ZN
 core.bgc_12.comp_row._22_/ZN
 core.bgc_12.comp_row._23_/ZN
 core.bgc_12.comp_row._24_/ZN
 core.bgc_12.comp_row._25_/ZN
 core.bgc_12.comp_row._26_/ZN
 core.bgc_12.comp_row._27_/ZN
 core.bgc_12.comp_row._28_/ZN
 core.bgc_12.comp_row._29_/ZN
 core.bgc_12.comp_row._30_/ZN
 core.bgc_12.comp_row._31_/ZN
 core.bgc_12.comp_row._32_/ZN
 core.bgc_12.comp_row._33_/ZN
 core.bgc_12.comp_row._34_/ZN
 core.bgc_12.comp_row._35_/ZN
 core.bgc_12.comp_row._36_/ZN
 core.bgc_12.comp_row._37_/ZN
 core.bgc_12.comp_row._38_/ZN
 core.bgc_12.comp_row._39_/ZN
 core.bgc_12.comp_row._40_/ZN
 core.bgc_12.comp_row._41_/ZN
 core.bgc_12.comp_row._42_/ZN
 core.bgc_12.comp_row._43_/ZN
 core.bgc_12.comp_row._44_/ZN
 core.bgc_12.comp_row._45_/ZN
 core.bgc_12.comp_row._46_/ZN
 core.bgc_12.comp_row._47_/ZN
 core.bgc_12.comp_row._48_/Z
 core.bgc_12.comp_row._49_/Z
 core.bgc_12.comp_row._50_/Z
 core.bgc_12.comp_row._51_/Z
 core.bgc_12.comp_row._52_/Z
 core.bgc_12.comp_row._53_/Z
 core.bgc_12.comp_row._54_/Z
 core.bgc_12.comp_row._55_/Z
 core.bgc_12.comp_row._56_/Z
 core.bgc_12.comp_row._57_/Z
 core.bgc_12.comp_row._58_/Z
 core.bgc_12.comp_row._59_/Z
 core.bgc_12.comp_row._60_/ZN
 core.bgc_12.comp_row._61_/ZN
 core.bgc_12.comp_row._62_/ZN
 core.bgc_12.comp_row._63_/ZN
 core.bgc_12.comp_row._64_/ZN
 core.bgc_12.comp_row.pe1._18_/ZN
 core.bgc_12.comp_row.pe1._19_/ZN
 core.bgc_12.comp_row.pe1._20_/ZN
 core.bgc_12.comp_row.pe1._21_/ZN
 core.bgc_12.comp_row.pe1._22_/ZN
 core.bgc_12.comp_row.pe1._23_/ZN
 core.bgc_12.comp_row.pe1._24_/ZN
 core.bgc_12.comp_row.pe1._25_/ZN
 core.bgc_12.comp_row.pe1._26_/ZN
 core.bgc_12.comp_row.pe1._27_/ZN
 core.bgc_12.comp_row.pe1._28_/ZN
 core.bgc_12.comp_row.pe1._29_/ZN
 core.bgc_12.comp_row.pe1._30_/ZN
 core.bgc_12.comp_row.pe1._31_/ZN
 core.bgc_12.comp_row.pe1._32_/ZN
 core.bgc_12.comp_row.pe1._33_/ZN
 core.bgc_12.comp_row.pe1._34_/ZN
 core.bgc_12.comp_row.pe1._35_/ZN
 core.bgc_12.comp_row.pe1._36_/ZN
 core.bgc_12.comp_row.pe1._37_/ZN
 core.bgc_12.comp_row.pe1._38_/ZN
 core.bgc_12.comp_row.pe1._39_/ZN
 core.bgc_12.comp_row.pe2._18_/ZN
 core.bgc_12.comp_row.pe2._19_/ZN
 core.bgc_12.comp_row.pe2._20_/ZN
 core.bgc_12.comp_row.pe2._21_/ZN
 core.bgc_12.comp_row.pe2._22_/ZN
 core.bgc_12.comp_row.pe2._23_/ZN
 core.bgc_12.comp_row.pe2._24_/ZN
 core.bgc_12.comp_row.pe2._25_/ZN
 core.bgc_12.comp_row.pe2._26_/ZN
 core.bgc_12.comp_row.pe2._27_/ZN
 core.bgc_12.comp_row.pe2._28_/ZN
 core.bgc_12.comp_row.pe2._29_/ZN
 core.bgc_12.comp_row.pe2._30_/ZN
 core.bgc_12.comp_row.pe2._31_/ZN
 core.bgc_12.comp_row.pe2._32_/ZN
 core.bgc_12.comp_row.pe2._33_/ZN
 core.bgc_12.comp_row.pe2._34_/ZN
 core.bgc_12.comp_row.pe2._35_/ZN
 core.bgc_12.comp_row.pe2._36_/ZN
 core.bgc_12.comp_row.pe2._37_/ZN
 core.bgc_12.comp_row.pe2._38_/ZN
 core.bgc_12.comp_row.pe2._39_/ZN
 core.bgc_12.final_counter._29_/ZN
 core.bgc_12.final_counter._30_/ZN
 core.bgc_12.final_counter._31_/ZN
 core.bgc_12.final_counter._32_/ZN
 core.bgc_12.final_counter._33_/ZN
 core.bgc_12.final_counter._34_/ZN
 core.bgc_12.final_counter._35_/ZN
 core.bgc_12.final_counter._36_/ZN
 core.bgc_12.final_counter._37_/ZN
 core.bgc_12.final_counter._38_/ZN
 core.bgc_12.final_counter._39_/Z
 core.bgc_12.final_counter._40_/ZN
 core.bgc_12.final_counter._41_/ZN
 core.bgc_12.final_counter._42_/ZN
 core.bgc_12.final_counter._43_/Z
 core.bgc_12.final_counter._44_/ZN
 core.bgc_12.final_counter._45_/ZN
 core.bgc_12.final_counter._46_/Z
 core.bgc_12.final_counter._47_/ZN
 core.bgc_12.final_counter._48_/ZN
 core.bgc_12.final_counter._49_/Z
 core.bgc_12.final_counter._50_/ZN
 core.bgc_12.final_counter._51_/ZN
 core.bgc_12.final_counter._52_/ZN
 core.bgc_12.final_counter._53_/ZN
 core.bgc_12.final_counter._54_/Z
 core.bgc_12.final_counter._55_/ZN
 core.bgc_12.final_counter._56_/ZN
 core.bgc_12.final_counter._57_/Z
 core.bgc_12.final_counter._58_/ZN
 core.bgc_12.final_counter._59_/ZN
 core.bgc_12.final_counter._60_/ZN
 core.bgc_12.final_counter._61_/ZN
 core.bgc_12.final_counter._62_/ZN
 core.bgc_12.final_counter._63_/ZN
 core.bgc_12.final_counter._64_/ZN
 core.bgc_12.final_counter._65_/ZN
 core.bgc_12.final_counter._66_/ZN
 core.bgc_12.final_counter._67_/Z
 core.bgc_12.final_counter._68_/ZN
 core.bgc_12.final_counter._69_/Q
 core.bgc_12.final_counter._70_/Q
 core.bgc_12.final_counter._71_/Q
 core.bgc_12.final_counter._72_/Q
 core.bgc_12.final_counter._73_/Q
 core.bgc_12.final_counter._74_/Q
 core.bgc_12.final_counter._75_/Q
 core.bgc_12.final_counter._76_/Q
 core.bgc_12.final_counter._77_/Q
 core.bgc_12.final_counter._78_/Q
 core.bgc_12.final_counter._79_/Q
 core.bgc_12.final_counter._80_/Q
 core.bgc_12.lfsr_col._27_/ZN
 core.bgc_12.lfsr_col._28_/ZN
 core.bgc_12.lfsr_col._28__1482/Z
 core.bgc_12.lfsr_col._29_/Z
 core.bgc_12.lfsr_col._29__1483/Z
 core.bgc_12.lfsr_col._30_/Z
 core.bgc_12.lfsr_col._30__805/ZN
 core.bgc_12.lfsr_col._31_/Z
 core.bgc_12.lfsr_col._31__806/ZN
 core.bgc_12.lfsr_col._32_/Z
 core.bgc_12.lfsr_col._32__807/ZN
 core.bgc_12.lfsr_col._33_/Z
 core.bgc_12.lfsr_col._33__808/ZN
 core.bgc_12.lfsr_col._34_/Z
 core.bgc_12.lfsr_col._34__1484/Z
 core.bgc_12.lfsr_col._35_/Z
 core.bgc_12.lfsr_col._35__1485/Z
 core.bgc_12.lfsr_col._36_/Z
 core.bgc_12.lfsr_col._36__1486/Z
 core.bgc_12.lfsr_col._37_/Z
 core.bgc_12.lfsr_col._37__1487/Z
 core.bgc_12.lfsr_col._38_/Z
 core.bgc_12.lfsr_col._38__1488/Z
 core.bgc_12.lfsr_col._39_/Z
 core.bgc_12.lfsr_col._39__809/ZN
 core.bgc_12.lfsr_col._40_/Z
 core.bgc_12.lfsr_col._40__810/ZN
 core.bgc_12.lfsr_col._41_/Z
 core.bgc_12.lfsr_col._42_/Z
 core.bgc_12.lfsr_col._43_/Z
 core.bgc_12.lfsr_col._44_/Z
 core.bgc_12.lfsr_col._44__811/ZN
 core.bgc_12.lfsr_col._45_/Z
 core.bgc_12.lfsr_col._45__812/ZN
 core.bgc_12.lfsr_col._46_/Z
 core.bgc_12.lfsr_col._46__1489/Z
 core.bgc_12.lfsr_col._47_/Z
 core.bgc_12.lfsr_col._47__1490/Z
 core.bgc_12.lfsr_col._48_/Z
 core.bgc_12.lfsr_col._48__1491/Z
 core.bgc_12.lfsr_col._49_/Z
 core.bgc_12.lfsr_col._49__1492/Z
 core.bgc_12.lfsr_col._50_/Z
 core.bgc_12.lfsr_col._50__1493/Z
 core.bgc_12.lfsr_col._51_/Z
 core.bgc_12.lfsr_col._51__814/ZN
 core.bgc_12.lfsr_col._52_/Z
 core.bgc_12.lfsr_col._52__815/ZN
 core.bgc_12.lfsr_col._53_/Z
 core.bgc_12.lfsr_col._53__816/ZN
 core.bgc_12.lfsr_col._54_/Z
 core.bgc_12.lfsr_col._54__817/ZN
 core.bgc_12.lfsr_col._55_/Z
 core.bgc_12.lfsr_col._55__1494/Z
 core.bgc_12.lfsr_col._56_/Z
 core.bgc_12.lfsr_col._57_/Z
 core.bgc_12.lfsr_col._58_/Z
 core.bgc_12.lfsr_col._59_/Z
 core.bgc_12.lfsr_col._60_/Z
 core.bgc_12.lfsr_col._61_/Z
 core.bgc_12.lfsr_col._62_/Z
 core.bgc_12.lfsr_col._63_/Z
 core.bgc_12.lfsr_col._64_/Z
 core.bgc_12.lfsr_col._65_/Z
 core.bgc_12.lfsr_col._66_/ZN
 core.bgc_12.lfsr_col._66__818/ZN
 core.bgc_12.lfsr_col._67_/ZN
 core.bgc_12.lfsr_col._67__819/ZN
 core.bgc_12.lfsr_col._68_/ZN
 core.bgc_12.lfsr_col._68__1495/Z
 core.bgc_12.lfsr_col._69_/ZN
 core.bgc_12.lfsr_col._69__1496/Z
 core.bgc_12.lfsr_col._70_/ZN
 core.bgc_12.lfsr_col._70__1497/Z
 core.bgc_12.lfsr_col._71_/ZN
 core.bgc_12.lfsr_col._71__1498/Z
 core.bgc_12.lfsr_col._72_/ZN
 core.bgc_12.lfsr_col._72__1499/Z
 core.bgc_12.lfsr_col._73_/ZN
 core.bgc_12.lfsr_col._73__821/ZN
 core.bgc_12.lfsr_col._74_/ZN
 core.bgc_12.lfsr_col._74__822/ZN
 core.bgc_12.lfsr_col._75_/ZN
 core.bgc_12.lfsr_col._75__823/ZN
 core.bgc_12.lfsr_col._76_/ZN
 core.bgc_12.lfsr_col._76__824/ZN
 core.bgc_12.lfsr_col._77_/Q
 core.bgc_12.lfsr_col._78_/Q
 core.bgc_12.lfsr_col._79_/Q
 core.bgc_12.lfsr_col._80_/Q
 core.bgc_12.lfsr_col._81_/Q
 core.bgc_12.lfsr_col._82_/Q
 core.bgc_12.lfsr_col._83_/Q
 core.bgc_12.lfsr_col._84_/Q
 core.bgc_12.lfsr_col._85_/Q
 core.bgc_12.lfsr_col._86_/Q
 core.bgc_12.lfsr_col._87_/Q
 core.bgc_12.lfsr_col._88_/Q
 core.bgc_12.lfsr_row._27_/ZN
 core.bgc_12.lfsr_row._28_/ZN
 core.bgc_12.lfsr_row._28__825/ZN
 core.bgc_12.lfsr_row._29_/Z
 core.bgc_12.lfsr_row._29__826/ZN
 core.bgc_12.lfsr_row._30_/Z
 core.bgc_12.lfsr_row._30__1500/Z
 core.bgc_12.lfsr_row._31_/Z
 core.bgc_12.lfsr_row._31__828/ZN
 core.bgc_12.lfsr_row._32_/Z
 core.bgc_12.lfsr_row._32__1501/Z
 core.bgc_12.lfsr_row._33_/Z
 core.bgc_12.lfsr_row._33__829/ZN
 core.bgc_12.lfsr_row._34_/Z
 core.bgc_12.lfsr_row._34__1502/Z
 core.bgc_12.lfsr_row._35_/Z
 core.bgc_12.lfsr_row._35__1503/Z
 core.bgc_12.lfsr_row._36_/Z
 core.bgc_12.lfsr_row._36__1504/Z
 core.bgc_12.lfsr_row._37_/Z
 core.bgc_12.lfsr_row._37__830/ZN
 core.bgc_12.lfsr_row._38_/Z
 core.bgc_12.lfsr_row._38__1505/Z
 core.bgc_12.lfsr_row._39_/Z
 core.bgc_12.lfsr_row._39__831/ZN
 core.bgc_12.lfsr_row._40_/Z
 core.bgc_12.lfsr_row._40__832/ZN
 core.bgc_12.lfsr_row._41_/Z
 core.bgc_12.lfsr_row._42_/Z
 core.bgc_12.lfsr_row._43_/Z
 core.bgc_12.lfsr_row._44_/Z
 core.bgc_12.lfsr_row._44__834/ZN
 core.bgc_12.lfsr_row._45_/Z
 core.bgc_12.lfsr_row._45__835/ZN
 core.bgc_12.lfsr_row._46_/Z
 core.bgc_12.lfsr_row._46__1506/Z
 core.bgc_12.lfsr_row._47_/Z
 core.bgc_12.lfsr_row._47__836/ZN
 core.bgc_12.lfsr_row._48_/Z
 core.bgc_12.lfsr_row._48__1507/Z
 core.bgc_12.lfsr_row._49_/Z
 core.bgc_12.lfsr_row._49__1508/Z
 core.bgc_12.lfsr_row._50_/Z
 core.bgc_12.lfsr_row._50__1509/Z
 core.bgc_12.lfsr_row._51_/Z
 core.bgc_12.lfsr_row._51__837/ZN
 core.bgc_12.lfsr_row._52_/Z
 core.bgc_12.lfsr_row._52__1510/Z
 core.bgc_12.lfsr_row._53_/Z
 core.bgc_12.lfsr_row._53__838/ZN
 core.bgc_12.lfsr_row._54_/Z
 core.bgc_12.lfsr_row._54__1511/Z
 core.bgc_12.lfsr_row._55_/Z
 core.bgc_12.lfsr_row._55__840/ZN
 core.bgc_12.lfsr_row._56_/Z
 core.bgc_12.lfsr_row._57_/Z
 core.bgc_12.lfsr_row._58_/Z
 core.bgc_12.lfsr_row._59_/Z
 core.bgc_12.lfsr_row._60_/Z
 core.bgc_12.lfsr_row._61_/Z
 core.bgc_12.lfsr_row._62_/Z
 core.bgc_12.lfsr_row._63_/Z
 core.bgc_12.lfsr_row._64_/Z
 core.bgc_12.lfsr_row._65_/Z
 core.bgc_12.lfsr_row._66_/ZN
 core.bgc_12.lfsr_row._66__841/ZN
 core.bgc_12.lfsr_row._67_/ZN
 core.bgc_12.lfsr_row._67__842/ZN
 core.bgc_12.lfsr_row._68_/ZN
 core.bgc_12.lfsr_row._68__1512/Z
 core.bgc_12.lfsr_row._69_/ZN
 core.bgc_12.lfsr_row._69__843/ZN
 core.bgc_12.lfsr_row._70_/ZN
 core.bgc_12.lfsr_row._70__1513/Z
 core.bgc_12.lfsr_row._71_/ZN
 core.bgc_12.lfsr_row._71__1514/Z
 core.bgc_12.lfsr_row._72_/ZN
 core.bgc_12.lfsr_row._72__1515/Z
 core.bgc_12.lfsr_row._73_/ZN
 core.bgc_12.lfsr_row._73__844/ZN
 core.bgc_12.lfsr_row._74_/ZN
 core.bgc_12.lfsr_row._74__1517/Z
 core.bgc_12.lfsr_row._75_/ZN
 core.bgc_12.lfsr_row._75__845/ZN
 core.bgc_12.lfsr_row._76_/ZN
 core.bgc_12.lfsr_row._76__1518/Z
 core.bgc_12.lfsr_row._77_/Q
 core.bgc_12.lfsr_row._78_/Q
 core.bgc_12.lfsr_row._79_/Q
 core.bgc_12.lfsr_row._80_/Q
 core.bgc_12.lfsr_row._81_/Q
 core.bgc_12.lfsr_row._82_/Q
 core.bgc_12.lfsr_row._83_/Q
 core.bgc_12.lfsr_row._84_/Q
 core.bgc_12.lfsr_row._85_/Q
 core.bgc_12.lfsr_row._86_/Q
 core.bgc_12.lfsr_row._87_/Q
 core.bgc_12.lfsr_row._88_/Q
 core.bgc_12.row_reg._053_/ZN
 core.bgc_12.row_reg._054_/ZN
 core.bgc_12.row_reg._055_/ZN
 core.bgc_12.row_reg._056_/ZN
 core.bgc_12.row_reg._056__846/ZN
 core.bgc_12.row_reg._057_/ZN
 core.bgc_12.row_reg._058_/ZN
 core.bgc_12.row_reg._058__847/ZN
 core.bgc_12.row_reg._059_/ZN
 core.bgc_12.row_reg._060_/ZN
 core.bgc_12.row_reg._060__848/ZN
 core.bgc_12.row_reg._061_/ZN
 core.bgc_12.row_reg._062_/ZN
 core.bgc_12.row_reg._062__849/ZN
 core.bgc_12.row_reg._063_/ZN
 core.bgc_12.row_reg._064_/ZN
 core.bgc_12.row_reg._064__850/ZN
 core.bgc_12.row_reg._065_/ZN
 core.bgc_12.row_reg._066_/ZN
 core.bgc_12.row_reg._066__851/ZN
 core.bgc_12.row_reg._067_/ZN
 core.bgc_12.row_reg._068_/ZN
 core.bgc_12.row_reg._068__852/ZN
 core.bgc_12.row_reg._069_/ZN
 core.bgc_12.row_reg._070_/ZN
 core.bgc_12.row_reg._070__853/ZN
 core.bgc_12.row_reg._071_/ZN
 core.bgc_12.row_reg._072_/ZN
 core.bgc_12.row_reg._072__854/ZN
 core.bgc_12.row_reg._073_/ZN
 core.bgc_12.row_reg._074_/ZN
 core.bgc_12.row_reg._074__855/ZN
 core.bgc_12.row_reg._075_/ZN
 core.bgc_12.row_reg._076_/ZN
 core.bgc_12.row_reg._076__856/ZN
 core.bgc_12.row_reg._077_/ZN
 core.bgc_12.row_reg._078_/ZN
 core.bgc_12.row_reg._078__857/ZN
 core.bgc_12.row_reg._079_/ZN
 core.bgc_12.row_reg._080_/Z
 core.bgc_12.row_reg._081_/ZN
 core.bgc_12.row_reg._082_/ZN
 core.bgc_12.row_reg._083_/ZN
 core.bgc_12.row_reg._084_/ZN
 core.bgc_12.row_reg._085_/ZN
 core.bgc_12.row_reg._086_/ZN
 core.bgc_12.row_reg._087_/ZN
 core.bgc_12.row_reg._088_/ZN
 core.bgc_12.row_reg._089_/ZN
 core.bgc_12.row_reg._090_/ZN
 core.bgc_12.row_reg._091_/ZN
 core.bgc_12.row_reg._092_/ZN
 core.bgc_12.row_reg._093_/ZN
 core.bgc_12.row_reg._094_/ZN
 core.bgc_12.row_reg._095_/ZN
 core.bgc_12.row_reg._096_/ZN
 core.bgc_12.row_reg._097_/ZN
 core.bgc_12.row_reg._098_/ZN
 core.bgc_12.row_reg._099_/ZN
 core.bgc_12.row_reg._100_/ZN
 core.bgc_12.row_reg._101_/ZN
 core.bgc_12.row_reg._102_/ZN
 core.bgc_12.row_reg._103_/ZN
 core.bgc_12.row_reg._104_/ZN
 core.bgc_12.row_reg._105_/ZN
 core.bgc_12.row_reg._106_/ZN
 core.bgc_12.row_reg._107_/ZN
 core.bgc_12.row_reg._108_/ZN
 core.bgc_12.row_reg._109_/ZN
 core.bgc_12.row_reg._110_/ZN
 core.bgc_12.row_reg._111_/ZN
 core.bgc_12.row_reg._112_/ZN
 core.bgc_12.row_reg._113_/ZN
 core.bgc_12.row_reg._114_/ZN
 core.bgc_12.row_reg._115_/ZN
 core.bgc_12.row_reg._116_/ZN
 core.bgc_12.row_reg._117_/Q
 core.bgc_12.row_reg._118_/Q
 core.bgc_12.row_reg._119_/Q
 core.bgc_12.row_reg._120_/Q
 core.bgc_12.row_reg._121_/Q
 core.bgc_12.row_reg._122_/Q
 core.bgc_12.row_reg._123_/Q
 core.bgc_12.row_reg._124_/Q
 core.bgc_12.row_reg._125_/Q
 core.bgc_12.row_reg._126_/Q
 core.bgc_12.row_reg._127_/Q
 core.bgc_12.row_reg._128_/Q
 core.bgc_13._05_/ZN
 core.bgc_13._06_/ZN
 core.bgc_13._07_/ZN
 core.bgc_13._07__858/ZN
 core.bgc_13._08_/ZN
 core.bgc_13._09_/Z
 core.bgc_13._10_/ZN
 core.bgc_13._11_/Z
 core.bgc_13._11__859/ZN
 core.bgc_13._12_/Z
 core.bgc_13._13_/Z
 core.bgc_13._14_/Z
 core.bgc_13._15_/Z
 core.bgc_13._16_/Z
 core.bgc_13._17_/Z
 core.bgc_13._18_/Z
 core.bgc_13._19_/Z
 core.bgc_13._20_/Z
 core.bgc_13._21_/Z
 core.bgc_13._22_/Z
 core.bgc_13._23_/Z
 core.bgc_13._24_/ZN
 core.bgc_13._25_/ZN
 core.bgc_13.col_reg._053_/ZN
 core.bgc_13.col_reg._054_/ZN
 core.bgc_13.col_reg._055_/ZN
 core.bgc_13.col_reg._056_/ZN
 core.bgc_13.col_reg._057_/ZN
 core.bgc_13.col_reg._058_/ZN
 core.bgc_13.col_reg._059_/ZN
 core.bgc_13.col_reg._060_/ZN
 core.bgc_13.col_reg._061_/ZN
 core.bgc_13.col_reg._062_/ZN
 core.bgc_13.col_reg._063_/ZN
 core.bgc_13.col_reg._064_/ZN
 core.bgc_13.col_reg._065_/ZN
 core.bgc_13.col_reg._066_/ZN
 core.bgc_13.col_reg._067_/ZN
 core.bgc_13.col_reg._068_/ZN
 core.bgc_13.col_reg._069_/ZN
 core.bgc_13.col_reg._070_/ZN
 core.bgc_13.col_reg._071_/ZN
 core.bgc_13.col_reg._072_/ZN
 core.bgc_13.col_reg._073_/ZN
 core.bgc_13.col_reg._074_/ZN
 core.bgc_13.col_reg._075_/ZN
 core.bgc_13.col_reg._076_/ZN
 core.bgc_13.col_reg._077_/ZN
 core.bgc_13.col_reg._078_/ZN
 core.bgc_13.col_reg._079_/ZN
 core.bgc_13.col_reg._080_/Z
 core.bgc_13.col_reg._081_/ZN
 core.bgc_13.col_reg._082_/ZN
 core.bgc_13.col_reg._083_/ZN
 core.bgc_13.col_reg._084_/ZN
 core.bgc_13.col_reg._085_/ZN
 core.bgc_13.col_reg._086_/ZN
 core.bgc_13.col_reg._087_/ZN
 core.bgc_13.col_reg._088_/ZN
 core.bgc_13.col_reg._089_/ZN
 core.bgc_13.col_reg._090_/ZN
 core.bgc_13.col_reg._091_/ZN
 core.bgc_13.col_reg._092_/ZN
 core.bgc_13.col_reg._093_/ZN
 core.bgc_13.col_reg._094_/ZN
 core.bgc_13.col_reg._095_/ZN
 core.bgc_13.col_reg._096_/ZN
 core.bgc_13.col_reg._097_/ZN
 core.bgc_13.col_reg._098_/ZN
 core.bgc_13.col_reg._099_/ZN
 core.bgc_13.col_reg._100_/ZN
 core.bgc_13.col_reg._101_/ZN
 core.bgc_13.col_reg._102_/ZN
 core.bgc_13.col_reg._103_/ZN
 core.bgc_13.col_reg._104_/ZN
 core.bgc_13.col_reg._105_/ZN
 core.bgc_13.col_reg._106_/ZN
 core.bgc_13.col_reg._107_/ZN
 core.bgc_13.col_reg._108_/ZN
 core.bgc_13.col_reg._109_/ZN
 core.bgc_13.col_reg._110_/ZN
 core.bgc_13.col_reg._111_/ZN
 core.bgc_13.col_reg._112_/ZN
 core.bgc_13.col_reg._113_/ZN
 core.bgc_13.col_reg._114_/ZN
 core.bgc_13.col_reg._115_/ZN
 core.bgc_13.col_reg._116_/ZN
 core.bgc_13.col_reg._117_/Q
 core.bgc_13.col_reg._118_/Q
 core.bgc_13.col_reg._119_/Q
 core.bgc_13.col_reg._120_/Q
 core.bgc_13.col_reg._121_/Q
 core.bgc_13.col_reg._122_/Q
 core.bgc_13.col_reg._123_/Q
 core.bgc_13.col_reg._124_/Q
 core.bgc_13.col_reg._125_/Q
 core.bgc_13.col_reg._126_/Q
 core.bgc_13.col_reg._127_/Q
 core.bgc_13.col_reg._128_/Q
 core.bgc_13.comp_col._20_/ZN
 core.bgc_13.comp_col._21_/ZN
 core.bgc_13.comp_col._22_/ZN
 core.bgc_13.comp_col._23_/ZN
 core.bgc_13.comp_col._24_/ZN
 core.bgc_13.comp_col._25_/ZN
 core.bgc_13.comp_col._26_/ZN
 core.bgc_13.comp_col._27_/ZN
 core.bgc_13.comp_col._28_/ZN
 core.bgc_13.comp_col._29_/ZN
 core.bgc_13.comp_col._30_/ZN
 core.bgc_13.comp_col._31_/ZN
 core.bgc_13.comp_col._32_/ZN
 core.bgc_13.comp_col._33_/ZN
 core.bgc_13.comp_col._34_/ZN
 core.bgc_13.comp_col._35_/ZN
 core.bgc_13.comp_col._36_/ZN
 core.bgc_13.comp_col._37_/ZN
 core.bgc_13.comp_col._38_/ZN
 core.bgc_13.comp_col._39_/ZN
 core.bgc_13.comp_col._40_/ZN
 core.bgc_13.comp_col._41_/ZN
 core.bgc_13.comp_col._42_/ZN
 core.bgc_13.comp_col._43_/ZN
 core.bgc_13.comp_col._44_/ZN
 core.bgc_13.comp_col._45_/ZN
 core.bgc_13.comp_col._46_/ZN
 core.bgc_13.comp_col._47_/ZN
 core.bgc_13.comp_col._48_/Z
 core.bgc_13.comp_col._49_/Z
 core.bgc_13.comp_col._50_/Z
 core.bgc_13.comp_col._51_/Z
 core.bgc_13.comp_col._52_/Z
 core.bgc_13.comp_col._53_/Z
 core.bgc_13.comp_col._54_/Z
 core.bgc_13.comp_col._55_/Z
 core.bgc_13.comp_col._56_/Z
 core.bgc_13.comp_col._57_/Z
 core.bgc_13.comp_col._58_/Z
 core.bgc_13.comp_col._59_/Z
 core.bgc_13.comp_col._60_/ZN
 core.bgc_13.comp_col._61_/ZN
 core.bgc_13.comp_col._62_/ZN
 core.bgc_13.comp_col._63_/ZN
 core.bgc_13.comp_col._64_/ZN
 core.bgc_13.comp_col.pe1._18_/ZN
 core.bgc_13.comp_col.pe1._19_/ZN
 core.bgc_13.comp_col.pe1._20_/ZN
 core.bgc_13.comp_col.pe1._21_/ZN
 core.bgc_13.comp_col.pe1._22_/ZN
 core.bgc_13.comp_col.pe1._23_/ZN
 core.bgc_13.comp_col.pe1._24_/ZN
 core.bgc_13.comp_col.pe1._25_/ZN
 core.bgc_13.comp_col.pe1._26_/ZN
 core.bgc_13.comp_col.pe1._27_/ZN
 core.bgc_13.comp_col.pe1._28_/ZN
 core.bgc_13.comp_col.pe1._29_/ZN
 core.bgc_13.comp_col.pe1._30_/ZN
 core.bgc_13.comp_col.pe1._31_/ZN
 core.bgc_13.comp_col.pe1._32_/ZN
 core.bgc_13.comp_col.pe1._33_/ZN
 core.bgc_13.comp_col.pe1._34_/ZN
 core.bgc_13.comp_col.pe1._35_/ZN
 core.bgc_13.comp_col.pe1._36_/ZN
 core.bgc_13.comp_col.pe1._37_/ZN
 core.bgc_13.comp_col.pe1._38_/ZN
 core.bgc_13.comp_col.pe1._39_/ZN
 core.bgc_13.comp_col.pe2._18_/ZN
 core.bgc_13.comp_col.pe2._19_/ZN
 core.bgc_13.comp_col.pe2._20_/ZN
 core.bgc_13.comp_col.pe2._21_/ZN
 core.bgc_13.comp_col.pe2._22_/ZN
 core.bgc_13.comp_col.pe2._23_/ZN
 core.bgc_13.comp_col.pe2._24_/ZN
 core.bgc_13.comp_col.pe2._25_/ZN
 core.bgc_13.comp_col.pe2._26_/ZN
 core.bgc_13.comp_col.pe2._27_/ZN
 core.bgc_13.comp_col.pe2._28_/ZN
 core.bgc_13.comp_col.pe2._29_/ZN
 core.bgc_13.comp_col.pe2._30_/ZN
 core.bgc_13.comp_col.pe2._31_/ZN
 core.bgc_13.comp_col.pe2._32_/ZN
 core.bgc_13.comp_col.pe2._33_/ZN
 core.bgc_13.comp_col.pe2._34_/ZN
 core.bgc_13.comp_col.pe2._35_/ZN
 core.bgc_13.comp_col.pe2._36_/ZN
 core.bgc_13.comp_col.pe2._37_/ZN
 core.bgc_13.comp_col.pe2._38_/ZN
 core.bgc_13.comp_col.pe2._39_/ZN
 core.bgc_13.comp_row._20_/ZN
 core.bgc_13.comp_row._21_/ZN
 core.bgc_13.comp_row._22_/ZN
 core.bgc_13.comp_row._23_/ZN
 core.bgc_13.comp_row._24_/ZN
 core.bgc_13.comp_row._25_/ZN
 core.bgc_13.comp_row._26_/ZN
 core.bgc_13.comp_row._27_/ZN
 core.bgc_13.comp_row._28_/ZN
 core.bgc_13.comp_row._29_/ZN
 core.bgc_13.comp_row._30_/ZN
 core.bgc_13.comp_row._31_/ZN
 core.bgc_13.comp_row._32_/ZN
 core.bgc_13.comp_row._33_/ZN
 core.bgc_13.comp_row._34_/ZN
 core.bgc_13.comp_row._35_/ZN
 core.bgc_13.comp_row._36_/ZN
 core.bgc_13.comp_row._37_/ZN
 core.bgc_13.comp_row._38_/ZN
 core.bgc_13.comp_row._39_/ZN
 core.bgc_13.comp_row._40_/ZN
 core.bgc_13.comp_row._41_/ZN
 core.bgc_13.comp_row._42_/ZN
 core.bgc_13.comp_row._43_/ZN
 core.bgc_13.comp_row._44_/ZN
 core.bgc_13.comp_row._45_/ZN
 core.bgc_13.comp_row._46_/ZN
 core.bgc_13.comp_row._47_/ZN
 core.bgc_13.comp_row._48_/Z
 core.bgc_13.comp_row._49_/Z
 core.bgc_13.comp_row._50_/Z
 core.bgc_13.comp_row._51_/Z
 core.bgc_13.comp_row._52_/Z
 core.bgc_13.comp_row._53_/Z
 core.bgc_13.comp_row._54_/Z
 core.bgc_13.comp_row._55_/Z
 core.bgc_13.comp_row._56_/Z
 core.bgc_13.comp_row._57_/Z
 core.bgc_13.comp_row._58_/Z
 core.bgc_13.comp_row._59_/Z
 core.bgc_13.comp_row._60_/ZN
 core.bgc_13.comp_row._61_/ZN
 core.bgc_13.comp_row._62_/ZN
 core.bgc_13.comp_row._63_/ZN
 core.bgc_13.comp_row._64_/ZN
 core.bgc_13.comp_row.pe1._18_/ZN
 core.bgc_13.comp_row.pe1._19_/ZN
 core.bgc_13.comp_row.pe1._20_/ZN
 core.bgc_13.comp_row.pe1._21_/ZN
 core.bgc_13.comp_row.pe1._22_/ZN
 core.bgc_13.comp_row.pe1._23_/ZN
 core.bgc_13.comp_row.pe1._24_/ZN
 core.bgc_13.comp_row.pe1._25_/ZN
 core.bgc_13.comp_row.pe1._26_/ZN
 core.bgc_13.comp_row.pe1._27_/ZN
 core.bgc_13.comp_row.pe1._28_/ZN
 core.bgc_13.comp_row.pe1._29_/ZN
 core.bgc_13.comp_row.pe1._30_/ZN
 core.bgc_13.comp_row.pe1._31_/ZN
 core.bgc_13.comp_row.pe1._32_/ZN
 core.bgc_13.comp_row.pe1._33_/ZN
 core.bgc_13.comp_row.pe1._34_/ZN
 core.bgc_13.comp_row.pe1._35_/ZN
 core.bgc_13.comp_row.pe1._36_/ZN
 core.bgc_13.comp_row.pe1._37_/ZN
 core.bgc_13.comp_row.pe1._38_/ZN
 core.bgc_13.comp_row.pe1._39_/ZN
 core.bgc_13.comp_row.pe2._18_/ZN
 core.bgc_13.comp_row.pe2._19_/ZN
 core.bgc_13.comp_row.pe2._20_/ZN
 core.bgc_13.comp_row.pe2._21_/ZN
 core.bgc_13.comp_row.pe2._22_/ZN
 core.bgc_13.comp_row.pe2._23_/ZN
 core.bgc_13.comp_row.pe2._24_/ZN
 core.bgc_13.comp_row.pe2._25_/ZN
 core.bgc_13.comp_row.pe2._26_/ZN
 core.bgc_13.comp_row.pe2._27_/ZN
 core.bgc_13.comp_row.pe2._28_/ZN
 core.bgc_13.comp_row.pe2._29_/ZN
 core.bgc_13.comp_row.pe2._30_/ZN
 core.bgc_13.comp_row.pe2._31_/ZN
 core.bgc_13.comp_row.pe2._32_/ZN
 core.bgc_13.comp_row.pe2._33_/ZN
 core.bgc_13.comp_row.pe2._34_/ZN
 core.bgc_13.comp_row.pe2._35_/ZN
 core.bgc_13.comp_row.pe2._36_/ZN
 core.bgc_13.comp_row.pe2._37_/ZN
 core.bgc_13.comp_row.pe2._38_/ZN
 core.bgc_13.comp_row.pe2._39_/ZN
 core.bgc_13.final_counter._29_/ZN
 core.bgc_13.final_counter._30_/ZN
 core.bgc_13.final_counter._31_/ZN
 core.bgc_13.final_counter._32_/ZN
 core.bgc_13.final_counter._33_/ZN
 core.bgc_13.final_counter._34_/ZN
 core.bgc_13.final_counter._35_/ZN
 core.bgc_13.final_counter._36_/ZN
 core.bgc_13.final_counter._37_/ZN
 core.bgc_13.final_counter._38_/ZN
 core.bgc_13.final_counter._39_/Z
 core.bgc_13.final_counter._40_/ZN
 core.bgc_13.final_counter._41_/ZN
 core.bgc_13.final_counter._42_/ZN
 core.bgc_13.final_counter._43_/Z
 core.bgc_13.final_counter._44_/ZN
 core.bgc_13.final_counter._45_/ZN
 core.bgc_13.final_counter._46_/Z
 core.bgc_13.final_counter._47_/ZN
 core.bgc_13.final_counter._48_/ZN
 core.bgc_13.final_counter._49_/Z
 core.bgc_13.final_counter._50_/ZN
 core.bgc_13.final_counter._51_/ZN
 core.bgc_13.final_counter._52_/ZN
 core.bgc_13.final_counter._53_/ZN
 core.bgc_13.final_counter._54_/Z
 core.bgc_13.final_counter._55_/ZN
 core.bgc_13.final_counter._56_/ZN
 core.bgc_13.final_counter._57_/Z
 core.bgc_13.final_counter._58_/ZN
 core.bgc_13.final_counter._59_/ZN
 core.bgc_13.final_counter._60_/ZN
 core.bgc_13.final_counter._61_/ZN
 core.bgc_13.final_counter._62_/ZN
 core.bgc_13.final_counter._63_/ZN
 core.bgc_13.final_counter._64_/ZN
 core.bgc_13.final_counter._65_/ZN
 core.bgc_13.final_counter._66_/ZN
 core.bgc_13.final_counter._67_/Z
 core.bgc_13.final_counter._68_/ZN
 core.bgc_13.final_counter._69_/Q
 core.bgc_13.final_counter._70_/Q
 core.bgc_13.final_counter._71_/Q
 core.bgc_13.final_counter._72_/Q
 core.bgc_13.final_counter._73_/Q
 core.bgc_13.final_counter._74_/Q
 core.bgc_13.final_counter._75_/Q
 core.bgc_13.final_counter._76_/Q
 core.bgc_13.final_counter._77_/Q
 core.bgc_13.final_counter._78_/Q
 core.bgc_13.final_counter._79_/Q
 core.bgc_13.final_counter._80_/Q
 core.bgc_13.lfsr_col._27_/ZN
 core.bgc_13.lfsr_col._28_/ZN
 core.bgc_13.lfsr_col._28__860/ZN
 core.bgc_13.lfsr_col._29_/Z
 core.bgc_13.lfsr_col._29__861/ZN
 core.bgc_13.lfsr_col._30_/Z
 core.bgc_13.lfsr_col._30__862/ZN
 core.bgc_13.lfsr_col._31_/Z
 core.bgc_13.lfsr_col._31__864/ZN
 core.bgc_13.lfsr_col._32_/Z
 core.bgc_13.lfsr_col._32__1520/Z
 core.bgc_13.lfsr_col._33_/Z
 core.bgc_13.lfsr_col._33__865/ZN
 core.bgc_13.lfsr_col._34_/Z
 core.bgc_13.lfsr_col._34__1521/Z
 core.bgc_13.lfsr_col._35_/Z
 core.bgc_13.lfsr_col._35__1522/Z
 core.bgc_13.lfsr_col._36_/Z
 core.bgc_13.lfsr_col._36__1523/Z
 core.bgc_13.lfsr_col._37_/Z
 core.bgc_13.lfsr_col._37__866/ZN
 core.bgc_13.lfsr_col._38_/Z
 core.bgc_13.lfsr_col._38__1524/Z
 core.bgc_13.lfsr_col._39_/Z
 core.bgc_13.lfsr_col._39__867/ZN
 core.bgc_13.lfsr_col._40_/Z
 core.bgc_13.lfsr_col._40__868/ZN
 core.bgc_13.lfsr_col._41_/Z
 core.bgc_13.lfsr_col._42_/Z
 core.bgc_13.lfsr_col._43_/Z
 core.bgc_13.lfsr_col._44_/Z
 core.bgc_13.lfsr_col._44__870/ZN
 core.bgc_13.lfsr_col._45_/Z
 core.bgc_13.lfsr_col._45__871/ZN
 core.bgc_13.lfsr_col._46_/Z
 core.bgc_13.lfsr_col._46__1525/Z
 core.bgc_13.lfsr_col._47_/Z
 core.bgc_13.lfsr_col._47__872/ZN
 core.bgc_13.lfsr_col._48_/Z
 core.bgc_13.lfsr_col._48__1526/Z
 core.bgc_13.lfsr_col._49_/Z
 core.bgc_13.lfsr_col._49__1527/Z
 core.bgc_13.lfsr_col._50_/Z
 core.bgc_13.lfsr_col._50__1528/Z
 core.bgc_13.lfsr_col._51_/Z
 core.bgc_13.lfsr_col._51__873/ZN
 core.bgc_13.lfsr_col._52_/Z
 core.bgc_13.lfsr_col._52__1529/Z
 core.bgc_13.lfsr_col._53_/Z
 core.bgc_13.lfsr_col._53__874/ZN
 core.bgc_13.lfsr_col._54_/Z
 core.bgc_13.lfsr_col._54__875/ZN
 core.bgc_13.lfsr_col._55_/Z
 core.bgc_13.lfsr_col._55__876/ZN
 core.bgc_13.lfsr_col._56_/Z
 core.bgc_13.lfsr_col._57_/Z
 core.bgc_13.lfsr_col._58_/Z
 core.bgc_13.lfsr_col._59_/Z
 core.bgc_13.lfsr_col._60_/Z
 core.bgc_13.lfsr_col._61_/Z
 core.bgc_13.lfsr_col._62_/Z
 core.bgc_13.lfsr_col._63_/Z
 core.bgc_13.lfsr_col._64_/Z
 core.bgc_13.lfsr_col._65_/Z
 core.bgc_13.lfsr_col._66_/ZN
 core.bgc_13.lfsr_col._66__877/ZN
 core.bgc_13.lfsr_col._67_/ZN
 core.bgc_13.lfsr_col._67__878/ZN
 core.bgc_13.lfsr_col._68_/ZN
 core.bgc_13.lfsr_col._68__1531/Z
 core.bgc_13.lfsr_col._69_/ZN
 core.bgc_13.lfsr_col._69__82/ZN
 core.bgc_13.lfsr_col._70_/ZN
 core.bgc_13.lfsr_col._70__879/Z
 core.bgc_13.lfsr_col._71_/ZN
 core.bgc_13.lfsr_col._71__880/Z
 core.bgc_13.lfsr_col._72_/ZN
 core.bgc_13.lfsr_col._72__881/Z
 core.bgc_13.lfsr_col._73_/ZN
 core.bgc_13.lfsr_col._73__83/ZN
 core.bgc_13.lfsr_col._74_/ZN
 core.bgc_13.lfsr_col._74__883/Z
 core.bgc_13.lfsr_col._75_/ZN
 core.bgc_13.lfsr_col._75__84/ZN
 core.bgc_13.lfsr_col._76_/ZN
 core.bgc_13.lfsr_col._76__85/ZN
 core.bgc_13.lfsr_col._77_/Q
 core.bgc_13.lfsr_col._78_/Q
 core.bgc_13.lfsr_col._79_/Q
 core.bgc_13.lfsr_col._80_/Q
 core.bgc_13.lfsr_col._81_/Q
 core.bgc_13.lfsr_col._82_/Q
 core.bgc_13.lfsr_col._83_/Q
 core.bgc_13.lfsr_col._84_/Q
 core.bgc_13.lfsr_col._85_/Q
 core.bgc_13.lfsr_col._86_/Q
 core.bgc_13.lfsr_col._87_/Q
 core.bgc_13.lfsr_col._88_/Q
 core.bgc_13.lfsr_row._27_/ZN
 core.bgc_13.lfsr_row._28_/ZN
 core.bgc_13.lfsr_row._28__86/ZN
 core.bgc_13.lfsr_row._29_/Z
 core.bgc_13.lfsr_row._29__87/ZN
 core.bgc_13.lfsr_row._30_/Z
 core.bgc_13.lfsr_row._30__884/Z
 core.bgc_13.lfsr_row._31_/Z
 core.bgc_13.lfsr_row._31__88/ZN
 core.bgc_13.lfsr_row._32_/Z
 core.bgc_13.lfsr_row._32__885/Z
 core.bgc_13.lfsr_row._33_/Z
 core.bgc_13.lfsr_row._33__89/ZN
 core.bgc_13.lfsr_row._34_/Z
 core.bgc_13.lfsr_row._34__886/Z
 core.bgc_13.lfsr_row._35_/Z
 core.bgc_13.lfsr_row._35__90/ZN
 core.bgc_13.lfsr_row._36_/Z
 core.bgc_13.lfsr_row._36__888/Z
 core.bgc_13.lfsr_row._37_/Z
 core.bgc_13.lfsr_row._37__91/ZN
 core.bgc_13.lfsr_row._38_/Z
 core.bgc_13.lfsr_row._38__889/Z
 core.bgc_13.lfsr_row._39_/Z
 core.bgc_13.lfsr_row._39__92/ZN
 core.bgc_13.lfsr_row._40_/Z
 core.bgc_13.lfsr_row._40__890/Z
 core.bgc_13.lfsr_row._41_/Z
 core.bgc_13.lfsr_row._42_/Z
 core.bgc_13.lfsr_row._43_/Z
 core.bgc_13.lfsr_row._44_/Z
 core.bgc_13.lfsr_row._44__891/Z
 core.bgc_13.lfsr_row._45_/Z
 core.bgc_13.lfsr_row._45__93/ZN
 core.bgc_13.lfsr_row._46_/Z
 core.bgc_13.lfsr_row._46__892/Z
 core.bgc_13.lfsr_row._47_/Z
 core.bgc_13.lfsr_row._47__94/ZN
 core.bgc_13.lfsr_row._48_/Z
 core.bgc_13.lfsr_row._48__893/Z
 core.bgc_13.lfsr_row._49_/Z
 core.bgc_13.lfsr_row._49__96/ZN
 core.bgc_13.lfsr_row._50_/Z
 core.bgc_13.lfsr_row._50__894/Z
 core.bgc_13.lfsr_row._51_/Z
 core.bgc_13.lfsr_row._51__97/ZN
 core.bgc_13.lfsr_row._52_/Z
 core.bgc_13.lfsr_row._52__895/Z
 core.bgc_13.lfsr_row._53_/Z
 core.bgc_13.lfsr_row._53__98/ZN
 core.bgc_13.lfsr_row._54_/Z
 core.bgc_13.lfsr_row._54__896/Z
 core.bgc_13.lfsr_row._55_/Z
 core.bgc_13.lfsr_row._55__99/ZN
 core.bgc_13.lfsr_row._56_/Z
 core.bgc_13.lfsr_row._57_/Z
 core.bgc_13.lfsr_row._58_/Z
 core.bgc_13.lfsr_row._59_/Z
 core.bgc_13.lfsr_row._60_/Z
 core.bgc_13.lfsr_row._61_/Z
 core.bgc_13.lfsr_row._62_/Z
 core.bgc_13.lfsr_row._63_/Z
 core.bgc_13.lfsr_row._64_/Z
 core.bgc_13.lfsr_row._65_/Z
 core.bgc_13.lfsr_row._66_/ZN
 core.bgc_13.lfsr_row._66__897/Z
 core.bgc_13.lfsr_row._67_/ZN
 core.bgc_13.lfsr_row._67__100/ZN
 core.bgc_13.lfsr_row._68_/ZN
 core.bgc_13.lfsr_row._68__899/Z
 core.bgc_13.lfsr_row._69_/ZN
 core.bgc_13.lfsr_row._69__101/ZN
 core.bgc_13.lfsr_row._70_/ZN
 core.bgc_13.lfsr_row._70__900/Z
 core.bgc_13.lfsr_row._71_/ZN
 core.bgc_13.lfsr_row._71__102/ZN
 core.bgc_13.lfsr_row._72_/ZN
 core.bgc_13.lfsr_row._72__901/Z
 core.bgc_13.lfsr_row._73_/ZN
 core.bgc_13.lfsr_row._73__103/ZN
 core.bgc_13.lfsr_row._74_/ZN
 core.bgc_13.lfsr_row._74__902/Z
 core.bgc_13.lfsr_row._75_/ZN
 core.bgc_13.lfsr_row._75__104/ZN
 core.bgc_13.lfsr_row._76_/ZN
 core.bgc_13.lfsr_row._76__903/Z
 core.bgc_13.lfsr_row._77_/Q
 core.bgc_13.lfsr_row._78_/Q
 core.bgc_13.lfsr_row._79_/Q
 core.bgc_13.lfsr_row._80_/Q
 core.bgc_13.lfsr_row._81_/Q
 core.bgc_13.lfsr_row._82_/Q
 core.bgc_13.lfsr_row._83_/Q
 core.bgc_13.lfsr_row._84_/Q
 core.bgc_13.lfsr_row._85_/Q
 core.bgc_13.lfsr_row._86_/Q
 core.bgc_13.lfsr_row._87_/Q
 core.bgc_13.lfsr_row._88_/Q
 core.bgc_13.row_reg._053_/ZN
 core.bgc_13.row_reg._054_/ZN
 core.bgc_13.row_reg._055_/ZN
 core.bgc_13.row_reg._056_/ZN
 core.bgc_13.row_reg._056__105/ZN
 core.bgc_13.row_reg._057_/ZN
 core.bgc_13.row_reg._058_/ZN
 core.bgc_13.row_reg._058__106/ZN
 core.bgc_13.row_reg._059_/ZN
 core.bgc_13.row_reg._060_/ZN
 core.bgc_13.row_reg._060__107/ZN
 core.bgc_13.row_reg._061_/ZN
 core.bgc_13.row_reg._062_/ZN
 core.bgc_13.row_reg._062__108/ZN
 core.bgc_13.row_reg._063_/ZN
 core.bgc_13.row_reg._064_/ZN
 core.bgc_13.row_reg._064__109/ZN
 core.bgc_13.row_reg._065_/ZN
 core.bgc_13.row_reg._066_/ZN
 core.bgc_13.row_reg._066__110/ZN
 core.bgc_13.row_reg._067_/ZN
 core.bgc_13.row_reg._068_/ZN
 core.bgc_13.row_reg._068__111/ZN
 core.bgc_13.row_reg._069_/ZN
 core.bgc_13.row_reg._070_/ZN
 core.bgc_13.row_reg._070__112/ZN
 core.bgc_13.row_reg._071_/ZN
 core.bgc_13.row_reg._072_/ZN
 core.bgc_13.row_reg._072__113/ZN
 core.bgc_13.row_reg._073_/ZN
 core.bgc_13.row_reg._074_/ZN
 core.bgc_13.row_reg._074__114/ZN
 core.bgc_13.row_reg._075_/ZN
 core.bgc_13.row_reg._076_/ZN
 core.bgc_13.row_reg._076__115/ZN
 core.bgc_13.row_reg._077_/ZN
 core.bgc_13.row_reg._078_/ZN
 core.bgc_13.row_reg._078__116/ZN
 core.bgc_13.row_reg._079_/ZN
 core.bgc_13.row_reg._080_/Z
 core.bgc_13.row_reg._081_/ZN
 core.bgc_13.row_reg._082_/ZN
 core.bgc_13.row_reg._083_/ZN
 core.bgc_13.row_reg._084_/ZN
 core.bgc_13.row_reg._085_/ZN
 core.bgc_13.row_reg._086_/ZN
 core.bgc_13.row_reg._087_/ZN
 core.bgc_13.row_reg._088_/ZN
 core.bgc_13.row_reg._089_/ZN
 core.bgc_13.row_reg._090_/ZN
 core.bgc_13.row_reg._091_/ZN
 core.bgc_13.row_reg._092_/ZN
 core.bgc_13.row_reg._093_/ZN
 core.bgc_13.row_reg._094_/ZN
 core.bgc_13.row_reg._095_/ZN
 core.bgc_13.row_reg._096_/ZN
 core.bgc_13.row_reg._097_/ZN
 core.bgc_13.row_reg._098_/ZN
 core.bgc_13.row_reg._099_/ZN
 core.bgc_13.row_reg._100_/ZN
 core.bgc_13.row_reg._101_/ZN
 core.bgc_13.row_reg._102_/ZN
 core.bgc_13.row_reg._103_/ZN
 core.bgc_13.row_reg._104_/ZN
 core.bgc_13.row_reg._105_/ZN
 core.bgc_13.row_reg._106_/ZN
 core.bgc_13.row_reg._107_/ZN
 core.bgc_13.row_reg._108_/ZN
 core.bgc_13.row_reg._109_/ZN
 core.bgc_13.row_reg._110_/ZN
 core.bgc_13.row_reg._111_/ZN
 core.bgc_13.row_reg._112_/ZN
 core.bgc_13.row_reg._113_/ZN
 core.bgc_13.row_reg._114_/ZN
 core.bgc_13.row_reg._115_/ZN
 core.bgc_13.row_reg._116_/ZN
 core.bgc_13.row_reg._117_/Q
 core.bgc_13.row_reg._118_/Q
 core.bgc_13.row_reg._119_/Q
 core.bgc_13.row_reg._120_/Q
 core.bgc_13.row_reg._121_/Q
 core.bgc_13.row_reg._122_/Q
 core.bgc_13.row_reg._123_/Q
 core.bgc_13.row_reg._124_/Q
 core.bgc_13.row_reg._125_/Q
 core.bgc_13.row_reg._126_/Q
 core.bgc_13.row_reg._127_/Q
 core.bgc_13.row_reg._128_/Q
 core.bgc_14._05_/ZN
 core.bgc_14._06_/ZN
 core.bgc_14._07_/ZN
 core.bgc_14._07__117/ZN
 core.bgc_14._08_/ZN
 core.bgc_14._09_/Z
 core.bgc_14._10_/ZN
 core.bgc_14._11_/Z
 core.bgc_14._11__118/ZN
 core.bgc_14._12_/Z
 core.bgc_14._13_/Z
 core.bgc_14._14_/Z
 core.bgc_14._15_/Z
 core.bgc_14._16_/Z
 core.bgc_14._17_/Z
 core.bgc_14._18_/Z
 core.bgc_14._19_/Z
 core.bgc_14._20_/Z
 core.bgc_14._21_/Z
 core.bgc_14._22_/Z
 core.bgc_14._23_/Z
 core.bgc_14._24_/ZN
 core.bgc_14._25_/ZN
 core.bgc_14.col_reg._053_/ZN
 core.bgc_14.col_reg._054_/ZN
 core.bgc_14.col_reg._055_/ZN
 core.bgc_14.col_reg._056_/ZN
 core.bgc_14.col_reg._057_/ZN
 core.bgc_14.col_reg._058_/ZN
 core.bgc_14.col_reg._059_/ZN
 core.bgc_14.col_reg._060_/ZN
 core.bgc_14.col_reg._061_/ZN
 core.bgc_14.col_reg._062_/ZN
 core.bgc_14.col_reg._063_/ZN
 core.bgc_14.col_reg._064_/ZN
 core.bgc_14.col_reg._065_/ZN
 core.bgc_14.col_reg._066_/ZN
 core.bgc_14.col_reg._067_/ZN
 core.bgc_14.col_reg._068_/ZN
 core.bgc_14.col_reg._069_/ZN
 core.bgc_14.col_reg._070_/ZN
 core.bgc_14.col_reg._071_/ZN
 core.bgc_14.col_reg._072_/ZN
 core.bgc_14.col_reg._073_/ZN
 core.bgc_14.col_reg._074_/ZN
 core.bgc_14.col_reg._075_/ZN
 core.bgc_14.col_reg._076_/ZN
 core.bgc_14.col_reg._077_/ZN
 core.bgc_14.col_reg._078_/ZN
 core.bgc_14.col_reg._079_/ZN
 core.bgc_14.col_reg._080_/Z
 core.bgc_14.col_reg._081_/ZN
 core.bgc_14.col_reg._082_/ZN
 core.bgc_14.col_reg._083_/ZN
 core.bgc_14.col_reg._084_/ZN
 core.bgc_14.col_reg._085_/ZN
 core.bgc_14.col_reg._086_/ZN
 core.bgc_14.col_reg._087_/ZN
 core.bgc_14.col_reg._088_/ZN
 core.bgc_14.col_reg._089_/ZN
 core.bgc_14.col_reg._090_/ZN
 core.bgc_14.col_reg._091_/ZN
 core.bgc_14.col_reg._092_/ZN
 core.bgc_14.col_reg._093_/ZN
 core.bgc_14.col_reg._094_/ZN
 core.bgc_14.col_reg._095_/ZN
 core.bgc_14.col_reg._096_/ZN
 core.bgc_14.col_reg._097_/ZN
 core.bgc_14.col_reg._098_/ZN
 core.bgc_14.col_reg._099_/ZN
 core.bgc_14.col_reg._100_/ZN
 core.bgc_14.col_reg._101_/ZN
 core.bgc_14.col_reg._102_/ZN
 core.bgc_14.col_reg._103_/ZN
 core.bgc_14.col_reg._104_/ZN
 core.bgc_14.col_reg._105_/ZN
 core.bgc_14.col_reg._106_/ZN
 core.bgc_14.col_reg._107_/ZN
 core.bgc_14.col_reg._108_/ZN
 core.bgc_14.col_reg._109_/ZN
 core.bgc_14.col_reg._110_/ZN
 core.bgc_14.col_reg._111_/ZN
 core.bgc_14.col_reg._112_/ZN
 core.bgc_14.col_reg._113_/ZN
 core.bgc_14.col_reg._114_/ZN
 core.bgc_14.col_reg._115_/ZN
 core.bgc_14.col_reg._116_/ZN
 core.bgc_14.col_reg._117_/Q
 core.bgc_14.col_reg._118_/Q
 core.bgc_14.col_reg._119_/Q
 core.bgc_14.col_reg._120_/Q
 core.bgc_14.col_reg._121_/Q
 core.bgc_14.col_reg._122_/Q
 core.bgc_14.col_reg._123_/Q
 core.bgc_14.col_reg._124_/Q
 core.bgc_14.col_reg._125_/Q
 core.bgc_14.col_reg._126_/Q
 core.bgc_14.col_reg._127_/Q
 core.bgc_14.col_reg._128_/Q
 core.bgc_14.comp_col._20_/ZN
 core.bgc_14.comp_col._21_/ZN
 core.bgc_14.comp_col._22_/ZN
 core.bgc_14.comp_col._23_/ZN
 core.bgc_14.comp_col._24_/ZN
 core.bgc_14.comp_col._25_/ZN
 core.bgc_14.comp_col._26_/ZN
 core.bgc_14.comp_col._27_/ZN
 core.bgc_14.comp_col._28_/ZN
 core.bgc_14.comp_col._29_/ZN
 core.bgc_14.comp_col._30_/ZN
 core.bgc_14.comp_col._31_/ZN
 core.bgc_14.comp_col._32_/ZN
 core.bgc_14.comp_col._33_/ZN
 core.bgc_14.comp_col._34_/ZN
 core.bgc_14.comp_col._35_/ZN
 core.bgc_14.comp_col._36_/ZN
 core.bgc_14.comp_col._37_/ZN
 core.bgc_14.comp_col._38_/ZN
 core.bgc_14.comp_col._39_/ZN
 core.bgc_14.comp_col._40_/ZN
 core.bgc_14.comp_col._41_/ZN
 core.bgc_14.comp_col._42_/ZN
 core.bgc_14.comp_col._43_/ZN
 core.bgc_14.comp_col._44_/ZN
 core.bgc_14.comp_col._45_/ZN
 core.bgc_14.comp_col._46_/ZN
 core.bgc_14.comp_col._47_/ZN
 core.bgc_14.comp_col._48_/Z
 core.bgc_14.comp_col._49_/Z
 core.bgc_14.comp_col._50_/Z
 core.bgc_14.comp_col._51_/Z
 core.bgc_14.comp_col._52_/Z
 core.bgc_14.comp_col._53_/Z
 core.bgc_14.comp_col._54_/Z
 core.bgc_14.comp_col._55_/Z
 core.bgc_14.comp_col._56_/Z
 core.bgc_14.comp_col._57_/Z
 core.bgc_14.comp_col._58_/Z
 core.bgc_14.comp_col._59_/Z
 core.bgc_14.comp_col._60_/ZN
 core.bgc_14.comp_col._61_/ZN
 core.bgc_14.comp_col._62_/ZN
 core.bgc_14.comp_col._63_/ZN
 core.bgc_14.comp_col._64_/ZN
 core.bgc_14.comp_col.pe1._18_/ZN
 core.bgc_14.comp_col.pe1._19_/ZN
 core.bgc_14.comp_col.pe1._20_/ZN
 core.bgc_14.comp_col.pe1._21_/ZN
 core.bgc_14.comp_col.pe1._22_/ZN
 core.bgc_14.comp_col.pe1._23_/ZN
 core.bgc_14.comp_col.pe1._24_/ZN
 core.bgc_14.comp_col.pe1._25_/ZN
 core.bgc_14.comp_col.pe1._26_/ZN
 core.bgc_14.comp_col.pe1._27_/ZN
 core.bgc_14.comp_col.pe1._28_/ZN
 core.bgc_14.comp_col.pe1._29_/ZN
 core.bgc_14.comp_col.pe1._30_/ZN
 core.bgc_14.comp_col.pe1._31_/ZN
 core.bgc_14.comp_col.pe1._32_/ZN
 core.bgc_14.comp_col.pe1._33_/ZN
 core.bgc_14.comp_col.pe1._34_/ZN
 core.bgc_14.comp_col.pe1._35_/ZN
 core.bgc_14.comp_col.pe1._36_/ZN
 core.bgc_14.comp_col.pe1._37_/ZN
 core.bgc_14.comp_col.pe1._38_/ZN
 core.bgc_14.comp_col.pe1._39_/ZN
 core.bgc_14.comp_col.pe2._18_/ZN
 core.bgc_14.comp_col.pe2._19_/ZN
 core.bgc_14.comp_col.pe2._20_/ZN
 core.bgc_14.comp_col.pe2._21_/ZN
 core.bgc_14.comp_col.pe2._22_/ZN
 core.bgc_14.comp_col.pe2._23_/ZN
 core.bgc_14.comp_col.pe2._24_/ZN
 core.bgc_14.comp_col.pe2._25_/ZN
 core.bgc_14.comp_col.pe2._26_/ZN
 core.bgc_14.comp_col.pe2._27_/ZN
 core.bgc_14.comp_col.pe2._28_/ZN
 core.bgc_14.comp_col.pe2._29_/ZN
 core.bgc_14.comp_col.pe2._30_/ZN
 core.bgc_14.comp_col.pe2._31_/ZN
 core.bgc_14.comp_col.pe2._32_/ZN
 core.bgc_14.comp_col.pe2._33_/ZN
 core.bgc_14.comp_col.pe2._34_/ZN
 core.bgc_14.comp_col.pe2._35_/ZN
 core.bgc_14.comp_col.pe2._36_/ZN
 core.bgc_14.comp_col.pe2._37_/ZN
 core.bgc_14.comp_col.pe2._38_/ZN
 core.bgc_14.comp_col.pe2._39_/ZN
 core.bgc_14.comp_row._20_/ZN
 core.bgc_14.comp_row._21_/ZN
 core.bgc_14.comp_row._22_/ZN
 core.bgc_14.comp_row._23_/ZN
 core.bgc_14.comp_row._24_/ZN
 core.bgc_14.comp_row._25_/ZN
 core.bgc_14.comp_row._26_/ZN
 core.bgc_14.comp_row._27_/ZN
 core.bgc_14.comp_row._28_/ZN
 core.bgc_14.comp_row._29_/ZN
 core.bgc_14.comp_row._30_/ZN
 core.bgc_14.comp_row._31_/ZN
 core.bgc_14.comp_row._32_/ZN
 core.bgc_14.comp_row._33_/ZN
 core.bgc_14.comp_row._34_/ZN
 core.bgc_14.comp_row._35_/ZN
 core.bgc_14.comp_row._36_/ZN
 core.bgc_14.comp_row._37_/ZN
 core.bgc_14.comp_row._38_/ZN
 core.bgc_14.comp_row._39_/ZN
 core.bgc_14.comp_row._40_/ZN
 core.bgc_14.comp_row._41_/ZN
 core.bgc_14.comp_row._42_/ZN
 core.bgc_14.comp_row._43_/ZN
 core.bgc_14.comp_row._44_/ZN
 core.bgc_14.comp_row._45_/ZN
 core.bgc_14.comp_row._46_/ZN
 core.bgc_14.comp_row._47_/ZN
 core.bgc_14.comp_row._48_/Z
 core.bgc_14.comp_row._49_/Z
 core.bgc_14.comp_row._50_/Z
 core.bgc_14.comp_row._51_/Z
 core.bgc_14.comp_row._52_/Z
 core.bgc_14.comp_row._53_/Z
 core.bgc_14.comp_row._54_/Z
 core.bgc_14.comp_row._55_/Z
 core.bgc_14.comp_row._56_/Z
 core.bgc_14.comp_row._57_/Z
 core.bgc_14.comp_row._58_/Z
 core.bgc_14.comp_row._59_/Z
 core.bgc_14.comp_row._60_/ZN
 core.bgc_14.comp_row._61_/ZN
 core.bgc_14.comp_row._62_/ZN
 core.bgc_14.comp_row._63_/ZN
 core.bgc_14.comp_row._64_/ZN
 core.bgc_14.comp_row.pe1._18_/ZN
 core.bgc_14.comp_row.pe1._19_/ZN
 core.bgc_14.comp_row.pe1._20_/ZN
 core.bgc_14.comp_row.pe1._21_/ZN
 core.bgc_14.comp_row.pe1._22_/ZN
 core.bgc_14.comp_row.pe1._23_/ZN
 core.bgc_14.comp_row.pe1._24_/ZN
 core.bgc_14.comp_row.pe1._25_/ZN
 core.bgc_14.comp_row.pe1._26_/ZN
 core.bgc_14.comp_row.pe1._27_/ZN
 core.bgc_14.comp_row.pe1._28_/ZN
 core.bgc_14.comp_row.pe1._29_/ZN
 core.bgc_14.comp_row.pe1._30_/ZN
 core.bgc_14.comp_row.pe1._31_/ZN
 core.bgc_14.comp_row.pe1._32_/ZN
 core.bgc_14.comp_row.pe1._33_/ZN
 core.bgc_14.comp_row.pe1._34_/ZN
 core.bgc_14.comp_row.pe1._35_/ZN
 core.bgc_14.comp_row.pe1._36_/ZN
 core.bgc_14.comp_row.pe1._37_/ZN
 core.bgc_14.comp_row.pe1._38_/ZN
 core.bgc_14.comp_row.pe1._39_/ZN
 core.bgc_14.comp_row.pe2._18_/ZN
 core.bgc_14.comp_row.pe2._19_/ZN
 core.bgc_14.comp_row.pe2._20_/ZN
 core.bgc_14.comp_row.pe2._21_/ZN
 core.bgc_14.comp_row.pe2._22_/ZN
 core.bgc_14.comp_row.pe2._23_/ZN
 core.bgc_14.comp_row.pe2._24_/ZN
 core.bgc_14.comp_row.pe2._25_/ZN
 core.bgc_14.comp_row.pe2._26_/ZN
 core.bgc_14.comp_row.pe2._27_/ZN
 core.bgc_14.comp_row.pe2._28_/ZN
 core.bgc_14.comp_row.pe2._29_/ZN
 core.bgc_14.comp_row.pe2._30_/ZN
 core.bgc_14.comp_row.pe2._31_/ZN
 core.bgc_14.comp_row.pe2._32_/ZN
 core.bgc_14.comp_row.pe2._33_/ZN
 core.bgc_14.comp_row.pe2._34_/ZN
 core.bgc_14.comp_row.pe2._35_/ZN
 core.bgc_14.comp_row.pe2._36_/ZN
 core.bgc_14.comp_row.pe2._37_/ZN
 core.bgc_14.comp_row.pe2._38_/ZN
 core.bgc_14.comp_row.pe2._39_/ZN
 core.bgc_14.final_counter._29_/ZN
 core.bgc_14.final_counter._30_/ZN
 core.bgc_14.final_counter._31_/ZN
 core.bgc_14.final_counter._32_/ZN
 core.bgc_14.final_counter._33_/ZN
 core.bgc_14.final_counter._34_/ZN
 core.bgc_14.final_counter._35_/ZN
 core.bgc_14.final_counter._36_/ZN
 core.bgc_14.final_counter._37_/ZN
 core.bgc_14.final_counter._38_/ZN
 core.bgc_14.final_counter._39_/Z
 core.bgc_14.final_counter._40_/ZN
 core.bgc_14.final_counter._41_/ZN
 core.bgc_14.final_counter._42_/ZN
 core.bgc_14.final_counter._43_/Z
 core.bgc_14.final_counter._44_/ZN
 core.bgc_14.final_counter._45_/ZN
 core.bgc_14.final_counter._46_/Z
 core.bgc_14.final_counter._47_/ZN
 core.bgc_14.final_counter._48_/ZN
 core.bgc_14.final_counter._49_/Z
 core.bgc_14.final_counter._50_/ZN
 core.bgc_14.final_counter._51_/ZN
 core.bgc_14.final_counter._52_/ZN
 core.bgc_14.final_counter._53_/ZN
 core.bgc_14.final_counter._54_/Z
 core.bgc_14.final_counter._55_/ZN
 core.bgc_14.final_counter._56_/ZN
 core.bgc_14.final_counter._57_/Z
 core.bgc_14.final_counter._58_/ZN
 core.bgc_14.final_counter._59_/ZN
 core.bgc_14.final_counter._60_/ZN
 core.bgc_14.final_counter._61_/ZN
 core.bgc_14.final_counter._62_/ZN
 core.bgc_14.final_counter._63_/ZN
 core.bgc_14.final_counter._64_/ZN
 core.bgc_14.final_counter._65_/ZN
 core.bgc_14.final_counter._66_/ZN
 core.bgc_14.final_counter._67_/Z
 core.bgc_14.final_counter._68_/ZN
 core.bgc_14.final_counter._69_/Q
 core.bgc_14.final_counter._70_/Q
 core.bgc_14.final_counter._71_/Q
 core.bgc_14.final_counter._72_/Q
 core.bgc_14.final_counter._73_/Q
 core.bgc_14.final_counter._74_/Q
 core.bgc_14.final_counter._75_/Q
 core.bgc_14.final_counter._76_/Q
 core.bgc_14.final_counter._77_/Q
 core.bgc_14.final_counter._78_/Q
 core.bgc_14.final_counter._79_/Q
 core.bgc_14.final_counter._80_/Q
 core.bgc_14.lfsr_col._27_/ZN
 core.bgc_14.lfsr_col._28_/ZN
 core.bgc_14.lfsr_col._28__119/ZN
 core.bgc_14.lfsr_col._29_/Z
 core.bgc_14.lfsr_col._29__120/ZN
 core.bgc_14.lfsr_col._30_/Z
 core.bgc_14.lfsr_col._30__121/ZN
 core.bgc_14.lfsr_col._31_/Z
 core.bgc_14.lfsr_col._31__122/ZN
 core.bgc_14.lfsr_col._32_/Z
 core.bgc_14.lfsr_col._32__906/Z
 core.bgc_14.lfsr_col._33_/Z
 core.bgc_14.lfsr_col._33__123/ZN
 core.bgc_14.lfsr_col._34_/Z
 core.bgc_14.lfsr_col._34__907/Z
 core.bgc_14.lfsr_col._35_/Z
 core.bgc_14.lfsr_col._35__124/ZN
 core.bgc_14.lfsr_col._36_/Z
 core.bgc_14.lfsr_col._36__909/Z
 core.bgc_14.lfsr_col._37_/Z
 core.bgc_14.lfsr_col._37__125/ZN
 core.bgc_14.lfsr_col._38_/Z
 core.bgc_14.lfsr_col._38__910/Z
 core.bgc_14.lfsr_col._39_/Z
 core.bgc_14.lfsr_col._39__126/ZN
 core.bgc_14.lfsr_col._40_/Z
 core.bgc_14.lfsr_col._40__911/Z
 core.bgc_14.lfsr_col._41_/Z
 core.bgc_14.lfsr_col._42_/Z
 core.bgc_14.lfsr_col._43_/Z
 core.bgc_14.lfsr_col._44_/Z
 core.bgc_14.lfsr_col._44__912/Z
 core.bgc_14.lfsr_col._45_/Z
 core.bgc_14.lfsr_col._45__127/ZN
 core.bgc_14.lfsr_col._46_/Z
 core.bgc_14.lfsr_col._46__913/Z
 core.bgc_14.lfsr_col._47_/Z
 core.bgc_14.lfsr_col._47__128/ZN
 core.bgc_14.lfsr_col._48_/Z
 core.bgc_14.lfsr_col._48__914/Z
 core.bgc_14.lfsr_col._49_/Z
 core.bgc_14.lfsr_col._49__130/ZN
 core.bgc_14.lfsr_col._50_/Z
 core.bgc_14.lfsr_col._50__915/Z
 core.bgc_14.lfsr_col._51_/Z
 core.bgc_14.lfsr_col._51__131/ZN
 core.bgc_14.lfsr_col._52_/Z
 core.bgc_14.lfsr_col._52__916/Z
 core.bgc_14.lfsr_col._53_/Z
 core.bgc_14.lfsr_col._53__132/ZN
 core.bgc_14.lfsr_col._54_/Z
 core.bgc_14.lfsr_col._54__133/ZN
 core.bgc_14.lfsr_col._55_/Z
 core.bgc_14.lfsr_col._55__134/ZN
 core.bgc_14.lfsr_col._56_/Z
 core.bgc_14.lfsr_col._57_/Z
 core.bgc_14.lfsr_col._58_/Z
 core.bgc_14.lfsr_col._59_/Z
 core.bgc_14.lfsr_col._60_/Z
 core.bgc_14.lfsr_col._61_/Z
 core.bgc_14.lfsr_col._62_/Z
 core.bgc_14.lfsr_col._63_/Z
 core.bgc_14.lfsr_col._64_/Z
 core.bgc_14.lfsr_col._65_/Z
 core.bgc_14.lfsr_col._66_/ZN
 core.bgc_14.lfsr_col._66__917/Z
 core.bgc_14.lfsr_col._67_/ZN
 core.bgc_14.lfsr_col._67__135/ZN
 core.bgc_14.lfsr_col._68_/ZN
 core.bgc_14.lfsr_col._68__919/Z
 core.bgc_14.lfsr_col._69_/ZN
 core.bgc_14.lfsr_col._69__136/ZN
 core.bgc_14.lfsr_col._70_/ZN
 core.bgc_14.lfsr_col._70__920/Z
 core.bgc_14.lfsr_col._71_/ZN
 core.bgc_14.lfsr_col._71__137/ZN
 core.bgc_14.lfsr_col._72_/ZN
 core.bgc_14.lfsr_col._72__921/Z
 core.bgc_14.lfsr_col._73_/ZN
 core.bgc_14.lfsr_col._73__138/ZN
 core.bgc_14.lfsr_col._74_/ZN
 core.bgc_14.lfsr_col._74__922/Z
 core.bgc_14.lfsr_col._75_/ZN
 core.bgc_14.lfsr_col._75__139/ZN
 core.bgc_14.lfsr_col._76_/ZN
 core.bgc_14.lfsr_col._76__140/ZN
 core.bgc_14.lfsr_col._77_/Q
 core.bgc_14.lfsr_col._78_/Q
 core.bgc_14.lfsr_col._79_/Q
 core.bgc_14.lfsr_col._80_/Q
 core.bgc_14.lfsr_col._81_/Q
 core.bgc_14.lfsr_col._82_/Q
 core.bgc_14.lfsr_col._83_/Q
 core.bgc_14.lfsr_col._84_/Q
 core.bgc_14.lfsr_col._85_/Q
 core.bgc_14.lfsr_col._86_/Q
 core.bgc_14.lfsr_col._87_/Q
 core.bgc_14.lfsr_col._88_/Q
 core.bgc_14.lfsr_row._27_/ZN
 core.bgc_14.lfsr_row._28_/ZN
 core.bgc_14.lfsr_row._28__923/Z
 core.bgc_14.lfsr_row._29_/Z
 core.bgc_14.lfsr_row._29__925/Z
 core.bgc_14.lfsr_row._30_/Z
 core.bgc_14.lfsr_row._30__926/Z
 core.bgc_14.lfsr_row._31_/Z
 core.bgc_14.lfsr_row._31__141/ZN
 core.bgc_14.lfsr_row._32_/Z
 core.bgc_14.lfsr_row._32__142/ZN
 core.bgc_14.lfsr_row._33_/Z
 core.bgc_14.lfsr_row._33__143/ZN
 core.bgc_14.lfsr_row._34_/Z
 core.bgc_14.lfsr_row._34__927/Z
 core.bgc_14.lfsr_row._35_/Z
 core.bgc_14.lfsr_row._35__928/Z
 core.bgc_14.lfsr_row._36_/Z
 core.bgc_14.lfsr_row._36__929/Z
 core.bgc_14.lfsr_row._37_/Z
 core.bgc_14.lfsr_row._37__930/Z
 core.bgc_14.lfsr_row._38_/Z
 core.bgc_14.lfsr_row._38__931/Z
 core.bgc_14.lfsr_row._39_/Z
 core.bgc_14.lfsr_row._39__144/ZN
 core.bgc_14.lfsr_row._40_/Z
 core.bgc_14.lfsr_row._40__145/ZN
 core.bgc_14.lfsr_row._41_/Z
 core.bgc_14.lfsr_row._42_/Z
 core.bgc_14.lfsr_row._43_/Z
 core.bgc_14.lfsr_row._44_/Z
 core.bgc_14.lfsr_row._44__146/ZN
 core.bgc_14.lfsr_row._45_/Z
 core.bgc_14.lfsr_row._45__147/ZN
 core.bgc_14.lfsr_row._46_/Z
 core.bgc_14.lfsr_row._46__933/Z
 core.bgc_14.lfsr_row._47_/Z
 core.bgc_14.lfsr_row._47__934/Z
 core.bgc_14.lfsr_row._48_/Z
 core.bgc_14.lfsr_row._48__935/Z
 core.bgc_14.lfsr_row._49_/Z
 core.bgc_14.lfsr_row._49__936/Z
 core.bgc_14.lfsr_row._50_/Z
 core.bgc_14.lfsr_row._50__937/Z
 core.bgc_14.lfsr_row._51_/Z
 core.bgc_14.lfsr_row._51__148/ZN
 core.bgc_14.lfsr_row._52_/Z
 core.bgc_14.lfsr_row._52__150/ZN
 core.bgc_14.lfsr_row._53_/Z
 core.bgc_14.lfsr_row._53__151/ZN
 core.bgc_14.lfsr_row._54_/Z
 core.bgc_14.lfsr_row._54__938/Z
 core.bgc_14.lfsr_row._55_/Z
 core.bgc_14.lfsr_row._55__939/Z
 core.bgc_14.lfsr_row._56_/Z
 core.bgc_14.lfsr_row._57_/Z
 core.bgc_14.lfsr_row._58_/Z
 core.bgc_14.lfsr_row._59_/Z
 core.bgc_14.lfsr_row._60_/Z
 core.bgc_14.lfsr_row._61_/Z
 core.bgc_14.lfsr_row._62_/Z
 core.bgc_14.lfsr_row._63_/Z
 core.bgc_14.lfsr_row._64_/Z
 core.bgc_14.lfsr_row._65_/Z
 core.bgc_14.lfsr_row._66_/ZN
 core.bgc_14.lfsr_row._66__152/ZN
 core.bgc_14.lfsr_row._67_/ZN
 core.bgc_14.lfsr_row._67__153/ZN
 core.bgc_14.lfsr_row._68_/ZN
 core.bgc_14.lfsr_row._68__940/Z
 core.bgc_14.lfsr_row._69_/ZN
 core.bgc_14.lfsr_row._69__941/Z
 core.bgc_14.lfsr_row._70_/ZN
 core.bgc_14.lfsr_row._70__942/Z
 core.bgc_14.lfsr_row._71_/ZN
 core.bgc_14.lfsr_row._71__943/Z
 core.bgc_14.lfsr_row._72_/ZN
 core.bgc_14.lfsr_row._72__944/Z
 core.bgc_14.lfsr_row._73_/ZN
 core.bgc_14.lfsr_row._73__155/ZN
 core.bgc_14.lfsr_row._74_/ZN
 core.bgc_14.lfsr_row._74__156/ZN
 core.bgc_14.lfsr_row._75_/ZN
 core.bgc_14.lfsr_row._75__157/ZN
 core.bgc_14.lfsr_row._76_/ZN
 core.bgc_14.lfsr_row._76__945/Z
 core.bgc_14.lfsr_row._77_/Q
 core.bgc_14.lfsr_row._78_/Q
 core.bgc_14.lfsr_row._79_/Q
 core.bgc_14.lfsr_row._80_/Q
 core.bgc_14.lfsr_row._81_/Q
 core.bgc_14.lfsr_row._82_/Q
 core.bgc_14.lfsr_row._83_/Q
 core.bgc_14.lfsr_row._84_/Q
 core.bgc_14.lfsr_row._85_/Q
 core.bgc_14.lfsr_row._86_/Q
 core.bgc_14.lfsr_row._87_/Q
 core.bgc_14.lfsr_row._88_/Q
 core.bgc_14.row_reg._053_/ZN
 core.bgc_14.row_reg._054_/ZN
 core.bgc_14.row_reg._055_/ZN
 core.bgc_14.row_reg._056_/ZN
 core.bgc_14.row_reg._056__158/ZN
 core.bgc_14.row_reg._057_/ZN
 core.bgc_14.row_reg._058_/ZN
 core.bgc_14.row_reg._058__159/ZN
 core.bgc_14.row_reg._059_/ZN
 core.bgc_14.row_reg._060_/ZN
 core.bgc_14.row_reg._060__160/ZN
 core.bgc_14.row_reg._061_/ZN
 core.bgc_14.row_reg._062_/ZN
 core.bgc_14.row_reg._062__161/ZN
 core.bgc_14.row_reg._063_/ZN
 core.bgc_14.row_reg._064_/ZN
 core.bgc_14.row_reg._064__162/ZN
 core.bgc_14.row_reg._065_/ZN
 core.bgc_14.row_reg._066_/ZN
 core.bgc_14.row_reg._066__163/ZN
 core.bgc_14.row_reg._067_/ZN
 core.bgc_14.row_reg._068_/ZN
 core.bgc_14.row_reg._068__164/ZN
 core.bgc_14.row_reg._069_/ZN
 core.bgc_14.row_reg._070_/ZN
 core.bgc_14.row_reg._070__165/ZN
 core.bgc_14.row_reg._071_/ZN
 core.bgc_14.row_reg._072_/ZN
 core.bgc_14.row_reg._072__166/ZN
 core.bgc_14.row_reg._073_/ZN
 core.bgc_14.row_reg._074_/ZN
 core.bgc_14.row_reg._074__167/ZN
 core.bgc_14.row_reg._075_/ZN
 core.bgc_14.row_reg._076_/ZN
 core.bgc_14.row_reg._076__168/ZN
 core.bgc_14.row_reg._077_/ZN
 core.bgc_14.row_reg._078_/ZN
 core.bgc_14.row_reg._078__169/ZN
 core.bgc_14.row_reg._079_/ZN
 core.bgc_14.row_reg._080_/Z
 core.bgc_14.row_reg._081_/ZN
 core.bgc_14.row_reg._082_/ZN
 core.bgc_14.row_reg._083_/ZN
 core.bgc_14.row_reg._084_/ZN
 core.bgc_14.row_reg._085_/ZN
 core.bgc_14.row_reg._086_/ZN
 core.bgc_14.row_reg._087_/ZN
 core.bgc_14.row_reg._088_/ZN
 core.bgc_14.row_reg._089_/ZN
 core.bgc_14.row_reg._090_/ZN
 core.bgc_14.row_reg._091_/ZN
 core.bgc_14.row_reg._092_/ZN
 core.bgc_14.row_reg._093_/ZN
 core.bgc_14.row_reg._094_/ZN
 core.bgc_14.row_reg._095_/ZN
 core.bgc_14.row_reg._096_/ZN
 core.bgc_14.row_reg._097_/ZN
 core.bgc_14.row_reg._098_/ZN
 core.bgc_14.row_reg._099_/ZN
 core.bgc_14.row_reg._100_/ZN
 core.bgc_14.row_reg._101_/ZN
 core.bgc_14.row_reg._102_/ZN
 core.bgc_14.row_reg._103_/ZN
 core.bgc_14.row_reg._104_/ZN
 core.bgc_14.row_reg._105_/ZN
 core.bgc_14.row_reg._106_/ZN
 core.bgc_14.row_reg._107_/ZN
 core.bgc_14.row_reg._108_/ZN
 core.bgc_14.row_reg._109_/ZN
 core.bgc_14.row_reg._110_/ZN
 core.bgc_14.row_reg._111_/ZN
 core.bgc_14.row_reg._112_/ZN
 core.bgc_14.row_reg._113_/ZN
 core.bgc_14.row_reg._114_/ZN
 core.bgc_14.row_reg._115_/ZN
 core.bgc_14.row_reg._116_/ZN
 core.bgc_14.row_reg._117_/Q
 core.bgc_14.row_reg._118_/Q
 core.bgc_14.row_reg._119_/Q
 core.bgc_14.row_reg._120_/Q
 core.bgc_14.row_reg._121_/Q
 core.bgc_14.row_reg._122_/Q
 core.bgc_14.row_reg._123_/Q
 core.bgc_14.row_reg._124_/Q
 core.bgc_14.row_reg._125_/Q
 core.bgc_14.row_reg._126_/Q
 core.bgc_14.row_reg._127_/Q
 core.bgc_14.row_reg._128_/Q
 core.bgc_15._05_/ZN
 core.bgc_15._06_/ZN
 core.bgc_15._07_/ZN
 core.bgc_15._07__170/ZN
 core.bgc_15._08_/ZN
 core.bgc_15._09_/Z
 core.bgc_15._10_/ZN
 core.bgc_15._11_/Z
 core.bgc_15._11__171/ZN
 core.bgc_15._12_/Z
 core.bgc_15._13_/Z
 core.bgc_15._14_/Z
 core.bgc_15._15_/Z
 core.bgc_15._16_/Z
 core.bgc_15._17_/Z
 core.bgc_15._18_/Z
 core.bgc_15._19_/Z
 core.bgc_15._20_/Z
 core.bgc_15._21_/Z
 core.bgc_15._22_/Z
 core.bgc_15._23_/Z
 core.bgc_15._24_/ZN
 core.bgc_15._25_/ZN
 core.bgc_15.col_reg._053_/ZN
 core.bgc_15.col_reg._054_/ZN
 core.bgc_15.col_reg._055_/ZN
 core.bgc_15.col_reg._056_/ZN
 core.bgc_15.col_reg._057_/ZN
 core.bgc_15.col_reg._058_/ZN
 core.bgc_15.col_reg._059_/ZN
 core.bgc_15.col_reg._060_/ZN
 core.bgc_15.col_reg._061_/ZN
 core.bgc_15.col_reg._062_/ZN
 core.bgc_15.col_reg._063_/ZN
 core.bgc_15.col_reg._064_/ZN
 core.bgc_15.col_reg._065_/ZN
 core.bgc_15.col_reg._066_/ZN
 core.bgc_15.col_reg._067_/ZN
 core.bgc_15.col_reg._068_/ZN
 core.bgc_15.col_reg._069_/ZN
 core.bgc_15.col_reg._070_/ZN
 core.bgc_15.col_reg._071_/ZN
 core.bgc_15.col_reg._072_/ZN
 core.bgc_15.col_reg._073_/ZN
 core.bgc_15.col_reg._074_/ZN
 core.bgc_15.col_reg._075_/ZN
 core.bgc_15.col_reg._076_/ZN
 core.bgc_15.col_reg._077_/ZN
 core.bgc_15.col_reg._078_/ZN
 core.bgc_15.col_reg._079_/ZN
 core.bgc_15.col_reg._080_/Z
 core.bgc_15.col_reg._081_/ZN
 core.bgc_15.col_reg._082_/ZN
 core.bgc_15.col_reg._083_/ZN
 core.bgc_15.col_reg._084_/ZN
 core.bgc_15.col_reg._085_/ZN
 core.bgc_15.col_reg._086_/ZN
 core.bgc_15.col_reg._087_/ZN
 core.bgc_15.col_reg._088_/ZN
 core.bgc_15.col_reg._089_/ZN
 core.bgc_15.col_reg._090_/ZN
 core.bgc_15.col_reg._091_/ZN
 core.bgc_15.col_reg._092_/ZN
 core.bgc_15.col_reg._093_/ZN
 core.bgc_15.col_reg._094_/ZN
 core.bgc_15.col_reg._095_/ZN
 core.bgc_15.col_reg._096_/ZN
 core.bgc_15.col_reg._097_/ZN
 core.bgc_15.col_reg._098_/ZN
 core.bgc_15.col_reg._099_/ZN
 core.bgc_15.col_reg._100_/ZN
 core.bgc_15.col_reg._101_/ZN
 core.bgc_15.col_reg._102_/ZN
 core.bgc_15.col_reg._103_/ZN
 core.bgc_15.col_reg._104_/ZN
 core.bgc_15.col_reg._105_/ZN
 core.bgc_15.col_reg._106_/ZN
 core.bgc_15.col_reg._107_/ZN
 core.bgc_15.col_reg._108_/ZN
 core.bgc_15.col_reg._109_/ZN
 core.bgc_15.col_reg._110_/ZN
 core.bgc_15.col_reg._111_/ZN
 core.bgc_15.col_reg._112_/ZN
 core.bgc_15.col_reg._113_/ZN
 core.bgc_15.col_reg._114_/ZN
 core.bgc_15.col_reg._115_/ZN
 core.bgc_15.col_reg._116_/ZN
 core.bgc_15.col_reg._117_/Q
 core.bgc_15.col_reg._118_/Q
 core.bgc_15.col_reg._119_/Q
 core.bgc_15.col_reg._120_/Q
 core.bgc_15.col_reg._121_/Q
 core.bgc_15.col_reg._122_/Q
 core.bgc_15.col_reg._123_/Q
 core.bgc_15.col_reg._124_/Q
 core.bgc_15.col_reg._125_/Q
 core.bgc_15.col_reg._126_/Q
 core.bgc_15.col_reg._127_/Q
 core.bgc_15.col_reg._128_/Q
 core.bgc_15.comp_col._20_/ZN
 core.bgc_15.comp_col._21_/ZN
 core.bgc_15.comp_col._22_/ZN
 core.bgc_15.comp_col._23_/ZN
 core.bgc_15.comp_col._24_/ZN
 core.bgc_15.comp_col._25_/ZN
 core.bgc_15.comp_col._26_/ZN
 core.bgc_15.comp_col._27_/ZN
 core.bgc_15.comp_col._28_/ZN
 core.bgc_15.comp_col._29_/ZN
 core.bgc_15.comp_col._30_/ZN
 core.bgc_15.comp_col._31_/ZN
 core.bgc_15.comp_col._32_/ZN
 core.bgc_15.comp_col._33_/ZN
 core.bgc_15.comp_col._34_/ZN
 core.bgc_15.comp_col._35_/ZN
 core.bgc_15.comp_col._36_/ZN
 core.bgc_15.comp_col._37_/ZN
 core.bgc_15.comp_col._38_/ZN
 core.bgc_15.comp_col._39_/ZN
 core.bgc_15.comp_col._40_/ZN
 core.bgc_15.comp_col._41_/ZN
 core.bgc_15.comp_col._42_/ZN
 core.bgc_15.comp_col._43_/ZN
 core.bgc_15.comp_col._44_/ZN
 core.bgc_15.comp_col._45_/ZN
 core.bgc_15.comp_col._46_/ZN
 core.bgc_15.comp_col._47_/ZN
 core.bgc_15.comp_col._48_/Z
 core.bgc_15.comp_col._49_/Z
 core.bgc_15.comp_col._50_/Z
 core.bgc_15.comp_col._51_/Z
 core.bgc_15.comp_col._52_/Z
 core.bgc_15.comp_col._53_/Z
 core.bgc_15.comp_col._54_/Z
 core.bgc_15.comp_col._55_/Z
 core.bgc_15.comp_col._56_/Z
 core.bgc_15.comp_col._57_/Z
 core.bgc_15.comp_col._58_/Z
 core.bgc_15.comp_col._59_/Z
 core.bgc_15.comp_col._60_/ZN
 core.bgc_15.comp_col._61_/ZN
 core.bgc_15.comp_col._62_/ZN
 core.bgc_15.comp_col._63_/ZN
 core.bgc_15.comp_col._64_/ZN
 core.bgc_15.comp_col.pe1._18_/ZN
 core.bgc_15.comp_col.pe1._19_/ZN
 core.bgc_15.comp_col.pe1._20_/ZN
 core.bgc_15.comp_col.pe1._21_/ZN
 core.bgc_15.comp_col.pe1._22_/ZN
 core.bgc_15.comp_col.pe1._23_/ZN
 core.bgc_15.comp_col.pe1._24_/ZN
 core.bgc_15.comp_col.pe1._25_/ZN
 core.bgc_15.comp_col.pe1._26_/ZN
 core.bgc_15.comp_col.pe1._27_/ZN
 core.bgc_15.comp_col.pe1._28_/ZN
 core.bgc_15.comp_col.pe1._29_/ZN
 core.bgc_15.comp_col.pe1._30_/ZN
 core.bgc_15.comp_col.pe1._31_/ZN
 core.bgc_15.comp_col.pe1._32_/ZN
 core.bgc_15.comp_col.pe1._33_/ZN
 core.bgc_15.comp_col.pe1._34_/ZN
 core.bgc_15.comp_col.pe1._35_/ZN
 core.bgc_15.comp_col.pe1._36_/ZN
 core.bgc_15.comp_col.pe1._37_/ZN
 core.bgc_15.comp_col.pe1._38_/ZN
 core.bgc_15.comp_col.pe1._39_/ZN
 core.bgc_15.comp_col.pe2._18_/ZN
 core.bgc_15.comp_col.pe2._19_/ZN
 core.bgc_15.comp_col.pe2._20_/ZN
 core.bgc_15.comp_col.pe2._21_/ZN
 core.bgc_15.comp_col.pe2._22_/ZN
 core.bgc_15.comp_col.pe2._23_/ZN
 core.bgc_15.comp_col.pe2._24_/ZN
 core.bgc_15.comp_col.pe2._25_/ZN
 core.bgc_15.comp_col.pe2._26_/ZN
 core.bgc_15.comp_col.pe2._27_/ZN
 core.bgc_15.comp_col.pe2._28_/ZN
 core.bgc_15.comp_col.pe2._29_/ZN
 core.bgc_15.comp_col.pe2._30_/ZN
 core.bgc_15.comp_col.pe2._31_/ZN
 core.bgc_15.comp_col.pe2._32_/ZN
 core.bgc_15.comp_col.pe2._33_/ZN
 core.bgc_15.comp_col.pe2._34_/ZN
 core.bgc_15.comp_col.pe2._35_/ZN
 core.bgc_15.comp_col.pe2._36_/ZN
 core.bgc_15.comp_col.pe2._37_/ZN
 core.bgc_15.comp_col.pe2._38_/ZN
 core.bgc_15.comp_col.pe2._39_/ZN
 core.bgc_15.comp_row._20_/ZN
 core.bgc_15.comp_row._21_/ZN
 core.bgc_15.comp_row._22_/ZN
 core.bgc_15.comp_row._23_/ZN
 core.bgc_15.comp_row._24_/ZN
 core.bgc_15.comp_row._25_/ZN
 core.bgc_15.comp_row._26_/ZN
 core.bgc_15.comp_row._27_/ZN
 core.bgc_15.comp_row._28_/ZN
 core.bgc_15.comp_row._29_/ZN
 core.bgc_15.comp_row._30_/ZN
 core.bgc_15.comp_row._31_/ZN
 core.bgc_15.comp_row._32_/ZN
 core.bgc_15.comp_row._33_/ZN
 core.bgc_15.comp_row._34_/ZN
 core.bgc_15.comp_row._35_/ZN
 core.bgc_15.comp_row._36_/ZN
 core.bgc_15.comp_row._37_/ZN
 core.bgc_15.comp_row._38_/ZN
 core.bgc_15.comp_row._39_/ZN
 core.bgc_15.comp_row._40_/ZN
 core.bgc_15.comp_row._41_/ZN
 core.bgc_15.comp_row._42_/ZN
 core.bgc_15.comp_row._43_/ZN
 core.bgc_15.comp_row._44_/ZN
 core.bgc_15.comp_row._45_/ZN
 core.bgc_15.comp_row._46_/ZN
 core.bgc_15.comp_row._47_/ZN
 core.bgc_15.comp_row._48_/Z
 core.bgc_15.comp_row._49_/Z
 core.bgc_15.comp_row._50_/Z
 core.bgc_15.comp_row._51_/Z
 core.bgc_15.comp_row._52_/Z
 core.bgc_15.comp_row._53_/Z
 core.bgc_15.comp_row._54_/Z
 core.bgc_15.comp_row._55_/Z
 core.bgc_15.comp_row._56_/Z
 core.bgc_15.comp_row._57_/Z
 core.bgc_15.comp_row._58_/Z
 core.bgc_15.comp_row._59_/Z
 core.bgc_15.comp_row._60_/ZN
 core.bgc_15.comp_row._61_/ZN
 core.bgc_15.comp_row._62_/ZN
 core.bgc_15.comp_row._63_/ZN
 core.bgc_15.comp_row._64_/ZN
 core.bgc_15.comp_row.pe1._18_/ZN
 core.bgc_15.comp_row.pe1._19_/ZN
 core.bgc_15.comp_row.pe1._20_/ZN
 core.bgc_15.comp_row.pe1._21_/ZN
 core.bgc_15.comp_row.pe1._22_/ZN
 core.bgc_15.comp_row.pe1._23_/ZN
 core.bgc_15.comp_row.pe1._24_/ZN
 core.bgc_15.comp_row.pe1._25_/ZN
 core.bgc_15.comp_row.pe1._26_/ZN
 core.bgc_15.comp_row.pe1._27_/ZN
 core.bgc_15.comp_row.pe1._28_/ZN
 core.bgc_15.comp_row.pe1._29_/ZN
 core.bgc_15.comp_row.pe1._30_/ZN
 core.bgc_15.comp_row.pe1._31_/ZN
 core.bgc_15.comp_row.pe1._32_/ZN
 core.bgc_15.comp_row.pe1._33_/ZN
 core.bgc_15.comp_row.pe1._34_/ZN
 core.bgc_15.comp_row.pe1._35_/ZN
 core.bgc_15.comp_row.pe1._36_/ZN
 core.bgc_15.comp_row.pe1._37_/ZN
 core.bgc_15.comp_row.pe1._38_/ZN
 core.bgc_15.comp_row.pe1._39_/ZN
 core.bgc_15.comp_row.pe2._18_/ZN
 core.bgc_15.comp_row.pe2._19_/ZN
 core.bgc_15.comp_row.pe2._20_/ZN
 core.bgc_15.comp_row.pe2._21_/ZN
 core.bgc_15.comp_row.pe2._22_/ZN
 core.bgc_15.comp_row.pe2._23_/ZN
 core.bgc_15.comp_row.pe2._24_/ZN
 core.bgc_15.comp_row.pe2._25_/ZN
 core.bgc_15.comp_row.pe2._26_/ZN
 core.bgc_15.comp_row.pe2._27_/ZN
 core.bgc_15.comp_row.pe2._28_/ZN
 core.bgc_15.comp_row.pe2._29_/ZN
 core.bgc_15.comp_row.pe2._30_/ZN
 core.bgc_15.comp_row.pe2._31_/ZN
 core.bgc_15.comp_row.pe2._32_/ZN
 core.bgc_15.comp_row.pe2._33_/ZN
 core.bgc_15.comp_row.pe2._34_/ZN
 core.bgc_15.comp_row.pe2._35_/ZN
 core.bgc_15.comp_row.pe2._36_/ZN
 core.bgc_15.comp_row.pe2._37_/ZN
 core.bgc_15.comp_row.pe2._38_/ZN
 core.bgc_15.comp_row.pe2._39_/ZN
 core.bgc_15.final_counter._29_/ZN
 core.bgc_15.final_counter._30_/ZN
 core.bgc_15.final_counter._31_/ZN
 core.bgc_15.final_counter._32_/ZN
 core.bgc_15.final_counter._33_/ZN
 core.bgc_15.final_counter._34_/ZN
 core.bgc_15.final_counter._35_/ZN
 core.bgc_15.final_counter._36_/ZN
 core.bgc_15.final_counter._37_/ZN
 core.bgc_15.final_counter._38_/ZN
 core.bgc_15.final_counter._39_/Z
 core.bgc_15.final_counter._40_/ZN
 core.bgc_15.final_counter._41_/ZN
 core.bgc_15.final_counter._42_/ZN
 core.bgc_15.final_counter._43_/Z
 core.bgc_15.final_counter._44_/ZN
 core.bgc_15.final_counter._45_/ZN
 core.bgc_15.final_counter._46_/Z
 core.bgc_15.final_counter._47_/ZN
 core.bgc_15.final_counter._48_/ZN
 core.bgc_15.final_counter._49_/Z
 core.bgc_15.final_counter._50_/ZN
 core.bgc_15.final_counter._51_/ZN
 core.bgc_15.final_counter._52_/ZN
 core.bgc_15.final_counter._53_/ZN
 core.bgc_15.final_counter._54_/Z
 core.bgc_15.final_counter._55_/ZN
 core.bgc_15.final_counter._56_/ZN
 core.bgc_15.final_counter._57_/Z
 core.bgc_15.final_counter._58_/ZN
 core.bgc_15.final_counter._59_/ZN
 core.bgc_15.final_counter._60_/ZN
 core.bgc_15.final_counter._61_/ZN
 core.bgc_15.final_counter._62_/ZN
 core.bgc_15.final_counter._63_/ZN
 core.bgc_15.final_counter._64_/ZN
 core.bgc_15.final_counter._65_/ZN
 core.bgc_15.final_counter._66_/ZN
 core.bgc_15.final_counter._67_/Z
 core.bgc_15.final_counter._68_/ZN
 core.bgc_15.final_counter._69_/Q
 core.bgc_15.final_counter._70_/Q
 core.bgc_15.final_counter._71_/Q
 core.bgc_15.final_counter._72_/Q
 core.bgc_15.final_counter._73_/Q
 core.bgc_15.final_counter._74_/Q
 core.bgc_15.final_counter._75_/Q
 core.bgc_15.final_counter._76_/Q
 core.bgc_15.final_counter._77_/Q
 core.bgc_15.final_counter._78_/Q
 core.bgc_15.final_counter._79_/Q
 core.bgc_15.final_counter._80_/Q
 core.bgc_15.lfsr_col._27_/ZN
 core.bgc_15.lfsr_col._28_/ZN
 core.bgc_15.lfsr_col._28__947/Z
 core.bgc_15.lfsr_col._29_/Z
 core.bgc_15.lfsr_col._29__949/Z
 core.bgc_15.lfsr_col._30_/Z
 core.bgc_15.lfsr_col._30__950/Z
 core.bgc_15.lfsr_col._31_/Z
 core.bgc_15.lfsr_col._31__951/Z
 core.bgc_15.lfsr_col._32_/Z
 core.bgc_15.lfsr_col._32__172/ZN
 core.bgc_15.lfsr_col._33_/Z
 core.bgc_15.lfsr_col._33__173/ZN
 core.bgc_15.lfsr_col._34_/Z
 core.bgc_15.lfsr_col._34__174/ZN
 core.bgc_15.lfsr_col._35_/Z
 core.bgc_15.lfsr_col._35__952/Z
 core.bgc_15.lfsr_col._36_/Z
 core.bgc_15.lfsr_col._36__953/Z
 core.bgc_15.lfsr_col._37_/Z
 core.bgc_15.lfsr_col._37__175/ZN
 core.bgc_15.lfsr_col._38_/Z
 core.bgc_15.lfsr_col._38__954/Z
 core.bgc_15.lfsr_col._39_/Z
 core.bgc_15.lfsr_col._39__955/Z
 core.bgc_15.lfsr_col._40_/Z
 core.bgc_15.lfsr_col._40__177/ZN
 core.bgc_15.lfsr_col._41_/Z
 core.bgc_15.lfsr_col._42_/Z
 core.bgc_15.lfsr_col._43_/Z
 core.bgc_15.lfsr_col._44_/Z
 core.bgc_15.lfsr_col._44__178/ZN
 core.bgc_15.lfsr_col._45_/Z
 core.bgc_15.lfsr_col._45__956/Z
 core.bgc_15.lfsr_col._46_/Z
 core.bgc_15.lfsr_col._46__957/Z
 core.bgc_15.lfsr_col._47_/Z
 core.bgc_15.lfsr_col._47__179/ZN
 core.bgc_15.lfsr_col._48_/Z
 core.bgc_15.lfsr_col._48__958/Z
 core.bgc_15.lfsr_col._49_/Z
 core.bgc_15.lfsr_col._49__959/Z
 core.bgc_15.lfsr_col._50_/Z
 core.bgc_15.lfsr_col._50__180/ZN
 core.bgc_15.lfsr_col._51_/Z
 core.bgc_15.lfsr_col._51__181/ZN
 core.bgc_15.lfsr_col._52_/Z
 core.bgc_15.lfsr_col._52__183/ZN
 core.bgc_15.lfsr_col._53_/Z
 core.bgc_15.lfsr_col._53__960/Z
 core.bgc_15.lfsr_col._54_/Z
 core.bgc_15.lfsr_col._54__961/Z
 core.bgc_15.lfsr_col._55_/Z
 core.bgc_15.lfsr_col._55__962/Z
 core.bgc_15.lfsr_col._56_/Z
 core.bgc_15.lfsr_col._57_/Z
 core.bgc_15.lfsr_col._58_/Z
 core.bgc_15.lfsr_col._59_/Z
 core.bgc_15.lfsr_col._60_/Z
 core.bgc_15.lfsr_col._61_/Z
 core.bgc_15.lfsr_col._62_/Z
 core.bgc_15.lfsr_col._63_/Z
 core.bgc_15.lfsr_col._64_/Z
 core.bgc_15.lfsr_col._65_/Z
 core.bgc_15.lfsr_col._66_/ZN
 core.bgc_15.lfsr_col._66__184/ZN
 core.bgc_15.lfsr_col._67_/ZN
 core.bgc_15.lfsr_col._67__963/Z
 core.bgc_15.lfsr_col._68_/ZN
 core.bgc_15.lfsr_col._68__964/Z
 core.bgc_15.lfsr_col._69_/ZN
 core.bgc_15.lfsr_col._69__185/ZN
 core.bgc_15.lfsr_col._70_/ZN
 core.bgc_15.lfsr_col._70__965/Z
 core.bgc_15.lfsr_col._71_/ZN
 core.bgc_15.lfsr_col._71__966/Z
 core.bgc_15.lfsr_col._72_/ZN
 core.bgc_15.lfsr_col._72__186/ZN
 core.bgc_15.lfsr_col._73_/ZN
 core.bgc_15.lfsr_col._73__187/ZN
 core.bgc_15.lfsr_col._74_/ZN
 core.bgc_15.lfsr_col._74__188/ZN
 core.bgc_15.lfsr_col._75_/ZN
 core.bgc_15.lfsr_col._75__968/Z
 core.bgc_15.lfsr_col._76_/ZN
 core.bgc_15.lfsr_col._76__969/Z
 core.bgc_15.lfsr_col._77_/Q
 core.bgc_15.lfsr_col._78_/Q
 core.bgc_15.lfsr_col._79_/Q
 core.bgc_15.lfsr_col._80_/Q
 core.bgc_15.lfsr_col._81_/Q
 core.bgc_15.lfsr_col._82_/Q
 core.bgc_15.lfsr_col._83_/Q
 core.bgc_15.lfsr_col._84_/Q
 core.bgc_15.lfsr_col._85_/Q
 core.bgc_15.lfsr_col._86_/Q
 core.bgc_15.lfsr_col._87_/Q
 core.bgc_15.lfsr_col._88_/Q
 core.bgc_15.lfsr_row._27_/ZN
 core.bgc_15.lfsr_row._28_/ZN
 core.bgc_15.lfsr_row._28__970/Z
 core.bgc_15.lfsr_row._29_/Z
 core.bgc_15.lfsr_row._29__971/Z
 core.bgc_15.lfsr_row._30_/Z
 core.bgc_15.lfsr_row._30__189/ZN
 core.bgc_15.lfsr_row._31_/Z
 core.bgc_15.lfsr_row._31__190/ZN
 core.bgc_15.lfsr_row._32_/Z
 core.bgc_15.lfsr_row._32__191/ZN
 core.bgc_15.lfsr_row._33_/Z
 core.bgc_15.lfsr_row._33__192/ZN
 core.bgc_15.lfsr_row._34_/Z
 core.bgc_15.lfsr_row._34__973/Z
 core.bgc_15.lfsr_row._35_/Z
 core.bgc_15.lfsr_row._35__193/ZN
 core.bgc_15.lfsr_row._36_/Z
 core.bgc_15.lfsr_row._36__974/Z
 core.bgc_15.lfsr_row._37_/Z
 core.bgc_15.lfsr_row._37__975/Z
 core.bgc_15.lfsr_row._38_/Z
 core.bgc_15.lfsr_row._38__976/Z
 core.bgc_15.lfsr_row._39_/Z
 core.bgc_15.lfsr_row._39__194/ZN
 core.bgc_15.lfsr_row._40_/Z
 core.bgc_15.lfsr_row._40__977/Z
 core.bgc_15.lfsr_row._41_/Z
 core.bgc_15.lfsr_row._42_/Z
 core.bgc_15.lfsr_row._43_/Z
 core.bgc_15.lfsr_row._44_/Z
 core.bgc_15.lfsr_row._44__978/Z
 core.bgc_15.lfsr_row._45_/Z
 core.bgc_15.lfsr_row._45__195/ZN
 core.bgc_15.lfsr_row._46_/Z
 core.bgc_15.lfsr_row._46__979/Z
 core.bgc_15.lfsr_row._47_/Z
 core.bgc_15.lfsr_row._47__980/Z
 core.bgc_15.lfsr_row._48_/Z
 core.bgc_15.lfsr_row._48__981/Z
 core.bgc_15.lfsr_row._49_/Z
 core.bgc_15.lfsr_row._49__197/ZN
 core.bgc_15.lfsr_row._50_/Z
 core.bgc_15.lfsr_row._50__982/Z
 core.bgc_15.lfsr_row._51_/Z
 core.bgc_15.lfsr_row._51__198/ZN
 core.bgc_15.lfsr_row._52_/Z
 core.bgc_15.lfsr_row._52__199/ZN
 core.bgc_15.lfsr_row._53_/Z
 core.bgc_15.lfsr_row._53__200/ZN
 core.bgc_15.lfsr_row._54_/Z
 core.bgc_15.lfsr_row._54__201/ZN
 core.bgc_15.lfsr_row._55_/Z
 core.bgc_15.lfsr_row._55__983/Z
 core.bgc_15.lfsr_row._56_/Z
 core.bgc_15.lfsr_row._57_/Z
 core.bgc_15.lfsr_row._58_/Z
 core.bgc_15.lfsr_row._59_/Z
 core.bgc_15.lfsr_row._60_/Z
 core.bgc_15.lfsr_row._61_/Z
 core.bgc_15.lfsr_row._62_/Z
 core.bgc_15.lfsr_row._63_/Z
 core.bgc_15.lfsr_row._64_/Z
 core.bgc_15.lfsr_row._65_/Z
 core.bgc_15.lfsr_row._66_/ZN
 core.bgc_15.lfsr_row._66__985/Z
 core.bgc_15.lfsr_row._67_/ZN
 core.bgc_15.lfsr_row._67__202/ZN
 core.bgc_15.lfsr_row._68_/ZN
 core.bgc_15.lfsr_row._68__986/Z
 core.bgc_15.lfsr_row._69_/ZN
 core.bgc_15.lfsr_row._69__987/Z
 core.bgc_15.lfsr_row._70_/ZN
 core.bgc_15.lfsr_row._70__988/Z
 core.bgc_15.lfsr_row._71_/ZN
 core.bgc_15.lfsr_row._71__203/ZN
 core.bgc_15.lfsr_row._72_/ZN
 core.bgc_15.lfsr_row._72__989/Z
 core.bgc_15.lfsr_row._73_/ZN
 core.bgc_15.lfsr_row._73__204/ZN
 core.bgc_15.lfsr_row._74_/ZN
 core.bgc_15.lfsr_row._74__205/ZN
 core.bgc_15.lfsr_row._75_/ZN
 core.bgc_15.lfsr_row._75__206/ZN
 core.bgc_15.lfsr_row._76_/ZN
 core.bgc_15.lfsr_row._76__207/ZN
 core.bgc_15.lfsr_row._77_/Q
 core.bgc_15.lfsr_row._78_/Q
 core.bgc_15.lfsr_row._79_/Q
 core.bgc_15.lfsr_row._80_/Q
 core.bgc_15.lfsr_row._81_/Q
 core.bgc_15.lfsr_row._82_/Q
 core.bgc_15.lfsr_row._83_/Q
 core.bgc_15.lfsr_row._84_/Q
 core.bgc_15.lfsr_row._85_/Q
 core.bgc_15.lfsr_row._86_/Q
 core.bgc_15.lfsr_row._87_/Q
 core.bgc_15.lfsr_row._88_/Q
 core.bgc_15.row_reg._053_/ZN
 core.bgc_15.row_reg._054_/ZN
 core.bgc_15.row_reg._055_/ZN
 core.bgc_15.row_reg._056_/ZN
 core.bgc_15.row_reg._056__208/ZN
 core.bgc_15.row_reg._057_/ZN
 core.bgc_15.row_reg._058_/ZN
 core.bgc_15.row_reg._058__209/ZN
 core.bgc_15.row_reg._059_/ZN
 core.bgc_15.row_reg._060_/ZN
 core.bgc_15.row_reg._060__210/ZN
 core.bgc_15.row_reg._061_/ZN
 core.bgc_15.row_reg._062_/ZN
 core.bgc_15.row_reg._062__211/ZN
 core.bgc_15.row_reg._063_/ZN
 core.bgc_15.row_reg._064_/ZN
 core.bgc_15.row_reg._064__212/ZN
 core.bgc_15.row_reg._065_/ZN
 core.bgc_15.row_reg._066_/ZN
 core.bgc_15.row_reg._066__213/ZN
 core.bgc_15.row_reg._067_/ZN
 core.bgc_15.row_reg._068_/ZN
 core.bgc_15.row_reg._068__214/ZN
 core.bgc_15.row_reg._069_/ZN
 core.bgc_15.row_reg._070_/ZN
 core.bgc_15.row_reg._070__215/ZN
 core.bgc_15.row_reg._071_/ZN
 core.bgc_15.row_reg._072_/ZN
 core.bgc_15.row_reg._072__216/ZN
 core.bgc_15.row_reg._073_/ZN
 core.bgc_15.row_reg._074_/ZN
 core.bgc_15.row_reg._074__217/ZN
 core.bgc_15.row_reg._075_/ZN
 core.bgc_15.row_reg._076_/ZN
 core.bgc_15.row_reg._076__218/ZN
 core.bgc_15.row_reg._077_/ZN
 core.bgc_15.row_reg._078_/ZN
 core.bgc_15.row_reg._078__219/ZN
 core.bgc_15.row_reg._079_/ZN
 core.bgc_15.row_reg._080_/Z
 core.bgc_15.row_reg._081_/ZN
 core.bgc_15.row_reg._082_/ZN
 core.bgc_15.row_reg._083_/ZN
 core.bgc_15.row_reg._084_/ZN
 core.bgc_15.row_reg._085_/ZN
 core.bgc_15.row_reg._086_/ZN
 core.bgc_15.row_reg._087_/ZN
 core.bgc_15.row_reg._088_/ZN
 core.bgc_15.row_reg._089_/ZN
 core.bgc_15.row_reg._090_/ZN
 core.bgc_15.row_reg._091_/ZN
 core.bgc_15.row_reg._092_/ZN
 core.bgc_15.row_reg._093_/ZN
 core.bgc_15.row_reg._094_/ZN
 core.bgc_15.row_reg._095_/ZN
 core.bgc_15.row_reg._096_/ZN
 core.bgc_15.row_reg._097_/ZN
 core.bgc_15.row_reg._098_/ZN
 core.bgc_15.row_reg._099_/ZN
 core.bgc_15.row_reg._100_/ZN
 core.bgc_15.row_reg._101_/ZN
 core.bgc_15.row_reg._102_/ZN
 core.bgc_15.row_reg._103_/ZN
 core.bgc_15.row_reg._104_/ZN
 core.bgc_15.row_reg._105_/ZN
 core.bgc_15.row_reg._106_/ZN
 core.bgc_15.row_reg._107_/ZN
 core.bgc_15.row_reg._108_/ZN
 core.bgc_15.row_reg._109_/ZN
 core.bgc_15.row_reg._110_/ZN
 core.bgc_15.row_reg._111_/ZN
 core.bgc_15.row_reg._112_/ZN
 core.bgc_15.row_reg._113_/ZN
 core.bgc_15.row_reg._114_/ZN
 core.bgc_15.row_reg._115_/ZN
 core.bgc_15.row_reg._116_/ZN
 core.bgc_15.row_reg._117_/Q
 core.bgc_15.row_reg._118_/Q
 core.bgc_15.row_reg._119_/Q
 core.bgc_15.row_reg._120_/Q
 core.bgc_15.row_reg._121_/Q
 core.bgc_15.row_reg._122_/Q
 core.bgc_15.row_reg._123_/Q
 core.bgc_15.row_reg._124_/Q
 core.bgc_15.row_reg._125_/Q
 core.bgc_15.row_reg._126_/Q
 core.bgc_15.row_reg._127_/Q
 core.bgc_15.row_reg._128_/Q
 core.bgc_2._05_/ZN
 core.bgc_2._06_/ZN
 core.bgc_2._07_/ZN
 core.bgc_2._07__220/ZN
 core.bgc_2._08_/ZN
 core.bgc_2._09_/Z
 core.bgc_2._10_/ZN
 core.bgc_2._11_/Z
 core.bgc_2._11__221/ZN
 core.bgc_2._12_/Z
 core.bgc_2._13_/Z
 core.bgc_2._14_/Z
 core.bgc_2._15_/Z
 core.bgc_2._16_/Z
 core.bgc_2._17_/Z
 core.bgc_2._18_/Z
 core.bgc_2._19_/Z
 core.bgc_2._20_/Z
 core.bgc_2._21_/Z
 core.bgc_2._22_/Z
 core.bgc_2._23_/Z
 core.bgc_2._24_/ZN
 core.bgc_2._25_/ZN
 core.bgc_2.col_reg._053_/ZN
 core.bgc_2.col_reg._054_/ZN
 core.bgc_2.col_reg._055_/ZN
 core.bgc_2.col_reg._056_/ZN
 core.bgc_2.col_reg._057_/ZN
 core.bgc_2.col_reg._058_/ZN
 core.bgc_2.col_reg._059_/ZN
 core.bgc_2.col_reg._060_/ZN
 core.bgc_2.col_reg._061_/ZN
 core.bgc_2.col_reg._062_/ZN
 core.bgc_2.col_reg._063_/ZN
 core.bgc_2.col_reg._064_/ZN
 core.bgc_2.col_reg._065_/ZN
 core.bgc_2.col_reg._066_/ZN
 core.bgc_2.col_reg._067_/ZN
 core.bgc_2.col_reg._068_/ZN
 core.bgc_2.col_reg._069_/ZN
 core.bgc_2.col_reg._070_/ZN
 core.bgc_2.col_reg._071_/ZN
 core.bgc_2.col_reg._072_/ZN
 core.bgc_2.col_reg._073_/ZN
 core.bgc_2.col_reg._074_/ZN
 core.bgc_2.col_reg._075_/ZN
 core.bgc_2.col_reg._076_/ZN
 core.bgc_2.col_reg._077_/ZN
 core.bgc_2.col_reg._078_/ZN
 core.bgc_2.col_reg._079_/ZN
 core.bgc_2.col_reg._080_/Z
 core.bgc_2.col_reg._081_/ZN
 core.bgc_2.col_reg._082_/ZN
 core.bgc_2.col_reg._083_/ZN
 core.bgc_2.col_reg._084_/ZN
 core.bgc_2.col_reg._085_/ZN
 core.bgc_2.col_reg._086_/ZN
 core.bgc_2.col_reg._087_/ZN
 core.bgc_2.col_reg._088_/ZN
 core.bgc_2.col_reg._089_/ZN
 core.bgc_2.col_reg._090_/ZN
 core.bgc_2.col_reg._091_/ZN
 core.bgc_2.col_reg._092_/ZN
 core.bgc_2.col_reg._093_/ZN
 core.bgc_2.col_reg._094_/ZN
 core.bgc_2.col_reg._095_/ZN
 core.bgc_2.col_reg._096_/ZN
 core.bgc_2.col_reg._097_/ZN
 core.bgc_2.col_reg._098_/ZN
 core.bgc_2.col_reg._099_/ZN
 core.bgc_2.col_reg._100_/ZN
 core.bgc_2.col_reg._101_/ZN
 core.bgc_2.col_reg._102_/ZN
 core.bgc_2.col_reg._103_/ZN
 core.bgc_2.col_reg._104_/ZN
 core.bgc_2.col_reg._105_/ZN
 core.bgc_2.col_reg._106_/ZN
 core.bgc_2.col_reg._107_/ZN
 core.bgc_2.col_reg._108_/ZN
 core.bgc_2.col_reg._109_/ZN
 core.bgc_2.col_reg._110_/ZN
 core.bgc_2.col_reg._111_/ZN
 core.bgc_2.col_reg._112_/ZN
 core.bgc_2.col_reg._113_/ZN
 core.bgc_2.col_reg._114_/ZN
 core.bgc_2.col_reg._115_/ZN
 core.bgc_2.col_reg._116_/ZN
 core.bgc_2.col_reg._117_/Q
 core.bgc_2.col_reg._118_/Q
 core.bgc_2.col_reg._119_/Q
 core.bgc_2.col_reg._120_/Q
 core.bgc_2.col_reg._121_/Q
 core.bgc_2.col_reg._122_/Q
 core.bgc_2.col_reg._123_/Q
 core.bgc_2.col_reg._124_/Q
 core.bgc_2.col_reg._125_/Q
 core.bgc_2.col_reg._126_/Q
 core.bgc_2.col_reg._127_/Q
 core.bgc_2.col_reg._128_/Q
 core.bgc_2.comp_col._20_/ZN
 core.bgc_2.comp_col._21_/ZN
 core.bgc_2.comp_col._22_/ZN
 core.bgc_2.comp_col._23_/ZN
 core.bgc_2.comp_col._24_/ZN
 core.bgc_2.comp_col._25_/ZN
 core.bgc_2.comp_col._26_/ZN
 core.bgc_2.comp_col._27_/ZN
 core.bgc_2.comp_col._28_/ZN
 core.bgc_2.comp_col._29_/ZN
 core.bgc_2.comp_col._30_/ZN
 core.bgc_2.comp_col._31_/ZN
 core.bgc_2.comp_col._32_/ZN
 core.bgc_2.comp_col._33_/ZN
 core.bgc_2.comp_col._34_/ZN
 core.bgc_2.comp_col._35_/ZN
 core.bgc_2.comp_col._36_/ZN
 core.bgc_2.comp_col._37_/ZN
 core.bgc_2.comp_col._38_/ZN
 core.bgc_2.comp_col._39_/ZN
 core.bgc_2.comp_col._40_/ZN
 core.bgc_2.comp_col._41_/ZN
 core.bgc_2.comp_col._42_/ZN
 core.bgc_2.comp_col._43_/ZN
 core.bgc_2.comp_col._44_/ZN
 core.bgc_2.comp_col._45_/ZN
 core.bgc_2.comp_col._46_/ZN
 core.bgc_2.comp_col._47_/ZN
 core.bgc_2.comp_col._48_/Z
 core.bgc_2.comp_col._49_/Z
 core.bgc_2.comp_col._50_/Z
 core.bgc_2.comp_col._51_/Z
 core.bgc_2.comp_col._52_/Z
 core.bgc_2.comp_col._53_/Z
 core.bgc_2.comp_col._54_/Z
 core.bgc_2.comp_col._55_/Z
 core.bgc_2.comp_col._56_/Z
 core.bgc_2.comp_col._57_/Z
 core.bgc_2.comp_col._58_/Z
 core.bgc_2.comp_col._59_/Z
 core.bgc_2.comp_col._60_/ZN
 core.bgc_2.comp_col._61_/ZN
 core.bgc_2.comp_col._62_/ZN
 core.bgc_2.comp_col._63_/ZN
 core.bgc_2.comp_col._64_/ZN
 core.bgc_2.comp_col.pe1._18_/ZN
 core.bgc_2.comp_col.pe1._19_/ZN
 core.bgc_2.comp_col.pe1._20_/ZN
 core.bgc_2.comp_col.pe1._21_/ZN
 core.bgc_2.comp_col.pe1._22_/ZN
 core.bgc_2.comp_col.pe1._23_/ZN
 core.bgc_2.comp_col.pe1._24_/ZN
 core.bgc_2.comp_col.pe1._25_/ZN
 core.bgc_2.comp_col.pe1._26_/ZN
 core.bgc_2.comp_col.pe1._27_/ZN
 core.bgc_2.comp_col.pe1._28_/ZN
 core.bgc_2.comp_col.pe1._29_/ZN
 core.bgc_2.comp_col.pe1._30_/ZN
 core.bgc_2.comp_col.pe1._31_/ZN
 core.bgc_2.comp_col.pe1._32_/ZN
 core.bgc_2.comp_col.pe1._33_/ZN
 core.bgc_2.comp_col.pe1._34_/ZN
 core.bgc_2.comp_col.pe1._35_/ZN
 core.bgc_2.comp_col.pe1._36_/ZN
 core.bgc_2.comp_col.pe1._37_/ZN
 core.bgc_2.comp_col.pe1._38_/ZN
 core.bgc_2.comp_col.pe1._39_/ZN
 core.bgc_2.comp_col.pe2._18_/ZN
 core.bgc_2.comp_col.pe2._19_/ZN
 core.bgc_2.comp_col.pe2._20_/ZN
 core.bgc_2.comp_col.pe2._21_/ZN
 core.bgc_2.comp_col.pe2._22_/ZN
 core.bgc_2.comp_col.pe2._23_/ZN
 core.bgc_2.comp_col.pe2._24_/ZN
 core.bgc_2.comp_col.pe2._25_/ZN
 core.bgc_2.comp_col.pe2._26_/ZN
 core.bgc_2.comp_col.pe2._27_/ZN
 core.bgc_2.comp_col.pe2._28_/ZN
 core.bgc_2.comp_col.pe2._29_/ZN
 core.bgc_2.comp_col.pe2._30_/ZN
 core.bgc_2.comp_col.pe2._31_/ZN
 core.bgc_2.comp_col.pe2._32_/ZN
 core.bgc_2.comp_col.pe2._33_/ZN
 core.bgc_2.comp_col.pe2._34_/ZN
 core.bgc_2.comp_col.pe2._35_/ZN
 core.bgc_2.comp_col.pe2._36_/ZN
 core.bgc_2.comp_col.pe2._37_/ZN
 core.bgc_2.comp_col.pe2._38_/ZN
 core.bgc_2.comp_col.pe2._39_/ZN
 core.bgc_2.comp_row._20_/ZN
 core.bgc_2.comp_row._21_/ZN
 core.bgc_2.comp_row._22_/ZN
 core.bgc_2.comp_row._23_/ZN
 core.bgc_2.comp_row._24_/ZN
 core.bgc_2.comp_row._25_/ZN
 core.bgc_2.comp_row._26_/ZN
 core.bgc_2.comp_row._27_/ZN
 core.bgc_2.comp_row._28_/ZN
 core.bgc_2.comp_row._29_/ZN
 core.bgc_2.comp_row._30_/ZN
 core.bgc_2.comp_row._31_/ZN
 core.bgc_2.comp_row._32_/ZN
 core.bgc_2.comp_row._33_/ZN
 core.bgc_2.comp_row._34_/ZN
 core.bgc_2.comp_row._35_/ZN
 core.bgc_2.comp_row._36_/ZN
 core.bgc_2.comp_row._37_/ZN
 core.bgc_2.comp_row._38_/ZN
 core.bgc_2.comp_row._39_/ZN
 core.bgc_2.comp_row._40_/ZN
 core.bgc_2.comp_row._41_/ZN
 core.bgc_2.comp_row._42_/ZN
 core.bgc_2.comp_row._43_/ZN
 core.bgc_2.comp_row._44_/ZN
 core.bgc_2.comp_row._45_/ZN
 core.bgc_2.comp_row._46_/ZN
 core.bgc_2.comp_row._47_/ZN
 core.bgc_2.comp_row._48_/Z
 core.bgc_2.comp_row._49_/Z
 core.bgc_2.comp_row._50_/Z
 core.bgc_2.comp_row._51_/Z
 core.bgc_2.comp_row._52_/Z
 core.bgc_2.comp_row._53_/Z
 core.bgc_2.comp_row._54_/Z
 core.bgc_2.comp_row._55_/Z
 core.bgc_2.comp_row._56_/Z
 core.bgc_2.comp_row._57_/Z
 core.bgc_2.comp_row._58_/Z
 core.bgc_2.comp_row._59_/Z
 core.bgc_2.comp_row._60_/ZN
 core.bgc_2.comp_row._61_/ZN
 core.bgc_2.comp_row._62_/ZN
 core.bgc_2.comp_row._63_/ZN
 core.bgc_2.comp_row._64_/ZN
 core.bgc_2.comp_row.pe1._18_/ZN
 core.bgc_2.comp_row.pe1._19_/ZN
 core.bgc_2.comp_row.pe1._20_/ZN
 core.bgc_2.comp_row.pe1._21_/ZN
 core.bgc_2.comp_row.pe1._22_/ZN
 core.bgc_2.comp_row.pe1._23_/ZN
 core.bgc_2.comp_row.pe1._24_/ZN
 core.bgc_2.comp_row.pe1._25_/ZN
 core.bgc_2.comp_row.pe1._26_/ZN
 core.bgc_2.comp_row.pe1._27_/ZN
 core.bgc_2.comp_row.pe1._28_/ZN
 core.bgc_2.comp_row.pe1._29_/ZN
 core.bgc_2.comp_row.pe1._30_/ZN
 core.bgc_2.comp_row.pe1._31_/ZN
 core.bgc_2.comp_row.pe1._32_/ZN
 core.bgc_2.comp_row.pe1._33_/ZN
 core.bgc_2.comp_row.pe1._34_/ZN
 core.bgc_2.comp_row.pe1._35_/ZN
 core.bgc_2.comp_row.pe1._36_/ZN
 core.bgc_2.comp_row.pe1._37_/ZN
 core.bgc_2.comp_row.pe1._38_/ZN
 core.bgc_2.comp_row.pe1._39_/ZN
 core.bgc_2.comp_row.pe2._18_/ZN
 core.bgc_2.comp_row.pe2._19_/ZN
 core.bgc_2.comp_row.pe2._20_/ZN
 core.bgc_2.comp_row.pe2._21_/ZN
 core.bgc_2.comp_row.pe2._22_/ZN
 core.bgc_2.comp_row.pe2._23_/ZN
 core.bgc_2.comp_row.pe2._24_/ZN
 core.bgc_2.comp_row.pe2._25_/ZN
 core.bgc_2.comp_row.pe2._26_/ZN
 core.bgc_2.comp_row.pe2._27_/ZN
 core.bgc_2.comp_row.pe2._28_/ZN
 core.bgc_2.comp_row.pe2._29_/ZN
 core.bgc_2.comp_row.pe2._30_/ZN
 core.bgc_2.comp_row.pe2._31_/ZN
 core.bgc_2.comp_row.pe2._32_/ZN
 core.bgc_2.comp_row.pe2._33_/ZN
 core.bgc_2.comp_row.pe2._34_/ZN
 core.bgc_2.comp_row.pe2._35_/ZN
 core.bgc_2.comp_row.pe2._36_/ZN
 core.bgc_2.comp_row.pe2._37_/ZN
 core.bgc_2.comp_row.pe2._38_/ZN
 core.bgc_2.comp_row.pe2._39_/ZN
 core.bgc_2.final_counter._29_/ZN
 core.bgc_2.final_counter._30_/ZN
 core.bgc_2.final_counter._31_/ZN
 core.bgc_2.final_counter._32_/ZN
 core.bgc_2.final_counter._33_/ZN
 core.bgc_2.final_counter._34_/ZN
 core.bgc_2.final_counter._35_/ZN
 core.bgc_2.final_counter._36_/ZN
 core.bgc_2.final_counter._37_/ZN
 core.bgc_2.final_counter._38_/ZN
 core.bgc_2.final_counter._39_/Z
 core.bgc_2.final_counter._40_/ZN
 core.bgc_2.final_counter._41_/ZN
 core.bgc_2.final_counter._42_/ZN
 core.bgc_2.final_counter._43_/Z
 core.bgc_2.final_counter._44_/ZN
 core.bgc_2.final_counter._45_/ZN
 core.bgc_2.final_counter._46_/Z
 core.bgc_2.final_counter._47_/ZN
 core.bgc_2.final_counter._48_/ZN
 core.bgc_2.final_counter._49_/Z
 core.bgc_2.final_counter._50_/ZN
 core.bgc_2.final_counter._51_/ZN
 core.bgc_2.final_counter._52_/ZN
 core.bgc_2.final_counter._53_/ZN
 core.bgc_2.final_counter._54_/Z
 core.bgc_2.final_counter._55_/ZN
 core.bgc_2.final_counter._56_/ZN
 core.bgc_2.final_counter._57_/Z
 core.bgc_2.final_counter._58_/ZN
 core.bgc_2.final_counter._59_/ZN
 core.bgc_2.final_counter._60_/ZN
 core.bgc_2.final_counter._61_/ZN
 core.bgc_2.final_counter._62_/ZN
 core.bgc_2.final_counter._63_/ZN
 core.bgc_2.final_counter._64_/ZN
 core.bgc_2.final_counter._65_/ZN
 core.bgc_2.final_counter._66_/ZN
 core.bgc_2.final_counter._67_/Z
 core.bgc_2.final_counter._68_/ZN
 core.bgc_2.final_counter._69_/Q
 core.bgc_2.final_counter._70_/Q
 core.bgc_2.final_counter._71_/Q
 core.bgc_2.final_counter._72_/Q
 core.bgc_2.final_counter._73_/Q
 core.bgc_2.final_counter._74_/Q
 core.bgc_2.final_counter._75_/Q
 core.bgc_2.final_counter._76_/Q
 core.bgc_2.final_counter._77_/Q
 core.bgc_2.final_counter._78_/Q
 core.bgc_2.final_counter._79_/Q
 core.bgc_2.final_counter._80_/Q
 core.bgc_2.lfsr_col._27_/ZN
 core.bgc_2.lfsr_col._28_/ZN
 core.bgc_2.lfsr_col._28__992/Z
 core.bgc_2.lfsr_col._29_/Z
 core.bgc_2.lfsr_col._29__993/Z
 core.bgc_2.lfsr_col._30_/Z
 core.bgc_2.lfsr_col._30__222/ZN
 core.bgc_2.lfsr_col._31_/Z
 core.bgc_2.lfsr_col._31__994/Z
 core.bgc_2.lfsr_col._32_/Z
 core.bgc_2.lfsr_col._32__223/ZN
 core.bgc_2.lfsr_col._33_/Z
 core.bgc_2.lfsr_col._33__995/Z
 core.bgc_2.lfsr_col._34_/Z
 core.bgc_2.lfsr_col._34__225/ZN
 core.bgc_2.lfsr_col._35_/Z
 core.bgc_2.lfsr_col._35__996/Z
 core.bgc_2.lfsr_col._36_/Z
 core.bgc_2.lfsr_col._36__997/Z
 core.bgc_2.lfsr_col._37_/Z
 core.bgc_2.lfsr_col._37__226/ZN
 core.bgc_2.lfsr_col._38_/Z
 core.bgc_2.lfsr_col._38__227/ZN
 core.bgc_2.lfsr_col._39_/Z
 core.bgc_2.lfsr_col._39__998/Z
 core.bgc_2.lfsr_col._40_/Z
 core.bgc_2.lfsr_col._40__228/ZN
 core.bgc_2.lfsr_col._41_/Z
 core.bgc_2.lfsr_col._42_/Z
 core.bgc_2.lfsr_col._43_/Z
 core.bgc_2.lfsr_col._44_/Z
 core.bgc_2.lfsr_col._44__229/ZN
 core.bgc_2.lfsr_col._45_/Z
 core.bgc_2.lfsr_col._45__999/Z
 core.bgc_2.lfsr_col._46_/Z
 core.bgc_2.lfsr_col._46__231/ZN
 core.bgc_2.lfsr_col._47_/Z
 core.bgc_2.lfsr_col._47__232/ZN
 core.bgc_2.lfsr_col._48_/Z
 core.bgc_2.lfsr_col._48__1000/Z
 core.bgc_2.lfsr_col._49_/Z
 core.bgc_2.lfsr_col._49__1001/Z
 core.bgc_2.lfsr_col._50_/Z
 core.bgc_2.lfsr_col._50__233/ZN
 core.bgc_2.lfsr_col._51_/Z
 core.bgc_2.lfsr_col._51__1002/Z
 core.bgc_2.lfsr_col._52_/Z
 core.bgc_2.lfsr_col._52__234/ZN
 core.bgc_2.lfsr_col._53_/Z
 core.bgc_2.lfsr_col._53__1003/Z
 core.bgc_2.lfsr_col._54_/Z
 core.bgc_2.lfsr_col._54__235/ZN
 core.bgc_2.lfsr_col._55_/Z
 core.bgc_2.lfsr_col._55__1004/Z
 core.bgc_2.lfsr_col._56_/Z
 core.bgc_2.lfsr_col._57_/Z
 core.bgc_2.lfsr_col._58_/Z
 core.bgc_2.lfsr_col._59_/Z
 core.bgc_2.lfsr_col._60_/Z
 core.bgc_2.lfsr_col._61_/Z
 core.bgc_2.lfsr_col._62_/Z
 core.bgc_2.lfsr_col._63_/Z
 core.bgc_2.lfsr_col._64_/Z
 core.bgc_2.lfsr_col._65_/Z
 core.bgc_2.lfsr_col._66_/ZN
 core.bgc_2.lfsr_col._66__236/ZN
 core.bgc_2.lfsr_col._67_/ZN
 core.bgc_2.lfsr_col._67__1006/Z
 core.bgc_2.lfsr_col._68_/ZN
 core.bgc_2.lfsr_col._68__237/ZN
 core.bgc_2.lfsr_col._69_/ZN
 core.bgc_2.lfsr_col._69__238/ZN
 core.bgc_2.lfsr_col._70_/ZN
 core.bgc_2.lfsr_col._70__1007/Z
 core.bgc_2.lfsr_col._71_/ZN
 core.bgc_2.lfsr_col._71__1008/Z
 core.bgc_2.lfsr_col._72_/ZN
 core.bgc_2.lfsr_col._72__239/ZN
 core.bgc_2.lfsr_col._73_/ZN
 core.bgc_2.lfsr_col._73__1009/Z
 core.bgc_2.lfsr_col._74_/ZN
 core.bgc_2.lfsr_col._74__240/ZN
 core.bgc_2.lfsr_col._75_/ZN
 core.bgc_2.lfsr_col._75__1010/Z
 core.bgc_2.lfsr_col._76_/ZN
 core.bgc_2.lfsr_col._76__241/ZN
 core.bgc_2.lfsr_col._77_/Q
 core.bgc_2.lfsr_col._78_/Q
 core.bgc_2.lfsr_col._79_/Q
 core.bgc_2.lfsr_col._80_/Q
 core.bgc_2.lfsr_col._81_/Q
 core.bgc_2.lfsr_col._82_/Q
 core.bgc_2.lfsr_col._83_/Q
 core.bgc_2.lfsr_col._84_/Q
 core.bgc_2.lfsr_col._85_/Q
 core.bgc_2.lfsr_col._86_/Q
 core.bgc_2.lfsr_col._87_/Q
 core.bgc_2.lfsr_col._88_/Q
 core.bgc_2.lfsr_row._27_/ZN
 core.bgc_2.lfsr_row._28_/ZN
 core.bgc_2.lfsr_row._28__242/ZN
 core.bgc_2.lfsr_row._29_/Z
 core.bgc_2.lfsr_row._29__243/ZN
 core.bgc_2.lfsr_row._30_/Z
 core.bgc_2.lfsr_row._30__244/ZN
 core.bgc_2.lfsr_row._31_/Z
 core.bgc_2.lfsr_row._31__1012/Z
 core.bgc_2.lfsr_row._32_/Z
 core.bgc_2.lfsr_row._32__1013/Z
 core.bgc_2.lfsr_row._33_/Z
 core.bgc_2.lfsr_row._33__245/ZN
 core.bgc_2.lfsr_row._34_/Z
 core.bgc_2.lfsr_row._34__246/ZN
 core.bgc_2.lfsr_row._35_/Z
 core.bgc_2.lfsr_row._35__247/ZN
 core.bgc_2.lfsr_row._36_/Z
 core.bgc_2.lfsr_row._36__1014/Z
 core.bgc_2.lfsr_row._37_/Z
 core.bgc_2.lfsr_row._37__1015/Z
 core.bgc_2.lfsr_row._38_/Z
 core.bgc_2.lfsr_row._38__249/ZN
 core.bgc_2.lfsr_row._39_/Z
 core.bgc_2.lfsr_row._39__1016/Z
 core.bgc_2.lfsr_row._40_/Z
 core.bgc_2.lfsr_row._40__250/ZN
 core.bgc_2.lfsr_row._41_/Z
 core.bgc_2.lfsr_row._42_/Z
 core.bgc_2.lfsr_row._43_/Z
 core.bgc_2.lfsr_row._44_/Z
 core.bgc_2.lfsr_row._44__251/ZN
 core.bgc_2.lfsr_row._45_/Z
 core.bgc_2.lfsr_row._45__1017/Z
 core.bgc_2.lfsr_row._46_/Z
 core.bgc_2.lfsr_row._46__252/ZN
 core.bgc_2.lfsr_row._47_/Z
 core.bgc_2.lfsr_row._47__1018/Z
 core.bgc_2.lfsr_row._48_/Z
 core.bgc_2.lfsr_row._48__1019/Z
 core.bgc_2.lfsr_row._49_/Z
 core.bgc_2.lfsr_row._49__253/ZN
 core.bgc_2.lfsr_row._50_/Z
 core.bgc_2.lfsr_row._50__254/ZN
 core.bgc_2.lfsr_row._51_/Z
 core.bgc_2.lfsr_row._51__255/ZN
 core.bgc_2.lfsr_row._52_/Z
 core.bgc_2.lfsr_row._52__1021/Z
 core.bgc_2.lfsr_row._53_/Z
 core.bgc_2.lfsr_row._53__1022/Z
 core.bgc_2.lfsr_row._54_/Z
 core.bgc_2.lfsr_row._54__256/ZN
 core.bgc_2.lfsr_row._55_/Z
 core.bgc_2.lfsr_row._55__257/ZN
 core.bgc_2.lfsr_row._56_/Z
 core.bgc_2.lfsr_row._57_/Z
 core.bgc_2.lfsr_row._58_/Z
 core.bgc_2.lfsr_row._59_/Z
 core.bgc_2.lfsr_row._60_/Z
 core.bgc_2.lfsr_row._61_/Z
 core.bgc_2.lfsr_row._62_/Z
 core.bgc_2.lfsr_row._63_/Z
 core.bgc_2.lfsr_row._64_/Z
 core.bgc_2.lfsr_row._65_/Z
 core.bgc_2.lfsr_row._66_/ZN
 core.bgc_2.lfsr_row._66__258/ZN
 core.bgc_2.lfsr_row._67_/ZN
 core.bgc_2.lfsr_row._67__1023/Z
 core.bgc_2.lfsr_row._68_/ZN
 core.bgc_2.lfsr_row._68__259/ZN
 core.bgc_2.lfsr_row._69_/ZN
 core.bgc_2.lfsr_row._69__1024/Z
 core.bgc_2.lfsr_row._70_/ZN
 core.bgc_2.lfsr_row._70__1026/Z
 core.bgc_2.lfsr_row._71_/ZN
 core.bgc_2.lfsr_row._71__260/ZN
 core.bgc_2.lfsr_row._72_/ZN
 core.bgc_2.lfsr_row._72__261/ZN
 core.bgc_2.lfsr_row._73_/ZN
 core.bgc_2.lfsr_row._73__262/ZN
 core.bgc_2.lfsr_row._74_/ZN
 core.bgc_2.lfsr_row._74__1027/Z
 core.bgc_2.lfsr_row._75_/ZN
 core.bgc_2.lfsr_row._75__1028/Z
 core.bgc_2.lfsr_row._76_/ZN
 core.bgc_2.lfsr_row._76__263/ZN
 core.bgc_2.lfsr_row._77_/Q
 core.bgc_2.lfsr_row._78_/Q
 core.bgc_2.lfsr_row._79_/Q
 core.bgc_2.lfsr_row._80_/Q
 core.bgc_2.lfsr_row._81_/Q
 core.bgc_2.lfsr_row._82_/Q
 core.bgc_2.lfsr_row._83_/Q
 core.bgc_2.lfsr_row._84_/Q
 core.bgc_2.lfsr_row._85_/Q
 core.bgc_2.lfsr_row._86_/Q
 core.bgc_2.lfsr_row._87_/Q
 core.bgc_2.lfsr_row._88_/Q
 core.bgc_2.row_reg._053_/ZN
 core.bgc_2.row_reg._054_/ZN
 core.bgc_2.row_reg._055_/ZN
 core.bgc_2.row_reg._056_/ZN
 core.bgc_2.row_reg._056__264/ZN
 core.bgc_2.row_reg._057_/ZN
 core.bgc_2.row_reg._058_/ZN
 core.bgc_2.row_reg._058__265/ZN
 core.bgc_2.row_reg._059_/ZN
 core.bgc_2.row_reg._060_/ZN
 core.bgc_2.row_reg._060__266/ZN
 core.bgc_2.row_reg._061_/ZN
 core.bgc_2.row_reg._062_/ZN
 core.bgc_2.row_reg._062__268/ZN
 core.bgc_2.row_reg._063_/ZN
 core.bgc_2.row_reg._064_/ZN
 core.bgc_2.row_reg._064__269/ZN
 core.bgc_2.row_reg._065_/ZN
 core.bgc_2.row_reg._066_/ZN
 core.bgc_2.row_reg._066__270/ZN
 core.bgc_2.row_reg._067_/ZN
 core.bgc_2.row_reg._068_/ZN
 core.bgc_2.row_reg._068__271/ZN
 core.bgc_2.row_reg._069_/ZN
 core.bgc_2.row_reg._070_/ZN
 core.bgc_2.row_reg._070__272/ZN
 core.bgc_2.row_reg._071_/ZN
 core.bgc_2.row_reg._072_/ZN
 core.bgc_2.row_reg._072__273/ZN
 core.bgc_2.row_reg._073_/ZN
 core.bgc_2.row_reg._074_/ZN
 core.bgc_2.row_reg._074__274/ZN
 core.bgc_2.row_reg._075_/ZN
 core.bgc_2.row_reg._076_/ZN
 core.bgc_2.row_reg._076__275/ZN
 core.bgc_2.row_reg._077_/ZN
 core.bgc_2.row_reg._078_/ZN
 core.bgc_2.row_reg._078__276/ZN
 core.bgc_2.row_reg._079_/ZN
 core.bgc_2.row_reg._080_/Z
 core.bgc_2.row_reg._081_/ZN
 core.bgc_2.row_reg._082_/ZN
 core.bgc_2.row_reg._083_/ZN
 core.bgc_2.row_reg._084_/ZN
 core.bgc_2.row_reg._085_/ZN
 core.bgc_2.row_reg._086_/ZN
 core.bgc_2.row_reg._087_/ZN
 core.bgc_2.row_reg._088_/ZN
 core.bgc_2.row_reg._089_/ZN
 core.bgc_2.row_reg._090_/ZN
 core.bgc_2.row_reg._091_/ZN
 core.bgc_2.row_reg._092_/ZN
 core.bgc_2.row_reg._093_/ZN
 core.bgc_2.row_reg._094_/ZN
 core.bgc_2.row_reg._095_/ZN
 core.bgc_2.row_reg._096_/ZN
 core.bgc_2.row_reg._097_/ZN
 core.bgc_2.row_reg._098_/ZN
 core.bgc_2.row_reg._099_/ZN
 core.bgc_2.row_reg._100_/ZN
 core.bgc_2.row_reg._101_/ZN
 core.bgc_2.row_reg._102_/ZN
 core.bgc_2.row_reg._103_/ZN
 core.bgc_2.row_reg._104_/ZN
 core.bgc_2.row_reg._105_/ZN
 core.bgc_2.row_reg._106_/ZN
 core.bgc_2.row_reg._107_/ZN
 core.bgc_2.row_reg._108_/ZN
 core.bgc_2.row_reg._109_/ZN
 core.bgc_2.row_reg._110_/ZN
 core.bgc_2.row_reg._111_/ZN
 core.bgc_2.row_reg._112_/ZN
 core.bgc_2.row_reg._113_/ZN
 core.bgc_2.row_reg._114_/ZN
 core.bgc_2.row_reg._115_/ZN
 core.bgc_2.row_reg._116_/ZN
 core.bgc_2.row_reg._117_/Q
 core.bgc_2.row_reg._118_/Q
 core.bgc_2.row_reg._119_/Q
 core.bgc_2.row_reg._120_/Q
 core.bgc_2.row_reg._121_/Q
 core.bgc_2.row_reg._122_/Q
 core.bgc_2.row_reg._123_/Q
 core.bgc_2.row_reg._124_/Q
 core.bgc_2.row_reg._125_/Q
 core.bgc_2.row_reg._126_/Q
 core.bgc_2.row_reg._127_/Q
 core.bgc_2.row_reg._128_/Q
 core.bgc_3._05_/ZN
 core.bgc_3._06_/ZN
 core.bgc_3._07_/ZN
 core.bgc_3._07__277/ZN
 core.bgc_3._08_/ZN
 core.bgc_3._09_/Z
 core.bgc_3._10_/ZN
 core.bgc_3._11_/Z
 core.bgc_3._11__278/ZN
 core.bgc_3._12_/Z
 core.bgc_3._13_/Z
 core.bgc_3._14_/Z
 core.bgc_3._15_/Z
 core.bgc_3._16_/Z
 core.bgc_3._17_/Z
 core.bgc_3._18_/Z
 core.bgc_3._19_/Z
 core.bgc_3._20_/Z
 core.bgc_3._21_/Z
 core.bgc_3._22_/Z
 core.bgc_3._23_/Z
 core.bgc_3._24_/ZN
 core.bgc_3._25_/ZN
 core.bgc_3.col_reg._053_/ZN
 core.bgc_3.col_reg._054_/ZN
 core.bgc_3.col_reg._055_/ZN
 core.bgc_3.col_reg._056_/ZN
 core.bgc_3.col_reg._057_/ZN
 core.bgc_3.col_reg._058_/ZN
 core.bgc_3.col_reg._059_/ZN
 core.bgc_3.col_reg._060_/ZN
 core.bgc_3.col_reg._061_/ZN
 core.bgc_3.col_reg._062_/ZN
 core.bgc_3.col_reg._063_/ZN
 core.bgc_3.col_reg._064_/ZN
 core.bgc_3.col_reg._065_/ZN
 core.bgc_3.col_reg._066_/ZN
 core.bgc_3.col_reg._067_/ZN
 core.bgc_3.col_reg._068_/ZN
 core.bgc_3.col_reg._069_/ZN
 core.bgc_3.col_reg._070_/ZN
 core.bgc_3.col_reg._071_/ZN
 core.bgc_3.col_reg._072_/ZN
 core.bgc_3.col_reg._073_/ZN
 core.bgc_3.col_reg._074_/ZN
 core.bgc_3.col_reg._075_/ZN
 core.bgc_3.col_reg._076_/ZN
 core.bgc_3.col_reg._077_/ZN
 core.bgc_3.col_reg._078_/ZN
 core.bgc_3.col_reg._079_/ZN
 core.bgc_3.col_reg._080_/Z
 core.bgc_3.col_reg._081_/ZN
 core.bgc_3.col_reg._082_/ZN
 core.bgc_3.col_reg._083_/ZN
 core.bgc_3.col_reg._084_/ZN
 core.bgc_3.col_reg._085_/ZN
 core.bgc_3.col_reg._086_/ZN
 core.bgc_3.col_reg._087_/ZN
 core.bgc_3.col_reg._088_/ZN
 core.bgc_3.col_reg._089_/ZN
 core.bgc_3.col_reg._090_/ZN
 core.bgc_3.col_reg._091_/ZN
 core.bgc_3.col_reg._092_/ZN
 core.bgc_3.col_reg._093_/ZN
 core.bgc_3.col_reg._094_/ZN
 core.bgc_3.col_reg._095_/ZN
 core.bgc_3.col_reg._096_/ZN
 core.bgc_3.col_reg._097_/ZN
 core.bgc_3.col_reg._098_/ZN
 core.bgc_3.col_reg._099_/ZN
 core.bgc_3.col_reg._100_/ZN
 core.bgc_3.col_reg._101_/ZN
 core.bgc_3.col_reg._102_/ZN
 core.bgc_3.col_reg._103_/ZN
 core.bgc_3.col_reg._104_/ZN
 core.bgc_3.col_reg._105_/ZN
 core.bgc_3.col_reg._106_/ZN
 core.bgc_3.col_reg._107_/ZN
 core.bgc_3.col_reg._108_/ZN
 core.bgc_3.col_reg._109_/ZN
 core.bgc_3.col_reg._110_/ZN
 core.bgc_3.col_reg._111_/ZN
 core.bgc_3.col_reg._112_/ZN
 core.bgc_3.col_reg._113_/ZN
 core.bgc_3.col_reg._114_/ZN
 core.bgc_3.col_reg._115_/ZN
 core.bgc_3.col_reg._116_/ZN
 core.bgc_3.col_reg._117_/Q
 core.bgc_3.col_reg._118_/Q
 core.bgc_3.col_reg._119_/Q
 core.bgc_3.col_reg._120_/Q
 core.bgc_3.col_reg._121_/Q
 core.bgc_3.col_reg._122_/Q
 core.bgc_3.col_reg._123_/Q
 core.bgc_3.col_reg._124_/Q
 core.bgc_3.col_reg._125_/Q
 core.bgc_3.col_reg._126_/Q
 core.bgc_3.col_reg._127_/Q
 core.bgc_3.col_reg._128_/Q
 core.bgc_3.comp_col._20_/ZN
 core.bgc_3.comp_col._21_/ZN
 core.bgc_3.comp_col._22_/ZN
 core.bgc_3.comp_col._23_/ZN
 core.bgc_3.comp_col._24_/ZN
 core.bgc_3.comp_col._25_/ZN
 core.bgc_3.comp_col._26_/ZN
 core.bgc_3.comp_col._27_/ZN
 core.bgc_3.comp_col._28_/ZN
 core.bgc_3.comp_col._29_/ZN
 core.bgc_3.comp_col._30_/ZN
 core.bgc_3.comp_col._31_/ZN
 core.bgc_3.comp_col._32_/ZN
 core.bgc_3.comp_col._33_/ZN
 core.bgc_3.comp_col._34_/ZN
 core.bgc_3.comp_col._35_/ZN
 core.bgc_3.comp_col._36_/ZN
 core.bgc_3.comp_col._37_/ZN
 core.bgc_3.comp_col._38_/ZN
 core.bgc_3.comp_col._39_/ZN
 core.bgc_3.comp_col._40_/ZN
 core.bgc_3.comp_col._41_/ZN
 core.bgc_3.comp_col._42_/ZN
 core.bgc_3.comp_col._43_/ZN
 core.bgc_3.comp_col._44_/ZN
 core.bgc_3.comp_col._45_/ZN
 core.bgc_3.comp_col._46_/ZN
 core.bgc_3.comp_col._47_/ZN
 core.bgc_3.comp_col._48_/Z
 core.bgc_3.comp_col._49_/Z
 core.bgc_3.comp_col._50_/Z
 core.bgc_3.comp_col._51_/Z
 core.bgc_3.comp_col._52_/Z
 core.bgc_3.comp_col._53_/Z
 core.bgc_3.comp_col._54_/Z
 core.bgc_3.comp_col._55_/Z
 core.bgc_3.comp_col._56_/Z
 core.bgc_3.comp_col._57_/Z
 core.bgc_3.comp_col._58_/Z
 core.bgc_3.comp_col._59_/Z
 core.bgc_3.comp_col._60_/ZN
 core.bgc_3.comp_col._61_/ZN
 core.bgc_3.comp_col._62_/ZN
 core.bgc_3.comp_col._63_/ZN
 core.bgc_3.comp_col._64_/ZN
 core.bgc_3.comp_col.pe1._18_/ZN
 core.bgc_3.comp_col.pe1._19_/ZN
 core.bgc_3.comp_col.pe1._20_/ZN
 core.bgc_3.comp_col.pe1._21_/ZN
 core.bgc_3.comp_col.pe1._22_/ZN
 core.bgc_3.comp_col.pe1._23_/ZN
 core.bgc_3.comp_col.pe1._24_/ZN
 core.bgc_3.comp_col.pe1._25_/ZN
 core.bgc_3.comp_col.pe1._26_/ZN
 core.bgc_3.comp_col.pe1._27_/ZN
 core.bgc_3.comp_col.pe1._28_/ZN
 core.bgc_3.comp_col.pe1._29_/ZN
 core.bgc_3.comp_col.pe1._30_/ZN
 core.bgc_3.comp_col.pe1._31_/ZN
 core.bgc_3.comp_col.pe1._32_/ZN
 core.bgc_3.comp_col.pe1._33_/ZN
 core.bgc_3.comp_col.pe1._34_/ZN
 core.bgc_3.comp_col.pe1._35_/ZN
 core.bgc_3.comp_col.pe1._36_/ZN
 core.bgc_3.comp_col.pe1._37_/ZN
 core.bgc_3.comp_col.pe1._38_/ZN
 core.bgc_3.comp_col.pe1._39_/ZN
 core.bgc_3.comp_col.pe2._18_/ZN
 core.bgc_3.comp_col.pe2._19_/ZN
 core.bgc_3.comp_col.pe2._20_/ZN
 core.bgc_3.comp_col.pe2._21_/ZN
 core.bgc_3.comp_col.pe2._22_/ZN
 core.bgc_3.comp_col.pe2._23_/ZN
 core.bgc_3.comp_col.pe2._24_/ZN
 core.bgc_3.comp_col.pe2._25_/ZN
 core.bgc_3.comp_col.pe2._26_/ZN
 core.bgc_3.comp_col.pe2._27_/ZN
 core.bgc_3.comp_col.pe2._28_/ZN
 core.bgc_3.comp_col.pe2._29_/ZN
 core.bgc_3.comp_col.pe2._30_/ZN
 core.bgc_3.comp_col.pe2._31_/ZN
 core.bgc_3.comp_col.pe2._32_/ZN
 core.bgc_3.comp_col.pe2._33_/ZN
 core.bgc_3.comp_col.pe2._34_/ZN
 core.bgc_3.comp_col.pe2._35_/ZN
 core.bgc_3.comp_col.pe2._36_/ZN
 core.bgc_3.comp_col.pe2._37_/ZN
 core.bgc_3.comp_col.pe2._38_/ZN
 core.bgc_3.comp_col.pe2._39_/ZN
 core.bgc_3.comp_row._20_/ZN
 core.bgc_3.comp_row._21_/ZN
 core.bgc_3.comp_row._22_/ZN
 core.bgc_3.comp_row._23_/ZN
 core.bgc_3.comp_row._24_/ZN
 core.bgc_3.comp_row._25_/ZN
 core.bgc_3.comp_row._26_/ZN
 core.bgc_3.comp_row._27_/ZN
 core.bgc_3.comp_row._28_/ZN
 core.bgc_3.comp_row._29_/ZN
 core.bgc_3.comp_row._30_/ZN
 core.bgc_3.comp_row._31_/ZN
 core.bgc_3.comp_row._32_/ZN
 core.bgc_3.comp_row._33_/ZN
 core.bgc_3.comp_row._34_/ZN
 core.bgc_3.comp_row._35_/ZN
 core.bgc_3.comp_row._36_/ZN
 core.bgc_3.comp_row._37_/ZN
 core.bgc_3.comp_row._38_/ZN
 core.bgc_3.comp_row._39_/ZN
 core.bgc_3.comp_row._40_/ZN
 core.bgc_3.comp_row._41_/ZN
 core.bgc_3.comp_row._42_/ZN
 core.bgc_3.comp_row._43_/ZN
 core.bgc_3.comp_row._44_/ZN
 core.bgc_3.comp_row._45_/ZN
 core.bgc_3.comp_row._46_/ZN
 core.bgc_3.comp_row._47_/ZN
 core.bgc_3.comp_row._48_/Z
 core.bgc_3.comp_row._49_/Z
 core.bgc_3.comp_row._50_/Z
 core.bgc_3.comp_row._51_/Z
 core.bgc_3.comp_row._52_/Z
 core.bgc_3.comp_row._53_/Z
 core.bgc_3.comp_row._54_/Z
 core.bgc_3.comp_row._55_/Z
 core.bgc_3.comp_row._56_/Z
 core.bgc_3.comp_row._57_/Z
 core.bgc_3.comp_row._58_/Z
 core.bgc_3.comp_row._59_/Z
 core.bgc_3.comp_row._60_/ZN
 core.bgc_3.comp_row._61_/ZN
 core.bgc_3.comp_row._62_/ZN
 core.bgc_3.comp_row._63_/ZN
 core.bgc_3.comp_row._64_/ZN
 core.bgc_3.comp_row.pe1._18_/ZN
 core.bgc_3.comp_row.pe1._19_/ZN
 core.bgc_3.comp_row.pe1._20_/ZN
 core.bgc_3.comp_row.pe1._21_/ZN
 core.bgc_3.comp_row.pe1._22_/ZN
 core.bgc_3.comp_row.pe1._23_/ZN
 core.bgc_3.comp_row.pe1._24_/ZN
 core.bgc_3.comp_row.pe1._25_/ZN
 core.bgc_3.comp_row.pe1._26_/ZN
 core.bgc_3.comp_row.pe1._27_/ZN
 core.bgc_3.comp_row.pe1._28_/ZN
 core.bgc_3.comp_row.pe1._29_/ZN
 core.bgc_3.comp_row.pe1._30_/ZN
 core.bgc_3.comp_row.pe1._31_/ZN
 core.bgc_3.comp_row.pe1._32_/ZN
 core.bgc_3.comp_row.pe1._33_/ZN
 core.bgc_3.comp_row.pe1._34_/ZN
 core.bgc_3.comp_row.pe1._35_/ZN
 core.bgc_3.comp_row.pe1._36_/ZN
 core.bgc_3.comp_row.pe1._37_/ZN
 core.bgc_3.comp_row.pe1._38_/ZN
 core.bgc_3.comp_row.pe1._39_/ZN
 core.bgc_3.comp_row.pe2._18_/ZN
 core.bgc_3.comp_row.pe2._19_/ZN
 core.bgc_3.comp_row.pe2._20_/ZN
 core.bgc_3.comp_row.pe2._21_/ZN
 core.bgc_3.comp_row.pe2._22_/ZN
 core.bgc_3.comp_row.pe2._23_/ZN
 core.bgc_3.comp_row.pe2._24_/ZN
 core.bgc_3.comp_row.pe2._25_/ZN
 core.bgc_3.comp_row.pe2._26_/ZN
 core.bgc_3.comp_row.pe2._27_/ZN
 core.bgc_3.comp_row.pe2._28_/ZN
 core.bgc_3.comp_row.pe2._29_/ZN
 core.bgc_3.comp_row.pe2._30_/ZN
 core.bgc_3.comp_row.pe2._31_/ZN
 core.bgc_3.comp_row.pe2._32_/ZN
 core.bgc_3.comp_row.pe2._33_/ZN
 core.bgc_3.comp_row.pe2._34_/ZN
 core.bgc_3.comp_row.pe2._35_/ZN
 core.bgc_3.comp_row.pe2._36_/ZN
 core.bgc_3.comp_row.pe2._37_/ZN
 core.bgc_3.comp_row.pe2._38_/ZN
 core.bgc_3.comp_row.pe2._39_/ZN
 core.bgc_3.final_counter._29_/ZN
 core.bgc_3.final_counter._30_/ZN
 core.bgc_3.final_counter._31_/ZN
 core.bgc_3.final_counter._32_/ZN
 core.bgc_3.final_counter._33_/ZN
 core.bgc_3.final_counter._34_/ZN
 core.bgc_3.final_counter._35_/ZN
 core.bgc_3.final_counter._36_/ZN
 core.bgc_3.final_counter._37_/ZN
 core.bgc_3.final_counter._38_/ZN
 core.bgc_3.final_counter._39_/Z
 core.bgc_3.final_counter._40_/ZN
 core.bgc_3.final_counter._41_/ZN
 core.bgc_3.final_counter._42_/ZN
 core.bgc_3.final_counter._43_/Z
 core.bgc_3.final_counter._44_/ZN
 core.bgc_3.final_counter._45_/ZN
 core.bgc_3.final_counter._46_/Z
 core.bgc_3.final_counter._47_/ZN
 core.bgc_3.final_counter._48_/ZN
 core.bgc_3.final_counter._49_/Z
 core.bgc_3.final_counter._50_/ZN
 core.bgc_3.final_counter._51_/ZN
 core.bgc_3.final_counter._52_/ZN
 core.bgc_3.final_counter._53_/ZN
 core.bgc_3.final_counter._54_/Z
 core.bgc_3.final_counter._55_/ZN
 core.bgc_3.final_counter._56_/ZN
 core.bgc_3.final_counter._57_/Z
 core.bgc_3.final_counter._58_/ZN
 core.bgc_3.final_counter._59_/ZN
 core.bgc_3.final_counter._60_/ZN
 core.bgc_3.final_counter._61_/ZN
 core.bgc_3.final_counter._62_/ZN
 core.bgc_3.final_counter._63_/ZN
 core.bgc_3.final_counter._64_/ZN
 core.bgc_3.final_counter._65_/ZN
 core.bgc_3.final_counter._66_/ZN
 core.bgc_3.final_counter._67_/Z
 core.bgc_3.final_counter._68_/ZN
 core.bgc_3.final_counter._69_/Q
 core.bgc_3.final_counter._70_/Q
 core.bgc_3.final_counter._71_/Q
 core.bgc_3.final_counter._72_/Q
 core.bgc_3.final_counter._73_/Q
 core.bgc_3.final_counter._74_/Q
 core.bgc_3.final_counter._75_/Q
 core.bgc_3.final_counter._76_/Q
 core.bgc_3.final_counter._77_/Q
 core.bgc_3.final_counter._78_/Q
 core.bgc_3.final_counter._79_/Q
 core.bgc_3.final_counter._80_/Q
 core.bgc_3.lfsr_col._27_/ZN
 core.bgc_3.lfsr_col._28_/ZN
 core.bgc_3.lfsr_col._28__279/ZN
 core.bgc_3.lfsr_col._29_/Z
 core.bgc_3.lfsr_col._29__280/ZN
 core.bgc_3.lfsr_col._30_/Z
 core.bgc_3.lfsr_col._30__281/ZN
 core.bgc_3.lfsr_col._31_/Z
 core.bgc_3.lfsr_col._31__1030/Z
 core.bgc_3.lfsr_col._32_/Z
 core.bgc_3.lfsr_col._32__1031/Z
 core.bgc_3.lfsr_col._33_/Z
 core.bgc_3.lfsr_col._33__1032/Z
 core.bgc_3.lfsr_col._34_/Z
 core.bgc_3.lfsr_col._34__282/ZN
 core.bgc_3.lfsr_col._35_/Z
 core.bgc_3.lfsr_col._35__1033/Z
 core.bgc_3.lfsr_col._36_/Z
 core.bgc_3.lfsr_col._36__1034/Z
 core.bgc_3.lfsr_col._37_/Z
 core.bgc_3.lfsr_col._37__1035/Z
 core.bgc_3.lfsr_col._38_/Z
 core.bgc_3.lfsr_col._38__1036/Z
 core.bgc_3.lfsr_col._39_/Z
 core.bgc_3.lfsr_col._39__1037/Z
 core.bgc_3.lfsr_col._40_/Z
 core.bgc_3.lfsr_col._40__1038/Z
 core.bgc_3.lfsr_col._41_/Z
 core.bgc_3.lfsr_col._42_/Z
 core.bgc_3.lfsr_col._43_/Z
 core.bgc_3.lfsr_col._44_/Z
 core.bgc_3.lfsr_col._44__1039/Z
 core.bgc_3.lfsr_col._45_/Z
 core.bgc_3.lfsr_col._45__1040/Z
 core.bgc_3.lfsr_col._46_/Z
 core.bgc_3.lfsr_col._46__1041/Z
 core.bgc_3.lfsr_col._47_/Z
 core.bgc_3.lfsr_col._47__1042/Z
 core.bgc_3.lfsr_col._48_/Z
 core.bgc_3.lfsr_col._48__1043/Z
 core.bgc_3.lfsr_col._49_/Z
 core.bgc_3.lfsr_col._49__1044/Z
 core.bgc_3.lfsr_col._50_/Z
 core.bgc_3.lfsr_col._50__284/ZN
 core.bgc_3.lfsr_col._51_/Z
 core.bgc_3.lfsr_col._51__1046/Z
 core.bgc_3.lfsr_col._52_/Z
 core.bgc_3.lfsr_col._52__1047/Z
 core.bgc_3.lfsr_col._53_/Z
 core.bgc_3.lfsr_col._53__1048/Z
 core.bgc_3.lfsr_col._54_/Z
 core.bgc_3.lfsr_col._54__285/ZN
 core.bgc_3.lfsr_col._55_/Z
 core.bgc_3.lfsr_col._55__286/ZN
 core.bgc_3.lfsr_col._56_/Z
 core.bgc_3.lfsr_col._57_/Z
 core.bgc_3.lfsr_col._58_/Z
 core.bgc_3.lfsr_col._59_/Z
 core.bgc_3.lfsr_col._60_/Z
 core.bgc_3.lfsr_col._61_/Z
 core.bgc_3.lfsr_col._62_/Z
 core.bgc_3.lfsr_col._63_/Z
 core.bgc_3.lfsr_col._64_/Z
 core.bgc_3.lfsr_col._65_/Z
 core.bgc_3.lfsr_col._66_/ZN
 core.bgc_3.lfsr_col._66__1049/Z
 core.bgc_3.lfsr_col._67_/ZN
 core.bgc_3.lfsr_col._67__1050/Z
 core.bgc_3.lfsr_col._68_/ZN
 core.bgc_3.lfsr_col._68__1051/Z
 core.bgc_3.lfsr_col._69_/ZN
 core.bgc_3.lfsr_col._69__1052/Z
 core.bgc_3.lfsr_col._70_/ZN
 core.bgc_3.lfsr_col._70__1053/Z
 core.bgc_3.lfsr_col._71_/ZN
 core.bgc_3.lfsr_col._71__1054/Z
 core.bgc_3.lfsr_col._72_/ZN
 core.bgc_3.lfsr_col._72__288/ZN
 core.bgc_3.lfsr_col._73_/ZN
 core.bgc_3.lfsr_col._73__1055/Z
 core.bgc_3.lfsr_col._74_/ZN
 core.bgc_3.lfsr_col._74__1056/Z
 core.bgc_3.lfsr_col._75_/ZN
 core.bgc_3.lfsr_col._75__1057/Z
 core.bgc_3.lfsr_col._76_/ZN
 core.bgc_3.lfsr_col._76__289/ZN
 core.bgc_3.lfsr_col._77_/Q
 core.bgc_3.lfsr_col._78_/Q
 core.bgc_3.lfsr_col._79_/Q
 core.bgc_3.lfsr_col._80_/Q
 core.bgc_3.lfsr_col._81_/Q
 core.bgc_3.lfsr_col._82_/Q
 core.bgc_3.lfsr_col._83_/Q
 core.bgc_3.lfsr_col._84_/Q
 core.bgc_3.lfsr_col._85_/Q
 core.bgc_3.lfsr_col._86_/Q
 core.bgc_3.lfsr_col._87_/Q
 core.bgc_3.lfsr_col._88_/Q
 core.bgc_3.lfsr_row._27_/ZN
 core.bgc_3.lfsr_row._28_/ZN
 core.bgc_3.lfsr_row._28__290/ZN
 core.bgc_3.lfsr_row._29_/Z
 core.bgc_3.lfsr_row._29__291/ZN
 core.bgc_3.lfsr_row._30_/Z
 core.bgc_3.lfsr_row._30__1058/Z
 core.bgc_3.lfsr_row._31_/Z
 core.bgc_3.lfsr_row._31__1059/Z
 core.bgc_3.lfsr_row._32_/Z
 core.bgc_3.lfsr_row._32__1060/Z
 core.bgc_3.lfsr_row._33_/Z
 core.bgc_3.lfsr_row._33__1061/Z
 core.bgc_3.lfsr_row._34_/Z
 core.bgc_3.lfsr_row._34__293/ZN
 core.bgc_3.lfsr_row._35_/Z
 core.bgc_3.lfsr_row._35__294/ZN
 core.bgc_3.lfsr_row._36_/Z
 core.bgc_3.lfsr_row._36__1062/Z
 core.bgc_3.lfsr_row._37_/Z
 core.bgc_3.lfsr_row._37__1063/Z
 core.bgc_3.lfsr_row._38_/Z
 core.bgc_3.lfsr_row._38__1064/Z
 core.bgc_3.lfsr_row._39_/Z
 core.bgc_3.lfsr_row._39__1065/Z
 core.bgc_3.lfsr_row._40_/Z
 core.bgc_3.lfsr_row._40__295/ZN
 core.bgc_3.lfsr_row._41_/Z
 core.bgc_3.lfsr_row._42_/Z
 core.bgc_3.lfsr_row._43_/Z
 core.bgc_3.lfsr_row._44_/Z
 core.bgc_3.lfsr_row._44__296/ZN
 core.bgc_3.lfsr_row._45_/Z
 core.bgc_3.lfsr_row._45__1067/Z
 core.bgc_3.lfsr_row._46_/Z
 core.bgc_3.lfsr_row._46__1068/Z
 core.bgc_3.lfsr_row._47_/Z
 core.bgc_3.lfsr_row._47__1069/Z
 core.bgc_3.lfsr_row._48_/Z
 core.bgc_3.lfsr_row._48__1070/Z
 core.bgc_3.lfsr_row._49_/Z
 core.bgc_3.lfsr_row._49__297/ZN
 core.bgc_3.lfsr_row._50_/Z
 core.bgc_3.lfsr_row._50__298/ZN
 core.bgc_3.lfsr_row._51_/Z
 core.bgc_3.lfsr_row._51__1071/Z
 core.bgc_3.lfsr_row._52_/Z
 core.bgc_3.lfsr_row._52__1072/Z
 core.bgc_3.lfsr_row._53_/Z
 core.bgc_3.lfsr_row._53__1073/Z
 core.bgc_3.lfsr_row._54_/Z
 core.bgc_3.lfsr_row._54__1074/Z
 core.bgc_3.lfsr_row._55_/Z
 core.bgc_3.lfsr_row._55__300/ZN
 core.bgc_3.lfsr_row._56_/Z
 core.bgc_3.lfsr_row._57_/Z
 core.bgc_3.lfsr_row._58_/Z
 core.bgc_3.lfsr_row._59_/Z
 core.bgc_3.lfsr_row._60_/Z
 core.bgc_3.lfsr_row._61_/Z
 core.bgc_3.lfsr_row._62_/Z
 core.bgc_3.lfsr_row._63_/Z
 core.bgc_3.lfsr_row._64_/Z
 core.bgc_3.lfsr_row._65_/Z
 core.bgc_3.lfsr_row._66_/ZN
 core.bgc_3.lfsr_row._66__301/ZN
 core.bgc_3.lfsr_row._67_/ZN
 core.bgc_3.lfsr_row._67__1075/Z
 core.bgc_3.lfsr_row._68_/ZN
 core.bgc_3.lfsr_row._68__1076/Z
 core.bgc_3.lfsr_row._69_/ZN
 core.bgc_3.lfsr_row._69__1077/Z
 core.bgc_3.lfsr_row._70_/ZN
 core.bgc_3.lfsr_row._70__1078/Z
 core.bgc_3.lfsr_row._71_/ZN
 core.bgc_3.lfsr_row._71__302/ZN
 core.bgc_3.lfsr_row._72_/ZN
 core.bgc_3.lfsr_row._72__303/ZN
 core.bgc_3.lfsr_row._73_/ZN
 core.bgc_3.lfsr_row._73__1079/Z
 core.bgc_3.lfsr_row._74_/ZN
 core.bgc_3.lfsr_row._74__1081/Z
 core.bgc_3.lfsr_row._75_/ZN
 core.bgc_3.lfsr_row._75__1082/Z
 core.bgc_3.lfsr_row._76_/ZN
 core.bgc_3.lfsr_row._76__1083/Z
 core.bgc_3.lfsr_row._77_/Q
 core.bgc_3.lfsr_row._78_/Q
 core.bgc_3.lfsr_row._79_/Q
 core.bgc_3.lfsr_row._80_/Q
 core.bgc_3.lfsr_row._81_/Q
 core.bgc_3.lfsr_row._82_/Q
 core.bgc_3.lfsr_row._83_/Q
 core.bgc_3.lfsr_row._84_/Q
 core.bgc_3.lfsr_row._85_/Q
 core.bgc_3.lfsr_row._86_/Q
 core.bgc_3.lfsr_row._87_/Q
 core.bgc_3.lfsr_row._88_/Q
 core.bgc_3.row_reg._053_/ZN
 core.bgc_3.row_reg._054_/ZN
 core.bgc_3.row_reg._055_/ZN
 core.bgc_3.row_reg._056_/ZN
 core.bgc_3.row_reg._056__304/ZN
 core.bgc_3.row_reg._057_/ZN
 core.bgc_3.row_reg._058_/ZN
 core.bgc_3.row_reg._058__305/ZN
 core.bgc_3.row_reg._059_/ZN
 core.bgc_3.row_reg._060_/ZN
 core.bgc_3.row_reg._060__306/ZN
 core.bgc_3.row_reg._061_/ZN
 core.bgc_3.row_reg._062_/ZN
 core.bgc_3.row_reg._062__307/ZN
 core.bgc_3.row_reg._063_/ZN
 core.bgc_3.row_reg._064_/ZN
 core.bgc_3.row_reg._064__308/ZN
 core.bgc_3.row_reg._065_/ZN
 core.bgc_3.row_reg._066_/ZN
 core.bgc_3.row_reg._066__309/ZN
 core.bgc_3.row_reg._067_/ZN
 core.bgc_3.row_reg._068_/ZN
 core.bgc_3.row_reg._068__310/ZN
 core.bgc_3.row_reg._069_/ZN
 core.bgc_3.row_reg._070_/ZN
 core.bgc_3.row_reg._070__311/ZN
 core.bgc_3.row_reg._071_/ZN
 core.bgc_3.row_reg._072_/ZN
 core.bgc_3.row_reg._072__312/ZN
 core.bgc_3.row_reg._073_/ZN
 core.bgc_3.row_reg._074_/ZN
 core.bgc_3.row_reg._074__313/ZN
 core.bgc_3.row_reg._075_/ZN
 core.bgc_3.row_reg._076_/ZN
 core.bgc_3.row_reg._076__314/ZN
 core.bgc_3.row_reg._077_/ZN
 core.bgc_3.row_reg._078_/ZN
 core.bgc_3.row_reg._078__315/ZN
 core.bgc_3.row_reg._079_/ZN
 core.bgc_3.row_reg._080_/Z
 core.bgc_3.row_reg._081_/ZN
 core.bgc_3.row_reg._082_/ZN
 core.bgc_3.row_reg._083_/ZN
 core.bgc_3.row_reg._084_/ZN
 core.bgc_3.row_reg._085_/ZN
 core.bgc_3.row_reg._086_/ZN
 core.bgc_3.row_reg._087_/ZN
 core.bgc_3.row_reg._088_/ZN
 core.bgc_3.row_reg._089_/ZN
 core.bgc_3.row_reg._090_/ZN
 core.bgc_3.row_reg._091_/ZN
 core.bgc_3.row_reg._092_/ZN
 core.bgc_3.row_reg._093_/ZN
 core.bgc_3.row_reg._094_/ZN
 core.bgc_3.row_reg._095_/ZN
 core.bgc_3.row_reg._096_/ZN
 core.bgc_3.row_reg._097_/ZN
 core.bgc_3.row_reg._098_/ZN
 core.bgc_3.row_reg._099_/ZN
 core.bgc_3.row_reg._100_/ZN
 core.bgc_3.row_reg._101_/ZN
 core.bgc_3.row_reg._102_/ZN
 core.bgc_3.row_reg._103_/ZN
 core.bgc_3.row_reg._104_/ZN
 core.bgc_3.row_reg._105_/ZN
 core.bgc_3.row_reg._106_/ZN
 core.bgc_3.row_reg._107_/ZN
 core.bgc_3.row_reg._108_/ZN
 core.bgc_3.row_reg._109_/ZN
 core.bgc_3.row_reg._110_/ZN
 core.bgc_3.row_reg._111_/ZN
 core.bgc_3.row_reg._112_/ZN
 core.bgc_3.row_reg._113_/ZN
 core.bgc_3.row_reg._114_/ZN
 core.bgc_3.row_reg._115_/ZN
 core.bgc_3.row_reg._116_/ZN
 core.bgc_3.row_reg._117_/Q
 core.bgc_3.row_reg._118_/Q
 core.bgc_3.row_reg._119_/Q
 core.bgc_3.row_reg._120_/Q
 core.bgc_3.row_reg._121_/Q
 core.bgc_3.row_reg._122_/Q
 core.bgc_3.row_reg._123_/Q
 core.bgc_3.row_reg._124_/Q
 core.bgc_3.row_reg._125_/Q
 core.bgc_3.row_reg._126_/Q
 core.bgc_3.row_reg._127_/Q
 core.bgc_3.row_reg._128_/Q
 core.bgc_4._05_/ZN
 core.bgc_4._06_/ZN
 core.bgc_4._07_/ZN
 core.bgc_4._07__316/ZN
 core.bgc_4._08_/ZN
 core.bgc_4._09_/Z
 core.bgc_4._10_/ZN
 core.bgc_4._11_/Z
 core.bgc_4._11__317/ZN
 core.bgc_4._12_/Z
 core.bgc_4._13_/Z
 core.bgc_4._14_/Z
 core.bgc_4._15_/Z
 core.bgc_4._16_/Z
 core.bgc_4._17_/Z
 core.bgc_4._18_/Z
 core.bgc_4._19_/Z
 core.bgc_4._20_/Z
 core.bgc_4._21_/Z
 core.bgc_4._22_/Z
 core.bgc_4._23_/Z
 core.bgc_4._24_/ZN
 core.bgc_4._25_/ZN
 core.bgc_4.col_reg._053_/ZN
 core.bgc_4.col_reg._054_/ZN
 core.bgc_4.col_reg._055_/ZN
 core.bgc_4.col_reg._056_/ZN
 core.bgc_4.col_reg._057_/ZN
 core.bgc_4.col_reg._058_/ZN
 core.bgc_4.col_reg._059_/ZN
 core.bgc_4.col_reg._060_/ZN
 core.bgc_4.col_reg._061_/ZN
 core.bgc_4.col_reg._062_/ZN
 core.bgc_4.col_reg._063_/ZN
 core.bgc_4.col_reg._064_/ZN
 core.bgc_4.col_reg._065_/ZN
 core.bgc_4.col_reg._066_/ZN
 core.bgc_4.col_reg._067_/ZN
 core.bgc_4.col_reg._068_/ZN
 core.bgc_4.col_reg._069_/ZN
 core.bgc_4.col_reg._070_/ZN
 core.bgc_4.col_reg._071_/ZN
 core.bgc_4.col_reg._072_/ZN
 core.bgc_4.col_reg._073_/ZN
 core.bgc_4.col_reg._074_/ZN
 core.bgc_4.col_reg._075_/ZN
 core.bgc_4.col_reg._076_/ZN
 core.bgc_4.col_reg._077_/ZN
 core.bgc_4.col_reg._078_/ZN
 core.bgc_4.col_reg._079_/ZN
 core.bgc_4.col_reg._080_/Z
 core.bgc_4.col_reg._081_/ZN
 core.bgc_4.col_reg._082_/ZN
 core.bgc_4.col_reg._083_/ZN
 core.bgc_4.col_reg._084_/ZN
 core.bgc_4.col_reg._085_/ZN
 core.bgc_4.col_reg._086_/ZN
 core.bgc_4.col_reg._087_/ZN
 core.bgc_4.col_reg._088_/ZN
 core.bgc_4.col_reg._089_/ZN
 core.bgc_4.col_reg._090_/ZN
 core.bgc_4.col_reg._091_/ZN
 core.bgc_4.col_reg._092_/ZN
 core.bgc_4.col_reg._093_/ZN
 core.bgc_4.col_reg._094_/ZN
 core.bgc_4.col_reg._095_/ZN
 core.bgc_4.col_reg._096_/ZN
 core.bgc_4.col_reg._097_/ZN
 core.bgc_4.col_reg._098_/ZN
 core.bgc_4.col_reg._099_/ZN
 core.bgc_4.col_reg._100_/ZN
 core.bgc_4.col_reg._101_/ZN
 core.bgc_4.col_reg._102_/ZN
 core.bgc_4.col_reg._103_/ZN
 core.bgc_4.col_reg._104_/ZN
 core.bgc_4.col_reg._105_/ZN
 core.bgc_4.col_reg._106_/ZN
 core.bgc_4.col_reg._107_/ZN
 core.bgc_4.col_reg._108_/ZN
 core.bgc_4.col_reg._109_/ZN
 core.bgc_4.col_reg._110_/ZN
 core.bgc_4.col_reg._111_/ZN
 core.bgc_4.col_reg._112_/ZN
 core.bgc_4.col_reg._113_/ZN
 core.bgc_4.col_reg._114_/ZN
 core.bgc_4.col_reg._115_/ZN
 core.bgc_4.col_reg._116_/ZN
 core.bgc_4.col_reg._117_/Q
 core.bgc_4.col_reg._118_/Q
 core.bgc_4.col_reg._119_/Q
 core.bgc_4.col_reg._120_/Q
 core.bgc_4.col_reg._121_/Q
 core.bgc_4.col_reg._122_/Q
 core.bgc_4.col_reg._123_/Q
 core.bgc_4.col_reg._124_/Q
 core.bgc_4.col_reg._125_/Q
 core.bgc_4.col_reg._126_/Q
 core.bgc_4.col_reg._127_/Q
 core.bgc_4.col_reg._128_/Q
 core.bgc_4.comp_col._20_/ZN
 core.bgc_4.comp_col._21_/ZN
 core.bgc_4.comp_col._22_/ZN
 core.bgc_4.comp_col._23_/ZN
 core.bgc_4.comp_col._24_/ZN
 core.bgc_4.comp_col._25_/ZN
 core.bgc_4.comp_col._26_/ZN
 core.bgc_4.comp_col._27_/ZN
 core.bgc_4.comp_col._28_/ZN
 core.bgc_4.comp_col._29_/ZN
 core.bgc_4.comp_col._30_/ZN
 core.bgc_4.comp_col._31_/ZN
 core.bgc_4.comp_col._32_/ZN
 core.bgc_4.comp_col._33_/ZN
 core.bgc_4.comp_col._34_/ZN
 core.bgc_4.comp_col._35_/ZN
 core.bgc_4.comp_col._36_/ZN
 core.bgc_4.comp_col._37_/ZN
 core.bgc_4.comp_col._38_/ZN
 core.bgc_4.comp_col._39_/ZN
 core.bgc_4.comp_col._40_/ZN
 core.bgc_4.comp_col._41_/ZN
 core.bgc_4.comp_col._42_/ZN
 core.bgc_4.comp_col._43_/ZN
 core.bgc_4.comp_col._44_/ZN
 core.bgc_4.comp_col._45_/ZN
 core.bgc_4.comp_col._46_/ZN
 core.bgc_4.comp_col._47_/ZN
 core.bgc_4.comp_col._48_/Z
 core.bgc_4.comp_col._49_/Z
 core.bgc_4.comp_col._50_/Z
 core.bgc_4.comp_col._51_/Z
 core.bgc_4.comp_col._52_/Z
 core.bgc_4.comp_col._53_/Z
 core.bgc_4.comp_col._54_/Z
 core.bgc_4.comp_col._55_/Z
 core.bgc_4.comp_col._56_/Z
 core.bgc_4.comp_col._57_/Z
 core.bgc_4.comp_col._58_/Z
 core.bgc_4.comp_col._59_/Z
 core.bgc_4.comp_col._60_/ZN
 core.bgc_4.comp_col._61_/ZN
 core.bgc_4.comp_col._62_/ZN
 core.bgc_4.comp_col._63_/ZN
 core.bgc_4.comp_col._64_/ZN
 core.bgc_4.comp_col.pe1._18_/ZN
 core.bgc_4.comp_col.pe1._19_/ZN
 core.bgc_4.comp_col.pe1._20_/ZN
 core.bgc_4.comp_col.pe1._21_/ZN
 core.bgc_4.comp_col.pe1._22_/ZN
 core.bgc_4.comp_col.pe1._23_/ZN
 core.bgc_4.comp_col.pe1._24_/ZN
 core.bgc_4.comp_col.pe1._25_/ZN
 core.bgc_4.comp_col.pe1._26_/ZN
 core.bgc_4.comp_col.pe1._27_/ZN
 core.bgc_4.comp_col.pe1._28_/ZN
 core.bgc_4.comp_col.pe1._29_/ZN
 core.bgc_4.comp_col.pe1._30_/ZN
 core.bgc_4.comp_col.pe1._31_/ZN
 core.bgc_4.comp_col.pe1._32_/ZN
 core.bgc_4.comp_col.pe1._33_/ZN
 core.bgc_4.comp_col.pe1._34_/ZN
 core.bgc_4.comp_col.pe1._35_/ZN
 core.bgc_4.comp_col.pe1._36_/ZN
 core.bgc_4.comp_col.pe1._37_/ZN
 core.bgc_4.comp_col.pe1._38_/ZN
 core.bgc_4.comp_col.pe1._39_/ZN
 core.bgc_4.comp_col.pe2._18_/ZN
 core.bgc_4.comp_col.pe2._19_/ZN
 core.bgc_4.comp_col.pe2._20_/ZN
 core.bgc_4.comp_col.pe2._21_/ZN
 core.bgc_4.comp_col.pe2._22_/ZN
 core.bgc_4.comp_col.pe2._23_/ZN
 core.bgc_4.comp_col.pe2._24_/ZN
 core.bgc_4.comp_col.pe2._25_/ZN
 core.bgc_4.comp_col.pe2._26_/ZN
 core.bgc_4.comp_col.pe2._27_/ZN
 core.bgc_4.comp_col.pe2._28_/ZN
 core.bgc_4.comp_col.pe2._29_/ZN
 core.bgc_4.comp_col.pe2._30_/ZN
 core.bgc_4.comp_col.pe2._31_/ZN
 core.bgc_4.comp_col.pe2._32_/ZN
 core.bgc_4.comp_col.pe2._33_/ZN
 core.bgc_4.comp_col.pe2._34_/ZN
 core.bgc_4.comp_col.pe2._35_/ZN
 core.bgc_4.comp_col.pe2._36_/ZN
 core.bgc_4.comp_col.pe2._37_/ZN
 core.bgc_4.comp_col.pe2._38_/ZN
 core.bgc_4.comp_col.pe2._39_/ZN
 core.bgc_4.comp_row._20_/ZN
 core.bgc_4.comp_row._21_/ZN
 core.bgc_4.comp_row._22_/ZN
 core.bgc_4.comp_row._23_/ZN
 core.bgc_4.comp_row._24_/ZN
 core.bgc_4.comp_row._25_/ZN
 core.bgc_4.comp_row._26_/ZN
 core.bgc_4.comp_row._27_/ZN
 core.bgc_4.comp_row._28_/ZN
 core.bgc_4.comp_row._29_/ZN
 core.bgc_4.comp_row._30_/ZN
 core.bgc_4.comp_row._31_/ZN
 core.bgc_4.comp_row._32_/ZN
 core.bgc_4.comp_row._33_/ZN
 core.bgc_4.comp_row._34_/ZN
 core.bgc_4.comp_row._35_/ZN
 core.bgc_4.comp_row._36_/ZN
 core.bgc_4.comp_row._37_/ZN
 core.bgc_4.comp_row._38_/ZN
 core.bgc_4.comp_row._39_/ZN
 core.bgc_4.comp_row._40_/ZN
 core.bgc_4.comp_row._41_/ZN
 core.bgc_4.comp_row._42_/ZN
 core.bgc_4.comp_row._43_/ZN
 core.bgc_4.comp_row._44_/ZN
 core.bgc_4.comp_row._45_/ZN
 core.bgc_4.comp_row._46_/ZN
 core.bgc_4.comp_row._47_/ZN
 core.bgc_4.comp_row._48_/Z
 core.bgc_4.comp_row._49_/Z
 core.bgc_4.comp_row._50_/Z
 core.bgc_4.comp_row._51_/Z
 core.bgc_4.comp_row._52_/Z
 core.bgc_4.comp_row._53_/Z
 core.bgc_4.comp_row._54_/Z
 core.bgc_4.comp_row._55_/Z
 core.bgc_4.comp_row._56_/Z
 core.bgc_4.comp_row._57_/Z
 core.bgc_4.comp_row._58_/Z
 core.bgc_4.comp_row._59_/Z
 core.bgc_4.comp_row._60_/ZN
 core.bgc_4.comp_row._61_/ZN
 core.bgc_4.comp_row._62_/ZN
 core.bgc_4.comp_row._63_/ZN
 core.bgc_4.comp_row._64_/ZN
 core.bgc_4.comp_row.pe1._18_/ZN
 core.bgc_4.comp_row.pe1._19_/ZN
 core.bgc_4.comp_row.pe1._20_/ZN
 core.bgc_4.comp_row.pe1._21_/ZN
 core.bgc_4.comp_row.pe1._22_/ZN
 core.bgc_4.comp_row.pe1._23_/ZN
 core.bgc_4.comp_row.pe1._24_/ZN
 core.bgc_4.comp_row.pe1._25_/ZN
 core.bgc_4.comp_row.pe1._26_/ZN
 core.bgc_4.comp_row.pe1._27_/ZN
 core.bgc_4.comp_row.pe1._28_/ZN
 core.bgc_4.comp_row.pe1._29_/ZN
 core.bgc_4.comp_row.pe1._30_/ZN
 core.bgc_4.comp_row.pe1._31_/ZN
 core.bgc_4.comp_row.pe1._32_/ZN
 core.bgc_4.comp_row.pe1._33_/ZN
 core.bgc_4.comp_row.pe1._34_/ZN
 core.bgc_4.comp_row.pe1._35_/ZN
 core.bgc_4.comp_row.pe1._36_/ZN
 core.bgc_4.comp_row.pe1._37_/ZN
 core.bgc_4.comp_row.pe1._38_/ZN
 core.bgc_4.comp_row.pe1._39_/ZN
 core.bgc_4.comp_row.pe2._18_/ZN
 core.bgc_4.comp_row.pe2._19_/ZN
 core.bgc_4.comp_row.pe2._20_/ZN
 core.bgc_4.comp_row.pe2._21_/ZN
 core.bgc_4.comp_row.pe2._22_/ZN
 core.bgc_4.comp_row.pe2._23_/ZN
 core.bgc_4.comp_row.pe2._24_/ZN
 core.bgc_4.comp_row.pe2._25_/ZN
 core.bgc_4.comp_row.pe2._26_/ZN
 core.bgc_4.comp_row.pe2._27_/ZN
 core.bgc_4.comp_row.pe2._28_/ZN
 core.bgc_4.comp_row.pe2._29_/ZN
 core.bgc_4.comp_row.pe2._30_/ZN
 core.bgc_4.comp_row.pe2._31_/ZN
 core.bgc_4.comp_row.pe2._32_/ZN
 core.bgc_4.comp_row.pe2._33_/ZN
 core.bgc_4.comp_row.pe2._34_/ZN
 core.bgc_4.comp_row.pe2._35_/ZN
 core.bgc_4.comp_row.pe2._36_/ZN
 core.bgc_4.comp_row.pe2._37_/ZN
 core.bgc_4.comp_row.pe2._38_/ZN
 core.bgc_4.comp_row.pe2._39_/ZN
 core.bgc_4.final_counter._29_/ZN
 core.bgc_4.final_counter._30_/ZN
 core.bgc_4.final_counter._31_/ZN
 core.bgc_4.final_counter._32_/ZN
 core.bgc_4.final_counter._33_/ZN
 core.bgc_4.final_counter._34_/ZN
 core.bgc_4.final_counter._35_/ZN
 core.bgc_4.final_counter._36_/ZN
 core.bgc_4.final_counter._37_/ZN
 core.bgc_4.final_counter._38_/ZN
 core.bgc_4.final_counter._39_/Z
 core.bgc_4.final_counter._40_/ZN
 core.bgc_4.final_counter._41_/ZN
 core.bgc_4.final_counter._42_/ZN
 core.bgc_4.final_counter._43_/Z
 core.bgc_4.final_counter._44_/ZN
 core.bgc_4.final_counter._45_/ZN
 core.bgc_4.final_counter._46_/Z
 core.bgc_4.final_counter._47_/ZN
 core.bgc_4.final_counter._48_/ZN
 core.bgc_4.final_counter._49_/Z
 core.bgc_4.final_counter._50_/ZN
 core.bgc_4.final_counter._51_/ZN
 core.bgc_4.final_counter._52_/ZN
 core.bgc_4.final_counter._53_/ZN
 core.bgc_4.final_counter._54_/Z
 core.bgc_4.final_counter._55_/ZN
 core.bgc_4.final_counter._56_/ZN
 core.bgc_4.final_counter._57_/Z
 core.bgc_4.final_counter._58_/ZN
 core.bgc_4.final_counter._59_/ZN
 core.bgc_4.final_counter._60_/ZN
 core.bgc_4.final_counter._61_/ZN
 core.bgc_4.final_counter._62_/ZN
 core.bgc_4.final_counter._63_/ZN
 core.bgc_4.final_counter._64_/ZN
 core.bgc_4.final_counter._65_/ZN
 core.bgc_4.final_counter._66_/ZN
 core.bgc_4.final_counter._67_/Z
 core.bgc_4.final_counter._68_/ZN
 core.bgc_4.final_counter._69_/Q
 core.bgc_4.final_counter._70_/Q
 core.bgc_4.final_counter._71_/Q
 core.bgc_4.final_counter._72_/Q
 core.bgc_4.final_counter._73_/Q
 core.bgc_4.final_counter._74_/Q
 core.bgc_4.final_counter._75_/Q
 core.bgc_4.final_counter._76_/Q
 core.bgc_4.final_counter._77_/Q
 core.bgc_4.final_counter._78_/Q
 core.bgc_4.final_counter._79_/Q
 core.bgc_4.final_counter._80_/Q
 core.bgc_4.lfsr_col._27_/ZN
 core.bgc_4.lfsr_col._28_/ZN
 core.bgc_4.lfsr_col._28__318/ZN
 core.bgc_4.lfsr_col._29_/Z
 core.bgc_4.lfsr_col._29__319/ZN
 core.bgc_4.lfsr_col._30_/Z
 core.bgc_4.lfsr_col._30__320/ZN
 core.bgc_4.lfsr_col._31_/Z
 core.bgc_4.lfsr_col._31__1085/Z
 core.bgc_4.lfsr_col._32_/Z
 core.bgc_4.lfsr_col._32__1086/Z
 core.bgc_4.lfsr_col._33_/Z
 core.bgc_4.lfsr_col._33__1087/Z
 core.bgc_4.lfsr_col._34_/Z
 core.bgc_4.lfsr_col._34__322/ZN
 core.bgc_4.lfsr_col._35_/Z
 core.bgc_4.lfsr_col._35__1088/Z
 core.bgc_4.lfsr_col._36_/Z
 core.bgc_4.lfsr_col._36__1089/Z
 core.bgc_4.lfsr_col._37_/Z
 core.bgc_4.lfsr_col._37__1090/Z
 core.bgc_4.lfsr_col._38_/Z
 core.bgc_4.lfsr_col._38__323/ZN
 core.bgc_4.lfsr_col._39_/Z
 core.bgc_4.lfsr_col._39__1091/Z
 core.bgc_4.lfsr_col._40_/Z
 core.bgc_4.lfsr_col._40__324/ZN
 core.bgc_4.lfsr_col._41_/Z
 core.bgc_4.lfsr_col._42_/Z
 core.bgc_4.lfsr_col._43_/Z
 core.bgc_4.lfsr_col._44_/Z
 core.bgc_4.lfsr_col._44__326/ZN
 core.bgc_4.lfsr_col._45_/Z
 core.bgc_4.lfsr_col._45__1092/Z
 core.bgc_4.lfsr_col._46_/Z
 core.bgc_4.lfsr_col._46__327/ZN
 core.bgc_4.lfsr_col._47_/Z
 core.bgc_4.lfsr_col._47__1093/Z
 core.bgc_4.lfsr_col._48_/Z
 core.bgc_4.lfsr_col._48__1094/Z
 core.bgc_4.lfsr_col._49_/Z
 core.bgc_4.lfsr_col._49__1095/Z
 core.bgc_4.lfsr_col._50_/Z
 core.bgc_4.lfsr_col._50__328/ZN
 core.bgc_4.lfsr_col._51_/Z
 core.bgc_4.lfsr_col._51__1096/Z
 core.bgc_4.lfsr_col._52_/Z
 core.bgc_4.lfsr_col._52__1097/Z
 core.bgc_4.lfsr_col._53_/Z
 core.bgc_4.lfsr_col._53__1098/Z
 core.bgc_4.lfsr_col._54_/Z
 core.bgc_4.lfsr_col._54__329/ZN
 core.bgc_4.lfsr_col._55_/Z
 core.bgc_4.lfsr_col._55__330/ZN
 core.bgc_4.lfsr_col._56_/Z
 core.bgc_4.lfsr_col._57_/Z
 core.bgc_4.lfsr_col._58_/Z
 core.bgc_4.lfsr_col._59_/Z
 core.bgc_4.lfsr_col._60_/Z
 core.bgc_4.lfsr_col._61_/Z
 core.bgc_4.lfsr_col._62_/Z
 core.bgc_4.lfsr_col._63_/Z
 core.bgc_4.lfsr_col._64_/Z
 core.bgc_4.lfsr_col._65_/Z
 core.bgc_4.lfsr_col._66_/ZN
 core.bgc_4.lfsr_col._66__331/ZN
 core.bgc_4.lfsr_col._67_/ZN
 core.bgc_4.lfsr_col._67__1100/Z
 core.bgc_4.lfsr_col._68_/ZN
 core.bgc_4.lfsr_col._68__332/ZN
 core.bgc_4.lfsr_col._69_/ZN
 core.bgc_4.lfsr_col._69__1101/Z
 core.bgc_4.lfsr_col._70_/ZN
 core.bgc_4.lfsr_col._70__1102/Z
 core.bgc_4.lfsr_col._71_/ZN
 core.bgc_4.lfsr_col._71__1103/Z
 core.bgc_4.lfsr_col._72_/ZN
 core.bgc_4.lfsr_col._72__333/ZN
 core.bgc_4.lfsr_col._73_/ZN
 core.bgc_4.lfsr_col._73__1104/Z
 core.bgc_4.lfsr_col._74_/ZN
 core.bgc_4.lfsr_col._74__1106/Z
 core.bgc_4.lfsr_col._75_/ZN
 core.bgc_4.lfsr_col._75__1107/Z
 core.bgc_4.lfsr_col._76_/ZN
 core.bgc_4.lfsr_col._76__334/ZN
 core.bgc_4.lfsr_col._77_/Q
 core.bgc_4.lfsr_col._78_/Q
 core.bgc_4.lfsr_col._79_/Q
 core.bgc_4.lfsr_col._80_/Q
 core.bgc_4.lfsr_col._81_/Q
 core.bgc_4.lfsr_col._82_/Q
 core.bgc_4.lfsr_col._83_/Q
 core.bgc_4.lfsr_col._84_/Q
 core.bgc_4.lfsr_col._85_/Q
 core.bgc_4.lfsr_col._86_/Q
 core.bgc_4.lfsr_col._87_/Q
 core.bgc_4.lfsr_col._88_/Q
 core.bgc_4.lfsr_row._27_/ZN
 core.bgc_4.lfsr_row._28_/ZN
 core.bgc_4.lfsr_row._28__1108/Z
 core.bgc_4.lfsr_row._29_/Z
 core.bgc_4.lfsr_row._29__1109/Z
 core.bgc_4.lfsr_row._30_/Z
 core.bgc_4.lfsr_row._30__1110/Z
 core.bgc_4.lfsr_row._31_/Z
 core.bgc_4.lfsr_row._31__335/ZN
 core.bgc_4.lfsr_row._32_/Z
 core.bgc_4.lfsr_row._32__336/ZN
 core.bgc_4.lfsr_row._33_/Z
 core.bgc_4.lfsr_row._33__1111/Z
 core.bgc_4.lfsr_row._34_/Z
 core.bgc_4.lfsr_row._34__1112/Z
 core.bgc_4.lfsr_row._35_/Z
 core.bgc_4.lfsr_row._35__338/ZN
 core.bgc_4.lfsr_row._36_/Z
 core.bgc_4.lfsr_row._36__1113/Z
 core.bgc_4.lfsr_row._37_/Z
 core.bgc_4.lfsr_row._37__1114/Z
 core.bgc_4.lfsr_row._38_/Z
 core.bgc_4.lfsr_row._38__1115/Z
 core.bgc_4.lfsr_row._39_/Z
 core.bgc_4.lfsr_row._39__339/ZN
 core.bgc_4.lfsr_row._40_/Z
 core.bgc_4.lfsr_row._40__340/ZN
 core.bgc_4.lfsr_row._41_/Z
 core.bgc_4.lfsr_row._42_/Z
 core.bgc_4.lfsr_row._43_/Z
 core.bgc_4.lfsr_row._44_/Z
 core.bgc_4.lfsr_row._44__341/ZN
 core.bgc_4.lfsr_row._45_/Z
 core.bgc_4.lfsr_row._45__342/ZN
 core.bgc_4.lfsr_row._46_/Z
 core.bgc_4.lfsr_row._46__1116/Z
 core.bgc_4.lfsr_row._47_/Z
 core.bgc_4.lfsr_row._47__1117/Z
 core.bgc_4.lfsr_row._48_/Z
 core.bgc_4.lfsr_row._48__1119/Z
 core.bgc_4.lfsr_row._49_/Z
 core.bgc_4.lfsr_row._49__343/ZN
 core.bgc_4.lfsr_row._50_/Z
 core.bgc_4.lfsr_row._50__1120/Z
 core.bgc_4.lfsr_row._51_/Z
 core.bgc_4.lfsr_row._51__1121/Z
 core.bgc_4.lfsr_row._52_/Z
 core.bgc_4.lfsr_row._52__344/ZN
 core.bgc_4.lfsr_row._53_/Z
 core.bgc_4.lfsr_row._53__345/ZN
 core.bgc_4.lfsr_row._54_/Z
 core.bgc_4.lfsr_row._54__1122/Z
 core.bgc_4.lfsr_row._55_/Z
 core.bgc_4.lfsr_row._55__1123/Z
 core.bgc_4.lfsr_row._56_/Z
 core.bgc_4.lfsr_row._57_/Z
 core.bgc_4.lfsr_row._58_/Z
 core.bgc_4.lfsr_row._59_/Z
 core.bgc_4.lfsr_row._60_/Z
 core.bgc_4.lfsr_row._61_/Z
 core.bgc_4.lfsr_row._62_/Z
 core.bgc_4.lfsr_row._63_/Z
 core.bgc_4.lfsr_row._64_/Z
 core.bgc_4.lfsr_row._65_/Z
 core.bgc_4.lfsr_row._66_/ZN
 core.bgc_4.lfsr_row._66__346/ZN
 core.bgc_4.lfsr_row._67_/ZN
 core.bgc_4.lfsr_row._67__347/ZN
 core.bgc_4.lfsr_row._68_/ZN
 core.bgc_4.lfsr_row._68__1124/Z
 core.bgc_4.lfsr_row._69_/ZN
 core.bgc_4.lfsr_row._69__1125/Z
 core.bgc_4.lfsr_row._70_/ZN
 core.bgc_4.lfsr_row._70__1126/Z
 core.bgc_4.lfsr_row._71_/ZN
 core.bgc_4.lfsr_row._71__349/ZN
 core.bgc_4.lfsr_row._72_/ZN
 core.bgc_4.lfsr_row._72__1127/Z
 core.bgc_4.lfsr_row._73_/ZN
 core.bgc_4.lfsr_row._73__1128/Z
 core.bgc_4.lfsr_row._74_/ZN
 core.bgc_4.lfsr_row._74__350/ZN
 core.bgc_4.lfsr_row._75_/ZN
 core.bgc_4.lfsr_row._75__351/ZN
 core.bgc_4.lfsr_row._76_/ZN
 core.bgc_4.lfsr_row._76__1129/Z
 core.bgc_4.lfsr_row._77_/Q
 core.bgc_4.lfsr_row._78_/Q
 core.bgc_4.lfsr_row._79_/Q
 core.bgc_4.lfsr_row._80_/Q
 core.bgc_4.lfsr_row._81_/Q
 core.bgc_4.lfsr_row._82_/Q
 core.bgc_4.lfsr_row._83_/Q
 core.bgc_4.lfsr_row._84_/Q
 core.bgc_4.lfsr_row._85_/Q
 core.bgc_4.lfsr_row._86_/Q
 core.bgc_4.lfsr_row._87_/Q
 core.bgc_4.lfsr_row._88_/Q
 core.bgc_4.row_reg._053_/ZN
 core.bgc_4.row_reg._054_/ZN
 core.bgc_4.row_reg._055_/ZN
 core.bgc_4.row_reg._056_/ZN
 core.bgc_4.row_reg._056__352/ZN
 core.bgc_4.row_reg._057_/ZN
 core.bgc_4.row_reg._058_/ZN
 core.bgc_4.row_reg._058__354/ZN
 core.bgc_4.row_reg._059_/ZN
 core.bgc_4.row_reg._060_/ZN
 core.bgc_4.row_reg._060__355/ZN
 core.bgc_4.row_reg._061_/ZN
 core.bgc_4.row_reg._062_/ZN
 core.bgc_4.row_reg._062__356/ZN
 core.bgc_4.row_reg._063_/ZN
 core.bgc_4.row_reg._064_/ZN
 core.bgc_4.row_reg._064__357/ZN
 core.bgc_4.row_reg._065_/ZN
 core.bgc_4.row_reg._066_/ZN
 core.bgc_4.row_reg._066__358/ZN
 core.bgc_4.row_reg._067_/ZN
 core.bgc_4.row_reg._068_/ZN
 core.bgc_4.row_reg._068__359/ZN
 core.bgc_4.row_reg._069_/ZN
 core.bgc_4.row_reg._070_/ZN
 core.bgc_4.row_reg._070__360/ZN
 core.bgc_4.row_reg._071_/ZN
 core.bgc_4.row_reg._072_/ZN
 core.bgc_4.row_reg._072__361/ZN
 core.bgc_4.row_reg._073_/ZN
 core.bgc_4.row_reg._074_/ZN
 core.bgc_4.row_reg._074__362/ZN
 core.bgc_4.row_reg._075_/ZN
 core.bgc_4.row_reg._076_/ZN
 core.bgc_4.row_reg._076__363/ZN
 core.bgc_4.row_reg._077_/ZN
 core.bgc_4.row_reg._078_/ZN
 core.bgc_4.row_reg._078__364/ZN
 core.bgc_4.row_reg._079_/ZN
 core.bgc_4.row_reg._080_/Z
 core.bgc_4.row_reg._081_/ZN
 core.bgc_4.row_reg._082_/ZN
 core.bgc_4.row_reg._083_/ZN
 core.bgc_4.row_reg._084_/ZN
 core.bgc_4.row_reg._085_/ZN
 core.bgc_4.row_reg._086_/ZN
 core.bgc_4.row_reg._087_/ZN
 core.bgc_4.row_reg._088_/ZN
 core.bgc_4.row_reg._089_/ZN
 core.bgc_4.row_reg._090_/ZN
 core.bgc_4.row_reg._091_/ZN
 core.bgc_4.row_reg._092_/ZN
 core.bgc_4.row_reg._093_/ZN
 core.bgc_4.row_reg._094_/ZN
 core.bgc_4.row_reg._095_/ZN
 core.bgc_4.row_reg._096_/ZN
 core.bgc_4.row_reg._097_/ZN
 core.bgc_4.row_reg._098_/ZN
 core.bgc_4.row_reg._099_/ZN
 core.bgc_4.row_reg._100_/ZN
 core.bgc_4.row_reg._101_/ZN
 core.bgc_4.row_reg._102_/ZN
 core.bgc_4.row_reg._103_/ZN
 core.bgc_4.row_reg._104_/ZN
 core.bgc_4.row_reg._105_/ZN
 core.bgc_4.row_reg._106_/ZN
 core.bgc_4.row_reg._107_/ZN
 core.bgc_4.row_reg._108_/ZN
 core.bgc_4.row_reg._109_/ZN
 core.bgc_4.row_reg._110_/ZN
 core.bgc_4.row_reg._111_/ZN
 core.bgc_4.row_reg._112_/ZN
 core.bgc_4.row_reg._113_/ZN
 core.bgc_4.row_reg._114_/ZN
 core.bgc_4.row_reg._115_/ZN
 core.bgc_4.row_reg._116_/ZN
 core.bgc_4.row_reg._117_/Q
 core.bgc_4.row_reg._118_/Q
 core.bgc_4.row_reg._119_/Q
 core.bgc_4.row_reg._120_/Q
 core.bgc_4.row_reg._121_/Q
 core.bgc_4.row_reg._122_/Q
 core.bgc_4.row_reg._123_/Q
 core.bgc_4.row_reg._124_/Q
 core.bgc_4.row_reg._125_/Q
 core.bgc_4.row_reg._126_/Q
 core.bgc_4.row_reg._127_/Q
 core.bgc_4.row_reg._128_/Q
 core.bgc_5._05_/ZN
 core.bgc_5._06_/ZN
 core.bgc_5._07_/ZN
 core.bgc_5._07__365/ZN
 core.bgc_5._08_/ZN
 core.bgc_5._09_/Z
 core.bgc_5._10_/ZN
 core.bgc_5._11_/Z
 core.bgc_5._11__366/ZN
 core.bgc_5._12_/Z
 core.bgc_5._13_/Z
 core.bgc_5._14_/Z
 core.bgc_5._15_/Z
 core.bgc_5._16_/Z
 core.bgc_5._17_/Z
 core.bgc_5._18_/Z
 core.bgc_5._19_/Z
 core.bgc_5._20_/Z
 core.bgc_5._21_/Z
 core.bgc_5._22_/Z
 core.bgc_5._23_/Z
 core.bgc_5._24_/ZN
 core.bgc_5._25_/ZN
 core.bgc_5.col_reg._053_/ZN
 core.bgc_5.col_reg._054_/ZN
 core.bgc_5.col_reg._055_/ZN
 core.bgc_5.col_reg._056_/ZN
 core.bgc_5.col_reg._057_/ZN
 core.bgc_5.col_reg._058_/ZN
 core.bgc_5.col_reg._059_/ZN
 core.bgc_5.col_reg._060_/ZN
 core.bgc_5.col_reg._061_/ZN
 core.bgc_5.col_reg._062_/ZN
 core.bgc_5.col_reg._063_/ZN
 core.bgc_5.col_reg._064_/ZN
 core.bgc_5.col_reg._065_/ZN
 core.bgc_5.col_reg._066_/ZN
 core.bgc_5.col_reg._067_/ZN
 core.bgc_5.col_reg._068_/ZN
 core.bgc_5.col_reg._069_/ZN
 core.bgc_5.col_reg._070_/ZN
 core.bgc_5.col_reg._071_/ZN
 core.bgc_5.col_reg._072_/ZN
 core.bgc_5.col_reg._073_/ZN
 core.bgc_5.col_reg._074_/ZN
 core.bgc_5.col_reg._075_/ZN
 core.bgc_5.col_reg._076_/ZN
 core.bgc_5.col_reg._077_/ZN
 core.bgc_5.col_reg._078_/ZN
 core.bgc_5.col_reg._079_/ZN
 core.bgc_5.col_reg._080_/Z
 core.bgc_5.col_reg._081_/ZN
 core.bgc_5.col_reg._082_/ZN
 core.bgc_5.col_reg._083_/ZN
 core.bgc_5.col_reg._084_/ZN
 core.bgc_5.col_reg._085_/ZN
 core.bgc_5.col_reg._086_/ZN
 core.bgc_5.col_reg._087_/ZN
 core.bgc_5.col_reg._088_/ZN
 core.bgc_5.col_reg._089_/ZN
 core.bgc_5.col_reg._090_/ZN
 core.bgc_5.col_reg._091_/ZN
 core.bgc_5.col_reg._092_/ZN
 core.bgc_5.col_reg._093_/ZN
 core.bgc_5.col_reg._094_/ZN
 core.bgc_5.col_reg._095_/ZN
 core.bgc_5.col_reg._096_/ZN
 core.bgc_5.col_reg._097_/ZN
 core.bgc_5.col_reg._098_/ZN
 core.bgc_5.col_reg._099_/ZN
 core.bgc_5.col_reg._100_/ZN
 core.bgc_5.col_reg._101_/ZN
 core.bgc_5.col_reg._102_/ZN
 core.bgc_5.col_reg._103_/ZN
 core.bgc_5.col_reg._104_/ZN
 core.bgc_5.col_reg._105_/ZN
 core.bgc_5.col_reg._106_/ZN
 core.bgc_5.col_reg._107_/ZN
 core.bgc_5.col_reg._108_/ZN
 core.bgc_5.col_reg._109_/ZN
 core.bgc_5.col_reg._110_/ZN
 core.bgc_5.col_reg._111_/ZN
 core.bgc_5.col_reg._112_/ZN
 core.bgc_5.col_reg._113_/ZN
 core.bgc_5.col_reg._114_/ZN
 core.bgc_5.col_reg._115_/ZN
 core.bgc_5.col_reg._116_/ZN
 core.bgc_5.col_reg._117_/Q
 core.bgc_5.col_reg._118_/Q
 core.bgc_5.col_reg._119_/Q
 core.bgc_5.col_reg._120_/Q
 core.bgc_5.col_reg._121_/Q
 core.bgc_5.col_reg._122_/Q
 core.bgc_5.col_reg._123_/Q
 core.bgc_5.col_reg._124_/Q
 core.bgc_5.col_reg._125_/Q
 core.bgc_5.col_reg._126_/Q
 core.bgc_5.col_reg._127_/Q
 core.bgc_5.col_reg._128_/Q
 core.bgc_5.comp_col._20_/ZN
 core.bgc_5.comp_col._21_/ZN
 core.bgc_5.comp_col._22_/ZN
 core.bgc_5.comp_col._23_/ZN
 core.bgc_5.comp_col._24_/ZN
 core.bgc_5.comp_col._25_/ZN
 core.bgc_5.comp_col._26_/ZN
 core.bgc_5.comp_col._27_/ZN
 core.bgc_5.comp_col._28_/ZN
 core.bgc_5.comp_col._29_/ZN
 core.bgc_5.comp_col._30_/ZN
 core.bgc_5.comp_col._31_/ZN
 core.bgc_5.comp_col._32_/ZN
 core.bgc_5.comp_col._33_/ZN
 core.bgc_5.comp_col._34_/ZN
 core.bgc_5.comp_col._35_/ZN
 core.bgc_5.comp_col._36_/ZN
 core.bgc_5.comp_col._37_/ZN
 core.bgc_5.comp_col._38_/ZN
 core.bgc_5.comp_col._39_/ZN
 core.bgc_5.comp_col._40_/ZN
 core.bgc_5.comp_col._41_/ZN
 core.bgc_5.comp_col._42_/ZN
 core.bgc_5.comp_col._43_/ZN
 core.bgc_5.comp_col._44_/ZN
 core.bgc_5.comp_col._45_/ZN
 core.bgc_5.comp_col._46_/ZN
 core.bgc_5.comp_col._47_/ZN
 core.bgc_5.comp_col._48_/Z
 core.bgc_5.comp_col._49_/Z
 core.bgc_5.comp_col._50_/Z
 core.bgc_5.comp_col._51_/Z
 core.bgc_5.comp_col._52_/Z
 core.bgc_5.comp_col._53_/Z
 core.bgc_5.comp_col._54_/Z
 core.bgc_5.comp_col._55_/Z
 core.bgc_5.comp_col._56_/Z
 core.bgc_5.comp_col._57_/Z
 core.bgc_5.comp_col._58_/Z
 core.bgc_5.comp_col._59_/Z
 core.bgc_5.comp_col._60_/ZN
 core.bgc_5.comp_col._61_/ZN
 core.bgc_5.comp_col._62_/ZN
 core.bgc_5.comp_col._63_/ZN
 core.bgc_5.comp_col._64_/ZN
 core.bgc_5.comp_col.pe1._18_/ZN
 core.bgc_5.comp_col.pe1._19_/ZN
 core.bgc_5.comp_col.pe1._20_/ZN
 core.bgc_5.comp_col.pe1._21_/ZN
 core.bgc_5.comp_col.pe1._22_/ZN
 core.bgc_5.comp_col.pe1._23_/ZN
 core.bgc_5.comp_col.pe1._24_/ZN
 core.bgc_5.comp_col.pe1._25_/ZN
 core.bgc_5.comp_col.pe1._26_/ZN
 core.bgc_5.comp_col.pe1._27_/ZN
 core.bgc_5.comp_col.pe1._28_/ZN
 core.bgc_5.comp_col.pe1._29_/ZN
 core.bgc_5.comp_col.pe1._30_/ZN
 core.bgc_5.comp_col.pe1._31_/ZN
 core.bgc_5.comp_col.pe1._32_/ZN
 core.bgc_5.comp_col.pe1._33_/ZN
 core.bgc_5.comp_col.pe1._34_/ZN
 core.bgc_5.comp_col.pe1._35_/ZN
 core.bgc_5.comp_col.pe1._36_/ZN
 core.bgc_5.comp_col.pe1._37_/ZN
 core.bgc_5.comp_col.pe1._38_/ZN
 core.bgc_5.comp_col.pe1._39_/ZN
 core.bgc_5.comp_col.pe2._18_/ZN
 core.bgc_5.comp_col.pe2._19_/ZN
 core.bgc_5.comp_col.pe2._20_/ZN
 core.bgc_5.comp_col.pe2._21_/ZN
 core.bgc_5.comp_col.pe2._22_/ZN
 core.bgc_5.comp_col.pe2._23_/ZN
 core.bgc_5.comp_col.pe2._24_/ZN
 core.bgc_5.comp_col.pe2._25_/ZN
 core.bgc_5.comp_col.pe2._26_/ZN
 core.bgc_5.comp_col.pe2._27_/ZN
 core.bgc_5.comp_col.pe2._28_/ZN
 core.bgc_5.comp_col.pe2._29_/ZN
 core.bgc_5.comp_col.pe2._30_/ZN
 core.bgc_5.comp_col.pe2._31_/ZN
 core.bgc_5.comp_col.pe2._32_/ZN
 core.bgc_5.comp_col.pe2._33_/ZN
 core.bgc_5.comp_col.pe2._34_/ZN
 core.bgc_5.comp_col.pe2._35_/ZN
 core.bgc_5.comp_col.pe2._36_/ZN
 core.bgc_5.comp_col.pe2._37_/ZN
 core.bgc_5.comp_col.pe2._38_/ZN
 core.bgc_5.comp_col.pe2._39_/ZN
 core.bgc_5.comp_row._20_/ZN
 core.bgc_5.comp_row._21_/ZN
 core.bgc_5.comp_row._22_/ZN
 core.bgc_5.comp_row._23_/ZN
 core.bgc_5.comp_row._24_/ZN
 core.bgc_5.comp_row._25_/ZN
 core.bgc_5.comp_row._26_/ZN
 core.bgc_5.comp_row._27_/ZN
 core.bgc_5.comp_row._28_/ZN
 core.bgc_5.comp_row._29_/ZN
 core.bgc_5.comp_row._30_/ZN
 core.bgc_5.comp_row._31_/ZN
 core.bgc_5.comp_row._32_/ZN
 core.bgc_5.comp_row._33_/ZN
 core.bgc_5.comp_row._34_/ZN
 core.bgc_5.comp_row._35_/ZN
 core.bgc_5.comp_row._36_/ZN
 core.bgc_5.comp_row._37_/ZN
 core.bgc_5.comp_row._38_/ZN
 core.bgc_5.comp_row._39_/ZN
 core.bgc_5.comp_row._40_/ZN
 core.bgc_5.comp_row._41_/ZN
 core.bgc_5.comp_row._42_/ZN
 core.bgc_5.comp_row._43_/ZN
 core.bgc_5.comp_row._44_/ZN
 core.bgc_5.comp_row._45_/ZN
 core.bgc_5.comp_row._46_/ZN
 core.bgc_5.comp_row._47_/ZN
 core.bgc_5.comp_row._48_/Z
 core.bgc_5.comp_row._49_/Z
 core.bgc_5.comp_row._50_/Z
 core.bgc_5.comp_row._51_/Z
 core.bgc_5.comp_row._52_/Z
 core.bgc_5.comp_row._53_/Z
 core.bgc_5.comp_row._54_/Z
 core.bgc_5.comp_row._55_/Z
 core.bgc_5.comp_row._56_/Z
 core.bgc_5.comp_row._57_/Z
 core.bgc_5.comp_row._58_/Z
 core.bgc_5.comp_row._59_/Z
 core.bgc_5.comp_row._60_/ZN
 core.bgc_5.comp_row._61_/ZN
 core.bgc_5.comp_row._62_/ZN
 core.bgc_5.comp_row._63_/ZN
 core.bgc_5.comp_row._64_/ZN
 core.bgc_5.comp_row.pe1._18_/ZN
 core.bgc_5.comp_row.pe1._19_/ZN
 core.bgc_5.comp_row.pe1._20_/ZN
 core.bgc_5.comp_row.pe1._21_/ZN
 core.bgc_5.comp_row.pe1._22_/ZN
 core.bgc_5.comp_row.pe1._23_/ZN
 core.bgc_5.comp_row.pe1._24_/ZN
 core.bgc_5.comp_row.pe1._25_/ZN
 core.bgc_5.comp_row.pe1._26_/ZN
 core.bgc_5.comp_row.pe1._27_/ZN
 core.bgc_5.comp_row.pe1._28_/ZN
 core.bgc_5.comp_row.pe1._29_/ZN
 core.bgc_5.comp_row.pe1._30_/ZN
 core.bgc_5.comp_row.pe1._31_/ZN
 core.bgc_5.comp_row.pe1._32_/ZN
 core.bgc_5.comp_row.pe1._33_/ZN
 core.bgc_5.comp_row.pe1._34_/ZN
 core.bgc_5.comp_row.pe1._35_/ZN
 core.bgc_5.comp_row.pe1._36_/ZN
 core.bgc_5.comp_row.pe1._37_/ZN
 core.bgc_5.comp_row.pe1._38_/ZN
 core.bgc_5.comp_row.pe1._39_/ZN
 core.bgc_5.comp_row.pe2._18_/ZN
 core.bgc_5.comp_row.pe2._19_/ZN
 core.bgc_5.comp_row.pe2._20_/ZN
 core.bgc_5.comp_row.pe2._21_/ZN
 core.bgc_5.comp_row.pe2._22_/ZN
 core.bgc_5.comp_row.pe2._23_/ZN
 core.bgc_5.comp_row.pe2._24_/ZN
 core.bgc_5.comp_row.pe2._25_/ZN
 core.bgc_5.comp_row.pe2._26_/ZN
 core.bgc_5.comp_row.pe2._27_/ZN
 core.bgc_5.comp_row.pe2._28_/ZN
 core.bgc_5.comp_row.pe2._29_/ZN
 core.bgc_5.comp_row.pe2._30_/ZN
 core.bgc_5.comp_row.pe2._31_/ZN
 core.bgc_5.comp_row.pe2._32_/ZN
 core.bgc_5.comp_row.pe2._33_/ZN
 core.bgc_5.comp_row.pe2._34_/ZN
 core.bgc_5.comp_row.pe2._35_/ZN
 core.bgc_5.comp_row.pe2._36_/ZN
 core.bgc_5.comp_row.pe2._37_/ZN
 core.bgc_5.comp_row.pe2._38_/ZN
 core.bgc_5.comp_row.pe2._39_/ZN
 core.bgc_5.final_counter._29_/ZN
 core.bgc_5.final_counter._30_/ZN
 core.bgc_5.final_counter._31_/ZN
 core.bgc_5.final_counter._32_/ZN
 core.bgc_5.final_counter._33_/ZN
 core.bgc_5.final_counter._34_/ZN
 core.bgc_5.final_counter._35_/ZN
 core.bgc_5.final_counter._36_/ZN
 core.bgc_5.final_counter._37_/ZN
 core.bgc_5.final_counter._38_/ZN
 core.bgc_5.final_counter._39_/Z
 core.bgc_5.final_counter._40_/ZN
 core.bgc_5.final_counter._41_/ZN
 core.bgc_5.final_counter._42_/ZN
 core.bgc_5.final_counter._43_/Z
 core.bgc_5.final_counter._44_/ZN
 core.bgc_5.final_counter._45_/ZN
 core.bgc_5.final_counter._46_/Z
 core.bgc_5.final_counter._47_/ZN
 core.bgc_5.final_counter._48_/ZN
 core.bgc_5.final_counter._49_/Z
 core.bgc_5.final_counter._50_/ZN
 core.bgc_5.final_counter._51_/ZN
 core.bgc_5.final_counter._52_/ZN
 core.bgc_5.final_counter._53_/ZN
 core.bgc_5.final_counter._54_/Z
 core.bgc_5.final_counter._55_/ZN
 core.bgc_5.final_counter._56_/ZN
 core.bgc_5.final_counter._57_/Z
 core.bgc_5.final_counter._58_/ZN
 core.bgc_5.final_counter._59_/ZN
 core.bgc_5.final_counter._60_/ZN
 core.bgc_5.final_counter._61_/ZN
 core.bgc_5.final_counter._62_/ZN
 core.bgc_5.final_counter._63_/ZN
 core.bgc_5.final_counter._64_/ZN
 core.bgc_5.final_counter._65_/ZN
 core.bgc_5.final_counter._66_/ZN
 core.bgc_5.final_counter._67_/Z
 core.bgc_5.final_counter._68_/ZN
 core.bgc_5.final_counter._69_/Q
 core.bgc_5.final_counter._70_/Q
 core.bgc_5.final_counter._71_/Q
 core.bgc_5.final_counter._72_/Q
 core.bgc_5.final_counter._73_/Q
 core.bgc_5.final_counter._74_/Q
 core.bgc_5.final_counter._75_/Q
 core.bgc_5.final_counter._76_/Q
 core.bgc_5.final_counter._77_/Q
 core.bgc_5.final_counter._78_/Q
 core.bgc_5.final_counter._79_/Q
 core.bgc_5.final_counter._80_/Q
 core.bgc_5.lfsr_col._27_/ZN
 core.bgc_5.lfsr_col._28_/ZN
 core.bgc_5.lfsr_col._28__1131/Z
 core.bgc_5.lfsr_col._29_/Z
 core.bgc_5.lfsr_col._29__1132/Z
 core.bgc_5.lfsr_col._30_/Z
 core.bgc_5.lfsr_col._30__367/ZN
 core.bgc_5.lfsr_col._31_/Z
 core.bgc_5.lfsr_col._31__1133/Z
 core.bgc_5.lfsr_col._32_/Z
 core.bgc_5.lfsr_col._32__368/ZN
 core.bgc_5.lfsr_col._33_/Z
 core.bgc_5.lfsr_col._33__1134/Z
 core.bgc_5.lfsr_col._34_/Z
 core.bgc_5.lfsr_col._34__1135/Z
 core.bgc_5.lfsr_col._35_/Z
 core.bgc_5.lfsr_col._35__1136/Z
 core.bgc_5.lfsr_col._36_/Z
 core.bgc_5.lfsr_col._36__370/ZN
 core.bgc_5.lfsr_col._37_/Z
 core.bgc_5.lfsr_col._37__1137/Z
 core.bgc_5.lfsr_col._38_/Z
 core.bgc_5.lfsr_col._38__371/ZN
 core.bgc_5.lfsr_col._39_/Z
 core.bgc_5.lfsr_col._39__372/ZN
 core.bgc_5.lfsr_col._40_/Z
 core.bgc_5.lfsr_col._40__373/ZN
 core.bgc_5.lfsr_col._41_/Z
 core.bgc_5.lfsr_col._42_/Z
 core.bgc_5.lfsr_col._43_/Z
 core.bgc_5.lfsr_col._44_/Z
 core.bgc_5.lfsr_col._44__374/ZN
 core.bgc_5.lfsr_col._45_/Z
 core.bgc_5.lfsr_col._45__375/ZN
 core.bgc_5.lfsr_col._46_/Z
 core.bgc_5.lfsr_col._46__376/ZN
 core.bgc_5.lfsr_col._47_/Z
 core.bgc_5.lfsr_col._47__1138/Z
 core.bgc_5.lfsr_col._48_/Z
 core.bgc_5.lfsr_col._48__377/ZN
 core.bgc_5.lfsr_col._49_/Z
 core.bgc_5.lfsr_col._49__1140/Z
 core.bgc_5.lfsr_col._50_/Z
 core.bgc_5.lfsr_col._50__1141/Z
 core.bgc_5.lfsr_col._51_/Z
 core.bgc_5.lfsr_col._51__1142/Z
 core.bgc_5.lfsr_col._52_/Z
 core.bgc_5.lfsr_col._52__378/ZN
 core.bgc_5.lfsr_col._53_/Z
 core.bgc_5.lfsr_col._53__1143/Z
 core.bgc_5.lfsr_col._54_/Z
 core.bgc_5.lfsr_col._54__379/ZN
 core.bgc_5.lfsr_col._55_/Z
 core.bgc_5.lfsr_col._55__1144/Z
 core.bgc_5.lfsr_col._56_/Z
 core.bgc_5.lfsr_col._57_/Z
 core.bgc_5.lfsr_col._58_/Z
 core.bgc_5.lfsr_col._59_/Z
 core.bgc_5.lfsr_col._60_/Z
 core.bgc_5.lfsr_col._61_/Z
 core.bgc_5.lfsr_col._62_/Z
 core.bgc_5.lfsr_col._63_/Z
 core.bgc_5.lfsr_col._64_/Z
 core.bgc_5.lfsr_col._65_/Z
 core.bgc_5.lfsr_col._66_/ZN
 core.bgc_5.lfsr_col._66__380/ZN
 core.bgc_5.lfsr_col._67_/ZN
 core.bgc_5.lfsr_col._67__381/ZN
 core.bgc_5.lfsr_col._68_/ZN
 core.bgc_5.lfsr_col._68__383/ZN
 core.bgc_5.lfsr_col._69_/ZN
 core.bgc_5.lfsr_col._69__1145/Z
 core.bgc_5.lfsr_col._70_/ZN
 core.bgc_5.lfsr_col._70__384/ZN
 core.bgc_5.lfsr_col._71_/ZN
 core.bgc_5.lfsr_col._71__1146/Z
 core.bgc_5.lfsr_col._72_/ZN
 core.bgc_5.lfsr_col._72__1147/Z
 core.bgc_5.lfsr_col._73_/ZN
 core.bgc_5.lfsr_col._73__1148/Z
 core.bgc_5.lfsr_col._74_/ZN
 core.bgc_5.lfsr_col._74__385/ZN
 core.bgc_5.lfsr_col._75_/ZN
 core.bgc_5.lfsr_col._75__1149/Z
 core.bgc_5.lfsr_col._76_/ZN
 core.bgc_5.lfsr_col._76__386/ZN
 core.bgc_5.lfsr_col._77_/Q
 core.bgc_5.lfsr_col._78_/Q
 core.bgc_5.lfsr_col._79_/Q
 core.bgc_5.lfsr_col._80_/Q
 core.bgc_5.lfsr_col._81_/Q
 core.bgc_5.lfsr_col._82_/Q
 core.bgc_5.lfsr_col._83_/Q
 core.bgc_5.lfsr_col._84_/Q
 core.bgc_5.lfsr_col._85_/Q
 core.bgc_5.lfsr_col._86_/Q
 core.bgc_5.lfsr_col._87_/Q
 core.bgc_5.lfsr_col._88_/Q
 core.bgc_5.lfsr_row._27_/ZN
 core.bgc_5.lfsr_row._28_/ZN
 core.bgc_5.lfsr_row._28__1150/Z
 core.bgc_5.lfsr_row._29_/Z
 core.bgc_5.lfsr_row._29__1152/Z
 core.bgc_5.lfsr_row._30_/Z
 core.bgc_5.lfsr_row._30__387/ZN
 core.bgc_5.lfsr_row._31_/Z
 core.bgc_5.lfsr_row._31__388/ZN
 core.bgc_5.lfsr_row._32_/Z
 core.bgc_5.lfsr_row._32__389/ZN
 core.bgc_5.lfsr_row._33_/Z
 core.bgc_5.lfsr_row._33__1153/Z
 core.bgc_5.lfsr_row._34_/Z
 core.bgc_5.lfsr_row._34__1154/Z
 core.bgc_5.lfsr_row._35_/Z
 core.bgc_5.lfsr_row._35__1155/Z
 core.bgc_5.lfsr_row._36_/Z
 core.bgc_5.lfsr_row._36__1156/Z
 core.bgc_5.lfsr_row._37_/Z
 core.bgc_5.lfsr_row._37__1157/Z
 core.bgc_5.lfsr_row._38_/Z
 core.bgc_5.lfsr_row._38__390/ZN
 core.bgc_5.lfsr_row._39_/Z
 core.bgc_5.lfsr_row._39__392/ZN
 core.bgc_5.lfsr_row._40_/Z
 core.bgc_5.lfsr_row._40__393/ZN
 core.bgc_5.lfsr_row._41_/Z
 core.bgc_5.lfsr_row._42_/Z
 core.bgc_5.lfsr_row._43_/Z
 core.bgc_5.lfsr_row._44_/Z
 core.bgc_5.lfsr_row._44__394/ZN
 core.bgc_5.lfsr_row._45_/Z
 core.bgc_5.lfsr_row._45__395/ZN
 core.bgc_5.lfsr_row._46_/Z
 core.bgc_5.lfsr_row._46__396/ZN
 core.bgc_5.lfsr_row._47_/Z
 core.bgc_5.lfsr_row._47__1158/Z
 core.bgc_5.lfsr_row._48_/Z
 core.bgc_5.lfsr_row._48__1159/Z
 core.bgc_5.lfsr_row._49_/Z
 core.bgc_5.lfsr_row._49__1160/Z
 core.bgc_5.lfsr_row._50_/Z
 core.bgc_5.lfsr_row._50__1161/Z
 core.bgc_5.lfsr_row._51_/Z
 core.bgc_5.lfsr_row._51__1162/Z
 core.bgc_5.lfsr_row._52_/Z
 core.bgc_5.lfsr_row._52__397/ZN
 core.bgc_5.lfsr_row._53_/Z
 core.bgc_5.lfsr_row._53__398/ZN
 core.bgc_5.lfsr_row._54_/Z
 core.bgc_5.lfsr_row._54__399/ZN
 core.bgc_5.lfsr_row._55_/Z
 core.bgc_5.lfsr_row._55__1164/Z
 core.bgc_5.lfsr_row._56_/Z
 core.bgc_5.lfsr_row._57_/Z
 core.bgc_5.lfsr_row._58_/Z
 core.bgc_5.lfsr_row._59_/Z
 core.bgc_5.lfsr_row._60_/Z
 core.bgc_5.lfsr_row._61_/Z
 core.bgc_5.lfsr_row._62_/Z
 core.bgc_5.lfsr_row._63_/Z
 core.bgc_5.lfsr_row._64_/Z
 core.bgc_5.lfsr_row._65_/Z
 core.bgc_5.lfsr_row._66_/ZN
 core.bgc_5.lfsr_row._66__400/ZN
 core.bgc_5.lfsr_row._67_/ZN
 core.bgc_5.lfsr_row._67__401/ZN
 core.bgc_5.lfsr_row._68_/ZN
 core.bgc_5.lfsr_row._68__402/ZN
 core.bgc_5.lfsr_row._69_/ZN
 core.bgc_5.lfsr_row._69__1165/Z
 core.bgc_5.lfsr_row._70_/ZN
 core.bgc_5.lfsr_row._70__1166/Z
 core.bgc_5.lfsr_row._71_/ZN
 core.bgc_5.lfsr_row._71__1167/Z
 core.bgc_5.lfsr_row._72_/ZN
 core.bgc_5.lfsr_row._72__1169/Z
 core.bgc_5.lfsr_row._73_/ZN
 core.bgc_5.lfsr_row._73__1170/Z
 core.bgc_5.lfsr_row._74_/ZN
 core.bgc_5.lfsr_row._74__403/ZN
 core.bgc_5.lfsr_row._75_/ZN
 core.bgc_5.lfsr_row._75__404/ZN
 core.bgc_5.lfsr_row._76_/ZN
 core.bgc_5.lfsr_row._76__405/ZN
 core.bgc_5.lfsr_row._77_/Q
 core.bgc_5.lfsr_row._78_/Q
 core.bgc_5.lfsr_row._79_/Q
 core.bgc_5.lfsr_row._80_/Q
 core.bgc_5.lfsr_row._81_/Q
 core.bgc_5.lfsr_row._82_/Q
 core.bgc_5.lfsr_row._83_/Q
 core.bgc_5.lfsr_row._84_/Q
 core.bgc_5.lfsr_row._85_/Q
 core.bgc_5.lfsr_row._86_/Q
 core.bgc_5.lfsr_row._87_/Q
 core.bgc_5.lfsr_row._88_/Q
 core.bgc_5.row_reg._053_/ZN
 core.bgc_5.row_reg._054_/ZN
 core.bgc_5.row_reg._055_/ZN
 core.bgc_5.row_reg._056_/ZN
 core.bgc_5.row_reg._056__406/ZN
 core.bgc_5.row_reg._057_/ZN
 core.bgc_5.row_reg._058_/ZN
 core.bgc_5.row_reg._058__407/ZN
 core.bgc_5.row_reg._059_/ZN
 core.bgc_5.row_reg._060_/ZN
 core.bgc_5.row_reg._060__408/ZN
 core.bgc_5.row_reg._061_/ZN
 core.bgc_5.row_reg._062_/ZN
 core.bgc_5.row_reg._062__409/ZN
 core.bgc_5.row_reg._063_/ZN
 core.bgc_5.row_reg._064_/ZN
 core.bgc_5.row_reg._064__410/ZN
 core.bgc_5.row_reg._065_/ZN
 core.bgc_5.row_reg._066_/ZN
 core.bgc_5.row_reg._066__412/ZN
 core.bgc_5.row_reg._067_/ZN
 core.bgc_5.row_reg._068_/ZN
 core.bgc_5.row_reg._068__413/ZN
 core.bgc_5.row_reg._069_/ZN
 core.bgc_5.row_reg._070_/ZN
 core.bgc_5.row_reg._070__414/ZN
 core.bgc_5.row_reg._071_/ZN
 core.bgc_5.row_reg._072_/ZN
 core.bgc_5.row_reg._072__415/ZN
 core.bgc_5.row_reg._073_/ZN
 core.bgc_5.row_reg._074_/ZN
 core.bgc_5.row_reg._074__416/ZN
 core.bgc_5.row_reg._075_/ZN
 core.bgc_5.row_reg._076_/ZN
 core.bgc_5.row_reg._076__417/ZN
 core.bgc_5.row_reg._077_/ZN
 core.bgc_5.row_reg._078_/ZN
 core.bgc_5.row_reg._078__418/ZN
 core.bgc_5.row_reg._079_/ZN
 core.bgc_5.row_reg._080_/Z
 core.bgc_5.row_reg._081_/ZN
 core.bgc_5.row_reg._082_/ZN
 core.bgc_5.row_reg._083_/ZN
 core.bgc_5.row_reg._084_/ZN
 core.bgc_5.row_reg._085_/ZN
 core.bgc_5.row_reg._086_/ZN
 core.bgc_5.row_reg._087_/ZN
 core.bgc_5.row_reg._088_/ZN
 core.bgc_5.row_reg._089_/ZN
 core.bgc_5.row_reg._090_/ZN
 core.bgc_5.row_reg._091_/ZN
 core.bgc_5.row_reg._092_/ZN
 core.bgc_5.row_reg._093_/ZN
 core.bgc_5.row_reg._094_/ZN
 core.bgc_5.row_reg._095_/ZN
 core.bgc_5.row_reg._096_/ZN
 core.bgc_5.row_reg._097_/ZN
 core.bgc_5.row_reg._098_/ZN
 core.bgc_5.row_reg._099_/ZN
 core.bgc_5.row_reg._100_/ZN
 core.bgc_5.row_reg._101_/ZN
 core.bgc_5.row_reg._102_/ZN
 core.bgc_5.row_reg._103_/ZN
 core.bgc_5.row_reg._104_/ZN
 core.bgc_5.row_reg._105_/ZN
 core.bgc_5.row_reg._106_/ZN
 core.bgc_5.row_reg._107_/ZN
 core.bgc_5.row_reg._108_/ZN
 core.bgc_5.row_reg._109_/ZN
 core.bgc_5.row_reg._110_/ZN
 core.bgc_5.row_reg._111_/ZN
 core.bgc_5.row_reg._112_/ZN
 core.bgc_5.row_reg._113_/ZN
 core.bgc_5.row_reg._114_/ZN
 core.bgc_5.row_reg._115_/ZN
 core.bgc_5.row_reg._116_/ZN
 core.bgc_5.row_reg._117_/Q
 core.bgc_5.row_reg._118_/Q
 core.bgc_5.row_reg._119_/Q
 core.bgc_5.row_reg._120_/Q
 core.bgc_5.row_reg._121_/Q
 core.bgc_5.row_reg._122_/Q
 core.bgc_5.row_reg._123_/Q
 core.bgc_5.row_reg._124_/Q
 core.bgc_5.row_reg._125_/Q
 core.bgc_5.row_reg._126_/Q
 core.bgc_5.row_reg._127_/Q
 core.bgc_5.row_reg._128_/Q
 core.bgc_6._05_/ZN
 core.bgc_6._06_/ZN
 core.bgc_6._07_/ZN
 core.bgc_6._07__419/ZN
 core.bgc_6._08_/ZN
 core.bgc_6._09_/Z
 core.bgc_6._10_/ZN
 core.bgc_6._11_/Z
 core.bgc_6._11__420/ZN
 core.bgc_6._12_/Z
 core.bgc_6._13_/Z
 core.bgc_6._14_/Z
 core.bgc_6._15_/Z
 core.bgc_6._16_/Z
 core.bgc_6._17_/Z
 core.bgc_6._18_/Z
 core.bgc_6._19_/Z
 core.bgc_6._20_/Z
 core.bgc_6._21_/Z
 core.bgc_6._22_/Z
 core.bgc_6._23_/Z
 core.bgc_6._24_/ZN
 core.bgc_6._25_/ZN
 core.bgc_6.col_reg._053_/ZN
 core.bgc_6.col_reg._054_/ZN
 core.bgc_6.col_reg._055_/ZN
 core.bgc_6.col_reg._056_/ZN
 core.bgc_6.col_reg._057_/ZN
 core.bgc_6.col_reg._058_/ZN
 core.bgc_6.col_reg._059_/ZN
 core.bgc_6.col_reg._060_/ZN
 core.bgc_6.col_reg._061_/ZN
 core.bgc_6.col_reg._062_/ZN
 core.bgc_6.col_reg._063_/ZN
 core.bgc_6.col_reg._064_/ZN
 core.bgc_6.col_reg._065_/ZN
 core.bgc_6.col_reg._066_/ZN
 core.bgc_6.col_reg._067_/ZN
 core.bgc_6.col_reg._068_/ZN
 core.bgc_6.col_reg._069_/ZN
 core.bgc_6.col_reg._070_/ZN
 core.bgc_6.col_reg._071_/ZN
 core.bgc_6.col_reg._072_/ZN
 core.bgc_6.col_reg._073_/ZN
 core.bgc_6.col_reg._074_/ZN
 core.bgc_6.col_reg._075_/ZN
 core.bgc_6.col_reg._076_/ZN
 core.bgc_6.col_reg._077_/ZN
 core.bgc_6.col_reg._078_/ZN
 core.bgc_6.col_reg._079_/ZN
 core.bgc_6.col_reg._080_/Z
 core.bgc_6.col_reg._081_/ZN
 core.bgc_6.col_reg._082_/ZN
 core.bgc_6.col_reg._083_/ZN
 core.bgc_6.col_reg._084_/ZN
 core.bgc_6.col_reg._085_/ZN
 core.bgc_6.col_reg._086_/ZN
 core.bgc_6.col_reg._087_/ZN
 core.bgc_6.col_reg._088_/ZN
 core.bgc_6.col_reg._089_/ZN
 core.bgc_6.col_reg._090_/ZN
 core.bgc_6.col_reg._091_/ZN
 core.bgc_6.col_reg._092_/ZN
 core.bgc_6.col_reg._093_/ZN
 core.bgc_6.col_reg._094_/ZN
 core.bgc_6.col_reg._095_/ZN
 core.bgc_6.col_reg._096_/ZN
 core.bgc_6.col_reg._097_/ZN
 core.bgc_6.col_reg._098_/ZN
 core.bgc_6.col_reg._099_/ZN
 core.bgc_6.col_reg._100_/ZN
 core.bgc_6.col_reg._101_/ZN
 core.bgc_6.col_reg._102_/ZN
 core.bgc_6.col_reg._103_/ZN
 core.bgc_6.col_reg._104_/ZN
 core.bgc_6.col_reg._105_/ZN
 core.bgc_6.col_reg._106_/ZN
 core.bgc_6.col_reg._107_/ZN
 core.bgc_6.col_reg._108_/ZN
 core.bgc_6.col_reg._109_/ZN
 core.bgc_6.col_reg._110_/ZN
 core.bgc_6.col_reg._111_/ZN
 core.bgc_6.col_reg._112_/ZN
 core.bgc_6.col_reg._113_/ZN
 core.bgc_6.col_reg._114_/ZN
 core.bgc_6.col_reg._115_/ZN
 core.bgc_6.col_reg._116_/ZN
 core.bgc_6.col_reg._117_/Q
 core.bgc_6.col_reg._118_/Q
 core.bgc_6.col_reg._119_/Q
 core.bgc_6.col_reg._120_/Q
 core.bgc_6.col_reg._121_/Q
 core.bgc_6.col_reg._122_/Q
 core.bgc_6.col_reg._123_/Q
 core.bgc_6.col_reg._124_/Q
 core.bgc_6.col_reg._125_/Q
 core.bgc_6.col_reg._126_/Q
 core.bgc_6.col_reg._127_/Q
 core.bgc_6.col_reg._128_/Q
 core.bgc_6.comp_col._20_/ZN
 core.bgc_6.comp_col._21_/ZN
 core.bgc_6.comp_col._22_/ZN
 core.bgc_6.comp_col._23_/ZN
 core.bgc_6.comp_col._24_/ZN
 core.bgc_6.comp_col._25_/ZN
 core.bgc_6.comp_col._26_/ZN
 core.bgc_6.comp_col._27_/ZN
 core.bgc_6.comp_col._28_/ZN
 core.bgc_6.comp_col._29_/ZN
 core.bgc_6.comp_col._30_/ZN
 core.bgc_6.comp_col._31_/ZN
 core.bgc_6.comp_col._32_/ZN
 core.bgc_6.comp_col._33_/ZN
 core.bgc_6.comp_col._34_/ZN
 core.bgc_6.comp_col._35_/ZN
 core.bgc_6.comp_col._36_/ZN
 core.bgc_6.comp_col._37_/ZN
 core.bgc_6.comp_col._38_/ZN
 core.bgc_6.comp_col._39_/ZN
 core.bgc_6.comp_col._40_/ZN
 core.bgc_6.comp_col._41_/ZN
 core.bgc_6.comp_col._42_/ZN
 core.bgc_6.comp_col._43_/ZN
 core.bgc_6.comp_col._44_/ZN
 core.bgc_6.comp_col._45_/ZN
 core.bgc_6.comp_col._46_/ZN
 core.bgc_6.comp_col._47_/ZN
 core.bgc_6.comp_col._48_/Z
 core.bgc_6.comp_col._49_/Z
 core.bgc_6.comp_col._50_/Z
 core.bgc_6.comp_col._51_/Z
 core.bgc_6.comp_col._52_/Z
 core.bgc_6.comp_col._53_/Z
 core.bgc_6.comp_col._54_/Z
 core.bgc_6.comp_col._55_/Z
 core.bgc_6.comp_col._56_/Z
 core.bgc_6.comp_col._57_/Z
 core.bgc_6.comp_col._58_/Z
 core.bgc_6.comp_col._59_/Z
 core.bgc_6.comp_col._60_/ZN
 core.bgc_6.comp_col._61_/ZN
 core.bgc_6.comp_col._62_/ZN
 core.bgc_6.comp_col._63_/ZN
 core.bgc_6.comp_col._64_/ZN
 core.bgc_6.comp_col.pe1._18_/ZN
 core.bgc_6.comp_col.pe1._19_/ZN
 core.bgc_6.comp_col.pe1._20_/ZN
 core.bgc_6.comp_col.pe1._21_/ZN
 core.bgc_6.comp_col.pe1._22_/ZN
 core.bgc_6.comp_col.pe1._23_/ZN
 core.bgc_6.comp_col.pe1._24_/ZN
 core.bgc_6.comp_col.pe1._25_/ZN
 core.bgc_6.comp_col.pe1._26_/ZN
 core.bgc_6.comp_col.pe1._27_/ZN
 core.bgc_6.comp_col.pe1._28_/ZN
 core.bgc_6.comp_col.pe1._29_/ZN
 core.bgc_6.comp_col.pe1._30_/ZN
 core.bgc_6.comp_col.pe1._31_/ZN
 core.bgc_6.comp_col.pe1._32_/ZN
 core.bgc_6.comp_col.pe1._33_/ZN
 core.bgc_6.comp_col.pe1._34_/ZN
 core.bgc_6.comp_col.pe1._35_/ZN
 core.bgc_6.comp_col.pe1._36_/ZN
 core.bgc_6.comp_col.pe1._37_/ZN
 core.bgc_6.comp_col.pe1._38_/ZN
 core.bgc_6.comp_col.pe1._39_/ZN
 core.bgc_6.comp_col.pe2._18_/ZN
 core.bgc_6.comp_col.pe2._19_/ZN
 core.bgc_6.comp_col.pe2._20_/ZN
 core.bgc_6.comp_col.pe2._21_/ZN
 core.bgc_6.comp_col.pe2._22_/ZN
 core.bgc_6.comp_col.pe2._23_/ZN
 core.bgc_6.comp_col.pe2._24_/ZN
 core.bgc_6.comp_col.pe2._25_/ZN
 core.bgc_6.comp_col.pe2._26_/ZN
 core.bgc_6.comp_col.pe2._27_/ZN
 core.bgc_6.comp_col.pe2._28_/ZN
 core.bgc_6.comp_col.pe2._29_/ZN
 core.bgc_6.comp_col.pe2._30_/ZN
 core.bgc_6.comp_col.pe2._31_/ZN
 core.bgc_6.comp_col.pe2._32_/ZN
 core.bgc_6.comp_col.pe2._33_/ZN
 core.bgc_6.comp_col.pe2._34_/ZN
 core.bgc_6.comp_col.pe2._35_/ZN
 core.bgc_6.comp_col.pe2._36_/ZN
 core.bgc_6.comp_col.pe2._37_/ZN
 core.bgc_6.comp_col.pe2._38_/ZN
 core.bgc_6.comp_col.pe2._39_/ZN
 core.bgc_6.comp_row._20_/ZN
 core.bgc_6.comp_row._21_/ZN
 core.bgc_6.comp_row._22_/ZN
 core.bgc_6.comp_row._23_/ZN
 core.bgc_6.comp_row._24_/ZN
 core.bgc_6.comp_row._25_/ZN
 core.bgc_6.comp_row._26_/ZN
 core.bgc_6.comp_row._27_/ZN
 core.bgc_6.comp_row._28_/ZN
 core.bgc_6.comp_row._29_/ZN
 core.bgc_6.comp_row._30_/ZN
 core.bgc_6.comp_row._31_/ZN
 core.bgc_6.comp_row._32_/ZN
 core.bgc_6.comp_row._33_/ZN
 core.bgc_6.comp_row._34_/ZN
 core.bgc_6.comp_row._35_/ZN
 core.bgc_6.comp_row._36_/ZN
 core.bgc_6.comp_row._37_/ZN
 core.bgc_6.comp_row._38_/ZN
 core.bgc_6.comp_row._39_/ZN
 core.bgc_6.comp_row._40_/ZN
 core.bgc_6.comp_row._41_/ZN
 core.bgc_6.comp_row._42_/ZN
 core.bgc_6.comp_row._43_/ZN
 core.bgc_6.comp_row._44_/ZN
 core.bgc_6.comp_row._45_/ZN
 core.bgc_6.comp_row._46_/ZN
 core.bgc_6.comp_row._47_/ZN
 core.bgc_6.comp_row._48_/Z
 core.bgc_6.comp_row._49_/Z
 core.bgc_6.comp_row._50_/Z
 core.bgc_6.comp_row._51_/Z
 core.bgc_6.comp_row._52_/Z
 core.bgc_6.comp_row._53_/Z
 core.bgc_6.comp_row._54_/Z
 core.bgc_6.comp_row._55_/Z
 core.bgc_6.comp_row._56_/Z
 core.bgc_6.comp_row._57_/Z
 core.bgc_6.comp_row._58_/Z
 core.bgc_6.comp_row._59_/Z
 core.bgc_6.comp_row._60_/ZN
 core.bgc_6.comp_row._61_/ZN
 core.bgc_6.comp_row._62_/ZN
 core.bgc_6.comp_row._63_/ZN
 core.bgc_6.comp_row._64_/ZN
 core.bgc_6.comp_row.pe1._18_/ZN
 core.bgc_6.comp_row.pe1._19_/ZN
 core.bgc_6.comp_row.pe1._20_/ZN
 core.bgc_6.comp_row.pe1._21_/ZN
 core.bgc_6.comp_row.pe1._22_/ZN
 core.bgc_6.comp_row.pe1._23_/ZN
 core.bgc_6.comp_row.pe1._24_/ZN
 core.bgc_6.comp_row.pe1._25_/ZN
 core.bgc_6.comp_row.pe1._26_/ZN
 core.bgc_6.comp_row.pe1._27_/ZN
 core.bgc_6.comp_row.pe1._28_/ZN
 core.bgc_6.comp_row.pe1._29_/ZN
 core.bgc_6.comp_row.pe1._30_/ZN
 core.bgc_6.comp_row.pe1._31_/ZN
 core.bgc_6.comp_row.pe1._32_/ZN
 core.bgc_6.comp_row.pe1._33_/ZN
 core.bgc_6.comp_row.pe1._34_/ZN
 core.bgc_6.comp_row.pe1._35_/ZN
 core.bgc_6.comp_row.pe1._36_/ZN
 core.bgc_6.comp_row.pe1._37_/ZN
 core.bgc_6.comp_row.pe1._38_/ZN
 core.bgc_6.comp_row.pe1._39_/ZN
 core.bgc_6.comp_row.pe2._18_/ZN
 core.bgc_6.comp_row.pe2._19_/ZN
 core.bgc_6.comp_row.pe2._20_/ZN
 core.bgc_6.comp_row.pe2._21_/ZN
 core.bgc_6.comp_row.pe2._22_/ZN
 core.bgc_6.comp_row.pe2._23_/ZN
 core.bgc_6.comp_row.pe2._24_/ZN
 core.bgc_6.comp_row.pe2._25_/ZN
 core.bgc_6.comp_row.pe2._26_/ZN
 core.bgc_6.comp_row.pe2._27_/ZN
 core.bgc_6.comp_row.pe2._28_/ZN
 core.bgc_6.comp_row.pe2._29_/ZN
 core.bgc_6.comp_row.pe2._30_/ZN
 core.bgc_6.comp_row.pe2._31_/ZN
 core.bgc_6.comp_row.pe2._32_/ZN
 core.bgc_6.comp_row.pe2._33_/ZN
 core.bgc_6.comp_row.pe2._34_/ZN
 core.bgc_6.comp_row.pe2._35_/ZN
 core.bgc_6.comp_row.pe2._36_/ZN
 core.bgc_6.comp_row.pe2._37_/ZN
 core.bgc_6.comp_row.pe2._38_/ZN
 core.bgc_6.comp_row.pe2._39_/ZN
 core.bgc_6.final_counter._29_/ZN
 core.bgc_6.final_counter._30_/ZN
 core.bgc_6.final_counter._31_/ZN
 core.bgc_6.final_counter._32_/ZN
 core.bgc_6.final_counter._33_/ZN
 core.bgc_6.final_counter._34_/ZN
 core.bgc_6.final_counter._35_/ZN
 core.bgc_6.final_counter._36_/ZN
 core.bgc_6.final_counter._37_/ZN
 core.bgc_6.final_counter._38_/ZN
 core.bgc_6.final_counter._39_/Z
 core.bgc_6.final_counter._40_/ZN
 core.bgc_6.final_counter._41_/ZN
 core.bgc_6.final_counter._42_/ZN
 core.bgc_6.final_counter._43_/Z
 core.bgc_6.final_counter._44_/ZN
 core.bgc_6.final_counter._45_/ZN
 core.bgc_6.final_counter._46_/Z
 core.bgc_6.final_counter._47_/ZN
 core.bgc_6.final_counter._48_/ZN
 core.bgc_6.final_counter._49_/Z
 core.bgc_6.final_counter._50_/ZN
 core.bgc_6.final_counter._51_/ZN
 core.bgc_6.final_counter._52_/ZN
 core.bgc_6.final_counter._53_/ZN
 core.bgc_6.final_counter._54_/Z
 core.bgc_6.final_counter._55_/ZN
 core.bgc_6.final_counter._56_/ZN
 core.bgc_6.final_counter._57_/Z
 core.bgc_6.final_counter._58_/ZN
 core.bgc_6.final_counter._59_/ZN
 core.bgc_6.final_counter._60_/ZN
 core.bgc_6.final_counter._61_/ZN
 core.bgc_6.final_counter._62_/ZN
 core.bgc_6.final_counter._63_/ZN
 core.bgc_6.final_counter._64_/ZN
 core.bgc_6.final_counter._65_/ZN
 core.bgc_6.final_counter._66_/ZN
 core.bgc_6.final_counter._67_/Z
 core.bgc_6.final_counter._68_/ZN
 core.bgc_6.final_counter._69_/Q
 core.bgc_6.final_counter._70_/Q
 core.bgc_6.final_counter._71_/Q
 core.bgc_6.final_counter._72_/Q
 core.bgc_6.final_counter._73_/Q
 core.bgc_6.final_counter._74_/Q
 core.bgc_6.final_counter._75_/Q
 core.bgc_6.final_counter._76_/Q
 core.bgc_6.final_counter._77_/Q
 core.bgc_6.final_counter._78_/Q
 core.bgc_6.final_counter._79_/Q
 core.bgc_6.final_counter._80_/Q
 core.bgc_6.lfsr_col._27_/ZN
 core.bgc_6.lfsr_col._28_/ZN
 core.bgc_6.lfsr_col._28__1171/Z
 core.bgc_6.lfsr_col._29_/Z
 core.bgc_6.lfsr_col._29__1173/Z
 core.bgc_6.lfsr_col._30_/Z
 core.bgc_6.lfsr_col._30__421/ZN
 core.bgc_6.lfsr_col._31_/Z
 core.bgc_6.lfsr_col._31__1174/Z
 core.bgc_6.lfsr_col._32_/Z
 core.bgc_6.lfsr_col._32__422/ZN
 core.bgc_6.lfsr_col._33_/Z
 core.bgc_6.lfsr_col._33__423/ZN
 core.bgc_6.lfsr_col._34_/Z
 core.bgc_6.lfsr_col._34__424/ZN
 core.bgc_6.lfsr_col._35_/Z
 core.bgc_6.lfsr_col._35__425/ZN
 core.bgc_6.lfsr_col._36_/Z
 core.bgc_6.lfsr_col._36__1175/Z
 core.bgc_6.lfsr_col._37_/Z
 core.bgc_6.lfsr_col._37__426/ZN
 core.bgc_6.lfsr_col._38_/Z
 core.bgc_6.lfsr_col._38__427/ZN
 core.bgc_6.lfsr_col._39_/Z
 core.bgc_6.lfsr_col._39__1176/Z
 core.bgc_6.lfsr_col._40_/Z
 core.bgc_6.lfsr_col._40__429/ZN
 core.bgc_6.lfsr_col._41_/Z
 core.bgc_6.lfsr_col._42_/Z
 core.bgc_6.lfsr_col._43_/Z
 core.bgc_6.lfsr_col._44_/Z
 core.bgc_6.lfsr_col._44__430/ZN
 core.bgc_6.lfsr_col._45_/Z
 core.bgc_6.lfsr_col._45__1177/Z
 core.bgc_6.lfsr_col._46_/Z
 core.bgc_6.lfsr_col._46__431/ZN
 core.bgc_6.lfsr_col._47_/Z
 core.bgc_6.lfsr_col._47__432/ZN
 core.bgc_6.lfsr_col._48_/Z
 core.bgc_6.lfsr_col._48__1178/Z
 core.bgc_6.lfsr_col._49_/Z
 core.bgc_6.lfsr_col._49__433/ZN
 core.bgc_6.lfsr_col._50_/Z
 core.bgc_6.lfsr_col._50__434/ZN
 core.bgc_6.lfsr_col._51_/Z
 core.bgc_6.lfsr_col._51__435/ZN
 core.bgc_6.lfsr_col._52_/Z
 core.bgc_6.lfsr_col._52__437/ZN
 core.bgc_6.lfsr_col._53_/Z
 core.bgc_6.lfsr_col._53__1179/Z
 core.bgc_6.lfsr_col._54_/Z
 core.bgc_6.lfsr_col._54__438/ZN
 core.bgc_6.lfsr_col._55_/Z
 core.bgc_6.lfsr_col._55__1180/Z
 core.bgc_6.lfsr_col._56_/Z
 core.bgc_6.lfsr_col._57_/Z
 core.bgc_6.lfsr_col._58_/Z
 core.bgc_6.lfsr_col._59_/Z
 core.bgc_6.lfsr_col._60_/Z
 core.bgc_6.lfsr_col._61_/Z
 core.bgc_6.lfsr_col._62_/Z
 core.bgc_6.lfsr_col._63_/Z
 core.bgc_6.lfsr_col._64_/Z
 core.bgc_6.lfsr_col._65_/Z
 core.bgc_6.lfsr_col._66_/ZN
 core.bgc_6.lfsr_col._66__439/ZN
 core.bgc_6.lfsr_col._67_/ZN
 core.bgc_6.lfsr_col._67__1181/Z
 core.bgc_6.lfsr_col._68_/ZN
 core.bgc_6.lfsr_col._68__440/ZN
 core.bgc_6.lfsr_col._69_/ZN
 core.bgc_6.lfsr_col._69__441/ZN
 core.bgc_6.lfsr_col._70_/ZN
 core.bgc_6.lfsr_col._70__1182/Z
 core.bgc_6.lfsr_col._71_/ZN
 core.bgc_6.lfsr_col._71__442/ZN
 core.bgc_6.lfsr_col._72_/ZN
 core.bgc_6.lfsr_col._72__443/ZN
 core.bgc_6.lfsr_col._73_/ZN
 core.bgc_6.lfsr_col._73__444/ZN
 core.bgc_6.lfsr_col._74_/ZN
 core.bgc_6.lfsr_col._74__445/ZN
 core.bgc_6.lfsr_col._75_/ZN
 core.bgc_6.lfsr_col._75__1184/Z
 core.bgc_6.lfsr_col._76_/ZN
 core.bgc_6.lfsr_col._76__446/ZN
 core.bgc_6.lfsr_col._77_/Q
 core.bgc_6.lfsr_col._78_/Q
 core.bgc_6.lfsr_col._79_/Q
 core.bgc_6.lfsr_col._80_/Q
 core.bgc_6.lfsr_col._81_/Q
 core.bgc_6.lfsr_col._82_/Q
 core.bgc_6.lfsr_col._83_/Q
 core.bgc_6.lfsr_col._84_/Q
 core.bgc_6.lfsr_col._85_/Q
 core.bgc_6.lfsr_col._86_/Q
 core.bgc_6.lfsr_col._87_/Q
 core.bgc_6.lfsr_col._88_/Q
 core.bgc_6.lfsr_row._27_/ZN
 core.bgc_6.lfsr_row._28_/ZN
 core.bgc_6.lfsr_row._28__447/ZN
 core.bgc_6.lfsr_row._29_/Z
 core.bgc_6.lfsr_row._29__448/ZN
 core.bgc_6.lfsr_row._30_/Z
 core.bgc_6.lfsr_row._30__449/ZN
 core.bgc_6.lfsr_row._31_/Z
 core.bgc_6.lfsr_row._31__1185/Z
 core.bgc_6.lfsr_row._32_/Z
 core.bgc_6.lfsr_row._32__1186/Z
 core.bgc_6.lfsr_row._33_/Z
 core.bgc_6.lfsr_row._33__451/ZN
 core.bgc_6.lfsr_row._34_/Z
 core.bgc_6.lfsr_row._34__452/ZN
 core.bgc_6.lfsr_row._35_/Z
 core.bgc_6.lfsr_row._35__453/ZN
 core.bgc_6.lfsr_row._36_/Z
 core.bgc_6.lfsr_row._36__1187/Z
 core.bgc_6.lfsr_row._37_/Z
 core.bgc_6.lfsr_row._37__1188/Z
 core.bgc_6.lfsr_row._38_/Z
 core.bgc_6.lfsr_row._38__1189/Z
 core.bgc_6.lfsr_row._39_/Z
 core.bgc_6.lfsr_row._39__1190/Z
 core.bgc_6.lfsr_row._40_/Z
 core.bgc_6.lfsr_row._40__1191/Z
 core.bgc_6.lfsr_row._41_/Z
 core.bgc_6.lfsr_row._42_/Z
 core.bgc_6.lfsr_row._43_/Z
 core.bgc_6.lfsr_row._44_/Z
 core.bgc_6.lfsr_row._44__1192/Z
 core.bgc_6.lfsr_row._45_/Z
 core.bgc_6.lfsr_row._45__1193/Z
 core.bgc_6.lfsr_row._46_/Z
 core.bgc_6.lfsr_row._46__1195/Z
 core.bgc_6.lfsr_row._47_/Z
 core.bgc_6.lfsr_row._47__1196/Z
 core.bgc_6.lfsr_row._48_/Z
 core.bgc_6.lfsr_row._48__1197/Z
 core.bgc_6.lfsr_row._49_/Z
 core.bgc_6.lfsr_row._49__454/ZN
 core.bgc_6.lfsr_row._50_/Z
 core.bgc_6.lfsr_row._50__455/ZN
 core.bgc_6.lfsr_row._51_/Z
 core.bgc_6.lfsr_row._51__456/ZN
 core.bgc_6.lfsr_row._52_/Z
 core.bgc_6.lfsr_row._52__1198/Z
 core.bgc_6.lfsr_row._53_/Z
 core.bgc_6.lfsr_row._53__1199/Z
 core.bgc_6.lfsr_row._54_/Z
 core.bgc_6.lfsr_row._54__457/ZN
 core.bgc_6.lfsr_row._55_/Z
 core.bgc_6.lfsr_row._55__458/ZN
 core.bgc_6.lfsr_row._56_/Z
 core.bgc_6.lfsr_row._57_/Z
 core.bgc_6.lfsr_row._58_/Z
 core.bgc_6.lfsr_row._59_/Z
 core.bgc_6.lfsr_row._60_/Z
 core.bgc_6.lfsr_row._61_/Z
 core.bgc_6.lfsr_row._62_/Z
 core.bgc_6.lfsr_row._63_/Z
 core.bgc_6.lfsr_row._64_/Z
 core.bgc_6.lfsr_row._65_/Z
 core.bgc_6.lfsr_row._66_/ZN
 core.bgc_6.lfsr_row._66__1200/Z
 core.bgc_6.lfsr_row._67_/ZN
 core.bgc_6.lfsr_row._67__1201/Z
 core.bgc_6.lfsr_row._68_/ZN
 core.bgc_6.lfsr_row._68__1202/Z
 core.bgc_6.lfsr_row._69_/ZN
 core.bgc_6.lfsr_row._69__1203/Z
 core.bgc_6.lfsr_row._70_/ZN
 core.bgc_6.lfsr_row._70__1204/Z
 core.bgc_6.lfsr_row._71_/ZN
 core.bgc_6.lfsr_row._71__460/ZN
 core.bgc_6.lfsr_row._72_/ZN
 core.bgc_6.lfsr_row._72__461/ZN
 core.bgc_6.lfsr_row._73_/ZN
 core.bgc_6.lfsr_row._73__462/ZN
 core.bgc_6.lfsr_row._74_/ZN
 core.bgc_6.lfsr_row._74__1205/Z
 core.bgc_6.lfsr_row._75_/ZN
 core.bgc_6.lfsr_row._75__1206/Z
 core.bgc_6.lfsr_row._76_/ZN
 core.bgc_6.lfsr_row._76__464/ZN
 core.bgc_6.lfsr_row._77_/Q
 core.bgc_6.lfsr_row._78_/Q
 core.bgc_6.lfsr_row._79_/Q
 core.bgc_6.lfsr_row._80_/Q
 core.bgc_6.lfsr_row._81_/Q
 core.bgc_6.lfsr_row._82_/Q
 core.bgc_6.lfsr_row._83_/Q
 core.bgc_6.lfsr_row._84_/Q
 core.bgc_6.lfsr_row._85_/Q
 core.bgc_6.lfsr_row._86_/Q
 core.bgc_6.lfsr_row._87_/Q
 core.bgc_6.lfsr_row._88_/Q
 core.bgc_6.row_reg._053_/ZN
 core.bgc_6.row_reg._054_/ZN
 core.bgc_6.row_reg._055_/ZN
 core.bgc_6.row_reg._056_/ZN
 core.bgc_6.row_reg._056__465/ZN
 core.bgc_6.row_reg._057_/ZN
 core.bgc_6.row_reg._058_/ZN
 core.bgc_6.row_reg._058__466/ZN
 core.bgc_6.row_reg._059_/ZN
 core.bgc_6.row_reg._060_/ZN
 core.bgc_6.row_reg._060__467/ZN
 core.bgc_6.row_reg._061_/ZN
 core.bgc_6.row_reg._062_/ZN
 core.bgc_6.row_reg._062__468/ZN
 core.bgc_6.row_reg._063_/ZN
 core.bgc_6.row_reg._064_/ZN
 core.bgc_6.row_reg._064__469/ZN
 core.bgc_6.row_reg._065_/ZN
 core.bgc_6.row_reg._066_/ZN
 core.bgc_6.row_reg._066__470/ZN
 core.bgc_6.row_reg._067_/ZN
 core.bgc_6.row_reg._068_/ZN
 core.bgc_6.row_reg._068__471/ZN
 core.bgc_6.row_reg._069_/ZN
 core.bgc_6.row_reg._070_/ZN
 core.bgc_6.row_reg._070__472/ZN
 core.bgc_6.row_reg._071_/ZN
 core.bgc_6.row_reg._072_/ZN
 core.bgc_6.row_reg._072__473/ZN
 core.bgc_6.row_reg._073_/ZN
 core.bgc_6.row_reg._074_/ZN
 core.bgc_6.row_reg._074__475/ZN
 core.bgc_6.row_reg._075_/ZN
 core.bgc_6.row_reg._076_/ZN
 core.bgc_6.row_reg._076__476/ZN
 core.bgc_6.row_reg._077_/ZN
 core.bgc_6.row_reg._078_/ZN
 core.bgc_6.row_reg._078__477/ZN
 core.bgc_6.row_reg._079_/ZN
 core.bgc_6.row_reg._080_/Z
 core.bgc_6.row_reg._081_/ZN
 core.bgc_6.row_reg._082_/ZN
 core.bgc_6.row_reg._083_/ZN
 core.bgc_6.row_reg._084_/ZN
 core.bgc_6.row_reg._085_/ZN
 core.bgc_6.row_reg._086_/ZN
 core.bgc_6.row_reg._087_/ZN
 core.bgc_6.row_reg._088_/ZN
 core.bgc_6.row_reg._089_/ZN
 core.bgc_6.row_reg._090_/ZN
 core.bgc_6.row_reg._091_/ZN
 core.bgc_6.row_reg._092_/ZN
 core.bgc_6.row_reg._093_/ZN
 core.bgc_6.row_reg._094_/ZN
 core.bgc_6.row_reg._095_/ZN
 core.bgc_6.row_reg._096_/ZN
 core.bgc_6.row_reg._097_/ZN
 core.bgc_6.row_reg._098_/ZN
 core.bgc_6.row_reg._099_/ZN
 core.bgc_6.row_reg._100_/ZN
 core.bgc_6.row_reg._101_/ZN
 core.bgc_6.row_reg._102_/ZN
 core.bgc_6.row_reg._103_/ZN
 core.bgc_6.row_reg._104_/ZN
 core.bgc_6.row_reg._105_/ZN
 core.bgc_6.row_reg._106_/ZN
 core.bgc_6.row_reg._107_/ZN
 core.bgc_6.row_reg._108_/ZN
 core.bgc_6.row_reg._109_/ZN
 core.bgc_6.row_reg._110_/ZN
 core.bgc_6.row_reg._111_/ZN
 core.bgc_6.row_reg._112_/ZN
 core.bgc_6.row_reg._113_/ZN
 core.bgc_6.row_reg._114_/ZN
 core.bgc_6.row_reg._115_/ZN
 core.bgc_6.row_reg._116_/ZN
 core.bgc_6.row_reg._117_/Q
 core.bgc_6.row_reg._118_/Q
 core.bgc_6.row_reg._119_/Q
 core.bgc_6.row_reg._120_/Q
 core.bgc_6.row_reg._121_/Q
 core.bgc_6.row_reg._122_/Q
 core.bgc_6.row_reg._123_/Q
 core.bgc_6.row_reg._124_/Q
 core.bgc_6.row_reg._125_/Q
 core.bgc_6.row_reg._126_/Q
 core.bgc_6.row_reg._127_/Q
 core.bgc_6.row_reg._128_/Q
 core.bgc_7._05_/ZN
 core.bgc_7._06_/ZN
 core.bgc_7._07_/ZN
 core.bgc_7._07__478/ZN
 core.bgc_7._08_/ZN
 core.bgc_7._09_/Z
 core.bgc_7._10_/ZN
 core.bgc_7._11_/Z
 core.bgc_7._11__479/ZN
 core.bgc_7._12_/Z
 core.bgc_7._13_/Z
 core.bgc_7._14_/Z
 core.bgc_7._15_/Z
 core.bgc_7._16_/Z
 core.bgc_7._17_/Z
 core.bgc_7._18_/Z
 core.bgc_7._19_/Z
 core.bgc_7._20_/Z
 core.bgc_7._21_/Z
 core.bgc_7._22_/Z
 core.bgc_7._23_/Z
 core.bgc_7._24_/ZN
 core.bgc_7._25_/ZN
 core.bgc_7.col_reg._053_/ZN
 core.bgc_7.col_reg._054_/ZN
 core.bgc_7.col_reg._055_/ZN
 core.bgc_7.col_reg._056_/ZN
 core.bgc_7.col_reg._057_/ZN
 core.bgc_7.col_reg._058_/ZN
 core.bgc_7.col_reg._059_/ZN
 core.bgc_7.col_reg._060_/ZN
 core.bgc_7.col_reg._061_/ZN
 core.bgc_7.col_reg._062_/ZN
 core.bgc_7.col_reg._063_/ZN
 core.bgc_7.col_reg._064_/ZN
 core.bgc_7.col_reg._065_/ZN
 core.bgc_7.col_reg._066_/ZN
 core.bgc_7.col_reg._067_/ZN
 core.bgc_7.col_reg._068_/ZN
 core.bgc_7.col_reg._069_/ZN
 core.bgc_7.col_reg._070_/ZN
 core.bgc_7.col_reg._071_/ZN
 core.bgc_7.col_reg._072_/ZN
 core.bgc_7.col_reg._073_/ZN
 core.bgc_7.col_reg._074_/ZN
 core.bgc_7.col_reg._075_/ZN
 core.bgc_7.col_reg._076_/ZN
 core.bgc_7.col_reg._077_/ZN
 core.bgc_7.col_reg._078_/ZN
 core.bgc_7.col_reg._079_/ZN
 core.bgc_7.col_reg._080_/Z
 core.bgc_7.col_reg._081_/ZN
 core.bgc_7.col_reg._082_/ZN
 core.bgc_7.col_reg._083_/ZN
 core.bgc_7.col_reg._084_/ZN
 core.bgc_7.col_reg._085_/ZN
 core.bgc_7.col_reg._086_/ZN
 core.bgc_7.col_reg._087_/ZN
 core.bgc_7.col_reg._088_/ZN
 core.bgc_7.col_reg._089_/ZN
 core.bgc_7.col_reg._090_/ZN
 core.bgc_7.col_reg._091_/ZN
 core.bgc_7.col_reg._092_/ZN
 core.bgc_7.col_reg._093_/ZN
 core.bgc_7.col_reg._094_/ZN
 core.bgc_7.col_reg._095_/ZN
 core.bgc_7.col_reg._096_/ZN
 core.bgc_7.col_reg._097_/ZN
 core.bgc_7.col_reg._098_/ZN
 core.bgc_7.col_reg._099_/ZN
 core.bgc_7.col_reg._100_/ZN
 core.bgc_7.col_reg._101_/ZN
 core.bgc_7.col_reg._102_/ZN
 core.bgc_7.col_reg._103_/ZN
 core.bgc_7.col_reg._104_/ZN
 core.bgc_7.col_reg._105_/ZN
 core.bgc_7.col_reg._106_/ZN
 core.bgc_7.col_reg._107_/ZN
 core.bgc_7.col_reg._108_/ZN
 core.bgc_7.col_reg._109_/ZN
 core.bgc_7.col_reg._110_/ZN
 core.bgc_7.col_reg._111_/ZN
 core.bgc_7.col_reg._112_/ZN
 core.bgc_7.col_reg._113_/ZN
 core.bgc_7.col_reg._114_/ZN
 core.bgc_7.col_reg._115_/ZN
 core.bgc_7.col_reg._116_/ZN
 core.bgc_7.col_reg._117_/Q
 core.bgc_7.col_reg._118_/Q
 core.bgc_7.col_reg._119_/Q
 core.bgc_7.col_reg._120_/Q
 core.bgc_7.col_reg._121_/Q
 core.bgc_7.col_reg._122_/Q
 core.bgc_7.col_reg._123_/Q
 core.bgc_7.col_reg._124_/Q
 core.bgc_7.col_reg._125_/Q
 core.bgc_7.col_reg._126_/Q
 core.bgc_7.col_reg._127_/Q
 core.bgc_7.col_reg._128_/Q
 core.bgc_7.comp_col._20_/ZN
 core.bgc_7.comp_col._21_/ZN
 core.bgc_7.comp_col._22_/ZN
 core.bgc_7.comp_col._23_/ZN
 core.bgc_7.comp_col._24_/ZN
 core.bgc_7.comp_col._25_/ZN
 core.bgc_7.comp_col._26_/ZN
 core.bgc_7.comp_col._27_/ZN
 core.bgc_7.comp_col._28_/ZN
 core.bgc_7.comp_col._29_/ZN
 core.bgc_7.comp_col._30_/ZN
 core.bgc_7.comp_col._31_/ZN
 core.bgc_7.comp_col._32_/ZN
 core.bgc_7.comp_col._33_/ZN
 core.bgc_7.comp_col._34_/ZN
 core.bgc_7.comp_col._35_/ZN
 core.bgc_7.comp_col._36_/ZN
 core.bgc_7.comp_col._37_/ZN
 core.bgc_7.comp_col._38_/ZN
 core.bgc_7.comp_col._39_/ZN
 core.bgc_7.comp_col._40_/ZN
 core.bgc_7.comp_col._41_/ZN
 core.bgc_7.comp_col._42_/ZN
 core.bgc_7.comp_col._43_/ZN
 core.bgc_7.comp_col._44_/ZN
 core.bgc_7.comp_col._45_/ZN
 core.bgc_7.comp_col._46_/ZN
 core.bgc_7.comp_col._47_/ZN
 core.bgc_7.comp_col._48_/Z
 core.bgc_7.comp_col._49_/Z
 core.bgc_7.comp_col._50_/Z
 core.bgc_7.comp_col._51_/Z
 core.bgc_7.comp_col._52_/Z
 core.bgc_7.comp_col._53_/Z
 core.bgc_7.comp_col._54_/Z
 core.bgc_7.comp_col._55_/Z
 core.bgc_7.comp_col._56_/Z
 core.bgc_7.comp_col._57_/Z
 core.bgc_7.comp_col._58_/Z
 core.bgc_7.comp_col._59_/Z
 core.bgc_7.comp_col._60_/ZN
 core.bgc_7.comp_col._61_/ZN
 core.bgc_7.comp_col._62_/ZN
 core.bgc_7.comp_col._63_/ZN
 core.bgc_7.comp_col._64_/ZN
 core.bgc_7.comp_col.pe1._18_/ZN
 core.bgc_7.comp_col.pe1._19_/ZN
 core.bgc_7.comp_col.pe1._20_/ZN
 core.bgc_7.comp_col.pe1._21_/ZN
 core.bgc_7.comp_col.pe1._22_/ZN
 core.bgc_7.comp_col.pe1._23_/ZN
 core.bgc_7.comp_col.pe1._24_/ZN
 core.bgc_7.comp_col.pe1._25_/ZN
 core.bgc_7.comp_col.pe1._26_/ZN
 core.bgc_7.comp_col.pe1._27_/ZN
 core.bgc_7.comp_col.pe1._28_/ZN
 core.bgc_7.comp_col.pe1._29_/ZN
 core.bgc_7.comp_col.pe1._30_/ZN
 core.bgc_7.comp_col.pe1._31_/ZN
 core.bgc_7.comp_col.pe1._32_/ZN
 core.bgc_7.comp_col.pe1._33_/ZN
 core.bgc_7.comp_col.pe1._34_/ZN
 core.bgc_7.comp_col.pe1._35_/ZN
 core.bgc_7.comp_col.pe1._36_/ZN
 core.bgc_7.comp_col.pe1._37_/ZN
 core.bgc_7.comp_col.pe1._38_/ZN
 core.bgc_7.comp_col.pe1._39_/ZN
 core.bgc_7.comp_col.pe2._18_/ZN
 core.bgc_7.comp_col.pe2._19_/ZN
 core.bgc_7.comp_col.pe2._20_/ZN
 core.bgc_7.comp_col.pe2._21_/ZN
 core.bgc_7.comp_col.pe2._22_/ZN
 core.bgc_7.comp_col.pe2._23_/ZN
 core.bgc_7.comp_col.pe2._24_/ZN
 core.bgc_7.comp_col.pe2._25_/ZN
 core.bgc_7.comp_col.pe2._26_/ZN
 core.bgc_7.comp_col.pe2._27_/ZN
 core.bgc_7.comp_col.pe2._28_/ZN
 core.bgc_7.comp_col.pe2._29_/ZN
 core.bgc_7.comp_col.pe2._30_/ZN
 core.bgc_7.comp_col.pe2._31_/ZN
 core.bgc_7.comp_col.pe2._32_/ZN
 core.bgc_7.comp_col.pe2._33_/ZN
 core.bgc_7.comp_col.pe2._34_/ZN
 core.bgc_7.comp_col.pe2._35_/ZN
 core.bgc_7.comp_col.pe2._36_/ZN
 core.bgc_7.comp_col.pe2._37_/ZN
 core.bgc_7.comp_col.pe2._38_/ZN
 core.bgc_7.comp_col.pe2._39_/ZN
 core.bgc_7.comp_row._20_/ZN
 core.bgc_7.comp_row._21_/ZN
 core.bgc_7.comp_row._22_/ZN
 core.bgc_7.comp_row._23_/ZN
 core.bgc_7.comp_row._24_/ZN
 core.bgc_7.comp_row._25_/ZN
 core.bgc_7.comp_row._26_/ZN
 core.bgc_7.comp_row._27_/ZN
 core.bgc_7.comp_row._28_/ZN
 core.bgc_7.comp_row._29_/ZN
 core.bgc_7.comp_row._30_/ZN
 core.bgc_7.comp_row._31_/ZN
 core.bgc_7.comp_row._32_/ZN
 core.bgc_7.comp_row._33_/ZN
 core.bgc_7.comp_row._34_/ZN
 core.bgc_7.comp_row._35_/ZN
 core.bgc_7.comp_row._36_/ZN
 core.bgc_7.comp_row._37_/ZN
 core.bgc_7.comp_row._38_/ZN
 core.bgc_7.comp_row._39_/ZN
 core.bgc_7.comp_row._40_/ZN
 core.bgc_7.comp_row._41_/ZN
 core.bgc_7.comp_row._42_/ZN
 core.bgc_7.comp_row._43_/ZN
 core.bgc_7.comp_row._44_/ZN
 core.bgc_7.comp_row._45_/ZN
 core.bgc_7.comp_row._46_/ZN
 core.bgc_7.comp_row._47_/ZN
 core.bgc_7.comp_row._48_/Z
 core.bgc_7.comp_row._49_/Z
 core.bgc_7.comp_row._50_/Z
 core.bgc_7.comp_row._51_/Z
 core.bgc_7.comp_row._52_/Z
 core.bgc_7.comp_row._53_/Z
 core.bgc_7.comp_row._54_/Z
 core.bgc_7.comp_row._55_/Z
 core.bgc_7.comp_row._56_/Z
 core.bgc_7.comp_row._57_/Z
 core.bgc_7.comp_row._58_/Z
 core.bgc_7.comp_row._59_/Z
 core.bgc_7.comp_row._60_/ZN
 core.bgc_7.comp_row._61_/ZN
 core.bgc_7.comp_row._62_/ZN
 core.bgc_7.comp_row._63_/ZN
 core.bgc_7.comp_row._64_/ZN
 core.bgc_7.comp_row.pe1._18_/ZN
 core.bgc_7.comp_row.pe1._19_/ZN
 core.bgc_7.comp_row.pe1._20_/ZN
 core.bgc_7.comp_row.pe1._21_/ZN
 core.bgc_7.comp_row.pe1._22_/ZN
 core.bgc_7.comp_row.pe1._23_/ZN
 core.bgc_7.comp_row.pe1._24_/ZN
 core.bgc_7.comp_row.pe1._25_/ZN
 core.bgc_7.comp_row.pe1._26_/ZN
 core.bgc_7.comp_row.pe1._27_/ZN
 core.bgc_7.comp_row.pe1._28_/ZN
 core.bgc_7.comp_row.pe1._29_/ZN
 core.bgc_7.comp_row.pe1._30_/ZN
 core.bgc_7.comp_row.pe1._31_/ZN
 core.bgc_7.comp_row.pe1._32_/ZN
 core.bgc_7.comp_row.pe1._33_/ZN
 core.bgc_7.comp_row.pe1._34_/ZN
 core.bgc_7.comp_row.pe1._35_/ZN
 core.bgc_7.comp_row.pe1._36_/ZN
 core.bgc_7.comp_row.pe1._37_/ZN
 core.bgc_7.comp_row.pe1._38_/ZN
 core.bgc_7.comp_row.pe1._39_/ZN
 core.bgc_7.comp_row.pe2._18_/ZN
 core.bgc_7.comp_row.pe2._19_/ZN
 core.bgc_7.comp_row.pe2._20_/ZN
 core.bgc_7.comp_row.pe2._21_/ZN
 core.bgc_7.comp_row.pe2._22_/ZN
 core.bgc_7.comp_row.pe2._23_/ZN
 core.bgc_7.comp_row.pe2._24_/ZN
 core.bgc_7.comp_row.pe2._25_/ZN
 core.bgc_7.comp_row.pe2._26_/ZN
 core.bgc_7.comp_row.pe2._27_/ZN
 core.bgc_7.comp_row.pe2._28_/ZN
 core.bgc_7.comp_row.pe2._29_/ZN
 core.bgc_7.comp_row.pe2._30_/ZN
 core.bgc_7.comp_row.pe2._31_/ZN
 core.bgc_7.comp_row.pe2._32_/ZN
 core.bgc_7.comp_row.pe2._33_/ZN
 core.bgc_7.comp_row.pe2._34_/ZN
 core.bgc_7.comp_row.pe2._35_/ZN
 core.bgc_7.comp_row.pe2._36_/ZN
 core.bgc_7.comp_row.pe2._37_/ZN
 core.bgc_7.comp_row.pe2._38_/ZN
 core.bgc_7.comp_row.pe2._39_/ZN
 core.bgc_7.final_counter._29_/ZN
 core.bgc_7.final_counter._30_/ZN
 core.bgc_7.final_counter._31_/ZN
 core.bgc_7.final_counter._32_/ZN
 core.bgc_7.final_counter._33_/ZN
 core.bgc_7.final_counter._34_/ZN
 core.bgc_7.final_counter._35_/ZN
 core.bgc_7.final_counter._36_/ZN
 core.bgc_7.final_counter._37_/ZN
 core.bgc_7.final_counter._38_/ZN
 core.bgc_7.final_counter._39_/Z
 core.bgc_7.final_counter._40_/ZN
 core.bgc_7.final_counter._41_/ZN
 core.bgc_7.final_counter._42_/ZN
 core.bgc_7.final_counter._43_/Z
 core.bgc_7.final_counter._44_/ZN
 core.bgc_7.final_counter._45_/ZN
 core.bgc_7.final_counter._46_/Z
 core.bgc_7.final_counter._47_/ZN
 core.bgc_7.final_counter._48_/ZN
 core.bgc_7.final_counter._49_/Z
 core.bgc_7.final_counter._50_/ZN
 core.bgc_7.final_counter._51_/ZN
 core.bgc_7.final_counter._52_/ZN
 core.bgc_7.final_counter._53_/ZN
 core.bgc_7.final_counter._54_/Z
 core.bgc_7.final_counter._55_/ZN
 core.bgc_7.final_counter._56_/ZN
 core.bgc_7.final_counter._57_/Z
 core.bgc_7.final_counter._58_/ZN
 core.bgc_7.final_counter._59_/ZN
 core.bgc_7.final_counter._60_/ZN
 core.bgc_7.final_counter._61_/ZN
 core.bgc_7.final_counter._62_/ZN
 core.bgc_7.final_counter._63_/ZN
 core.bgc_7.final_counter._64_/ZN
 core.bgc_7.final_counter._65_/ZN
 core.bgc_7.final_counter._66_/ZN
 core.bgc_7.final_counter._67_/Z
 core.bgc_7.final_counter._68_/ZN
 core.bgc_7.final_counter._69_/Q
 core.bgc_7.final_counter._70_/Q
 core.bgc_7.final_counter._71_/Q
 core.bgc_7.final_counter._72_/Q
 core.bgc_7.final_counter._73_/Q
 core.bgc_7.final_counter._74_/Q
 core.bgc_7.final_counter._75_/Q
 core.bgc_7.final_counter._76_/Q
 core.bgc_7.final_counter._77_/Q
 core.bgc_7.final_counter._78_/Q
 core.bgc_7.final_counter._79_/Q
 core.bgc_7.final_counter._80_/Q
 core.bgc_7.lfsr_col._27_/ZN
 core.bgc_7.lfsr_col._28_/ZN
 core.bgc_7.lfsr_col._28__480/ZN
 core.bgc_7.lfsr_col._29_/Z
 core.bgc_7.lfsr_col._29__481/ZN
 core.bgc_7.lfsr_col._30_/Z
 core.bgc_7.lfsr_col._30__1207/Z
 core.bgc_7.lfsr_col._31_/Z
 core.bgc_7.lfsr_col._31__1208/Z
 core.bgc_7.lfsr_col._32_/Z
 core.bgc_7.lfsr_col._32__1209/Z
 core.bgc_7.lfsr_col._33_/Z
 core.bgc_7.lfsr_col._33__483/ZN
 core.bgc_7.lfsr_col._34_/Z
 core.bgc_7.lfsr_col._34__484/ZN
 core.bgc_7.lfsr_col._35_/Z
 core.bgc_7.lfsr_col._35__1210/Z
 core.bgc_7.lfsr_col._36_/Z
 core.bgc_7.lfsr_col._36__1211/Z
 core.bgc_7.lfsr_col._37_/Z
 core.bgc_7.lfsr_col._37__1212/Z
 core.bgc_7.lfsr_col._38_/Z
 core.bgc_7.lfsr_col._38__1213/Z
 core.bgc_7.lfsr_col._39_/Z
 core.bgc_7.lfsr_col._39__1214/Z
 core.bgc_7.lfsr_col._40_/Z
 core.bgc_7.lfsr_col._40__485/ZN
 core.bgc_7.lfsr_col._41_/Z
 core.bgc_7.lfsr_col._42_/Z
 core.bgc_7.lfsr_col._43_/Z
 core.bgc_7.lfsr_col._44_/Z
 core.bgc_7.lfsr_col._44__486/ZN
 core.bgc_7.lfsr_col._45_/Z
 core.bgc_7.lfsr_col._45__1215/Z
 core.bgc_7.lfsr_col._46_/Z
 core.bgc_7.lfsr_col._46__1216/Z
 core.bgc_7.lfsr_col._47_/Z
 core.bgc_7.lfsr_col._47__1217/Z
 core.bgc_7.lfsr_col._48_/Z
 core.bgc_7.lfsr_col._48__1218/Z
 core.bgc_7.lfsr_col._49_/Z
 core.bgc_7.lfsr_col._49__1219/Z
 core.bgc_7.lfsr_col._50_/Z
 core.bgc_7.lfsr_col._50__488/ZN
 core.bgc_7.lfsr_col._51_/Z
 core.bgc_7.lfsr_col._51__489/ZN
 core.bgc_7.lfsr_col._52_/Z
 core.bgc_7.lfsr_col._52__1220/Z
 core.bgc_7.lfsr_col._53_/Z
 core.bgc_7.lfsr_col._53__1221/Z
 core.bgc_7.lfsr_col._54_/Z
 core.bgc_7.lfsr_col._54__1222/Z
 core.bgc_7.lfsr_col._55_/Z
 core.bgc_7.lfsr_col._55__490/ZN
 core.bgc_7.lfsr_col._56_/Z
 core.bgc_7.lfsr_col._57_/Z
 core.bgc_7.lfsr_col._58_/Z
 core.bgc_7.lfsr_col._59_/Z
 core.bgc_7.lfsr_col._60_/Z
 core.bgc_7.lfsr_col._61_/Z
 core.bgc_7.lfsr_col._62_/Z
 core.bgc_7.lfsr_col._63_/Z
 core.bgc_7.lfsr_col._64_/Z
 core.bgc_7.lfsr_col._65_/Z
 core.bgc_7.lfsr_col._66_/ZN
 core.bgc_7.lfsr_col._66__492/ZN
 core.bgc_7.lfsr_col._67_/ZN
 core.bgc_7.lfsr_col._67__1223/Z
 core.bgc_7.lfsr_col._68_/ZN
 core.bgc_7.lfsr_col._68__1224/Z
 core.bgc_7.lfsr_col._69_/ZN
 core.bgc_7.lfsr_col._69__1225/Z
 core.bgc_7.lfsr_col._70_/ZN
 core.bgc_7.lfsr_col._70__1226/Z
 core.bgc_7.lfsr_col._71_/ZN
 core.bgc_7.lfsr_col._71__1227/Z
 core.bgc_7.lfsr_col._72_/ZN
 core.bgc_7.lfsr_col._72__493/ZN
 core.bgc_7.lfsr_col._73_/ZN
 core.bgc_7.lfsr_col._73__494/ZN
 core.bgc_7.lfsr_col._74_/ZN
 core.bgc_7.lfsr_col._74__1228/Z
 core.bgc_7.lfsr_col._75_/ZN
 core.bgc_7.lfsr_col._75__1229/Z
 core.bgc_7.lfsr_col._76_/ZN
 core.bgc_7.lfsr_col._76__1230/Z
 core.bgc_7.lfsr_col._77_/Q
 core.bgc_7.lfsr_col._78_/Q
 core.bgc_7.lfsr_col._79_/Q
 core.bgc_7.lfsr_col._80_/Q
 core.bgc_7.lfsr_col._81_/Q
 core.bgc_7.lfsr_col._82_/Q
 core.bgc_7.lfsr_col._83_/Q
 core.bgc_7.lfsr_col._84_/Q
 core.bgc_7.lfsr_col._85_/Q
 core.bgc_7.lfsr_col._86_/Q
 core.bgc_7.lfsr_col._87_/Q
 core.bgc_7.lfsr_col._88_/Q
 core.bgc_7.lfsr_row._27_/ZN
 core.bgc_7.lfsr_row._28_/ZN
 core.bgc_7.lfsr_row._28__496/ZN
 core.bgc_7.lfsr_row._29_/Z
 core.bgc_7.lfsr_row._29__497/ZN
 core.bgc_7.lfsr_row._30_/Z
 core.bgc_7.lfsr_row._30__1231/Z
 core.bgc_7.lfsr_row._31_/Z
 core.bgc_7.lfsr_row._31__1232/Z
 core.bgc_7.lfsr_row._32_/Z
 core.bgc_7.lfsr_row._32__1233/Z
 core.bgc_7.lfsr_row._33_/Z
 core.bgc_7.lfsr_row._33__498/ZN
 core.bgc_7.lfsr_row._34_/Z
 core.bgc_7.lfsr_row._34__499/ZN
 core.bgc_7.lfsr_row._35_/Z
 core.bgc_7.lfsr_row._35__1234/Z
 core.bgc_7.lfsr_row._36_/Z
 core.bgc_7.lfsr_row._36__1235/Z
 core.bgc_7.lfsr_row._37_/Z
 core.bgc_7.lfsr_row._37__1236/Z
 core.bgc_7.lfsr_row._38_/Z
 core.bgc_7.lfsr_row._38__1237/Z
 core.bgc_7.lfsr_row._39_/Z
 core.bgc_7.lfsr_row._39__1238/Z
 core.bgc_7.lfsr_row._40_/Z
 core.bgc_7.lfsr_row._40__1239/Z
 core.bgc_7.lfsr_row._41_/Z
 core.bgc_7.lfsr_row._42_/Z
 core.bgc_7.lfsr_row._43_/Z
 core.bgc_7.lfsr_row._44_/Z
 core.bgc_7.lfsr_row._44__1240/Z
 core.bgc_7.lfsr_row._45_/Z
 core.bgc_7.lfsr_row._45__1241/Z
 core.bgc_7.lfsr_row._46_/Z
 core.bgc_7.lfsr_row._46__1242/Z
 core.bgc_7.lfsr_row._47_/Z
 core.bgc_7.lfsr_row._47__1243/Z
 core.bgc_7.lfsr_row._48_/Z
 core.bgc_7.lfsr_row._48__1244/Z
 core.bgc_7.lfsr_row._49_/Z
 core.bgc_7.lfsr_row._49__1245/Z
 core.bgc_7.lfsr_row._50_/Z
 core.bgc_7.lfsr_row._50__502/ZN
 core.bgc_7.lfsr_row._51_/Z
 core.bgc_7.lfsr_row._51__503/ZN
 core.bgc_7.lfsr_row._52_/Z
 core.bgc_7.lfsr_row._52__1246/Z
 core.bgc_7.lfsr_row._53_/Z
 core.bgc_7.lfsr_row._53__1247/Z
 core.bgc_7.lfsr_row._54_/Z
 core.bgc_7.lfsr_row._54__1248/Z
 core.bgc_7.lfsr_row._55_/Z
 core.bgc_7.lfsr_row._55__504/ZN
 core.bgc_7.lfsr_row._56_/Z
 core.bgc_7.lfsr_row._57_/Z
 core.bgc_7.lfsr_row._58_/Z
 core.bgc_7.lfsr_row._59_/Z
 core.bgc_7.lfsr_row._60_/Z
 core.bgc_7.lfsr_row._61_/Z
 core.bgc_7.lfsr_row._62_/Z
 core.bgc_7.lfsr_row._63_/Z
 core.bgc_7.lfsr_row._64_/Z
 core.bgc_7.lfsr_row._65_/Z
 core.bgc_7.lfsr_row._66_/ZN
 core.bgc_7.lfsr_row._66__1249/Z
 core.bgc_7.lfsr_row._67_/ZN
 core.bgc_7.lfsr_row._67__1250/Z
 core.bgc_7.lfsr_row._68_/ZN
 core.bgc_7.lfsr_row._68__1251/Z
 core.bgc_7.lfsr_row._69_/ZN
 core.bgc_7.lfsr_row._69__1252/Z
 core.bgc_7.lfsr_row._70_/ZN
 core.bgc_7.lfsr_row._70__1253/Z
 core.bgc_7.lfsr_row._71_/ZN
 core.bgc_7.lfsr_row._71__1254/Z
 core.bgc_7.lfsr_row._72_/ZN
 core.bgc_7.lfsr_row._72__506/ZN
 core.bgc_7.lfsr_row._73_/ZN
 core.bgc_7.lfsr_row._73__507/ZN
 core.bgc_7.lfsr_row._74_/ZN
 core.bgc_7.lfsr_row._74__1255/Z
 core.bgc_7.lfsr_row._75_/ZN
 core.bgc_7.lfsr_row._75__1256/Z
 core.bgc_7.lfsr_row._76_/ZN
 core.bgc_7.lfsr_row._76__1257/Z
 core.bgc_7.lfsr_row._77_/Q
 core.bgc_7.lfsr_row._78_/Q
 core.bgc_7.lfsr_row._79_/Q
 core.bgc_7.lfsr_row._80_/Q
 core.bgc_7.lfsr_row._81_/Q
 core.bgc_7.lfsr_row._82_/Q
 core.bgc_7.lfsr_row._83_/Q
 core.bgc_7.lfsr_row._84_/Q
 core.bgc_7.lfsr_row._85_/Q
 core.bgc_7.lfsr_row._86_/Q
 core.bgc_7.lfsr_row._87_/Q
 core.bgc_7.lfsr_row._88_/Q
 core.bgc_7.row_reg._053_/ZN
 core.bgc_7.row_reg._054_/ZN
 core.bgc_7.row_reg._055_/ZN
 core.bgc_7.row_reg._056_/ZN
 core.bgc_7.row_reg._056__508/ZN
 core.bgc_7.row_reg._057_/ZN
 core.bgc_7.row_reg._058_/ZN
 core.bgc_7.row_reg._058__509/ZN
 core.bgc_7.row_reg._059_/ZN
 core.bgc_7.row_reg._060_/ZN
 core.bgc_7.row_reg._060__510/ZN
 core.bgc_7.row_reg._061_/ZN
 core.bgc_7.row_reg._062_/ZN
 core.bgc_7.row_reg._062__512/ZN
 core.bgc_7.row_reg._063_/ZN
 core.bgc_7.row_reg._064_/ZN
 core.bgc_7.row_reg._064__513/ZN
 core.bgc_7.row_reg._065_/ZN
 core.bgc_7.row_reg._066_/ZN
 core.bgc_7.row_reg._066__514/ZN
 core.bgc_7.row_reg._067_/ZN
 core.bgc_7.row_reg._068_/ZN
 core.bgc_7.row_reg._068__515/ZN
 core.bgc_7.row_reg._069_/ZN
 core.bgc_7.row_reg._070_/ZN
 core.bgc_7.row_reg._070__516/ZN
 core.bgc_7.row_reg._071_/ZN
 core.bgc_7.row_reg._072_/ZN
 core.bgc_7.row_reg._072__517/ZN
 core.bgc_7.row_reg._073_/ZN
 core.bgc_7.row_reg._074_/ZN
 core.bgc_7.row_reg._074__518/ZN
 core.bgc_7.row_reg._075_/ZN
 core.bgc_7.row_reg._076_/ZN
 core.bgc_7.row_reg._076__519/ZN
 core.bgc_7.row_reg._077_/ZN
 core.bgc_7.row_reg._078_/ZN
 core.bgc_7.row_reg._078__520/ZN
 core.bgc_7.row_reg._079_/ZN
 core.bgc_7.row_reg._080_/Z
 core.bgc_7.row_reg._081_/ZN
 core.bgc_7.row_reg._082_/ZN
 core.bgc_7.row_reg._083_/ZN
 core.bgc_7.row_reg._084_/ZN
 core.bgc_7.row_reg._085_/ZN
 core.bgc_7.row_reg._086_/ZN
 core.bgc_7.row_reg._087_/ZN
 core.bgc_7.row_reg._088_/ZN
 core.bgc_7.row_reg._089_/ZN
 core.bgc_7.row_reg._090_/ZN
 core.bgc_7.row_reg._091_/ZN
 core.bgc_7.row_reg._092_/ZN
 core.bgc_7.row_reg._093_/ZN
 core.bgc_7.row_reg._094_/ZN
 core.bgc_7.row_reg._095_/ZN
 core.bgc_7.row_reg._096_/ZN
 core.bgc_7.row_reg._097_/ZN
 core.bgc_7.row_reg._098_/ZN
 core.bgc_7.row_reg._099_/ZN
 core.bgc_7.row_reg._100_/ZN
 core.bgc_7.row_reg._101_/ZN
 core.bgc_7.row_reg._102_/ZN
 core.bgc_7.row_reg._103_/ZN
 core.bgc_7.row_reg._104_/ZN
 core.bgc_7.row_reg._105_/ZN
 core.bgc_7.row_reg._106_/ZN
 core.bgc_7.row_reg._107_/ZN
 core.bgc_7.row_reg._108_/ZN
 core.bgc_7.row_reg._109_/ZN
 core.bgc_7.row_reg._110_/ZN
 core.bgc_7.row_reg._111_/ZN
 core.bgc_7.row_reg._112_/ZN
 core.bgc_7.row_reg._113_/ZN
 core.bgc_7.row_reg._114_/ZN
 core.bgc_7.row_reg._115_/ZN
 core.bgc_7.row_reg._116_/ZN
 core.bgc_7.row_reg._117_/Q
 core.bgc_7.row_reg._118_/Q
 core.bgc_7.row_reg._119_/Q
 core.bgc_7.row_reg._120_/Q
 core.bgc_7.row_reg._121_/Q
 core.bgc_7.row_reg._122_/Q
 core.bgc_7.row_reg._123_/Q
 core.bgc_7.row_reg._124_/Q
 core.bgc_7.row_reg._125_/Q
 core.bgc_7.row_reg._126_/Q
 core.bgc_7.row_reg._127_/Q
 core.bgc_7.row_reg._128_/Q
 core.bgc_8._05_/ZN
 core.bgc_8._06_/ZN
 core.bgc_8._07_/ZN
 core.bgc_8._07__521/ZN
 core.bgc_8._08_/ZN
 core.bgc_8._09_/Z
 core.bgc_8._10_/ZN
 core.bgc_8._11_/Z
 core.bgc_8._11__523/ZN
 core.bgc_8._12_/Z
 core.bgc_8._13_/Z
 core.bgc_8._14_/Z
 core.bgc_8._15_/Z
 core.bgc_8._16_/Z
 core.bgc_8._17_/Z
 core.bgc_8._18_/Z
 core.bgc_8._19_/Z
 core.bgc_8._20_/Z
 core.bgc_8._21_/Z
 core.bgc_8._22_/Z
 core.bgc_8._23_/Z
 core.bgc_8._24_/ZN
 core.bgc_8._25_/ZN
 core.bgc_8.col_reg._053_/ZN
 core.bgc_8.col_reg._054_/ZN
 core.bgc_8.col_reg._055_/ZN
 core.bgc_8.col_reg._056_/ZN
 core.bgc_8.col_reg._057_/ZN
 core.bgc_8.col_reg._058_/ZN
 core.bgc_8.col_reg._059_/ZN
 core.bgc_8.col_reg._060_/ZN
 core.bgc_8.col_reg._061_/ZN
 core.bgc_8.col_reg._062_/ZN
 core.bgc_8.col_reg._063_/ZN
 core.bgc_8.col_reg._064_/ZN
 core.bgc_8.col_reg._065_/ZN
 core.bgc_8.col_reg._066_/ZN
 core.bgc_8.col_reg._067_/ZN
 core.bgc_8.col_reg._068_/ZN
 core.bgc_8.col_reg._069_/ZN
 core.bgc_8.col_reg._070_/ZN
 core.bgc_8.col_reg._071_/ZN
 core.bgc_8.col_reg._072_/ZN
 core.bgc_8.col_reg._073_/ZN
 core.bgc_8.col_reg._074_/ZN
 core.bgc_8.col_reg._075_/ZN
 core.bgc_8.col_reg._076_/ZN
 core.bgc_8.col_reg._077_/ZN
 core.bgc_8.col_reg._078_/ZN
 core.bgc_8.col_reg._079_/ZN
 core.bgc_8.col_reg._080_/Z
 core.bgc_8.col_reg._081_/ZN
 core.bgc_8.col_reg._082_/ZN
 core.bgc_8.col_reg._083_/ZN
 core.bgc_8.col_reg._084_/ZN
 core.bgc_8.col_reg._085_/ZN
 core.bgc_8.col_reg._086_/ZN
 core.bgc_8.col_reg._087_/ZN
 core.bgc_8.col_reg._088_/ZN
 core.bgc_8.col_reg._089_/ZN
 core.bgc_8.col_reg._090_/ZN
 core.bgc_8.col_reg._091_/ZN
 core.bgc_8.col_reg._092_/ZN
 core.bgc_8.col_reg._093_/ZN
 core.bgc_8.col_reg._094_/ZN
 core.bgc_8.col_reg._095_/ZN
 core.bgc_8.col_reg._096_/ZN
 core.bgc_8.col_reg._097_/ZN
 core.bgc_8.col_reg._098_/ZN
 core.bgc_8.col_reg._099_/ZN
 core.bgc_8.col_reg._100_/ZN
 core.bgc_8.col_reg._101_/ZN
 core.bgc_8.col_reg._102_/ZN
 core.bgc_8.col_reg._103_/ZN
 core.bgc_8.col_reg._104_/ZN
 core.bgc_8.col_reg._105_/ZN
 core.bgc_8.col_reg._106_/ZN
 core.bgc_8.col_reg._107_/ZN
 core.bgc_8.col_reg._108_/ZN
 core.bgc_8.col_reg._109_/ZN
 core.bgc_8.col_reg._110_/ZN
 core.bgc_8.col_reg._111_/ZN
 core.bgc_8.col_reg._112_/ZN
 core.bgc_8.col_reg._113_/ZN
 core.bgc_8.col_reg._114_/ZN
 core.bgc_8.col_reg._115_/ZN
 core.bgc_8.col_reg._116_/ZN
 core.bgc_8.col_reg._117_/Q
 core.bgc_8.col_reg._118_/Q
 core.bgc_8.col_reg._119_/Q
 core.bgc_8.col_reg._120_/Q
 core.bgc_8.col_reg._121_/Q
 core.bgc_8.col_reg._122_/Q
 core.bgc_8.col_reg._123_/Q
 core.bgc_8.col_reg._124_/Q
 core.bgc_8.col_reg._125_/Q
 core.bgc_8.col_reg._126_/Q
 core.bgc_8.col_reg._127_/Q
 core.bgc_8.col_reg._128_/Q
 core.bgc_8.comp_col._20_/ZN
 core.bgc_8.comp_col._21_/ZN
 core.bgc_8.comp_col._22_/ZN
 core.bgc_8.comp_col._23_/ZN
 core.bgc_8.comp_col._24_/ZN
 core.bgc_8.comp_col._25_/ZN
 core.bgc_8.comp_col._26_/ZN
 core.bgc_8.comp_col._27_/ZN
 core.bgc_8.comp_col._28_/ZN
 core.bgc_8.comp_col._29_/ZN
 core.bgc_8.comp_col._30_/ZN
 core.bgc_8.comp_col._31_/ZN
 core.bgc_8.comp_col._32_/ZN
 core.bgc_8.comp_col._33_/ZN
 core.bgc_8.comp_col._34_/ZN
 core.bgc_8.comp_col._35_/ZN
 core.bgc_8.comp_col._36_/ZN
 core.bgc_8.comp_col._37_/ZN
 core.bgc_8.comp_col._38_/ZN
 core.bgc_8.comp_col._39_/ZN
 core.bgc_8.comp_col._40_/ZN
 core.bgc_8.comp_col._41_/ZN
 core.bgc_8.comp_col._42_/ZN
 core.bgc_8.comp_col._43_/ZN
 core.bgc_8.comp_col._44_/ZN
 core.bgc_8.comp_col._45_/ZN
 core.bgc_8.comp_col._46_/ZN
 core.bgc_8.comp_col._47_/ZN
 core.bgc_8.comp_col._48_/Z
 core.bgc_8.comp_col._49_/Z
 core.bgc_8.comp_col._50_/Z
 core.bgc_8.comp_col._51_/Z
 core.bgc_8.comp_col._52_/Z
 core.bgc_8.comp_col._53_/Z
 core.bgc_8.comp_col._54_/Z
 core.bgc_8.comp_col._55_/Z
 core.bgc_8.comp_col._56_/Z
 core.bgc_8.comp_col._57_/Z
 core.bgc_8.comp_col._58_/Z
 core.bgc_8.comp_col._59_/Z
 core.bgc_8.comp_col._60_/ZN
 core.bgc_8.comp_col._61_/ZN
 core.bgc_8.comp_col._62_/ZN
 core.bgc_8.comp_col._63_/ZN
 core.bgc_8.comp_col._64_/ZN
 core.bgc_8.comp_col.pe1._18_/ZN
 core.bgc_8.comp_col.pe1._19_/ZN
 core.bgc_8.comp_col.pe1._20_/ZN
 core.bgc_8.comp_col.pe1._21_/ZN
 core.bgc_8.comp_col.pe1._22_/ZN
 core.bgc_8.comp_col.pe1._23_/ZN
 core.bgc_8.comp_col.pe1._24_/ZN
 core.bgc_8.comp_col.pe1._25_/ZN
 core.bgc_8.comp_col.pe1._26_/ZN
 core.bgc_8.comp_col.pe1._27_/ZN
 core.bgc_8.comp_col.pe1._28_/ZN
 core.bgc_8.comp_col.pe1._29_/ZN
 core.bgc_8.comp_col.pe1._30_/ZN
 core.bgc_8.comp_col.pe1._31_/ZN
 core.bgc_8.comp_col.pe1._32_/ZN
 core.bgc_8.comp_col.pe1._33_/ZN
 core.bgc_8.comp_col.pe1._34_/ZN
 core.bgc_8.comp_col.pe1._35_/ZN
 core.bgc_8.comp_col.pe1._36_/ZN
 core.bgc_8.comp_col.pe1._37_/ZN
 core.bgc_8.comp_col.pe1._38_/ZN
 core.bgc_8.comp_col.pe1._39_/ZN
 core.bgc_8.comp_col.pe2._18_/ZN
 core.bgc_8.comp_col.pe2._19_/ZN
 core.bgc_8.comp_col.pe2._20_/ZN
 core.bgc_8.comp_col.pe2._21_/ZN
 core.bgc_8.comp_col.pe2._22_/ZN
 core.bgc_8.comp_col.pe2._23_/ZN
 core.bgc_8.comp_col.pe2._24_/ZN
 core.bgc_8.comp_col.pe2._25_/ZN
 core.bgc_8.comp_col.pe2._26_/ZN
 core.bgc_8.comp_col.pe2._27_/ZN
 core.bgc_8.comp_col.pe2._28_/ZN
 core.bgc_8.comp_col.pe2._29_/ZN
 core.bgc_8.comp_col.pe2._30_/ZN
 core.bgc_8.comp_col.pe2._31_/ZN
 core.bgc_8.comp_col.pe2._32_/ZN
 core.bgc_8.comp_col.pe2._33_/ZN
 core.bgc_8.comp_col.pe2._34_/ZN
 core.bgc_8.comp_col.pe2._35_/ZN
 core.bgc_8.comp_col.pe2._36_/ZN
 core.bgc_8.comp_col.pe2._37_/ZN
 core.bgc_8.comp_col.pe2._38_/ZN
 core.bgc_8.comp_col.pe2._39_/ZN
 core.bgc_8.comp_row._20_/ZN
 core.bgc_8.comp_row._21_/ZN
 core.bgc_8.comp_row._22_/ZN
 core.bgc_8.comp_row._23_/ZN
 core.bgc_8.comp_row._24_/ZN
 core.bgc_8.comp_row._25_/ZN
 core.bgc_8.comp_row._26_/ZN
 core.bgc_8.comp_row._27_/ZN
 core.bgc_8.comp_row._28_/ZN
 core.bgc_8.comp_row._29_/ZN
 core.bgc_8.comp_row._30_/ZN
 core.bgc_8.comp_row._31_/ZN
 core.bgc_8.comp_row._32_/ZN
 core.bgc_8.comp_row._33_/ZN
 core.bgc_8.comp_row._34_/ZN
 core.bgc_8.comp_row._35_/ZN
 core.bgc_8.comp_row._36_/ZN
 core.bgc_8.comp_row._37_/ZN
 core.bgc_8.comp_row._38_/ZN
 core.bgc_8.comp_row._39_/ZN
 core.bgc_8.comp_row._40_/ZN
 core.bgc_8.comp_row._41_/ZN
 core.bgc_8.comp_row._42_/ZN
 core.bgc_8.comp_row._43_/ZN
 core.bgc_8.comp_row._44_/ZN
 core.bgc_8.comp_row._45_/ZN
 core.bgc_8.comp_row._46_/ZN
 core.bgc_8.comp_row._47_/ZN
 core.bgc_8.comp_row._48_/Z
 core.bgc_8.comp_row._49_/Z
 core.bgc_8.comp_row._50_/Z
 core.bgc_8.comp_row._51_/Z
 core.bgc_8.comp_row._52_/Z
 core.bgc_8.comp_row._53_/Z
 core.bgc_8.comp_row._54_/Z
 core.bgc_8.comp_row._55_/Z
 core.bgc_8.comp_row._56_/Z
 core.bgc_8.comp_row._57_/Z
 core.bgc_8.comp_row._58_/Z
 core.bgc_8.comp_row._59_/Z
 core.bgc_8.comp_row._60_/ZN
 core.bgc_8.comp_row._61_/ZN
 core.bgc_8.comp_row._62_/ZN
 core.bgc_8.comp_row._63_/ZN
 core.bgc_8.comp_row._64_/ZN
 core.bgc_8.comp_row.pe1._18_/ZN
 core.bgc_8.comp_row.pe1._19_/ZN
 core.bgc_8.comp_row.pe1._20_/ZN
 core.bgc_8.comp_row.pe1._21_/ZN
 core.bgc_8.comp_row.pe1._22_/ZN
 core.bgc_8.comp_row.pe1._23_/ZN
 core.bgc_8.comp_row.pe1._24_/ZN
 core.bgc_8.comp_row.pe1._25_/ZN
 core.bgc_8.comp_row.pe1._26_/ZN
 core.bgc_8.comp_row.pe1._27_/ZN
 core.bgc_8.comp_row.pe1._28_/ZN
 core.bgc_8.comp_row.pe1._29_/ZN
 core.bgc_8.comp_row.pe1._30_/ZN
 core.bgc_8.comp_row.pe1._31_/ZN
 core.bgc_8.comp_row.pe1._32_/ZN
 core.bgc_8.comp_row.pe1._33_/ZN
 core.bgc_8.comp_row.pe1._34_/ZN
 core.bgc_8.comp_row.pe1._35_/ZN
 core.bgc_8.comp_row.pe1._36_/ZN
 core.bgc_8.comp_row.pe1._37_/ZN
 core.bgc_8.comp_row.pe1._38_/ZN
 core.bgc_8.comp_row.pe1._39_/ZN
 core.bgc_8.comp_row.pe2._18_/ZN
 core.bgc_8.comp_row.pe2._19_/ZN
 core.bgc_8.comp_row.pe2._20_/ZN
 core.bgc_8.comp_row.pe2._21_/ZN
 core.bgc_8.comp_row.pe2._22_/ZN
 core.bgc_8.comp_row.pe2._23_/ZN
 core.bgc_8.comp_row.pe2._24_/ZN
 core.bgc_8.comp_row.pe2._25_/ZN
 core.bgc_8.comp_row.pe2._26_/ZN
 core.bgc_8.comp_row.pe2._27_/ZN
 core.bgc_8.comp_row.pe2._28_/ZN
 core.bgc_8.comp_row.pe2._29_/ZN
 core.bgc_8.comp_row.pe2._30_/ZN
 core.bgc_8.comp_row.pe2._31_/ZN
 core.bgc_8.comp_row.pe2._32_/ZN
 core.bgc_8.comp_row.pe2._33_/ZN
 core.bgc_8.comp_row.pe2._34_/ZN
 core.bgc_8.comp_row.pe2._35_/ZN
 core.bgc_8.comp_row.pe2._36_/ZN
 core.bgc_8.comp_row.pe2._37_/ZN
 core.bgc_8.comp_row.pe2._38_/ZN
 core.bgc_8.comp_row.pe2._39_/ZN
 core.bgc_8.final_counter._29_/ZN
 core.bgc_8.final_counter._30_/ZN
 core.bgc_8.final_counter._31_/ZN
 core.bgc_8.final_counter._32_/ZN
 core.bgc_8.final_counter._33_/ZN
 core.bgc_8.final_counter._34_/ZN
 core.bgc_8.final_counter._35_/ZN
 core.bgc_8.final_counter._36_/ZN
 core.bgc_8.final_counter._37_/ZN
 core.bgc_8.final_counter._38_/ZN
 core.bgc_8.final_counter._39_/Z
 core.bgc_8.final_counter._40_/ZN
 core.bgc_8.final_counter._41_/ZN
 core.bgc_8.final_counter._42_/ZN
 core.bgc_8.final_counter._43_/Z
 core.bgc_8.final_counter._44_/ZN
 core.bgc_8.final_counter._45_/ZN
 core.bgc_8.final_counter._46_/Z
 core.bgc_8.final_counter._47_/ZN
 core.bgc_8.final_counter._48_/ZN
 core.bgc_8.final_counter._49_/Z
 core.bgc_8.final_counter._50_/ZN
 core.bgc_8.final_counter._51_/ZN
 core.bgc_8.final_counter._52_/ZN
 core.bgc_8.final_counter._53_/ZN
 core.bgc_8.final_counter._54_/Z
 core.bgc_8.final_counter._55_/ZN
 core.bgc_8.final_counter._56_/ZN
 core.bgc_8.final_counter._57_/Z
 core.bgc_8.final_counter._58_/ZN
 core.bgc_8.final_counter._59_/ZN
 core.bgc_8.final_counter._60_/ZN
 core.bgc_8.final_counter._61_/ZN
 core.bgc_8.final_counter._62_/ZN
 core.bgc_8.final_counter._63_/ZN
 core.bgc_8.final_counter._64_/ZN
 core.bgc_8.final_counter._65_/ZN
 core.bgc_8.final_counter._66_/ZN
 core.bgc_8.final_counter._67_/Z
 core.bgc_8.final_counter._68_/ZN
 core.bgc_8.final_counter._69_/Q
 core.bgc_8.final_counter._70_/Q
 core.bgc_8.final_counter._71_/Q
 core.bgc_8.final_counter._72_/Q
 core.bgc_8.final_counter._73_/Q
 core.bgc_8.final_counter._74_/Q
 core.bgc_8.final_counter._75_/Q
 core.bgc_8.final_counter._76_/Q
 core.bgc_8.final_counter._77_/Q
 core.bgc_8.final_counter._78_/Q
 core.bgc_8.final_counter._79_/Q
 core.bgc_8.final_counter._80_/Q
 core.bgc_8.lfsr_col._27_/ZN
 core.bgc_8.lfsr_col._28_/ZN
 core.bgc_8.lfsr_col._28__524/ZN
 core.bgc_8.lfsr_col._29_/Z
 core.bgc_8.lfsr_col._29__525/ZN
 core.bgc_8.lfsr_col._30_/Z
 core.bgc_8.lfsr_col._30__1258/Z
 core.bgc_8.lfsr_col._31_/Z
 core.bgc_8.lfsr_col._31__1259/Z
 core.bgc_8.lfsr_col._32_/Z
 core.bgc_8.lfsr_col._32__1260/Z
 core.bgc_8.lfsr_col._33_/Z
 core.bgc_8.lfsr_col._33__526/ZN
 core.bgc_8.lfsr_col._34_/Z
 core.bgc_8.lfsr_col._34__527/ZN
 core.bgc_8.lfsr_col._35_/Z
 core.bgc_8.lfsr_col._35__528/ZN
 core.bgc_8.lfsr_col._36_/Z
 core.bgc_8.lfsr_col._36__1261/Z
 core.bgc_8.lfsr_col._37_/Z
 core.bgc_8.lfsr_col._37__1262/Z
 core.bgc_8.lfsr_col._38_/Z
 core.bgc_8.lfsr_col._38__1263/Z
 core.bgc_8.lfsr_col._39_/Z
 core.bgc_8.lfsr_col._39__1264/Z
 core.bgc_8.lfsr_col._40_/Z
 core.bgc_8.lfsr_col._40__1265/Z
 core.bgc_8.lfsr_col._41_/Z
 core.bgc_8.lfsr_col._42_/Z
 core.bgc_8.lfsr_col._43_/Z
 core.bgc_8.lfsr_col._44_/Z
 core.bgc_8.lfsr_col._44__1266/Z
 core.bgc_8.lfsr_col._45_/Z
 core.bgc_8.lfsr_col._45__1267/Z
 core.bgc_8.lfsr_col._46_/Z
 core.bgc_8.lfsr_col._46__1268/Z
 core.bgc_8.lfsr_col._47_/Z
 core.bgc_8.lfsr_col._47__1269/Z
 core.bgc_8.lfsr_col._48_/Z
 core.bgc_8.lfsr_col._48__1270/Z
 core.bgc_8.lfsr_col._49_/Z
 core.bgc_8.lfsr_col._49__530/ZN
 core.bgc_8.lfsr_col._50_/Z
 core.bgc_8.lfsr_col._50__532/ZN
 core.bgc_8.lfsr_col._51_/Z
 core.bgc_8.lfsr_col._51__533/ZN
 core.bgc_8.lfsr_col._52_/Z
 core.bgc_8.lfsr_col._52__1271/Z
 core.bgc_8.lfsr_col._53_/Z
 core.bgc_8.lfsr_col._53__1272/Z
 core.bgc_8.lfsr_col._54_/Z
 core.bgc_8.lfsr_col._54__1273/Z
 core.bgc_8.lfsr_col._55_/Z
 core.bgc_8.lfsr_col._55__534/ZN
 core.bgc_8.lfsr_col._56_/Z
 core.bgc_8.lfsr_col._57_/Z
 core.bgc_8.lfsr_col._58_/Z
 core.bgc_8.lfsr_col._59_/Z
 core.bgc_8.lfsr_col._60_/Z
 core.bgc_8.lfsr_col._61_/Z
 core.bgc_8.lfsr_col._62_/Z
 core.bgc_8.lfsr_col._63_/Z
 core.bgc_8.lfsr_col._64_/Z
 core.bgc_8.lfsr_col._65_/Z
 core.bgc_8.lfsr_col._66_/ZN
 core.bgc_8.lfsr_col._66__1274/Z
 core.bgc_8.lfsr_col._67_/ZN
 core.bgc_8.lfsr_col._67__1275/Z
 core.bgc_8.lfsr_col._68_/ZN
 core.bgc_8.lfsr_col._68__1276/Z
 core.bgc_8.lfsr_col._69_/ZN
 core.bgc_8.lfsr_col._69__1277/Z
 core.bgc_8.lfsr_col._70_/ZN
 core.bgc_8.lfsr_col._70__1278/Z
 core.bgc_8.lfsr_col._71_/ZN
 core.bgc_8.lfsr_col._71__536/ZN
 core.bgc_8.lfsr_col._72_/ZN
 core.bgc_8.lfsr_col._72__537/ZN
 core.bgc_8.lfsr_col._73_/ZN
 core.bgc_8.lfsr_col._73__538/ZN
 core.bgc_8.lfsr_col._74_/ZN
 core.bgc_8.lfsr_col._74__1279/Z
 core.bgc_8.lfsr_col._75_/ZN
 core.bgc_8.lfsr_col._75__1280/Z
 core.bgc_8.lfsr_col._76_/ZN
 core.bgc_8.lfsr_col._76__1281/Z
 core.bgc_8.lfsr_col._77_/Q
 core.bgc_8.lfsr_col._78_/Q
 core.bgc_8.lfsr_col._79_/Q
 core.bgc_8.lfsr_col._80_/Q
 core.bgc_8.lfsr_col._81_/Q
 core.bgc_8.lfsr_col._82_/Q
 core.bgc_8.lfsr_col._83_/Q
 core.bgc_8.lfsr_col._84_/Q
 core.bgc_8.lfsr_col._85_/Q
 core.bgc_8.lfsr_col._86_/Q
 core.bgc_8.lfsr_col._87_/Q
 core.bgc_8.lfsr_col._88_/Q
 core.bgc_8.lfsr_row._27_/ZN
 core.bgc_8.lfsr_row._28_/ZN
 core.bgc_8.lfsr_row._28__1282/Z
 core.bgc_8.lfsr_row._29_/Z
 core.bgc_8.lfsr_row._29__1283/Z
 core.bgc_8.lfsr_row._30_/Z
 core.bgc_8.lfsr_row._30__1284/Z
 core.bgc_8.lfsr_row._31_/Z
 core.bgc_8.lfsr_row._31__540/ZN
 core.bgc_8.lfsr_row._32_/Z
 core.bgc_8.lfsr_row._32__541/ZN
 core.bgc_8.lfsr_row._33_/Z
 core.bgc_8.lfsr_row._33__542/ZN
 core.bgc_8.lfsr_row._34_/Z
 core.bgc_8.lfsr_row._34__1285/Z
 core.bgc_8.lfsr_row._35_/Z
 core.bgc_8.lfsr_row._35__543/ZN
 core.bgc_8.lfsr_row._36_/Z
 core.bgc_8.lfsr_row._36__1286/Z
 core.bgc_8.lfsr_row._37_/Z
 core.bgc_8.lfsr_row._37__1287/Z
 core.bgc_8.lfsr_row._38_/Z
 core.bgc_8.lfsr_row._38__1288/Z
 core.bgc_8.lfsr_row._39_/Z
 core.bgc_8.lfsr_row._39__544/ZN
 core.bgc_8.lfsr_row._40_/Z
 core.bgc_8.lfsr_row._40__1289/Z
 core.bgc_8.lfsr_row._41_/Z
 core.bgc_8.lfsr_row._42_/Z
 core.bgc_8.lfsr_row._43_/Z
 core.bgc_8.lfsr_row._44_/Z
 core.bgc_8.lfsr_row._44__1290/Z
 core.bgc_8.lfsr_row._45_/Z
 core.bgc_8.lfsr_row._45__546/ZN
 core.bgc_8.lfsr_row._46_/Z
 core.bgc_8.lfsr_row._46__1291/Z
 core.bgc_8.lfsr_row._47_/Z
 core.bgc_8.lfsr_row._47__1292/Z
 core.bgc_8.lfsr_row._48_/Z
 core.bgc_8.lfsr_row._48__1293/Z
 core.bgc_8.lfsr_row._49_/Z
 core.bgc_8.lfsr_row._49__547/ZN
 core.bgc_8.lfsr_row._50_/Z
 core.bgc_8.lfsr_row._50__1294/Z
 core.bgc_8.lfsr_row._51_/Z
 core.bgc_8.lfsr_row._51__548/ZN
 core.bgc_8.lfsr_row._52_/Z
 core.bgc_8.lfsr_row._52__549/ZN
 core.bgc_8.lfsr_row._53_/Z
 core.bgc_8.lfsr_row._53__550/ZN
 core.bgc_8.lfsr_row._54_/Z
 core.bgc_8.lfsr_row._54__1296/Z
 core.bgc_8.lfsr_row._55_/Z
 core.bgc_8.lfsr_row._55__1297/Z
 core.bgc_8.lfsr_row._56_/Z
 core.bgc_8.lfsr_row._57_/Z
 core.bgc_8.lfsr_row._58_/Z
 core.bgc_8.lfsr_row._59_/Z
 core.bgc_8.lfsr_row._60_/Z
 core.bgc_8.lfsr_row._61_/Z
 core.bgc_8.lfsr_row._62_/Z
 core.bgc_8.lfsr_row._63_/Z
 core.bgc_8.lfsr_row._64_/Z
 core.bgc_8.lfsr_row._65_/Z
 core.bgc_8.lfsr_row._66_/ZN
 core.bgc_8.lfsr_row._66__1298/Z
 core.bgc_8.lfsr_row._67_/ZN
 core.bgc_8.lfsr_row._67__551/ZN
 core.bgc_8.lfsr_row._68_/ZN
 core.bgc_8.lfsr_row._68__1299/Z
 core.bgc_8.lfsr_row._69_/ZN
 core.bgc_8.lfsr_row._69__1300/Z
 core.bgc_8.lfsr_row._70_/ZN
 core.bgc_8.lfsr_row._70__1301/Z
 core.bgc_8.lfsr_row._71_/ZN
 core.bgc_8.lfsr_row._71__552/ZN
 core.bgc_8.lfsr_row._72_/ZN
 core.bgc_8.lfsr_row._72__1302/Z
 core.bgc_8.lfsr_row._73_/ZN
 core.bgc_8.lfsr_row._73__553/ZN
 core.bgc_8.lfsr_row._74_/ZN
 core.bgc_8.lfsr_row._74__554/ZN
 core.bgc_8.lfsr_row._75_/ZN
 core.bgc_8.lfsr_row._75__555/ZN
 core.bgc_8.lfsr_row._76_/ZN
 core.bgc_8.lfsr_row._76__1304/Z
 core.bgc_8.lfsr_row._77_/Q
 core.bgc_8.lfsr_row._78_/Q
 core.bgc_8.lfsr_row._79_/Q
 core.bgc_8.lfsr_row._80_/Q
 core.bgc_8.lfsr_row._81_/Q
 core.bgc_8.lfsr_row._82_/Q
 core.bgc_8.lfsr_row._83_/Q
 core.bgc_8.lfsr_row._84_/Q
 core.bgc_8.lfsr_row._85_/Q
 core.bgc_8.lfsr_row._86_/Q
 core.bgc_8.lfsr_row._87_/Q
 core.bgc_8.lfsr_row._88_/Q
 core.bgc_8.row_reg._053_/ZN
 core.bgc_8.row_reg._054_/ZN
 core.bgc_8.row_reg._055_/ZN
 core.bgc_8.row_reg._056_/ZN
 core.bgc_8.row_reg._056__556/ZN
 core.bgc_8.row_reg._057_/ZN
 core.bgc_8.row_reg._058_/ZN
 core.bgc_8.row_reg._058__557/ZN
 core.bgc_8.row_reg._059_/ZN
 core.bgc_8.row_reg._060_/ZN
 core.bgc_8.row_reg._060__558/ZN
 core.bgc_8.row_reg._061_/ZN
 core.bgc_8.row_reg._062_/ZN
 core.bgc_8.row_reg._062__559/ZN
 core.bgc_8.row_reg._063_/ZN
 core.bgc_8.row_reg._064_/ZN
 core.bgc_8.row_reg._064__560/ZN
 core.bgc_8.row_reg._065_/ZN
 core.bgc_8.row_reg._066_/ZN
 core.bgc_8.row_reg._066__561/ZN
 core.bgc_8.row_reg._067_/ZN
 core.bgc_8.row_reg._068_/ZN
 core.bgc_8.row_reg._068__562/ZN
 core.bgc_8.row_reg._069_/ZN
 core.bgc_8.row_reg._070_/ZN
 core.bgc_8.row_reg._070__563/ZN
 core.bgc_8.row_reg._071_/ZN
 core.bgc_8.row_reg._072_/ZN
 core.bgc_8.row_reg._072__564/ZN
 core.bgc_8.row_reg._073_/ZN
 core.bgc_8.row_reg._074_/ZN
 core.bgc_8.row_reg._074__565/ZN
 core.bgc_8.row_reg._075_/ZN
 core.bgc_8.row_reg._076_/ZN
 core.bgc_8.row_reg._076__566/ZN
 core.bgc_8.row_reg._077_/ZN
 core.bgc_8.row_reg._078_/ZN
 core.bgc_8.row_reg._078__567/ZN
 core.bgc_8.row_reg._079_/ZN
 core.bgc_8.row_reg._080_/Z
 core.bgc_8.row_reg._081_/ZN
 core.bgc_8.row_reg._082_/ZN
 core.bgc_8.row_reg._083_/ZN
 core.bgc_8.row_reg._084_/ZN
 core.bgc_8.row_reg._085_/ZN
 core.bgc_8.row_reg._086_/ZN
 core.bgc_8.row_reg._087_/ZN
 core.bgc_8.row_reg._088_/ZN
 core.bgc_8.row_reg._089_/ZN
 core.bgc_8.row_reg._090_/ZN
 core.bgc_8.row_reg._091_/ZN
 core.bgc_8.row_reg._092_/ZN
 core.bgc_8.row_reg._093_/ZN
 core.bgc_8.row_reg._094_/ZN
 core.bgc_8.row_reg._095_/ZN
 core.bgc_8.row_reg._096_/ZN
 core.bgc_8.row_reg._097_/ZN
 core.bgc_8.row_reg._098_/ZN
 core.bgc_8.row_reg._099_/ZN
 core.bgc_8.row_reg._100_/ZN
 core.bgc_8.row_reg._101_/ZN
 core.bgc_8.row_reg._102_/ZN
 core.bgc_8.row_reg._103_/ZN
 core.bgc_8.row_reg._104_/ZN
 core.bgc_8.row_reg._105_/ZN
 core.bgc_8.row_reg._106_/ZN
 core.bgc_8.row_reg._107_/ZN
 core.bgc_8.row_reg._108_/ZN
 core.bgc_8.row_reg._109_/ZN
 core.bgc_8.row_reg._110_/ZN
 core.bgc_8.row_reg._111_/ZN
 core.bgc_8.row_reg._112_/ZN
 core.bgc_8.row_reg._113_/ZN
 core.bgc_8.row_reg._114_/ZN
 core.bgc_8.row_reg._115_/ZN
 core.bgc_8.row_reg._116_/ZN
 core.bgc_8.row_reg._117_/Q
 core.bgc_8.row_reg._118_/Q
 core.bgc_8.row_reg._119_/Q
 core.bgc_8.row_reg._120_/Q
 core.bgc_8.row_reg._121_/Q
 core.bgc_8.row_reg._122_/Q
 core.bgc_8.row_reg._123_/Q
 core.bgc_8.row_reg._124_/Q
 core.bgc_8.row_reg._125_/Q
 core.bgc_8.row_reg._126_/Q
 core.bgc_8.row_reg._127_/Q
 core.bgc_8.row_reg._128_/Q
 core.bgc_9._05_/ZN
 core.bgc_9._06_/ZN
 core.bgc_9._07_/ZN
 core.bgc_9._07__568/ZN
 core.bgc_9._08_/ZN
 core.bgc_9._09_/Z
 core.bgc_9._10_/ZN
 core.bgc_9._11_/Z
 core.bgc_9._11__569/ZN
 core.bgc_9._12_/Z
 core.bgc_9._13_/Z
 core.bgc_9._14_/Z
 core.bgc_9._15_/Z
 core.bgc_9._16_/Z
 core.bgc_9._17_/Z
 core.bgc_9._18_/Z
 core.bgc_9._19_/Z
 core.bgc_9._20_/Z
 core.bgc_9._21_/Z
 core.bgc_9._22_/Z
 core.bgc_9._23_/Z
 core.bgc_9._24_/ZN
 core.bgc_9._25_/ZN
 core.bgc_9.col_reg._053_/ZN
 core.bgc_9.col_reg._054_/ZN
 core.bgc_9.col_reg._055_/ZN
 core.bgc_9.col_reg._056_/ZN
 core.bgc_9.col_reg._057_/ZN
 core.bgc_9.col_reg._058_/ZN
 core.bgc_9.col_reg._059_/ZN
 core.bgc_9.col_reg._060_/ZN
 core.bgc_9.col_reg._061_/ZN
 core.bgc_9.col_reg._062_/ZN
 core.bgc_9.col_reg._063_/ZN
 core.bgc_9.col_reg._064_/ZN
 core.bgc_9.col_reg._065_/ZN
 core.bgc_9.col_reg._066_/ZN
 core.bgc_9.col_reg._067_/ZN
 core.bgc_9.col_reg._068_/ZN
 core.bgc_9.col_reg._069_/ZN
 core.bgc_9.col_reg._070_/ZN
 core.bgc_9.col_reg._071_/ZN
 core.bgc_9.col_reg._072_/ZN
 core.bgc_9.col_reg._073_/ZN
 core.bgc_9.col_reg._074_/ZN
 core.bgc_9.col_reg._075_/ZN
 core.bgc_9.col_reg._076_/ZN
 core.bgc_9.col_reg._077_/ZN
 core.bgc_9.col_reg._078_/ZN
 core.bgc_9.col_reg._079_/ZN
 core.bgc_9.col_reg._080_/Z
 core.bgc_9.col_reg._081_/ZN
 core.bgc_9.col_reg._082_/ZN
 core.bgc_9.col_reg._083_/ZN
 core.bgc_9.col_reg._084_/ZN
 core.bgc_9.col_reg._085_/ZN
 core.bgc_9.col_reg._086_/ZN
 core.bgc_9.col_reg._087_/ZN
 core.bgc_9.col_reg._088_/ZN
 core.bgc_9.col_reg._089_/ZN
 core.bgc_9.col_reg._090_/ZN
 core.bgc_9.col_reg._091_/ZN
 core.bgc_9.col_reg._092_/ZN
 core.bgc_9.col_reg._093_/ZN
 core.bgc_9.col_reg._094_/ZN
 core.bgc_9.col_reg._095_/ZN
 core.bgc_9.col_reg._096_/ZN
 core.bgc_9.col_reg._097_/ZN
 core.bgc_9.col_reg._098_/ZN
 core.bgc_9.col_reg._099_/ZN
 core.bgc_9.col_reg._100_/ZN
 core.bgc_9.col_reg._101_/ZN
 core.bgc_9.col_reg._102_/ZN
 core.bgc_9.col_reg._103_/ZN
 core.bgc_9.col_reg._104_/ZN
 core.bgc_9.col_reg._105_/ZN
 core.bgc_9.col_reg._106_/ZN
 core.bgc_9.col_reg._107_/ZN
 core.bgc_9.col_reg._108_/ZN
 core.bgc_9.col_reg._109_/ZN
 core.bgc_9.col_reg._110_/ZN
 core.bgc_9.col_reg._111_/ZN
 core.bgc_9.col_reg._112_/ZN
 core.bgc_9.col_reg._113_/ZN
 core.bgc_9.col_reg._114_/ZN
 core.bgc_9.col_reg._115_/ZN
 core.bgc_9.col_reg._116_/ZN
 core.bgc_9.col_reg._117_/Q
 core.bgc_9.col_reg._118_/Q
 core.bgc_9.col_reg._119_/Q
 core.bgc_9.col_reg._120_/Q
 core.bgc_9.col_reg._121_/Q
 core.bgc_9.col_reg._122_/Q
 core.bgc_9.col_reg._123_/Q
 core.bgc_9.col_reg._124_/Q
 core.bgc_9.col_reg._125_/Q
 core.bgc_9.col_reg._126_/Q
 core.bgc_9.col_reg._127_/Q
 core.bgc_9.col_reg._128_/Q
 core.bgc_9.comp_col._20_/ZN
 core.bgc_9.comp_col._21_/ZN
 core.bgc_9.comp_col._22_/ZN
 core.bgc_9.comp_col._23_/ZN
 core.bgc_9.comp_col._24_/ZN
 core.bgc_9.comp_col._25_/ZN
 core.bgc_9.comp_col._26_/ZN
 core.bgc_9.comp_col._27_/ZN
 core.bgc_9.comp_col._28_/ZN
 core.bgc_9.comp_col._29_/ZN
 core.bgc_9.comp_col._30_/ZN
 core.bgc_9.comp_col._31_/ZN
 core.bgc_9.comp_col._32_/ZN
 core.bgc_9.comp_col._33_/ZN
 core.bgc_9.comp_col._34_/ZN
 core.bgc_9.comp_col._35_/ZN
 core.bgc_9.comp_col._36_/ZN
 core.bgc_9.comp_col._37_/ZN
 core.bgc_9.comp_col._38_/ZN
 core.bgc_9.comp_col._39_/ZN
 core.bgc_9.comp_col._40_/ZN
 core.bgc_9.comp_col._41_/ZN
 core.bgc_9.comp_col._42_/ZN
 core.bgc_9.comp_col._43_/ZN
 core.bgc_9.comp_col._44_/ZN
 core.bgc_9.comp_col._45_/ZN
 core.bgc_9.comp_col._46_/ZN
 core.bgc_9.comp_col._47_/ZN
 core.bgc_9.comp_col._48_/Z
 core.bgc_9.comp_col._49_/Z
 core.bgc_9.comp_col._50_/Z
 core.bgc_9.comp_col._51_/Z
 core.bgc_9.comp_col._52_/Z
 core.bgc_9.comp_col._53_/Z
 core.bgc_9.comp_col._54_/Z
 core.bgc_9.comp_col._55_/Z
 core.bgc_9.comp_col._56_/Z
 core.bgc_9.comp_col._57_/Z
 core.bgc_9.comp_col._58_/Z
 core.bgc_9.comp_col._59_/Z
 core.bgc_9.comp_col._60_/ZN
 core.bgc_9.comp_col._61_/ZN
 core.bgc_9.comp_col._62_/ZN
 core.bgc_9.comp_col._63_/ZN
 core.bgc_9.comp_col._64_/ZN
 core.bgc_9.comp_col.pe1._18_/ZN
 core.bgc_9.comp_col.pe1._19_/ZN
 core.bgc_9.comp_col.pe1._20_/ZN
 core.bgc_9.comp_col.pe1._21_/ZN
 core.bgc_9.comp_col.pe1._22_/ZN
 core.bgc_9.comp_col.pe1._23_/ZN
 core.bgc_9.comp_col.pe1._24_/ZN
 core.bgc_9.comp_col.pe1._25_/ZN
 core.bgc_9.comp_col.pe1._26_/ZN
 core.bgc_9.comp_col.pe1._27_/ZN
 core.bgc_9.comp_col.pe1._28_/ZN
 core.bgc_9.comp_col.pe1._29_/ZN
 core.bgc_9.comp_col.pe1._30_/ZN
 core.bgc_9.comp_col.pe1._31_/ZN
 core.bgc_9.comp_col.pe1._32_/ZN
 core.bgc_9.comp_col.pe1._33_/ZN
 core.bgc_9.comp_col.pe1._34_/ZN
 core.bgc_9.comp_col.pe1._35_/ZN
 core.bgc_9.comp_col.pe1._36_/ZN
 core.bgc_9.comp_col.pe1._37_/ZN
 core.bgc_9.comp_col.pe1._38_/ZN
 core.bgc_9.comp_col.pe1._39_/ZN
 core.bgc_9.comp_col.pe2._18_/ZN
 core.bgc_9.comp_col.pe2._19_/ZN
 core.bgc_9.comp_col.pe2._20_/ZN
 core.bgc_9.comp_col.pe2._21_/ZN
 core.bgc_9.comp_col.pe2._22_/ZN
 core.bgc_9.comp_col.pe2._23_/ZN
 core.bgc_9.comp_col.pe2._24_/ZN
 core.bgc_9.comp_col.pe2._25_/ZN
 core.bgc_9.comp_col.pe2._26_/ZN
 core.bgc_9.comp_col.pe2._27_/ZN
 core.bgc_9.comp_col.pe2._28_/ZN
 core.bgc_9.comp_col.pe2._29_/ZN
 core.bgc_9.comp_col.pe2._30_/ZN
 core.bgc_9.comp_col.pe2._31_/ZN
 core.bgc_9.comp_col.pe2._32_/ZN
 core.bgc_9.comp_col.pe2._33_/ZN
 core.bgc_9.comp_col.pe2._34_/ZN
 core.bgc_9.comp_col.pe2._35_/ZN
 core.bgc_9.comp_col.pe2._36_/ZN
 core.bgc_9.comp_col.pe2._37_/ZN
 core.bgc_9.comp_col.pe2._38_/ZN
 core.bgc_9.comp_col.pe2._39_/ZN
 core.bgc_9.comp_row._20_/ZN
 core.bgc_9.comp_row._21_/ZN
 core.bgc_9.comp_row._22_/ZN
 core.bgc_9.comp_row._23_/ZN
 core.bgc_9.comp_row._24_/ZN
 core.bgc_9.comp_row._25_/ZN
 core.bgc_9.comp_row._26_/ZN
 core.bgc_9.comp_row._27_/ZN
 core.bgc_9.comp_row._28_/ZN
 core.bgc_9.comp_row._29_/ZN
 core.bgc_9.comp_row._30_/ZN
 core.bgc_9.comp_row._31_/ZN
 core.bgc_9.comp_row._32_/ZN
 core.bgc_9.comp_row._33_/ZN
 core.bgc_9.comp_row._34_/ZN
 core.bgc_9.comp_row._35_/ZN
 core.bgc_9.comp_row._36_/ZN
 core.bgc_9.comp_row._37_/ZN
 core.bgc_9.comp_row._38_/ZN
 core.bgc_9.comp_row._39_/ZN
 core.bgc_9.comp_row._40_/ZN
 core.bgc_9.comp_row._41_/ZN
 core.bgc_9.comp_row._42_/ZN
 core.bgc_9.comp_row._43_/ZN
 core.bgc_9.comp_row._44_/ZN
 core.bgc_9.comp_row._45_/ZN
 core.bgc_9.comp_row._46_/ZN
 core.bgc_9.comp_row._47_/ZN
 core.bgc_9.comp_row._48_/Z
 core.bgc_9.comp_row._49_/Z
 core.bgc_9.comp_row._50_/Z
 core.bgc_9.comp_row._51_/Z
 core.bgc_9.comp_row._52_/Z
 core.bgc_9.comp_row._53_/Z
 core.bgc_9.comp_row._54_/Z
 core.bgc_9.comp_row._55_/Z
 core.bgc_9.comp_row._56_/Z
 core.bgc_9.comp_row._57_/Z
 core.bgc_9.comp_row._58_/Z
 core.bgc_9.comp_row._59_/Z
 core.bgc_9.comp_row._60_/ZN
 core.bgc_9.comp_row._61_/ZN
 core.bgc_9.comp_row._62_/ZN
 core.bgc_9.comp_row._63_/ZN
 core.bgc_9.comp_row._64_/ZN
 core.bgc_9.comp_row.pe1._18_/ZN
 core.bgc_9.comp_row.pe1._19_/ZN
 core.bgc_9.comp_row.pe1._20_/ZN
 core.bgc_9.comp_row.pe1._21_/ZN
 core.bgc_9.comp_row.pe1._22_/ZN
 core.bgc_9.comp_row.pe1._23_/ZN
 core.bgc_9.comp_row.pe1._24_/ZN
 core.bgc_9.comp_row.pe1._25_/ZN
 core.bgc_9.comp_row.pe1._26_/ZN
 core.bgc_9.comp_row.pe1._27_/ZN
 core.bgc_9.comp_row.pe1._28_/ZN
 core.bgc_9.comp_row.pe1._29_/ZN
 core.bgc_9.comp_row.pe1._30_/ZN
 core.bgc_9.comp_row.pe1._31_/ZN
 core.bgc_9.comp_row.pe1._32_/ZN
 core.bgc_9.comp_row.pe1._33_/ZN
 core.bgc_9.comp_row.pe1._34_/ZN
 core.bgc_9.comp_row.pe1._35_/ZN
 core.bgc_9.comp_row.pe1._36_/ZN
 core.bgc_9.comp_row.pe1._37_/ZN
 core.bgc_9.comp_row.pe1._38_/ZN
 core.bgc_9.comp_row.pe1._39_/ZN
 core.bgc_9.comp_row.pe2._18_/ZN
 core.bgc_9.comp_row.pe2._19_/ZN
 core.bgc_9.comp_row.pe2._20_/ZN
 core.bgc_9.comp_row.pe2._21_/ZN
 core.bgc_9.comp_row.pe2._22_/ZN
 core.bgc_9.comp_row.pe2._23_/ZN
 core.bgc_9.comp_row.pe2._24_/ZN
 core.bgc_9.comp_row.pe2._25_/ZN
 core.bgc_9.comp_row.pe2._26_/ZN
 core.bgc_9.comp_row.pe2._27_/ZN
 core.bgc_9.comp_row.pe2._28_/ZN
 core.bgc_9.comp_row.pe2._29_/ZN
 core.bgc_9.comp_row.pe2._30_/ZN
 core.bgc_9.comp_row.pe2._31_/ZN
 core.bgc_9.comp_row.pe2._32_/ZN
 core.bgc_9.comp_row.pe2._33_/ZN
 core.bgc_9.comp_row.pe2._34_/ZN
 core.bgc_9.comp_row.pe2._35_/ZN
 core.bgc_9.comp_row.pe2._36_/ZN
 core.bgc_9.comp_row.pe2._37_/ZN
 core.bgc_9.comp_row.pe2._38_/ZN
 core.bgc_9.comp_row.pe2._39_/ZN
 core.bgc_9.final_counter._29_/ZN
 core.bgc_9.final_counter._30_/ZN
 core.bgc_9.final_counter._31_/ZN
 core.bgc_9.final_counter._32_/ZN
 core.bgc_9.final_counter._33_/ZN
 core.bgc_9.final_counter._34_/ZN
 core.bgc_9.final_counter._35_/ZN
 core.bgc_9.final_counter._36_/ZN
 core.bgc_9.final_counter._37_/ZN
 core.bgc_9.final_counter._38_/ZN
 core.bgc_9.final_counter._39_/Z
 core.bgc_9.final_counter._40_/ZN
 core.bgc_9.final_counter._41_/ZN
 core.bgc_9.final_counter._42_/ZN
 core.bgc_9.final_counter._43_/Z
 core.bgc_9.final_counter._44_/ZN
 core.bgc_9.final_counter._45_/ZN
 core.bgc_9.final_counter._46_/Z
 core.bgc_9.final_counter._47_/ZN
 core.bgc_9.final_counter._48_/ZN
 core.bgc_9.final_counter._49_/Z
 core.bgc_9.final_counter._50_/ZN
 core.bgc_9.final_counter._51_/ZN
 core.bgc_9.final_counter._52_/ZN
 core.bgc_9.final_counter._53_/ZN
 core.bgc_9.final_counter._54_/Z
 core.bgc_9.final_counter._55_/ZN
 core.bgc_9.final_counter._56_/ZN
 core.bgc_9.final_counter._57_/Z
 core.bgc_9.final_counter._58_/ZN
 core.bgc_9.final_counter._59_/ZN
 core.bgc_9.final_counter._60_/ZN
 core.bgc_9.final_counter._61_/ZN
 core.bgc_9.final_counter._62_/ZN
 core.bgc_9.final_counter._63_/ZN
 core.bgc_9.final_counter._64_/ZN
 core.bgc_9.final_counter._65_/ZN
 core.bgc_9.final_counter._66_/ZN
 core.bgc_9.final_counter._67_/Z
 core.bgc_9.final_counter._68_/ZN
 core.bgc_9.final_counter._69_/Q
 core.bgc_9.final_counter._70_/Q
 core.bgc_9.final_counter._71_/Q
 core.bgc_9.final_counter._72_/Q
 core.bgc_9.final_counter._73_/Q
 core.bgc_9.final_counter._74_/Q
 core.bgc_9.final_counter._75_/Q
 core.bgc_9.final_counter._76_/Q
 core.bgc_9.final_counter._77_/Q
 core.bgc_9.final_counter._78_/Q
 core.bgc_9.final_counter._79_/Q
 core.bgc_9.final_counter._80_/Q
 core.bgc_9.lfsr_col._27_/ZN
 core.bgc_9.lfsr_col._28_/ZN
 core.bgc_9.lfsr_col._28__570/ZN
 core.bgc_9.lfsr_col._29_/Z
 core.bgc_9.lfsr_col._29__571/ZN
 core.bgc_9.lfsr_col._30_/Z
 core.bgc_9.lfsr_col._30__572/ZN
 core.bgc_9.lfsr_col._31_/Z
 core.bgc_9.lfsr_col._31__1307/Z
 core.bgc_9.lfsr_col._32_/Z
 core.bgc_9.lfsr_col._32__1308/Z
 core.bgc_9.lfsr_col._33_/Z
 core.bgc_9.lfsr_col._33__573/ZN
 core.bgc_9.lfsr_col._34_/Z
 core.bgc_9.lfsr_col._34__574/ZN
 core.bgc_9.lfsr_col._35_/Z
 core.bgc_9.lfsr_col._35__1309/Z
 core.bgc_9.lfsr_col._36_/Z
 core.bgc_9.lfsr_col._36__1310/Z
 core.bgc_9.lfsr_col._37_/Z
 core.bgc_9.lfsr_col._37__1311/Z
 core.bgc_9.lfsr_col._38_/Z
 core.bgc_9.lfsr_col._38__1312/Z
 core.bgc_9.lfsr_col._39_/Z
 core.bgc_9.lfsr_col._39__1313/Z
 core.bgc_9.lfsr_col._40_/Z
 core.bgc_9.lfsr_col._40__575/ZN
 core.bgc_9.lfsr_col._41_/Z
 core.bgc_9.lfsr_col._42_/Z
 core.bgc_9.lfsr_col._43_/Z
 core.bgc_9.lfsr_col._44_/Z
 core.bgc_9.lfsr_col._44__577/ZN
 core.bgc_9.lfsr_col._45_/Z
 core.bgc_9.lfsr_col._45__1314/Z
 core.bgc_9.lfsr_col._46_/Z
 core.bgc_9.lfsr_col._46__1315/Z
 core.bgc_9.lfsr_col._47_/Z
 core.bgc_9.lfsr_col._47__1316/Z
 core.bgc_9.lfsr_col._48_/Z
 core.bgc_9.lfsr_col._48__1317/Z
 core.bgc_9.lfsr_col._49_/Z
 core.bgc_9.lfsr_col._49__1318/Z
 core.bgc_9.lfsr_col._50_/Z
 core.bgc_9.lfsr_col._50__578/ZN
 core.bgc_9.lfsr_col._51_/Z
 core.bgc_9.lfsr_col._51__579/ZN
 core.bgc_9.lfsr_col._52_/Z
 core.bgc_9.lfsr_col._52__1319/Z
 core.bgc_9.lfsr_col._53_/Z
 core.bgc_9.lfsr_col._53__1320/Z
 core.bgc_9.lfsr_col._54_/Z
 core.bgc_9.lfsr_col._54__581/ZN
 core.bgc_9.lfsr_col._55_/Z
 core.bgc_9.lfsr_col._55__582/ZN
 core.bgc_9.lfsr_col._56_/Z
 core.bgc_9.lfsr_col._57_/Z
 core.bgc_9.lfsr_col._58_/Z
 core.bgc_9.lfsr_col._59_/Z
 core.bgc_9.lfsr_col._60_/Z
 core.bgc_9.lfsr_col._61_/Z
 core.bgc_9.lfsr_col._62_/Z
 core.bgc_9.lfsr_col._63_/Z
 core.bgc_9.lfsr_col._64_/Z
 core.bgc_9.lfsr_col._65_/Z
 core.bgc_9.lfsr_col._66_/ZN
 core.bgc_9.lfsr_col._66__583/ZN
 core.bgc_9.lfsr_col._67_/ZN
 core.bgc_9.lfsr_col._67__1321/Z
 core.bgc_9.lfsr_col._68_/ZN
 core.bgc_9.lfsr_col._68__1322/Z
 core.bgc_9.lfsr_col._69_/ZN
 core.bgc_9.lfsr_col._69__1323/Z
 core.bgc_9.lfsr_col._70_/ZN
 core.bgc_9.lfsr_col._70__1324/Z
 core.bgc_9.lfsr_col._71_/ZN
 core.bgc_9.lfsr_col._71__1325/Z
 core.bgc_9.lfsr_col._72_/ZN
 core.bgc_9.lfsr_col._72__584/ZN
 core.bgc_9.lfsr_col._73_/ZN
 core.bgc_9.lfsr_col._73__585/ZN
 core.bgc_9.lfsr_col._74_/ZN
 core.bgc_9.lfsr_col._74__1327/Z
 core.bgc_9.lfsr_col._75_/ZN
 core.bgc_9.lfsr_col._75__1328/Z
 core.bgc_9.lfsr_col._76_/ZN
 core.bgc_9.lfsr_col._76__586/ZN
 core.bgc_9.lfsr_col._77_/Q
 core.bgc_9.lfsr_col._78_/Q
 core.bgc_9.lfsr_col._79_/Q
 core.bgc_9.lfsr_col._80_/Q
 core.bgc_9.lfsr_col._81_/Q
 core.bgc_9.lfsr_col._82_/Q
 core.bgc_9.lfsr_col._83_/Q
 core.bgc_9.lfsr_col._84_/Q
 core.bgc_9.lfsr_col._85_/Q
 core.bgc_9.lfsr_col._86_/Q
 core.bgc_9.lfsr_col._87_/Q
 core.bgc_9.lfsr_col._88_/Q
 core.bgc_9.lfsr_row._27_/ZN
 core.bgc_9.lfsr_row._28_/ZN
 core.bgc_9.lfsr_row._28__1329/Z
 core.bgc_9.lfsr_row._29_/Z
 core.bgc_9.lfsr_row._29__1330/Z
 core.bgc_9.lfsr_row._30_/Z
 core.bgc_9.lfsr_row._30__587/ZN
 core.bgc_9.lfsr_row._31_/Z
 core.bgc_9.lfsr_row._31__1331/Z
 core.bgc_9.lfsr_row._32_/Z
 core.bgc_9.lfsr_row._32__588/ZN
 core.bgc_9.lfsr_row._33_/Z
 core.bgc_9.lfsr_row._33__589/ZN
 core.bgc_9.lfsr_row._34_/Z
 core.bgc_9.lfsr_row._34__590/ZN
 core.bgc_9.lfsr_row._35_/Z
 core.bgc_9.lfsr_row._35__591/ZN
 core.bgc_9.lfsr_row._36_/Z
 core.bgc_9.lfsr_row._36__1333/Z
 core.bgc_9.lfsr_row._37_/Z
 core.bgc_9.lfsr_row._37__592/ZN
 core.bgc_9.lfsr_row._38_/Z
 core.bgc_9.lfsr_row._38__1334/Z
 core.bgc_9.lfsr_row._39_/Z
 core.bgc_9.lfsr_row._39__1335/Z
 core.bgc_9.lfsr_row._40_/Z
 core.bgc_9.lfsr_row._40__1336/Z
 core.bgc_9.lfsr_row._41_/Z
 core.bgc_9.lfsr_row._42_/Z
 core.bgc_9.lfsr_row._43_/Z
 core.bgc_9.lfsr_row._44_/Z
 core.bgc_9.lfsr_row._44__1337/Z
 core.bgc_9.lfsr_row._45_/Z
 core.bgc_9.lfsr_row._45__1338/Z
 core.bgc_9.lfsr_row._46_/Z
 core.bgc_9.lfsr_row._46__1339/Z
 core.bgc_9.lfsr_row._47_/Z
 core.bgc_9.lfsr_row._47__593/ZN
 core.bgc_9.lfsr_row._48_/Z
 core.bgc_9.lfsr_row._48__1340/Z
 core.bgc_9.lfsr_row._49_/Z
 core.bgc_9.lfsr_row._49__595/ZN
 core.bgc_9.lfsr_row._50_/Z
 core.bgc_9.lfsr_row._50__596/ZN
 core.bgc_9.lfsr_row._51_/Z
 core.bgc_9.lfsr_row._51__597/ZN
 core.bgc_9.lfsr_row._52_/Z
 core.bgc_9.lfsr_row._52__598/ZN
 core.bgc_9.lfsr_row._53_/Z
 core.bgc_9.lfsr_row._53__1341/Z
 core.bgc_9.lfsr_row._54_/Z
 core.bgc_9.lfsr_row._54__599/ZN
 core.bgc_9.lfsr_row._55_/Z
 core.bgc_9.lfsr_row._55__1342/Z
 core.bgc_9.lfsr_row._56_/Z
 core.bgc_9.lfsr_row._57_/Z
 core.bgc_9.lfsr_row._58_/Z
 core.bgc_9.lfsr_row._59_/Z
 core.bgc_9.lfsr_row._60_/Z
 core.bgc_9.lfsr_row._61_/Z
 core.bgc_9.lfsr_row._62_/Z
 core.bgc_9.lfsr_row._63_/Z
 core.bgc_9.lfsr_row._64_/Z
 core.bgc_9.lfsr_row._65_/Z
 core.bgc_9.lfsr_row._66_/ZN
 core.bgc_9.lfsr_row._66__1343/Z
 core.bgc_9.lfsr_row._67_/ZN
 core.bgc_9.lfsr_row._67__1344/Z
 core.bgc_9.lfsr_row._68_/ZN
 core.bgc_9.lfsr_row._68__1346/Z
 core.bgc_9.lfsr_row._69_/ZN
 core.bgc_9.lfsr_row._69__600/ZN
 core.bgc_9.lfsr_row._70_/ZN
 core.bgc_9.lfsr_row._70__1347/Z
 core.bgc_9.lfsr_row._71_/ZN
 core.bgc_9.lfsr_row._71__601/ZN
 core.bgc_9.lfsr_row._72_/ZN
 core.bgc_9.lfsr_row._72__602/ZN
 core.bgc_9.lfsr_row._73_/ZN
 core.bgc_9.lfsr_row._73__603/ZN
 core.bgc_9.lfsr_row._74_/ZN
 core.bgc_9.lfsr_row._74__604/ZN
 core.bgc_9.lfsr_row._75_/ZN
 core.bgc_9.lfsr_row._75__1348/Z
 core.bgc_9.lfsr_row._76_/ZN
 core.bgc_9.lfsr_row._76__605/ZN
 core.bgc_9.lfsr_row._77_/Q
 core.bgc_9.lfsr_row._78_/Q
 core.bgc_9.lfsr_row._79_/Q
 core.bgc_9.lfsr_row._80_/Q
 core.bgc_9.lfsr_row._81_/Q
 core.bgc_9.lfsr_row._82_/Q
 core.bgc_9.lfsr_row._83_/Q
 core.bgc_9.lfsr_row._84_/Q
 core.bgc_9.lfsr_row._85_/Q
 core.bgc_9.lfsr_row._86_/Q
 core.bgc_9.lfsr_row._87_/Q
 core.bgc_9.lfsr_row._88_/Q
 core.bgc_9.row_reg._053_/ZN
 core.bgc_9.row_reg._054_/ZN
 core.bgc_9.row_reg._055_/ZN
 core.bgc_9.row_reg._056_/ZN
 core.bgc_9.row_reg._056__606/ZN
 core.bgc_9.row_reg._057_/ZN
 core.bgc_9.row_reg._058_/ZN
 core.bgc_9.row_reg._058__607/ZN
 core.bgc_9.row_reg._059_/ZN
 core.bgc_9.row_reg._060_/ZN
 core.bgc_9.row_reg._060__608/ZN
 core.bgc_9.row_reg._061_/ZN
 core.bgc_9.row_reg._062_/ZN
 core.bgc_9.row_reg._062__609/ZN
 core.bgc_9.row_reg._063_/ZN
 core.bgc_9.row_reg._064_/ZN
 core.bgc_9.row_reg._064__610/ZN
 core.bgc_9.row_reg._065_/ZN
 core.bgc_9.row_reg._066_/ZN
 core.bgc_9.row_reg._066__611/ZN
 core.bgc_9.row_reg._067_/ZN
 core.bgc_9.row_reg._068_/ZN
 core.bgc_9.row_reg._068__612/ZN
 core.bgc_9.row_reg._069_/ZN
 core.bgc_9.row_reg._070_/ZN
 core.bgc_9.row_reg._070__613/ZN
 core.bgc_9.row_reg._071_/ZN
 core.bgc_9.row_reg._072_/ZN
 core.bgc_9.row_reg._072__614/ZN
 core.bgc_9.row_reg._073_/ZN
 core.bgc_9.row_reg._074_/ZN
 core.bgc_9.row_reg._074__615/ZN
 core.bgc_9.row_reg._075_/ZN
 core.bgc_9.row_reg._076_/ZN
 core.bgc_9.row_reg._076__616/ZN
 core.bgc_9.row_reg._077_/ZN
 core.bgc_9.row_reg._078_/ZN
 core.bgc_9.row_reg._078__617/ZN
 core.bgc_9.row_reg._079_/ZN
 core.bgc_9.row_reg._080_/Z
 core.bgc_9.row_reg._081_/ZN
 core.bgc_9.row_reg._082_/ZN
 core.bgc_9.row_reg._083_/ZN
 core.bgc_9.row_reg._084_/ZN
 core.bgc_9.row_reg._085_/ZN
 core.bgc_9.row_reg._086_/ZN
 core.bgc_9.row_reg._087_/ZN
 core.bgc_9.row_reg._088_/ZN
 core.bgc_9.row_reg._089_/ZN
 core.bgc_9.row_reg._090_/ZN
 core.bgc_9.row_reg._091_/ZN
 core.bgc_9.row_reg._092_/ZN
 core.bgc_9.row_reg._093_/ZN
 core.bgc_9.row_reg._094_/ZN
 core.bgc_9.row_reg._095_/ZN
 core.bgc_9.row_reg._096_/ZN
 core.bgc_9.row_reg._097_/ZN
 core.bgc_9.row_reg._098_/ZN
 core.bgc_9.row_reg._099_/ZN
 core.bgc_9.row_reg._100_/ZN
 core.bgc_9.row_reg._101_/ZN
 core.bgc_9.row_reg._102_/ZN
 core.bgc_9.row_reg._103_/ZN
 core.bgc_9.row_reg._104_/ZN
 core.bgc_9.row_reg._105_/ZN
 core.bgc_9.row_reg._106_/ZN
 core.bgc_9.row_reg._107_/ZN
 core.bgc_9.row_reg._108_/ZN
 core.bgc_9.row_reg._109_/ZN
 core.bgc_9.row_reg._110_/ZN
 core.bgc_9.row_reg._111_/ZN
 core.bgc_9.row_reg._112_/ZN
 core.bgc_9.row_reg._113_/ZN
 core.bgc_9.row_reg._114_/ZN
 core.bgc_9.row_reg._115_/ZN
 core.bgc_9.row_reg._116_/ZN
 core.bgc_9.row_reg._117_/Q
 core.bgc_9.row_reg._118_/Q
 core.bgc_9.row_reg._119_/Q
 core.bgc_9.row_reg._120_/Q
 core.bgc_9.row_reg._121_/Q
 core.bgc_9.row_reg._122_/Q
 core.bgc_9.row_reg._123_/Q
 core.bgc_9.row_reg._124_/Q
 core.bgc_9.row_reg._125_/Q
 core.bgc_9.row_reg._126_/Q
 core.bgc_9.row_reg._127_/Q
 core.bgc_9.row_reg._128_/Q
 core.dec_inst._03_/ZN
 core.dec_inst._04_/Z
 core.dec_inst._05_/ZN
 core.dec_inst._06_/Z
 core.dec_inst._07_/Z
 core.dec_inst._08_/Z
 core.dec_inst._09_/ZN
 core.dec_inst._10_/Z
 core.dec_inst._11_/Q
 core.dec_inst._12_/Q
 core.lfsr_enabler._25_/ZN
 core.lfsr_enabler._26_/ZN
 core.lfsr_enabler._27_/ZN
 core.lfsr_enabler._28_/ZN
 core.lfsr_enabler._29_/Z
 core.lfsr_enabler._30_/Z
 core.lfsr_enabler._31_/ZN
 core.lfsr_enabler._32_/ZN
 core.lfsr_enabler._33_/ZN
 core.lfsr_enabler._34_/ZN
 core.lfsr_enabler._35_/Z
 core.lfsr_enabler._36_/ZN
 core.lfsr_enabler._37_/ZN
 core.lfsr_enabler._38_/ZN
 core.lfsr_enabler._39_/Z
 core.lfsr_enabler._40_/ZN
 core.lfsr_enabler._41_/ZN
 core.lfsr_enabler._42_/ZN
 core.lfsr_enabler._43_/Z
 core.lfsr_enabler._44_/ZN
 core.lfsr_enabler._45_/ZN
 core.lfsr_enabler._46_/ZN
 core.lfsr_enabler._47_/Z
 core.lfsr_enabler._48_/ZN
 core.lfsr_enabler._49_/ZN
 core.lfsr_enabler._50_/ZN
 core.lfsr_enabler._51_/Z
 core.lfsr_enabler._52_/ZN
 core.lfsr_enabler._53_/ZN
 core.lfsr_enabler._54_/ZN
 core.lfsr_enabler._55_/Q
 core.lfsr_enabler._56_/Q
 core.lfsr_enabler._57_/Q
 core.lfsr_enabler._58_/Q
 core.lfsr_enabler._59_/Q
 core.lfsr_enabler._60_/Q
 core.lfsr_enabler._61_/Q
 core.res_mem_inst._051_/ZN
 core.res_mem_inst._052_/ZN
 core.res_mem_inst._053_/ZN
 core.res_mem_inst._054_/ZN
 core.res_mem_inst._055_/ZN
 core.res_mem_inst._056_/ZN
 core.res_mem_inst._057_/ZN
 core.res_mem_inst._058_/ZN
 core.res_mem_inst._059_/ZN
 core.res_mem_inst._060_/ZN
 core.res_mem_inst._061_/ZN
 core.res_mem_inst._062_/ZN
 core.res_mem_inst._063_/ZN
 core.res_mem_inst._064_/ZN
 core.res_mem_inst._065_/ZN
 core.res_mem_inst._066_/ZN
 core.res_mem_inst._067_/ZN
 core.res_mem_inst._068_/ZN
 core.res_mem_inst._069_/ZN
 core.res_mem_inst._070_/ZN
 core.res_mem_inst._071_/ZN
 core.res_mem_inst._072_/ZN
 core.res_mem_inst._073_/ZN
 core.res_mem_inst._074_/ZN
 core.res_mem_inst._075_/ZN
 core.res_mem_inst._076_/ZN
 core.res_mem_inst._077_/Z
 core.res_mem_inst._078_/ZN
 core.res_mem_inst._079_/ZN
 core.res_mem_inst._080_/ZN
 core.res_mem_inst._081_/ZN
 core.res_mem_inst._082_/ZN
 core.res_mem_inst._083_/ZN
 core.res_mem_inst._084_/ZN
 core.res_mem_inst._085_/ZN
 core.res_mem_inst._086_/ZN
 core.res_mem_inst._087_/ZN
 core.res_mem_inst._088_/ZN
 core.res_mem_inst._089_/ZN
 core.res_mem_inst._090_/ZN
 core.res_mem_inst._091_/Z
 core.res_mem_inst._092_/Z
 core.res_mem_inst._093_/ZN
 core.res_mem_inst._094_/ZN
 core.res_mem_inst._095_/Z
 core.res_mem_inst._096_/Z
 core.res_mem_inst._097_/ZN
 core.res_mem_inst._098_/ZN
 core.res_mem_inst._099_/Z
 core.res_mem_inst._100_/Z
 core.res_mem_inst._101_/ZN
 core.res_mem_inst._102_/ZN
 core.res_mem_inst._103_/Z
 core.res_mem_inst._104_/Z
 core.res_mem_inst._105_/ZN
 core.res_mem_inst._106_/ZN
 core.res_mem_inst._107_/ZN
 core.res_mem_inst._108_/ZN
 core.res_mem_inst._109_/ZN
 core.res_mem_inst._110_/ZN
 core.res_mem_inst._111_/ZN
 core.res_mem_inst._112_/ZN
 core.res_mem_inst._113_/ZN
 core.res_mem_inst._114_/ZN
 core.res_mem_inst._115_/ZN
 core.res_mem_inst._116_/ZN
 core.res_mem_inst._117_/ZN
 core.res_mem_inst._118_/ZN
 core.res_mem_inst._119_/ZN
 core.res_mem_inst._120_/ZN
 core.res_mem_inst._121_/ZN
 core.res_mem_inst._122_/ZN
 core.res_mem_inst._123_/ZN
 core.res_mem_inst._124_/ZN
 core.res_mem_inst._125_/ZN
 core.res_mem_inst._126_/ZN
 core.res_mem_inst._127_/Z
 core.res_mem_inst._128_/ZN
 core.res_mem_inst._129_/ZN
 core.res_mem_inst._130_/ZN
 core.res_mem_inst._131_/ZN
 core.res_mem_inst._132_/ZN
 core.res_mem_inst._133_/ZN
 core.res_mem_inst._134_/ZN
 core.res_mem_inst._135_/ZN
 core.res_mem_inst._136_/ZN
 core.res_mem_inst._137_/ZN
 core.res_mem_inst._138_/ZN
 core.res_mem_inst._139_/ZN
 core.res_mem_inst._140_/Z
 core.res_mem_inst._141_/ZN
 core.res_mem_inst._142_/Z
 core.res_mem_inst._143_/Z
 core.res_mem_inst._144_/ZN
 core.res_mem_inst._145_/ZN
 core.res_mem_inst._146_/Q
 core.res_mem_inst._147_/Q
 core.res_mem_inst._148_/Q
 core.res_mem_inst._149_/Q
 core.res_mem_inst._150_/Q
 core.res_mem_inst._151_/Q
 core.res_mem_inst._152_/Q
 core.res_mem_inst._153_/Q
 core.res_mem_inst._154_/Q
 core.res_mem_inst._155_/Q
 core.res_mem_inst._156_/Q
 core.res_mem_inst._157_/Q
 core.res_mem_inst.out_dec_inst._03_/ZN
 core.res_mem_inst.out_dec_inst._04_/Z
 core.res_mem_inst.out_dec_inst._05_/ZN
 core.res_mem_inst.out_dec_inst._06_/Z
 core.res_mem_inst.out_dec_inst._07_/Z
 core.res_mem_inst.out_dec_inst._08_/Z
 core.res_mem_inst.out_dec_inst._09_/ZN
 core.res_mem_inst.out_dec_inst._10_/Z
 core.res_mem_inst.out_dec_inst._11_/Q
 core.res_mem_inst.out_dec_inst._12_/Q
 core.res_mem_inst.slot\[0\].slot_reg._053_/ZN
 core.res_mem_inst.slot\[0\].slot_reg._054_/ZN
 core.res_mem_inst.slot\[0\].slot_reg._055_/ZN
 core.res_mem_inst.slot\[0\].slot_reg._056_/ZN
 core.res_mem_inst.slot\[0\].slot_reg._057_/ZN
 core.res_mem_inst.slot\[0\].slot_reg._058_/ZN
 core.res_mem_inst.slot\[0\].slot_reg._059_/ZN
 core.res_mem_inst.slot\[0\].slot_reg._060_/ZN
 core.res_mem_inst.slot\[0\].slot_reg._061_/ZN
 core.res_mem_inst.slot\[0\].slot_reg._062_/ZN
 core.res_mem_inst.slot\[0\].slot_reg._063_/ZN
 core.res_mem_inst.slot\[0\].slot_reg._064_/ZN
 core.res_mem_inst.slot\[0\].slot_reg._065_/ZN
 core.res_mem_inst.slot\[0\].slot_reg._066_/ZN
 core.res_mem_inst.slot\[0\].slot_reg._067_/ZN
 core.res_mem_inst.slot\[0\].slot_reg._068_/ZN
 core.res_mem_inst.slot\[0\].slot_reg._069_/ZN
 core.res_mem_inst.slot\[0\].slot_reg._070_/ZN
 core.res_mem_inst.slot\[0\].slot_reg._071_/ZN
 core.res_mem_inst.slot\[0\].slot_reg._072_/ZN
 core.res_mem_inst.slot\[0\].slot_reg._073_/ZN
 core.res_mem_inst.slot\[0\].slot_reg._074_/ZN
 core.res_mem_inst.slot\[0\].slot_reg._075_/ZN
 core.res_mem_inst.slot\[0\].slot_reg._076_/ZN
 core.res_mem_inst.slot\[0\].slot_reg._077_/ZN
 core.res_mem_inst.slot\[0\].slot_reg._077__618/ZN
 core.res_mem_inst.slot\[0\].slot_reg._078_/ZN
 core.res_mem_inst.slot\[0\].slot_reg._079_/ZN
 core.res_mem_inst.slot\[0\].slot_reg._080_/Z
 core.res_mem_inst.slot\[0\].slot_reg._081_/ZN
 core.res_mem_inst.slot\[0\].slot_reg._082_/ZN
 core.res_mem_inst.slot\[0\].slot_reg._083_/ZN
 core.res_mem_inst.slot\[0\].slot_reg._084_/ZN
 core.res_mem_inst.slot\[0\].slot_reg._085_/ZN
 core.res_mem_inst.slot\[0\].slot_reg._086_/ZN
 core.res_mem_inst.slot\[0\].slot_reg._087_/ZN
 core.res_mem_inst.slot\[0\].slot_reg._088_/ZN
 core.res_mem_inst.slot\[0\].slot_reg._089_/ZN
 core.res_mem_inst.slot\[0\].slot_reg._090_/ZN
 core.res_mem_inst.slot\[0\].slot_reg._091_/ZN
 core.res_mem_inst.slot\[0\].slot_reg._092_/ZN
 core.res_mem_inst.slot\[0\].slot_reg._093_/ZN
 core.res_mem_inst.slot\[0\].slot_reg._094_/ZN
 core.res_mem_inst.slot\[0\].slot_reg._095_/ZN
 core.res_mem_inst.slot\[0\].slot_reg._096_/ZN
 core.res_mem_inst.slot\[0\].slot_reg._097_/ZN
 core.res_mem_inst.slot\[0\].slot_reg._098_/ZN
 core.res_mem_inst.slot\[0\].slot_reg._099_/ZN
 core.res_mem_inst.slot\[0\].slot_reg._100_/ZN
 core.res_mem_inst.slot\[0\].slot_reg._101_/ZN
 core.res_mem_inst.slot\[0\].slot_reg._102_/ZN
 core.res_mem_inst.slot\[0\].slot_reg._103_/ZN
 core.res_mem_inst.slot\[0\].slot_reg._104_/ZN
 core.res_mem_inst.slot\[0\].slot_reg._105_/ZN
 core.res_mem_inst.slot\[0\].slot_reg._106_/ZN
 core.res_mem_inst.slot\[0\].slot_reg._107_/ZN
 core.res_mem_inst.slot\[0\].slot_reg._108_/ZN
 core.res_mem_inst.slot\[0\].slot_reg._109_/ZN
 core.res_mem_inst.slot\[0\].slot_reg._110_/ZN
 core.res_mem_inst.slot\[0\].slot_reg._111_/ZN
 core.res_mem_inst.slot\[0\].slot_reg._112_/ZN
 core.res_mem_inst.slot\[0\].slot_reg._113_/ZN
 core.res_mem_inst.slot\[0\].slot_reg._114_/ZN
 core.res_mem_inst.slot\[0\].slot_reg._115_/ZN
 core.res_mem_inst.slot\[0\].slot_reg._116_/ZN
 core.res_mem_inst.slot\[0\].slot_reg._117_/Q
 core.res_mem_inst.slot\[0\].slot_reg._118_/Q
 core.res_mem_inst.slot\[0\].slot_reg._119_/Q
 core.res_mem_inst.slot\[0\].slot_reg._120_/Q
 core.res_mem_inst.slot\[0\].slot_reg._121_/Q
 core.res_mem_inst.slot\[0\].slot_reg._122_/Q
 core.res_mem_inst.slot\[0\].slot_reg._123_/Q
 core.res_mem_inst.slot\[0\].slot_reg._124_/Q
 core.res_mem_inst.slot\[0\].slot_reg._125_/Q
 core.res_mem_inst.slot\[0\].slot_reg._126_/Q
 core.res_mem_inst.slot\[0\].slot_reg._127_/Q
 core.res_mem_inst.slot\[0\].slot_reg._128_/Q
 core.res_mem_inst.slot\[10\].slot_reg._053_/ZN
 core.res_mem_inst.slot\[10\].slot_reg._054_/ZN
 core.res_mem_inst.slot\[10\].slot_reg._055_/ZN
 core.res_mem_inst.slot\[10\].slot_reg._056_/ZN
 core.res_mem_inst.slot\[10\].slot_reg._057_/ZN
 core.res_mem_inst.slot\[10\].slot_reg._058_/ZN
 core.res_mem_inst.slot\[10\].slot_reg._059_/ZN
 core.res_mem_inst.slot\[10\].slot_reg._060_/ZN
 core.res_mem_inst.slot\[10\].slot_reg._061_/ZN
 core.res_mem_inst.slot\[10\].slot_reg._062_/ZN
 core.res_mem_inst.slot\[10\].slot_reg._063_/ZN
 core.res_mem_inst.slot\[10\].slot_reg._064_/ZN
 core.res_mem_inst.slot\[10\].slot_reg._065_/ZN
 core.res_mem_inst.slot\[10\].slot_reg._066_/ZN
 core.res_mem_inst.slot\[10\].slot_reg._067_/ZN
 core.res_mem_inst.slot\[10\].slot_reg._068_/ZN
 core.res_mem_inst.slot\[10\].slot_reg._069_/ZN
 core.res_mem_inst.slot\[10\].slot_reg._070_/ZN
 core.res_mem_inst.slot\[10\].slot_reg._071_/ZN
 core.res_mem_inst.slot\[10\].slot_reg._072_/ZN
 core.res_mem_inst.slot\[10\].slot_reg._073_/ZN
 core.res_mem_inst.slot\[10\].slot_reg._074_/ZN
 core.res_mem_inst.slot\[10\].slot_reg._075_/ZN
 core.res_mem_inst.slot\[10\].slot_reg._076_/ZN
 core.res_mem_inst.slot\[10\].slot_reg._077_/ZN
 core.res_mem_inst.slot\[10\].slot_reg._077__619/ZN
 core.res_mem_inst.slot\[10\].slot_reg._078_/ZN
 core.res_mem_inst.slot\[10\].slot_reg._079_/ZN
 core.res_mem_inst.slot\[10\].slot_reg._080_/Z
 core.res_mem_inst.slot\[10\].slot_reg._081_/ZN
 core.res_mem_inst.slot\[10\].slot_reg._082_/ZN
 core.res_mem_inst.slot\[10\].slot_reg._083_/ZN
 core.res_mem_inst.slot\[10\].slot_reg._084_/ZN
 core.res_mem_inst.slot\[10\].slot_reg._085_/ZN
 core.res_mem_inst.slot\[10\].slot_reg._086_/ZN
 core.res_mem_inst.slot\[10\].slot_reg._087_/ZN
 core.res_mem_inst.slot\[10\].slot_reg._088_/ZN
 core.res_mem_inst.slot\[10\].slot_reg._089_/ZN
 core.res_mem_inst.slot\[10\].slot_reg._090_/ZN
 core.res_mem_inst.slot\[10\].slot_reg._091_/ZN
 core.res_mem_inst.slot\[10\].slot_reg._092_/ZN
 core.res_mem_inst.slot\[10\].slot_reg._093_/ZN
 core.res_mem_inst.slot\[10\].slot_reg._094_/ZN
 core.res_mem_inst.slot\[10\].slot_reg._095_/ZN
 core.res_mem_inst.slot\[10\].slot_reg._096_/ZN
 core.res_mem_inst.slot\[10\].slot_reg._097_/ZN
 core.res_mem_inst.slot\[10\].slot_reg._098_/ZN
 core.res_mem_inst.slot\[10\].slot_reg._099_/ZN
 core.res_mem_inst.slot\[10\].slot_reg._100_/ZN
 core.res_mem_inst.slot\[10\].slot_reg._101_/ZN
 core.res_mem_inst.slot\[10\].slot_reg._102_/ZN
 core.res_mem_inst.slot\[10\].slot_reg._103_/ZN
 core.res_mem_inst.slot\[10\].slot_reg._104_/ZN
 core.res_mem_inst.slot\[10\].slot_reg._105_/ZN
 core.res_mem_inst.slot\[10\].slot_reg._106_/ZN
 core.res_mem_inst.slot\[10\].slot_reg._107_/ZN
 core.res_mem_inst.slot\[10\].slot_reg._108_/ZN
 core.res_mem_inst.slot\[10\].slot_reg._109_/ZN
 core.res_mem_inst.slot\[10\].slot_reg._110_/ZN
 core.res_mem_inst.slot\[10\].slot_reg._111_/ZN
 core.res_mem_inst.slot\[10\].slot_reg._112_/ZN
 core.res_mem_inst.slot\[10\].slot_reg._113_/ZN
 core.res_mem_inst.slot\[10\].slot_reg._114_/ZN
 core.res_mem_inst.slot\[10\].slot_reg._115_/ZN
 core.res_mem_inst.slot\[10\].slot_reg._116_/ZN
 core.res_mem_inst.slot\[10\].slot_reg._117_/Q
 core.res_mem_inst.slot\[10\].slot_reg._118_/Q
 core.res_mem_inst.slot\[10\].slot_reg._119_/Q
 core.res_mem_inst.slot\[10\].slot_reg._120_/Q
 core.res_mem_inst.slot\[10\].slot_reg._121_/Q
 core.res_mem_inst.slot\[10\].slot_reg._122_/Q
 core.res_mem_inst.slot\[10\].slot_reg._123_/Q
 core.res_mem_inst.slot\[10\].slot_reg._124_/Q
 core.res_mem_inst.slot\[10\].slot_reg._125_/Q
 core.res_mem_inst.slot\[10\].slot_reg._126_/Q
 core.res_mem_inst.slot\[10\].slot_reg._127_/Q
 core.res_mem_inst.slot\[10\].slot_reg._128_/Q
 core.res_mem_inst.slot\[11\].slot_reg._053_/ZN
 core.res_mem_inst.slot\[11\].slot_reg._054_/ZN
 core.res_mem_inst.slot\[11\].slot_reg._055_/ZN
 core.res_mem_inst.slot\[11\].slot_reg._056_/ZN
 core.res_mem_inst.slot\[11\].slot_reg._057_/ZN
 core.res_mem_inst.slot\[11\].slot_reg._058_/ZN
 core.res_mem_inst.slot\[11\].slot_reg._059_/ZN
 core.res_mem_inst.slot\[11\].slot_reg._060_/ZN
 core.res_mem_inst.slot\[11\].slot_reg._061_/ZN
 core.res_mem_inst.slot\[11\].slot_reg._062_/ZN
 core.res_mem_inst.slot\[11\].slot_reg._063_/ZN
 core.res_mem_inst.slot\[11\].slot_reg._064_/ZN
 core.res_mem_inst.slot\[11\].slot_reg._065_/ZN
 core.res_mem_inst.slot\[11\].slot_reg._066_/ZN
 core.res_mem_inst.slot\[11\].slot_reg._067_/ZN
 core.res_mem_inst.slot\[11\].slot_reg._068_/ZN
 core.res_mem_inst.slot\[11\].slot_reg._069_/ZN
 core.res_mem_inst.slot\[11\].slot_reg._070_/ZN
 core.res_mem_inst.slot\[11\].slot_reg._071_/ZN
 core.res_mem_inst.slot\[11\].slot_reg._072_/ZN
 core.res_mem_inst.slot\[11\].slot_reg._073_/ZN
 core.res_mem_inst.slot\[11\].slot_reg._074_/ZN
 core.res_mem_inst.slot\[11\].slot_reg._075_/ZN
 core.res_mem_inst.slot\[11\].slot_reg._076_/ZN
 core.res_mem_inst.slot\[11\].slot_reg._077_/ZN
 core.res_mem_inst.slot\[11\].slot_reg._077__620/ZN
 core.res_mem_inst.slot\[11\].slot_reg._078_/ZN
 core.res_mem_inst.slot\[11\].slot_reg._079_/ZN
 core.res_mem_inst.slot\[11\].slot_reg._080_/Z
 core.res_mem_inst.slot\[11\].slot_reg._081_/ZN
 core.res_mem_inst.slot\[11\].slot_reg._082_/ZN
 core.res_mem_inst.slot\[11\].slot_reg._083_/ZN
 core.res_mem_inst.slot\[11\].slot_reg._084_/ZN
 core.res_mem_inst.slot\[11\].slot_reg._085_/ZN
 core.res_mem_inst.slot\[11\].slot_reg._086_/ZN
 core.res_mem_inst.slot\[11\].slot_reg._087_/ZN
 core.res_mem_inst.slot\[11\].slot_reg._088_/ZN
 core.res_mem_inst.slot\[11\].slot_reg._089_/ZN
 core.res_mem_inst.slot\[11\].slot_reg._090_/ZN
 core.res_mem_inst.slot\[11\].slot_reg._091_/ZN
 core.res_mem_inst.slot\[11\].slot_reg._092_/ZN
 core.res_mem_inst.slot\[11\].slot_reg._093_/ZN
 core.res_mem_inst.slot\[11\].slot_reg._094_/ZN
 core.res_mem_inst.slot\[11\].slot_reg._095_/ZN
 core.res_mem_inst.slot\[11\].slot_reg._096_/ZN
 core.res_mem_inst.slot\[11\].slot_reg._097_/ZN
 core.res_mem_inst.slot\[11\].slot_reg._098_/ZN
 core.res_mem_inst.slot\[11\].slot_reg._099_/ZN
 core.res_mem_inst.slot\[11\].slot_reg._100_/ZN
 core.res_mem_inst.slot\[11\].slot_reg._101_/ZN
 core.res_mem_inst.slot\[11\].slot_reg._102_/ZN
 core.res_mem_inst.slot\[11\].slot_reg._103_/ZN
 core.res_mem_inst.slot\[11\].slot_reg._104_/ZN
 core.res_mem_inst.slot\[11\].slot_reg._105_/ZN
 core.res_mem_inst.slot\[11\].slot_reg._106_/ZN
 core.res_mem_inst.slot\[11\].slot_reg._107_/ZN
 core.res_mem_inst.slot\[11\].slot_reg._108_/ZN
 core.res_mem_inst.slot\[11\].slot_reg._109_/ZN
 core.res_mem_inst.slot\[11\].slot_reg._110_/ZN
 core.res_mem_inst.slot\[11\].slot_reg._111_/ZN
 core.res_mem_inst.slot\[11\].slot_reg._112_/ZN
 core.res_mem_inst.slot\[11\].slot_reg._113_/ZN
 core.res_mem_inst.slot\[11\].slot_reg._114_/ZN
 core.res_mem_inst.slot\[11\].slot_reg._115_/ZN
 core.res_mem_inst.slot\[11\].slot_reg._116_/ZN
 core.res_mem_inst.slot\[11\].slot_reg._117_/Q
 core.res_mem_inst.slot\[11\].slot_reg._118_/Q
 core.res_mem_inst.slot\[11\].slot_reg._119_/Q
 core.res_mem_inst.slot\[11\].slot_reg._120_/Q
 core.res_mem_inst.slot\[11\].slot_reg._121_/Q
 core.res_mem_inst.slot\[11\].slot_reg._122_/Q
 core.res_mem_inst.slot\[11\].slot_reg._123_/Q
 core.res_mem_inst.slot\[11\].slot_reg._124_/Q
 core.res_mem_inst.slot\[11\].slot_reg._125_/Q
 core.res_mem_inst.slot\[11\].slot_reg._126_/Q
 core.res_mem_inst.slot\[11\].slot_reg._127_/Q
 core.res_mem_inst.slot\[11\].slot_reg._128_/Q
 core.res_mem_inst.slot\[12\].slot_reg._053_/ZN
 core.res_mem_inst.slot\[12\].slot_reg._054_/ZN
 core.res_mem_inst.slot\[12\].slot_reg._055_/ZN
 core.res_mem_inst.slot\[12\].slot_reg._056_/ZN
 core.res_mem_inst.slot\[12\].slot_reg._057_/ZN
 core.res_mem_inst.slot\[12\].slot_reg._058_/ZN
 core.res_mem_inst.slot\[12\].slot_reg._059_/ZN
 core.res_mem_inst.slot\[12\].slot_reg._060_/ZN
 core.res_mem_inst.slot\[12\].slot_reg._061_/ZN
 core.res_mem_inst.slot\[12\].slot_reg._062_/ZN
 core.res_mem_inst.slot\[12\].slot_reg._063_/ZN
 core.res_mem_inst.slot\[12\].slot_reg._064_/ZN
 core.res_mem_inst.slot\[12\].slot_reg._065_/ZN
 core.res_mem_inst.slot\[12\].slot_reg._066_/ZN
 core.res_mem_inst.slot\[12\].slot_reg._067_/ZN
 core.res_mem_inst.slot\[12\].slot_reg._068_/ZN
 core.res_mem_inst.slot\[12\].slot_reg._069_/ZN
 core.res_mem_inst.slot\[12\].slot_reg._070_/ZN
 core.res_mem_inst.slot\[12\].slot_reg._071_/ZN
 core.res_mem_inst.slot\[12\].slot_reg._072_/ZN
 core.res_mem_inst.slot\[12\].slot_reg._073_/ZN
 core.res_mem_inst.slot\[12\].slot_reg._074_/ZN
 core.res_mem_inst.slot\[12\].slot_reg._075_/ZN
 core.res_mem_inst.slot\[12\].slot_reg._076_/ZN
 core.res_mem_inst.slot\[12\].slot_reg._077_/ZN
 core.res_mem_inst.slot\[12\].slot_reg._077__621/ZN
 core.res_mem_inst.slot\[12\].slot_reg._078_/ZN
 core.res_mem_inst.slot\[12\].slot_reg._079_/ZN
 core.res_mem_inst.slot\[12\].slot_reg._080_/Z
 core.res_mem_inst.slot\[12\].slot_reg._081_/ZN
 core.res_mem_inst.slot\[12\].slot_reg._082_/ZN
 core.res_mem_inst.slot\[12\].slot_reg._083_/ZN
 core.res_mem_inst.slot\[12\].slot_reg._084_/ZN
 core.res_mem_inst.slot\[12\].slot_reg._085_/ZN
 core.res_mem_inst.slot\[12\].slot_reg._086_/ZN
 core.res_mem_inst.slot\[12\].slot_reg._087_/ZN
 core.res_mem_inst.slot\[12\].slot_reg._088_/ZN
 core.res_mem_inst.slot\[12\].slot_reg._089_/ZN
 core.res_mem_inst.slot\[12\].slot_reg._090_/ZN
 core.res_mem_inst.slot\[12\].slot_reg._091_/ZN
 core.res_mem_inst.slot\[12\].slot_reg._092_/ZN
 core.res_mem_inst.slot\[12\].slot_reg._093_/ZN
 core.res_mem_inst.slot\[12\].slot_reg._094_/ZN
 core.res_mem_inst.slot\[12\].slot_reg._095_/ZN
 core.res_mem_inst.slot\[12\].slot_reg._096_/ZN
 core.res_mem_inst.slot\[12\].slot_reg._097_/ZN
 core.res_mem_inst.slot\[12\].slot_reg._098_/ZN
 core.res_mem_inst.slot\[12\].slot_reg._099_/ZN
 core.res_mem_inst.slot\[12\].slot_reg._100_/ZN
 core.res_mem_inst.slot\[12\].slot_reg._101_/ZN
 core.res_mem_inst.slot\[12\].slot_reg._102_/ZN
 core.res_mem_inst.slot\[12\].slot_reg._103_/ZN
 core.res_mem_inst.slot\[12\].slot_reg._104_/ZN
 core.res_mem_inst.slot\[12\].slot_reg._105_/ZN
 core.res_mem_inst.slot\[12\].slot_reg._106_/ZN
 core.res_mem_inst.slot\[12\].slot_reg._107_/ZN
 core.res_mem_inst.slot\[12\].slot_reg._108_/ZN
 core.res_mem_inst.slot\[12\].slot_reg._109_/ZN
 core.res_mem_inst.slot\[12\].slot_reg._110_/ZN
 core.res_mem_inst.slot\[12\].slot_reg._111_/ZN
 core.res_mem_inst.slot\[12\].slot_reg._112_/ZN
 core.res_mem_inst.slot\[12\].slot_reg._113_/ZN
 core.res_mem_inst.slot\[12\].slot_reg._114_/ZN
 core.res_mem_inst.slot\[12\].slot_reg._115_/ZN
 core.res_mem_inst.slot\[12\].slot_reg._116_/ZN
 core.res_mem_inst.slot\[12\].slot_reg._117_/Q
 core.res_mem_inst.slot\[12\].slot_reg._118_/Q
 core.res_mem_inst.slot\[12\].slot_reg._119_/Q
 core.res_mem_inst.slot\[12\].slot_reg._120_/Q
 core.res_mem_inst.slot\[12\].slot_reg._121_/Q
 core.res_mem_inst.slot\[12\].slot_reg._122_/Q
 core.res_mem_inst.slot\[12\].slot_reg._123_/Q
 core.res_mem_inst.slot\[12\].slot_reg._124_/Q
 core.res_mem_inst.slot\[12\].slot_reg._125_/Q
 core.res_mem_inst.slot\[12\].slot_reg._126_/Q
 core.res_mem_inst.slot\[12\].slot_reg._127_/Q
 core.res_mem_inst.slot\[12\].slot_reg._128_/Q
 core.res_mem_inst.slot\[13\].slot_reg._053_/ZN
 core.res_mem_inst.slot\[13\].slot_reg._054_/ZN
 core.res_mem_inst.slot\[13\].slot_reg._055_/ZN
 core.res_mem_inst.slot\[13\].slot_reg._056_/ZN
 core.res_mem_inst.slot\[13\].slot_reg._057_/ZN
 core.res_mem_inst.slot\[13\].slot_reg._058_/ZN
 core.res_mem_inst.slot\[13\].slot_reg._059_/ZN
 core.res_mem_inst.slot\[13\].slot_reg._060_/ZN
 core.res_mem_inst.slot\[13\].slot_reg._061_/ZN
 core.res_mem_inst.slot\[13\].slot_reg._062_/ZN
 core.res_mem_inst.slot\[13\].slot_reg._063_/ZN
 core.res_mem_inst.slot\[13\].slot_reg._064_/ZN
 core.res_mem_inst.slot\[13\].slot_reg._065_/ZN
 core.res_mem_inst.slot\[13\].slot_reg._066_/ZN
 core.res_mem_inst.slot\[13\].slot_reg._067_/ZN
 core.res_mem_inst.slot\[13\].slot_reg._068_/ZN
 core.res_mem_inst.slot\[13\].slot_reg._069_/ZN
 core.res_mem_inst.slot\[13\].slot_reg._070_/ZN
 core.res_mem_inst.slot\[13\].slot_reg._071_/ZN
 core.res_mem_inst.slot\[13\].slot_reg._072_/ZN
 core.res_mem_inst.slot\[13\].slot_reg._073_/ZN
 core.res_mem_inst.slot\[13\].slot_reg._074_/ZN
 core.res_mem_inst.slot\[13\].slot_reg._075_/ZN
 core.res_mem_inst.slot\[13\].slot_reg._076_/ZN
 core.res_mem_inst.slot\[13\].slot_reg._077_/ZN
 core.res_mem_inst.slot\[13\].slot_reg._077__622/ZN
 core.res_mem_inst.slot\[13\].slot_reg._078_/ZN
 core.res_mem_inst.slot\[13\].slot_reg._079_/ZN
 core.res_mem_inst.slot\[13\].slot_reg._080_/Z
 core.res_mem_inst.slot\[13\].slot_reg._081_/ZN
 core.res_mem_inst.slot\[13\].slot_reg._082_/ZN
 core.res_mem_inst.slot\[13\].slot_reg._083_/ZN
 core.res_mem_inst.slot\[13\].slot_reg._084_/ZN
 core.res_mem_inst.slot\[13\].slot_reg._085_/ZN
 core.res_mem_inst.slot\[13\].slot_reg._086_/ZN
 core.res_mem_inst.slot\[13\].slot_reg._087_/ZN
 core.res_mem_inst.slot\[13\].slot_reg._088_/ZN
 core.res_mem_inst.slot\[13\].slot_reg._089_/ZN
 core.res_mem_inst.slot\[13\].slot_reg._090_/ZN
 core.res_mem_inst.slot\[13\].slot_reg._091_/ZN
 core.res_mem_inst.slot\[13\].slot_reg._092_/ZN
 core.res_mem_inst.slot\[13\].slot_reg._093_/ZN
 core.res_mem_inst.slot\[13\].slot_reg._094_/ZN
 core.res_mem_inst.slot\[13\].slot_reg._095_/ZN
 core.res_mem_inst.slot\[13\].slot_reg._096_/ZN
 core.res_mem_inst.slot\[13\].slot_reg._097_/ZN
 core.res_mem_inst.slot\[13\].slot_reg._098_/ZN
 core.res_mem_inst.slot\[13\].slot_reg._099_/ZN
 core.res_mem_inst.slot\[13\].slot_reg._100_/ZN
 core.res_mem_inst.slot\[13\].slot_reg._101_/ZN
 core.res_mem_inst.slot\[13\].slot_reg._102_/ZN
 core.res_mem_inst.slot\[13\].slot_reg._103_/ZN
 core.res_mem_inst.slot\[13\].slot_reg._104_/ZN
 core.res_mem_inst.slot\[13\].slot_reg._105_/ZN
 core.res_mem_inst.slot\[13\].slot_reg._106_/ZN
 core.res_mem_inst.slot\[13\].slot_reg._107_/ZN
 core.res_mem_inst.slot\[13\].slot_reg._108_/ZN
 core.res_mem_inst.slot\[13\].slot_reg._109_/ZN
 core.res_mem_inst.slot\[13\].slot_reg._110_/ZN
 core.res_mem_inst.slot\[13\].slot_reg._111_/ZN
 core.res_mem_inst.slot\[13\].slot_reg._112_/ZN
 core.res_mem_inst.slot\[13\].slot_reg._113_/ZN
 core.res_mem_inst.slot\[13\].slot_reg._114_/ZN
 core.res_mem_inst.slot\[13\].slot_reg._115_/ZN
 core.res_mem_inst.slot\[13\].slot_reg._116_/ZN
 core.res_mem_inst.slot\[13\].slot_reg._117_/Q
 core.res_mem_inst.slot\[13\].slot_reg._118_/Q
 core.res_mem_inst.slot\[13\].slot_reg._119_/Q
 core.res_mem_inst.slot\[13\].slot_reg._120_/Q
 core.res_mem_inst.slot\[13\].slot_reg._121_/Q
 core.res_mem_inst.slot\[13\].slot_reg._122_/Q
 core.res_mem_inst.slot\[13\].slot_reg._123_/Q
 core.res_mem_inst.slot\[13\].slot_reg._124_/Q
 core.res_mem_inst.slot\[13\].slot_reg._125_/Q
 core.res_mem_inst.slot\[13\].slot_reg._126_/Q
 core.res_mem_inst.slot\[13\].slot_reg._127_/Q
 core.res_mem_inst.slot\[13\].slot_reg._128_/Q
 core.res_mem_inst.slot\[14\].slot_reg._053_/ZN
 core.res_mem_inst.slot\[14\].slot_reg._054_/ZN
 core.res_mem_inst.slot\[14\].slot_reg._055_/ZN
 core.res_mem_inst.slot\[14\].slot_reg._056_/ZN
 core.res_mem_inst.slot\[14\].slot_reg._057_/ZN
 core.res_mem_inst.slot\[14\].slot_reg._058_/ZN
 core.res_mem_inst.slot\[14\].slot_reg._059_/ZN
 core.res_mem_inst.slot\[14\].slot_reg._060_/ZN
 core.res_mem_inst.slot\[14\].slot_reg._061_/ZN
 core.res_mem_inst.slot\[14\].slot_reg._062_/ZN
 core.res_mem_inst.slot\[14\].slot_reg._063_/ZN
 core.res_mem_inst.slot\[14\].slot_reg._064_/ZN
 core.res_mem_inst.slot\[14\].slot_reg._065_/ZN
 core.res_mem_inst.slot\[14\].slot_reg._066_/ZN
 core.res_mem_inst.slot\[14\].slot_reg._067_/ZN
 core.res_mem_inst.slot\[14\].slot_reg._068_/ZN
 core.res_mem_inst.slot\[14\].slot_reg._069_/ZN
 core.res_mem_inst.slot\[14\].slot_reg._070_/ZN
 core.res_mem_inst.slot\[14\].slot_reg._071_/ZN
 core.res_mem_inst.slot\[14\].slot_reg._072_/ZN
 core.res_mem_inst.slot\[14\].slot_reg._073_/ZN
 core.res_mem_inst.slot\[14\].slot_reg._074_/ZN
 core.res_mem_inst.slot\[14\].slot_reg._075_/ZN
 core.res_mem_inst.slot\[14\].slot_reg._076_/ZN
 core.res_mem_inst.slot\[14\].slot_reg._077_/ZN
 core.res_mem_inst.slot\[14\].slot_reg._077__623/ZN
 core.res_mem_inst.slot\[14\].slot_reg._078_/ZN
 core.res_mem_inst.slot\[14\].slot_reg._079_/ZN
 core.res_mem_inst.slot\[14\].slot_reg._080_/Z
 core.res_mem_inst.slot\[14\].slot_reg._081_/ZN
 core.res_mem_inst.slot\[14\].slot_reg._082_/ZN
 core.res_mem_inst.slot\[14\].slot_reg._083_/ZN
 core.res_mem_inst.slot\[14\].slot_reg._084_/ZN
 core.res_mem_inst.slot\[14\].slot_reg._085_/ZN
 core.res_mem_inst.slot\[14\].slot_reg._086_/ZN
 core.res_mem_inst.slot\[14\].slot_reg._087_/ZN
 core.res_mem_inst.slot\[14\].slot_reg._088_/ZN
 core.res_mem_inst.slot\[14\].slot_reg._089_/ZN
 core.res_mem_inst.slot\[14\].slot_reg._090_/ZN
 core.res_mem_inst.slot\[14\].slot_reg._091_/ZN
 core.res_mem_inst.slot\[14\].slot_reg._092_/ZN
 core.res_mem_inst.slot\[14\].slot_reg._093_/ZN
 core.res_mem_inst.slot\[14\].slot_reg._094_/ZN
 core.res_mem_inst.slot\[14\].slot_reg._095_/ZN
 core.res_mem_inst.slot\[14\].slot_reg._096_/ZN
 core.res_mem_inst.slot\[14\].slot_reg._097_/ZN
 core.res_mem_inst.slot\[14\].slot_reg._098_/ZN
 core.res_mem_inst.slot\[14\].slot_reg._099_/ZN
 core.res_mem_inst.slot\[14\].slot_reg._100_/ZN
 core.res_mem_inst.slot\[14\].slot_reg._101_/ZN
 core.res_mem_inst.slot\[14\].slot_reg._102_/ZN
 core.res_mem_inst.slot\[14\].slot_reg._103_/ZN
 core.res_mem_inst.slot\[14\].slot_reg._104_/ZN
 core.res_mem_inst.slot\[14\].slot_reg._105_/ZN
 core.res_mem_inst.slot\[14\].slot_reg._106_/ZN
 core.res_mem_inst.slot\[14\].slot_reg._107_/ZN
 core.res_mem_inst.slot\[14\].slot_reg._108_/ZN
 core.res_mem_inst.slot\[14\].slot_reg._109_/ZN
 core.res_mem_inst.slot\[14\].slot_reg._110_/ZN
 core.res_mem_inst.slot\[14\].slot_reg._111_/ZN
 core.res_mem_inst.slot\[14\].slot_reg._112_/ZN
 core.res_mem_inst.slot\[14\].slot_reg._113_/ZN
 core.res_mem_inst.slot\[14\].slot_reg._114_/ZN
 core.res_mem_inst.slot\[14\].slot_reg._115_/ZN
 core.res_mem_inst.slot\[14\].slot_reg._116_/ZN
 core.res_mem_inst.slot\[14\].slot_reg._117_/Q
 core.res_mem_inst.slot\[14\].slot_reg._118_/Q
 core.res_mem_inst.slot\[14\].slot_reg._119_/Q
 core.res_mem_inst.slot\[14\].slot_reg._120_/Q
 core.res_mem_inst.slot\[14\].slot_reg._121_/Q
 core.res_mem_inst.slot\[14\].slot_reg._122_/Q
 core.res_mem_inst.slot\[14\].slot_reg._123_/Q
 core.res_mem_inst.slot\[14\].slot_reg._124_/Q
 core.res_mem_inst.slot\[14\].slot_reg._125_/Q
 core.res_mem_inst.slot\[14\].slot_reg._126_/Q
 core.res_mem_inst.slot\[14\].slot_reg._127_/Q
 core.res_mem_inst.slot\[14\].slot_reg._128_/Q
 core.res_mem_inst.slot\[15\].slot_reg._053_/ZN
 core.res_mem_inst.slot\[15\].slot_reg._054_/ZN
 core.res_mem_inst.slot\[15\].slot_reg._055_/ZN
 core.res_mem_inst.slot\[15\].slot_reg._056_/ZN
 core.res_mem_inst.slot\[15\].slot_reg._057_/ZN
 core.res_mem_inst.slot\[15\].slot_reg._058_/ZN
 core.res_mem_inst.slot\[15\].slot_reg._059_/ZN
 core.res_mem_inst.slot\[15\].slot_reg._060_/ZN
 core.res_mem_inst.slot\[15\].slot_reg._061_/ZN
 core.res_mem_inst.slot\[15\].slot_reg._062_/ZN
 core.res_mem_inst.slot\[15\].slot_reg._063_/ZN
 core.res_mem_inst.slot\[15\].slot_reg._064_/ZN
 core.res_mem_inst.slot\[15\].slot_reg._065_/ZN
 core.res_mem_inst.slot\[15\].slot_reg._066_/ZN
 core.res_mem_inst.slot\[15\].slot_reg._067_/ZN
 core.res_mem_inst.slot\[15\].slot_reg._068_/ZN
 core.res_mem_inst.slot\[15\].slot_reg._069_/ZN
 core.res_mem_inst.slot\[15\].slot_reg._070_/ZN
 core.res_mem_inst.slot\[15\].slot_reg._071_/ZN
 core.res_mem_inst.slot\[15\].slot_reg._072_/ZN
 core.res_mem_inst.slot\[15\].slot_reg._073_/ZN
 core.res_mem_inst.slot\[15\].slot_reg._074_/ZN
 core.res_mem_inst.slot\[15\].slot_reg._075_/ZN
 core.res_mem_inst.slot\[15\].slot_reg._076_/ZN
 core.res_mem_inst.slot\[15\].slot_reg._077_/ZN
 core.res_mem_inst.slot\[15\].slot_reg._077__624/ZN
 core.res_mem_inst.slot\[15\].slot_reg._078_/ZN
 core.res_mem_inst.slot\[15\].slot_reg._079_/ZN
 core.res_mem_inst.slot\[15\].slot_reg._080_/Z
 core.res_mem_inst.slot\[15\].slot_reg._081_/ZN
 core.res_mem_inst.slot\[15\].slot_reg._082_/ZN
 core.res_mem_inst.slot\[15\].slot_reg._083_/ZN
 core.res_mem_inst.slot\[15\].slot_reg._084_/ZN
 core.res_mem_inst.slot\[15\].slot_reg._085_/ZN
 core.res_mem_inst.slot\[15\].slot_reg._086_/ZN
 core.res_mem_inst.slot\[15\].slot_reg._087_/ZN
 core.res_mem_inst.slot\[15\].slot_reg._088_/ZN
 core.res_mem_inst.slot\[15\].slot_reg._089_/ZN
 core.res_mem_inst.slot\[15\].slot_reg._090_/ZN
 core.res_mem_inst.slot\[15\].slot_reg._091_/ZN
 core.res_mem_inst.slot\[15\].slot_reg._092_/ZN
 core.res_mem_inst.slot\[15\].slot_reg._093_/ZN
 core.res_mem_inst.slot\[15\].slot_reg._094_/ZN
 core.res_mem_inst.slot\[15\].slot_reg._095_/ZN
 core.res_mem_inst.slot\[15\].slot_reg._096_/ZN
 core.res_mem_inst.slot\[15\].slot_reg._097_/ZN
 core.res_mem_inst.slot\[15\].slot_reg._098_/ZN
 core.res_mem_inst.slot\[15\].slot_reg._099_/ZN
 core.res_mem_inst.slot\[15\].slot_reg._100_/ZN
 core.res_mem_inst.slot\[15\].slot_reg._101_/ZN
 core.res_mem_inst.slot\[15\].slot_reg._102_/ZN
 core.res_mem_inst.slot\[15\].slot_reg._103_/ZN
 core.res_mem_inst.slot\[15\].slot_reg._104_/ZN
 core.res_mem_inst.slot\[15\].slot_reg._105_/ZN
 core.res_mem_inst.slot\[15\].slot_reg._106_/ZN
 core.res_mem_inst.slot\[15\].slot_reg._107_/ZN
 core.res_mem_inst.slot\[15\].slot_reg._108_/ZN
 core.res_mem_inst.slot\[15\].slot_reg._109_/ZN
 core.res_mem_inst.slot\[15\].slot_reg._110_/ZN
 core.res_mem_inst.slot\[15\].slot_reg._111_/ZN
 core.res_mem_inst.slot\[15\].slot_reg._112_/ZN
 core.res_mem_inst.slot\[15\].slot_reg._113_/ZN
 core.res_mem_inst.slot\[15\].slot_reg._114_/ZN
 core.res_mem_inst.slot\[15\].slot_reg._115_/ZN
 core.res_mem_inst.slot\[15\].slot_reg._116_/ZN
 core.res_mem_inst.slot\[15\].slot_reg._117_/Q
 core.res_mem_inst.slot\[15\].slot_reg._118_/Q
 core.res_mem_inst.slot\[15\].slot_reg._119_/Q
 core.res_mem_inst.slot\[15\].slot_reg._120_/Q
 core.res_mem_inst.slot\[15\].slot_reg._121_/Q
 core.res_mem_inst.slot\[15\].slot_reg._122_/Q
 core.res_mem_inst.slot\[15\].slot_reg._123_/Q
 core.res_mem_inst.slot\[15\].slot_reg._124_/Q
 core.res_mem_inst.slot\[15\].slot_reg._125_/Q
 core.res_mem_inst.slot\[15\].slot_reg._126_/Q
 core.res_mem_inst.slot\[15\].slot_reg._127_/Q
 core.res_mem_inst.slot\[15\].slot_reg._128_/Q
 core.res_mem_inst.slot\[1\].slot_reg._053_/ZN
 core.res_mem_inst.slot\[1\].slot_reg._054_/ZN
 core.res_mem_inst.slot\[1\].slot_reg._055_/ZN
 core.res_mem_inst.slot\[1\].slot_reg._056_/ZN
 core.res_mem_inst.slot\[1\].slot_reg._057_/ZN
 core.res_mem_inst.slot\[1\].slot_reg._058_/ZN
 core.res_mem_inst.slot\[1\].slot_reg._059_/ZN
 core.res_mem_inst.slot\[1\].slot_reg._060_/ZN
 core.res_mem_inst.slot\[1\].slot_reg._061_/ZN
 core.res_mem_inst.slot\[1\].slot_reg._062_/ZN
 core.res_mem_inst.slot\[1\].slot_reg._063_/ZN
 core.res_mem_inst.slot\[1\].slot_reg._064_/ZN
 core.res_mem_inst.slot\[1\].slot_reg._065_/ZN
 core.res_mem_inst.slot\[1\].slot_reg._066_/ZN
 core.res_mem_inst.slot\[1\].slot_reg._067_/ZN
 core.res_mem_inst.slot\[1\].slot_reg._068_/ZN
 core.res_mem_inst.slot\[1\].slot_reg._069_/ZN
 core.res_mem_inst.slot\[1\].slot_reg._070_/ZN
 core.res_mem_inst.slot\[1\].slot_reg._071_/ZN
 core.res_mem_inst.slot\[1\].slot_reg._072_/ZN
 core.res_mem_inst.slot\[1\].slot_reg._073_/ZN
 core.res_mem_inst.slot\[1\].slot_reg._074_/ZN
 core.res_mem_inst.slot\[1\].slot_reg._075_/ZN
 core.res_mem_inst.slot\[1\].slot_reg._076_/ZN
 core.res_mem_inst.slot\[1\].slot_reg._077_/ZN
 core.res_mem_inst.slot\[1\].slot_reg._077__625/ZN
 core.res_mem_inst.slot\[1\].slot_reg._078_/ZN
 core.res_mem_inst.slot\[1\].slot_reg._079_/ZN
 core.res_mem_inst.slot\[1\].slot_reg._080_/Z
 core.res_mem_inst.slot\[1\].slot_reg._081_/ZN
 core.res_mem_inst.slot\[1\].slot_reg._082_/ZN
 core.res_mem_inst.slot\[1\].slot_reg._083_/ZN
 core.res_mem_inst.slot\[1\].slot_reg._084_/ZN
 core.res_mem_inst.slot\[1\].slot_reg._085_/ZN
 core.res_mem_inst.slot\[1\].slot_reg._086_/ZN
 core.res_mem_inst.slot\[1\].slot_reg._087_/ZN
 core.res_mem_inst.slot\[1\].slot_reg._088_/ZN
 core.res_mem_inst.slot\[1\].slot_reg._089_/ZN
 core.res_mem_inst.slot\[1\].slot_reg._090_/ZN
 core.res_mem_inst.slot\[1\].slot_reg._091_/ZN
 core.res_mem_inst.slot\[1\].slot_reg._092_/ZN
 core.res_mem_inst.slot\[1\].slot_reg._093_/ZN
 core.res_mem_inst.slot\[1\].slot_reg._094_/ZN
 core.res_mem_inst.slot\[1\].slot_reg._095_/ZN
 core.res_mem_inst.slot\[1\].slot_reg._096_/ZN
 core.res_mem_inst.slot\[1\].slot_reg._097_/ZN
 core.res_mem_inst.slot\[1\].slot_reg._098_/ZN
 core.res_mem_inst.slot\[1\].slot_reg._099_/ZN
 core.res_mem_inst.slot\[1\].slot_reg._100_/ZN
 core.res_mem_inst.slot\[1\].slot_reg._101_/ZN
 core.res_mem_inst.slot\[1\].slot_reg._102_/ZN
 core.res_mem_inst.slot\[1\].slot_reg._103_/ZN
 core.res_mem_inst.slot\[1\].slot_reg._104_/ZN
 core.res_mem_inst.slot\[1\].slot_reg._105_/ZN
 core.res_mem_inst.slot\[1\].slot_reg._106_/ZN
 core.res_mem_inst.slot\[1\].slot_reg._107_/ZN
 core.res_mem_inst.slot\[1\].slot_reg._108_/ZN
 core.res_mem_inst.slot\[1\].slot_reg._109_/ZN
 core.res_mem_inst.slot\[1\].slot_reg._110_/ZN
 core.res_mem_inst.slot\[1\].slot_reg._111_/ZN
 core.res_mem_inst.slot\[1\].slot_reg._112_/ZN
 core.res_mem_inst.slot\[1\].slot_reg._113_/ZN
 core.res_mem_inst.slot\[1\].slot_reg._114_/ZN
 core.res_mem_inst.slot\[1\].slot_reg._115_/ZN
 core.res_mem_inst.slot\[1\].slot_reg._116_/ZN
 core.res_mem_inst.slot\[1\].slot_reg._117_/Q
 core.res_mem_inst.slot\[1\].slot_reg._118_/Q
 core.res_mem_inst.slot\[1\].slot_reg._119_/Q
 core.res_mem_inst.slot\[1\].slot_reg._120_/Q
 core.res_mem_inst.slot\[1\].slot_reg._121_/Q
 core.res_mem_inst.slot\[1\].slot_reg._122_/Q
 core.res_mem_inst.slot\[1\].slot_reg._123_/Q
 core.res_mem_inst.slot\[1\].slot_reg._124_/Q
 core.res_mem_inst.slot\[1\].slot_reg._125_/Q
 core.res_mem_inst.slot\[1\].slot_reg._126_/Q
 core.res_mem_inst.slot\[1\].slot_reg._127_/Q
 core.res_mem_inst.slot\[1\].slot_reg._128_/Q
 core.res_mem_inst.slot\[2\].slot_reg._053_/ZN
 core.res_mem_inst.slot\[2\].slot_reg._054_/ZN
 core.res_mem_inst.slot\[2\].slot_reg._055_/ZN
 core.res_mem_inst.slot\[2\].slot_reg._056_/ZN
 core.res_mem_inst.slot\[2\].slot_reg._057_/ZN
 core.res_mem_inst.slot\[2\].slot_reg._058_/ZN
 core.res_mem_inst.slot\[2\].slot_reg._059_/ZN
 core.res_mem_inst.slot\[2\].slot_reg._060_/ZN
 core.res_mem_inst.slot\[2\].slot_reg._061_/ZN
 core.res_mem_inst.slot\[2\].slot_reg._062_/ZN
 core.res_mem_inst.slot\[2\].slot_reg._063_/ZN
 core.res_mem_inst.slot\[2\].slot_reg._064_/ZN
 core.res_mem_inst.slot\[2\].slot_reg._065_/ZN
 core.res_mem_inst.slot\[2\].slot_reg._066_/ZN
 core.res_mem_inst.slot\[2\].slot_reg._067_/ZN
 core.res_mem_inst.slot\[2\].slot_reg._068_/ZN
 core.res_mem_inst.slot\[2\].slot_reg._069_/ZN
 core.res_mem_inst.slot\[2\].slot_reg._070_/ZN
 core.res_mem_inst.slot\[2\].slot_reg._071_/ZN
 core.res_mem_inst.slot\[2\].slot_reg._072_/ZN
 core.res_mem_inst.slot\[2\].slot_reg._073_/ZN
 core.res_mem_inst.slot\[2\].slot_reg._074_/ZN
 core.res_mem_inst.slot\[2\].slot_reg._075_/ZN
 core.res_mem_inst.slot\[2\].slot_reg._076_/ZN
 core.res_mem_inst.slot\[2\].slot_reg._077_/ZN
 core.res_mem_inst.slot\[2\].slot_reg._077__626/ZN
 core.res_mem_inst.slot\[2\].slot_reg._078_/ZN
 core.res_mem_inst.slot\[2\].slot_reg._079_/ZN
 core.res_mem_inst.slot\[2\].slot_reg._080_/Z
 core.res_mem_inst.slot\[2\].slot_reg._081_/ZN
 core.res_mem_inst.slot\[2\].slot_reg._082_/ZN
 core.res_mem_inst.slot\[2\].slot_reg._083_/ZN
 core.res_mem_inst.slot\[2\].slot_reg._084_/ZN
 core.res_mem_inst.slot\[2\].slot_reg._085_/ZN
 core.res_mem_inst.slot\[2\].slot_reg._086_/ZN
 core.res_mem_inst.slot\[2\].slot_reg._087_/ZN
 core.res_mem_inst.slot\[2\].slot_reg._088_/ZN
 core.res_mem_inst.slot\[2\].slot_reg._089_/ZN
 core.res_mem_inst.slot\[2\].slot_reg._090_/ZN
 core.res_mem_inst.slot\[2\].slot_reg._091_/ZN
 core.res_mem_inst.slot\[2\].slot_reg._092_/ZN
 core.res_mem_inst.slot\[2\].slot_reg._093_/ZN
 core.res_mem_inst.slot\[2\].slot_reg._094_/ZN
 core.res_mem_inst.slot\[2\].slot_reg._095_/ZN
 core.res_mem_inst.slot\[2\].slot_reg._096_/ZN
 core.res_mem_inst.slot\[2\].slot_reg._097_/ZN
 core.res_mem_inst.slot\[2\].slot_reg._098_/ZN
 core.res_mem_inst.slot\[2\].slot_reg._099_/ZN
 core.res_mem_inst.slot\[2\].slot_reg._100_/ZN
 core.res_mem_inst.slot\[2\].slot_reg._101_/ZN
 core.res_mem_inst.slot\[2\].slot_reg._102_/ZN
 core.res_mem_inst.slot\[2\].slot_reg._103_/ZN
 core.res_mem_inst.slot\[2\].slot_reg._104_/ZN
 core.res_mem_inst.slot\[2\].slot_reg._105_/ZN
 core.res_mem_inst.slot\[2\].slot_reg._106_/ZN
 core.res_mem_inst.slot\[2\].slot_reg._107_/ZN
 core.res_mem_inst.slot\[2\].slot_reg._108_/ZN
 core.res_mem_inst.slot\[2\].slot_reg._109_/ZN
 core.res_mem_inst.slot\[2\].slot_reg._110_/ZN
 core.res_mem_inst.slot\[2\].slot_reg._111_/ZN
 core.res_mem_inst.slot\[2\].slot_reg._112_/ZN
 core.res_mem_inst.slot\[2\].slot_reg._113_/ZN
 core.res_mem_inst.slot\[2\].slot_reg._114_/ZN
 core.res_mem_inst.slot\[2\].slot_reg._115_/ZN
 core.res_mem_inst.slot\[2\].slot_reg._116_/ZN
 core.res_mem_inst.slot\[2\].slot_reg._117_/Q
 core.res_mem_inst.slot\[2\].slot_reg._118_/Q
 core.res_mem_inst.slot\[2\].slot_reg._119_/Q
 core.res_mem_inst.slot\[2\].slot_reg._120_/Q
 core.res_mem_inst.slot\[2\].slot_reg._121_/Q
 core.res_mem_inst.slot\[2\].slot_reg._122_/Q
 core.res_mem_inst.slot\[2\].slot_reg._123_/Q
 core.res_mem_inst.slot\[2\].slot_reg._124_/Q
 core.res_mem_inst.slot\[2\].slot_reg._125_/Q
 core.res_mem_inst.slot\[2\].slot_reg._126_/Q
 core.res_mem_inst.slot\[2\].slot_reg._127_/Q
 core.res_mem_inst.slot\[2\].slot_reg._128_/Q
 core.res_mem_inst.slot\[3\].slot_reg._053_/ZN
 core.res_mem_inst.slot\[3\].slot_reg._054_/ZN
 core.res_mem_inst.slot\[3\].slot_reg._055_/ZN
 core.res_mem_inst.slot\[3\].slot_reg._056_/ZN
 core.res_mem_inst.slot\[3\].slot_reg._057_/ZN
 core.res_mem_inst.slot\[3\].slot_reg._058_/ZN
 core.res_mem_inst.slot\[3\].slot_reg._059_/ZN
 core.res_mem_inst.slot\[3\].slot_reg._060_/ZN
 core.res_mem_inst.slot\[3\].slot_reg._061_/ZN
 core.res_mem_inst.slot\[3\].slot_reg._062_/ZN
 core.res_mem_inst.slot\[3\].slot_reg._063_/ZN
 core.res_mem_inst.slot\[3\].slot_reg._064_/ZN
 core.res_mem_inst.slot\[3\].slot_reg._065_/ZN
 core.res_mem_inst.slot\[3\].slot_reg._066_/ZN
 core.res_mem_inst.slot\[3\].slot_reg._067_/ZN
 core.res_mem_inst.slot\[3\].slot_reg._068_/ZN
 core.res_mem_inst.slot\[3\].slot_reg._069_/ZN
 core.res_mem_inst.slot\[3\].slot_reg._070_/ZN
 core.res_mem_inst.slot\[3\].slot_reg._071_/ZN
 core.res_mem_inst.slot\[3\].slot_reg._072_/ZN
 core.res_mem_inst.slot\[3\].slot_reg._073_/ZN
 core.res_mem_inst.slot\[3\].slot_reg._074_/ZN
 core.res_mem_inst.slot\[3\].slot_reg._075_/ZN
 core.res_mem_inst.slot\[3\].slot_reg._076_/ZN
 core.res_mem_inst.slot\[3\].slot_reg._077_/ZN
 core.res_mem_inst.slot\[3\].slot_reg._077__627/ZN
 core.res_mem_inst.slot\[3\].slot_reg._078_/ZN
 core.res_mem_inst.slot\[3\].slot_reg._079_/ZN
 core.res_mem_inst.slot\[3\].slot_reg._080_/Z
 core.res_mem_inst.slot\[3\].slot_reg._081_/ZN
 core.res_mem_inst.slot\[3\].slot_reg._082_/ZN
 core.res_mem_inst.slot\[3\].slot_reg._083_/ZN
 core.res_mem_inst.slot\[3\].slot_reg._084_/ZN
 core.res_mem_inst.slot\[3\].slot_reg._085_/ZN
 core.res_mem_inst.slot\[3\].slot_reg._086_/ZN
 core.res_mem_inst.slot\[3\].slot_reg._087_/ZN
 core.res_mem_inst.slot\[3\].slot_reg._088_/ZN
 core.res_mem_inst.slot\[3\].slot_reg._089_/ZN
 core.res_mem_inst.slot\[3\].slot_reg._090_/ZN
 core.res_mem_inst.slot\[3\].slot_reg._091_/ZN
 core.res_mem_inst.slot\[3\].slot_reg._092_/ZN
 core.res_mem_inst.slot\[3\].slot_reg._093_/ZN
 core.res_mem_inst.slot\[3\].slot_reg._094_/ZN
 core.res_mem_inst.slot\[3\].slot_reg._095_/ZN
 core.res_mem_inst.slot\[3\].slot_reg._096_/ZN
 core.res_mem_inst.slot\[3\].slot_reg._097_/ZN
 core.res_mem_inst.slot\[3\].slot_reg._098_/ZN
 core.res_mem_inst.slot\[3\].slot_reg._099_/ZN
 core.res_mem_inst.slot\[3\].slot_reg._100_/ZN
 core.res_mem_inst.slot\[3\].slot_reg._101_/ZN
 core.res_mem_inst.slot\[3\].slot_reg._102_/ZN
 core.res_mem_inst.slot\[3\].slot_reg._103_/ZN
 core.res_mem_inst.slot\[3\].slot_reg._104_/ZN
 core.res_mem_inst.slot\[3\].slot_reg._105_/ZN
 core.res_mem_inst.slot\[3\].slot_reg._106_/ZN
 core.res_mem_inst.slot\[3\].slot_reg._107_/ZN
 core.res_mem_inst.slot\[3\].slot_reg._108_/ZN
 core.res_mem_inst.slot\[3\].slot_reg._109_/ZN
 core.res_mem_inst.slot\[3\].slot_reg._110_/ZN
 core.res_mem_inst.slot\[3\].slot_reg._111_/ZN
 core.res_mem_inst.slot\[3\].slot_reg._112_/ZN
 core.res_mem_inst.slot\[3\].slot_reg._113_/ZN
 core.res_mem_inst.slot\[3\].slot_reg._114_/ZN
 core.res_mem_inst.slot\[3\].slot_reg._115_/ZN
 core.res_mem_inst.slot\[3\].slot_reg._116_/ZN
 core.res_mem_inst.slot\[3\].slot_reg._117_/Q
 core.res_mem_inst.slot\[3\].slot_reg._118_/Q
 core.res_mem_inst.slot\[3\].slot_reg._119_/Q
 core.res_mem_inst.slot\[3\].slot_reg._120_/Q
 core.res_mem_inst.slot\[3\].slot_reg._121_/Q
 core.res_mem_inst.slot\[3\].slot_reg._122_/Q
 core.res_mem_inst.slot\[3\].slot_reg._123_/Q
 core.res_mem_inst.slot\[3\].slot_reg._124_/Q
 core.res_mem_inst.slot\[3\].slot_reg._125_/Q
 core.res_mem_inst.slot\[3\].slot_reg._126_/Q
 core.res_mem_inst.slot\[3\].slot_reg._127_/Q
 core.res_mem_inst.slot\[3\].slot_reg._128_/Q
 core.res_mem_inst.slot\[4\].slot_reg._053_/ZN
 core.res_mem_inst.slot\[4\].slot_reg._054_/ZN
 core.res_mem_inst.slot\[4\].slot_reg._055_/ZN
 core.res_mem_inst.slot\[4\].slot_reg._056_/ZN
 core.res_mem_inst.slot\[4\].slot_reg._057_/ZN
 core.res_mem_inst.slot\[4\].slot_reg._058_/ZN
 core.res_mem_inst.slot\[4\].slot_reg._059_/ZN
 core.res_mem_inst.slot\[4\].slot_reg._060_/ZN
 core.res_mem_inst.slot\[4\].slot_reg._061_/ZN
 core.res_mem_inst.slot\[4\].slot_reg._062_/ZN
 core.res_mem_inst.slot\[4\].slot_reg._063_/ZN
 core.res_mem_inst.slot\[4\].slot_reg._064_/ZN
 core.res_mem_inst.slot\[4\].slot_reg._065_/ZN
 core.res_mem_inst.slot\[4\].slot_reg._066_/ZN
 core.res_mem_inst.slot\[4\].slot_reg._067_/ZN
 core.res_mem_inst.slot\[4\].slot_reg._068_/ZN
 core.res_mem_inst.slot\[4\].slot_reg._069_/ZN
 core.res_mem_inst.slot\[4\].slot_reg._070_/ZN
 core.res_mem_inst.slot\[4\].slot_reg._071_/ZN
 core.res_mem_inst.slot\[4\].slot_reg._072_/ZN
 core.res_mem_inst.slot\[4\].slot_reg._073_/ZN
 core.res_mem_inst.slot\[4\].slot_reg._074_/ZN
 core.res_mem_inst.slot\[4\].slot_reg._075_/ZN
 core.res_mem_inst.slot\[4\].slot_reg._076_/ZN
 core.res_mem_inst.slot\[4\].slot_reg._077_/ZN
 core.res_mem_inst.slot\[4\].slot_reg._077__628/ZN
 core.res_mem_inst.slot\[4\].slot_reg._078_/ZN
 core.res_mem_inst.slot\[4\].slot_reg._079_/ZN
 core.res_mem_inst.slot\[4\].slot_reg._080_/Z
 core.res_mem_inst.slot\[4\].slot_reg._081_/ZN
 core.res_mem_inst.slot\[4\].slot_reg._082_/ZN
 core.res_mem_inst.slot\[4\].slot_reg._083_/ZN
 core.res_mem_inst.slot\[4\].slot_reg._084_/ZN
 core.res_mem_inst.slot\[4\].slot_reg._085_/ZN
 core.res_mem_inst.slot\[4\].slot_reg._086_/ZN
 core.res_mem_inst.slot\[4\].slot_reg._087_/ZN
 core.res_mem_inst.slot\[4\].slot_reg._088_/ZN
 core.res_mem_inst.slot\[4\].slot_reg._089_/ZN
 core.res_mem_inst.slot\[4\].slot_reg._090_/ZN
 core.res_mem_inst.slot\[4\].slot_reg._091_/ZN
 core.res_mem_inst.slot\[4\].slot_reg._092_/ZN
 core.res_mem_inst.slot\[4\].slot_reg._093_/ZN
 core.res_mem_inst.slot\[4\].slot_reg._094_/ZN
 core.res_mem_inst.slot\[4\].slot_reg._095_/ZN
 core.res_mem_inst.slot\[4\].slot_reg._096_/ZN
 core.res_mem_inst.slot\[4\].slot_reg._097_/ZN
 core.res_mem_inst.slot\[4\].slot_reg._098_/ZN
 core.res_mem_inst.slot\[4\].slot_reg._099_/ZN
 core.res_mem_inst.slot\[4\].slot_reg._100_/ZN
 core.res_mem_inst.slot\[4\].slot_reg._101_/ZN
 core.res_mem_inst.slot\[4\].slot_reg._102_/ZN
 core.res_mem_inst.slot\[4\].slot_reg._103_/ZN
 core.res_mem_inst.slot\[4\].slot_reg._104_/ZN
 core.res_mem_inst.slot\[4\].slot_reg._105_/ZN
 core.res_mem_inst.slot\[4\].slot_reg._106_/ZN
 core.res_mem_inst.slot\[4\].slot_reg._107_/ZN
 core.res_mem_inst.slot\[4\].slot_reg._108_/ZN
 core.res_mem_inst.slot\[4\].slot_reg._109_/ZN
 core.res_mem_inst.slot\[4\].slot_reg._110_/ZN
 core.res_mem_inst.slot\[4\].slot_reg._111_/ZN
 core.res_mem_inst.slot\[4\].slot_reg._112_/ZN
 core.res_mem_inst.slot\[4\].slot_reg._113_/ZN
 core.res_mem_inst.slot\[4\].slot_reg._114_/ZN
 core.res_mem_inst.slot\[4\].slot_reg._115_/ZN
 core.res_mem_inst.slot\[4\].slot_reg._116_/ZN
 core.res_mem_inst.slot\[4\].slot_reg._117_/Q
 core.res_mem_inst.slot\[4\].slot_reg._118_/Q
 core.res_mem_inst.slot\[4\].slot_reg._119_/Q
 core.res_mem_inst.slot\[4\].slot_reg._120_/Q
 core.res_mem_inst.slot\[4\].slot_reg._121_/Q
 core.res_mem_inst.slot\[4\].slot_reg._122_/Q
 core.res_mem_inst.slot\[4\].slot_reg._123_/Q
 core.res_mem_inst.slot\[4\].slot_reg._124_/Q
 core.res_mem_inst.slot\[4\].slot_reg._125_/Q
 core.res_mem_inst.slot\[4\].slot_reg._126_/Q
 core.res_mem_inst.slot\[4\].slot_reg._127_/Q
 core.res_mem_inst.slot\[4\].slot_reg._128_/Q
 core.res_mem_inst.slot\[5\].slot_reg._053_/ZN
 core.res_mem_inst.slot\[5\].slot_reg._054_/ZN
 core.res_mem_inst.slot\[5\].slot_reg._055_/ZN
 core.res_mem_inst.slot\[5\].slot_reg._056_/ZN
 core.res_mem_inst.slot\[5\].slot_reg._057_/ZN
 core.res_mem_inst.slot\[5\].slot_reg._058_/ZN
 core.res_mem_inst.slot\[5\].slot_reg._059_/ZN
 core.res_mem_inst.slot\[5\].slot_reg._060_/ZN
 core.res_mem_inst.slot\[5\].slot_reg._061_/ZN
 core.res_mem_inst.slot\[5\].slot_reg._062_/ZN
 core.res_mem_inst.slot\[5\].slot_reg._063_/ZN
 core.res_mem_inst.slot\[5\].slot_reg._064_/ZN
 core.res_mem_inst.slot\[5\].slot_reg._065_/ZN
 core.res_mem_inst.slot\[5\].slot_reg._066_/ZN
 core.res_mem_inst.slot\[5\].slot_reg._067_/ZN
 core.res_mem_inst.slot\[5\].slot_reg._068_/ZN
 core.res_mem_inst.slot\[5\].slot_reg._069_/ZN
 core.res_mem_inst.slot\[5\].slot_reg._070_/ZN
 core.res_mem_inst.slot\[5\].slot_reg._071_/ZN
 core.res_mem_inst.slot\[5\].slot_reg._072_/ZN
 core.res_mem_inst.slot\[5\].slot_reg._073_/ZN
 core.res_mem_inst.slot\[5\].slot_reg._074_/ZN
 core.res_mem_inst.slot\[5\].slot_reg._075_/ZN
 core.res_mem_inst.slot\[5\].slot_reg._076_/ZN
 core.res_mem_inst.slot\[5\].slot_reg._077_/ZN
 core.res_mem_inst.slot\[5\].slot_reg._077__629/ZN
 core.res_mem_inst.slot\[5\].slot_reg._078_/ZN
 core.res_mem_inst.slot\[5\].slot_reg._079_/ZN
 core.res_mem_inst.slot\[5\].slot_reg._080_/Z
 core.res_mem_inst.slot\[5\].slot_reg._081_/ZN
 core.res_mem_inst.slot\[5\].slot_reg._082_/ZN
 core.res_mem_inst.slot\[5\].slot_reg._083_/ZN
 core.res_mem_inst.slot\[5\].slot_reg._084_/ZN
 core.res_mem_inst.slot\[5\].slot_reg._085_/ZN
 core.res_mem_inst.slot\[5\].slot_reg._086_/ZN
 core.res_mem_inst.slot\[5\].slot_reg._087_/ZN
 core.res_mem_inst.slot\[5\].slot_reg._088_/ZN
 core.res_mem_inst.slot\[5\].slot_reg._089_/ZN
 core.res_mem_inst.slot\[5\].slot_reg._090_/ZN
 core.res_mem_inst.slot\[5\].slot_reg._091_/ZN
 core.res_mem_inst.slot\[5\].slot_reg._092_/ZN
 core.res_mem_inst.slot\[5\].slot_reg._093_/ZN
 core.res_mem_inst.slot\[5\].slot_reg._094_/ZN
 core.res_mem_inst.slot\[5\].slot_reg._095_/ZN
 core.res_mem_inst.slot\[5\].slot_reg._096_/ZN
 core.res_mem_inst.slot\[5\].slot_reg._097_/ZN
 core.res_mem_inst.slot\[5\].slot_reg._098_/ZN
 core.res_mem_inst.slot\[5\].slot_reg._099_/ZN
 core.res_mem_inst.slot\[5\].slot_reg._100_/ZN
 core.res_mem_inst.slot\[5\].slot_reg._101_/ZN
 core.res_mem_inst.slot\[5\].slot_reg._102_/ZN
 core.res_mem_inst.slot\[5\].slot_reg._103_/ZN
 core.res_mem_inst.slot\[5\].slot_reg._104_/ZN
 core.res_mem_inst.slot\[5\].slot_reg._105_/ZN
 core.res_mem_inst.slot\[5\].slot_reg._106_/ZN
 core.res_mem_inst.slot\[5\].slot_reg._107_/ZN
 core.res_mem_inst.slot\[5\].slot_reg._108_/ZN
 core.res_mem_inst.slot\[5\].slot_reg._109_/ZN
 core.res_mem_inst.slot\[5\].slot_reg._110_/ZN
 core.res_mem_inst.slot\[5\].slot_reg._111_/ZN
 core.res_mem_inst.slot\[5\].slot_reg._112_/ZN
 core.res_mem_inst.slot\[5\].slot_reg._113_/ZN
 core.res_mem_inst.slot\[5\].slot_reg._114_/ZN
 core.res_mem_inst.slot\[5\].slot_reg._115_/ZN
 core.res_mem_inst.slot\[5\].slot_reg._116_/ZN
 core.res_mem_inst.slot\[5\].slot_reg._117_/Q
 core.res_mem_inst.slot\[5\].slot_reg._118_/Q
 core.res_mem_inst.slot\[5\].slot_reg._119_/Q
 core.res_mem_inst.slot\[5\].slot_reg._120_/Q
 core.res_mem_inst.slot\[5\].slot_reg._121_/Q
 core.res_mem_inst.slot\[5\].slot_reg._122_/Q
 core.res_mem_inst.slot\[5\].slot_reg._123_/Q
 core.res_mem_inst.slot\[5\].slot_reg._124_/Q
 core.res_mem_inst.slot\[5\].slot_reg._125_/Q
 core.res_mem_inst.slot\[5\].slot_reg._126_/Q
 core.res_mem_inst.slot\[5\].slot_reg._127_/Q
 core.res_mem_inst.slot\[5\].slot_reg._128_/Q
 core.res_mem_inst.slot\[6\].slot_reg._053_/ZN
 core.res_mem_inst.slot\[6\].slot_reg._054_/ZN
 core.res_mem_inst.slot\[6\].slot_reg._055_/ZN
 core.res_mem_inst.slot\[6\].slot_reg._056_/ZN
 core.res_mem_inst.slot\[6\].slot_reg._057_/ZN
 core.res_mem_inst.slot\[6\].slot_reg._058_/ZN
 core.res_mem_inst.slot\[6\].slot_reg._059_/ZN
 core.res_mem_inst.slot\[6\].slot_reg._060_/ZN
 core.res_mem_inst.slot\[6\].slot_reg._061_/ZN
 core.res_mem_inst.slot\[6\].slot_reg._062_/ZN
 core.res_mem_inst.slot\[6\].slot_reg._063_/ZN
 core.res_mem_inst.slot\[6\].slot_reg._064_/ZN
 core.res_mem_inst.slot\[6\].slot_reg._065_/ZN
 core.res_mem_inst.slot\[6\].slot_reg._066_/ZN
 core.res_mem_inst.slot\[6\].slot_reg._067_/ZN
 core.res_mem_inst.slot\[6\].slot_reg._068_/ZN
 core.res_mem_inst.slot\[6\].slot_reg._069_/ZN
 core.res_mem_inst.slot\[6\].slot_reg._070_/ZN
 core.res_mem_inst.slot\[6\].slot_reg._071_/ZN
 core.res_mem_inst.slot\[6\].slot_reg._072_/ZN
 core.res_mem_inst.slot\[6\].slot_reg._073_/ZN
 core.res_mem_inst.slot\[6\].slot_reg._074_/ZN
 core.res_mem_inst.slot\[6\].slot_reg._075_/ZN
 core.res_mem_inst.slot\[6\].slot_reg._076_/ZN
 core.res_mem_inst.slot\[6\].slot_reg._077_/ZN
 core.res_mem_inst.slot\[6\].slot_reg._077__630/ZN
 core.res_mem_inst.slot\[6\].slot_reg._078_/ZN
 core.res_mem_inst.slot\[6\].slot_reg._079_/ZN
 core.res_mem_inst.slot\[6\].slot_reg._080_/Z
 core.res_mem_inst.slot\[6\].slot_reg._081_/ZN
 core.res_mem_inst.slot\[6\].slot_reg._082_/ZN
 core.res_mem_inst.slot\[6\].slot_reg._083_/ZN
 core.res_mem_inst.slot\[6\].slot_reg._084_/ZN
 core.res_mem_inst.slot\[6\].slot_reg._085_/ZN
 core.res_mem_inst.slot\[6\].slot_reg._086_/ZN
 core.res_mem_inst.slot\[6\].slot_reg._087_/ZN
 core.res_mem_inst.slot\[6\].slot_reg._088_/ZN
 core.res_mem_inst.slot\[6\].slot_reg._089_/ZN
 core.res_mem_inst.slot\[6\].slot_reg._090_/ZN
 core.res_mem_inst.slot\[6\].slot_reg._091_/ZN
 core.res_mem_inst.slot\[6\].slot_reg._092_/ZN
 core.res_mem_inst.slot\[6\].slot_reg._093_/ZN
 core.res_mem_inst.slot\[6\].slot_reg._094_/ZN
 core.res_mem_inst.slot\[6\].slot_reg._095_/ZN
 core.res_mem_inst.slot\[6\].slot_reg._096_/ZN
 core.res_mem_inst.slot\[6\].slot_reg._097_/ZN
 core.res_mem_inst.slot\[6\].slot_reg._098_/ZN
 core.res_mem_inst.slot\[6\].slot_reg._099_/ZN
 core.res_mem_inst.slot\[6\].slot_reg._100_/ZN
 core.res_mem_inst.slot\[6\].slot_reg._101_/ZN
 core.res_mem_inst.slot\[6\].slot_reg._102_/ZN
 core.res_mem_inst.slot\[6\].slot_reg._103_/ZN
 core.res_mem_inst.slot\[6\].slot_reg._104_/ZN
 core.res_mem_inst.slot\[6\].slot_reg._105_/ZN
 core.res_mem_inst.slot\[6\].slot_reg._106_/ZN
 core.res_mem_inst.slot\[6\].slot_reg._107_/ZN
 core.res_mem_inst.slot\[6\].slot_reg._108_/ZN
 core.res_mem_inst.slot\[6\].slot_reg._109_/ZN
 core.res_mem_inst.slot\[6\].slot_reg._110_/ZN
 core.res_mem_inst.slot\[6\].slot_reg._111_/ZN
 core.res_mem_inst.slot\[6\].slot_reg._112_/ZN
 core.res_mem_inst.slot\[6\].slot_reg._113_/ZN
 core.res_mem_inst.slot\[6\].slot_reg._114_/ZN
 core.res_mem_inst.slot\[6\].slot_reg._115_/ZN
 core.res_mem_inst.slot\[6\].slot_reg._116_/ZN
 core.res_mem_inst.slot\[6\].slot_reg._117_/Q
 core.res_mem_inst.slot\[6\].slot_reg._118_/Q
 core.res_mem_inst.slot\[6\].slot_reg._119_/Q
 core.res_mem_inst.slot\[6\].slot_reg._120_/Q
 core.res_mem_inst.slot\[6\].slot_reg._121_/Q
 core.res_mem_inst.slot\[6\].slot_reg._122_/Q
 core.res_mem_inst.slot\[6\].slot_reg._123_/Q
 core.res_mem_inst.slot\[6\].slot_reg._124_/Q
 core.res_mem_inst.slot\[6\].slot_reg._125_/Q
 core.res_mem_inst.slot\[6\].slot_reg._126_/Q
 core.res_mem_inst.slot\[6\].slot_reg._127_/Q
 core.res_mem_inst.slot\[6\].slot_reg._128_/Q
 core.res_mem_inst.slot\[7\].slot_reg._053_/ZN
 core.res_mem_inst.slot\[7\].slot_reg._054_/ZN
 core.res_mem_inst.slot\[7\].slot_reg._055_/ZN
 core.res_mem_inst.slot\[7\].slot_reg._056_/ZN
 core.res_mem_inst.slot\[7\].slot_reg._057_/ZN
 core.res_mem_inst.slot\[7\].slot_reg._058_/ZN
 core.res_mem_inst.slot\[7\].slot_reg._059_/ZN
 core.res_mem_inst.slot\[7\].slot_reg._060_/ZN
 core.res_mem_inst.slot\[7\].slot_reg._061_/ZN
 core.res_mem_inst.slot\[7\].slot_reg._062_/ZN
 core.res_mem_inst.slot\[7\].slot_reg._063_/ZN
 core.res_mem_inst.slot\[7\].slot_reg._064_/ZN
 core.res_mem_inst.slot\[7\].slot_reg._065_/ZN
 core.res_mem_inst.slot\[7\].slot_reg._066_/ZN
 core.res_mem_inst.slot\[7\].slot_reg._067_/ZN
 core.res_mem_inst.slot\[7\].slot_reg._068_/ZN
 core.res_mem_inst.slot\[7\].slot_reg._069_/ZN
 core.res_mem_inst.slot\[7\].slot_reg._070_/ZN
 core.res_mem_inst.slot\[7\].slot_reg._071_/ZN
 core.res_mem_inst.slot\[7\].slot_reg._072_/ZN
 core.res_mem_inst.slot\[7\].slot_reg._073_/ZN
 core.res_mem_inst.slot\[7\].slot_reg._074_/ZN
 core.res_mem_inst.slot\[7\].slot_reg._075_/ZN
 core.res_mem_inst.slot\[7\].slot_reg._076_/ZN
 core.res_mem_inst.slot\[7\].slot_reg._077_/ZN
 core.res_mem_inst.slot\[7\].slot_reg._077__631/ZN
 core.res_mem_inst.slot\[7\].slot_reg._078_/ZN
 core.res_mem_inst.slot\[7\].slot_reg._079_/ZN
 core.res_mem_inst.slot\[7\].slot_reg._080_/Z
 core.res_mem_inst.slot\[7\].slot_reg._081_/ZN
 core.res_mem_inst.slot\[7\].slot_reg._082_/ZN
 core.res_mem_inst.slot\[7\].slot_reg._083_/ZN
 core.res_mem_inst.slot\[7\].slot_reg._084_/ZN
 core.res_mem_inst.slot\[7\].slot_reg._085_/ZN
 core.res_mem_inst.slot\[7\].slot_reg._086_/ZN
 core.res_mem_inst.slot\[7\].slot_reg._087_/ZN
 core.res_mem_inst.slot\[7\].slot_reg._088_/ZN
 core.res_mem_inst.slot\[7\].slot_reg._089_/ZN
 core.res_mem_inst.slot\[7\].slot_reg._090_/ZN
 core.res_mem_inst.slot\[7\].slot_reg._091_/ZN
 core.res_mem_inst.slot\[7\].slot_reg._092_/ZN
 core.res_mem_inst.slot\[7\].slot_reg._093_/ZN
 core.res_mem_inst.slot\[7\].slot_reg._094_/ZN
 core.res_mem_inst.slot\[7\].slot_reg._095_/ZN
 core.res_mem_inst.slot\[7\].slot_reg._096_/ZN
 core.res_mem_inst.slot\[7\].slot_reg._097_/ZN
 core.res_mem_inst.slot\[7\].slot_reg._098_/ZN
 core.res_mem_inst.slot\[7\].slot_reg._099_/ZN
 core.res_mem_inst.slot\[7\].slot_reg._100_/ZN
 core.res_mem_inst.slot\[7\].slot_reg._101_/ZN
 core.res_mem_inst.slot\[7\].slot_reg._102_/ZN
 core.res_mem_inst.slot\[7\].slot_reg._103_/ZN
 core.res_mem_inst.slot\[7\].slot_reg._104_/ZN
 core.res_mem_inst.slot\[7\].slot_reg._105_/ZN
 core.res_mem_inst.slot\[7\].slot_reg._106_/ZN
 core.res_mem_inst.slot\[7\].slot_reg._107_/ZN
 core.res_mem_inst.slot\[7\].slot_reg._108_/ZN
 core.res_mem_inst.slot\[7\].slot_reg._109_/ZN
 core.res_mem_inst.slot\[7\].slot_reg._110_/ZN
 core.res_mem_inst.slot\[7\].slot_reg._111_/ZN
 core.res_mem_inst.slot\[7\].slot_reg._112_/ZN
 core.res_mem_inst.slot\[7\].slot_reg._113_/ZN
 core.res_mem_inst.slot\[7\].slot_reg._114_/ZN
 core.res_mem_inst.slot\[7\].slot_reg._115_/ZN
 core.res_mem_inst.slot\[7\].slot_reg._116_/ZN
 core.res_mem_inst.slot\[7\].slot_reg._117_/Q
 core.res_mem_inst.slot\[7\].slot_reg._118_/Q
 core.res_mem_inst.slot\[7\].slot_reg._119_/Q
 core.res_mem_inst.slot\[7\].slot_reg._120_/Q
 core.res_mem_inst.slot\[7\].slot_reg._121_/Q
 core.res_mem_inst.slot\[7\].slot_reg._122_/Q
 core.res_mem_inst.slot\[7\].slot_reg._123_/Q
 core.res_mem_inst.slot\[7\].slot_reg._124_/Q
 core.res_mem_inst.slot\[7\].slot_reg._125_/Q
 core.res_mem_inst.slot\[7\].slot_reg._126_/Q
 core.res_mem_inst.slot\[7\].slot_reg._127_/Q
 core.res_mem_inst.slot\[7\].slot_reg._128_/Q
 core.res_mem_inst.slot\[8\].slot_reg._053_/ZN
 core.res_mem_inst.slot\[8\].slot_reg._054_/ZN
 core.res_mem_inst.slot\[8\].slot_reg._055_/ZN
 core.res_mem_inst.slot\[8\].slot_reg._056_/ZN
 core.res_mem_inst.slot\[8\].slot_reg._057_/ZN
 core.res_mem_inst.slot\[8\].slot_reg._058_/ZN
 core.res_mem_inst.slot\[8\].slot_reg._059_/ZN
 core.res_mem_inst.slot\[8\].slot_reg._060_/ZN
 core.res_mem_inst.slot\[8\].slot_reg._061_/ZN
 core.res_mem_inst.slot\[8\].slot_reg._062_/ZN
 core.res_mem_inst.slot\[8\].slot_reg._063_/ZN
 core.res_mem_inst.slot\[8\].slot_reg._064_/ZN
 core.res_mem_inst.slot\[8\].slot_reg._065_/ZN
 core.res_mem_inst.slot\[8\].slot_reg._066_/ZN
 core.res_mem_inst.slot\[8\].slot_reg._067_/ZN
 core.res_mem_inst.slot\[8\].slot_reg._068_/ZN
 core.res_mem_inst.slot\[8\].slot_reg._069_/ZN
 core.res_mem_inst.slot\[8\].slot_reg._070_/ZN
 core.res_mem_inst.slot\[8\].slot_reg._071_/ZN
 core.res_mem_inst.slot\[8\].slot_reg._072_/ZN
 core.res_mem_inst.slot\[8\].slot_reg._073_/ZN
 core.res_mem_inst.slot\[8\].slot_reg._074_/ZN
 core.res_mem_inst.slot\[8\].slot_reg._075_/ZN
 core.res_mem_inst.slot\[8\].slot_reg._076_/ZN
 core.res_mem_inst.slot\[8\].slot_reg._077_/ZN
 core.res_mem_inst.slot\[8\].slot_reg._077__632/ZN
 core.res_mem_inst.slot\[8\].slot_reg._078_/ZN
 core.res_mem_inst.slot\[8\].slot_reg._079_/ZN
 core.res_mem_inst.slot\[8\].slot_reg._080_/Z
 core.res_mem_inst.slot\[8\].slot_reg._081_/ZN
 core.res_mem_inst.slot\[8\].slot_reg._082_/ZN
 core.res_mem_inst.slot\[8\].slot_reg._083_/ZN
 core.res_mem_inst.slot\[8\].slot_reg._084_/ZN
 core.res_mem_inst.slot\[8\].slot_reg._085_/ZN
 core.res_mem_inst.slot\[8\].slot_reg._086_/ZN
 core.res_mem_inst.slot\[8\].slot_reg._087_/ZN
 core.res_mem_inst.slot\[8\].slot_reg._088_/ZN
 core.res_mem_inst.slot\[8\].slot_reg._089_/ZN
 core.res_mem_inst.slot\[8\].slot_reg._090_/ZN
 core.res_mem_inst.slot\[8\].slot_reg._091_/ZN
 core.res_mem_inst.slot\[8\].slot_reg._092_/ZN
 core.res_mem_inst.slot\[8\].slot_reg._093_/ZN
 core.res_mem_inst.slot\[8\].slot_reg._094_/ZN
 core.res_mem_inst.slot\[8\].slot_reg._095_/ZN
 core.res_mem_inst.slot\[8\].slot_reg._096_/ZN
 core.res_mem_inst.slot\[8\].slot_reg._097_/ZN
 core.res_mem_inst.slot\[8\].slot_reg._098_/ZN
 core.res_mem_inst.slot\[8\].slot_reg._099_/ZN
 core.res_mem_inst.slot\[8\].slot_reg._100_/ZN
 core.res_mem_inst.slot\[8\].slot_reg._101_/ZN
 core.res_mem_inst.slot\[8\].slot_reg._102_/ZN
 core.res_mem_inst.slot\[8\].slot_reg._103_/ZN
 core.res_mem_inst.slot\[8\].slot_reg._104_/ZN
 core.res_mem_inst.slot\[8\].slot_reg._105_/ZN
 core.res_mem_inst.slot\[8\].slot_reg._106_/ZN
 core.res_mem_inst.slot\[8\].slot_reg._107_/ZN
 core.res_mem_inst.slot\[8\].slot_reg._108_/ZN
 core.res_mem_inst.slot\[8\].slot_reg._109_/ZN
 core.res_mem_inst.slot\[8\].slot_reg._110_/ZN
 core.res_mem_inst.slot\[8\].slot_reg._111_/ZN
 core.res_mem_inst.slot\[8\].slot_reg._112_/ZN
 core.res_mem_inst.slot\[8\].slot_reg._113_/ZN
 core.res_mem_inst.slot\[8\].slot_reg._114_/ZN
 core.res_mem_inst.slot\[8\].slot_reg._115_/ZN
 core.res_mem_inst.slot\[8\].slot_reg._116_/ZN
 core.res_mem_inst.slot\[8\].slot_reg._117_/Q
 core.res_mem_inst.slot\[8\].slot_reg._118_/Q
 core.res_mem_inst.slot\[8\].slot_reg._119_/Q
 core.res_mem_inst.slot\[8\].slot_reg._120_/Q
 core.res_mem_inst.slot\[8\].slot_reg._121_/Q
 core.res_mem_inst.slot\[8\].slot_reg._122_/Q
 core.res_mem_inst.slot\[8\].slot_reg._123_/Q
 core.res_mem_inst.slot\[8\].slot_reg._124_/Q
 core.res_mem_inst.slot\[8\].slot_reg._125_/Q
 core.res_mem_inst.slot\[8\].slot_reg._126_/Q
 core.res_mem_inst.slot\[8\].slot_reg._127_/Q
 core.res_mem_inst.slot\[8\].slot_reg._128_/Q
 core.res_mem_inst.slot\[9\].slot_reg._053_/ZN
 core.res_mem_inst.slot\[9\].slot_reg._054_/ZN
 core.res_mem_inst.slot\[9\].slot_reg._055_/ZN
 core.res_mem_inst.slot\[9\].slot_reg._056_/ZN
 core.res_mem_inst.slot\[9\].slot_reg._057_/ZN
 core.res_mem_inst.slot\[9\].slot_reg._058_/ZN
 core.res_mem_inst.slot\[9\].slot_reg._059_/ZN
 core.res_mem_inst.slot\[9\].slot_reg._060_/ZN
 core.res_mem_inst.slot\[9\].slot_reg._061_/ZN
 core.res_mem_inst.slot\[9\].slot_reg._062_/ZN
 core.res_mem_inst.slot\[9\].slot_reg._063_/ZN
 core.res_mem_inst.slot\[9\].slot_reg._064_/ZN
 core.res_mem_inst.slot\[9\].slot_reg._065_/ZN
 core.res_mem_inst.slot\[9\].slot_reg._066_/ZN
 core.res_mem_inst.slot\[9\].slot_reg._067_/ZN
 core.res_mem_inst.slot\[9\].slot_reg._068_/ZN
 core.res_mem_inst.slot\[9\].slot_reg._069_/ZN
 core.res_mem_inst.slot\[9\].slot_reg._070_/ZN
 core.res_mem_inst.slot\[9\].slot_reg._071_/ZN
 core.res_mem_inst.slot\[9\].slot_reg._072_/ZN
 core.res_mem_inst.slot\[9\].slot_reg._073_/ZN
 core.res_mem_inst.slot\[9\].slot_reg._074_/ZN
 core.res_mem_inst.slot\[9\].slot_reg._075_/ZN
 core.res_mem_inst.slot\[9\].slot_reg._076_/ZN
 core.res_mem_inst.slot\[9\].slot_reg._077_/ZN
 core.res_mem_inst.slot\[9\].slot_reg._077__633/ZN
 core.res_mem_inst.slot\[9\].slot_reg._078_/ZN
 core.res_mem_inst.slot\[9\].slot_reg._079_/ZN
 core.res_mem_inst.slot\[9\].slot_reg._080_/Z
 core.res_mem_inst.slot\[9\].slot_reg._081_/ZN
 core.res_mem_inst.slot\[9\].slot_reg._082_/ZN
 core.res_mem_inst.slot\[9\].slot_reg._083_/ZN
 core.res_mem_inst.slot\[9\].slot_reg._084_/ZN
 core.res_mem_inst.slot\[9\].slot_reg._085_/ZN
 core.res_mem_inst.slot\[9\].slot_reg._086_/ZN
 core.res_mem_inst.slot\[9\].slot_reg._087_/ZN
 core.res_mem_inst.slot\[9\].slot_reg._088_/ZN
 core.res_mem_inst.slot\[9\].slot_reg._089_/ZN
 core.res_mem_inst.slot\[9\].slot_reg._090_/ZN
 core.res_mem_inst.slot\[9\].slot_reg._091_/ZN
 core.res_mem_inst.slot\[9\].slot_reg._092_/ZN
 core.res_mem_inst.slot\[9\].slot_reg._093_/ZN
 core.res_mem_inst.slot\[9\].slot_reg._094_/ZN
 core.res_mem_inst.slot\[9\].slot_reg._095_/ZN
 core.res_mem_inst.slot\[9\].slot_reg._096_/ZN
 core.res_mem_inst.slot\[9\].slot_reg._097_/ZN
 core.res_mem_inst.slot\[9\].slot_reg._098_/ZN
 core.res_mem_inst.slot\[9\].slot_reg._099_/ZN
 core.res_mem_inst.slot\[9\].slot_reg._100_/ZN
 core.res_mem_inst.slot\[9\].slot_reg._101_/ZN
 core.res_mem_inst.slot\[9\].slot_reg._102_/ZN
 core.res_mem_inst.slot\[9\].slot_reg._103_/ZN
 core.res_mem_inst.slot\[9\].slot_reg._104_/ZN
 core.res_mem_inst.slot\[9\].slot_reg._105_/ZN
 core.res_mem_inst.slot\[9\].slot_reg._106_/ZN
 core.res_mem_inst.slot\[9\].slot_reg._107_/ZN
 core.res_mem_inst.slot\[9\].slot_reg._108_/ZN
 core.res_mem_inst.slot\[9\].slot_reg._109_/ZN
 core.res_mem_inst.slot\[9\].slot_reg._110_/ZN
 core.res_mem_inst.slot\[9\].slot_reg._111_/ZN
 core.res_mem_inst.slot\[9\].slot_reg._112_/ZN
 core.res_mem_inst.slot\[9\].slot_reg._113_/ZN
 core.res_mem_inst.slot\[9\].slot_reg._114_/ZN
 core.res_mem_inst.slot\[9\].slot_reg._115_/ZN
 core.res_mem_inst.slot\[9\].slot_reg._116_/ZN
 core.res_mem_inst.slot\[9\].slot_reg._117_/Q
 core.res_mem_inst.slot\[9\].slot_reg._118_/Q
 core.res_mem_inst.slot\[9\].slot_reg._119_/Q
 core.res_mem_inst.slot\[9\].slot_reg._120_/Q
 core.res_mem_inst.slot\[9\].slot_reg._121_/Q
 core.res_mem_inst.slot\[9\].slot_reg._122_/Q
 core.res_mem_inst.slot\[9\].slot_reg._123_/Q
 core.res_mem_inst.slot\[9\].slot_reg._124_/Q
 core.res_mem_inst.slot\[9\].slot_reg._125_/Q
 core.res_mem_inst.slot\[9\].slot_reg._126_/Q
 core.res_mem_inst.slot\[9\].slot_reg._127_/Q
 core.res_mem_inst.slot\[9\].slot_reg._128_/Q
 core.timer_inst._28_/ZN
 core.timer_inst._29_/ZN
 core.timer_inst._30_/ZN
 core.timer_inst._31_/Z
 core.timer_inst._32_/Z
 core.timer_inst._33_/ZN
 core.timer_inst._34_/ZN
 core.timer_inst._35_/Z
 core.timer_inst._36_/ZN
 core.timer_inst._37_/ZN
 core.timer_inst._38_/Z
 core.timer_inst._39_/Z
 core.timer_inst._40_/ZN
 core.timer_inst._41_/ZN
 core.timer_inst._42_/ZN
 core.timer_inst._43_/ZN
 core.timer_inst._44_/ZN
 core.timer_inst._45_/ZN
 core.timer_inst._46_/ZN
 core.timer_inst._47_/ZN
 core.timer_inst._48_/ZN
 core.timer_inst._49_/ZN
 core.timer_inst._50_/ZN
 core.timer_inst._51_/ZN
 core.timer_inst._52_/ZN
 core.timer_inst._53_/Z
 core.timer_inst._54_/ZN
 core.timer_inst._55_/Z
 core.timer_inst._56_/ZN
 core.timer_inst._57_/ZN
 core.timer_inst._58_/ZN
 core.timer_inst._59_/Z
 core.timer_inst._60_/ZN
 core.timer_inst._61_/Z
 core.timer_inst._62_/ZN
 core.timer_inst._63_/ZN
 core.timer_inst._64_/ZN
 core.timer_inst._65_/ZN
 core.timer_inst._66_/ZN
 core.timer_inst._67_/Q
 core.timer_inst._68_/Q
 core.timer_inst._69_/Q
 core.timer_inst._70_/Q
 core.timer_inst._71_/Q
 core.timer_inst._72_/Q
 core.timer_inst._73_/Q
 core.timer_inst._74_/Q
 core.timer_inst._75_/Q
 core.timer_inst._76_/Q
 core.timer_inst._77_/Q
 core.timer_inst._78_/Q
 core.timer_inst._79_/Q
 core.timer_inst._80_/Q
 fanout25/Z
 fanout26/Z
 fanout27/Z
 fanout28/Z
 fanout29/Z
 fanout30/Z
 fanout31/Z
 fanout32/Z
 fanout33/Z
 fanout34/Z
 fanout35/Z
 fanout36/Z
 fanout37/Z
 fanout38/Z
 fanout39/Z
 fanout40/Z
 fanout41/Z
 fanout42/Z
 fanout43/Z
 fanout44/Z
 fanout45/Z
 fanout46/Z
 fanout47/Z
 fanout48/Z
 fanout49/Z
 fanout50/Z
 fanout51/Z
 fanout52/Z
 fanout53/Z
 fanout54/Z
 fanout55/Z
 fanout56/Z
 fanout57/Z
 fanout58/Z
 fanout59/Z
 fanout60/Z
 fanout61/Z
 fanout62/Z
 fanout63/Z
 fanout64/Z
 fanout65/Z
 fanout66/Z
 fanout67/Z
 fanout68/Z
 fanout69/Z
 fanout70/Z
 fanout71/Z
 fanout72/Z
 fanout73/Z
 fanout74/Z
 fanout75/Z
 fanout76/Z
 fanout77/Z
 fanout78/Z
 fanout79/Z
 fanout80/Z
 fanout81/Z
 input1/Z
 input2/Z
 input3/Z
 input4/Z
 input5/Z
 input6/Z
 input7/Z
 input8/Z
 max_cap14/Z
 max_cap16/Z
 max_cap17/Z
 max_cap22/Z
 max_cap23/Z
 max_cap24/Z
 output10/Z
 output11/Z
 output12/Z
 output13/Z
 output9/Z
 wire15/Z
 wire18/Z
 wire19/Z
 wire20/Z
 wire21/Z
Found 0 partially unannotated drivers.

===========================================================================
max slew violation count 0
max fanout violation count 0
max cap violation count 0
============================================================================

===========================================================================
check_setup -verbose -unconstrained_endpoints -multiple_clock -no_clock -no_input_delay -loops -generated_clocks
===========================================================================
Warning: There are 58 unconstrained endpoints.
  clk_PD
  clk_PU
  input_ready_PD
  input_ready_PU
  load_row_or_col_PD
  load_row_or_col_PU
  output_ready_CS
  output_ready_IE
  output_ready_OE
  output_ready_PD
  output_ready_PDRV0
  output_ready_PDRV1
  output_ready_PU
  output_ready_SL
  output_valid_PD
  output_valid_PU
  rst_n_PD
  rst_n_PU
  spi_in0_PD
  spi_in0_PU
  spi_in1_PD
  spi_in1_PU
  spi_in2_PD
  spi_in2_PU
  spi_in3_PD
  spi_in3_PU
  spi_out0_CS
  spi_out0_IE
  spi_out0_OE
  spi_out0_PD
  spi_out0_PDRV0
  spi_out0_PDRV1
  spi_out0_PU
  spi_out0_SL
  spi_out1_CS
  spi_out1_IE
  spi_out1_OE
  spi_out1_PD
  spi_out1_PDRV0
  spi_out1_PDRV1
  spi_out1_PU
  spi_out1_SL
  spi_out2_CS
  spi_out2_IE
  spi_out2_OE
  spi_out2_PD
  spi_out2_PDRV0
  spi_out2_PDRV1
  spi_out2_PU
  spi_out2_SL
  spi_out3_CS
  spi_out3_IE
  spi_out3_OE
  spi_out3_PD
  spi_out3_PDRV0
  spi_out3_PDRV1
  spi_out3_PU
  spi_out3_SL
