
===========================================================================
report_checks -unconstrained
===========================================================================
======================= Typical Corner ===================================

Startpoint: rst_n (input port clocked by clk)
Endpoint: res_mem_inst.slot[7].slot_reg._120_
          (recovery check against rising-edge clock clk)
Path Group: asynchronous
Path Type: max

Fanout     Cap    Slew   Delay    Time   Description
-----------------------------------------------------------------------------
                  0.15    0.00    0.00   clock clk (rise edge)
                          0.00    0.00   clock network delay (ideal)
                          5.71    5.71 ^ input external delay
                 63.47   38.93   44.65 ^ rst_n (in)
   662    3.97                           rst_n (net)
                 63.48    0.00   44.65 ^ res_mem_inst._063_/I (gf180mcu_fd_sc_mcu7t5v0__clkinv_1)
                  0.00   53.64   98.28 v res_mem_inst._063_/ZN (gf180mcu_fd_sc_mcu7t5v0__clkinv_1)
   192    1.08                           res_mem_inst._003_ (net)
                  0.00    0.04   98.32 v res_mem_inst.slot[7].slot_reg._109_/I (gf180mcu_fd_sc_mcu7t5v0__clkinv_1)
                  0.17    0.11   98.42 ^ res_mem_inst.slot[7].slot_reg._109_/ZN (gf180mcu_fd_sc_mcu7t5v0__clkinv_1)
     1    0.01                           res_mem_inst.slot[7].slot_reg._004_ (net)
                  0.17    0.00   98.42 ^ res_mem_inst.slot[7].slot_reg._120_/RN (gf180mcu_fd_sc_mcu7t5v0__dffrnq_1)
                                 98.42   data arrival time

                  0.15   28.57   28.57   clock clk (rise edge)
                          0.00   28.57   clock network delay (ideal)
                         -0.25   28.32   clock uncertainty
                          0.00   28.32   clock reconvergence pessimism
                                 28.32 ^ res_mem_inst.slot[7].slot_reg._120_/CLK (gf180mcu_fd_sc_mcu7t5v0__dffrnq_1)
                          0.23   28.55   library recovery time
                                 28.55   data required time
-----------------------------------------------------------------------------
                                 28.55   data required time
                                -98.42   data arrival time
-----------------------------------------------------------------------------
                                -69.88   slack (VIOLATED)


Startpoint: lfsr_enabler._61_ (rising edge-triggered flip-flop clocked by clk)
Endpoint: timer_inst._71_ (rising edge-triggered flip-flop clocked by clk)
Path Group: clk
Path Type: max

Fanout     Cap    Slew   Delay    Time   Description
-----------------------------------------------------------------------------
                  0.15    0.00    0.00   clock clk (rise edge)
                          0.00    0.00   clock network delay (ideal)
                  0.15    0.00    0.00 ^ lfsr_enabler._61_/CLK (gf180mcu_fd_sc_mcu7t5v0__dffrnq_1)
                 66.42   41.13   41.13 ^ lfsr_enabler._61_/Q (gf180mcu_fd_sc_mcu7t5v0__dffrnq_1)
   553    4.13                           bgc_0.final_counter.on_switch (net)
                 66.42    0.12   41.26 ^ timer_inst._28_/I (gf180mcu_fd_sc_mcu7t5v0__clkinv_1)
                 15.88    8.55   49.81 v timer_inst._28_/ZN (gf180mcu_fd_sc_mcu7t5v0__clkinv_1)
    11    0.07                           timer_inst._03_ (net)
                 15.88    0.00   49.81 v timer_inst._48_/A1 (gf180mcu_fd_sc_mcu7t5v0__oai31_1)
                  2.82    4.91   54.72 ^ timer_inst._48_/ZN (gf180mcu_fd_sc_mcu7t5v0__oai31_1)
     1    0.00                           timer_inst._01_[2] (net)
                  2.82    0.00   54.72 ^ timer_inst._71_/D (gf180mcu_fd_sc_mcu7t5v0__dffrnq_1)
                                 54.72   data arrival time

                  0.15   28.57   28.57   clock clk (rise edge)
                          0.00   28.57   clock network delay (ideal)
                         -0.25   28.32   clock uncertainty
                          0.00   28.32   clock reconvergence pessimism
                                 28.32 ^ timer_inst._71_/CLK (gf180mcu_fd_sc_mcu7t5v0__dffrnq_1)
                         -0.51   27.81   library setup time
                                 27.81   data required time
-----------------------------------------------------------------------------
                                 27.81   data required time
                                -54.72   data arrival time
-----------------------------------------------------------------------------
                                -26.91   slack (VIOLATED)




===========================================================================
report_checks --slack_max -0.01
============================================================================
======================= Typical Corner ===================================

Startpoint: rst_n (input port clocked by clk)
Endpoint: res_mem_inst.slot[7].slot_reg._120_
          (recovery check against rising-edge clock clk)
Path Group: asynchronous
Path Type: max

Fanout     Cap    Slew   Delay    Time   Description
-----------------------------------------------------------------------------
                  0.15    0.00    0.00   clock clk (rise edge)
                          0.00    0.00   clock network delay (ideal)
                          5.71    5.71 ^ input external delay
                 63.47   38.93   44.65 ^ rst_n (in)
   662    3.97                           rst_n (net)
                 63.48    0.00   44.65 ^ res_mem_inst._063_/I (gf180mcu_fd_sc_mcu7t5v0__clkinv_1)
                  0.00   53.64   98.28 v res_mem_inst._063_/ZN (gf180mcu_fd_sc_mcu7t5v0__clkinv_1)
   192    1.08                           res_mem_inst._003_ (net)
                  0.00    0.04   98.32 v res_mem_inst.slot[7].slot_reg._109_/I (gf180mcu_fd_sc_mcu7t5v0__clkinv_1)
                  0.17    0.11   98.42 ^ res_mem_inst.slot[7].slot_reg._109_/ZN (gf180mcu_fd_sc_mcu7t5v0__clkinv_1)
     1    0.01                           res_mem_inst.slot[7].slot_reg._004_ (net)
                  0.17    0.00   98.42 ^ res_mem_inst.slot[7].slot_reg._120_/RN (gf180mcu_fd_sc_mcu7t5v0__dffrnq_1)
                                 98.42   data arrival time

                  0.15   28.57   28.57   clock clk (rise edge)
                          0.00   28.57   clock network delay (ideal)
                         -0.25   28.32   clock uncertainty
                          0.00   28.32   clock reconvergence pessimism
                                 28.32 ^ res_mem_inst.slot[7].slot_reg._120_/CLK (gf180mcu_fd_sc_mcu7t5v0__dffrnq_1)
                          0.23   28.55   library recovery time
                                 28.55   data required time
-----------------------------------------------------------------------------
                                 28.55   data required time
                                -98.42   data arrival time
-----------------------------------------------------------------------------
                                -69.88   slack (VIOLATED)


Startpoint: lfsr_enabler._61_ (rising edge-triggered flip-flop clocked by clk)
Endpoint: timer_inst._71_ (rising edge-triggered flip-flop clocked by clk)
Path Group: clk
Path Type: max

Fanout     Cap    Slew   Delay    Time   Description
-----------------------------------------------------------------------------
                  0.15    0.00    0.00   clock clk (rise edge)
                          0.00    0.00   clock network delay (ideal)
                  0.15    0.00    0.00 ^ lfsr_enabler._61_/CLK (gf180mcu_fd_sc_mcu7t5v0__dffrnq_1)
                 66.42   41.13   41.13 ^ lfsr_enabler._61_/Q (gf180mcu_fd_sc_mcu7t5v0__dffrnq_1)
   553    4.13                           bgc_0.final_counter.on_switch (net)
                 66.42    0.12   41.26 ^ timer_inst._28_/I (gf180mcu_fd_sc_mcu7t5v0__clkinv_1)
                 15.88    8.55   49.81 v timer_inst._28_/ZN (gf180mcu_fd_sc_mcu7t5v0__clkinv_1)
    11    0.07                           timer_inst._03_ (net)
                 15.88    0.00   49.81 v timer_inst._48_/A1 (gf180mcu_fd_sc_mcu7t5v0__oai31_1)
                  2.82    4.91   54.72 ^ timer_inst._48_/ZN (gf180mcu_fd_sc_mcu7t5v0__oai31_1)
     1    0.00                           timer_inst._01_[2] (net)
                  2.82    0.00   54.72 ^ timer_inst._71_/D (gf180mcu_fd_sc_mcu7t5v0__dffrnq_1)
                                 54.72   data arrival time

                  0.15   28.57   28.57   clock clk (rise edge)
                          0.00   28.57   clock network delay (ideal)
                         -0.25   28.32   clock uncertainty
                          0.00   28.32   clock reconvergence pessimism
                                 28.32 ^ timer_inst._71_/CLK (gf180mcu_fd_sc_mcu7t5v0__dffrnq_1)
                         -0.51   27.81   library setup time
                                 27.81   data required time
-----------------------------------------------------------------------------
                                 27.81   data required time
                                -54.72   data arrival time
-----------------------------------------------------------------------------
                                -26.91   slack (VIOLATED)




===========================================================================
 report_check_types -max_slew -max_cap -max_fanout -violators
============================================================================
======================= Typical Corner ===================================

max slew

Pin                                    Limit    Slew   Slack
------------------------------------------------------------
bgc_10.lfsr_row._44_/S                  3.00   66.42  -63.42 (VIOLATED)
bgc_2.lfsr_row._44_/S                   3.00   66.42  -63.42 (VIOLATED)
bgc_2.lfsr_row._45_/S                   3.00   66.42  -63.42 (VIOLATED)
bgc_2.lfsr_row._46_/S                   3.00   66.42  -63.42 (VIOLATED)
bgc_2.lfsr_row._47_/S                   3.00   66.42  -63.42 (VIOLATED)
bgc_2.lfsr_row._48_/S                   3.00   66.42  -63.42 (VIOLATED)
bgc_2.lfsr_row._49_/S                   3.00   66.42  -63.42 (VIOLATED)
bgc_2.lfsr_row._50_/S                   3.00   66.42  -63.42 (VIOLATED)
bgc_2.lfsr_row._55_/S                   3.00   66.42  -63.42 (VIOLATED)
bgc_10.final_counter._29_/I             3.00   66.42  -63.42 (VIOLATED)
bgc_10.lfsr_row._45_/S                  3.00   66.42  -63.42 (VIOLATED)
bgc_10.lfsr_row._46_/S                  3.00   66.42  -63.42 (VIOLATED)
bgc_10.lfsr_row._47_/S                  3.00   66.42  -63.42 (VIOLATED)
bgc_10.lfsr_row._48_/S                  3.00   66.42  -63.42 (VIOLATED)
bgc_10.lfsr_row._49_/S                  3.00   66.42  -63.42 (VIOLATED)
bgc_10.lfsr_row._50_/S                  3.00   66.42  -63.42 (VIOLATED)
bgc_10.lfsr_row._51_/S                  3.00   66.42  -63.42 (VIOLATED)
bgc_10.lfsr_row._52_/S                  3.00   66.42  -63.42 (VIOLATED)
bgc_10.lfsr_row._53_/S                  3.00   66.42  -63.42 (VIOLATED)
bgc_10.lfsr_row._54_/S                  3.00   66.42  -63.42 (VIOLATED)
bgc_10.lfsr_row._55_/S                  3.00   66.42  -63.42 (VIOLATED)
bgc_10.final_counter._59_/B             3.00   66.42  -63.42 (VIOLATED)
bgc_10.final_counter._61_/B             3.00   66.42  -63.42 (VIOLATED)
bgc_11.final_counter._29_/I             3.00   66.42  -63.42 (VIOLATED)
bgc_11.final_counter._59_/B             3.00   66.42  -63.42 (VIOLATED)
bgc_11.final_counter._61_/B             3.00   66.42  -63.42 (VIOLATED)
bgc_12.final_counter._29_/I             3.00   66.42  -63.42 (VIOLATED)
bgc_12.final_counter._52_/B             3.00   66.42  -63.42 (VIOLATED)
bgc_12.final_counter._59_/B             3.00   66.42  -63.42 (VIOLATED)
bgc_12.final_counter._61_/B             3.00   66.42  -63.42 (VIOLATED)
bgc_13.final_counter._29_/I             3.00   66.42  -63.42 (VIOLATED)
bgc_13.final_counter._52_/B             3.00   66.42  -63.42 (VIOLATED)
bgc_13.final_counter._59_/B             3.00   66.42  -63.42 (VIOLATED)
bgc_13.final_counter._61_/B             3.00   66.42  -63.42 (VIOLATED)
bgc_14.final_counter._29_/I             3.00   66.42  -63.42 (VIOLATED)
bgc_14.final_counter._52_/B             3.00   66.42  -63.42 (VIOLATED)
bgc_14.final_counter._59_/B             3.00   66.42  -63.42 (VIOLATED)
bgc_9.final_counter._29_/I              3.00   66.42  -63.42 (VIOLATED)
bgc_9.final_counter._59_/B              3.00   66.42  -63.42 (VIOLATED)
bgc_9.final_counter._61_/B              3.00   66.42  -63.42 (VIOLATED)
bgc_10.final_counter._52_/B             3.00   66.42  -63.42 (VIOLATED)
bgc_11.final_counter._52_/B             3.00   66.42  -63.42 (VIOLATED)
bgc_15.final_counter._61_/B             3.00   66.42  -63.42 (VIOLATED)
bgc_9.final_counter._52_/B              3.00   66.42  -63.42 (VIOLATED)
bgc_14.final_counter._61_/B             3.00   66.42  -63.42 (VIOLATED)
bgc_3.final_counter._29_/I              3.00   66.42  -63.42 (VIOLATED)
bgc_10.final_counter._44_/B             3.00   66.42  -63.42 (VIOLATED)
bgc_10.final_counter._47_/B             3.00   66.42  -63.42 (VIOLATED)
bgc_10.final_counter._50_/B             3.00   66.42  -63.42 (VIOLATED)
bgc_10.lfsr_col._46_/S                  3.00   66.42  -63.42 (VIOLATED)
bgc_10.lfsr_col._47_/S                  3.00   66.42  -63.42 (VIOLATED)
bgc_10.lfsr_col._48_/S                  3.00   66.42  -63.42 (VIOLATED)
bgc_10.lfsr_col._49_/S                  3.00   66.42  -63.42 (VIOLATED)
bgc_15.final_counter._29_/I             3.00   66.42  -63.42 (VIOLATED)
bgc_15.final_counter._59_/B             3.00   66.42  -63.42 (VIOLATED)
bgc_3.final_counter._52_/B              3.00   66.42  -63.42 (VIOLATED)
bgc_3.final_counter._59_/B              3.00   66.42  -63.42 (VIOLATED)
bgc_3.final_counter._61_/B              3.00   66.42  -63.42 (VIOLATED)
bgc_4.final_counter._29_/I              3.00   66.42  -63.42 (VIOLATED)
bgc_4.final_counter._52_/B              3.00   66.42  -63.42 (VIOLATED)
bgc_4.final_counter._59_/B              3.00   66.42  -63.42 (VIOLATED)
bgc_4.final_counter._61_/B              3.00   66.42  -63.42 (VIOLATED)
bgc_6.final_counter._29_/I              3.00   66.42  -63.42 (VIOLATED)
bgc_6.final_counter._52_/B              3.00   66.42  -63.42 (VIOLATED)
bgc_6.final_counter._59_/B              3.00   66.42  -63.42 (VIOLATED)
bgc_6.final_counter._61_/B              3.00   66.42  -63.42 (VIOLATED)
bgc_7.final_counter._29_/I              3.00   66.42  -63.42 (VIOLATED)
bgc_5.final_counter._29_/I              3.00   66.42  -63.42 (VIOLATED)
bgc_5.final_counter._52_/B              3.00   66.42  -63.42 (VIOLATED)
bgc_5.final_counter._59_/B              3.00   66.42  -63.42 (VIOLATED)
bgc_5.final_counter._61_/B              3.00   66.42  -63.42 (VIOLATED)
bgc_7.final_counter._52_/B              3.00   66.42  -63.42 (VIOLATED)
bgc_7.final_counter._59_/B              3.00   66.42  -63.42 (VIOLATED)
bgc_7.final_counter._61_/B              3.00   66.42  -63.42 (VIOLATED)
bgc_8.final_counter._29_/I              3.00   66.42  -63.42 (VIOLATED)
bgc_8.final_counter._52_/B              3.00   66.42  -63.42 (VIOLATED)
bgc_8.final_counter._59_/B              3.00   66.42  -63.42 (VIOLATED)
bgc_8.final_counter._61_/B              3.00   66.42  -63.42 (VIOLATED)
bgc_9.final_counter._44_/B              3.00   66.42  -63.42 (VIOLATED)
bgc_9.final_counter._47_/B              3.00   66.42  -63.42 (VIOLATED)
bgc_9.final_counter._50_/B              3.00   66.42  -63.42 (VIOLATED)
bgc_0.final_counter._29_/I              3.00   66.42  -63.42 (VIOLATED)
bgc_10.lfsr_col._44_/S                  3.00   66.42  -63.42 (VIOLATED)
bgc_11.final_counter._44_/B             3.00   66.42  -63.42 (VIOLATED)
bgc_11.final_counter._47_/B             3.00   66.42  -63.42 (VIOLATED)
bgc_11.final_counter._50_/B             3.00   66.42  -63.42 (VIOLATED)
bgc_10.lfsr_col._45_/S                  3.00   66.42  -63.42 (VIOLATED)
bgc_10.lfsr_col._50_/S                  3.00   66.42  -63.42 (VIOLATED)
bgc_10.lfsr_col._51_/S                  3.00   66.42  -63.42 (VIOLATED)
bgc_10.lfsr_col._52_/S                  3.00   66.42  -63.42 (VIOLATED)
bgc_10.lfsr_col._53_/S                  3.00   66.42  -63.42 (VIOLATED)
bgc_10.lfsr_col._54_/S                  3.00   66.42  -63.42 (VIOLATED)
bgc_10.lfsr_col._55_/S                  3.00   66.42  -63.42 (VIOLATED)
bgc_0.final_counter._44_/B              3.00   66.42  -63.42 (VIOLATED)
bgc_0.final_counter._47_/B              3.00   66.42  -63.42 (VIOLATED)
bgc_0.final_counter._50_/B              3.00   66.42  -63.42 (VIOLATED)
bgc_0.final_counter._52_/B              3.00   66.42  -63.42 (VIOLATED)
bgc_0.final_counter._59_/B              3.00   66.42  -63.42 (VIOLATED)
bgc_0.final_counter._61_/B              3.00   66.42  -63.42 (VIOLATED)
bgc_1.final_counter._29_/I              3.00   66.42  -63.42 (VIOLATED)
bgc_2.final_counter._29_/I              3.00   66.42  -63.42 (VIOLATED)
bgc_2.final_counter._52_/B              3.00   66.42  -63.42 (VIOLATED)
bgc_2.final_counter._59_/B              3.00   66.42  -63.42 (VIOLATED)
bgc_2.final_counter._61_/B              3.00   66.42  -63.42 (VIOLATED)
bgc_2.lfsr_col._45_/S                   3.00   66.42  -63.42 (VIOLATED)
bgc_2.lfsr_col._46_/S                   3.00   66.42  -63.42 (VIOLATED)
bgc_2.lfsr_col._47_/S                   3.00   66.42  -63.42 (VIOLATED)
bgc_1.final_counter._44_/B              3.00   66.42  -63.42 (VIOLATED)
bgc_1.final_counter._47_/B              3.00   66.42  -63.42 (VIOLATED)
bgc_1.final_counter._50_/B              3.00   66.42  -63.42 (VIOLATED)
bgc_1.final_counter._52_/B              3.00   66.42  -63.42 (VIOLATED)
bgc_1.final_counter._59_/B              3.00   66.42  -63.42 (VIOLATED)
bgc_1.final_counter._61_/B              3.00   66.42  -63.42 (VIOLATED)
bgc_3.final_counter._44_/B              3.00   66.42  -63.42 (VIOLATED)
bgc_3.final_counter._47_/B              3.00   66.42  -63.42 (VIOLATED)
bgc_3.final_counter._50_/B              3.00   66.42  -63.42 (VIOLATED)
bgc_13.final_counter._44_/B             3.00   66.42  -63.42 (VIOLATED)
bgc_13.final_counter._47_/B             3.00   66.42  -63.42 (VIOLATED)
bgc_13.final_counter._50_/B             3.00   66.42  -63.42 (VIOLATED)
bgc_10.final_counter._41_/A1            3.00   66.42  -63.42 (VIOLATED)
bgc_12.final_counter._44_/B             3.00   66.42  -63.42 (VIOLATED)
bgc_12.final_counter._47_/B             3.00   66.42  -63.42 (VIOLATED)
bgc_12.final_counter._50_/B             3.00   66.42  -63.42 (VIOLATED)
bgc_4.final_counter._44_/B              3.00   66.42  -63.42 (VIOLATED)
bgc_4.final_counter._47_/B              3.00   66.42  -63.42 (VIOLATED)
bgc_4.final_counter._50_/B              3.00   66.42  -63.42 (VIOLATED)
bgc_5.final_counter._44_/B              3.00   66.42  -63.42 (VIOLATED)
bgc_5.final_counter._47_/B              3.00   66.42  -63.42 (VIOLATED)
bgc_5.final_counter._50_/B              3.00   66.42  -63.42 (VIOLATED)
bgc_6.final_counter._44_/B              3.00   66.42  -63.42 (VIOLATED)
bgc_6.final_counter._47_/B              3.00   66.42  -63.42 (VIOLATED)
bgc_6.final_counter._50_/B              3.00   66.42  -63.42 (VIOLATED)
bgc_7.final_counter._44_/B              3.00   66.42  -63.42 (VIOLATED)
bgc_7.final_counter._47_/B              3.00   66.42  -63.42 (VIOLATED)
bgc_7.final_counter._50_/B              3.00   66.42  -63.42 (VIOLATED)
bgc_8.final_counter._44_/B              3.00   66.42  -63.42 (VIOLATED)
bgc_8.final_counter._47_/B              3.00   66.42  -63.42 (VIOLATED)
bgc_8.final_counter._50_/B              3.00   66.42  -63.42 (VIOLATED)
bgc_0.final_counter._37_/A1             3.00   66.42  -63.42 (VIOLATED)
bgc_0.final_counter._41_/A1             3.00   66.42  -63.42 (VIOLATED)
bgc_1.final_counter._37_/A1             3.00   66.42  -63.42 (VIOLATED)
bgc_1.final_counter._41_/A1             3.00   66.42  -63.42 (VIOLATED)
bgc_1.lfsr_row._44_/S                   3.00   66.42  -63.42 (VIOLATED)
bgc_1.lfsr_row._45_/S                   3.00   66.42  -63.42 (VIOLATED)
bgc_1.lfsr_row._46_/S                   3.00   66.42  -63.42 (VIOLATED)
bgc_1.lfsr_row._47_/S                   3.00   66.42  -63.42 (VIOLATED)
bgc_1.lfsr_row._48_/S                   3.00   66.42  -63.42 (VIOLATED)
bgc_1.lfsr_row._49_/S                   3.00   66.42  -63.42 (VIOLATED)
bgc_1.lfsr_row._50_/S                   3.00   66.42  -63.42 (VIOLATED)
bgc_1.lfsr_row._51_/S                   3.00   66.42  -63.42 (VIOLATED)
bgc_1.lfsr_row._52_/S                   3.00   66.42  -63.42 (VIOLATED)
bgc_1.lfsr_row._53_/S                   3.00   66.42  -63.42 (VIOLATED)
bgc_1.lfsr_row._54_/S                   3.00   66.42  -63.42 (VIOLATED)
bgc_1.lfsr_row._55_/S                   3.00   66.42  -63.42 (VIOLATED)
bgc_10.final_counter._33_/B             3.00   66.42  -63.42 (VIOLATED)
bgc_10.final_counter._37_/A1            3.00   66.42  -63.42 (VIOLATED)
bgc_2.final_counter._33_/B              3.00   66.42  -63.42 (VIOLATED)
bgc_2.final_counter._37_/A1             3.00   66.42  -63.42 (VIOLATED)
bgc_2.final_counter._41_/A1             3.00   66.42  -63.42 (VIOLATED)
bgc_2.final_counter._44_/B              3.00   66.42  -63.42 (VIOLATED)
bgc_2.final_counter._47_/B              3.00   66.42  -63.42 (VIOLATED)
bgc_2.final_counter._50_/B              3.00   66.42  -63.42 (VIOLATED)
bgc_0.final_counter._33_/B              3.00   66.42  -63.42 (VIOLATED)
bgc_1.final_counter._33_/B              3.00   66.42  -63.42 (VIOLATED)
bgc_14.final_counter._44_/B             3.00   66.42  -63.42 (VIOLATED)
bgc_14.final_counter._47_/B             3.00   66.42  -63.42 (VIOLATED)
bgc_14.final_counter._50_/B             3.00   66.42  -63.42 (VIOLATED)
bgc_15.final_counter._44_/B             3.00   66.42  -63.42 (VIOLATED)
bgc_15.final_counter._47_/B             3.00   66.42  -63.42 (VIOLATED)
bgc_15.final_counter._50_/B             3.00   66.42  -63.42 (VIOLATED)
bgc_15.final_counter._52_/B             3.00   66.42  -63.42 (VIOLATED)
bgc_9.final_counter._37_/A1             3.00   66.42  -63.42 (VIOLATED)
bgc_9.final_counter._41_/A1             3.00   66.42  -63.42 (VIOLATED)
bgc_11.final_counter._37_/A1            3.00   66.42  -63.42 (VIOLATED)
bgc_11.final_counter._41_/A1            3.00   66.42  -63.42 (VIOLATED)
bgc_11.final_counter._33_/B             3.00   66.42  -63.42 (VIOLATED)
bgc_3.final_counter._37_/A1             3.00   66.42  -63.42 (VIOLATED)
bgc_3.final_counter._41_/A1             3.00   66.42  -63.42 (VIOLATED)
bgc_5.final_counter._41_/A1             3.00   66.42  -63.42 (VIOLATED)
bgc_12.final_counter._37_/A1            3.00   66.42  -63.42 (VIOLATED)
bgc_12.final_counter._41_/A1            3.00   66.42  -63.42 (VIOLATED)
bgc_13.final_counter._37_/A1            3.00   66.42  -63.42 (VIOLATED)
bgc_13.final_counter._41_/A1            3.00   66.42  -63.42 (VIOLATED)
bgc_3.final_counter._33_/B              3.00   66.42  -63.42 (VIOLATED)
bgc_8.final_counter._33_/B              3.00   66.42  -63.42 (VIOLATED)
bgc_12.final_counter._33_/B             3.00   66.42  -63.42 (VIOLATED)
bgc_2.lfsr_row._51_/S                   3.00   66.42  -63.42 (VIOLATED)
bgc_2.lfsr_row._52_/S                   3.00   66.42  -63.42 (VIOLATED)
bgc_2.lfsr_row._53_/S                   3.00   66.42  -63.42 (VIOLATED)
bgc_2.lfsr_row._54_/S                   3.00   66.42  -63.42 (VIOLATED)
bgc_4.final_counter._33_/B              3.00   66.42  -63.42 (VIOLATED)
bgc_4.final_counter._37_/A1             3.00   66.42  -63.42 (VIOLATED)
bgc_4.final_counter._41_/A1             3.00   66.42  -63.42 (VIOLATED)
bgc_5.final_counter._33_/B              3.00   66.42  -63.42 (VIOLATED)
bgc_5.final_counter._37_/A1             3.00   66.42  -63.42 (VIOLATED)
bgc_5.lfsr_col._44_/S                   3.00   66.42  -63.42 (VIOLATED)
bgc_5.lfsr_col._45_/S                   3.00   66.42  -63.42 (VIOLATED)
bgc_5.lfsr_col._46_/S                   3.00   66.42  -63.42 (VIOLATED)
bgc_5.lfsr_col._47_/S                   3.00   66.42  -63.42 (VIOLATED)
bgc_5.lfsr_col._48_/S                   3.00   66.42  -63.42 (VIOLATED)
bgc_5.lfsr_col._49_/S                   3.00   66.42  -63.42 (VIOLATED)
bgc_5.lfsr_col._50_/S                   3.00   66.42  -63.42 (VIOLATED)
bgc_6.final_counter._33_/B              3.00   66.42  -63.42 (VIOLATED)
bgc_6.final_counter._37_/A1             3.00   66.42  -63.42 (VIOLATED)
bgc_6.final_counter._41_/A1             3.00   66.42  -63.42 (VIOLATED)
bgc_7.final_counter._33_/B              3.00   66.42  -63.42 (VIOLATED)
bgc_7.final_counter._37_/A1             3.00   66.42  -63.42 (VIOLATED)
bgc_7.final_counter._41_/A1             3.00   66.42  -63.42 (VIOLATED)
bgc_8.final_counter._37_/A1             3.00   66.42  -63.42 (VIOLATED)
bgc_8.final_counter._41_/A1             3.00   66.42  -63.42 (VIOLATED)
bgc_9.final_counter._33_/B              3.00   66.42  -63.42 (VIOLATED)
bgc_5.lfsr_col._51_/S                   3.00   66.42  -63.42 (VIOLATED)
bgc_1.lfsr_col._45_/S                   3.00   66.42  -63.42 (VIOLATED)
bgc_13.final_counter._33_/B             3.00   66.42  -63.42 (VIOLATED)
bgc_14.final_counter._41_/A1            3.00   66.42  -63.42 (VIOLATED)
bgc_14.final_counter._33_/B             3.00   66.42  -63.42 (VIOLATED)
bgc_14.final_counter._37_/A1            3.00   66.42  -63.42 (VIOLATED)
bgc_15.final_counter._33_/B             3.00   66.42  -63.42 (VIOLATED)
bgc_15.final_counter._37_/A1            3.00   66.42  -63.42 (VIOLATED)
bgc_15.final_counter._41_/A1            3.00   66.42  -63.42 (VIOLATED)
bgc_2.lfsr_col._44_/S                   3.00   66.42  -63.42 (VIOLATED)
bgc_2.lfsr_col._48_/S                   3.00   66.42  -63.42 (VIOLATED)
bgc_2.lfsr_col._49_/S                   3.00   66.42  -63.42 (VIOLATED)
bgc_5.lfsr_col._52_/S                   3.00   66.42  -63.42 (VIOLATED)
bgc_6.lfsr_row._44_/S                   3.00   66.42  -63.42 (VIOLATED)
bgc_6.lfsr_row._45_/S                   3.00   66.42  -63.42 (VIOLATED)
bgc_6.lfsr_row._46_/S                   3.00   66.42  -63.42 (VIOLATED)
bgc_6.lfsr_row._47_/S                   3.00   66.42  -63.42 (VIOLATED)
bgc_6.lfsr_row._48_/S                   3.00   66.42  -63.42 (VIOLATED)
bgc_6.lfsr_row._49_/S                   3.00   66.42  -63.42 (VIOLATED)
bgc_6.lfsr_row._50_/S                   3.00   66.42  -63.42 (VIOLATED)
bgc_6.lfsr_row._51_/S                   3.00   66.42  -63.42 (VIOLATED)
bgc_6.lfsr_row._52_/S                   3.00   66.42  -63.42 (VIOLATED)
bgc_6.lfsr_row._53_/S                   3.00   66.42  -63.42 (VIOLATED)
bgc_6.lfsr_row._54_/S                   3.00   66.42  -63.42 (VIOLATED)
bgc_6.lfsr_row._55_/S                   3.00   66.42  -63.42 (VIOLATED)
bgc_5.lfsr_col._55_/S                   3.00   66.42  -63.42 (VIOLATED)
bgc_1.lfsr_col._46_/S                   3.00   66.42  -63.42 (VIOLATED)
bgc_14.lfsr_row._44_/S                  3.00   66.42  -63.42 (VIOLATED)
bgc_14.lfsr_row._45_/S                  3.00   66.42  -63.42 (VIOLATED)
bgc_14.lfsr_row._46_/S                  3.00   66.42  -63.42 (VIOLATED)
bgc_14.lfsr_row._47_/S                  3.00   66.42  -63.42 (VIOLATED)
bgc_14.lfsr_row._48_/S                  3.00   66.42  -63.42 (VIOLATED)
bgc_2.lfsr_col._50_/S                   3.00   66.42  -63.42 (VIOLATED)
bgc_2.lfsr_col._51_/S                   3.00   66.42  -63.42 (VIOLATED)
bgc_2.lfsr_col._52_/S                   3.00   66.42  -63.42 (VIOLATED)
bgc_2.lfsr_col._53_/S                   3.00   66.42  -63.42 (VIOLATED)
bgc_2.lfsr_col._54_/S                   3.00   66.42  -63.42 (VIOLATED)
bgc_2.lfsr_col._55_/S                   3.00   66.42  -63.42 (VIOLATED)
bgc_14.lfsr_row._49_/S                  3.00   66.42  -63.42 (VIOLATED)
bgc_14.lfsr_row._50_/S                  3.00   66.42  -63.42 (VIOLATED)
bgc_14.lfsr_row._51_/S                  3.00   66.42  -63.42 (VIOLATED)
bgc_14.lfsr_row._52_/S                  3.00   66.42  -63.42 (VIOLATED)
bgc_14.lfsr_row._53_/S                  3.00   66.42  -63.42 (VIOLATED)
bgc_14.lfsr_row._54_/S                  3.00   66.42  -63.42 (VIOLATED)
bgc_14.lfsr_row._55_/S                  3.00   66.42  -63.42 (VIOLATED)
bgc_5.lfsr_col._53_/S                   3.00   66.42  -63.42 (VIOLATED)
bgc_1.lfsr_col._44_/S                   3.00   66.42  -63.42 (VIOLATED)
bgc_1.lfsr_col._47_/S                   3.00   66.42  -63.42 (VIOLATED)
bgc_1.lfsr_col._48_/S                   3.00   66.42  -63.42 (VIOLATED)
bgc_1.lfsr_col._49_/S                   3.00   66.42  -63.42 (VIOLATED)
bgc_5.lfsr_col._54_/S                   3.00   66.42  -63.42 (VIOLATED)
bgc_1.lfsr_col._50_/S                   3.00   66.42  -63.42 (VIOLATED)
bgc_1.lfsr_col._51_/S                   3.00   66.42  -63.42 (VIOLATED)
bgc_1.lfsr_col._55_/S                   3.00   66.42  -63.42 (VIOLATED)
bgc_6.lfsr_col._44_/S                   3.00   66.42  -63.42 (VIOLATED)
bgc_6.lfsr_col._45_/S                   3.00   66.42  -63.42 (VIOLATED)
bgc_6.lfsr_col._46_/S                   3.00   66.42  -63.42 (VIOLATED)
bgc_6.lfsr_col._47_/S                   3.00   66.42  -63.42 (VIOLATED)
bgc_1.lfsr_col._52_/S                   3.00   66.42  -63.42 (VIOLATED)
bgc_6.lfsr_col._48_/S                   3.00   66.42  -63.42 (VIOLATED)
bgc_6.lfsr_col._49_/S                   3.00   66.42  -63.42 (VIOLATED)
bgc_9.lfsr_col._49_/S                   3.00   66.42  -63.42 (VIOLATED)
bgc_9.lfsr_col._51_/S                   3.00   66.42  -63.42 (VIOLATED)
bgc_6.lfsr_col._50_/S                   3.00   66.42  -63.42 (VIOLATED)
bgc_6.lfsr_col._55_/S                   3.00   66.42  -63.42 (VIOLATED)
bgc_1.lfsr_col._53_/S                   3.00   66.42  -63.42 (VIOLATED)
bgc_9.lfsr_col._45_/S                   3.00   66.42  -63.42 (VIOLATED)
bgc_9.lfsr_col._50_/S                   3.00   66.42  -63.42 (VIOLATED)
bgc_9.lfsr_col._52_/S                   3.00   66.42  -63.42 (VIOLATED)
bgc_1.lfsr_col._54_/S                   3.00   66.42  -63.42 (VIOLATED)
bgc_14.lfsr_col._46_/S                  3.00   66.42  -63.42 (VIOLATED)
bgc_14.lfsr_col._47_/S                  3.00   66.42  -63.42 (VIOLATED)
bgc_5.lfsr_row._44_/S                   3.00   66.42  -63.42 (VIOLATED)
bgc_5.lfsr_row._45_/S                   3.00   66.42  -63.42 (VIOLATED)
bgc_5.lfsr_row._46_/S                   3.00   66.42  -63.42 (VIOLATED)
bgc_5.lfsr_row._47_/S                   3.00   66.42  -63.42 (VIOLATED)
bgc_5.lfsr_row._48_/S                   3.00   66.42  -63.42 (VIOLATED)
bgc_5.lfsr_row._49_/S                   3.00   66.42  -63.42 (VIOLATED)
bgc_6.lfsr_col._51_/S                   3.00   66.42  -63.42 (VIOLATED)
bgc_6.lfsr_col._52_/S                   3.00   66.42  -63.42 (VIOLATED)
bgc_6.lfsr_col._53_/S                   3.00   66.42  -63.42 (VIOLATED)
bgc_6.lfsr_col._54_/S                   3.00   66.42  -63.42 (VIOLATED)
bgc_14.lfsr_col._44_/S                  3.00   66.42  -63.42 (VIOLATED)
bgc_14.lfsr_col._45_/S                  3.00   66.42  -63.42 (VIOLATED)
bgc_14.lfsr_col._48_/S                  3.00   66.42  -63.42 (VIOLATED)
bgc_14.lfsr_col._49_/S                  3.00   66.42  -63.42 (VIOLATED)
bgc_5.lfsr_row._50_/S                   3.00   66.42  -63.42 (VIOLATED)
bgc_5.lfsr_row._51_/S                   3.00   66.42  -63.42 (VIOLATED)
bgc_5.lfsr_row._52_/S                   3.00   66.42  -63.42 (VIOLATED)
bgc_5.lfsr_row._53_/S                   3.00   66.42  -63.42 (VIOLATED)
bgc_5.lfsr_row._54_/S                   3.00   66.42  -63.42 (VIOLATED)
bgc_5.lfsr_row._55_/S                   3.00   66.42  -63.42 (VIOLATED)
bgc_9.lfsr_col._46_/S                   3.00   66.42  -63.42 (VIOLATED)
bgc_14.lfsr_col._50_/S                  3.00   66.42  -63.42 (VIOLATED)
bgc_9.lfsr_col._47_/S                   3.00   66.42  -63.42 (VIOLATED)
bgc_9.lfsr_col._55_/S                   3.00   66.42  -63.42 (VIOLATED)
bgc_14.lfsr_col._51_/S                  3.00   66.42  -63.42 (VIOLATED)
bgc_14.lfsr_col._55_/S                  3.00   66.42  -63.42 (VIOLATED)
bgc_9.lfsr_col._44_/S                   3.00   66.42  -63.42 (VIOLATED)
bgc_9.lfsr_col._48_/S                   3.00   66.42  -63.42 (VIOLATED)
bgc_14.lfsr_col._52_/S                  3.00   66.42  -63.42 (VIOLATED)
bgc_14.lfsr_col._53_/S                  3.00   66.42  -63.42 (VIOLATED)
bgc_9.lfsr_col._53_/S                   3.00   66.42  -63.42 (VIOLATED)
bgc_14.lfsr_col._54_/S                  3.00   66.42  -63.42 (VIOLATED)
bgc_0.lfsr_col._47_/S                   3.00   66.42  -63.42 (VIOLATED)
bgc_8.lfsr_row._45_/S                   3.00   66.42  -63.42 (VIOLATED)
bgc_8.lfsr_row._46_/S                   3.00   66.42  -63.42 (VIOLATED)
bgc_9.lfsr_col._54_/S                   3.00   66.42  -63.42 (VIOLATED)
bgc_8.lfsr_row._44_/S                   3.00   66.42  -63.42 (VIOLATED)
bgc_8.lfsr_row._47_/S                   3.00   66.42  -63.42 (VIOLATED)
bgc_8.lfsr_row._48_/S                   3.00   66.42  -63.42 (VIOLATED)
bgc_0.lfsr_col._44_/S                   3.00   66.42  -63.42 (VIOLATED)
bgc_0.lfsr_col._45_/S                   3.00   66.42  -63.42 (VIOLATED)
bgc_0.lfsr_col._46_/S                   3.00   66.42  -63.42 (VIOLATED)
bgc_0.lfsr_col._53_/S                   3.00   66.42  -63.42 (VIOLATED)
bgc_0.lfsr_col._55_/S                   3.00   66.42  -63.42 (VIOLATED)
bgc_11.lfsr_col._47_/S                  3.00   66.42  -63.42 (VIOLATED)
bgc_11.lfsr_col._48_/S                  3.00   66.42  -63.42 (VIOLATED)
bgc_11.lfsr_col._49_/S                  3.00   66.42  -63.42 (VIOLATED)
bgc_11.lfsr_col._50_/S                  3.00   66.42  -63.42 (VIOLATED)
bgc_11.lfsr_col._51_/S                  3.00   66.42  -63.42 (VIOLATED)
bgc_11.lfsr_col._52_/S                  3.00   66.42  -63.42 (VIOLATED)
bgc_11.lfsr_col._53_/S                  3.00   66.42  -63.42 (VIOLATED)
bgc_11.lfsr_col._54_/S                  3.00   66.42  -63.42 (VIOLATED)
bgc_11.lfsr_col._55_/S                  3.00   66.42  -63.42 (VIOLATED)
bgc_12.lfsr_col._44_/S                  3.00   66.42  -63.42 (VIOLATED)
bgc_12.lfsr_col._45_/S                  3.00   66.42  -63.42 (VIOLATED)
bgc_12.lfsr_col._46_/S                  3.00   66.42  -63.42 (VIOLATED)
bgc_12.lfsr_col._47_/S                  3.00   66.42  -63.42 (VIOLATED)
bgc_12.lfsr_col._48_/S                  3.00   66.42  -63.42 (VIOLATED)
bgc_12.lfsr_col._49_/S                  3.00   66.42  -63.42 (VIOLATED)
bgc_12.lfsr_col._50_/S                  3.00   66.42  -63.42 (VIOLATED)
bgc_12.lfsr_col._51_/S                  3.00   66.42  -63.42 (VIOLATED)
bgc_12.lfsr_col._52_/S                  3.00   66.42  -63.42 (VIOLATED)
bgc_12.lfsr_col._53_/S                  3.00   66.42  -63.42 (VIOLATED)
bgc_12.lfsr_col._54_/S                  3.00   66.42  -63.42 (VIOLATED)
bgc_12.lfsr_col._55_/S                  3.00   66.42  -63.42 (VIOLATED)
bgc_0.lfsr_col._51_/S                   3.00   66.42  -63.42 (VIOLATED)
bgc_15.lfsr_col._44_/S                  3.00   66.42  -63.42 (VIOLATED)
bgc_15.lfsr_col._45_/S                  3.00   66.42  -63.42 (VIOLATED)
bgc_15.lfsr_col._50_/S                  3.00   66.42  -63.42 (VIOLATED)
bgc_15.lfsr_col._46_/S                  3.00   66.42  -63.42 (VIOLATED)
bgc_15.lfsr_col._47_/S                  3.00   66.42  -63.42 (VIOLATED)
bgc_15.lfsr_col._48_/S                  3.00   66.42  -63.42 (VIOLATED)
bgc_15.lfsr_col._49_/S                  3.00   66.42  -63.42 (VIOLATED)
bgc_15.lfsr_col._51_/S                  3.00   66.42  -63.42 (VIOLATED)
bgc_15.lfsr_col._52_/S                  3.00   66.42  -63.42 (VIOLATED)
bgc_15.lfsr_col._53_/S                  3.00   66.42  -63.42 (VIOLATED)
bgc_15.lfsr_col._54_/S                  3.00   66.42  -63.42 (VIOLATED)
bgc_15.lfsr_col._55_/S                  3.00   66.42  -63.42 (VIOLATED)
bgc_4.lfsr_col._44_/S                   3.00   66.42  -63.42 (VIOLATED)
bgc_4.lfsr_row._50_/S                   3.00   66.42  -63.42 (VIOLATED)
bgc_4.lfsr_row._51_/S                   3.00   66.42  -63.42 (VIOLATED)
bgc_4.lfsr_row._52_/S                   3.00   66.42  -63.42 (VIOLATED)
bgc_4.lfsr_row._54_/S                   3.00   66.42  -63.42 (VIOLATED)
bgc_4.lfsr_row._55_/S                   3.00   66.42  -63.42 (VIOLATED)
bgc_4.lfsr_col._45_/S                   3.00   66.42  -63.42 (VIOLATED)
bgc_4.lfsr_col._46_/S                   3.00   66.42  -63.42 (VIOLATED)
bgc_8.lfsr_col._45_/S                   3.00   66.42  -63.42 (VIOLATED)
bgc_8.lfsr_row._49_/S                   3.00   66.42  -63.42 (VIOLATED)
bgc_8.lfsr_row._50_/S                   3.00   66.42  -63.42 (VIOLATED)
bgc_8.lfsr_row._51_/S                   3.00   66.42  -63.42 (VIOLATED)
bgc_4.lfsr_col._47_/S                   3.00   66.42  -63.42 (VIOLATED)
bgc_4.lfsr_col._48_/S                   3.00   66.42  -63.42 (VIOLATED)
bgc_4.lfsr_col._49_/S                   3.00   66.42  -63.42 (VIOLATED)
bgc_4.lfsr_col._50_/S                   3.00   66.42  -63.42 (VIOLATED)
bgc_4.lfsr_col._51_/S                   3.00   66.42  -63.42 (VIOLATED)
bgc_4.lfsr_col._52_/S                   3.00   66.42  -63.42 (VIOLATED)
bgc_4.lfsr_col._53_/S                   3.00   66.42  -63.42 (VIOLATED)
bgc_4.lfsr_col._54_/S                   3.00   66.42  -63.42 (VIOLATED)
bgc_4.lfsr_col._55_/S                   3.00   66.42  -63.42 (VIOLATED)
bgc_8.lfsr_col._46_/S                   3.00   66.42  -63.42 (VIOLATED)
bgc_8.lfsr_row._52_/S                   3.00   66.42  -63.42 (VIOLATED)
bgc_8.lfsr_row._53_/S                   3.00   66.42  -63.42 (VIOLATED)
bgc_8.lfsr_col._44_/S                   3.00   66.42  -63.42 (VIOLATED)
bgc_8.lfsr_col._47_/S                   3.00   66.42  -63.42 (VIOLATED)
bgc_8.lfsr_row._54_/S                   3.00   66.42  -63.42 (VIOLATED)
bgc_8.lfsr_row._55_/S                   3.00   66.42  -63.42 (VIOLATED)
bgc_9.lfsr_row._54_/S                   3.00   66.42  -63.42 (VIOLATED)
bgc_0.lfsr_col._52_/S                   3.00   66.42  -63.42 (VIOLATED)
bgc_0.lfsr_col._54_/S                   3.00   66.42  -63.42 (VIOLATED)
bgc_13.lfsr_row._44_/S                  3.00   66.42  -63.42 (VIOLATED)
bgc_3.lfsr_row._44_/S                   3.00   66.42  -63.42 (VIOLATED)
bgc_3.lfsr_row._45_/S                   3.00   66.42  -63.42 (VIOLATED)
bgc_3.lfsr_row._46_/S                   3.00   66.42  -63.42 (VIOLATED)
bgc_3.lfsr_row._47_/S                   3.00   66.42  -63.42 (VIOLATED)
bgc_3.lfsr_row._48_/S                   3.00   66.42  -63.42 (VIOLATED)
bgc_3.lfsr_row._49_/S                   3.00   66.42  -63.42 (VIOLATED)
bgc_3.lfsr_row._50_/S                   3.00   66.42  -63.42 (VIOLATED)
bgc_3.lfsr_row._51_/S                   3.00   66.42  -63.42 (VIOLATED)
bgc_3.lfsr_row._52_/S                   3.00   66.42  -63.42 (VIOLATED)
bgc_3.lfsr_row._53_/S                   3.00   66.42  -63.42 (VIOLATED)
bgc_3.lfsr_row._54_/S                   3.00   66.42  -63.42 (VIOLATED)
bgc_3.lfsr_row._55_/S                   3.00   66.42  -63.42 (VIOLATED)
bgc_7.lfsr_col._44_/S                   3.00   66.42  -63.42 (VIOLATED)
bgc_7.lfsr_col._49_/S                   3.00   66.42  -63.42 (VIOLATED)
bgc_7.lfsr_row._45_/S                   3.00   66.42  -63.42 (VIOLATED)
bgc_7.lfsr_row._47_/S                   3.00   66.42  -63.42 (VIOLATED)
bgc_7.lfsr_row._48_/S                   3.00   66.42  -63.42 (VIOLATED)
bgc_7.lfsr_row._49_/S                   3.00   66.42  -63.42 (VIOLATED)
bgc_7.lfsr_row._50_/S                   3.00   66.42  -63.42 (VIOLATED)
bgc_7.lfsr_col._45_/S                   3.00   66.42  -63.42 (VIOLATED)
bgc_7.lfsr_col._46_/S                   3.00   66.42  -63.42 (VIOLATED)
bgc_7.lfsr_col._47_/S                   3.00   66.42  -63.42 (VIOLATED)
bgc_7.lfsr_col._48_/S                   3.00   66.42  -63.42 (VIOLATED)
bgc_7.lfsr_col._50_/S                   3.00   66.42  -63.42 (VIOLATED)
bgc_7.lfsr_col._51_/S                   3.00   66.42  -63.42 (VIOLATED)
bgc_7.lfsr_col._52_/S                   3.00   66.42  -63.42 (VIOLATED)
bgc_7.lfsr_col._53_/S                   3.00   66.42  -63.42 (VIOLATED)
bgc_7.lfsr_col._54_/S                   3.00   66.42  -63.42 (VIOLATED)
bgc_7.lfsr_col._55_/S                   3.00   66.42  -63.42 (VIOLATED)
bgc_8.lfsr_col._48_/S                   3.00   66.42  -63.42 (VIOLATED)
timer_inst._28_/I                       3.00   66.42  -63.42 (VIOLATED)
timer_inst._45_/A1                      3.00   66.42  -63.42 (VIOLATED)
bgc_0.lfsr_col._48_/S                   3.00   66.42  -63.42 (VIOLATED)
bgc_0.lfsr_col._49_/S                   3.00   66.42  -63.42 (VIOLATED)
bgc_0.lfsr_col._50_/S                   3.00   66.42  -63.42 (VIOLATED)
bgc_13.lfsr_row._45_/S                  3.00   66.42  -63.42 (VIOLATED)
bgc_13.lfsr_row._46_/S                  3.00   66.42  -63.42 (VIOLATED)
bgc_13.lfsr_row._47_/S                  3.00   66.42  -63.42 (VIOLATED)
bgc_13.lfsr_row._48_/S                  3.00   66.42  -63.42 (VIOLATED)
bgc_13.lfsr_row._49_/S                  3.00   66.42  -63.42 (VIOLATED)
bgc_13.lfsr_row._50_/S                  3.00   66.42  -63.42 (VIOLATED)
bgc_13.lfsr_row._51_/S                  3.00   66.42  -63.42 (VIOLATED)
bgc_13.lfsr_row._52_/S                  3.00   66.42  -63.42 (VIOLATED)
bgc_13.lfsr_row._53_/S                  3.00   66.42  -63.42 (VIOLATED)
bgc_13.lfsr_row._54_/S                  3.00   66.42  -63.42 (VIOLATED)
bgc_13.lfsr_row._55_/S                  3.00   66.42  -63.42 (VIOLATED)
bgc_8.lfsr_col._49_/S                   3.00   66.42  -63.42 (VIOLATED)
bgc_8.lfsr_col._50_/S                   3.00   66.42  -63.42 (VIOLATED)
bgc_8.lfsr_col._51_/S                   3.00   66.42  -63.42 (VIOLATED)
bgc_8.lfsr_col._55_/S                   3.00   66.42  -63.42 (VIOLATED)
timer_inst._41_/A1                      3.00   66.42  -63.42 (VIOLATED)
timer_inst._63_/B                       3.00   66.42  -63.42 (VIOLATED)
bgc_0.lfsr_row._44_/S                   3.00   66.42  -63.42 (VIOLATED)
bgc_0.lfsr_row._51_/S                   3.00   66.42  -63.42 (VIOLATED)
bgc_0.lfsr_row._52_/S                   3.00   66.42  -63.42 (VIOLATED)
bgc_0.lfsr_row._53_/S                   3.00   66.42  -63.42 (VIOLATED)
bgc_0.lfsr_row._54_/S                   3.00   66.42  -63.42 (VIOLATED)
bgc_0.lfsr_row._45_/S                   3.00   66.42  -63.42 (VIOLATED)
bgc_0.lfsr_row._46_/S                   3.00   66.42  -63.42 (VIOLATED)
bgc_0.lfsr_row._47_/S                   3.00   66.42  -63.42 (VIOLATED)
bgc_0.lfsr_row._48_/S                   3.00   66.42  -63.42 (VIOLATED)
bgc_0.lfsr_row._49_/S                   3.00   66.42  -63.42 (VIOLATED)
bgc_0.lfsr_row._50_/S                   3.00   66.42  -63.42 (VIOLATED)
bgc_0.lfsr_row._55_/S                   3.00   66.42  -63.42 (VIOLATED)
bgc_13.lfsr_col._44_/S                  3.00   66.42  -63.42 (VIOLATED)
bgc_13.lfsr_col._45_/S                  3.00   66.42  -63.42 (VIOLATED)
bgc_13.lfsr_col._46_/S                  3.00   66.42  -63.42 (VIOLATED)
bgc_13.lfsr_col._47_/S                  3.00   66.42  -63.42 (VIOLATED)
bgc_13.lfsr_col._48_/S                  3.00   66.42  -63.42 (VIOLATED)
bgc_13.lfsr_col._49_/S                  3.00   66.42  -63.42 (VIOLATED)
bgc_13.lfsr_col._50_/S                  3.00   66.42  -63.42 (VIOLATED)
bgc_13.lfsr_col._51_/S                  3.00   66.42  -63.42 (VIOLATED)
bgc_13.lfsr_col._52_/S                  3.00   66.42  -63.42 (VIOLATED)
bgc_13.lfsr_col._53_/S                  3.00   66.42  -63.42 (VIOLATED)
bgc_13.lfsr_col._54_/S                  3.00   66.42  -63.42 (VIOLATED)
bgc_8.lfsr_col._52_/S                   3.00   66.42  -63.42 (VIOLATED)
bgc_13.lfsr_col._55_/S                  3.00   66.42  -63.42 (VIOLATED)
bgc_9.lfsr_row._44_/S                   3.00   66.42  -63.42 (VIOLATED)
bgc_9.lfsr_row._45_/S                   3.00   66.42  -63.42 (VIOLATED)
bgc_9.lfsr_row._46_/S                   3.00   66.42  -63.42 (VIOLATED)
bgc_9.lfsr_row._47_/S                   3.00   66.42  -63.42 (VIOLATED)
bgc_9.lfsr_row._48_/S                   3.00   66.42  -63.42 (VIOLATED)
bgc_9.lfsr_row._49_/S                   3.00   66.42  -63.42 (VIOLATED)
bgc_9.lfsr_row._50_/S                   3.00   66.42  -63.42 (VIOLATED)
bgc_9.lfsr_row._51_/S                   3.00   66.42  -63.42 (VIOLATED)
bgc_9.lfsr_row._52_/S                   3.00   66.42  -63.42 (VIOLATED)
bgc_9.lfsr_row._53_/S                   3.00   66.42  -63.42 (VIOLATED)
bgc_9.lfsr_row._55_/S                   3.00   66.42  -63.42 (VIOLATED)
bgc_3.lfsr_col._46_/S                   3.00   66.42  -63.42 (VIOLATED)
bgc_3.lfsr_col._47_/S                   3.00   66.42  -63.42 (VIOLATED)
bgc_3.lfsr_col._48_/S                   3.00   66.42  -63.42 (VIOLATED)
bgc_3.lfsr_col._49_/S                   3.00   66.42  -63.42 (VIOLATED)
bgc_3.lfsr_col._50_/S                   3.00   66.42  -63.42 (VIOLATED)
bgc_3.lfsr_col._51_/S                   3.00   66.42  -63.42 (VIOLATED)
bgc_3.lfsr_col._52_/S                   3.00   66.42  -63.42 (VIOLATED)
bgc_3.lfsr_col._53_/S                   3.00   66.42  -63.42 (VIOLATED)
bgc_3.lfsr_col._54_/S                   3.00   66.42  -63.42 (VIOLATED)
bgc_3.lfsr_col._55_/S                   3.00   66.42  -63.42 (VIOLATED)
bgc_8.lfsr_col._53_/S                   3.00   66.42  -63.42 (VIOLATED)
bgc_3.lfsr_col._44_/S                   3.00   66.42  -63.42 (VIOLATED)
bgc_3.lfsr_col._45_/S                   3.00   66.42  -63.42 (VIOLATED)
bgc_8.lfsr_col._54_/S                   3.00   66.42  -63.42 (VIOLATED)
bgc_7.lfsr_row._44_/S                   3.00   66.42  -63.42 (VIOLATED)
bgc_7.lfsr_row._46_/S                   3.00   66.42  -63.42 (VIOLATED)
bgc_7.lfsr_row._51_/S                   3.00   66.42  -63.42 (VIOLATED)
bgc_7.lfsr_row._52_/S                   3.00   66.42  -63.42 (VIOLATED)
_21_/A2                                 3.00   66.42  -63.42 (VIOLATED)
bgc_11.lfsr_col._44_/S                  3.00   66.42  -63.42 (VIOLATED)
bgc_11.lfsr_col._45_/S                  3.00   66.42  -63.42 (VIOLATED)
bgc_11.lfsr_col._46_/S                  3.00   66.42  -63.42 (VIOLATED)
bgc_11.lfsr_row._44_/S                  3.00   66.42  -63.42 (VIOLATED)
bgc_11.lfsr_row._45_/S                  3.00   66.42  -63.42 (VIOLATED)
bgc_11.lfsr_row._46_/S                  3.00   66.42  -63.42 (VIOLATED)
bgc_11.lfsr_row._47_/S                  3.00   66.42  -63.42 (VIOLATED)
bgc_11.lfsr_row._48_/S                  3.00   66.42  -63.42 (VIOLATED)
bgc_11.lfsr_row._49_/S                  3.00   66.42  -63.42 (VIOLATED)
bgc_11.lfsr_row._50_/S                  3.00   66.42  -63.42 (VIOLATED)
bgc_11.lfsr_row._51_/S                  3.00   66.42  -63.42 (VIOLATED)
bgc_11.lfsr_row._52_/S                  3.00   66.42  -63.42 (VIOLATED)
bgc_11.lfsr_row._53_/S                  3.00   66.42  -63.42 (VIOLATED)
bgc_11.lfsr_row._54_/S                  3.00   66.42  -63.42 (VIOLATED)
bgc_11.lfsr_row._55_/S                  3.00   66.42  -63.42 (VIOLATED)
bgc_12.lfsr_row._44_/S                  3.00   66.42  -63.42 (VIOLATED)
bgc_12.lfsr_row._45_/S                  3.00   66.42  -63.42 (VIOLATED)
bgc_12.lfsr_row._46_/S                  3.00   66.42  -63.42 (VIOLATED)
bgc_12.lfsr_row._47_/S                  3.00   66.42  -63.42 (VIOLATED)
bgc_12.lfsr_row._48_/S                  3.00   66.42  -63.42 (VIOLATED)
bgc_12.lfsr_row._49_/S                  3.00   66.42  -63.42 (VIOLATED)
bgc_12.lfsr_row._50_/S                  3.00   66.42  -63.42 (VIOLATED)
bgc_12.lfsr_row._51_/S                  3.00   66.42  -63.42 (VIOLATED)
bgc_12.lfsr_row._52_/S                  3.00   66.42  -63.42 (VIOLATED)
bgc_12.lfsr_row._53_/S                  3.00   66.42  -63.42 (VIOLATED)
bgc_12.lfsr_row._54_/S                  3.00   66.42  -63.42 (VIOLATED)
bgc_12.lfsr_row._55_/S                  3.00   66.42  -63.42 (VIOLATED)
bgc_15.lfsr_row._44_/S                  3.00   66.42  -63.42 (VIOLATED)
bgc_15.lfsr_row._45_/S                  3.00   66.42  -63.42 (VIOLATED)
bgc_15.lfsr_row._46_/S                  3.00   66.42  -63.42 (VIOLATED)
bgc_15.lfsr_row._47_/S                  3.00   66.42  -63.42 (VIOLATED)
bgc_15.lfsr_row._48_/S                  3.00   66.42  -63.42 (VIOLATED)
bgc_15.lfsr_row._49_/S                  3.00   66.42  -63.42 (VIOLATED)
bgc_15.lfsr_row._50_/S                  3.00   66.42  -63.42 (VIOLATED)
bgc_15.lfsr_row._51_/S                  3.00   66.42  -63.42 (VIOLATED)
bgc_15.lfsr_row._52_/S                  3.00   66.42  -63.42 (VIOLATED)
bgc_15.lfsr_row._53_/S                  3.00   66.42  -63.42 (VIOLATED)
bgc_15.lfsr_row._54_/S                  3.00   66.42  -63.42 (VIOLATED)
bgc_15.lfsr_row._55_/S                  3.00   66.42  -63.42 (VIOLATED)
bgc_4.lfsr_row._44_/S                   3.00   66.42  -63.42 (VIOLATED)
bgc_4.lfsr_row._45_/S                   3.00   66.42  -63.42 (VIOLATED)
bgc_4.lfsr_row._46_/S                   3.00   66.42  -63.42 (VIOLATED)
bgc_4.lfsr_row._47_/S                   3.00   66.42  -63.42 (VIOLATED)
bgc_4.lfsr_row._48_/S                   3.00   66.42  -63.42 (VIOLATED)
bgc_4.lfsr_row._49_/S                   3.00   66.42  -63.42 (VIOLATED)
bgc_4.lfsr_row._53_/S                   3.00   66.42  -63.42 (VIOLATED)
bgc_7.lfsr_row._53_/S                   3.00   66.42  -63.42 (VIOLATED)
bgc_7.lfsr_row._54_/S                   3.00   66.42  -63.42 (VIOLATED)
bgc_7.lfsr_row._55_/S                   3.00   66.42  -63.42 (VIOLATED)
lfsr_enabler._26_/I                     3.00   66.42  -63.42 (VIOLATED)
lfsr_enabler._28_/A1                    3.00   66.42  -63.42 (VIOLATED)
lfsr_enabler._49_/A2                    3.00   66.42  -63.42 (VIOLATED)
lfsr_enabler._53_/A2                    3.00   66.42  -63.42 (VIOLATED)
lfsr_enabler._61_/Q                     3.00   66.42  -63.42 (VIOLATED)
bgc_11.lfsr_row._37_/A2                 3.00   63.49  -60.49 (VIOLATED)
bgc_12.lfsr_row._27_/I                  3.00   63.49  -60.49 (VIOLATED)
bgc_12.lfsr_row._29_/A2                 3.00   63.49  -60.49 (VIOLATED)
bgc_12.lfsr_row._30_/A2                 3.00   63.49  -60.49 (VIOLATED)
bgc_12.lfsr_row._31_/A2                 3.00   63.49  -60.49 (VIOLATED)
bgc_12.lfsr_row._32_/A2                 3.00   63.49  -60.49 (VIOLATED)
bgc_11.lfsr_row._38_/A2                 3.00   63.49  -60.49 (VIOLATED)
bgc_11.lfsr_row._40_/A2                 3.00   63.49  -60.49 (VIOLATED)
bgc_12.lfsr_row._33_/A2                 3.00   63.49  -60.49 (VIOLATED)
bgc_12.lfsr_row._34_/A2                 3.00   63.49  -60.49 (VIOLATED)
bgc_12.lfsr_row._35_/A2                 3.00   63.49  -60.49 (VIOLATED)
bgc_12.lfsr_row._36_/A2                 3.00   63.49  -60.49 (VIOLATED)
bgc_12.lfsr_row._37_/A2                 3.00   63.49  -60.49 (VIOLATED)
bgc_12.lfsr_row._38_/A2                 3.00   63.49  -60.49 (VIOLATED)
bgc_12.lfsr_row._39_/A2                 3.00   63.49  -60.49 (VIOLATED)
bgc_12.lfsr_row._40_/A2                 3.00   63.49  -60.49 (VIOLATED)
bgc_11.lfsr_row._39_/A2                 3.00   63.49  -60.49 (VIOLATED)
bgc_4.lfsr_row._27_/I                   3.00   63.49  -60.49 (VIOLATED)
bgc_4.lfsr_row._31_/A2                  3.00   63.49  -60.49 (VIOLATED)
bgc_4.lfsr_row._38_/A2                  3.00   63.49  -60.49 (VIOLATED)
bgc_4.lfsr_row._39_/A2                  3.00   63.49  -60.49 (VIOLATED)
bgc_4.lfsr_row._40_/A2                  3.00   63.49  -60.49 (VIOLATED)
bgc_4.lfsr_row._29_/A2                  3.00   63.49  -60.49 (VIOLATED)
bgc_4.lfsr_row._30_/A2                  3.00   63.49  -60.49 (VIOLATED)
bgc_4.lfsr_row._32_/A2                  3.00   63.49  -60.49 (VIOLATED)
bgc_4.lfsr_row._35_/A2                  3.00   63.49  -60.49 (VIOLATED)
bgc_4.lfsr_row._36_/A2                  3.00   63.49  -60.49 (VIOLATED)
bgc_4.lfsr_row._37_/A2                  3.00   63.49  -60.49 (VIOLATED)
bgc_11.lfsr_col._27_/I                  3.00   63.49  -60.49 (VIOLATED)
bgc_11.lfsr_col._34_/A2                 3.00   63.49  -60.49 (VIOLATED)
bgc_11.lfsr_col._36_/A2                 3.00   63.49  -60.49 (VIOLATED)
bgc_11.lfsr_col._37_/A2                 3.00   63.49  -60.49 (VIOLATED)
bgc_11.lfsr_col._38_/A2                 3.00   63.49  -60.49 (VIOLATED)
bgc_11.lfsr_col._39_/A2                 3.00   63.49  -60.49 (VIOLATED)
bgc_11.lfsr_col._40_/A2                 3.00   63.49  -60.49 (VIOLATED)
bgc_4.lfsr_row._33_/A2                  3.00   63.49  -60.49 (VIOLATED)
bgc_4.lfsr_row._34_/A2                  3.00   63.49  -60.49 (VIOLATED)
bgc_11.lfsr_col._29_/A2                 3.00   63.49  -60.49 (VIOLATED)
bgc_11.lfsr_col._31_/A2                 3.00   63.49  -60.49 (VIOLATED)
bgc_11.lfsr_col._32_/A2                 3.00   63.49  -60.49 (VIOLATED)
bgc_11.lfsr_col._33_/A2                 3.00   63.49  -60.49 (VIOLATED)
bgc_11.lfsr_col._35_/A2                 3.00   63.49  -60.49 (VIOLATED)
bgc_11._08_/I                           3.00   63.49  -60.49 (VIOLATED)
bgc_11.lfsr_col._30_/A2                 3.00   63.49  -60.49 (VIOLATED)
bgc_15.lfsr_col._34_/A2                 3.00   63.49  -60.49 (VIOLATED)
bgc_15.lfsr_col._27_/I                  3.00   63.49  -60.49 (VIOLATED)
bgc_15.lfsr_col._31_/A2                 3.00   63.49  -60.49 (VIOLATED)
bgc_15.lfsr_col._32_/A2                 3.00   63.49  -60.49 (VIOLATED)
bgc_15.lfsr_col._35_/A2                 3.00   63.49  -60.49 (VIOLATED)
bgc_15.lfsr_col._33_/A2                 3.00   63.49  -60.49 (VIOLATED)
bgc_15.lfsr_col._36_/A2                 3.00   63.49  -60.49 (VIOLATED)
bgc_15.lfsr_col._29_/A2                 3.00   63.49  -60.49 (VIOLATED)
bgc_15.lfsr_col._40_/A2                 3.00   63.49  -60.49 (VIOLATED)
bgc_15._08_/I                           3.00   63.49  -60.49 (VIOLATED)
bgc_15.lfsr_col._30_/A2                 3.00   63.49  -60.49 (VIOLATED)
bgc_15.lfsr_col._37_/A2                 3.00   63.49  -60.49 (VIOLATED)
bgc_15.lfsr_col._38_/A2                 3.00   63.49  -60.49 (VIOLATED)
bgc_15.lfsr_col._39_/A2                 3.00   63.49  -60.49 (VIOLATED)
bgc_7._08_/I                            3.00   63.49  -60.49 (VIOLATED)
bgc_7.lfsr_col._34_/A2                  3.00   63.49  -60.49 (VIOLATED)
bgc_7.lfsr_col._29_/A2                  3.00   63.49  -60.49 (VIOLATED)
bgc_7.lfsr_col._33_/A2                  3.00   63.49  -60.49 (VIOLATED)
bgc_7.lfsr_col._35_/A2                  3.00   63.49  -60.49 (VIOLATED)
bgc_11.lfsr_row._27_/I                  3.00   63.49  -60.49 (VIOLATED)
bgc_11.lfsr_row._29_/A2                 3.00   63.49  -60.49 (VIOLATED)
bgc_11.lfsr_row._30_/A2                 3.00   63.49  -60.49 (VIOLATED)
bgc_11.lfsr_row._31_/A2                 3.00   63.49  -60.49 (VIOLATED)
bgc_11.lfsr_row._32_/A2                 3.00   63.49  -60.49 (VIOLATED)
bgc_11.lfsr_row._33_/A2                 3.00   63.49  -60.49 (VIOLATED)
bgc_11.lfsr_row._34_/A2                 3.00   63.49  -60.49 (VIOLATED)
bgc_11.lfsr_row._35_/A2                 3.00   63.49  -60.49 (VIOLATED)
bgc_11.lfsr_row._36_/A2                 3.00   63.49  -60.49 (VIOLATED)
bgc_15.lfsr_row._27_/I                  3.00   63.49  -60.49 (VIOLATED)
bgc_15.lfsr_row._32_/A2                 3.00   63.49  -60.49 (VIOLATED)
bgc_15.lfsr_row._34_/A2                 3.00   63.49  -60.49 (VIOLATED)
bgc_15.lfsr_row._35_/A2                 3.00   63.49  -60.49 (VIOLATED)
bgc_15.lfsr_row._36_/A2                 3.00   63.49  -60.49 (VIOLATED)
bgc_15.lfsr_row._37_/A2                 3.00   63.49  -60.49 (VIOLATED)
bgc_15.lfsr_row._38_/A2                 3.00   63.49  -60.49 (VIOLATED)
bgc_15.lfsr_row._39_/A2                 3.00   63.49  -60.49 (VIOLATED)
bgc_15.lfsr_row._40_/A2                 3.00   63.49  -60.49 (VIOLATED)
bgc_3._08_/I                            3.00   63.49  -60.49 (VIOLATED)
bgc_7.lfsr_col._27_/I                   3.00   63.49  -60.49 (VIOLATED)
bgc_7.lfsr_col._30_/A2                  3.00   63.49  -60.49 (VIOLATED)
bgc_7.lfsr_col._31_/A2                  3.00   63.49  -60.49 (VIOLATED)
bgc_7.lfsr_col._32_/A2                  3.00   63.49  -60.49 (VIOLATED)
bgc_7.lfsr_col._36_/A2                  3.00   63.49  -60.49 (VIOLATED)
bgc_7.lfsr_col._40_/A2                  3.00   63.49  -60.49 (VIOLATED)
bgc_7.lfsr_col._37_/A2                  3.00   63.49  -60.49 (VIOLATED)
timer_inst._69_/RN                      3.00   63.49  -60.49 (VIOLATED)
timer_inst._70_/RN                      3.00   63.49  -60.49 (VIOLATED)
bgc_15.lfsr_row._29_/A2                 3.00   63.48  -60.48 (VIOLATED)
bgc_15.lfsr_row._30_/A2                 3.00   63.48  -60.48 (VIOLATED)
bgc_15.lfsr_row._31_/A2                 3.00   63.48  -60.48 (VIOLATED)
bgc_15.lfsr_row._33_/A2                 3.00   63.49  -60.49 (VIOLATED)
bgc_7.lfsr_row._29_/A2                  3.00   63.48  -60.48 (VIOLATED)
bgc_7.lfsr_row._30_/A2                  3.00   63.48  -60.48 (VIOLATED)
bgc_7.lfsr_row._31_/A2                  3.00   63.48  -60.48 (VIOLATED)
bgc_7.lfsr_row._32_/A2                  3.00   63.48  -60.48 (VIOLATED)
timer_inst._71_/RN                      3.00   63.48  -60.48 (VIOLATED)
timer_inst._72_/RN                      3.00   63.48  -60.48 (VIOLATED)
timer_inst._74_/RN                      3.00   63.48  -60.48 (VIOLATED)
bgc_7.lfsr_col._38_/A2                  3.00   63.48  -60.48 (VIOLATED)
bgc_7.lfsr_row._27_/I                   3.00   63.48  -60.48 (VIOLATED)
bgc_7.lfsr_row._33_/A2                  3.00   63.48  -60.48 (VIOLATED)
bgc_7.lfsr_row._34_/A2                  3.00   63.48  -60.48 (VIOLATED)
bgc_7.lfsr_row._35_/A2                  3.00   63.48  -60.48 (VIOLATED)
bgc_7.lfsr_row._38_/A2                  3.00   63.48  -60.48 (VIOLATED)
bgc_13._08_/I                           3.00   63.48  -60.48 (VIOLATED)
bgc_7.lfsr_col._39_/A2                  3.00   63.48  -60.48 (VIOLATED)
bgc_7.lfsr_row._36_/A2                  3.00   63.48  -60.48 (VIOLATED)
bgc_7.lfsr_row._37_/A2                  3.00   63.48  -60.48 (VIOLATED)
bgc_7.lfsr_row._39_/A2                  3.00   63.48  -60.48 (VIOLATED)
bgc_7.lfsr_row._40_/A2                  3.00   63.48  -60.48 (VIOLATED)
timer_inst._75_/RN                      3.00   63.48  -60.48 (VIOLATED)
timer_inst._73_/RN                      3.00   63.48  -60.48 (VIOLATED)
timer_inst._76_/RN                      3.00   63.48  -60.48 (VIOLATED)
timer_inst._78_/RN                      3.00   63.48  -60.48 (VIOLATED)
bgc_3.lfsr_row._27_/I                   3.00   63.48  -60.48 (VIOLATED)
bgc_3.lfsr_row._29_/A2                  3.00   63.48  -60.48 (VIOLATED)
bgc_3.lfsr_row._30_/A2                  3.00   63.48  -60.48 (VIOLATED)
bgc_3.lfsr_row._31_/A2                  3.00   63.48  -60.48 (VIOLATED)
bgc_3.lfsr_row._32_/A2                  3.00   63.48  -60.48 (VIOLATED)
bgc_3.lfsr_row._33_/A2                  3.00   63.48  -60.48 (VIOLATED)
timer_inst._67_/RN                      3.00   63.48  -60.48 (VIOLATED)
timer_inst._68_/RN                      3.00   63.48  -60.48 (VIOLATED)
timer_inst._77_/RN                      3.00   63.48  -60.48 (VIOLATED)
bgc_3.lfsr_row._34_/A2                  3.00   63.48  -60.48 (VIOLATED)
bgc_3.lfsr_row._38_/A2                  3.00   63.48  -60.48 (VIOLATED)
timer_inst._79_/RN                      3.00   63.48  -60.48 (VIOLATED)
timer_inst._80_/RN                      3.00   63.48  -60.48 (VIOLATED)
bgc_13.lfsr_row._29_/A2                 3.00   63.48  -60.48 (VIOLATED)
bgc_13.lfsr_row._30_/A2                 3.00   63.48  -60.48 (VIOLATED)
bgc_3.lfsr_row._35_/A2                  3.00   63.48  -60.48 (VIOLATED)
bgc_3.lfsr_row._40_/A2                  3.00   63.48  -60.48 (VIOLATED)
bgc_3.lfsr_row._36_/A2                  3.00   63.48  -60.48 (VIOLATED)
bgc_3.lfsr_row._37_/A2                  3.00   63.48  -60.48 (VIOLATED)
bgc_3.lfsr_row._39_/A2                  3.00   63.48  -60.48 (VIOLATED)
bgc_13.lfsr_row._31_/A2                 3.00   63.48  -60.48 (VIOLATED)
bgc_3.lfsr_col._29_/A2                  3.00   63.48  -60.48 (VIOLATED)
bgc_13.lfsr_row._32_/A2                 3.00   63.48  -60.48 (VIOLATED)
bgc_13.lfsr_row._33_/A2                 3.00   63.48  -60.48 (VIOLATED)
bgc_13.lfsr_row._34_/A2                 3.00   63.48  -60.48 (VIOLATED)
bgc_13.lfsr_row._35_/A2                 3.00   63.48  -60.48 (VIOLATED)
bgc_3.lfsr_col._30_/A2                  3.00   63.48  -60.48 (VIOLATED)
bgc_13.lfsr_row._27_/I                  3.00   63.48  -60.48 (VIOLATED)
bgc_13.lfsr_row._36_/A2                 3.00   63.48  -60.48 (VIOLATED)
bgc_13.lfsr_row._38_/A2                 3.00   63.48  -60.48 (VIOLATED)
bgc_13.lfsr_row._40_/A2                 3.00   63.48  -60.48 (VIOLATED)
bgc_13.lfsr_row._37_/A2                 3.00   63.48  -60.48 (VIOLATED)
bgc_13.lfsr_row._39_/A2                 3.00   63.48  -60.48 (VIOLATED)
bgc_3.lfsr_col._31_/A2                  3.00   63.48  -60.48 (VIOLATED)
bgc_0.lfsr_row._30_/A2                  3.00   63.48  -60.48 (VIOLATED)
bgc_0.lfsr_row._31_/A2                  3.00   63.48  -60.48 (VIOLATED)
bgc_3.lfsr_col._27_/I                   3.00   63.48  -60.48 (VIOLATED)
bgc_0.lfsr_row._32_/A2                  3.00   63.48  -60.48 (VIOLATED)
bgc_3.lfsr_col._32_/A2                  3.00   63.48  -60.48 (VIOLATED)
bgc_0.lfsr_row._33_/A2                  3.00   63.48  -60.48 (VIOLATED)
bgc_0.lfsr_row._40_/A2                  3.00   63.48  -60.48 (VIOLATED)
bgc_0.lfsr_row._29_/A2                  3.00   63.48  -60.48 (VIOLATED)
bgc_0.lfsr_row._34_/A2                  3.00   63.48  -60.48 (VIOLATED)
bgc_0.lfsr_row._35_/A2                  3.00   63.48  -60.48 (VIOLATED)
bgc_0.lfsr_row._27_/I                   3.00   63.48  -60.48 (VIOLATED)
bgc_0.lfsr_row._36_/A2                  3.00   63.48  -60.48 (VIOLATED)
bgc_0.lfsr_row._39_/A2                  3.00   63.48  -60.48 (VIOLATED)
bgc_3.lfsr_col._36_/A2                  3.00   63.48  -60.48 (VIOLATED)
bgc_3.lfsr_col._33_/A2                  3.00   63.48  -60.48 (VIOLATED)
bgc_3.lfsr_col._34_/A2                  3.00   63.48  -60.48 (VIOLATED)
bgc_3.lfsr_col._35_/A2                  3.00   63.48  -60.48 (VIOLATED)
bgc_0.lfsr_row._37_/A2                  3.00   63.48  -60.48 (VIOLATED)
bgc_0.lfsr_row._38_/A2                  3.00   63.48  -60.48 (VIOLATED)
bgc_13.lfsr_col._29_/A2                 3.00   63.48  -60.48 (VIOLATED)
bgc_3.lfsr_col._37_/A2                  3.00   63.48  -60.48 (VIOLATED)
bgc_3.lfsr_col._38_/A2                  3.00   63.48  -60.48 (VIOLATED)
bgc_3.lfsr_col._39_/A2                  3.00   63.48  -60.48 (VIOLATED)
bgc_3.lfsr_col._40_/A2                  3.00   63.48  -60.48 (VIOLATED)
bgc_13.lfsr_col._27_/I                  3.00   63.48  -60.48 (VIOLATED)
bgc_13.lfsr_col._30_/A2                 3.00   63.48  -60.48 (VIOLATED)
bgc_13.lfsr_col._31_/A2                 3.00   63.48  -60.48 (VIOLATED)
bgc_13.lfsr_col._32_/A2                 3.00   63.48  -60.48 (VIOLATED)
bgc_0._08_/I                            3.00   63.48  -60.48 (VIOLATED)
bgc_13.lfsr_col._35_/A2                 3.00   63.48  -60.48 (VIOLATED)
bgc_13.lfsr_col._38_/A2                 3.00   63.48  -60.48 (VIOLATED)
bgc_13.lfsr_col._33_/A2                 3.00   63.48  -60.48 (VIOLATED)
bgc_13.lfsr_col._36_/A2                 3.00   63.48  -60.48 (VIOLATED)
bgc_13.lfsr_col._37_/A2                 3.00   63.48  -60.48 (VIOLATED)
bgc_13.lfsr_col._40_/A2                 3.00   63.48  -60.48 (VIOLATED)
bgc_13.lfsr_col._34_/A2                 3.00   63.48  -60.48 (VIOLATED)
bgc_9.lfsr_row._39_/A2                  3.00   63.48  -60.48 (VIOLATED)
bgc_12._08_/I                           3.00   63.48  -60.48 (VIOLATED)
bgc_12.lfsr_col._27_/I                  3.00   63.48  -60.48 (VIOLATED)
bgc_12.lfsr_col._29_/A2                 3.00   63.48  -60.48 (VIOLATED)
bgc_12.lfsr_col._30_/A2                 3.00   63.48  -60.48 (VIOLATED)
bgc_12.lfsr_col._31_/A2                 3.00   63.48  -60.48 (VIOLATED)
bgc_12.lfsr_col._32_/A2                 3.00   63.48  -60.48 (VIOLATED)
bgc_12.lfsr_col._33_/A2                 3.00   63.48  -60.48 (VIOLATED)
bgc_12.lfsr_col._34_/A2                 3.00   63.48  -60.48 (VIOLATED)
bgc_12.lfsr_col._35_/A2                 3.00   63.48  -60.48 (VIOLATED)
bgc_12.lfsr_col._36_/A2                 3.00   63.48  -60.48 (VIOLATED)
bgc_12.lfsr_col._37_/A2                 3.00   63.48  -60.48 (VIOLATED)
bgc_4._08_/I                            3.00   63.48  -60.48 (VIOLATED)
bgc_12.lfsr_col._38_/A2                 3.00   63.48  -60.48 (VIOLATED)
bgc_12.lfsr_col._39_/A2                 3.00   63.48  -60.48 (VIOLATED)
bgc_12.lfsr_col._40_/A2                 3.00   63.48  -60.48 (VIOLATED)
bgc_4.lfsr_col._27_/I                   3.00   63.48  -60.48 (VIOLATED)
bgc_4.lfsr_col._29_/A2                  3.00   63.48  -60.48 (VIOLATED)
bgc_4.lfsr_col._30_/A2                  3.00   63.48  -60.48 (VIOLATED)
bgc_4.lfsr_col._31_/A2                  3.00   63.48  -60.48 (VIOLATED)
bgc_4.lfsr_col._32_/A2                  3.00   63.48  -60.48 (VIOLATED)
bgc_4.lfsr_col._33_/A2                  3.00   63.48  -60.48 (VIOLATED)
bgc_4.lfsr_col._34_/A2                  3.00   63.48  -60.48 (VIOLATED)
bgc_4.lfsr_col._35_/A2                  3.00   63.48  -60.48 (VIOLATED)
bgc_4.lfsr_col._36_/A2                  3.00   63.48  -60.48 (VIOLATED)
bgc_4.lfsr_col._37_/A2                  3.00   63.48  -60.48 (VIOLATED)
bgc_4.lfsr_col._38_/A2                  3.00   63.48  -60.48 (VIOLATED)
bgc_4.lfsr_col._39_/A2                  3.00   63.48  -60.48 (VIOLATED)
bgc_4.lfsr_col._40_/A2                  3.00   63.48  -60.48 (VIOLATED)
bgc_5.lfsr_row._30_/A2                  3.00   63.48  -60.48 (VIOLATED)
bgc_5.lfsr_row._31_/A2                  3.00   63.48  -60.48 (VIOLATED)
bgc_5.lfsr_row._32_/A2                  3.00   63.48  -60.48 (VIOLATED)
bgc_8.lfsr_row._29_/A2                  3.00   63.48  -60.48 (VIOLATED)
bgc_8.lfsr_row._30_/A2                  3.00   63.48  -60.48 (VIOLATED)
bgc_8.lfsr_row._31_/A2                  3.00   63.48  -60.48 (VIOLATED)
bgc_8.lfsr_row._32_/A2                  3.00   63.48  -60.48 (VIOLATED)
bgc_9.lfsr_col._37_/A2                  3.00   63.48  -60.48 (VIOLATED)
bgc_9.lfsr_col._38_/A2                  3.00   63.48  -60.48 (VIOLATED)
bgc_8.lfsr_row._33_/A2                  3.00   63.48  -60.48 (VIOLATED)
bgc_14.lfsr_col._31_/A2                 3.00   63.48  -60.48 (VIOLATED)
bgc_8.lfsr_row._27_/I                   3.00   63.48  -60.48 (VIOLATED)
bgc_8.lfsr_row._34_/A2                  3.00   63.48  -60.48 (VIOLATED)
bgc_8.lfsr_row._36_/A2                  3.00   63.48  -60.48 (VIOLATED)
bgc_14.lfsr_col._33_/A2                 3.00   63.48  -60.48 (VIOLATED)
bgc_14.lfsr_col._34_/A2                 3.00   63.48  -60.48 (VIOLATED)
bgc_5.lfsr_row._29_/A2                  3.00   63.48  -60.48 (VIOLATED)
bgc_5.lfsr_row._33_/A2                  3.00   63.48  -60.48 (VIOLATED)
bgc_8.lfsr_row._35_/A2                  3.00   63.48  -60.48 (VIOLATED)
bgc_8.lfsr_row._37_/A2                  3.00   63.48  -60.48 (VIOLATED)
bgc_8.lfsr_row._38_/A2                  3.00   63.48  -60.48 (VIOLATED)
bgc_8.lfsr_row._39_/A2                  3.00   63.48  -60.48 (VIOLATED)
bgc_8.lfsr_row._40_/A2                  3.00   63.48  -60.48 (VIOLATED)
bgc_14.lfsr_col._27_/I                  3.00   63.48  -60.48 (VIOLATED)
bgc_14.lfsr_col._29_/A2                 3.00   63.48  -60.48 (VIOLATED)
bgc_14.lfsr_col._30_/A2                 3.00   63.48  -60.48 (VIOLATED)
bgc_14.lfsr_col._32_/A2                 3.00   63.48  -60.48 (VIOLATED)
bgc_14.lfsr_col._35_/A2                 3.00   63.48  -60.48 (VIOLATED)
bgc_14.lfsr_col._36_/A2                 3.00   63.48  -60.48 (VIOLATED)
bgc_14.lfsr_col._37_/A2                 3.00   63.48  -60.48 (VIOLATED)
bgc_14.lfsr_col._38_/A2                 3.00   63.48  -60.48 (VIOLATED)
bgc_14.lfsr_col._39_/A2                 3.00   63.48  -60.48 (VIOLATED)
bgc_14.lfsr_col._40_/A2                 3.00   63.48  -60.48 (VIOLATED)
bgc_14._08_/I                           3.00   63.48  -60.48 (VIOLATED)
bgc_5.lfsr_row._34_/A2                  3.00   63.48  -60.48 (VIOLATED)
bgc_6.lfsr_col._30_/A2                  3.00   63.48  -60.48 (VIOLATED)
bgc_6.lfsr_col._31_/A2                  3.00   63.48  -60.48 (VIOLATED)
bgc_6.lfsr_col._33_/A2                  3.00   63.48  -60.48 (VIOLATED)
bgc_6.lfsr_col._32_/A2                  3.00   63.48  -60.48 (VIOLATED)
bgc_6.lfsr_col._34_/A2                  3.00   63.48  -60.48 (VIOLATED)
bgc_5.lfsr_row._35_/A2                  3.00   63.48  -60.48 (VIOLATED)
bgc_6.lfsr_col._29_/A2                  3.00   63.48  -60.48 (VIOLATED)
bgc_6.lfsr_col._35_/A2                  3.00   63.48  -60.48 (VIOLATED)
bgc_6.lfsr_col._36_/A2                  3.00   63.48  -60.48 (VIOLATED)
bgc_6.lfsr_col._27_/I                   3.00   63.48  -60.48 (VIOLATED)
bgc_6.lfsr_col._37_/A2                  3.00   63.48  -60.48 (VIOLATED)
bgc_6.lfsr_col._40_/A2                  3.00   63.48  -60.48 (VIOLATED)
bgc_6.lfsr_col._38_/A2                  3.00   63.48  -60.48 (VIOLATED)
bgc_6.lfsr_col._39_/A2                  3.00   63.48  -60.48 (VIOLATED)
bgc_14.lfsr_row._35_/A2                 3.00   63.48  -60.48 (VIOLATED)
bgc_5.lfsr_row._36_/A2                  3.00   63.48  -60.48 (VIOLATED)
bgc_14.lfsr_row._36_/A2                 3.00   63.48  -60.48 (VIOLATED)
bgc_5.lfsr_row._37_/A2                  3.00   63.48  -60.48 (VIOLATED)
bgc_14.lfsr_row._27_/I                  3.00   63.48  -60.48 (VIOLATED)
bgc_2.lfsr_col._31_/A2                  3.00   63.48  -60.48 (VIOLATED)
bgc_5.lfsr_row._40_/A2                  3.00   63.48  -60.48 (VIOLATED)
dec_inst._11_/RN                        3.00   63.48  -60.48 (VIOLATED)
dec_inst._12_/RN                        3.00   63.48  -60.48 (VIOLATED)
lfsr_enabler._55_/RN                    3.00   63.48  -60.48 (VIOLATED)
res_mem_inst._153_/RN                   3.00   63.48  -60.48 (VIOLATED)
bgc_14.lfsr_row._29_/A2                 3.00   63.48  -60.48 (VIOLATED)
bgc_14.lfsr_row._30_/A2                 3.00   63.48  -60.48 (VIOLATED)
bgc_14.lfsr_row._31_/A2                 3.00   63.48  -60.48 (VIOLATED)
bgc_14.lfsr_row._32_/A2                 3.00   63.48  -60.48 (VIOLATED)
bgc_14.lfsr_row._34_/A2                 3.00   63.48  -60.48 (VIOLATED)
bgc_14.lfsr_row._37_/A2                 3.00   63.48  -60.48 (VIOLATED)
bgc_14.lfsr_row._38_/A2                 3.00   63.48  -60.48 (VIOLATED)
bgc_14.lfsr_row._40_/A2                 3.00   63.48  -60.48 (VIOLATED)
bgc_8.lfsr_col._30_/A2                  3.00   63.48  -60.48 (VIOLATED)
res_mem_inst._154_/RN                   3.00   63.48  -60.48 (VIOLATED)
bgc_2.lfsr_col._32_/A2                  3.00   63.48  -60.48 (VIOLATED)
bgc_5.lfsr_row._38_/A2                  3.00   63.48  -60.48 (VIOLATED)
bgc_8._08_/I                            3.00   63.48  -60.48 (VIOLATED)
bgc_8.lfsr_col._31_/A2                  3.00   63.48  -60.48 (VIOLATED)
res_mem_inst._155_/RN                   3.00   63.48  -60.48 (VIOLATED)
res_mem_inst._156_/RN                   3.00   63.48  -60.48 (VIOLATED)
res_mem_inst._157_/RN                   3.00   63.48  -60.48 (VIOLATED)
bgc_8.lfsr_col._32_/A2                  3.00   63.48  -60.48 (VIOLATED)
bgc_8.lfsr_col._33_/A2                  3.00   63.48  -60.48 (VIOLATED)
bgc_2.lfsr_col._34_/A2                  3.00   63.48  -60.48 (VIOLATED)
bgc_5.lfsr_row._27_/I                   3.00   63.48  -60.48 (VIOLATED)
bgc_5.lfsr_row._39_/A2                  3.00   63.48  -60.48 (VIOLATED)
bgc_8.lfsr_col._27_/I                   3.00   63.48  -60.48 (VIOLATED)
bgc_8.lfsr_col._29_/A2                  3.00   63.48  -60.48 (VIOLATED)
bgc_8.lfsr_col._34_/A2                  3.00   63.48  -60.48 (VIOLATED)
bgc_8.lfsr_col._35_/A2                  3.00   63.48  -60.48 (VIOLATED)
bgc_8.lfsr_col._36_/A2                  3.00   63.48  -60.48 (VIOLATED)
bgc_8.lfsr_col._37_/A2                  3.00   63.48  -60.48 (VIOLATED)
bgc_8.lfsr_col._38_/A2                  3.00   63.48  -60.48 (VIOLATED)
bgc_8.lfsr_col._39_/A2                  3.00   63.48  -60.48 (VIOLATED)
bgc_8.lfsr_col._40_/A2                  3.00   63.48  -60.48 (VIOLATED)
res_mem_inst._063_/I                    3.00   63.48  -60.48 (VIOLATED)
bgc_14.lfsr_row._33_/A2                 3.00   63.48  -60.48 (VIOLATED)
bgc_14.lfsr_row._39_/A2                 3.00   63.48  -60.48 (VIOLATED)
bgc_2.lfsr_col._27_/I                   3.00   63.48  -60.48 (VIOLATED)
bgc_2.lfsr_col._30_/A2                  3.00   63.48  -60.48 (VIOLATED)
bgc_2.lfsr_col._33_/A2                  3.00   63.48  -60.48 (VIOLATED)
bgc_2.lfsr_col._35_/A2                  3.00   63.48  -60.48 (VIOLATED)
bgc_2.lfsr_col._36_/A2                  3.00   63.48  -60.48 (VIOLATED)
res_mem_inst.out_dec_inst._11_/RN       3.00   63.48  -60.48 (VIOLATED)
res_mem_inst.out_dec_inst._12_/RN       3.00   63.48  -60.48 (VIOLATED)
bgc_1.lfsr_col._30_/A2                  3.00   63.48  -60.48 (VIOLATED)
bgc_1.lfsr_col._31_/A2                  3.00   63.48  -60.48 (VIOLATED)
bgc_2.lfsr_col._29_/A2                  3.00   63.48  -60.48 (VIOLATED)
bgc_1.lfsr_col._27_/I                   3.00   63.48  -60.48 (VIOLATED)
bgc_1.lfsr_col._29_/A2                  3.00   63.48  -60.48 (VIOLATED)
bgc_1.lfsr_col._32_/A2                  3.00   63.48  -60.48 (VIOLATED)
bgc_1.lfsr_col._33_/A2                  3.00   63.48  -60.48 (VIOLATED)
bgc_1.lfsr_col._34_/A2                  3.00   63.48  -60.48 (VIOLATED)
bgc_2.lfsr_col._37_/A2                  3.00   63.48  -60.48 (VIOLATED)
bgc_2.lfsr_col._38_/A2                  3.00   63.48  -60.48 (VIOLATED)
bgc_2.lfsr_col._40_/A2                  3.00   63.48  -60.48 (VIOLATED)
bgc_0.lfsr_col._27_/I                   3.00   63.48  -60.48 (VIOLATED)
bgc_0.lfsr_col._30_/A2                  3.00   63.48  -60.48 (VIOLATED)
bgc_1.lfsr_col._35_/A2                  3.00   63.48  -60.48 (VIOLATED)
bgc_1.lfsr_col._36_/A2                  3.00   63.48  -60.48 (VIOLATED)
bgc_1.lfsr_col._37_/A2                  3.00   63.48  -60.48 (VIOLATED)
bgc_1.lfsr_col._38_/A2                  3.00   63.48  -60.48 (VIOLATED)
bgc_1.lfsr_col._39_/A2                  3.00   63.48  -60.48 (VIOLATED)
bgc_1.lfsr_col._40_/A2                  3.00   63.48  -60.48 (VIOLATED)
bgc_6._08_/I                            3.00   63.48  -60.48 (VIOLATED)
lfsr_enabler._56_/RN                    3.00   63.48  -60.48 (VIOLATED)
lfsr_enabler._57_/RN                    3.00   63.48  -60.48 (VIOLATED)
lfsr_enabler._58_/RN                    3.00   63.48  -60.48 (VIOLATED)
lfsr_enabler._59_/RN                    3.00   63.48  -60.48 (VIOLATED)
lfsr_enabler._60_/RN                    3.00   63.48  -60.48 (VIOLATED)
lfsr_enabler._61_/RN                    3.00   63.48  -60.48 (VIOLATED)
bgc_0.lfsr_col._31_/A2                  3.00   63.48  -60.48 (VIOLATED)
bgc_0.lfsr_col._32_/A2                  3.00   63.48  -60.48 (VIOLATED)
bgc_0.lfsr_col._33_/A2                  3.00   63.48  -60.48 (VIOLATED)
bgc_10.lfsr_col._33_/A2                 3.00   63.48  -60.48 (VIOLATED)
bgc_12.final_counter._69_/RN            3.00   63.48  -60.48 (VIOLATED)
bgc_13.lfsr_col._39_/A2                 3.00   63.48  -60.48 (VIOLATED)
bgc_14.final_counter._69_/RN            3.00   63.48  -60.48 (VIOLATED)
bgc_14.final_counter._70_/RN            3.00   63.48  -60.48 (VIOLATED)
bgc_14.final_counter._71_/RN            3.00   63.48  -60.48 (VIOLATED)
bgc_2._08_/I                            3.00   63.48  -60.48 (VIOLATED)
bgc_9.lfsr_row._27_/I                   3.00   63.48  -60.48 (VIOLATED)
bgc_9.lfsr_row._29_/A2                  3.00   63.48  -60.48 (VIOLATED)
bgc_9.lfsr_row._35_/A2                  3.00   63.48  -60.48 (VIOLATED)
bgc_9.lfsr_row._36_/A2                  3.00   63.48  -60.48 (VIOLATED)
bgc_9.lfsr_row._37_/A2                  3.00   63.48  -60.48 (VIOLATED)
bgc_0.lfsr_col._29_/A2                  3.00   63.48  -60.48 (VIOLATED)
bgc_0.lfsr_col._34_/A2                  3.00   63.48  -60.48 (VIOLATED)
bgc_0.lfsr_col._35_/A2                  3.00   63.48  -60.48 (VIOLATED)
bgc_0.lfsr_col._36_/A2                  3.00   63.48  -60.48 (VIOLATED)
bgc_0.lfsr_col._37_/A2                  3.00   63.48  -60.48 (VIOLATED)
bgc_0.lfsr_col._38_/A2                  3.00   63.48  -60.48 (VIOLATED)
bgc_0.lfsr_col._39_/A2                  3.00   63.48  -60.48 (VIOLATED)
bgc_0.lfsr_col._40_/A2                  3.00   63.48  -60.48 (VIOLATED)
bgc_10.lfsr_col._27_/I                  3.00   63.48  -60.48 (VIOLATED)
bgc_10.lfsr_col._34_/A2                 3.00   63.48  -60.48 (VIOLATED)
bgc_12.final_counter._70_/RN            3.00   63.48  -60.48 (VIOLATED)
bgc_10.lfsr_col._30_/A2                 3.00   63.48  -60.48 (VIOLATED)
bgc_10.lfsr_col._31_/A2                 3.00   63.48  -60.48 (VIOLATED)
bgc_10.lfsr_col._32_/A2                 3.00   63.48  -60.48 (VIOLATED)
bgc_11.final_counter._69_/RN            3.00   63.48  -60.48 (VIOLATED)
bgc_12.final_counter._71_/RN            3.00   63.48  -60.48 (VIOLATED)
bgc_13.final_counter._71_/RN            3.00   63.48  -60.48 (VIOLATED)
bgc_2.lfsr_col._39_/A2                  3.00   63.48  -60.48 (VIOLATED)
bgc_11.final_counter._70_/RN            3.00   63.48  -60.48 (VIOLATED)
bgc_11.final_counter._71_/RN            3.00   63.48  -60.48 (VIOLATED)
bgc_9._08_/I                            3.00   63.48  -60.48 (VIOLATED)
bgc_9.lfsr_col._30_/A2                  3.00   63.48  -60.48 (VIOLATED)
bgc_9.lfsr_row._30_/A2                  3.00   63.48  -60.48 (VIOLATED)
bgc_9.lfsr_row._31_/A2                  3.00   63.48  -60.48 (VIOLATED)
bgc_9.lfsr_row._32_/A2                  3.00   63.48  -60.48 (VIOLATED)
bgc_9.lfsr_row._33_/A2                  3.00   63.48  -60.48 (VIOLATED)
bgc_9.lfsr_row._34_/A2                  3.00   63.48  -60.48 (VIOLATED)
bgc_9.lfsr_row._38_/A2                  3.00   63.48  -60.48 (VIOLATED)
bgc_9.lfsr_row._40_/A2                  3.00   63.48  -60.48 (VIOLATED)
bgc_9.lfsr_col._31_/A2                  3.00   63.48  -60.48 (VIOLATED)
bgc_1.lfsr_row._30_/A2                  3.00   63.48  -60.48 (VIOLATED)
bgc_10.final_counter._69_/RN            3.00   63.48  -60.48 (VIOLATED)
bgc_10.final_counter._70_/RN            3.00   63.48  -60.48 (VIOLATED)
bgc_10.lfsr_col._29_/A2                 3.00   63.48  -60.48 (VIOLATED)
bgc_10.final_counter._71_/RN            3.00   63.48  -60.48 (VIOLATED)
bgc_10.lfsr_col._35_/A2                 3.00   63.48  -60.48 (VIOLATED)
bgc_10.lfsr_col._36_/A2                 3.00   63.48  -60.48 (VIOLATED)
bgc_10.lfsr_col._37_/A2                 3.00   63.48  -60.48 (VIOLATED)
bgc_5._08_/I                            3.00   63.48  -60.48 (VIOLATED)
bgc_9.lfsr_col._29_/A2                  3.00   63.48  -60.48 (VIOLATED)
bgc_9.lfsr_col._32_/A2                  3.00   63.48  -60.48 (VIOLATED)
bgc_10.lfsr_col._38_/A2                 3.00   63.48  -60.48 (VIOLATED)
bgc_13.final_counter._72_/RN            3.00   63.48  -60.48 (VIOLATED)
bgc_5.lfsr_col._30_/A2                  3.00   63.48  -60.48 (VIOLATED)
bgc_9.final_counter._71_/RN             3.00   63.48  -60.48 (VIOLATED)
bgc_9.lfsr_col._34_/A2                  3.00   63.48  -60.48 (VIOLATED)
bgc_9.lfsr_col._27_/I                   3.00   63.48  -60.48 (VIOLATED)
bgc_9.lfsr_col._33_/A2                  3.00   63.48  -60.48 (VIOLATED)
bgc_9.lfsr_col._35_/A2                  3.00   63.48  -60.48 (VIOLATED)
bgc_9.lfsr_col._36_/A2                  3.00   63.48  -60.48 (VIOLATED)
bgc_9.lfsr_col._39_/A2                  3.00   63.48  -60.48 (VIOLATED)
bgc_9.lfsr_col._40_/A2                  3.00   63.48  -60.48 (VIOLATED)
bgc_1.lfsr_row._27_/I                   3.00   63.48  -60.48 (VIOLATED)
bgc_10.lfsr_col._40_/A2                 3.00   63.48  -60.48 (VIOLATED)
bgc_12.final_counter._72_/RN            3.00   63.48  -60.48 (VIOLATED)
bgc_14.final_counter._72_/RN            3.00   63.48  -60.48 (VIOLATED)
bgc_14.final_counter._73_/RN            3.00   63.48  -60.48 (VIOLATED)
bgc_5.lfsr_col._29_/A2                  3.00   63.48  -60.48 (VIOLATED)
bgc_5.lfsr_col._31_/A2                  3.00   63.48  -60.48 (VIOLATED)
bgc_5.lfsr_col._32_/A2                  3.00   63.48  -60.48 (VIOLATED)
bgc_5.lfsr_col._33_/A2                  3.00   63.48  -60.48 (VIOLATED)
bgc_1._08_/I                            3.00   63.48  -60.48 (VIOLATED)
bgc_1.lfsr_row._31_/A2                  3.00   63.48  -60.48 (VIOLATED)
bgc_10.final_counter._72_/RN            3.00   63.48  -60.48 (VIOLATED)
bgc_10.lfsr_col._39_/A2                 3.00   63.48  -60.48 (VIOLATED)
bgc_12.final_counter._73_/RN            3.00   63.48  -60.48 (VIOLATED)
bgc_12.final_counter._74_/RN            3.00   63.48  -60.48 (VIOLATED)
bgc_13.final_counter._73_/RN            3.00   63.48  -60.48 (VIOLATED)
bgc_13.final_counter._74_/RN            3.00   63.48  -60.48 (VIOLATED)
bgc_11.final_counter._72_/RN            3.00   63.48  -60.48 (VIOLATED)
bgc_3.final_counter._69_/RN             3.00   63.48  -60.48 (VIOLATED)
bgc_4.final_counter._70_/RN             3.00   63.48  -60.48 (VIOLATED)
bgc_4.final_counter._71_/RN             3.00   63.48  -60.48 (VIOLATED)
bgc_5.lfsr_col._34_/A2                  3.00   63.48  -60.48 (VIOLATED)
bgc_5.lfsr_col._35_/A2                  3.00   63.48  -60.48 (VIOLATED)
bgc_5.lfsr_col._40_/A2                  3.00   63.48  -60.48 (VIOLATED)
bgc_4.final_counter._69_/RN             3.00   63.48  -60.48 (VIOLATED)
bgc_5.lfsr_col._27_/I                   3.00   63.48  -60.48 (VIOLATED)
bgc_5.lfsr_col._36_/A2                  3.00   63.48  -60.48 (VIOLATED)
bgc_5.lfsr_col._37_/A2                  3.00   63.48  -60.48 (VIOLATED)
bgc_5.lfsr_col._38_/A2                  3.00   63.48  -60.48 (VIOLATED)
bgc_5.lfsr_col._39_/A2                  3.00   63.48  -60.48 (VIOLATED)
bgc_9.final_counter._72_/RN             3.00   63.48  -60.48 (VIOLATED)
bgc_0.final_counter._69_/RN             3.00   63.48  -60.48 (VIOLATED)
bgc_13.final_counter._69_/RN            3.00   63.48  -60.48 (VIOLATED)
bgc_3.final_counter._70_/RN             3.00   63.48  -60.48 (VIOLATED)
bgc_3.final_counter._71_/RN             3.00   63.48  -60.48 (VIOLATED)
bgc_5.final_counter._69_/RN             3.00   63.48  -60.48 (VIOLATED)
bgc_5.final_counter._70_/RN             3.00   63.48  -60.48 (VIOLATED)
bgc_5.final_counter._71_/RN             3.00   63.48  -60.48 (VIOLATED)
bgc_1.final_counter._69_/RN             3.00   63.48  -60.48 (VIOLATED)
bgc_1.lfsr_row._32_/A2                  3.00   63.48  -60.48 (VIOLATED)
bgc_13.final_counter._70_/RN            3.00   63.48  -60.48 (VIOLATED)
bgc_15.final_counter._69_/RN            3.00   63.48  -60.48 (VIOLATED)
bgc_15.final_counter._70_/RN            3.00   63.48  -60.48 (VIOLATED)
bgc_15.final_counter._71_/RN            3.00   63.48  -60.48 (VIOLATED)
bgc_9.final_counter._69_/RN             3.00   63.48  -60.48 (VIOLATED)
bgc_9.final_counter._70_/RN             3.00   63.48  -60.48 (VIOLATED)
bgc_11.final_counter._73_/RN            3.00   63.48  -60.48 (VIOLATED)
bgc_14.final_counter._74_/RN            3.00   63.48  -60.48 (VIOLATED)
bgc_15.final_counter._72_/RN            3.00   63.48  -60.48 (VIOLATED)
bgc_15.final_counter._73_/RN            3.00   63.48  -60.48 (VIOLATED)
bgc_15.final_counter._74_/RN            3.00   63.48  -60.48 (VIOLATED)
bgc_15.final_counter._75_/RN            3.00   63.48  -60.48 (VIOLATED)
bgc_15.final_counter._76_/RN            3.00   63.48  -60.48 (VIOLATED)
bgc_0.final_counter._70_/RN             3.00   63.48  -60.48 (VIOLATED)
bgc_0.final_counter._71_/RN             3.00   63.48  -60.48 (VIOLATED)
bgc_1.final_counter._70_/RN             3.00   63.48  -60.48 (VIOLATED)
bgc_6.final_counter._69_/RN             3.00   63.48  -60.48 (VIOLATED)
bgc_6.final_counter._70_/RN             3.00   63.48  -60.48 (VIOLATED)
bgc_1.final_counter._71_/RN             3.00   63.48  -60.48 (VIOLATED)
bgc_1.lfsr_row._29_/A2                  3.00   63.48  -60.48 (VIOLATED)
bgc_2.final_counter._69_/RN             3.00   63.48  -60.48 (VIOLATED)
bgc_2.final_counter._70_/RN             3.00   63.48  -60.48 (VIOLATED)
bgc_6.final_counter._71_/RN             3.00   63.48  -60.48 (VIOLATED)
bgc_7.final_counter._69_/RN             3.00   63.48  -60.48 (VIOLATED)
bgc_7.final_counter._70_/RN             3.00   63.48  -60.48 (VIOLATED)
bgc_7.final_counter._71_/RN             3.00   63.48  -60.48 (VIOLATED)
bgc_8.final_counter._69_/RN             3.00   63.48  -60.48 (VIOLATED)
bgc_8.final_counter._70_/RN             3.00   63.48  -60.48 (VIOLATED)
bgc_8.final_counter._71_/RN             3.00   63.48  -60.48 (VIOLATED)
bgc_1.lfsr_row._38_/A2                  3.00   63.48  -60.48 (VIOLATED)
bgc_10._08_/I                           3.00   63.48  -60.48 (VIOLATED)
bgc_10.final_counter._73_/RN            3.00   63.48  -60.48 (VIOLATED)
bgc_10.final_counter._74_/RN            3.00   63.48  -60.48 (VIOLATED)
bgc_11.final_counter._74_/RN            3.00   63.48  -60.48 (VIOLATED)
bgc_15.final_counter._77_/RN            3.00   63.48  -60.48 (VIOLATED)
bgc_2.final_counter._71_/RN             3.00   63.48  -60.48 (VIOLATED)
bgc_2.final_counter._72_/RN             3.00   63.48  -60.48 (VIOLATED)
bgc_2.final_counter._73_/RN             3.00   63.48  -60.48 (VIOLATED)
bgc_2.final_counter._74_/RN             3.00   63.48  -60.48 (VIOLATED)
bgc_9.final_counter._73_/RN             3.00   63.48  -60.48 (VIOLATED)
bgc_9.final_counter._74_/RN             3.00   63.48  -60.48 (VIOLATED)
bgc_1.final_counter._72_/RN             3.00   63.48  -60.48 (VIOLATED)
bgc_1.lfsr_row._33_/A2                  3.00   63.48  -60.48 (VIOLATED)
bgc_1.lfsr_row._34_/A2                  3.00   63.48  -60.48 (VIOLATED)
bgc_1.lfsr_row._35_/A2                  3.00   63.48  -60.48 (VIOLATED)
bgc_1.lfsr_row._36_/A2                  3.00   63.48  -60.48 (VIOLATED)
bgc_1.lfsr_row._37_/A2                  3.00   63.48  -60.48 (VIOLATED)
bgc_1.lfsr_row._39_/A2                  3.00   63.48  -60.48 (VIOLATED)
bgc_15.final_counter._79_/RN            3.00   63.48  -60.48 (VIOLATED)
bgc_11.final_counter._75_/RN            3.00   63.48  -60.48 (VIOLATED)
bgc_15.final_counter._78_/RN            3.00   63.48  -60.48 (VIOLATED)
bgc_9.final_counter._75_/RN             3.00   63.48  -60.48 (VIOLATED)
bgc_0.final_counter._72_/RN             3.00   63.48  -60.48 (VIOLATED)
bgc_0.final_counter._73_/RN             3.00   63.48  -60.48 (VIOLATED)
bgc_1.final_counter._73_/RN             3.00   63.48  -60.48 (VIOLATED)
bgc_1.final_counter._80_/RN             3.00   63.48  -60.48 (VIOLATED)
bgc_1.lfsr_row._40_/A2                  3.00   63.48  -60.48 (VIOLATED)
bgc_1.final_counter._74_/RN             3.00   63.48  -60.48 (VIOLATED)
bgc_5.final_counter._72_/RN             3.00   63.48  -60.48 (VIOLATED)
bgc_5.final_counter._74_/RN             3.00   63.48  -60.48 (VIOLATED)
bgc_1.final_counter._76_/RN             3.00   63.48  -60.48 (VIOLATED)
bgc_10.final_counter._75_/RN            3.00   63.48  -60.48 (VIOLATED)
bgc_10.final_counter._76_/RN            3.00   63.48  -60.48 (VIOLATED)
bgc_11.final_counter._76_/RN            3.00   63.48  -60.48 (VIOLATED)
bgc_9.final_counter._76_/RN             3.00   63.48  -60.48 (VIOLATED)
bgc_11.final_counter._77_/RN            3.00   63.48  -60.48 (VIOLATED)
bgc_15.final_counter._80_/RN            3.00   63.48  -60.48 (VIOLATED)
bgc_0.final_counter._80_/RN             3.00   63.48  -60.48 (VIOLATED)
bgc_1.final_counter._77_/RN             3.00   63.48  -60.48 (VIOLATED)
bgc_1.final_counter._78_/RN             3.00   63.48  -60.48 (VIOLATED)
bgc_1.final_counter._79_/RN             3.00   63.48  -60.48 (VIOLATED)
bgc_11.final_counter._78_/RN            3.00   63.48  -60.48 (VIOLATED)
bgc_14.final_counter._77_/RN            3.00   63.48  -60.48 (VIOLATED)
bgc_0.final_counter._77_/RN             3.00   63.48  -60.48 (VIOLATED)
bgc_0.final_counter._78_/RN             3.00   63.48  -60.48 (VIOLATED)
bgc_2.final_counter._76_/RN             3.00   63.48  -60.48 (VIOLATED)
bgc_2.final_counter._77_/RN             3.00   63.48  -60.48 (VIOLATED)
bgc_14.final_counter._78_/RN            3.00   63.48  -60.48 (VIOLATED)
bgc_8.final_counter._76_/RN             3.00   63.48  -60.48 (VIOLATED)
bgc_0.final_counter._79_/RN             3.00   63.48  -60.48 (VIOLATED)
bgc_2.final_counter._78_/RN             3.00   63.48  -60.48 (VIOLATED)
bgc_2.final_counter._79_/RN             3.00   63.48  -60.48 (VIOLATED)
bgc_2.final_counter._80_/RN             3.00   63.48  -60.48 (VIOLATED)
bgc_8.final_counter._77_/RN             3.00   63.48  -60.48 (VIOLATED)
bgc_5.final_counter._80_/RN             3.00   63.48  -60.48 (VIOLATED)
bgc_3.final_counter._75_/RN             3.00   63.48  -60.48 (VIOLATED)
bgc_8.final_counter._78_/RN             3.00   63.48  -60.48 (VIOLATED)
bgc_5.final_counter._79_/RN             3.00   63.48  -60.48 (VIOLATED)
bgc_8.final_counter._79_/RN             3.00   63.48  -60.48 (VIOLATED)
bgc_0.final_counter._74_/RN             3.00   63.48  -60.48 (VIOLATED)
bgc_0.final_counter._75_/RN             3.00   63.48  -60.48 (VIOLATED)
bgc_0.final_counter._76_/RN             3.00   63.48  -60.48 (VIOLATED)
bgc_1.final_counter._75_/RN             3.00   63.48  -60.48 (VIOLATED)
bgc_2.final_counter._75_/RN             3.00   63.48  -60.48 (VIOLATED)
bgc_3.final_counter._72_/RN             3.00   63.48  -60.48 (VIOLATED)
bgc_3.final_counter._73_/RN             3.00   63.48  -60.48 (VIOLATED)
bgc_3.final_counter._74_/RN             3.00   63.48  -60.48 (VIOLATED)
bgc_3.final_counter._80_/RN             3.00   63.48  -60.48 (VIOLATED)
bgc_4.final_counter._72_/RN             3.00   63.48  -60.48 (VIOLATED)
bgc_4.final_counter._73_/RN             3.00   63.48  -60.48 (VIOLATED)
bgc_4.final_counter._74_/RN             3.00   63.48  -60.48 (VIOLATED)
bgc_5.final_counter._73_/RN             3.00   63.48  -60.48 (VIOLATED)
bgc_8.final_counter._72_/RN             3.00   63.48  -60.48 (VIOLATED)
bgc_8.final_counter._73_/RN             3.00   63.48  -60.48 (VIOLATED)
bgc_8.final_counter._74_/RN             3.00   63.48  -60.48 (VIOLATED)
bgc_3.final_counter._76_/RN             3.00   63.48  -60.48 (VIOLATED)
bgc_5.final_counter._75_/RN             3.00   63.48  -60.48 (VIOLATED)
bgc_5.final_counter._76_/RN             3.00   63.48  -60.48 (VIOLATED)
bgc_5.final_counter._77_/RN             3.00   63.48  -60.48 (VIOLATED)
bgc_6.final_counter._72_/RN             3.00   63.48  -60.48 (VIOLATED)
bgc_6.final_counter._73_/RN             3.00   63.48  -60.48 (VIOLATED)
bgc_6.final_counter._74_/RN             3.00   63.48  -60.48 (VIOLATED)
bgc_7.final_counter._72_/RN             3.00   63.48  -60.48 (VIOLATED)
bgc_7.final_counter._73_/RN             3.00   63.48  -60.48 (VIOLATED)
bgc_7.final_counter._74_/RN             3.00   63.48  -60.48 (VIOLATED)
bgc_3.final_counter._77_/RN             3.00   63.48  -60.48 (VIOLATED)
bgc_5.final_counter._78_/RN             3.00   63.48  -60.48 (VIOLATED)
bgc_3.final_counter._79_/RN             3.00   63.48  -60.48 (VIOLATED)
bgc_4.final_counter._77_/RN             3.00   63.48  -60.48 (VIOLATED)
bgc_6.lfsr_row._27_/I                   3.00   63.48  -60.48 (VIOLATED)
bgc_6.lfsr_row._29_/A2                  3.00   63.48  -60.48 (VIOLATED)
bgc_6.lfsr_row._30_/A2                  3.00   63.48  -60.48 (VIOLATED)
bgc_6.lfsr_row._31_/A2                  3.00   63.48  -60.48 (VIOLATED)
bgc_6.lfsr_row._32_/A2                  3.00   63.48  -60.48 (VIOLATED)
bgc_6.lfsr_row._33_/A2                  3.00   63.48  -60.48 (VIOLATED)
bgc_6.lfsr_row._34_/A2                  3.00   63.48  -60.48 (VIOLATED)
bgc_6.lfsr_row._35_/A2                  3.00   63.48  -60.48 (VIOLATED)
bgc_6.lfsr_row._36_/A2                  3.00   63.48  -60.48 (VIOLATED)
bgc_6.lfsr_row._37_/A2                  3.00   63.48  -60.48 (VIOLATED)
bgc_6.lfsr_row._38_/A2                  3.00   63.48  -60.48 (VIOLATED)
bgc_6.lfsr_row._39_/A2                  3.00   63.48  -60.48 (VIOLATED)
bgc_6.lfsr_row._40_/A2                  3.00   63.48  -60.48 (VIOLATED)
bgc_10.final_counter._79_/RN            3.00   63.48  -60.48 (VIOLATED)
bgc_10.final_counter._80_/RN            3.00   63.48  -60.48 (VIOLATED)
bgc_10.lfsr_row._27_/I                  3.00   63.48  -60.48 (VIOLATED)
bgc_10.lfsr_row._29_/A2                 3.00   63.48  -60.48 (VIOLATED)
bgc_10.lfsr_row._30_/A2                 3.00   63.48  -60.48 (VIOLATED)
bgc_10.lfsr_row._31_/A2                 3.00   63.48  -60.48 (VIOLATED)
bgc_10.lfsr_row._32_/A2                 3.00   63.48  -60.48 (VIOLATED)
bgc_10.lfsr_row._33_/A2                 3.00   63.48  -60.48 (VIOLATED)
bgc_10.lfsr_row._34_/A2                 3.00   63.48  -60.48 (VIOLATED)
bgc_10.lfsr_row._35_/A2                 3.00   63.48  -60.48 (VIOLATED)
bgc_10.lfsr_row._36_/A2                 3.00   63.48  -60.48 (VIOLATED)
bgc_10.lfsr_row._37_/A2                 3.00   63.48  -60.48 (VIOLATED)
bgc_10.lfsr_row._38_/A2                 3.00   63.48  -60.48 (VIOLATED)
bgc_10.lfsr_row._39_/A2                 3.00   63.48  -60.48 (VIOLATED)
bgc_10.lfsr_row._40_/A2                 3.00   63.48  -60.48 (VIOLATED)
bgc_2.lfsr_row._27_/I                   3.00   63.48  -60.48 (VIOLATED)
bgc_2.lfsr_row._29_/A2                  3.00   63.48  -60.48 (VIOLATED)
bgc_2.lfsr_row._30_/A2                  3.00   63.48  -60.48 (VIOLATED)
bgc_2.lfsr_row._31_/A2                  3.00   63.48  -60.48 (VIOLATED)
bgc_2.lfsr_row._32_/A2                  3.00   63.48  -60.48 (VIOLATED)
bgc_2.lfsr_row._33_/A2                  3.00   63.48  -60.48 (VIOLATED)
bgc_2.lfsr_row._34_/A2                  3.00   63.48  -60.48 (VIOLATED)
bgc_2.lfsr_row._35_/A2                  3.00   63.48  -60.48 (VIOLATED)
bgc_2.lfsr_row._36_/A2                  3.00   63.48  -60.48 (VIOLATED)
bgc_2.lfsr_row._37_/A2                  3.00   63.48  -60.48 (VIOLATED)
bgc_2.lfsr_row._38_/A2                  3.00   63.48  -60.48 (VIOLATED)
bgc_2.lfsr_row._39_/A2                  3.00   63.48  -60.48 (VIOLATED)
bgc_2.lfsr_row._40_/A2                  3.00   63.48  -60.48 (VIOLATED)
bgc_3.final_counter._78_/RN             3.00   63.48  -60.48 (VIOLATED)
res_mem_inst._146_/RN                   3.00   63.48  -60.48 (VIOLATED)
res_mem_inst._147_/RN                   3.00   63.48  -60.48 (VIOLATED)
res_mem_inst._148_/RN                   3.00   63.48  -60.48 (VIOLATED)
res_mem_inst._149_/RN                   3.00   63.48  -60.48 (VIOLATED)
res_mem_inst._150_/RN                   3.00   63.48  -60.48 (VIOLATED)
res_mem_inst._151_/RN                   3.00   63.48  -60.48 (VIOLATED)
res_mem_inst._152_/RN                   3.00   63.48  -60.48 (VIOLATED)
bgc_12.final_counter._75_/RN            3.00   63.48  -60.48 (VIOLATED)
bgc_4.final_counter._78_/RN             3.00   63.48  -60.48 (VIOLATED)
bgc_9.final_counter._78_/RN             3.00   63.48  -60.48 (VIOLATED)
bgc_9.final_counter._80_/RN             3.00   63.48  -60.48 (VIOLATED)
bgc_10.final_counter._77_/RN            3.00   63.48  -60.48 (VIOLATED)
bgc_10.final_counter._78_/RN            3.00   63.48  -60.48 (VIOLATED)
bgc_12.final_counter._78_/RN            3.00   63.48  -60.48 (VIOLATED)
bgc_12.final_counter._79_/RN            3.00   63.48  -60.48 (VIOLATED)
bgc_12.final_counter._80_/RN            3.00   63.48  -60.48 (VIOLATED)
bgc_11.final_counter._79_/RN            3.00   63.48  -60.48 (VIOLATED)
bgc_11.final_counter._80_/RN            3.00   63.48  -60.48 (VIOLATED)
bgc_12.final_counter._76_/RN            3.00   63.48  -60.48 (VIOLATED)
bgc_12.final_counter._77_/RN            3.00   63.48  -60.48 (VIOLATED)
bgc_13.final_counter._75_/RN            3.00   63.48  -60.48 (VIOLATED)
bgc_13.final_counter._76_/RN            3.00   63.48  -60.48 (VIOLATED)
bgc_13.final_counter._77_/RN            3.00   63.48  -60.48 (VIOLATED)
bgc_13.final_counter._78_/RN            3.00   63.48  -60.48 (VIOLATED)
bgc_13.final_counter._79_/RN            3.00   63.48  -60.48 (VIOLATED)
bgc_13.final_counter._80_/RN            3.00   63.48  -60.48 (VIOLATED)
bgc_14.final_counter._75_/RN            3.00   63.48  -60.48 (VIOLATED)
bgc_14.final_counter._76_/RN            3.00   63.48  -60.48 (VIOLATED)
bgc_14.final_counter._79_/RN            3.00   63.48  -60.48 (VIOLATED)
bgc_14.final_counter._80_/RN            3.00   63.48  -60.48 (VIOLATED)
bgc_6.final_counter._75_/RN             3.00   63.47  -60.47 (VIOLATED)
bgc_7.final_counter._75_/RN             3.00   63.48  -60.48 (VIOLATED)
bgc_7.final_counter._76_/RN             3.00   63.47  -60.47 (VIOLATED)
bgc_8.final_counter._75_/RN             3.00   63.48  -60.48 (VIOLATED)
bgc_9.final_counter._77_/RN             3.00   63.48  -60.48 (VIOLATED)
bgc_9.final_counter._79_/RN             3.00   63.48  -60.48 (VIOLATED)
bgc_7.final_counter._77_/RN             3.00   63.47  -60.47 (VIOLATED)
bgc_4.final_counter._75_/RN             3.00   63.47  -60.47 (VIOLATED)
bgc_6.final_counter._76_/RN             3.00   63.47  -60.47 (VIOLATED)
bgc_6.final_counter._77_/RN             3.00   63.47  -60.47 (VIOLATED)
bgc_6.final_counter._78_/RN             3.00   63.47  -60.47 (VIOLATED)
bgc_6.final_counter._79_/RN             3.00   63.47  -60.47 (VIOLATED)
bgc_6.final_counter._80_/RN             3.00   63.47  -60.47 (VIOLATED)
bgc_7.final_counter._78_/RN             3.00   63.47  -60.47 (VIOLATED)
bgc_7.final_counter._79_/RN             3.00   63.47  -60.47 (VIOLATED)
bgc_7.final_counter._80_/RN             3.00   63.47  -60.47 (VIOLATED)
bgc_8.final_counter._80_/RN             3.00   63.47  -60.47 (VIOLATED)
bgc_4.final_counter._76_/RN             3.00   63.47  -60.47 (VIOLATED)
bgc_4.final_counter._79_/RN             3.00   63.47  -60.47 (VIOLATED)
bgc_4.final_counter._80_/RN             3.00   63.47  -60.47 (VIOLATED)
rst_n                                   3.00   63.47  -60.47 (VIOLATED)
output_ready                            3.00   20.72  -17.72 (VIOLATED)
bgc_10._24_/A1                          3.00   20.72  -17.72 (VIOLATED)
bgc_10._25_/A1                          3.00   20.72  -17.72 (VIOLATED)
bgc_2._24_/A1                           3.00   20.72  -17.72 (VIOLATED)
bgc_2._25_/A1                           3.00   20.72  -17.72 (VIOLATED)
bgc_6._24_/A1                           3.00   20.72  -17.72 (VIOLATED)
bgc_6._25_/A1                           3.00   20.72  -17.72 (VIOLATED)
bgc_2._17_/A1                           3.00   20.72  -17.72 (VIOLATED)
bgc_2._18_/A1                           3.00   20.72  -17.72 (VIOLATED)
bgc_2._14_/A1                           3.00   20.72  -17.72 (VIOLATED)
bgc_10._10_/A2                          3.00   20.72  -17.72 (VIOLATED)
bgc_10._11_/A1                          3.00   20.72  -17.72 (VIOLATED)
bgc_10._12_/A1                          3.00   20.72  -17.72 (VIOLATED)
bgc_10._22_/A1                          3.00   20.72  -17.72 (VIOLATED)
bgc_10._13_/A1                          3.00   20.72  -17.72 (VIOLATED)
bgc_10._14_/A1                          3.00   20.72  -17.72 (VIOLATED)
bgc_10._15_/A1                          3.00   20.72  -17.72 (VIOLATED)
bgc_10._16_/A1                          3.00   20.72  -17.72 (VIOLATED)
bgc_10._17_/A1                          3.00   20.72  -17.72 (VIOLATED)
bgc_10._18_/A1                          3.00   20.72  -17.72 (VIOLATED)
bgc_10._19_/A1                          3.00   20.72  -17.72 (VIOLATED)
bgc_10._20_/A1                          3.00   20.72  -17.72 (VIOLATED)
bgc_10._21_/A1                          3.00   20.72  -17.72 (VIOLATED)
bgc_10._23_/A1                          3.00   20.72  -17.72 (VIOLATED)
bgc_2._13_/A1                           3.00   20.72  -17.72 (VIOLATED)
bgc_2._15_/A1                           3.00   20.72  -17.72 (VIOLATED)
bgc_2._16_/A1                           3.00   20.72  -17.72 (VIOLATED)
bgc_2._19_/A1                           3.00   20.72  -17.72 (VIOLATED)
bgc_2._20_/A1                           3.00   20.72  -17.72 (VIOLATED)
bgc_2._21_/A1                           3.00   20.72  -17.72 (VIOLATED)
bgc_2._22_/A1                           3.00   20.72  -17.72 (VIOLATED)
bgc_2._23_/A1                           3.00   20.72  -17.72 (VIOLATED)
bgc_2._10_/A2                           3.00   20.72  -17.72 (VIOLATED)
bgc_2._11_/A1                           3.00   20.72  -17.72 (VIOLATED)
bgc_2._12_/A1                           3.00   20.72  -17.72 (VIOLATED)
bgc_6._22_/A1                           3.00   20.72  -17.72 (VIOLATED)
bgc_6._21_/A1                           3.00   20.72  -17.72 (VIOLATED)
bgc_6._23_/A1                           3.00   20.72  -17.72 (VIOLATED)
bgc_6._19_/A1                           3.00   20.72  -17.72 (VIOLATED)
bgc_6._20_/A1                           3.00   20.72  -17.72 (VIOLATED)
bgc_6._18_/A1                           3.00   20.72  -17.72 (VIOLATED)
bgc_6._16_/A1                           3.00   20.72  -17.72 (VIOLATED)
bgc_6._17_/A1                           3.00   20.72  -17.72 (VIOLATED)
bgc_6._15_/A1                           3.00   20.72  -17.72 (VIOLATED)
bgc_14._24_/A1                          3.00   20.72  -17.72 (VIOLATED)
bgc_14._25_/A1                          3.00   20.72  -17.72 (VIOLATED)
bgc_6._10_/A2                           3.00   20.72  -17.72 (VIOLATED)
bgc_6._11_/A1                           3.00   20.72  -17.72 (VIOLATED)
bgc_6._13_/A1                           3.00   20.72  -17.72 (VIOLATED)
bgc_6._14_/A1                           3.00   20.72  -17.72 (VIOLATED)
bgc_6._12_/A1                           3.00   20.72  -17.72 (VIOLATED)
bgc_14._21_/A1                          3.00   20.72  -17.72 (VIOLATED)
bgc_14._22_/A1                          3.00   20.72  -17.72 (VIOLATED)
bgc_14._23_/A1                          3.00   20.72  -17.72 (VIOLATED)
bgc_1._10_/A2                           3.00   20.72  -17.72 (VIOLATED)
bgc_1._11_/A1                           3.00   20.72  -17.72 (VIOLATED)
bgc_1._12_/A1                           3.00   20.72  -17.72 (VIOLATED)
bgc_1._13_/A1                           3.00   20.72  -17.72 (VIOLATED)
bgc_1._14_/A1                           3.00   20.72  -17.72 (VIOLATED)
bgc_1._15_/A1                           3.00   20.72  -17.72 (VIOLATED)
bgc_1._16_/A1                           3.00   20.72  -17.72 (VIOLATED)
bgc_1._17_/A1                           3.00   20.72  -17.72 (VIOLATED)
bgc_1._18_/A1                           3.00   20.72  -17.72 (VIOLATED)
bgc_1._19_/A1                           3.00   20.72  -17.72 (VIOLATED)
bgc_1._20_/A1                           3.00   20.72  -17.72 (VIOLATED)
bgc_1._21_/A1                           3.00   20.72  -17.72 (VIOLATED)
bgc_1._22_/A1                           3.00   20.72  -17.72 (VIOLATED)
bgc_1._23_/A1                           3.00   20.72  -17.72 (VIOLATED)
bgc_1._24_/A1                           3.00   20.72  -17.72 (VIOLATED)
bgc_1._25_/A1                           3.00   20.72  -17.72 (VIOLATED)
bgc_5._21_/A1                           3.00   20.72  -17.72 (VIOLATED)
bgc_5._24_/A1                           3.00   20.72  -17.72 (VIOLATED)
bgc_5._25_/A1                           3.00   20.72  -17.72 (VIOLATED)
bgc_14._10_/A2                          3.00   20.72  -17.72 (VIOLATED)
bgc_14._11_/A1                          3.00   20.72  -17.72 (VIOLATED)
bgc_5._10_/A2                           3.00   20.72  -17.72 (VIOLATED)
bgc_5._11_/A1                           3.00   20.72  -17.72 (VIOLATED)
bgc_5._12_/A1                           3.00   20.72  -17.72 (VIOLATED)
bgc_5._13_/A1                           3.00   20.72  -17.72 (VIOLATED)
bgc_5._14_/A1                           3.00   20.72  -17.72 (VIOLATED)
bgc_5._15_/A1                           3.00   20.72  -17.72 (VIOLATED)
bgc_5._16_/A1                           3.00   20.72  -17.72 (VIOLATED)
bgc_5._17_/A1                           3.00   20.72  -17.72 (VIOLATED)
bgc_5._18_/A1                           3.00   20.72  -17.72 (VIOLATED)
bgc_5._19_/A1                           3.00   20.72  -17.72 (VIOLATED)
bgc_5._20_/A1                           3.00   20.72  -17.72 (VIOLATED)
bgc_5._22_/A1                           3.00   20.72  -17.72 (VIOLATED)
bgc_5._23_/A1                           3.00   20.72  -17.72 (VIOLATED)
bgc_14._12_/A1                          3.00   20.72  -17.72 (VIOLATED)
bgc_14._13_/A1                          3.00   20.72  -17.72 (VIOLATED)
bgc_14._14_/A1                          3.00   20.72  -17.72 (VIOLATED)
bgc_14._15_/A1                          3.00   20.72  -17.72 (VIOLATED)
bgc_14._16_/A1                          3.00   20.72  -17.72 (VIOLATED)
bgc_14._17_/A1                          3.00   20.72  -17.72 (VIOLATED)
bgc_14._18_/A1                          3.00   20.72  -17.72 (VIOLATED)
bgc_14._19_/A1                          3.00   20.72  -17.72 (VIOLATED)
bgc_14._20_/A1                          3.00   20.72  -17.72 (VIOLATED)
bgc_8._24_/A1                           3.00   20.72  -17.72 (VIOLATED)
bgc_8._25_/A1                           3.00   20.72  -17.72 (VIOLATED)
bgc_9._19_/A1                           3.00   20.72  -17.72 (VIOLATED)
bgc_9._20_/A1                           3.00   20.72  -17.72 (VIOLATED)
bgc_9._21_/A1                           3.00   20.72  -17.72 (VIOLATED)
bgc_9._22_/A1                           3.00   20.72  -17.72 (VIOLATED)
bgc_9._23_/A1                           3.00   20.72  -17.72 (VIOLATED)
bgc_8._10_/A2                           3.00   20.72  -17.72 (VIOLATED)
bgc_8._11_/A1                           3.00   20.72  -17.72 (VIOLATED)
bgc_9._11_/A1                           3.00   20.72  -17.72 (VIOLATED)
bgc_9._15_/A1                           3.00   20.72  -17.72 (VIOLATED)
bgc_9._16_/A1                           3.00   20.72  -17.72 (VIOLATED)
bgc_9._17_/A1                           3.00   20.72  -17.72 (VIOLATED)
bgc_9._18_/A1                           3.00   20.72  -17.72 (VIOLATED)
bgc_9._24_/A1                           3.00   20.72  -17.72 (VIOLATED)
bgc_9._25_/A1                           3.00   20.72  -17.72 (VIOLATED)
bgc_8._21_/A1                           3.00   20.72  -17.72 (VIOLATED)
bgc_8._22_/A1                           3.00   20.72  -17.72 (VIOLATED)
bgc_0._12_/A1                           3.00   20.72  -17.72 (VIOLATED)
bgc_0._13_/A1                           3.00   20.72  -17.72 (VIOLATED)
bgc_9._10_/A2                           3.00   20.72  -17.72 (VIOLATED)
bgc_9._12_/A1                           3.00   20.72  -17.72 (VIOLATED)
bgc_9._13_/A1                           3.00   20.72  -17.72 (VIOLATED)
bgc_9._14_/A1                           3.00   20.72  -17.72 (VIOLATED)
bgc_8._23_/A1                           3.00   20.72  -17.72 (VIOLATED)
bgc_8._19_/A1                           3.00   20.72  -17.72 (VIOLATED)
bgc_8._20_/A1                           3.00   20.72  -17.72 (VIOLATED)
bgc_8._18_/A1                           3.00   20.72  -17.72 (VIOLATED)
bgc_0._10_/A2                           3.00   20.72  -17.72 (VIOLATED)
bgc_0._11_/A1                           3.00   20.72  -17.72 (VIOLATED)
bgc_0._14_/A1                           3.00   20.72  -17.72 (VIOLATED)
bgc_0._15_/A1                           3.00   20.72  -17.72 (VIOLATED)
bgc_0._16_/A1                           3.00   20.72  -17.72 (VIOLATED)
bgc_0._17_/A1                           3.00   20.72  -17.72 (VIOLATED)
bgc_0._18_/A1                           3.00   20.72  -17.72 (VIOLATED)
bgc_0._19_/A1                           3.00   20.72  -17.72 (VIOLATED)
bgc_0._20_/A1                           3.00   20.72  -17.72 (VIOLATED)
bgc_0._21_/A1                           3.00   20.72  -17.72 (VIOLATED)
bgc_0._22_/A1                           3.00   20.72  -17.72 (VIOLATED)
bgc_0._23_/A1                           3.00   20.72  -17.72 (VIOLATED)
bgc_8._16_/A1                           3.00   20.72  -17.72 (VIOLATED)
bgc_8._17_/A1                           3.00   20.72  -17.72 (VIOLATED)
bgc_8._15_/A1                           3.00   20.72  -17.72 (VIOLATED)
_14_/A4                                 3.00   20.72  -17.72 (VIOLATED)
_16_/A3                                 3.00   20.72  -17.72 (VIOLATED)
_18_/A3                                 3.00   20.72  -17.72 (VIOLATED)
_20_/A3                                 3.00   20.72  -17.72 (VIOLATED)
bgc_0._24_/A1                           3.00   20.72  -17.72 (VIOLATED)
bgc_0._25_/A1                           3.00   20.72  -17.72 (VIOLATED)
bgc_11._10_/A2                          3.00   20.72  -17.72 (VIOLATED)
bgc_11._11_/A1                          3.00   20.72  -17.72 (VIOLATED)
bgc_11._12_/A1                          3.00   20.72  -17.72 (VIOLATED)
bgc_11._13_/A1                          3.00   20.72  -17.72 (VIOLATED)
bgc_11._14_/A1                          3.00   20.72  -17.72 (VIOLATED)
bgc_11._15_/A1                          3.00   20.72  -17.72 (VIOLATED)
bgc_11._16_/A1                          3.00   20.72  -17.72 (VIOLATED)
bgc_11._17_/A1                          3.00   20.72  -17.72 (VIOLATED)
bgc_11._18_/A1                          3.00   20.72  -17.72 (VIOLATED)
bgc_11._19_/A1                          3.00   20.72  -17.72 (VIOLATED)
bgc_11._20_/A1                          3.00   20.72  -17.72 (VIOLATED)
bgc_11._21_/A1                          3.00   20.72  -17.72 (VIOLATED)
bgc_11._22_/A1                          3.00   20.72  -17.72 (VIOLATED)
bgc_11._23_/A1                          3.00   20.72  -17.72 (VIOLATED)
bgc_11._24_/A1                          3.00   20.72  -17.72 (VIOLATED)
bgc_11._25_/A1                          3.00   20.72  -17.72 (VIOLATED)
bgc_12._10_/A2                          3.00   20.72  -17.72 (VIOLATED)
bgc_12._11_/A1                          3.00   20.72  -17.72 (VIOLATED)
bgc_12._12_/A1                          3.00   20.72  -17.72 (VIOLATED)
bgc_12._13_/A1                          3.00   20.72  -17.72 (VIOLATED)
bgc_12._14_/A1                          3.00   20.72  -17.72 (VIOLATED)
bgc_12._15_/A1                          3.00   20.72  -17.72 (VIOLATED)
bgc_12._16_/A1                          3.00   20.72  -17.72 (VIOLATED)
bgc_12._17_/A1                          3.00   20.72  -17.72 (VIOLATED)
bgc_12._18_/A1                          3.00   20.72  -17.72 (VIOLATED)
bgc_12._19_/A1                          3.00   20.72  -17.72 (VIOLATED)
bgc_12._20_/A1                          3.00   20.72  -17.72 (VIOLATED)
bgc_12._21_/A1                          3.00   20.72  -17.72 (VIOLATED)
bgc_12._22_/A1                          3.00   20.72  -17.72 (VIOLATED)
bgc_12._23_/A1                          3.00   20.72  -17.72 (VIOLATED)
bgc_12._24_/A1                          3.00   20.72  -17.72 (VIOLATED)
bgc_12._25_/A1                          3.00   20.72  -17.72 (VIOLATED)
bgc_13._10_/A2                          3.00   20.72  -17.72 (VIOLATED)
bgc_13._11_/A1                          3.00   20.72  -17.72 (VIOLATED)
bgc_13._12_/A1                          3.00   20.72  -17.72 (VIOLATED)
bgc_13._13_/A1                          3.00   20.72  -17.72 (VIOLATED)
bgc_13._14_/A1                          3.00   20.72  -17.72 (VIOLATED)
bgc_13._15_/A1                          3.00   20.72  -17.72 (VIOLATED)
bgc_13._16_/A1                          3.00   20.72  -17.72 (VIOLATED)
bgc_13._17_/A1                          3.00   20.72  -17.72 (VIOLATED)
bgc_13._18_/A1                          3.00   20.72  -17.72 (VIOLATED)
bgc_13._19_/A1                          3.00   20.72  -17.72 (VIOLATED)
bgc_13._20_/A1                          3.00   20.72  -17.72 (VIOLATED)
bgc_13._21_/A1                          3.00   20.72  -17.72 (VIOLATED)
bgc_13._22_/A1                          3.00   20.72  -17.72 (VIOLATED)
bgc_13._23_/A1                          3.00   20.72  -17.72 (VIOLATED)
bgc_13._24_/A1                          3.00   20.72  -17.72 (VIOLATED)
bgc_13._25_/A1                          3.00   20.72  -17.72 (VIOLATED)
bgc_15._10_/A2                          3.00   20.72  -17.72 (VIOLATED)
bgc_15._11_/A1                          3.00   20.72  -17.72 (VIOLATED)
bgc_15._12_/A1                          3.00   20.72  -17.72 (VIOLATED)
bgc_15._13_/A1                          3.00   20.72  -17.72 (VIOLATED)
bgc_15._14_/A1                          3.00   20.72  -17.72 (VIOLATED)
bgc_15._15_/A1                          3.00   20.72  -17.72 (VIOLATED)
bgc_15._16_/A1                          3.00   20.72  -17.72 (VIOLATED)
bgc_15._17_/A1                          3.00   20.72  -17.72 (VIOLATED)
bgc_15._18_/A1                          3.00   20.72  -17.72 (VIOLATED)
bgc_15._19_/A1                          3.00   20.72  -17.72 (VIOLATED)
bgc_15._20_/A1                          3.00   20.72  -17.72 (VIOLATED)
bgc_15._21_/A1                          3.00   20.72  -17.72 (VIOLATED)
bgc_15._22_/A1                          3.00   20.72  -17.72 (VIOLATED)
bgc_15._23_/A1                          3.00   20.72  -17.72 (VIOLATED)
bgc_15._24_/A1                          3.00   20.72  -17.72 (VIOLATED)
bgc_15._25_/A1                          3.00   20.72  -17.72 (VIOLATED)
bgc_3._10_/A2                           3.00   20.72  -17.72 (VIOLATED)
bgc_3._11_/A1                           3.00   20.72  -17.72 (VIOLATED)
bgc_3._12_/A1                           3.00   20.72  -17.72 (VIOLATED)
bgc_3._13_/A1                           3.00   20.72  -17.72 (VIOLATED)
bgc_3._14_/A1                           3.00   20.72  -17.72 (VIOLATED)
bgc_3._15_/A1                           3.00   20.72  -17.72 (VIOLATED)
bgc_3._16_/A1                           3.00   20.72  -17.72 (VIOLATED)
bgc_3._17_/A1                           3.00   20.72  -17.72 (VIOLATED)
bgc_3._18_/A1                           3.00   20.72  -17.72 (VIOLATED)
bgc_3._19_/A1                           3.00   20.72  -17.72 (VIOLATED)
bgc_3._20_/A1                           3.00   20.72  -17.72 (VIOLATED)
bgc_3._21_/A1                           3.00   20.72  -17.72 (VIOLATED)
bgc_3._22_/A1                           3.00   20.72  -17.72 (VIOLATED)
bgc_3._23_/A1                           3.00   20.72  -17.72 (VIOLATED)
bgc_3._24_/A1                           3.00   20.72  -17.72 (VIOLATED)
bgc_3._25_/A1                           3.00   20.72  -17.72 (VIOLATED)
bgc_4._10_/A2                           3.00   20.72  -17.72 (VIOLATED)
bgc_4._11_/A1                           3.00   20.72  -17.72 (VIOLATED)
bgc_4._12_/A1                           3.00   20.72  -17.72 (VIOLATED)
bgc_4._13_/A1                           3.00   20.72  -17.72 (VIOLATED)
bgc_4._14_/A1                           3.00   20.72  -17.72 (VIOLATED)
bgc_4._15_/A1                           3.00   20.72  -17.72 (VIOLATED)
bgc_4._16_/A1                           3.00   20.72  -17.72 (VIOLATED)
bgc_4._17_/A1                           3.00   20.72  -17.72 (VIOLATED)
bgc_4._18_/A1                           3.00   20.72  -17.72 (VIOLATED)
bgc_4._19_/A1                           3.00   20.72  -17.72 (VIOLATED)
bgc_4._20_/A1                           3.00   20.72  -17.72 (VIOLATED)
bgc_4._21_/A1                           3.00   20.72  -17.72 (VIOLATED)
bgc_4._22_/A1                           3.00   20.72  -17.72 (VIOLATED)
bgc_4._23_/A1                           3.00   20.72  -17.72 (VIOLATED)
bgc_4._24_/A1                           3.00   20.72  -17.72 (VIOLATED)
bgc_4._25_/A1                           3.00   20.72  -17.72 (VIOLATED)
bgc_7._10_/A2                           3.00   20.72  -17.72 (VIOLATED)
bgc_7._11_/A1                           3.00   20.72  -17.72 (VIOLATED)
bgc_7._12_/A1                           3.00   20.72  -17.72 (VIOLATED)
bgc_7._13_/A1                           3.00   20.72  -17.72 (VIOLATED)
bgc_7._14_/A1                           3.00   20.72  -17.72 (VIOLATED)
bgc_7._15_/A1                           3.00   20.72  -17.72 (VIOLATED)
bgc_7._16_/A1                           3.00   20.72  -17.72 (VIOLATED)
bgc_7._17_/A1                           3.00   20.72  -17.72 (VIOLATED)
bgc_7._18_/A1                           3.00   20.72  -17.72 (VIOLATED)
bgc_7._19_/A1                           3.00   20.72  -17.72 (VIOLATED)
bgc_7._20_/A1                           3.00   20.72  -17.72 (VIOLATED)
bgc_7._21_/A1                           3.00   20.72  -17.72 (VIOLATED)
bgc_7._22_/A1                           3.00   20.72  -17.72 (VIOLATED)
bgc_7._23_/A1                           3.00   20.72  -17.72 (VIOLATED)
bgc_7._24_/A1                           3.00   20.72  -17.72 (VIOLATED)
bgc_7._25_/A1                           3.00   20.72  -17.72 (VIOLATED)
bgc_8._12_/A1                           3.00   20.72  -17.72 (VIOLATED)
bgc_8._13_/A1                           3.00   20.72  -17.72 (VIOLATED)
bgc_8._14_/A1                           3.00   20.72  -17.72 (VIOLATED)
res_mem_inst._153_/Q                    3.00   20.72  -17.72 (VIOLATED)
bgc_11._08_/ZN                          3.00   18.25  -15.25 (VIOLATED)
bgc_11.col_reg._053_/I                  3.00   18.25  -15.25 (VIOLATED)
bgc_11.col_reg._106_/I                  3.00   18.25  -15.25 (VIOLATED)
bgc_11.col_reg._107_/I                  3.00   18.25  -15.25 (VIOLATED)
bgc_11.col_reg._108_/I                  3.00   18.25  -15.25 (VIOLATED)
bgc_11.col_reg._109_/I                  3.00   18.25  -15.25 (VIOLATED)
bgc_11.col_reg._110_/I                  3.00   18.25  -15.25 (VIOLATED)
bgc_11.col_reg._111_/I                  3.00   18.25  -15.25 (VIOLATED)
bgc_11.col_reg._112_/I                  3.00   18.25  -15.25 (VIOLATED)
bgc_11.col_reg._113_/I                  3.00   18.25  -15.25 (VIOLATED)
bgc_11.col_reg._114_/I                  3.00   18.25  -15.25 (VIOLATED)
bgc_11.col_reg._115_/I                  3.00   18.25  -15.25 (VIOLATED)
bgc_11.col_reg._116_/I                  3.00   18.25  -15.25 (VIOLATED)
bgc_11.row_reg._053_/I                  3.00   18.25  -15.25 (VIOLATED)
bgc_11.row_reg._106_/I                  3.00   18.25  -15.25 (VIOLATED)
bgc_11.row_reg._107_/I                  3.00   18.25  -15.25 (VIOLATED)
bgc_11.row_reg._108_/I                  3.00   18.25  -15.25 (VIOLATED)
bgc_11.row_reg._109_/I                  3.00   18.25  -15.25 (VIOLATED)
bgc_11.row_reg._110_/I                  3.00   18.25  -15.25 (VIOLATED)
bgc_11.row_reg._111_/I                  3.00   18.25  -15.25 (VIOLATED)
bgc_11.row_reg._112_/I                  3.00   18.25  -15.25 (VIOLATED)
bgc_11.row_reg._113_/I                  3.00   18.25  -15.25 (VIOLATED)
bgc_11.row_reg._114_/I                  3.00   18.25  -15.25 (VIOLATED)
bgc_11.row_reg._115_/I                  3.00   18.25  -15.25 (VIOLATED)
bgc_11.row_reg._116_/I                  3.00   18.25  -15.25 (VIOLATED)
bgc_14._08_/ZN                          3.00   18.23  -15.23 (VIOLATED)
bgc_14.col_reg._053_/I                  3.00   18.23  -15.23 (VIOLATED)
bgc_14.col_reg._106_/I                  3.00   18.23  -15.23 (VIOLATED)
bgc_14.col_reg._107_/I                  3.00   18.23  -15.23 (VIOLATED)
bgc_14.col_reg._108_/I                  3.00   18.23  -15.23 (VIOLATED)
bgc_14.col_reg._109_/I                  3.00   18.23  -15.23 (VIOLATED)
bgc_14.col_reg._110_/I                  3.00   18.23  -15.23 (VIOLATED)
bgc_14.col_reg._111_/I                  3.00   18.23  -15.23 (VIOLATED)
bgc_14.col_reg._112_/I                  3.00   18.23  -15.23 (VIOLATED)
bgc_14.col_reg._113_/I                  3.00   18.23  -15.23 (VIOLATED)
bgc_14.col_reg._114_/I                  3.00   18.23  -15.23 (VIOLATED)
bgc_14.col_reg._115_/I                  3.00   18.23  -15.23 (VIOLATED)
bgc_14.col_reg._116_/I                  3.00   18.23  -15.23 (VIOLATED)
bgc_14.row_reg._053_/I                  3.00   18.23  -15.23 (VIOLATED)
bgc_14.row_reg._106_/I                  3.00   18.23  -15.23 (VIOLATED)
bgc_14.row_reg._107_/I                  3.00   18.23  -15.23 (VIOLATED)
bgc_14.row_reg._108_/I                  3.00   18.23  -15.23 (VIOLATED)
bgc_14.row_reg._109_/I                  3.00   18.23  -15.23 (VIOLATED)
bgc_14.row_reg._110_/I                  3.00   18.23  -15.23 (VIOLATED)
bgc_14.row_reg._111_/I                  3.00   18.23  -15.23 (VIOLATED)
bgc_14.row_reg._112_/I                  3.00   18.23  -15.23 (VIOLATED)
bgc_14.row_reg._113_/I                  3.00   18.23  -15.23 (VIOLATED)
bgc_14.row_reg._114_/I                  3.00   18.23  -15.23 (VIOLATED)
bgc_14.row_reg._115_/I                  3.00   18.23  -15.23 (VIOLATED)
bgc_14.row_reg._116_/I                  3.00   18.23  -15.23 (VIOLATED)
bgc_8._08_/ZN                           3.00   18.22  -15.22 (VIOLATED)
bgc_8.col_reg._053_/I                   3.00   18.22  -15.22 (VIOLATED)
bgc_8.col_reg._106_/I                   3.00   18.22  -15.22 (VIOLATED)
bgc_8.col_reg._107_/I                   3.00   18.22  -15.22 (VIOLATED)
bgc_8.col_reg._108_/I                   3.00   18.22  -15.22 (VIOLATED)
bgc_8.col_reg._109_/I                   3.00   18.22  -15.22 (VIOLATED)
bgc_8.col_reg._110_/I                   3.00   18.22  -15.22 (VIOLATED)
bgc_8.col_reg._111_/I                   3.00   18.22  -15.22 (VIOLATED)
bgc_8.col_reg._112_/I                   3.00   18.22  -15.22 (VIOLATED)
bgc_8.col_reg._113_/I                   3.00   18.22  -15.22 (VIOLATED)
bgc_8.col_reg._114_/I                   3.00   18.22  -15.22 (VIOLATED)
bgc_8.col_reg._115_/I                   3.00   18.22  -15.22 (VIOLATED)
bgc_8.col_reg._116_/I                   3.00   18.22  -15.22 (VIOLATED)
bgc_8.row_reg._053_/I                   3.00   18.22  -15.22 (VIOLATED)
bgc_8.row_reg._106_/I                   3.00   18.22  -15.22 (VIOLATED)
bgc_8.row_reg._107_/I                   3.00   18.22  -15.22 (VIOLATED)
bgc_8.row_reg._108_/I                   3.00   18.22  -15.22 (VIOLATED)
bgc_8.row_reg._109_/I                   3.00   18.22  -15.22 (VIOLATED)
bgc_8.row_reg._110_/I                   3.00   18.22  -15.22 (VIOLATED)
bgc_8.row_reg._111_/I                   3.00   18.22  -15.22 (VIOLATED)
bgc_8.row_reg._112_/I                   3.00   18.22  -15.22 (VIOLATED)
bgc_8.row_reg._113_/I                   3.00   18.22  -15.22 (VIOLATED)
bgc_8.row_reg._114_/I                   3.00   18.22  -15.22 (VIOLATED)
bgc_8.row_reg._115_/I                   3.00   18.22  -15.22 (VIOLATED)
bgc_8.row_reg._116_/I                   3.00   18.22  -15.22 (VIOLATED)
bgc_15._08_/ZN                          3.00   18.21  -15.21 (VIOLATED)
bgc_15.col_reg._053_/I                  3.00   18.21  -15.21 (VIOLATED)
bgc_15.col_reg._106_/I                  3.00   18.21  -15.21 (VIOLATED)
bgc_15.col_reg._107_/I                  3.00   18.21  -15.21 (VIOLATED)
bgc_15.col_reg._108_/I                  3.00   18.21  -15.21 (VIOLATED)
bgc_15.col_reg._109_/I                  3.00   18.21  -15.21 (VIOLATED)
bgc_15.col_reg._110_/I                  3.00   18.21  -15.21 (VIOLATED)
bgc_15.col_reg._111_/I                  3.00   18.21  -15.21 (VIOLATED)
bgc_15.col_reg._112_/I                  3.00   18.21  -15.21 (VIOLATED)
bgc_15.col_reg._113_/I                  3.00   18.21  -15.21 (VIOLATED)
bgc_15.col_reg._114_/I                  3.00   18.21  -15.21 (VIOLATED)
bgc_15.col_reg._115_/I                  3.00   18.21  -15.21 (VIOLATED)
bgc_15.col_reg._116_/I                  3.00   18.21  -15.21 (VIOLATED)
bgc_15.row_reg._053_/I                  3.00   18.21  -15.21 (VIOLATED)
bgc_15.row_reg._106_/I                  3.00   18.21  -15.21 (VIOLATED)
bgc_15.row_reg._107_/I                  3.00   18.21  -15.21 (VIOLATED)
bgc_15.row_reg._108_/I                  3.00   18.21  -15.21 (VIOLATED)
bgc_15.row_reg._109_/I                  3.00   18.21  -15.21 (VIOLATED)
bgc_15.row_reg._110_/I                  3.00   18.21  -15.21 (VIOLATED)
bgc_15.row_reg._111_/I                  3.00   18.21  -15.21 (VIOLATED)
bgc_15.row_reg._112_/I                  3.00   18.21  -15.21 (VIOLATED)
bgc_15.row_reg._113_/I                  3.00   18.21  -15.21 (VIOLATED)
bgc_15.row_reg._114_/I                  3.00   18.21  -15.21 (VIOLATED)
bgc_15.row_reg._115_/I                  3.00   18.21  -15.21 (VIOLATED)
bgc_15.row_reg._116_/I                  3.00   18.21  -15.21 (VIOLATED)
bgc_7._08_/ZN                           3.00   18.20  -15.20 (VIOLATED)
bgc_7.col_reg._053_/I                   3.00   18.20  -15.20 (VIOLATED)
bgc_7.col_reg._106_/I                   3.00   18.20  -15.20 (VIOLATED)
bgc_7.col_reg._107_/I                   3.00   18.20  -15.20 (VIOLATED)
bgc_7.col_reg._108_/I                   3.00   18.20  -15.20 (VIOLATED)
bgc_7.col_reg._109_/I                   3.00   18.20  -15.20 (VIOLATED)
bgc_7.col_reg._110_/I                   3.00   18.20  -15.20 (VIOLATED)
bgc_7.col_reg._111_/I                   3.00   18.20  -15.20 (VIOLATED)
bgc_7.col_reg._112_/I                   3.00   18.20  -15.20 (VIOLATED)
bgc_7.col_reg._113_/I                   3.00   18.20  -15.20 (VIOLATED)
bgc_7.col_reg._114_/I                   3.00   18.20  -15.20 (VIOLATED)
bgc_7.col_reg._115_/I                   3.00   18.20  -15.20 (VIOLATED)
bgc_7.col_reg._116_/I                   3.00   18.20  -15.20 (VIOLATED)
bgc_7.row_reg._053_/I                   3.00   18.20  -15.20 (VIOLATED)
bgc_7.row_reg._106_/I                   3.00   18.20  -15.20 (VIOLATED)
bgc_7.row_reg._107_/I                   3.00   18.20  -15.20 (VIOLATED)
bgc_7.row_reg._108_/I                   3.00   18.20  -15.20 (VIOLATED)
bgc_7.row_reg._109_/I                   3.00   18.20  -15.20 (VIOLATED)
bgc_7.row_reg._110_/I                   3.00   18.20  -15.20 (VIOLATED)
bgc_7.row_reg._111_/I                   3.00   18.20  -15.20 (VIOLATED)
bgc_7.row_reg._112_/I                   3.00   18.20  -15.20 (VIOLATED)
bgc_7.row_reg._113_/I                   3.00   18.20  -15.20 (VIOLATED)
bgc_7.row_reg._114_/I                   3.00   18.20  -15.20 (VIOLATED)
bgc_7.row_reg._115_/I                   3.00   18.20  -15.20 (VIOLATED)
bgc_7.row_reg._116_/I                   3.00   18.20  -15.20 (VIOLATED)
bgc_5._08_/ZN                           3.00   18.19  -15.19 (VIOLATED)
bgc_5.col_reg._053_/I                   3.00   18.19  -15.19 (VIOLATED)
bgc_5.col_reg._106_/I                   3.00   18.19  -15.19 (VIOLATED)
bgc_5.col_reg._107_/I                   3.00   18.19  -15.19 (VIOLATED)
bgc_5.col_reg._108_/I                   3.00   18.19  -15.19 (VIOLATED)
bgc_5.col_reg._109_/I                   3.00   18.19  -15.19 (VIOLATED)
bgc_5.col_reg._110_/I                   3.00   18.19  -15.19 (VIOLATED)
bgc_5.col_reg._111_/I                   3.00   18.19  -15.19 (VIOLATED)
bgc_5.col_reg._112_/I                   3.00   18.19  -15.19 (VIOLATED)
bgc_5.col_reg._113_/I                   3.00   18.19  -15.19 (VIOLATED)
bgc_5.col_reg._114_/I                   3.00   18.19  -15.19 (VIOLATED)
bgc_5.col_reg._115_/I                   3.00   18.19  -15.19 (VIOLATED)
bgc_5.col_reg._116_/I                   3.00   18.19  -15.19 (VIOLATED)
bgc_5.row_reg._053_/I                   3.00   18.19  -15.19 (VIOLATED)
bgc_5.row_reg._106_/I                   3.00   18.19  -15.19 (VIOLATED)
bgc_5.row_reg._107_/I                   3.00   18.19  -15.19 (VIOLATED)
bgc_5.row_reg._108_/I                   3.00   18.19  -15.19 (VIOLATED)
bgc_5.row_reg._109_/I                   3.00   18.19  -15.19 (VIOLATED)
bgc_5.row_reg._110_/I                   3.00   18.19  -15.19 (VIOLATED)
bgc_5.row_reg._111_/I                   3.00   18.19  -15.19 (VIOLATED)
bgc_5.row_reg._112_/I                   3.00   18.19  -15.19 (VIOLATED)
bgc_5.row_reg._113_/I                   3.00   18.19  -15.19 (VIOLATED)
bgc_5.row_reg._114_/I                   3.00   18.19  -15.19 (VIOLATED)
bgc_5.row_reg._115_/I                   3.00   18.19  -15.19 (VIOLATED)
bgc_5.row_reg._116_/I                   3.00   18.19  -15.19 (VIOLATED)
bgc_9._08_/ZN                           3.00   18.17  -15.17 (VIOLATED)
bgc_9.col_reg._053_/I                   3.00   18.17  -15.17 (VIOLATED)
bgc_9.col_reg._106_/I                   3.00   18.17  -15.17 (VIOLATED)
bgc_9.col_reg._107_/I                   3.00   18.17  -15.17 (VIOLATED)
bgc_9.col_reg._108_/I                   3.00   18.17  -15.17 (VIOLATED)
bgc_9.col_reg._109_/I                   3.00   18.17  -15.17 (VIOLATED)
bgc_9.col_reg._110_/I                   3.00   18.17  -15.17 (VIOLATED)
bgc_9.col_reg._111_/I                   3.00   18.17  -15.17 (VIOLATED)
bgc_9.col_reg._112_/I                   3.00   18.17  -15.17 (VIOLATED)
bgc_9.col_reg._113_/I                   3.00   18.17  -15.17 (VIOLATED)
bgc_9.col_reg._114_/I                   3.00   18.17  -15.17 (VIOLATED)
bgc_9.col_reg._115_/I                   3.00   18.17  -15.17 (VIOLATED)
bgc_9.col_reg._116_/I                   3.00   18.17  -15.17 (VIOLATED)
bgc_9.row_reg._053_/I                   3.00   18.17  -15.17 (VIOLATED)
bgc_9.row_reg._106_/I                   3.00   18.17  -15.17 (VIOLATED)
bgc_9.row_reg._107_/I                   3.00   18.17  -15.17 (VIOLATED)
bgc_9.row_reg._108_/I                   3.00   18.17  -15.17 (VIOLATED)
bgc_9.row_reg._109_/I                   3.00   18.17  -15.17 (VIOLATED)
bgc_9.row_reg._110_/I                   3.00   18.17  -15.17 (VIOLATED)
bgc_9.row_reg._111_/I                   3.00   18.17  -15.17 (VIOLATED)
bgc_9.row_reg._112_/I                   3.00   18.17  -15.17 (VIOLATED)
bgc_9.row_reg._113_/I                   3.00   18.17  -15.17 (VIOLATED)
bgc_9.row_reg._114_/I                   3.00   18.17  -15.17 (VIOLATED)
bgc_9.row_reg._115_/I                   3.00   18.17  -15.17 (VIOLATED)
bgc_9.row_reg._116_/I                   3.00   18.17  -15.17 (VIOLATED)
bgc_10._08_/ZN                          3.00   18.13  -15.13 (VIOLATED)
bgc_10.col_reg._053_/I                  3.00   18.13  -15.13 (VIOLATED)
bgc_10.col_reg._106_/I                  3.00   18.13  -15.13 (VIOLATED)
bgc_10.col_reg._107_/I                  3.00   18.13  -15.13 (VIOLATED)
bgc_10.col_reg._108_/I                  3.00   18.13  -15.13 (VIOLATED)
bgc_10.col_reg._109_/I                  3.00   18.13  -15.13 (VIOLATED)
bgc_10.col_reg._110_/I                  3.00   18.13  -15.13 (VIOLATED)
bgc_10.col_reg._111_/I                  3.00   18.13  -15.13 (VIOLATED)
bgc_10.col_reg._112_/I                  3.00   18.13  -15.13 (VIOLATED)
bgc_10.col_reg._113_/I                  3.00   18.13  -15.13 (VIOLATED)
bgc_10.col_reg._114_/I                  3.00   18.13  -15.13 (VIOLATED)
bgc_10.col_reg._115_/I                  3.00   18.13  -15.13 (VIOLATED)
bgc_10.col_reg._116_/I                  3.00   18.13  -15.13 (VIOLATED)
bgc_10.row_reg._053_/I                  3.00   18.13  -15.13 (VIOLATED)
bgc_10.row_reg._106_/I                  3.00   18.13  -15.13 (VIOLATED)
bgc_10.row_reg._107_/I                  3.00   18.13  -15.13 (VIOLATED)
bgc_10.row_reg._108_/I                  3.00   18.13  -15.13 (VIOLATED)
bgc_10.row_reg._109_/I                  3.00   18.13  -15.13 (VIOLATED)
bgc_10.row_reg._110_/I                  3.00   18.13  -15.13 (VIOLATED)
bgc_10.row_reg._111_/I                  3.00   18.13  -15.13 (VIOLATED)
bgc_10.row_reg._112_/I                  3.00   18.13  -15.13 (VIOLATED)
bgc_10.row_reg._113_/I                  3.00   18.13  -15.13 (VIOLATED)
bgc_10.row_reg._114_/I                  3.00   18.13  -15.13 (VIOLATED)
bgc_10.row_reg._115_/I                  3.00   18.13  -15.13 (VIOLATED)
bgc_10.row_reg._116_/I                  3.00   18.13  -15.13 (VIOLATED)
bgc_2._08_/ZN                           3.00   18.13  -15.13 (VIOLATED)
bgc_2.col_reg._053_/I                   3.00   18.13  -15.13 (VIOLATED)
bgc_2.col_reg._106_/I                   3.00   18.13  -15.13 (VIOLATED)
bgc_2.col_reg._107_/I                   3.00   18.13  -15.13 (VIOLATED)
bgc_2.col_reg._108_/I                   3.00   18.13  -15.13 (VIOLATED)
bgc_2.col_reg._109_/I                   3.00   18.13  -15.13 (VIOLATED)
bgc_2.col_reg._110_/I                   3.00   18.13  -15.13 (VIOLATED)
bgc_2.col_reg._111_/I                   3.00   18.13  -15.13 (VIOLATED)
bgc_2.col_reg._112_/I                   3.00   18.13  -15.13 (VIOLATED)
bgc_2.col_reg._113_/I                   3.00   18.13  -15.13 (VIOLATED)
bgc_2.col_reg._114_/I                   3.00   18.13  -15.13 (VIOLATED)
bgc_2.col_reg._115_/I                   3.00   18.13  -15.13 (VIOLATED)
bgc_2.col_reg._116_/I                   3.00   18.13  -15.13 (VIOLATED)
bgc_2.row_reg._053_/I                   3.00   18.13  -15.13 (VIOLATED)
bgc_2.row_reg._106_/I                   3.00   18.13  -15.13 (VIOLATED)
bgc_2.row_reg._107_/I                   3.00   18.13  -15.13 (VIOLATED)
bgc_2.row_reg._108_/I                   3.00   18.13  -15.13 (VIOLATED)
bgc_2.row_reg._109_/I                   3.00   18.13  -15.13 (VIOLATED)
bgc_2.row_reg._110_/I                   3.00   18.13  -15.13 (VIOLATED)
bgc_2.row_reg._111_/I                   3.00   18.13  -15.13 (VIOLATED)
bgc_2.row_reg._112_/I                   3.00   18.13  -15.13 (VIOLATED)
bgc_2.row_reg._113_/I                   3.00   18.13  -15.13 (VIOLATED)
bgc_2.row_reg._114_/I                   3.00   18.13  -15.13 (VIOLATED)
bgc_2.row_reg._115_/I                   3.00   18.13  -15.13 (VIOLATED)
bgc_2.row_reg._116_/I                   3.00   18.13  -15.13 (VIOLATED)
bgc_12._08_/ZN                          3.00   18.11  -15.11 (VIOLATED)
bgc_12.col_reg._053_/I                  3.00   18.11  -15.11 (VIOLATED)
bgc_12.col_reg._106_/I                  3.00   18.11  -15.11 (VIOLATED)
bgc_12.col_reg._107_/I                  3.00   18.11  -15.11 (VIOLATED)
bgc_12.col_reg._108_/I                  3.00   18.11  -15.11 (VIOLATED)
bgc_12.col_reg._109_/I                  3.00   18.11  -15.11 (VIOLATED)
bgc_12.col_reg._110_/I                  3.00   18.11  -15.11 (VIOLATED)
bgc_12.col_reg._111_/I                  3.00   18.11  -15.11 (VIOLATED)
bgc_12.col_reg._112_/I                  3.00   18.11  -15.11 (VIOLATED)
bgc_12.col_reg._113_/I                  3.00   18.11  -15.11 (VIOLATED)
bgc_12.col_reg._114_/I                  3.00   18.11  -15.11 (VIOLATED)
bgc_12.col_reg._115_/I                  3.00   18.11  -15.11 (VIOLATED)
bgc_12.col_reg._116_/I                  3.00   18.11  -15.11 (VIOLATED)
bgc_12.row_reg._053_/I                  3.00   18.11  -15.11 (VIOLATED)
bgc_12.row_reg._106_/I                  3.00   18.11  -15.11 (VIOLATED)
bgc_12.row_reg._107_/I                  3.00   18.11  -15.11 (VIOLATED)
bgc_12.row_reg._108_/I                  3.00   18.11  -15.11 (VIOLATED)
bgc_12.row_reg._109_/I                  3.00   18.11  -15.11 (VIOLATED)
bgc_12.row_reg._110_/I                  3.00   18.11  -15.11 (VIOLATED)
bgc_12.row_reg._111_/I                  3.00   18.11  -15.11 (VIOLATED)
bgc_12.row_reg._112_/I                  3.00   18.11  -15.11 (VIOLATED)
bgc_12.row_reg._113_/I                  3.00   18.11  -15.11 (VIOLATED)
bgc_12.row_reg._114_/I                  3.00   18.11  -15.11 (VIOLATED)
bgc_12.row_reg._115_/I                  3.00   18.11  -15.11 (VIOLATED)
bgc_12.row_reg._116_/I                  3.00   18.11  -15.11 (VIOLATED)
bgc_13._08_/ZN                          3.00   18.11  -15.11 (VIOLATED)
bgc_13.col_reg._053_/I                  3.00   18.11  -15.11 (VIOLATED)
bgc_13.col_reg._106_/I                  3.00   18.11  -15.11 (VIOLATED)
bgc_13.col_reg._107_/I                  3.00   18.11  -15.11 (VIOLATED)
bgc_13.col_reg._108_/I                  3.00   18.11  -15.11 (VIOLATED)
bgc_13.col_reg._109_/I                  3.00   18.11  -15.11 (VIOLATED)
bgc_13.col_reg._110_/I                  3.00   18.11  -15.11 (VIOLATED)
bgc_13.col_reg._111_/I                  3.00   18.11  -15.11 (VIOLATED)
bgc_13.col_reg._112_/I                  3.00   18.11  -15.11 (VIOLATED)
bgc_13.col_reg._113_/I                  3.00   18.11  -15.11 (VIOLATED)
bgc_13.col_reg._114_/I                  3.00   18.11  -15.11 (VIOLATED)
bgc_13.col_reg._115_/I                  3.00   18.11  -15.11 (VIOLATED)
bgc_13.col_reg._116_/I                  3.00   18.11  -15.11 (VIOLATED)
bgc_13.row_reg._053_/I                  3.00   18.11  -15.11 (VIOLATED)
bgc_13.row_reg._106_/I                  3.00   18.11  -15.11 (VIOLATED)
bgc_13.row_reg._107_/I                  3.00   18.11  -15.11 (VIOLATED)
bgc_13.row_reg._108_/I                  3.00   18.11  -15.11 (VIOLATED)
bgc_13.row_reg._109_/I                  3.00   18.11  -15.11 (VIOLATED)
bgc_13.row_reg._110_/I                  3.00   18.11  -15.11 (VIOLATED)
bgc_13.row_reg._111_/I                  3.00   18.11  -15.11 (VIOLATED)
bgc_13.row_reg._112_/I                  3.00   18.11  -15.11 (VIOLATED)
bgc_13.row_reg._113_/I                  3.00   18.11  -15.11 (VIOLATED)
bgc_13.row_reg._114_/I                  3.00   18.11  -15.11 (VIOLATED)
bgc_13.row_reg._115_/I                  3.00   18.11  -15.11 (VIOLATED)
bgc_13.row_reg._116_/I                  3.00   18.11  -15.11 (VIOLATED)
bgc_3._08_/ZN                           3.00   18.08  -15.08 (VIOLATED)
bgc_3.col_reg._053_/I                   3.00   18.08  -15.08 (VIOLATED)
bgc_3.col_reg._106_/I                   3.00   18.08  -15.08 (VIOLATED)
bgc_3.col_reg._107_/I                   3.00   18.08  -15.08 (VIOLATED)
bgc_3.col_reg._108_/I                   3.00   18.08  -15.08 (VIOLATED)
bgc_3.col_reg._109_/I                   3.00   18.08  -15.08 (VIOLATED)
bgc_3.col_reg._110_/I                   3.00   18.08  -15.08 (VIOLATED)
bgc_3.col_reg._111_/I                   3.00   18.08  -15.08 (VIOLATED)
bgc_3.col_reg._112_/I                   3.00   18.08  -15.08 (VIOLATED)
bgc_3.col_reg._113_/I                   3.00   18.08  -15.08 (VIOLATED)
bgc_3.col_reg._114_/I                   3.00   18.08  -15.08 (VIOLATED)
bgc_3.col_reg._115_/I                   3.00   18.08  -15.08 (VIOLATED)
bgc_3.col_reg._116_/I                   3.00   18.08  -15.08 (VIOLATED)
bgc_3.row_reg._053_/I                   3.00   18.08  -15.08 (VIOLATED)
bgc_3.row_reg._106_/I                   3.00   18.08  -15.08 (VIOLATED)
bgc_3.row_reg._107_/I                   3.00   18.08  -15.08 (VIOLATED)
bgc_3.row_reg._108_/I                   3.00   18.08  -15.08 (VIOLATED)
bgc_3.row_reg._109_/I                   3.00   18.08  -15.08 (VIOLATED)
bgc_3.row_reg._110_/I                   3.00   18.08  -15.08 (VIOLATED)
bgc_3.row_reg._111_/I                   3.00   18.08  -15.08 (VIOLATED)
bgc_3.row_reg._112_/I                   3.00   18.08  -15.08 (VIOLATED)
bgc_3.row_reg._113_/I                   3.00   18.08  -15.08 (VIOLATED)
bgc_3.row_reg._114_/I                   3.00   18.08  -15.08 (VIOLATED)
bgc_3.row_reg._115_/I                   3.00   18.08  -15.08 (VIOLATED)
bgc_3.row_reg._116_/I                   3.00   18.08  -15.08 (VIOLATED)
bgc_6._08_/ZN                           3.00   17.99  -14.99 (VIOLATED)
bgc_6.col_reg._053_/I                   3.00   17.99  -14.99 (VIOLATED)
bgc_6.col_reg._106_/I                   3.00   17.99  -14.99 (VIOLATED)
bgc_6.col_reg._107_/I                   3.00   17.99  -14.99 (VIOLATED)
bgc_6.col_reg._108_/I                   3.00   17.99  -14.99 (VIOLATED)
bgc_6.col_reg._109_/I                   3.00   17.99  -14.99 (VIOLATED)
bgc_6.col_reg._110_/I                   3.00   17.99  -14.99 (VIOLATED)
bgc_6.col_reg._111_/I                   3.00   17.99  -14.99 (VIOLATED)
bgc_6.col_reg._112_/I                   3.00   17.99  -14.99 (VIOLATED)
bgc_6.col_reg._113_/I                   3.00   17.99  -14.99 (VIOLATED)
bgc_6.col_reg._114_/I                   3.00   17.99  -14.99 (VIOLATED)
bgc_6.col_reg._115_/I                   3.00   17.99  -14.99 (VIOLATED)
bgc_6.col_reg._116_/I                   3.00   17.99  -14.99 (VIOLATED)
bgc_6.row_reg._053_/I                   3.00   17.99  -14.99 (VIOLATED)
bgc_6.row_reg._106_/I                   3.00   17.99  -14.99 (VIOLATED)
bgc_6.row_reg._107_/I                   3.00   17.99  -14.99 (VIOLATED)
bgc_6.row_reg._108_/I                   3.00   17.99  -14.99 (VIOLATED)
bgc_6.row_reg._109_/I                   3.00   17.99  -14.99 (VIOLATED)
bgc_6.row_reg._110_/I                   3.00   17.99  -14.99 (VIOLATED)
bgc_6.row_reg._111_/I                   3.00   17.99  -14.99 (VIOLATED)
bgc_6.row_reg._112_/I                   3.00   17.99  -14.99 (VIOLATED)
bgc_6.row_reg._113_/I                   3.00   17.99  -14.99 (VIOLATED)
bgc_6.row_reg._114_/I                   3.00   17.99  -14.99 (VIOLATED)
bgc_6.row_reg._115_/I                   3.00   17.99  -14.99 (VIOLATED)
bgc_6.row_reg._116_/I                   3.00   17.99  -14.99 (VIOLATED)
bgc_0._08_/ZN                           3.00   17.84  -14.84 (VIOLATED)
bgc_0.col_reg._053_/I                   3.00   17.84  -14.84 (VIOLATED)
bgc_0.col_reg._106_/I                   3.00   17.84  -14.84 (VIOLATED)
bgc_0.col_reg._107_/I                   3.00   17.84  -14.84 (VIOLATED)
bgc_0.col_reg._108_/I                   3.00   17.84  -14.84 (VIOLATED)
bgc_0.col_reg._109_/I                   3.00   17.84  -14.84 (VIOLATED)
bgc_0.col_reg._110_/I                   3.00   17.84  -14.84 (VIOLATED)
bgc_0.col_reg._111_/I                   3.00   17.84  -14.84 (VIOLATED)
bgc_0.col_reg._112_/I                   3.00   17.84  -14.84 (VIOLATED)
bgc_0.col_reg._113_/I                   3.00   17.84  -14.84 (VIOLATED)
bgc_0.col_reg._114_/I                   3.00   17.84  -14.84 (VIOLATED)
bgc_0.col_reg._115_/I                   3.00   17.84  -14.84 (VIOLATED)
bgc_0.col_reg._116_/I                   3.00   17.84  -14.84 (VIOLATED)
bgc_0.row_reg._053_/I                   3.00   17.84  -14.84 (VIOLATED)
bgc_0.row_reg._106_/I                   3.00   17.84  -14.84 (VIOLATED)
bgc_0.row_reg._107_/I                   3.00   17.84  -14.84 (VIOLATED)
bgc_0.row_reg._108_/I                   3.00   17.84  -14.84 (VIOLATED)
bgc_0.row_reg._109_/I                   3.00   17.84  -14.84 (VIOLATED)
bgc_0.row_reg._110_/I                   3.00   17.84  -14.84 (VIOLATED)
bgc_0.row_reg._111_/I                   3.00   17.84  -14.84 (VIOLATED)
bgc_0.row_reg._112_/I                   3.00   17.84  -14.84 (VIOLATED)
bgc_0.row_reg._113_/I                   3.00   17.84  -14.84 (VIOLATED)
bgc_0.row_reg._114_/I                   3.00   17.84  -14.84 (VIOLATED)
bgc_0.row_reg._115_/I                   3.00   17.84  -14.84 (VIOLATED)
bgc_0.row_reg._116_/I                   3.00   17.84  -14.84 (VIOLATED)
bgc_4._08_/ZN                           3.00   17.58  -14.58 (VIOLATED)
bgc_4.col_reg._053_/I                   3.00   17.58  -14.58 (VIOLATED)
bgc_4.col_reg._106_/I                   3.00   17.58  -14.58 (VIOLATED)
bgc_4.col_reg._107_/I                   3.00   17.58  -14.58 (VIOLATED)
bgc_4.col_reg._108_/I                   3.00   17.58  -14.58 (VIOLATED)
bgc_4.col_reg._109_/I                   3.00   17.58  -14.58 (VIOLATED)
bgc_4.col_reg._110_/I                   3.00   17.58  -14.58 (VIOLATED)
bgc_4.col_reg._111_/I                   3.00   17.58  -14.58 (VIOLATED)
bgc_4.col_reg._112_/I                   3.00   17.58  -14.58 (VIOLATED)
bgc_4.col_reg._113_/I                   3.00   17.58  -14.58 (VIOLATED)
bgc_4.col_reg._114_/I                   3.00   17.58  -14.58 (VIOLATED)
bgc_4.col_reg._115_/I                   3.00   17.58  -14.58 (VIOLATED)
bgc_4.col_reg._116_/I                   3.00   17.58  -14.58 (VIOLATED)
bgc_4.row_reg._053_/I                   3.00   17.58  -14.58 (VIOLATED)
bgc_4.row_reg._106_/I                   3.00   17.58  -14.58 (VIOLATED)
bgc_4.row_reg._107_/I                   3.00   17.58  -14.58 (VIOLATED)
bgc_4.row_reg._108_/I                   3.00   17.58  -14.58 (VIOLATED)
bgc_4.row_reg._109_/I                   3.00   17.58  -14.58 (VIOLATED)
bgc_4.row_reg._110_/I                   3.00   17.58  -14.58 (VIOLATED)
bgc_4.row_reg._111_/I                   3.00   17.58  -14.58 (VIOLATED)
bgc_4.row_reg._112_/I                   3.00   17.58  -14.58 (VIOLATED)
bgc_4.row_reg._113_/I                   3.00   17.58  -14.58 (VIOLATED)
bgc_4.row_reg._114_/I                   3.00   17.58  -14.58 (VIOLATED)
bgc_4.row_reg._115_/I                   3.00   17.58  -14.58 (VIOLATED)
bgc_4.row_reg._116_/I                   3.00   17.58  -14.58 (VIOLATED)
bgc_1._08_/ZN                           3.00   17.29  -14.29 (VIOLATED)
bgc_1.col_reg._053_/I                   3.00   17.29  -14.29 (VIOLATED)
bgc_1.col_reg._106_/I                   3.00   17.29  -14.29 (VIOLATED)
bgc_1.col_reg._107_/I                   3.00   17.29  -14.29 (VIOLATED)
bgc_1.col_reg._108_/I                   3.00   17.29  -14.29 (VIOLATED)
bgc_1.col_reg._109_/I                   3.00   17.29  -14.29 (VIOLATED)
bgc_1.col_reg._110_/I                   3.00   17.29  -14.29 (VIOLATED)
bgc_1.col_reg._111_/I                   3.00   17.29  -14.29 (VIOLATED)
bgc_1.col_reg._112_/I                   3.00   17.29  -14.29 (VIOLATED)
bgc_1.col_reg._113_/I                   3.00   17.29  -14.29 (VIOLATED)
bgc_1.col_reg._114_/I                   3.00   17.29  -14.29 (VIOLATED)
bgc_1.col_reg._115_/I                   3.00   17.29  -14.29 (VIOLATED)
bgc_1.col_reg._116_/I                   3.00   17.29  -14.29 (VIOLATED)
bgc_1.row_reg._053_/I                   3.00   17.29  -14.29 (VIOLATED)
bgc_1.row_reg._106_/I                   3.00   17.29  -14.29 (VIOLATED)
bgc_1.row_reg._107_/I                   3.00   17.29  -14.29 (VIOLATED)
bgc_1.row_reg._108_/I                   3.00   17.29  -14.29 (VIOLATED)
bgc_1.row_reg._109_/I                   3.00   17.29  -14.29 (VIOLATED)
bgc_1.row_reg._110_/I                   3.00   17.29  -14.29 (VIOLATED)
bgc_1.row_reg._111_/I                   3.00   17.29  -14.29 (VIOLATED)
bgc_1.row_reg._112_/I                   3.00   17.29  -14.29 (VIOLATED)
bgc_1.row_reg._113_/I                   3.00   17.29  -14.29 (VIOLATED)
bgc_1.row_reg._114_/I                   3.00   17.29  -14.29 (VIOLATED)
bgc_1.row_reg._115_/I                   3.00   17.29  -14.29 (VIOLATED)
bgc_1.row_reg._116_/I                   3.00   17.29  -14.29 (VIOLATED)
timer_inst._28_/ZN                      3.00   15.88  -12.88 (VIOLATED)
timer_inst._43_/A2                      3.00   15.88  -12.88 (VIOLATED)
timer_inst._48_/A1                      3.00   15.88  -12.88 (VIOLATED)
timer_inst._50_/A1                      3.00   15.88  -12.88 (VIOLATED)
timer_inst._52_/A1                      3.00   15.88  -12.88 (VIOLATED)
timer_inst._54_/A1                      3.00   15.88  -12.88 (VIOLATED)
timer_inst._56_/A1                      3.00   15.88  -12.88 (VIOLATED)
timer_inst._58_/A1                      3.00   15.88  -12.88 (VIOLATED)
timer_inst._60_/A1                      3.00   15.88  -12.88 (VIOLATED)
timer_inst._62_/A1                      3.00   15.88  -12.88 (VIOLATED)
timer_inst._65_/B                       3.00   15.88  -12.88 (VIOLATED)
timer_inst._66_/B                       3.00   15.88  -12.88 (VIOLATED)
bgc_3.lfsr_col._27_/ZN                  3.00   15.61  -12.61 (VIOLATED)
bgc_3.lfsr_col._28_/A2                  3.00   15.61  -12.61 (VIOLATED)
bgc_3.lfsr_col._66_/A2                  3.00   15.61  -12.61 (VIOLATED)
bgc_3.lfsr_col._67_/A2                  3.00   15.61  -12.61 (VIOLATED)
bgc_3.lfsr_col._68_/A2                  3.00   15.61  -12.61 (VIOLATED)
bgc_3.lfsr_col._69_/A2                  3.00   15.61  -12.61 (VIOLATED)
bgc_3.lfsr_col._70_/A2                  3.00   15.61  -12.61 (VIOLATED)
bgc_3.lfsr_col._71_/A2                  3.00   15.61  -12.61 (VIOLATED)
bgc_3.lfsr_col._72_/A2                  3.00   15.61  -12.61 (VIOLATED)
bgc_3.lfsr_col._73_/A2                  3.00   15.61  -12.61 (VIOLATED)
bgc_3.lfsr_col._74_/A2                  3.00   15.61  -12.61 (VIOLATED)
bgc_3.lfsr_col._75_/A2                  3.00   15.61  -12.61 (VIOLATED)
bgc_3.lfsr_col._76_/A2                  3.00   15.61  -12.61 (VIOLATED)
bgc_2.lfsr_row._27_/ZN                  3.00   15.61  -12.61 (VIOLATED)
bgc_2.lfsr_row._28_/A2                  3.00   15.61  -12.61 (VIOLATED)
bgc_2.lfsr_row._66_/A2                  3.00   15.61  -12.61 (VIOLATED)
bgc_2.lfsr_row._67_/A2                  3.00   15.61  -12.61 (VIOLATED)
bgc_2.lfsr_row._68_/A2                  3.00   15.61  -12.61 (VIOLATED)
bgc_2.lfsr_row._69_/A2                  3.00   15.61  -12.61 (VIOLATED)
bgc_2.lfsr_row._70_/A2                  3.00   15.61  -12.61 (VIOLATED)
bgc_2.lfsr_row._71_/A2                  3.00   15.61  -12.61 (VIOLATED)
bgc_2.lfsr_row._72_/A2                  3.00   15.61  -12.61 (VIOLATED)
bgc_2.lfsr_row._73_/A2                  3.00   15.61  -12.61 (VIOLATED)
bgc_2.lfsr_row._74_/A2                  3.00   15.61  -12.61 (VIOLATED)
bgc_2.lfsr_row._75_/A2                  3.00   15.61  -12.61 (VIOLATED)
bgc_2.lfsr_row._76_/A2                  3.00   15.61  -12.61 (VIOLATED)
bgc_11.lfsr_row._27_/ZN                 3.00   15.59  -12.59 (VIOLATED)
bgc_11.lfsr_row._28_/A2                 3.00   15.59  -12.59 (VIOLATED)
bgc_11.lfsr_row._66_/A2                 3.00   15.59  -12.59 (VIOLATED)
bgc_11.lfsr_row._67_/A2                 3.00   15.59  -12.59 (VIOLATED)
bgc_11.lfsr_row._68_/A2                 3.00   15.59  -12.59 (VIOLATED)
bgc_11.lfsr_row._69_/A2                 3.00   15.59  -12.59 (VIOLATED)
bgc_11.lfsr_row._70_/A2                 3.00   15.59  -12.59 (VIOLATED)
bgc_11.lfsr_row._71_/A2                 3.00   15.59  -12.59 (VIOLATED)
bgc_11.lfsr_row._72_/A2                 3.00   15.59  -12.59 (VIOLATED)
bgc_11.lfsr_row._73_/A2                 3.00   15.59  -12.59 (VIOLATED)
bgc_11.lfsr_row._74_/A2                 3.00   15.59  -12.59 (VIOLATED)
bgc_11.lfsr_row._75_/A2                 3.00   15.59  -12.59 (VIOLATED)
bgc_11.lfsr_row._76_/A2                 3.00   15.59  -12.59 (VIOLATED)
bgc_1.lfsr_row._27_/ZN                  3.00   15.58  -12.58 (VIOLATED)
bgc_1.lfsr_row._28_/A2                  3.00   15.58  -12.58 (VIOLATED)
bgc_1.lfsr_row._66_/A2                  3.00   15.58  -12.58 (VIOLATED)
bgc_1.lfsr_row._67_/A2                  3.00   15.58  -12.58 (VIOLATED)
bgc_1.lfsr_row._68_/A2                  3.00   15.58  -12.58 (VIOLATED)
bgc_1.lfsr_row._69_/A2                  3.00   15.58  -12.58 (VIOLATED)
bgc_1.lfsr_row._70_/A2                  3.00   15.58  -12.58 (VIOLATED)
bgc_1.lfsr_row._71_/A2                  3.00   15.58  -12.58 (VIOLATED)
bgc_1.lfsr_row._72_/A2                  3.00   15.58  -12.58 (VIOLATED)
bgc_1.lfsr_row._73_/A2                  3.00   15.58  -12.58 (VIOLATED)
bgc_1.lfsr_row._74_/A2                  3.00   15.58  -12.58 (VIOLATED)
bgc_1.lfsr_row._75_/A2                  3.00   15.58  -12.58 (VIOLATED)
bgc_1.lfsr_row._76_/A2                  3.00   15.58  -12.58 (VIOLATED)
timer_inst._41_/ZN                      3.00   15.58  -12.58 (VIOLATED)
timer_inst._42_/I                       3.00   15.58  -12.58 (VIOLATED)
timer_inst._43_/B                       3.00   15.58  -12.58 (VIOLATED)
timer_inst._46_/B                       3.00   15.58  -12.58 (VIOLATED)
timer_inst._48_/B                       3.00   15.58  -12.58 (VIOLATED)
timer_inst._50_/B                       3.00   15.58  -12.58 (VIOLATED)
timer_inst._52_/B                       3.00   15.58  -12.58 (VIOLATED)
timer_inst._54_/B                       3.00   15.58  -12.58 (VIOLATED)
timer_inst._56_/B                       3.00   15.58  -12.58 (VIOLATED)
timer_inst._58_/B                       3.00   15.58  -12.58 (VIOLATED)
timer_inst._60_/B                       3.00   15.58  -12.58 (VIOLATED)
timer_inst._62_/B                       3.00   15.58  -12.58 (VIOLATED)
bgc_8.lfsr_col._27_/ZN                  3.00   15.58  -12.58 (VIOLATED)
bgc_8.lfsr_col._28_/A2                  3.00   15.58  -12.58 (VIOLATED)
bgc_8.lfsr_col._66_/A2                  3.00   15.58  -12.58 (VIOLATED)
bgc_8.lfsr_col._67_/A2                  3.00   15.58  -12.58 (VIOLATED)
bgc_8.lfsr_col._68_/A2                  3.00   15.58  -12.58 (VIOLATED)
bgc_8.lfsr_col._69_/A2                  3.00   15.58  -12.58 (VIOLATED)
bgc_8.lfsr_col._70_/A2                  3.00   15.58  -12.58 (VIOLATED)
bgc_8.lfsr_col._71_/A2                  3.00   15.58  -12.58 (VIOLATED)
bgc_8.lfsr_col._72_/A2                  3.00   15.58  -12.58 (VIOLATED)
bgc_8.lfsr_col._73_/A2                  3.00   15.58  -12.58 (VIOLATED)
bgc_8.lfsr_col._74_/A2                  3.00   15.58  -12.58 (VIOLATED)
bgc_8.lfsr_col._75_/A2                  3.00   15.58  -12.58 (VIOLATED)
bgc_8.lfsr_col._76_/A2                  3.00   15.58  -12.58 (VIOLATED)
bgc_2.lfsr_col._27_/ZN                  3.00   15.56  -12.56 (VIOLATED)
bgc_2.lfsr_col._28_/A2                  3.00   15.56  -12.56 (VIOLATED)
bgc_2.lfsr_col._66_/A2                  3.00   15.56  -12.56 (VIOLATED)
bgc_2.lfsr_col._67_/A2                  3.00   15.56  -12.56 (VIOLATED)
bgc_2.lfsr_col._68_/A2                  3.00   15.56  -12.56 (VIOLATED)
bgc_2.lfsr_col._69_/A2                  3.00   15.56  -12.56 (VIOLATED)
bgc_2.lfsr_col._70_/A2                  3.00   15.56  -12.56 (VIOLATED)
bgc_2.lfsr_col._71_/A2                  3.00   15.56  -12.56 (VIOLATED)
bgc_2.lfsr_col._72_/A2                  3.00   15.56  -12.56 (VIOLATED)
bgc_2.lfsr_col._73_/A2                  3.00   15.56  -12.56 (VIOLATED)
bgc_2.lfsr_col._74_/A2                  3.00   15.56  -12.56 (VIOLATED)
bgc_2.lfsr_col._75_/A2                  3.00   15.56  -12.56 (VIOLATED)
bgc_2.lfsr_col._76_/A2                  3.00   15.56  -12.56 (VIOLATED)
bgc_15.lfsr_col._27_/ZN                 3.00   15.55  -12.55 (VIOLATED)
bgc_15.lfsr_col._28_/A2                 3.00   15.55  -12.55 (VIOLATED)
bgc_15.lfsr_col._66_/A2                 3.00   15.55  -12.55 (VIOLATED)
bgc_15.lfsr_col._67_/A2                 3.00   15.55  -12.55 (VIOLATED)
bgc_15.lfsr_col._68_/A2                 3.00   15.55  -12.55 (VIOLATED)
bgc_15.lfsr_col._69_/A2                 3.00   15.55  -12.55 (VIOLATED)
bgc_15.lfsr_col._70_/A2                 3.00   15.55  -12.55 (VIOLATED)
bgc_15.lfsr_col._71_/A2                 3.00   15.55  -12.55 (VIOLATED)
bgc_15.lfsr_col._72_/A2                 3.00   15.55  -12.55 (VIOLATED)
bgc_15.lfsr_col._73_/A2                 3.00   15.55  -12.55 (VIOLATED)
bgc_15.lfsr_col._74_/A2                 3.00   15.55  -12.55 (VIOLATED)
bgc_15.lfsr_col._75_/A2                 3.00   15.55  -12.55 (VIOLATED)
bgc_15.lfsr_col._76_/A2                 3.00   15.55  -12.55 (VIOLATED)
bgc_15.lfsr_row._27_/ZN                 3.00   15.55  -12.55 (VIOLATED)
bgc_15.lfsr_row._28_/A2                 3.00   15.55  -12.55 (VIOLATED)
bgc_15.lfsr_row._66_/A2                 3.00   15.55  -12.55 (VIOLATED)
bgc_15.lfsr_row._67_/A2                 3.00   15.55  -12.55 (VIOLATED)
bgc_15.lfsr_row._68_/A2                 3.00   15.55  -12.55 (VIOLATED)
bgc_15.lfsr_row._69_/A2                 3.00   15.55  -12.55 (VIOLATED)
bgc_15.lfsr_row._70_/A2                 3.00   15.55  -12.55 (VIOLATED)
bgc_15.lfsr_row._71_/A2                 3.00   15.55  -12.55 (VIOLATED)
bgc_15.lfsr_row._72_/A2                 3.00   15.55  -12.55 (VIOLATED)
bgc_15.lfsr_row._73_/A2                 3.00   15.55  -12.55 (VIOLATED)
bgc_15.lfsr_row._74_/A2                 3.00   15.55  -12.55 (VIOLATED)
bgc_15.lfsr_row._75_/A2                 3.00   15.55  -12.55 (VIOLATED)
bgc_15.lfsr_row._76_/A2                 3.00   15.55  -12.55 (VIOLATED)
bgc_7.lfsr_row._27_/ZN                  3.00   15.55  -12.55 (VIOLATED)
bgc_7.lfsr_row._28_/A2                  3.00   15.55  -12.55 (VIOLATED)
bgc_7.lfsr_row._66_/A2                  3.00   15.55  -12.55 (VIOLATED)
bgc_7.lfsr_row._67_/A2                  3.00   15.55  -12.55 (VIOLATED)
bgc_7.lfsr_row._68_/A2                  3.00   15.55  -12.55 (VIOLATED)
bgc_7.lfsr_row._69_/A2                  3.00   15.55  -12.55 (VIOLATED)
bgc_7.lfsr_row._70_/A2                  3.00   15.55  -12.55 (VIOLATED)
bgc_7.lfsr_row._71_/A2                  3.00   15.55  -12.55 (VIOLATED)
bgc_7.lfsr_row._72_/A2                  3.00   15.55  -12.55 (VIOLATED)
bgc_7.lfsr_row._73_/A2                  3.00   15.55  -12.55 (VIOLATED)
bgc_7.lfsr_row._74_/A2                  3.00   15.55  -12.55 (VIOLATED)
bgc_7.lfsr_row._75_/A2                  3.00   15.55  -12.55 (VIOLATED)
bgc_7.lfsr_row._76_/A2                  3.00   15.55  -12.55 (VIOLATED)
bgc_0.lfsr_row._27_/ZN                  3.00   15.54  -12.54 (VIOLATED)
bgc_0.lfsr_row._28_/A2                  3.00   15.54  -12.54 (VIOLATED)
bgc_0.lfsr_row._66_/A2                  3.00   15.54  -12.54 (VIOLATED)
bgc_0.lfsr_row._67_/A2                  3.00   15.54  -12.54 (VIOLATED)
bgc_0.lfsr_row._68_/A2                  3.00   15.54  -12.54 (VIOLATED)
bgc_0.lfsr_row._69_/A2                  3.00   15.54  -12.54 (VIOLATED)
bgc_0.lfsr_row._70_/A2                  3.00   15.54  -12.54 (VIOLATED)
bgc_0.lfsr_row._71_/A2                  3.00   15.54  -12.54 (VIOLATED)
bgc_0.lfsr_row._72_/A2                  3.00   15.54  -12.54 (VIOLATED)
bgc_0.lfsr_row._73_/A2                  3.00   15.54  -12.54 (VIOLATED)
bgc_0.lfsr_row._74_/A2                  3.00   15.54  -12.54 (VIOLATED)
bgc_0.lfsr_row._75_/A2                  3.00   15.54  -12.54 (VIOLATED)
bgc_0.lfsr_row._76_/A2                  3.00   15.54  -12.54 (VIOLATED)
bgc_11.lfsr_col._27_/ZN                 3.00   15.54  -12.54 (VIOLATED)
bgc_11.lfsr_col._28_/A2                 3.00   15.54  -12.54 (VIOLATED)
bgc_11.lfsr_col._66_/A2                 3.00   15.54  -12.54 (VIOLATED)
bgc_11.lfsr_col._67_/A2                 3.00   15.54  -12.54 (VIOLATED)
bgc_11.lfsr_col._68_/A2                 3.00   15.54  -12.54 (VIOLATED)
bgc_11.lfsr_col._69_/A2                 3.00   15.54  -12.54 (VIOLATED)
bgc_11.lfsr_col._70_/A2                 3.00   15.54  -12.54 (VIOLATED)
bgc_11.lfsr_col._71_/A2                 3.00   15.54  -12.54 (VIOLATED)
bgc_11.lfsr_col._72_/A2                 3.00   15.54  -12.54 (VIOLATED)
bgc_11.lfsr_col._73_/A2                 3.00   15.54  -12.54 (VIOLATED)
bgc_11.lfsr_col._74_/A2                 3.00   15.54  -12.54 (VIOLATED)
bgc_11.lfsr_col._75_/A2                 3.00   15.54  -12.54 (VIOLATED)
bgc_11.lfsr_col._76_/A2                 3.00   15.54  -12.54 (VIOLATED)
bgc_7.lfsr_col._27_/ZN                  3.00   15.54  -12.54 (VIOLATED)
bgc_7.lfsr_col._28_/A2                  3.00   15.54  -12.54 (VIOLATED)
bgc_7.lfsr_col._66_/A2                  3.00   15.54  -12.54 (VIOLATED)
bgc_7.lfsr_col._67_/A2                  3.00   15.54  -12.54 (VIOLATED)
bgc_7.lfsr_col._68_/A2                  3.00   15.54  -12.54 (VIOLATED)
bgc_7.lfsr_col._69_/A2                  3.00   15.54  -12.54 (VIOLATED)
bgc_7.lfsr_col._70_/A2                  3.00   15.54  -12.54 (VIOLATED)
bgc_7.lfsr_col._71_/A2                  3.00   15.54  -12.54 (VIOLATED)
bgc_7.lfsr_col._72_/A2                  3.00   15.54  -12.54 (VIOLATED)
bgc_7.lfsr_col._73_/A2                  3.00   15.54  -12.54 (VIOLATED)
bgc_7.lfsr_col._74_/A2                  3.00   15.54  -12.54 (VIOLATED)
bgc_7.lfsr_col._75_/A2                  3.00   15.54  -12.54 (VIOLATED)
bgc_7.lfsr_col._76_/A2                  3.00   15.54  -12.54 (VIOLATED)
bgc_4.lfsr_row._27_/ZN                  3.00   15.54  -12.54 (VIOLATED)
bgc_4.lfsr_row._28_/A2                  3.00   15.54  -12.54 (VIOLATED)
bgc_4.lfsr_row._66_/A2                  3.00   15.54  -12.54 (VIOLATED)
bgc_4.lfsr_row._67_/A2                  3.00   15.54  -12.54 (VIOLATED)
bgc_4.lfsr_row._68_/A2                  3.00   15.54  -12.54 (VIOLATED)
bgc_4.lfsr_row._69_/A2                  3.00   15.54  -12.54 (VIOLATED)
bgc_4.lfsr_row._70_/A2                  3.00   15.54  -12.54 (VIOLATED)
bgc_4.lfsr_row._71_/A2                  3.00   15.54  -12.54 (VIOLATED)
bgc_4.lfsr_row._72_/A2                  3.00   15.54  -12.54 (VIOLATED)
bgc_4.lfsr_row._73_/A2                  3.00   15.54  -12.54 (VIOLATED)
bgc_4.lfsr_row._74_/A2                  3.00   15.54  -12.54 (VIOLATED)
bgc_4.lfsr_row._75_/A2                  3.00   15.54  -12.54 (VIOLATED)
bgc_4.lfsr_row._76_/A2                  3.00   15.54  -12.54 (VIOLATED)
bgc_14.lfsr_row._27_/ZN                 3.00   15.53  -12.53 (VIOLATED)
bgc_14.lfsr_row._28_/A2                 3.00   15.53  -12.53 (VIOLATED)
bgc_14.lfsr_row._66_/A2                 3.00   15.53  -12.53 (VIOLATED)
bgc_14.lfsr_row._67_/A2                 3.00   15.53  -12.53 (VIOLATED)
bgc_14.lfsr_row._68_/A2                 3.00   15.53  -12.53 (VIOLATED)
bgc_14.lfsr_row._69_/A2                 3.00   15.53  -12.53 (VIOLATED)
bgc_14.lfsr_row._70_/A2                 3.00   15.53  -12.53 (VIOLATED)
bgc_14.lfsr_row._71_/A2                 3.00   15.53  -12.53 (VIOLATED)
bgc_14.lfsr_row._72_/A2                 3.00   15.53  -12.53 (VIOLATED)
bgc_14.lfsr_row._73_/A2                 3.00   15.53  -12.53 (VIOLATED)
bgc_14.lfsr_row._74_/A2                 3.00   15.53  -12.53 (VIOLATED)
bgc_14.lfsr_row._75_/A2                 3.00   15.53  -12.53 (VIOLATED)
bgc_14.lfsr_row._76_/A2                 3.00   15.53  -12.53 (VIOLATED)
bgc_3.lfsr_row._27_/ZN                  3.00   15.52  -12.52 (VIOLATED)
bgc_3.lfsr_row._28_/A2                  3.00   15.52  -12.52 (VIOLATED)
bgc_3.lfsr_row._66_/A2                  3.00   15.52  -12.52 (VIOLATED)
bgc_3.lfsr_row._67_/A2                  3.00   15.52  -12.52 (VIOLATED)
bgc_3.lfsr_row._68_/A2                  3.00   15.52  -12.52 (VIOLATED)
bgc_3.lfsr_row._69_/A2                  3.00   15.52  -12.52 (VIOLATED)
bgc_3.lfsr_row._70_/A2                  3.00   15.52  -12.52 (VIOLATED)
bgc_3.lfsr_row._71_/A2                  3.00   15.52  -12.52 (VIOLATED)
bgc_3.lfsr_row._72_/A2                  3.00   15.52  -12.52 (VIOLATED)
bgc_3.lfsr_row._73_/A2                  3.00   15.52  -12.52 (VIOLATED)
bgc_3.lfsr_row._74_/A2                  3.00   15.52  -12.52 (VIOLATED)
bgc_3.lfsr_row._75_/A2                  3.00   15.52  -12.52 (VIOLATED)
bgc_3.lfsr_row._76_/A2                  3.00   15.52  -12.52 (VIOLATED)
bgc_8.lfsr_row._27_/ZN                  3.00   15.51  -12.51 (VIOLATED)
bgc_8.lfsr_row._28_/A2                  3.00   15.51  -12.51 (VIOLATED)
bgc_8.lfsr_row._66_/A2                  3.00   15.51  -12.51 (VIOLATED)
bgc_8.lfsr_row._67_/A2                  3.00   15.51  -12.51 (VIOLATED)
bgc_8.lfsr_row._68_/A2                  3.00   15.51  -12.51 (VIOLATED)
bgc_8.lfsr_row._69_/A2                  3.00   15.51  -12.51 (VIOLATED)
bgc_8.lfsr_row._70_/A2                  3.00   15.51  -12.51 (VIOLATED)
bgc_8.lfsr_row._71_/A2                  3.00   15.51  -12.51 (VIOLATED)
bgc_8.lfsr_row._72_/A2                  3.00   15.51  -12.51 (VIOLATED)
bgc_8.lfsr_row._73_/A2                  3.00   15.51  -12.51 (VIOLATED)
bgc_8.lfsr_row._74_/A2                  3.00   15.51  -12.51 (VIOLATED)
bgc_8.lfsr_row._75_/A2                  3.00   15.51  -12.51 (VIOLATED)
bgc_8.lfsr_row._76_/A2                  3.00   15.51  -12.51 (VIOLATED)
bgc_13.lfsr_col._27_/ZN                 3.00   15.51  -12.51 (VIOLATED)
bgc_13.lfsr_col._28_/A2                 3.00   15.51  -12.51 (VIOLATED)
bgc_13.lfsr_col._66_/A2                 3.00   15.51  -12.51 (VIOLATED)
bgc_13.lfsr_col._67_/A2                 3.00   15.51  -12.51 (VIOLATED)
bgc_13.lfsr_col._68_/A2                 3.00   15.51  -12.51 (VIOLATED)
bgc_13.lfsr_col._69_/A2                 3.00   15.51  -12.51 (VIOLATED)
bgc_13.lfsr_col._70_/A2                 3.00   15.51  -12.51 (VIOLATED)
bgc_13.lfsr_col._71_/A2                 3.00   15.51  -12.51 (VIOLATED)
bgc_13.lfsr_col._72_/A2                 3.00   15.51  -12.51 (VIOLATED)
bgc_13.lfsr_col._73_/A2                 3.00   15.51  -12.51 (VIOLATED)
bgc_13.lfsr_col._74_/A2                 3.00   15.51  -12.51 (VIOLATED)
bgc_13.lfsr_col._75_/A2                 3.00   15.51  -12.51 (VIOLATED)
bgc_13.lfsr_col._76_/A2                 3.00   15.51  -12.51 (VIOLATED)
bgc_9.lfsr_col._27_/ZN                  3.00   15.51  -12.51 (VIOLATED)
bgc_9.lfsr_col._28_/A2                  3.00   15.51  -12.51 (VIOLATED)
bgc_9.lfsr_col._66_/A2                  3.00   15.51  -12.51 (VIOLATED)
bgc_9.lfsr_col._67_/A2                  3.00   15.51  -12.51 (VIOLATED)
bgc_9.lfsr_col._68_/A2                  3.00   15.51  -12.51 (VIOLATED)
bgc_9.lfsr_col._69_/A2                  3.00   15.51  -12.51 (VIOLATED)
bgc_9.lfsr_col._70_/A2                  3.00   15.51  -12.51 (VIOLATED)
bgc_9.lfsr_col._71_/A2                  3.00   15.51  -12.51 (VIOLATED)
bgc_9.lfsr_col._72_/A2                  3.00   15.51  -12.51 (VIOLATED)
bgc_9.lfsr_col._73_/A2                  3.00   15.51  -12.51 (VIOLATED)
bgc_9.lfsr_col._74_/A2                  3.00   15.51  -12.51 (VIOLATED)
bgc_9.lfsr_col._75_/A2                  3.00   15.51  -12.51 (VIOLATED)
bgc_9.lfsr_col._76_/A2                  3.00   15.51  -12.51 (VIOLATED)
bgc_6.lfsr_col._27_/ZN                  3.00   15.50  -12.50 (VIOLATED)
bgc_6.lfsr_col._28_/A2                  3.00   15.50  -12.50 (VIOLATED)
bgc_6.lfsr_col._66_/A2                  3.00   15.50  -12.50 (VIOLATED)
bgc_6.lfsr_col._67_/A2                  3.00   15.50  -12.50 (VIOLATED)
bgc_6.lfsr_col._68_/A2                  3.00   15.50  -12.50 (VIOLATED)
bgc_6.lfsr_col._69_/A2                  3.00   15.50  -12.50 (VIOLATED)
bgc_6.lfsr_col._70_/A2                  3.00   15.50  -12.50 (VIOLATED)
bgc_6.lfsr_col._71_/A2                  3.00   15.50  -12.50 (VIOLATED)
bgc_6.lfsr_col._72_/A2                  3.00   15.50  -12.50 (VIOLATED)
bgc_6.lfsr_col._73_/A2                  3.00   15.50  -12.50 (VIOLATED)
bgc_6.lfsr_col._74_/A2                  3.00   15.50  -12.50 (VIOLATED)
bgc_6.lfsr_col._75_/A2                  3.00   15.50  -12.50 (VIOLATED)
bgc_6.lfsr_col._76_/A2                  3.00   15.50  -12.50 (VIOLATED)
bgc_12.lfsr_row._27_/ZN                 3.00   15.50  -12.50 (VIOLATED)
bgc_12.lfsr_row._28_/A2                 3.00   15.50  -12.50 (VIOLATED)
bgc_12.lfsr_row._66_/A2                 3.00   15.50  -12.50 (VIOLATED)
bgc_12.lfsr_row._67_/A2                 3.00   15.50  -12.50 (VIOLATED)
bgc_12.lfsr_row._68_/A2                 3.00   15.50  -12.50 (VIOLATED)
bgc_12.lfsr_row._69_/A2                 3.00   15.50  -12.50 (VIOLATED)
bgc_12.lfsr_row._70_/A2                 3.00   15.50  -12.50 (VIOLATED)
bgc_12.lfsr_row._71_/A2                 3.00   15.50  -12.50 (VIOLATED)
bgc_12.lfsr_row._72_/A2                 3.00   15.50  -12.50 (VIOLATED)
bgc_12.lfsr_row._73_/A2                 3.00   15.50  -12.50 (VIOLATED)
bgc_12.lfsr_row._74_/A2                 3.00   15.50  -12.50 (VIOLATED)
bgc_12.lfsr_row._75_/A2                 3.00   15.50  -12.50 (VIOLATED)
bgc_12.lfsr_row._76_/A2                 3.00   15.50  -12.50 (VIOLATED)
bgc_1.lfsr_col._27_/ZN                  3.00   15.50  -12.50 (VIOLATED)
bgc_1.lfsr_col._28_/A2                  3.00   15.50  -12.50 (VIOLATED)
bgc_1.lfsr_col._66_/A2                  3.00   15.50  -12.50 (VIOLATED)
bgc_1.lfsr_col._67_/A2                  3.00   15.50  -12.50 (VIOLATED)
bgc_1.lfsr_col._68_/A2                  3.00   15.50  -12.50 (VIOLATED)
bgc_1.lfsr_col._69_/A2                  3.00   15.50  -12.50 (VIOLATED)
bgc_1.lfsr_col._70_/A2                  3.00   15.50  -12.50 (VIOLATED)
bgc_1.lfsr_col._71_/A2                  3.00   15.50  -12.50 (VIOLATED)
bgc_1.lfsr_col._72_/A2                  3.00   15.50  -12.50 (VIOLATED)
bgc_1.lfsr_col._73_/A2                  3.00   15.50  -12.50 (VIOLATED)
bgc_1.lfsr_col._74_/A2                  3.00   15.50  -12.50 (VIOLATED)
bgc_1.lfsr_col._75_/A2                  3.00   15.50  -12.50 (VIOLATED)
bgc_1.lfsr_col._76_/A2                  3.00   15.50  -12.50 (VIOLATED)
bgc_0.lfsr_col._27_/ZN                  3.00   15.50  -12.50 (VIOLATED)
bgc_0.lfsr_col._28_/A2                  3.00   15.50  -12.50 (VIOLATED)
bgc_0.lfsr_col._66_/A2                  3.00   15.50  -12.50 (VIOLATED)
bgc_0.lfsr_col._67_/A2                  3.00   15.50  -12.50 (VIOLATED)
bgc_0.lfsr_col._68_/A2                  3.00   15.50  -12.50 (VIOLATED)
bgc_0.lfsr_col._69_/A2                  3.00   15.50  -12.50 (VIOLATED)
bgc_0.lfsr_col._70_/A2                  3.00   15.50  -12.50 (VIOLATED)
bgc_0.lfsr_col._71_/A2                  3.00   15.50  -12.50 (VIOLATED)
bgc_0.lfsr_col._72_/A2                  3.00   15.50  -12.50 (VIOLATED)
bgc_0.lfsr_col._73_/A2                  3.00   15.50  -12.50 (VIOLATED)
bgc_0.lfsr_col._74_/A2                  3.00   15.50  -12.50 (VIOLATED)
bgc_0.lfsr_col._75_/A2                  3.00   15.50  -12.50 (VIOLATED)
bgc_0.lfsr_col._76_/A2                  3.00   15.50  -12.50 (VIOLATED)
bgc_13.lfsr_row._27_/ZN                 3.00   15.49  -12.49 (VIOLATED)
bgc_13.lfsr_row._28_/A2                 3.00   15.49  -12.49 (VIOLATED)
bgc_13.lfsr_row._66_/A2                 3.00   15.49  -12.49 (VIOLATED)
bgc_13.lfsr_row._67_/A2                 3.00   15.49  -12.49 (VIOLATED)
bgc_13.lfsr_row._68_/A2                 3.00   15.49  -12.49 (VIOLATED)
bgc_13.lfsr_row._69_/A2                 3.00   15.49  -12.49 (VIOLATED)
bgc_13.lfsr_row._70_/A2                 3.00   15.49  -12.49 (VIOLATED)
bgc_13.lfsr_row._71_/A2                 3.00   15.49  -12.49 (VIOLATED)
bgc_13.lfsr_row._72_/A2                 3.00   15.49  -12.49 (VIOLATED)
bgc_13.lfsr_row._73_/A2                 3.00   15.49  -12.49 (VIOLATED)
bgc_13.lfsr_row._74_/A2                 3.00   15.49  -12.49 (VIOLATED)
bgc_13.lfsr_row._75_/A2                 3.00   15.49  -12.49 (VIOLATED)
bgc_13.lfsr_row._76_/A2                 3.00   15.49  -12.49 (VIOLATED)
bgc_6.lfsr_row._27_/ZN                  3.00   15.49  -12.49 (VIOLATED)
bgc_6.lfsr_row._28_/A2                  3.00   15.49  -12.49 (VIOLATED)
bgc_6.lfsr_row._66_/A2                  3.00   15.49  -12.49 (VIOLATED)
bgc_6.lfsr_row._67_/A2                  3.00   15.49  -12.49 (VIOLATED)
bgc_6.lfsr_row._68_/A2                  3.00   15.49  -12.49 (VIOLATED)
bgc_6.lfsr_row._69_/A2                  3.00   15.49  -12.49 (VIOLATED)
bgc_6.lfsr_row._70_/A2                  3.00   15.49  -12.49 (VIOLATED)
bgc_6.lfsr_row._71_/A2                  3.00   15.49  -12.49 (VIOLATED)
bgc_6.lfsr_row._72_/A2                  3.00   15.49  -12.49 (VIOLATED)
bgc_6.lfsr_row._73_/A2                  3.00   15.49  -12.49 (VIOLATED)
bgc_6.lfsr_row._74_/A2                  3.00   15.49  -12.49 (VIOLATED)
bgc_6.lfsr_row._75_/A2                  3.00   15.49  -12.49 (VIOLATED)
bgc_6.lfsr_row._76_/A2                  3.00   15.49  -12.49 (VIOLATED)
bgc_5.lfsr_row._27_/ZN                  3.00   15.49  -12.49 (VIOLATED)
bgc_5.lfsr_row._28_/A2                  3.00   15.49  -12.49 (VIOLATED)
bgc_5.lfsr_row._66_/A2                  3.00   15.49  -12.49 (VIOLATED)
bgc_5.lfsr_row._67_/A2                  3.00   15.49  -12.49 (VIOLATED)
bgc_5.lfsr_row._68_/A2                  3.00   15.49  -12.49 (VIOLATED)
bgc_5.lfsr_row._69_/A2                  3.00   15.49  -12.49 (VIOLATED)
bgc_5.lfsr_row._70_/A2                  3.00   15.49  -12.49 (VIOLATED)
bgc_5.lfsr_row._71_/A2                  3.00   15.49  -12.49 (VIOLATED)
bgc_5.lfsr_row._72_/A2                  3.00   15.49  -12.49 (VIOLATED)
bgc_5.lfsr_row._73_/A2                  3.00   15.49  -12.49 (VIOLATED)
bgc_5.lfsr_row._74_/A2                  3.00   15.49  -12.49 (VIOLATED)
bgc_5.lfsr_row._75_/A2                  3.00   15.49  -12.49 (VIOLATED)
bgc_5.lfsr_row._76_/A2                  3.00   15.49  -12.49 (VIOLATED)
bgc_14.lfsr_col._27_/ZN                 3.00   15.48  -12.48 (VIOLATED)
bgc_14.lfsr_col._28_/A2                 3.00   15.48  -12.48 (VIOLATED)
bgc_14.lfsr_col._66_/A2                 3.00   15.48  -12.48 (VIOLATED)
bgc_14.lfsr_col._67_/A2                 3.00   15.48  -12.48 (VIOLATED)
bgc_14.lfsr_col._68_/A2                 3.00   15.48  -12.48 (VIOLATED)
bgc_14.lfsr_col._69_/A2                 3.00   15.48  -12.48 (VIOLATED)
bgc_14.lfsr_col._70_/A2                 3.00   15.48  -12.48 (VIOLATED)
bgc_14.lfsr_col._71_/A2                 3.00   15.48  -12.48 (VIOLATED)
bgc_14.lfsr_col._72_/A2                 3.00   15.48  -12.48 (VIOLATED)
bgc_14.lfsr_col._73_/A2                 3.00   15.48  -12.48 (VIOLATED)
bgc_14.lfsr_col._74_/A2                 3.00   15.48  -12.48 (VIOLATED)
bgc_14.lfsr_col._75_/A2                 3.00   15.48  -12.48 (VIOLATED)
bgc_14.lfsr_col._76_/A2                 3.00   15.48  -12.48 (VIOLATED)
bgc_12.lfsr_col._27_/ZN                 3.00   15.48  -12.48 (VIOLATED)
bgc_12.lfsr_col._28_/A2                 3.00   15.48  -12.48 (VIOLATED)
bgc_12.lfsr_col._66_/A2                 3.00   15.48  -12.48 (VIOLATED)
bgc_12.lfsr_col._67_/A2                 3.00   15.48  -12.48 (VIOLATED)
bgc_12.lfsr_col._68_/A2                 3.00   15.48  -12.48 (VIOLATED)
bgc_12.lfsr_col._69_/A2                 3.00   15.48  -12.48 (VIOLATED)
bgc_12.lfsr_col._70_/A2                 3.00   15.48  -12.48 (VIOLATED)
bgc_12.lfsr_col._71_/A2                 3.00   15.48  -12.48 (VIOLATED)
bgc_12.lfsr_col._72_/A2                 3.00   15.48  -12.48 (VIOLATED)
bgc_12.lfsr_col._73_/A2                 3.00   15.48  -12.48 (VIOLATED)
bgc_12.lfsr_col._74_/A2                 3.00   15.48  -12.48 (VIOLATED)
bgc_12.lfsr_col._75_/A2                 3.00   15.48  -12.48 (VIOLATED)
bgc_12.lfsr_col._76_/A2                 3.00   15.48  -12.48 (VIOLATED)
bgc_9.lfsr_row._27_/ZN                  3.00   15.47  -12.47 (VIOLATED)
bgc_9.lfsr_row._28_/A2                  3.00   15.47  -12.47 (VIOLATED)
bgc_9.lfsr_row._66_/A2                  3.00   15.47  -12.47 (VIOLATED)
bgc_9.lfsr_row._67_/A2                  3.00   15.47  -12.47 (VIOLATED)
bgc_9.lfsr_row._68_/A2                  3.00   15.47  -12.47 (VIOLATED)
bgc_9.lfsr_row._69_/A2                  3.00   15.47  -12.47 (VIOLATED)
bgc_9.lfsr_row._70_/A2                  3.00   15.47  -12.47 (VIOLATED)
bgc_9.lfsr_row._71_/A2                  3.00   15.47  -12.47 (VIOLATED)
bgc_9.lfsr_row._72_/A2                  3.00   15.47  -12.47 (VIOLATED)
bgc_9.lfsr_row._73_/A2                  3.00   15.47  -12.47 (VIOLATED)
bgc_9.lfsr_row._74_/A2                  3.00   15.47  -12.47 (VIOLATED)
bgc_9.lfsr_row._75_/A2                  3.00   15.47  -12.47 (VIOLATED)
bgc_9.lfsr_row._76_/A2                  3.00   15.47  -12.47 (VIOLATED)
bgc_5.lfsr_col._27_/ZN                  3.00   15.46  -12.46 (VIOLATED)
bgc_5.lfsr_col._28_/A2                  3.00   15.46  -12.46 (VIOLATED)
bgc_5.lfsr_col._66_/A2                  3.00   15.46  -12.46 (VIOLATED)
bgc_5.lfsr_col._67_/A2                  3.00   15.46  -12.46 (VIOLATED)
bgc_5.lfsr_col._68_/A2                  3.00   15.46  -12.46 (VIOLATED)
bgc_5.lfsr_col._69_/A2                  3.00   15.46  -12.46 (VIOLATED)
bgc_5.lfsr_col._70_/A2                  3.00   15.46  -12.46 (VIOLATED)
bgc_5.lfsr_col._71_/A2                  3.00   15.46  -12.46 (VIOLATED)
bgc_5.lfsr_col._72_/A2                  3.00   15.46  -12.46 (VIOLATED)
bgc_5.lfsr_col._73_/A2                  3.00   15.46  -12.46 (VIOLATED)
bgc_5.lfsr_col._74_/A2                  3.00   15.46  -12.46 (VIOLATED)
bgc_5.lfsr_col._75_/A2                  3.00   15.46  -12.46 (VIOLATED)
bgc_5.lfsr_col._76_/A2                  3.00   15.46  -12.46 (VIOLATED)
bgc_10.lfsr_col._27_/ZN                 3.00   15.46  -12.46 (VIOLATED)
bgc_10.lfsr_col._28_/A2                 3.00   15.46  -12.46 (VIOLATED)
bgc_10.lfsr_col._66_/A2                 3.00   15.46  -12.46 (VIOLATED)
bgc_10.lfsr_col._67_/A2                 3.00   15.46  -12.46 (VIOLATED)
bgc_10.lfsr_col._68_/A2                 3.00   15.46  -12.46 (VIOLATED)
bgc_10.lfsr_col._69_/A2                 3.00   15.46  -12.46 (VIOLATED)
bgc_10.lfsr_col._70_/A2                 3.00   15.46  -12.46 (VIOLATED)
bgc_10.lfsr_col._71_/A2                 3.00   15.46  -12.46 (VIOLATED)
bgc_10.lfsr_col._72_/A2                 3.00   15.46  -12.46 (VIOLATED)
bgc_10.lfsr_col._73_/A2                 3.00   15.46  -12.46 (VIOLATED)
bgc_10.lfsr_col._74_/A2                 3.00   15.46  -12.46 (VIOLATED)
bgc_10.lfsr_col._75_/A2                 3.00   15.46  -12.46 (VIOLATED)
bgc_10.lfsr_col._76_/A2                 3.00   15.46  -12.46 (VIOLATED)
bgc_4.lfsr_col._27_/ZN                  3.00   15.45  -12.45 (VIOLATED)
bgc_4.lfsr_col._28_/A2                  3.00   15.45  -12.45 (VIOLATED)
bgc_4.lfsr_col._66_/A2                  3.00   15.45  -12.45 (VIOLATED)
bgc_4.lfsr_col._67_/A2                  3.00   15.45  -12.45 (VIOLATED)
bgc_4.lfsr_col._68_/A2                  3.00   15.45  -12.45 (VIOLATED)
bgc_4.lfsr_col._69_/A2                  3.00   15.45  -12.45 (VIOLATED)
bgc_4.lfsr_col._70_/A2                  3.00   15.45  -12.45 (VIOLATED)
bgc_4.lfsr_col._71_/A2                  3.00   15.45  -12.45 (VIOLATED)
bgc_4.lfsr_col._72_/A2                  3.00   15.45  -12.45 (VIOLATED)
bgc_4.lfsr_col._73_/A2                  3.00   15.45  -12.45 (VIOLATED)
bgc_4.lfsr_col._74_/A2                  3.00   15.45  -12.45 (VIOLATED)
bgc_4.lfsr_col._75_/A2                  3.00   15.45  -12.45 (VIOLATED)
bgc_4.lfsr_col._76_/A2                  3.00   15.45  -12.45 (VIOLATED)
bgc_10.lfsr_row._27_/ZN                 3.00   15.41  -12.41 (VIOLATED)
bgc_10.lfsr_row._28_/A2                 3.00   15.41  -12.41 (VIOLATED)
bgc_10.lfsr_row._66_/A2                 3.00   15.41  -12.41 (VIOLATED)
bgc_10.lfsr_row._67_/A2                 3.00   15.41  -12.41 (VIOLATED)
bgc_10.lfsr_row._68_/A2                 3.00   15.41  -12.41 (VIOLATED)
bgc_10.lfsr_row._69_/A2                 3.00   15.41  -12.41 (VIOLATED)
bgc_10.lfsr_row._70_/A2                 3.00   15.41  -12.41 (VIOLATED)
bgc_10.lfsr_row._71_/A2                 3.00   15.41  -12.41 (VIOLATED)
bgc_10.lfsr_row._72_/A2                 3.00   15.41  -12.41 (VIOLATED)
bgc_10.lfsr_row._73_/A2                 3.00   15.41  -12.41 (VIOLATED)
bgc_10.lfsr_row._74_/A2                 3.00   15.41  -12.41 (VIOLATED)
bgc_10.lfsr_row._75_/A2                 3.00   15.41  -12.41 (VIOLATED)
bgc_10.lfsr_row._76_/A2                 3.00   15.41  -12.41 (VIOLATED)
lfsr_enabler._26_/ZN                    3.00   13.37  -10.37 (VIOLATED)
lfsr_enabler._33_/A1                    3.00   13.37  -10.37 (VIOLATED)
lfsr_enabler._34_/B                     3.00   13.37  -10.37 (VIOLATED)
lfsr_enabler._36_/A3                    3.00   13.37  -10.37 (VIOLATED)
lfsr_enabler._38_/A1                    3.00   13.37  -10.37 (VIOLATED)
lfsr_enabler._39_/A2                    3.00   13.37  -10.37 (VIOLATED)
lfsr_enabler._40_/B2                    3.00   13.37  -10.37 (VIOLATED)
lfsr_enabler._45_/A1                    3.00   13.37  -10.37 (VIOLATED)
lfsr_enabler._28_/ZN                    3.00   11.96   -8.96 (VIOLATED)
lfsr_enabler._35_/A1                    3.00   11.96   -8.96 (VIOLATED)
lfsr_enabler._37_/A2                    3.00   11.96   -8.96 (VIOLATED)
lfsr_enabler._40_/A2                    3.00   11.96   -8.96 (VIOLATED)
lfsr_enabler._42_/A2                    3.00   11.96   -8.96 (VIOLATED)
lfsr_enabler._46_/A2                    3.00   11.96   -8.96 (VIOLATED)
bgc_5.final_counter._29_/ZN             3.00   10.69   -7.69 (VIOLATED)
bgc_5.final_counter._56_/A1             3.00   10.69   -7.69 (VIOLATED)
bgc_5.final_counter._65_/A1             3.00   10.69   -7.69 (VIOLATED)
bgc_5.final_counter._68_/B              3.00   10.69   -7.69 (VIOLATED)
bgc_3.final_counter._29_/ZN             3.00   10.53   -7.53 (VIOLATED)
bgc_3.final_counter._56_/A1             3.00   10.53   -7.53 (VIOLATED)
bgc_3.final_counter._65_/A1             3.00   10.53   -7.53 (VIOLATED)
bgc_3.final_counter._68_/B              3.00   10.53   -7.53 (VIOLATED)
bgc_10.final_counter._29_/ZN            3.00   10.49   -7.49 (VIOLATED)
bgc_10.final_counter._56_/A1            3.00   10.49   -7.49 (VIOLATED)
bgc_10.final_counter._65_/A1            3.00   10.49   -7.49 (VIOLATED)
bgc_10.final_counter._68_/B             3.00   10.49   -7.49 (VIOLATED)
bgc_2.final_counter._29_/ZN             3.00   10.46   -7.46 (VIOLATED)
bgc_2.final_counter._56_/A1             3.00   10.46   -7.46 (VIOLATED)
bgc_2.final_counter._65_/A1             3.00   10.46   -7.46 (VIOLATED)
bgc_2.final_counter._68_/B              3.00   10.46   -7.46 (VIOLATED)
bgc_0.final_counter._29_/ZN             3.00   10.45   -7.45 (VIOLATED)
bgc_0.final_counter._56_/A1             3.00   10.45   -7.45 (VIOLATED)
bgc_0.final_counter._65_/A1             3.00   10.45   -7.45 (VIOLATED)
bgc_0.final_counter._68_/B              3.00   10.45   -7.45 (VIOLATED)
bgc_9.final_counter._29_/ZN             3.00   10.31   -7.31 (VIOLATED)
bgc_9.final_counter._56_/A1             3.00   10.31   -7.31 (VIOLATED)
bgc_9.final_counter._65_/A1             3.00   10.31   -7.31 (VIOLATED)
bgc_9.final_counter._68_/B              3.00   10.31   -7.31 (VIOLATED)
bgc_15.final_counter._29_/ZN            3.00   10.25   -7.25 (VIOLATED)
bgc_15.final_counter._56_/A1            3.00   10.25   -7.25 (VIOLATED)
bgc_15.final_counter._65_/A1            3.00   10.25   -7.25 (VIOLATED)
bgc_15.final_counter._68_/B             3.00   10.25   -7.25 (VIOLATED)
bgc_7.final_counter._29_/ZN             3.00   10.18   -7.18 (VIOLATED)
bgc_7.final_counter._56_/A1             3.00   10.18   -7.18 (VIOLATED)
bgc_7.final_counter._65_/A1             3.00   10.18   -7.18 (VIOLATED)
bgc_7.final_counter._68_/B              3.00   10.18   -7.18 (VIOLATED)
bgc_6.final_counter._29_/ZN             3.00   10.09   -7.09 (VIOLATED)
bgc_6.final_counter._56_/A1             3.00   10.09   -7.09 (VIOLATED)
bgc_6.final_counter._65_/A1             3.00   10.09   -7.09 (VIOLATED)
bgc_6.final_counter._68_/B              3.00   10.09   -7.09 (VIOLATED)
bgc_8.final_counter._29_/ZN             3.00   10.09   -7.09 (VIOLATED)
bgc_8.final_counter._56_/A1             3.00   10.09   -7.09 (VIOLATED)
bgc_8.final_counter._65_/A1             3.00   10.09   -7.09 (VIOLATED)
bgc_8.final_counter._68_/B              3.00   10.09   -7.09 (VIOLATED)
bgc_1.final_counter._29_/ZN             3.00   10.06   -7.06 (VIOLATED)
bgc_1.final_counter._56_/A1             3.00   10.06   -7.06 (VIOLATED)
bgc_1.final_counter._65_/A1             3.00   10.06   -7.06 (VIOLATED)
bgc_1.final_counter._68_/B              3.00   10.06   -7.06 (VIOLATED)
bgc_12.final_counter._29_/ZN            3.00   10.05   -7.05 (VIOLATED)
bgc_12.final_counter._56_/A1            3.00   10.05   -7.05 (VIOLATED)
bgc_12.final_counter._65_/A1            3.00   10.05   -7.05 (VIOLATED)
bgc_12.final_counter._68_/B             3.00   10.05   -7.05 (VIOLATED)
bgc_4.final_counter._29_/ZN             3.00   10.03   -7.03 (VIOLATED)
bgc_4.final_counter._56_/A1             3.00   10.03   -7.03 (VIOLATED)
bgc_4.final_counter._65_/A1             3.00   10.03   -7.03 (VIOLATED)
bgc_4.final_counter._68_/B              3.00   10.03   -7.03 (VIOLATED)
bgc_11.final_counter._29_/ZN            3.00   10.00   -7.00 (VIOLATED)
bgc_11.final_counter._56_/A1            3.00   10.00   -7.00 (VIOLATED)
bgc_11.final_counter._65_/A1            3.00   10.00   -7.00 (VIOLATED)
bgc_11.final_counter._68_/B             3.00   10.00   -7.00 (VIOLATED)
bgc_14.final_counter._29_/ZN            3.00    9.96   -6.96 (VIOLATED)
bgc_14.final_counter._56_/A1            3.00    9.96   -6.96 (VIOLATED)
bgc_14.final_counter._65_/A1            3.00    9.96   -6.96 (VIOLATED)
bgc_14.final_counter._68_/B             3.00    9.96   -6.96 (VIOLATED)
bgc_13.final_counter._29_/ZN            3.00    9.95   -6.95 (VIOLATED)
bgc_13.final_counter._56_/A1            3.00    9.95   -6.95 (VIOLATED)
bgc_13.final_counter._65_/A1            3.00    9.95   -6.95 (VIOLATED)
bgc_13.final_counter._68_/B             3.00    9.95   -6.95 (VIOLATED)
bgc_0.final_counter._50_/ZN             3.00    9.40   -6.40 (VIOLATED)
bgc_0.final_counter._51_/A2             3.00    9.40   -6.40 (VIOLATED)
bgc_11.final_counter._50_/ZN            3.00    9.40   -6.40 (VIOLATED)
bgc_11.final_counter._51_/A2            3.00    9.40   -6.40 (VIOLATED)
bgc_12.final_counter._50_/ZN            3.00    9.40   -6.40 (VIOLATED)
bgc_12.final_counter._51_/A2            3.00    9.40   -6.40 (VIOLATED)
bgc_3.final_counter._59_/ZN             3.00    9.39   -6.39 (VIOLATED)
bgc_3.final_counter._60_/A2             3.00    9.39   -6.39 (VIOLATED)
bgc_4.final_counter._50_/ZN             3.00    9.38   -6.38 (VIOLATED)
bgc_4.final_counter._51_/A2             3.00    9.38   -6.38 (VIOLATED)
bgc_6.final_counter._50_/ZN             3.00    9.37   -6.37 (VIOLATED)
bgc_6.final_counter._51_/A2             3.00    9.37   -6.37 (VIOLATED)
bgc_7.final_counter._50_/ZN             3.00    9.37   -6.37 (VIOLATED)
bgc_7.final_counter._51_/A2             3.00    9.37   -6.37 (VIOLATED)
bgc_9.final_counter._50_/ZN             3.00    9.36   -6.36 (VIOLATED)
bgc_9.final_counter._51_/A2             3.00    9.36   -6.36 (VIOLATED)
bgc_10.final_counter._50_/ZN            3.00    9.36   -6.36 (VIOLATED)
bgc_10.final_counter._51_/A2            3.00    9.36   -6.36 (VIOLATED)
bgc_9.final_counter._59_/ZN             3.00    9.36   -6.36 (VIOLATED)
bgc_9.final_counter._60_/A2             3.00    9.36   -6.36 (VIOLATED)
bgc_7.final_counter._59_/ZN             3.00    9.34   -6.34 (VIOLATED)
bgc_7.final_counter._60_/A2             3.00    9.34   -6.34 (VIOLATED)
bgc_3.final_counter._50_/ZN             3.00    9.33   -6.33 (VIOLATED)
bgc_3.final_counter._51_/A2             3.00    9.33   -6.33 (VIOLATED)
bgc_15.final_counter._59_/ZN            3.00    9.33   -6.33 (VIOLATED)
bgc_15.final_counter._60_/A2            3.00    9.33   -6.33 (VIOLATED)
bgc_1.final_counter._50_/ZN             3.00    9.32   -6.32 (VIOLATED)
bgc_1.final_counter._51_/A2             3.00    9.32   -6.32 (VIOLATED)
bgc_0.final_counter._59_/ZN             3.00    9.31   -6.31 (VIOLATED)
bgc_0.final_counter._60_/A2             3.00    9.31   -6.31 (VIOLATED)
bgc_2.final_counter._59_/ZN             3.00    9.31   -6.31 (VIOLATED)
bgc_2.final_counter._60_/A2             3.00    9.31   -6.31 (VIOLATED)
bgc_0.final_counter._47_/ZN             3.00    9.30   -6.30 (VIOLATED)
bgc_0.final_counter._48_/A2             3.00    9.30   -6.30 (VIOLATED)
bgc_1.final_counter._59_/ZN             3.00    9.30   -6.30 (VIOLATED)
bgc_1.final_counter._60_/A2             3.00    9.30   -6.30 (VIOLATED)
bgc_1.final_counter._47_/ZN             3.00    9.30   -6.30 (VIOLATED)
bgc_1.final_counter._48_/A2             3.00    9.30   -6.30 (VIOLATED)
bgc_13.final_counter._50_/ZN            3.00    9.29   -6.29 (VIOLATED)
bgc_13.final_counter._51_/A2            3.00    9.29   -6.29 (VIOLATED)
bgc_5.final_counter._59_/ZN             3.00    9.29   -6.29 (VIOLATED)
bgc_5.final_counter._60_/A2             3.00    9.29   -6.29 (VIOLATED)
bgc_3.final_counter._47_/ZN             3.00    9.29   -6.29 (VIOLATED)
bgc_3.final_counter._48_/A2             3.00    9.29   -6.29 (VIOLATED)
bgc_14.final_counter._50_/ZN            3.00    9.29   -6.29 (VIOLATED)
bgc_14.final_counter._51_/A2            3.00    9.29   -6.29 (VIOLATED)
bgc_14.final_counter._44_/ZN            3.00    9.29   -6.29 (VIOLATED)
bgc_14.final_counter._45_/A2            3.00    9.29   -6.29 (VIOLATED)
bgc_2.final_counter._50_/ZN             3.00    9.28   -6.28 (VIOLATED)
bgc_2.final_counter._51_/A2             3.00    9.28   -6.28 (VIOLATED)
bgc_7.final_counter._47_/ZN             3.00    9.28   -6.28 (VIOLATED)
bgc_7.final_counter._48_/A2             3.00    9.28   -6.28 (VIOLATED)
bgc_12.final_counter._59_/ZN            3.00    9.28   -6.28 (VIOLATED)
bgc_12.final_counter._60_/A2            3.00    9.28   -6.28 (VIOLATED)
bgc_8.final_counter._50_/ZN             3.00    9.27   -6.27 (VIOLATED)
bgc_8.final_counter._51_/A2             3.00    9.27   -6.27 (VIOLATED)
bgc_6.final_counter._47_/ZN             3.00    9.27   -6.27 (VIOLATED)
bgc_6.final_counter._48_/A2             3.00    9.27   -6.27 (VIOLATED)
bgc_10.final_counter._59_/ZN            3.00    9.27   -6.27 (VIOLATED)
bgc_10.final_counter._60_/A2            3.00    9.27   -6.27 (VIOLATED)
bgc_8.final_counter._47_/ZN             3.00    9.26   -6.26 (VIOLATED)
bgc_8.final_counter._48_/A2             3.00    9.26   -6.26 (VIOLATED)
bgc_10.final_counter._47_/ZN            3.00    9.26   -6.26 (VIOLATED)
bgc_10.final_counter._48_/A2            3.00    9.26   -6.26 (VIOLATED)
bgc_12.final_counter._47_/ZN            3.00    9.26   -6.26 (VIOLATED)
bgc_12.final_counter._48_/A2            3.00    9.26   -6.26 (VIOLATED)
bgc_13.final_counter._47_/ZN            3.00    9.26   -6.26 (VIOLATED)
bgc_13.final_counter._48_/A2            3.00    9.26   -6.26 (VIOLATED)
bgc_11.final_counter._59_/ZN            3.00    9.25   -6.25 (VIOLATED)
bgc_11.final_counter._60_/A2            3.00    9.25   -6.25 (VIOLATED)
bgc_6.final_counter._59_/ZN             3.00    9.25   -6.25 (VIOLATED)
bgc_6.final_counter._60_/A2             3.00    9.25   -6.25 (VIOLATED)
bgc_7.final_counter._44_/ZN             3.00    9.25   -6.25 (VIOLATED)
bgc_7.final_counter._45_/A2             3.00    9.25   -6.25 (VIOLATED)
bgc_4.final_counter._47_/ZN             3.00    9.25   -6.25 (VIOLATED)
bgc_4.final_counter._48_/A2             3.00    9.25   -6.25 (VIOLATED)
bgc_11.final_counter._47_/ZN            3.00    9.25   -6.25 (VIOLATED)
bgc_11.final_counter._48_/A2            3.00    9.25   -6.25 (VIOLATED)
bgc_15.final_counter._50_/ZN            3.00    9.25   -6.25 (VIOLATED)
bgc_15.final_counter._51_/A2            3.00    9.25   -6.25 (VIOLATED)
bgc_5.final_counter._50_/ZN             3.00    9.25   -6.25 (VIOLATED)
bgc_5.final_counter._51_/A2             3.00    9.25   -6.25 (VIOLATED)
bgc_14.final_counter._47_/ZN            3.00    9.24   -6.24 (VIOLATED)
bgc_14.final_counter._48_/A2            3.00    9.24   -6.24 (VIOLATED)
bgc_8.final_counter._59_/ZN             3.00    9.24   -6.24 (VIOLATED)
bgc_8.final_counter._60_/A2             3.00    9.24   -6.24 (VIOLATED)
bgc_13.final_counter._59_/ZN            3.00    9.24   -6.24 (VIOLATED)
bgc_13.final_counter._60_/A2            3.00    9.24   -6.24 (VIOLATED)
bgc_15.final_counter._47_/ZN            3.00    9.24   -6.24 (VIOLATED)
bgc_15.final_counter._48_/A2            3.00    9.24   -6.24 (VIOLATED)
bgc_9.final_counter._47_/ZN             3.00    9.24   -6.24 (VIOLATED)
bgc_9.final_counter._48_/A2             3.00    9.24   -6.24 (VIOLATED)
bgc_4.final_counter._59_/ZN             3.00    9.23   -6.23 (VIOLATED)
bgc_4.final_counter._60_/A2             3.00    9.23   -6.23 (VIOLATED)
bgc_0.final_counter._44_/ZN             3.00    9.23   -6.23 (VIOLATED)
bgc_0.final_counter._45_/A2             3.00    9.23   -6.23 (VIOLATED)
bgc_5.final_counter._47_/ZN             3.00    9.23   -6.23 (VIOLATED)
bgc_5.final_counter._48_/A2             3.00    9.23   -6.23 (VIOLATED)
bgc_2.final_counter._47_/ZN             3.00    9.23   -6.23 (VIOLATED)
bgc_2.final_counter._48_/A2             3.00    9.23   -6.23 (VIOLATED)
bgc_8.final_counter._44_/ZN             3.00    9.23   -6.23 (VIOLATED)
bgc_8.final_counter._45_/A2             3.00    9.23   -6.23 (VIOLATED)
bgc_12.final_counter._44_/ZN            3.00    9.23   -6.23 (VIOLATED)
bgc_12.final_counter._45_/A2            3.00    9.23   -6.23 (VIOLATED)
bgc_3.final_counter._44_/ZN             3.00    9.22   -6.22 (VIOLATED)
bgc_3.final_counter._45_/A2             3.00    9.22   -6.22 (VIOLATED)
bgc_14.final_counter._59_/ZN            3.00    9.22   -6.22 (VIOLATED)
bgc_14.final_counter._60_/A2            3.00    9.22   -6.22 (VIOLATED)
bgc_1.final_counter._44_/ZN             3.00    9.22   -6.22 (VIOLATED)
bgc_1.final_counter._45_/A2             3.00    9.22   -6.22 (VIOLATED)
bgc_10.final_counter._44_/ZN            3.00    9.22   -6.22 (VIOLATED)
bgc_10.final_counter._45_/A2            3.00    9.22   -6.22 (VIOLATED)
bgc_6.final_counter._44_/ZN             3.00    9.22   -6.22 (VIOLATED)
bgc_6.final_counter._45_/A2             3.00    9.22   -6.22 (VIOLATED)
bgc_13.final_counter._44_/ZN            3.00    9.22   -6.22 (VIOLATED)
bgc_13.final_counter._45_/A2            3.00    9.22   -6.22 (VIOLATED)
bgc_2.final_counter._44_/ZN             3.00    9.22   -6.22 (VIOLATED)
bgc_2.final_counter._45_/A2             3.00    9.22   -6.22 (VIOLATED)
bgc_9.final_counter._44_/ZN             3.00    9.21   -6.21 (VIOLATED)
bgc_9.final_counter._45_/A2             3.00    9.21   -6.21 (VIOLATED)
bgc_11.final_counter._44_/ZN            3.00    9.21   -6.21 (VIOLATED)
bgc_11.final_counter._45_/A2            3.00    9.21   -6.21 (VIOLATED)
bgc_15.final_counter._44_/ZN            3.00    9.21   -6.21 (VIOLATED)
bgc_15.final_counter._45_/A2            3.00    9.21   -6.21 (VIOLATED)
bgc_5.final_counter._44_/ZN             3.00    9.21   -6.21 (VIOLATED)
bgc_5.final_counter._45_/A2             3.00    9.21   -6.21 (VIOLATED)
bgc_4.final_counter._44_/ZN             3.00    9.21   -6.21 (VIOLATED)
bgc_4.final_counter._45_/A2             3.00    9.21   -6.21 (VIOLATED)
bgc_11.final_counter._61_/ZN            3.00    9.19   -6.19 (VIOLATED)
bgc_11.final_counter._62_/B             3.00    9.19   -6.19 (VIOLATED)
bgc_4.final_counter._61_/ZN             3.00    9.19   -6.19 (VIOLATED)
bgc_4.final_counter._62_/B              3.00    9.19   -6.19 (VIOLATED)
bgc_3.final_counter._33_/ZN             3.00    9.19   -6.19 (VIOLATED)
bgc_3.final_counter._34_/B              3.00    9.19   -6.19 (VIOLATED)
bgc_13.final_counter._61_/ZN            3.00    9.19   -6.19 (VIOLATED)
bgc_13.final_counter._62_/B             3.00    9.19   -6.19 (VIOLATED)
bgc_8.final_counter._61_/ZN             3.00    9.18   -6.18 (VIOLATED)
bgc_8.final_counter._62_/B              3.00    9.18   -6.18 (VIOLATED)
bgc_0.final_counter._52_/ZN             3.00    9.18   -6.18 (VIOLATED)
bgc_0.final_counter._53_/B              3.00    9.18   -6.18 (VIOLATED)
bgc_10.final_counter._33_/ZN            3.00    9.18   -6.18 (VIOLATED)
bgc_10.final_counter._34_/B             3.00    9.18   -6.18 (VIOLATED)
bgc_5.final_counter._52_/ZN             3.00    9.18   -6.18 (VIOLATED)
bgc_5.final_counter._53_/B              3.00    9.18   -6.18 (VIOLATED)
bgc_7.final_counter._61_/ZN             3.00    9.18   -6.18 (VIOLATED)
bgc_7.final_counter._62_/B              3.00    9.18   -6.18 (VIOLATED)
bgc_0.final_counter._33_/ZN             3.00    9.18   -6.18 (VIOLATED)
bgc_0.final_counter._34_/B              3.00    9.18   -6.18 (VIOLATED)
bgc_6.final_counter._33_/ZN             3.00    9.18   -6.18 (VIOLATED)
bgc_6.final_counter._34_/B              3.00    9.18   -6.18 (VIOLATED)
bgc_14.final_counter._61_/ZN            3.00    9.18   -6.18 (VIOLATED)
bgc_14.final_counter._62_/B             3.00    9.18   -6.18 (VIOLATED)
bgc_6.final_counter._61_/ZN             3.00    9.18   -6.18 (VIOLATED)
bgc_6.final_counter._62_/B              3.00    9.18   -6.18 (VIOLATED)
bgc_13.final_counter._52_/ZN            3.00    9.18   -6.18 (VIOLATED)
bgc_13.final_counter._53_/B             3.00    9.18   -6.18 (VIOLATED)
bgc_9.final_counter._33_/ZN             3.00    9.18   -6.18 (VIOLATED)
bgc_9.final_counter._34_/B              3.00    9.18   -6.18 (VIOLATED)
bgc_1.final_counter._33_/ZN             3.00    9.17   -6.17 (VIOLATED)
bgc_1.final_counter._34_/B              3.00    9.17   -6.17 (VIOLATED)
bgc_13.final_counter._33_/ZN            3.00    9.17   -6.17 (VIOLATED)
bgc_13.final_counter._34_/B             3.00    9.17   -6.17 (VIOLATED)
bgc_2.final_counter._61_/ZN             3.00    9.17   -6.17 (VIOLATED)
bgc_2.final_counter._62_/B              3.00    9.17   -6.17 (VIOLATED)
bgc_14.final_counter._33_/ZN            3.00    9.17   -6.17 (VIOLATED)
bgc_14.final_counter._34_/B             3.00    9.17   -6.17 (VIOLATED)
bgc_2.final_counter._52_/ZN             3.00    9.17   -6.17 (VIOLATED)
bgc_2.final_counter._53_/B              3.00    9.17   -6.17 (VIOLATED)
bgc_3.final_counter._61_/ZN             3.00    9.17   -6.17 (VIOLATED)
bgc_3.final_counter._62_/B              3.00    9.17   -6.17 (VIOLATED)
bgc_14.final_counter._52_/ZN            3.00    9.17   -6.17 (VIOLATED)
bgc_14.final_counter._53_/B             3.00    9.17   -6.17 (VIOLATED)
bgc_0.final_counter._61_/ZN             3.00    9.17   -6.17 (VIOLATED)
bgc_0.final_counter._62_/B              3.00    9.17   -6.17 (VIOLATED)
bgc_1.final_counter._61_/ZN             3.00    9.17   -6.17 (VIOLATED)
bgc_1.final_counter._62_/B              3.00    9.17   -6.17 (VIOLATED)
bgc_12.final_counter._33_/ZN            3.00    9.17   -6.17 (VIOLATED)
bgc_12.final_counter._34_/B             3.00    9.17   -6.17 (VIOLATED)
bgc_9.final_counter._61_/ZN             3.00    9.17   -6.17 (VIOLATED)
bgc_9.final_counter._62_/B              3.00    9.17   -6.17 (VIOLATED)
bgc_11.final_counter._33_/ZN            3.00    9.17   -6.17 (VIOLATED)
bgc_11.final_counter._34_/B             3.00    9.17   -6.17 (VIOLATED)
bgc_4.final_counter._52_/ZN             3.00    9.17   -6.17 (VIOLATED)
bgc_4.final_counter._53_/B              3.00    9.17   -6.17 (VIOLATED)
bgc_5.final_counter._61_/ZN             3.00    9.17   -6.17 (VIOLATED)
bgc_5.final_counter._62_/B              3.00    9.17   -6.17 (VIOLATED)
bgc_4.final_counter._33_/ZN             3.00    9.17   -6.17 (VIOLATED)
bgc_4.final_counter._34_/B              3.00    9.17   -6.17 (VIOLATED)
timer_inst._63_/ZN                      3.00    9.17   -6.17 (VIOLATED)
timer_inst._64_/B                       3.00    9.17   -6.17 (VIOLATED)
bgc_15.final_counter._52_/ZN            3.00    9.17   -6.17 (VIOLATED)
bgc_15.final_counter._53_/B             3.00    9.17   -6.17 (VIOLATED)
bgc_2.final_counter._33_/ZN             3.00    9.17   -6.17 (VIOLATED)
bgc_2.final_counter._34_/B              3.00    9.17   -6.17 (VIOLATED)
bgc_12.final_counter._52_/ZN            3.00    9.17   -6.17 (VIOLATED)
bgc_12.final_counter._53_/B             3.00    9.17   -6.17 (VIOLATED)
bgc_15.final_counter._61_/ZN            3.00    9.17   -6.17 (VIOLATED)
bgc_15.final_counter._62_/B             3.00    9.17   -6.17 (VIOLATED)
bgc_15.final_counter._33_/ZN            3.00    9.17   -6.17 (VIOLATED)
bgc_15.final_counter._34_/B             3.00    9.17   -6.17 (VIOLATED)
bgc_1.final_counter._52_/ZN             3.00    9.17   -6.17 (VIOLATED)
bgc_1.final_counter._53_/B              3.00    9.17   -6.17 (VIOLATED)
bgc_5.final_counter._33_/ZN             3.00    9.17   -6.17 (VIOLATED)
bgc_5.final_counter._34_/B              3.00    9.17   -6.17 (VIOLATED)
bgc_11.final_counter._52_/ZN            3.00    9.17   -6.17 (VIOLATED)
bgc_11.final_counter._53_/B             3.00    9.17   -6.17 (VIOLATED)
bgc_10.final_counter._61_/ZN            3.00    9.17   -6.17 (VIOLATED)
bgc_10.final_counter._62_/B             3.00    9.17   -6.17 (VIOLATED)
bgc_8.final_counter._33_/ZN             3.00    9.16   -6.16 (VIOLATED)
bgc_8.final_counter._34_/B              3.00    9.16   -6.16 (VIOLATED)
bgc_8.final_counter._52_/ZN             3.00    9.16   -6.16 (VIOLATED)
bgc_8.final_counter._53_/B              3.00    9.16   -6.16 (VIOLATED)
bgc_7.final_counter._52_/ZN             3.00    9.16   -6.16 (VIOLATED)
bgc_7.final_counter._53_/B              3.00    9.16   -6.16 (VIOLATED)
bgc_3.final_counter._52_/ZN             3.00    9.16   -6.16 (VIOLATED)
bgc_3.final_counter._53_/B              3.00    9.16   -6.16 (VIOLATED)
bgc_7.final_counter._33_/ZN             3.00    9.16   -6.16 (VIOLATED)
bgc_7.final_counter._34_/B              3.00    9.16   -6.16 (VIOLATED)
bgc_6.final_counter._52_/ZN             3.00    9.16   -6.16 (VIOLATED)
bgc_6.final_counter._53_/B              3.00    9.16   -6.16 (VIOLATED)
bgc_12.final_counter._61_/ZN            3.00    9.16   -6.16 (VIOLATED)
bgc_12.final_counter._62_/B             3.00    9.16   -6.16 (VIOLATED)
bgc_9.final_counter._52_/ZN             3.00    9.16   -6.16 (VIOLATED)
bgc_9.final_counter._53_/B              3.00    9.16   -6.16 (VIOLATED)
bgc_10.final_counter._52_/ZN            3.00    9.16   -6.16 (VIOLATED)
bgc_10.final_counter._53_/B             3.00    9.16   -6.16 (VIOLATED)
lfsr_enabler._53_/ZN                    3.00    8.91   -5.91 (VIOLATED)
lfsr_enabler._54_/B1                    3.00    8.91   -5.91 (VIOLATED)
lfsr_enabler._49_/ZN                    3.00    8.77   -5.77 (VIOLATED)
lfsr_enabler._52_/B                     3.00    8.77   -5.77 (VIOLATED)
timer_inst._45_/ZN                      3.00    7.95   -4.95 (VIOLATED)
timer_inst._46_/A2                      3.00    7.95   -4.95 (VIOLATED)
bgc_8.final_counter._41_/ZN             3.00    7.94   -4.94 (VIOLATED)
bgc_8.final_counter._42_/A2             3.00    7.94   -4.94 (VIOLATED)
bgc_6.final_counter._41_/ZN             3.00    7.94   -4.94 (VIOLATED)
bgc_6.final_counter._42_/A2             3.00    7.94   -4.94 (VIOLATED)
bgc_9.final_counter._41_/ZN             3.00    7.92   -4.92 (VIOLATED)
bgc_9.final_counter._42_/A2             3.00    7.92   -4.92 (VIOLATED)
bgc_0.final_counter._41_/ZN             3.00    7.91   -4.91 (VIOLATED)
bgc_0.final_counter._42_/A2             3.00    7.91   -4.91 (VIOLATED)
bgc_12.final_counter._41_/ZN            3.00    7.91   -4.91 (VIOLATED)
bgc_12.final_counter._42_/A2            3.00    7.91   -4.91 (VIOLATED)
bgc_7.final_counter._41_/ZN             3.00    7.90   -4.90 (VIOLATED)
bgc_7.final_counter._42_/A2             3.00    7.90   -4.90 (VIOLATED)
bgc_2.final_counter._41_/ZN             3.00    7.90   -4.90 (VIOLATED)
bgc_2.final_counter._42_/A2             3.00    7.90   -4.90 (VIOLATED)
bgc_8.final_counter._37_/ZN             3.00    7.90   -4.90 (VIOLATED)
bgc_8.final_counter._38_/A2             3.00    7.90   -4.90 (VIOLATED)
bgc_14.final_counter._41_/ZN            3.00    7.89   -4.89 (VIOLATED)
bgc_14.final_counter._42_/A2            3.00    7.89   -4.89 (VIOLATED)
bgc_4.final_counter._41_/ZN             3.00    7.88   -4.88 (VIOLATED)
bgc_4.final_counter._42_/A2             3.00    7.88   -4.88 (VIOLATED)
bgc_5.final_counter._41_/ZN             3.00    7.88   -4.88 (VIOLATED)
bgc_5.final_counter._42_/A2             3.00    7.88   -4.88 (VIOLATED)
bgc_1.final_counter._41_/ZN             3.00    7.87   -4.87 (VIOLATED)
bgc_1.final_counter._42_/A2             3.00    7.87   -4.87 (VIOLATED)
bgc_3.final_counter._41_/ZN             3.00    7.87   -4.87 (VIOLATED)
bgc_3.final_counter._42_/A2             3.00    7.87   -4.87 (VIOLATED)
bgc_13.final_counter._41_/ZN            3.00    7.87   -4.87 (VIOLATED)
bgc_13.final_counter._42_/A2            3.00    7.87   -4.87 (VIOLATED)
bgc_10.final_counter._41_/ZN            3.00    7.86   -4.86 (VIOLATED)
bgc_10.final_counter._42_/A2            3.00    7.86   -4.86 (VIOLATED)
bgc_3.final_counter._37_/ZN             3.00    7.85   -4.85 (VIOLATED)
bgc_3.final_counter._38_/A2             3.00    7.85   -4.85 (VIOLATED)
bgc_10.final_counter._37_/ZN            3.00    7.85   -4.85 (VIOLATED)
bgc_10.final_counter._38_/A2            3.00    7.85   -4.85 (VIOLATED)
bgc_15.final_counter._37_/ZN            3.00    7.85   -4.85 (VIOLATED)
bgc_15.final_counter._38_/A2            3.00    7.85   -4.85 (VIOLATED)
bgc_15.final_counter._41_/ZN            3.00    7.85   -4.85 (VIOLATED)
bgc_15.final_counter._42_/A2            3.00    7.85   -4.85 (VIOLATED)
bgc_4.final_counter._37_/ZN             3.00    7.84   -4.84 (VIOLATED)
bgc_4.final_counter._38_/A2             3.00    7.84   -4.84 (VIOLATED)
bgc_9.final_counter._37_/ZN             3.00    7.84   -4.84 (VIOLATED)
bgc_9.final_counter._38_/A2             3.00    7.84   -4.84 (VIOLATED)
bgc_14.final_counter._37_/ZN            3.00    7.84   -4.84 (VIOLATED)
bgc_14.final_counter._38_/A2            3.00    7.84   -4.84 (VIOLATED)
bgc_5.final_counter._37_/ZN             3.00    7.84   -4.84 (VIOLATED)
bgc_5.final_counter._38_/A2             3.00    7.84   -4.84 (VIOLATED)
bgc_11.final_counter._37_/ZN            3.00    7.84   -4.84 (VIOLATED)
bgc_11.final_counter._38_/A2            3.00    7.84   -4.84 (VIOLATED)
bgc_13.final_counter._37_/ZN            3.00    7.83   -4.83 (VIOLATED)
bgc_13.final_counter._38_/A2            3.00    7.83   -4.83 (VIOLATED)
bgc_11.final_counter._41_/ZN            3.00    7.82   -4.82 (VIOLATED)
bgc_11.final_counter._42_/A2            3.00    7.82   -4.82 (VIOLATED)
bgc_7.final_counter._37_/ZN             3.00    7.82   -4.82 (VIOLATED)
bgc_7.final_counter._38_/A2             3.00    7.82   -4.82 (VIOLATED)
bgc_6.final_counter._37_/ZN             3.00    7.81   -4.81 (VIOLATED)
bgc_6.final_counter._38_/A2             3.00    7.81   -4.81 (VIOLATED)
bgc_2.final_counter._37_/ZN             3.00    7.80   -4.80 (VIOLATED)
bgc_2.final_counter._38_/A2             3.00    7.80   -4.80 (VIOLATED)
bgc_0.final_counter._37_/ZN             3.00    7.80   -4.80 (VIOLATED)
bgc_0.final_counter._38_/A2             3.00    7.80   -4.80 (VIOLATED)
bgc_1.final_counter._37_/ZN             3.00    7.80   -4.80 (VIOLATED)
bgc_1.final_counter._38_/A2             3.00    7.80   -4.80 (VIOLATED)
bgc_12.final_counter._37_/ZN            3.00    7.79   -4.79 (VIOLATED)
bgc_12.final_counter._38_/A2            3.00    7.79   -4.79 (VIOLATED)
_14_/ZN                                 3.00    7.21   -4.21 (VIOLATED)
bgc_0._05_/I                            3.00    7.21   -4.21 (VIOLATED)
bgc_1._05_/I                            3.00    7.21   -4.21 (VIOLATED)
bgc_2._05_/I                            3.00    7.21   -4.21 (VIOLATED)
bgc_3._05_/I                            3.00    7.21   -4.21 (VIOLATED)
_16_/ZN                                 3.00    6.84   -3.84 (VIOLATED)
bgc_4._05_/I                            3.00    6.84   -3.84 (VIOLATED)
bgc_5._05_/I                            3.00    6.84   -3.84 (VIOLATED)
bgc_6._05_/I                            3.00    6.84   -3.84 (VIOLATED)
bgc_7._05_/I                            3.00    6.84   -3.84 (VIOLATED)
_18_/ZN                                 3.00    6.83   -3.83 (VIOLATED)
bgc_10._05_/I                           3.00    6.83   -3.83 (VIOLATED)
bgc_11._05_/I                           3.00    6.83   -3.83 (VIOLATED)
bgc_8._05_/I                            3.00    6.83   -3.83 (VIOLATED)
bgc_9._05_/I                            3.00    6.83   -3.83 (VIOLATED)
_20_/ZN                                 3.00    6.56   -3.56 (VIOLATED)
bgc_12._05_/I                           3.00    6.56   -3.56 (VIOLATED)
bgc_13._05_/I                           3.00    6.56   -3.56 (VIOLATED)
bgc_14._05_/I                           3.00    6.56   -3.56 (VIOLATED)
bgc_15._05_/I                           3.00    6.56   -3.56 (VIOLATED)
res_mem_inst.slot[11].slot_reg._072_/I    3.00    6.24   -3.24 (VIOLATED)
res_mem_inst.slot[12].slot_reg._072_/I    3.00    6.24   -3.24 (VIOLATED)
res_mem_inst.slot[15].slot_reg._072_/I    3.00    6.24   -3.24 (VIOLATED)
res_mem_inst.slot[7].slot_reg._072_/I    3.00    6.24   -3.24 (VIOLATED)
res_mem_inst.slot[3].slot_reg._072_/I    3.00    6.24   -3.24 (VIOLATED)
res_mem_inst.slot[13].slot_reg._072_/I    3.00    6.24   -3.24 (VIOLATED)
res_mem_inst.slot[0].slot_reg._072_/I    3.00    6.24   -3.24 (VIOLATED)
res_mem_inst.slot[8].slot_reg._072_/I    3.00    6.24   -3.24 (VIOLATED)
res_mem_inst.slot[1].slot_reg._072_/I    3.00    6.24   -3.24 (VIOLATED)
res_mem_inst.slot[4].slot_reg._072_/I    3.00    6.24   -3.24 (VIOLATED)
res_mem_inst.slot[14].slot_reg._072_/I    3.00    6.24   -3.24 (VIOLATED)
res_mem_inst.slot[9].slot_reg._072_/I    3.00    6.24   -3.24 (VIOLATED)
res_mem_inst.slot[6].slot_reg._072_/I    3.00    6.24   -3.24 (VIOLATED)
res_mem_inst.slot[10].slot_reg._072_/I    3.00    6.24   -3.24 (VIOLATED)
res_mem_inst.slot[2].slot_reg._072_/I    3.00    6.24   -3.24 (VIOLATED)
res_mem_inst.slot[5].slot_reg._072_/I    3.00    6.24   -3.24 (VIOLATED)
adder_tree._1272_/ZN                    3.00    6.24   -3.24 (VIOLATED)
res_mem_inst.slot[11].slot_reg._070_/I    3.00    6.18   -3.18 (VIOLATED)
res_mem_inst.slot[12].slot_reg._070_/I    3.00    6.18   -3.18 (VIOLATED)
res_mem_inst.slot[15].slot_reg._070_/I    3.00    6.18   -3.18 (VIOLATED)
res_mem_inst.slot[7].slot_reg._070_/I    3.00    6.18   -3.18 (VIOLATED)
res_mem_inst.slot[3].slot_reg._070_/I    3.00    6.18   -3.18 (VIOLATED)
res_mem_inst.slot[13].slot_reg._070_/I    3.00    6.18   -3.18 (VIOLATED)
res_mem_inst.slot[0].slot_reg._070_/I    3.00    6.18   -3.18 (VIOLATED)
res_mem_inst.slot[8].slot_reg._070_/I    3.00    6.18   -3.18 (VIOLATED)
res_mem_inst.slot[1].slot_reg._070_/I    3.00    6.18   -3.18 (VIOLATED)
res_mem_inst.slot[4].slot_reg._070_/I    3.00    6.18   -3.18 (VIOLATED)
res_mem_inst.slot[14].slot_reg._070_/I    3.00    6.18   -3.18 (VIOLATED)
res_mem_inst.slot[9].slot_reg._070_/I    3.00    6.18   -3.18 (VIOLATED)
res_mem_inst.slot[6].slot_reg._070_/I    3.00    6.18   -3.18 (VIOLATED)
res_mem_inst.slot[2].slot_reg._070_/I    3.00    6.18   -3.18 (VIOLATED)
res_mem_inst.slot[5].slot_reg._070_/I    3.00    6.18   -3.18 (VIOLATED)
adder_tree._1203_/ZN                    3.00    6.18   -3.18 (VIOLATED)
res_mem_inst.slot[10].slot_reg._070_/I    3.00    6.18   -3.18 (VIOLATED)
res_mem_inst.slot[11].slot_reg._062_/I    3.00    5.76   -2.76 (VIOLATED)
res_mem_inst.slot[12].slot_reg._062_/I    3.00    5.76   -2.76 (VIOLATED)
res_mem_inst.slot[15].slot_reg._062_/I    3.00    5.76   -2.76 (VIOLATED)
res_mem_inst.slot[7].slot_reg._062_/I    3.00    5.76   -2.76 (VIOLATED)
res_mem_inst.slot[3].slot_reg._062_/I    3.00    5.76   -2.76 (VIOLATED)
res_mem_inst.slot[13].slot_reg._062_/I    3.00    5.76   -2.76 (VIOLATED)
res_mem_inst.slot[8].slot_reg._062_/I    3.00    5.76   -2.76 (VIOLATED)
res_mem_inst.slot[4].slot_reg._062_/I    3.00    5.76   -2.76 (VIOLATED)
res_mem_inst.slot[0].slot_reg._062_/I    3.00    5.76   -2.76 (VIOLATED)
res_mem_inst.slot[14].slot_reg._062_/I    3.00    5.76   -2.76 (VIOLATED)
res_mem_inst.slot[1].slot_reg._062_/I    3.00    5.76   -2.76 (VIOLATED)
res_mem_inst.slot[9].slot_reg._062_/I    3.00    5.76   -2.76 (VIOLATED)
adder_tree._0931_/ZN                    3.00    5.76   -2.76 (VIOLATED)
res_mem_inst.slot[10].slot_reg._062_/I    3.00    5.76   -2.76 (VIOLATED)
res_mem_inst.slot[2].slot_reg._062_/I    3.00    5.76   -2.76 (VIOLATED)
res_mem_inst.slot[5].slot_reg._062_/I    3.00    5.76   -2.76 (VIOLATED)
res_mem_inst.slot[6].slot_reg._062_/I    3.00    5.76   -2.76 (VIOLATED)
res_mem_inst.slot[15].slot_reg._068_/I    3.00    5.66   -2.66 (VIOLATED)
res_mem_inst.slot[7].slot_reg._068_/I    3.00    5.66   -2.66 (VIOLATED)
res_mem_inst.slot[3].slot_reg._068_/I    3.00    5.66   -2.66 (VIOLATED)
res_mem_inst.slot[13].slot_reg._068_/I    3.00    5.66   -2.66 (VIOLATED)
res_mem_inst.slot[11].slot_reg._068_/I    3.00    5.66   -2.66 (VIOLATED)
res_mem_inst.slot[12].slot_reg._068_/I    3.00    5.66   -2.66 (VIOLATED)
res_mem_inst.slot[4].slot_reg._068_/I    3.00    5.66   -2.66 (VIOLATED)
res_mem_inst.slot[0].slot_reg._068_/I    3.00    5.66   -2.66 (VIOLATED)
res_mem_inst.slot[8].slot_reg._068_/I    3.00    5.66   -2.66 (VIOLATED)
res_mem_inst.slot[14].slot_reg._068_/I    3.00    5.66   -2.66 (VIOLATED)
res_mem_inst.slot[1].slot_reg._068_/I    3.00    5.66   -2.66 (VIOLATED)
res_mem_inst.slot[6].slot_reg._068_/I    3.00    5.66   -2.66 (VIOLATED)
res_mem_inst.slot[9].slot_reg._068_/I    3.00    5.66   -2.66 (VIOLATED)
res_mem_inst.slot[2].slot_reg._068_/I    3.00    5.66   -2.66 (VIOLATED)
res_mem_inst.slot[10].slot_reg._068_/I    3.00    5.66   -2.66 (VIOLATED)
res_mem_inst.slot[5].slot_reg._068_/I    3.00    5.66   -2.66 (VIOLATED)
adder_tree._1135_/Z                     3.00    5.66   -2.66 (VIOLATED)
res_mem_inst.slot[11].slot_reg._074_/I    3.00    5.58   -2.58 (VIOLATED)
res_mem_inst.slot[15].slot_reg._074_/I    3.00    5.58   -2.58 (VIOLATED)
res_mem_inst.slot[7].slot_reg._074_/I    3.00    5.58   -2.58 (VIOLATED)
res_mem_inst.slot[3].slot_reg._074_/I    3.00    5.58   -2.58 (VIOLATED)
res_mem_inst.slot[13].slot_reg._074_/I    3.00    5.58   -2.58 (VIOLATED)
res_mem_inst.slot[0].slot_reg._074_/I    3.00    5.58   -2.58 (VIOLATED)
res_mem_inst.slot[12].slot_reg._074_/I    3.00    5.58   -2.58 (VIOLATED)
res_mem_inst.slot[4].slot_reg._074_/I    3.00    5.58   -2.58 (VIOLATED)
res_mem_inst.slot[8].slot_reg._074_/I    3.00    5.58   -2.58 (VIOLATED)
res_mem_inst.slot[1].slot_reg._074_/I    3.00    5.58   -2.58 (VIOLATED)
res_mem_inst.slot[14].slot_reg._074_/I    3.00    5.58   -2.58 (VIOLATED)
res_mem_inst.slot[9].slot_reg._074_/I    3.00    5.58   -2.58 (VIOLATED)
res_mem_inst.slot[6].slot_reg._074_/I    3.00    5.58   -2.58 (VIOLATED)
res_mem_inst.slot[2].slot_reg._074_/I    3.00    5.58   -2.58 (VIOLATED)
res_mem_inst.slot[5].slot_reg._074_/I    3.00    5.58   -2.58 (VIOLATED)
res_mem_inst.slot[10].slot_reg._074_/I    3.00    5.58   -2.58 (VIOLATED)
adder_tree._1341_/Z                     3.00    5.58   -2.58 (VIOLATED)
res_mem_inst.slot[12].slot_reg._066_/I    3.00    5.50   -2.50 (VIOLATED)
res_mem_inst.slot[11].slot_reg._066_/I    3.00    5.50   -2.50 (VIOLATED)
res_mem_inst.slot[15].slot_reg._066_/I    3.00    5.50   -2.50 (VIOLATED)
res_mem_inst.slot[7].slot_reg._066_/I    3.00    5.50   -2.50 (VIOLATED)
res_mem_inst.slot[3].slot_reg._066_/I    3.00    5.50   -2.50 (VIOLATED)
res_mem_inst.slot[13].slot_reg._066_/I    3.00    5.50   -2.50 (VIOLATED)
res_mem_inst.slot[4].slot_reg._066_/I    3.00    5.50   -2.50 (VIOLATED)
res_mem_inst.slot[8].slot_reg._066_/I    3.00    5.50   -2.50 (VIOLATED)
res_mem_inst.slot[0].slot_reg._066_/I    3.00    5.50   -2.50 (VIOLATED)
res_mem_inst.slot[14].slot_reg._066_/I    3.00    5.50   -2.50 (VIOLATED)
res_mem_inst.slot[1].slot_reg._066_/I    3.00    5.50   -2.50 (VIOLATED)
res_mem_inst.slot[9].slot_reg._066_/I    3.00    5.50   -2.50 (VIOLATED)
res_mem_inst.slot[5].slot_reg._066_/I    3.00    5.50   -2.50 (VIOLATED)
adder_tree._1068_/Z                     3.00    5.50   -2.50 (VIOLATED)
res_mem_inst.slot[10].slot_reg._066_/I    3.00    5.50   -2.50 (VIOLATED)
res_mem_inst.slot[2].slot_reg._066_/I    3.00    5.50   -2.50 (VIOLATED)
res_mem_inst.slot[6].slot_reg._066_/I    3.00    5.50   -2.50 (VIOLATED)
res_mem_inst.slot[12].slot_reg._076_/I    3.00    5.45   -2.45 (VIOLATED)
res_mem_inst.slot[4].slot_reg._076_/I    3.00    5.45   -2.45 (VIOLATED)
res_mem_inst.slot[11].slot_reg._076_/I    3.00    5.45   -2.45 (VIOLATED)
res_mem_inst.slot[15].slot_reg._076_/I    3.00    5.45   -2.45 (VIOLATED)
res_mem_inst.slot[7].slot_reg._076_/I    3.00    5.45   -2.45 (VIOLATED)
res_mem_inst.slot[3].slot_reg._076_/I    3.00    5.45   -2.45 (VIOLATED)
res_mem_inst.slot[13].slot_reg._076_/I    3.00    5.45   -2.45 (VIOLATED)
res_mem_inst.slot[0].slot_reg._076_/I    3.00    5.45   -2.45 (VIOLATED)
res_mem_inst.slot[8].slot_reg._076_/I    3.00    5.45   -2.45 (VIOLATED)
res_mem_inst.slot[1].slot_reg._076_/I    3.00    5.45   -2.45 (VIOLATED)
res_mem_inst.slot[14].slot_reg._076_/I    3.00    5.45   -2.45 (VIOLATED)
res_mem_inst.slot[9].slot_reg._076_/I    3.00    5.45   -2.45 (VIOLATED)
res_mem_inst.slot[5].slot_reg._076_/I    3.00    5.45   -2.45 (VIOLATED)
res_mem_inst.slot[2].slot_reg._076_/I    3.00    5.45   -2.45 (VIOLATED)
res_mem_inst.slot[6].slot_reg._076_/I    3.00    5.45   -2.45 (VIOLATED)
res_mem_inst.slot[10].slot_reg._076_/I    3.00    5.45   -2.45 (VIOLATED)
adder_tree._1408_/ZN                    3.00    5.45   -2.45 (VIOLATED)
res_mem_inst.slot[11].slot_reg._064_/I    3.00    5.33   -2.33 (VIOLATED)
res_mem_inst.slot[12].slot_reg._064_/I    3.00    5.33   -2.33 (VIOLATED)
res_mem_inst.slot[15].slot_reg._064_/I    3.00    5.33   -2.33 (VIOLATED)
res_mem_inst.slot[7].slot_reg._064_/I    3.00    5.33   -2.33 (VIOLATED)
res_mem_inst.slot[3].slot_reg._064_/I    3.00    5.33   -2.33 (VIOLATED)
res_mem_inst.slot[13].slot_reg._064_/I    3.00    5.33   -2.33 (VIOLATED)
res_mem_inst.slot[8].slot_reg._064_/I    3.00    5.33   -2.33 (VIOLATED)
res_mem_inst.slot[4].slot_reg._064_/I    3.00    5.33   -2.33 (VIOLATED)
res_mem_inst.slot[0].slot_reg._064_/I    3.00    5.33   -2.33 (VIOLATED)
res_mem_inst.slot[14].slot_reg._064_/I    3.00    5.33   -2.33 (VIOLATED)
res_mem_inst.slot[1].slot_reg._064_/I    3.00    5.33   -2.33 (VIOLATED)
res_mem_inst.slot[9].slot_reg._064_/I    3.00    5.33   -2.33 (VIOLATED)
adder_tree._1001_/Z                     3.00    5.33   -2.33 (VIOLATED)
res_mem_inst.slot[10].slot_reg._064_/I    3.00    5.33   -2.33 (VIOLATED)
res_mem_inst.slot[2].slot_reg._064_/I    3.00    5.33   -2.33 (VIOLATED)
res_mem_inst.slot[5].slot_reg._064_/I    3.00    5.33   -2.33 (VIOLATED)
res_mem_inst.slot[6].slot_reg._064_/I    3.00    5.33   -2.33 (VIOLATED)
res_mem_inst.slot[11].slot_reg._060_/I    3.00    5.16   -2.16 (VIOLATED)
res_mem_inst.slot[12].slot_reg._060_/I    3.00    5.16   -2.16 (VIOLATED)
res_mem_inst.slot[15].slot_reg._060_/I    3.00    5.16   -2.16 (VIOLATED)
res_mem_inst.slot[4].slot_reg._060_/I    3.00    5.16   -2.16 (VIOLATED)
res_mem_inst.slot[3].slot_reg._060_/I    3.00    5.16   -2.16 (VIOLATED)
res_mem_inst.slot[7].slot_reg._060_/I    3.00    5.16   -2.16 (VIOLATED)
res_mem_inst.slot[8].slot_reg._060_/I    3.00    5.16   -2.16 (VIOLATED)
res_mem_inst.slot[13].slot_reg._060_/I    3.00    5.16   -2.16 (VIOLATED)
res_mem_inst.slot[0].slot_reg._060_/I    3.00    5.16   -2.16 (VIOLATED)
res_mem_inst.slot[14].slot_reg._060_/I    3.00    5.16   -2.16 (VIOLATED)
res_mem_inst.slot[1].slot_reg._060_/I    3.00    5.16   -2.16 (VIOLATED)
res_mem_inst.slot[9].slot_reg._060_/I    3.00    5.16   -2.16 (VIOLATED)
adder_tree._0864_/Z                     3.00    5.16   -2.16 (VIOLATED)
res_mem_inst.slot[10].slot_reg._060_/I    3.00    5.16   -2.16 (VIOLATED)
res_mem_inst.slot[2].slot_reg._060_/I    3.00    5.16   -2.16 (VIOLATED)
res_mem_inst.slot[5].slot_reg._060_/I    3.00    5.16   -2.16 (VIOLATED)
res_mem_inst.slot[6].slot_reg._060_/I    3.00    5.16   -2.16 (VIOLATED)
res_mem_inst.slot[11].slot_reg._078_/I    3.00    4.88   -1.88 (VIOLATED)
res_mem_inst.slot[12].slot_reg._078_/I    3.00    4.88   -1.88 (VIOLATED)
res_mem_inst.slot[4].slot_reg._078_/I    3.00    4.88   -1.88 (VIOLATED)
res_mem_inst.slot[15].slot_reg._078_/I    3.00    4.88   -1.88 (VIOLATED)
res_mem_inst.slot[7].slot_reg._078_/I    3.00    4.88   -1.88 (VIOLATED)
res_mem_inst.slot[3].slot_reg._078_/I    3.00    4.88   -1.88 (VIOLATED)
res_mem_inst.slot[13].slot_reg._078_/I    3.00    4.88   -1.88 (VIOLATED)
res_mem_inst.slot[0].slot_reg._078_/I    3.00    4.88   -1.88 (VIOLATED)
res_mem_inst.slot[8].slot_reg._078_/I    3.00    4.88   -1.88 (VIOLATED)
res_mem_inst.slot[1].slot_reg._078_/I    3.00    4.88   -1.88 (VIOLATED)
res_mem_inst.slot[9].slot_reg._078_/I    3.00    4.88   -1.88 (VIOLATED)
res_mem_inst.slot[14].slot_reg._078_/I    3.00    4.88   -1.88 (VIOLATED)
res_mem_inst.slot[10].slot_reg._078_/I    3.00    4.88   -1.88 (VIOLATED)
res_mem_inst.slot[2].slot_reg._078_/I    3.00    4.88   -1.88 (VIOLATED)
res_mem_inst.slot[6].slot_reg._078_/I    3.00    4.88   -1.88 (VIOLATED)
res_mem_inst.slot[5].slot_reg._078_/I    3.00    4.88   -1.88 (VIOLATED)
adder_tree._1439_/Z                     3.00    4.88   -1.88 (VIOLATED)
res_mem_inst.slot[11].slot_reg._058_/I    3.00    4.77   -1.77 (VIOLATED)
res_mem_inst.slot[12].slot_reg._058_/I    3.00    4.77   -1.77 (VIOLATED)
res_mem_inst.slot[15].slot_reg._058_/I    3.00    4.77   -1.77 (VIOLATED)
res_mem_inst.slot[4].slot_reg._058_/I    3.00    4.77   -1.77 (VIOLATED)
res_mem_inst.slot[3].slot_reg._058_/I    3.00    4.77   -1.77 (VIOLATED)
res_mem_inst.slot[7].slot_reg._058_/I    3.00    4.77   -1.77 (VIOLATED)
res_mem_inst.slot[8].slot_reg._058_/I    3.00    4.77   -1.77 (VIOLATED)
res_mem_inst.slot[13].slot_reg._058_/I    3.00    4.77   -1.77 (VIOLATED)
res_mem_inst.slot[0].slot_reg._058_/I    3.00    4.77   -1.77 (VIOLATED)
res_mem_inst.slot[14].slot_reg._058_/I    3.00    4.77   -1.77 (VIOLATED)
res_mem_inst.slot[6].slot_reg._058_/I    3.00    4.77   -1.77 (VIOLATED)
res_mem_inst.slot[1].slot_reg._058_/I    3.00    4.77   -1.77 (VIOLATED)
res_mem_inst.slot[9].slot_reg._058_/I    3.00    4.77   -1.77 (VIOLATED)
adder_tree._1440_/Z                     3.00    4.77   -1.77 (VIOLATED)
res_mem_inst.slot[10].slot_reg._058_/I    3.00    4.77   -1.77 (VIOLATED)
res_mem_inst.slot[2].slot_reg._058_/I    3.00    4.77   -1.77 (VIOLATED)
res_mem_inst.slot[5].slot_reg._058_/I    3.00    4.77   -1.77 (VIOLATED)
res_mem_inst.slot[11].slot_reg._056_/I    3.00    4.60   -1.60 (VIOLATED)
res_mem_inst.slot[12].slot_reg._056_/I    3.00    4.60   -1.60 (VIOLATED)
res_mem_inst.slot[15].slot_reg._056_/I    3.00    4.60   -1.60 (VIOLATED)
res_mem_inst.slot[4].slot_reg._056_/I    3.00    4.60   -1.60 (VIOLATED)
res_mem_inst.slot[8].slot_reg._056_/I    3.00    4.60   -1.60 (VIOLATED)
res_mem_inst.slot[3].slot_reg._056_/I    3.00    4.60   -1.60 (VIOLATED)
res_mem_inst.slot[7].slot_reg._056_/I    3.00    4.60   -1.60 (VIOLATED)
res_mem_inst.slot[13].slot_reg._056_/I    3.00    4.60   -1.60 (VIOLATED)
res_mem_inst.slot[0].slot_reg._056_/I    3.00    4.60   -1.60 (VIOLATED)
res_mem_inst.slot[9].slot_reg._056_/I    3.00    4.60   -1.60 (VIOLATED)
adder_tree._1441_/Z                     3.00    4.60   -1.60 (VIOLATED)
res_mem_inst.slot[10].slot_reg._056_/I    3.00    4.60   -1.60 (VIOLATED)
res_mem_inst.slot[14].slot_reg._056_/I    3.00    4.60   -1.60 (VIOLATED)
res_mem_inst.slot[1].slot_reg._056_/I    3.00    4.60   -1.60 (VIOLATED)
res_mem_inst.slot[2].slot_reg._056_/I    3.00    4.60   -1.60 (VIOLATED)
res_mem_inst.slot[5].slot_reg._056_/I    3.00    4.60   -1.60 (VIOLATED)
res_mem_inst.slot[6].slot_reg._056_/I    3.00    4.60   -1.60 (VIOLATED)
bgc_7._10_/ZN                           3.00    4.44   -1.44 (VIOLATED)
bgc_7.col_reg._054_/I                   3.00    4.44   -1.44 (VIOLATED)
bgc_7.col_reg._081_/A2                  3.00    4.44   -1.44 (VIOLATED)
bgc_9._10_/ZN                           3.00    4.36   -1.36 (VIOLATED)
bgc_9.col_reg._054_/I                   3.00    4.36   -1.36 (VIOLATED)
bgc_9.col_reg._081_/A2                  3.00    4.36   -1.36 (VIOLATED)
bgc_11._10_/ZN                          3.00    4.25   -1.25 (VIOLATED)
bgc_11.col_reg._054_/I                  3.00    4.25   -1.25 (VIOLATED)
bgc_11.col_reg._081_/A2                 3.00    4.25   -1.25 (VIOLATED)
bgc_14._10_/ZN                          3.00    4.15   -1.15 (VIOLATED)
bgc_14.col_reg._054_/I                  3.00    4.15   -1.15 (VIOLATED)
bgc_14.col_reg._081_/A2                 3.00    4.15   -1.15 (VIOLATED)
bgc_13._10_/ZN                          3.00    4.15   -1.15 (VIOLATED)
bgc_13.col_reg._054_/I                  3.00    4.15   -1.15 (VIOLATED)
bgc_13.col_reg._081_/A2                 3.00    4.15   -1.15 (VIOLATED)
bgc_4._10_/ZN                           3.00    4.15   -1.15 (VIOLATED)
bgc_4.col_reg._054_/I                   3.00    4.15   -1.15 (VIOLATED)
bgc_4.col_reg._081_/A2                  3.00    4.15   -1.15 (VIOLATED)
bgc_2._10_/ZN                           3.00    4.14   -1.14 (VIOLATED)
bgc_2.col_reg._054_/I                   3.00    4.14   -1.14 (VIOLATED)
bgc_2.col_reg._081_/A2                  3.00    4.14   -1.14 (VIOLATED)
bgc_3._10_/ZN                           3.00    4.13   -1.13 (VIOLATED)
bgc_3.col_reg._054_/I                   3.00    4.13   -1.13 (VIOLATED)
bgc_3.col_reg._081_/A2                  3.00    4.13   -1.13 (VIOLATED)
bgc_5._10_/ZN                           3.00    4.13   -1.13 (VIOLATED)
bgc_5.col_reg._054_/I                   3.00    4.13   -1.13 (VIOLATED)
bgc_5.col_reg._081_/A2                  3.00    4.13   -1.13 (VIOLATED)
bgc_10._10_/ZN                          3.00    4.12   -1.12 (VIOLATED)
bgc_10.col_reg._054_/I                  3.00    4.12   -1.12 (VIOLATED)
bgc_10.col_reg._081_/A2                 3.00    4.12   -1.12 (VIOLATED)
bgc_8._10_/ZN                           3.00    4.12   -1.12 (VIOLATED)
bgc_8.col_reg._054_/I                   3.00    4.12   -1.12 (VIOLATED)
bgc_8.col_reg._081_/A2                  3.00    4.12   -1.12 (VIOLATED)
bgc_15._10_/ZN                          3.00    4.11   -1.11 (VIOLATED)
bgc_15.col_reg._054_/I                  3.00    4.11   -1.11 (VIOLATED)
bgc_15.col_reg._081_/A2                 3.00    4.11   -1.11 (VIOLATED)
bgc_12._10_/ZN                          3.00    4.11   -1.11 (VIOLATED)
bgc_12.col_reg._054_/I                  3.00    4.11   -1.11 (VIOLATED)
bgc_12.col_reg._081_/A2                 3.00    4.11   -1.11 (VIOLATED)
bgc_0._10_/ZN                           3.00    4.11   -1.11 (VIOLATED)
bgc_0.col_reg._054_/I                   3.00    4.11   -1.11 (VIOLATED)
bgc_0.col_reg._081_/A2                  3.00    4.11   -1.11 (VIOLATED)
bgc_1._10_/ZN                           3.00    4.11   -1.11 (VIOLATED)
bgc_1.col_reg._054_/I                   3.00    4.11   -1.11 (VIOLATED)
bgc_1.col_reg._081_/A2                  3.00    4.11   -1.11 (VIOLATED)
bgc_6._10_/ZN                           3.00    4.10   -1.10 (VIOLATED)
bgc_6.col_reg._054_/I                   3.00    4.10   -1.10 (VIOLATED)
bgc_6.col_reg._081_/A2                  3.00    4.10   -1.10 (VIOLATED)
bgc_14._24_/ZN                          3.00    3.59   -0.59 (VIOLATED)
bgc_14.row_reg._054_/I                  3.00    3.59   -0.59 (VIOLATED)
bgc_14.row_reg._081_/A2                 3.00    3.59   -0.59 (VIOLATED)
bgc_13._24_/ZN                          3.00    3.53   -0.53 (VIOLATED)
bgc_13.row_reg._054_/I                  3.00    3.53   -0.53 (VIOLATED)
bgc_13.row_reg._081_/A2                 3.00    3.53   -0.53 (VIOLATED)
bgc_9._24_/ZN                           3.00    3.52   -0.52 (VIOLATED)
bgc_9.row_reg._054_/I                   3.00    3.52   -0.52 (VIOLATED)
bgc_9.row_reg._081_/A2                  3.00    3.52   -0.52 (VIOLATED)
bgc_1._24_/ZN                           3.00    3.51   -0.51 (VIOLATED)
bgc_1.row_reg._054_/I                   3.00    3.51   -0.51 (VIOLATED)
bgc_1.row_reg._081_/A2                  3.00    3.51   -0.51 (VIOLATED)
bgc_11._24_/ZN                          3.00    3.51   -0.51 (VIOLATED)
bgc_11.row_reg._054_/I                  3.00    3.51   -0.51 (VIOLATED)
bgc_11.row_reg._081_/A2                 3.00    3.51   -0.51 (VIOLATED)
bgc_3._24_/ZN                           3.00    3.50   -0.50 (VIOLATED)
bgc_3.row_reg._054_/I                   3.00    3.50   -0.50 (VIOLATED)
bgc_3.row_reg._081_/A2                  3.00    3.50   -0.50 (VIOLATED)
bgc_2._24_/ZN                           3.00    3.50   -0.50 (VIOLATED)
bgc_2.row_reg._054_/I                   3.00    3.50   -0.50 (VIOLATED)
bgc_2.row_reg._081_/A2                  3.00    3.50   -0.50 (VIOLATED)
bgc_5._24_/ZN                           3.00    3.50   -0.50 (VIOLATED)
bgc_5.row_reg._054_/I                   3.00    3.50   -0.50 (VIOLATED)
bgc_5.row_reg._081_/A2                  3.00    3.50   -0.50 (VIOLATED)
bgc_10._24_/ZN                          3.00    3.49   -0.49 (VIOLATED)
bgc_10.row_reg._054_/I                  3.00    3.49   -0.49 (VIOLATED)
bgc_10.row_reg._081_/A2                 3.00    3.49   -0.49 (VIOLATED)
bgc_6._24_/ZN                           3.00    3.49   -0.49 (VIOLATED)
bgc_6.row_reg._054_/I                   3.00    3.49   -0.49 (VIOLATED)
bgc_6.row_reg._081_/A2                  3.00    3.49   -0.49 (VIOLATED)
bgc_15._24_/ZN                          3.00    3.48   -0.48 (VIOLATED)
bgc_15.row_reg._054_/I                  3.00    3.48   -0.48 (VIOLATED)
bgc_15.row_reg._081_/A2                 3.00    3.48   -0.48 (VIOLATED)
bgc_4._24_/ZN                           3.00    3.48   -0.48 (VIOLATED)
bgc_4.row_reg._054_/I                   3.00    3.48   -0.48 (VIOLATED)
bgc_4.row_reg._081_/A2                  3.00    3.48   -0.48 (VIOLATED)
bgc_7._24_/ZN                           3.00    3.48   -0.48 (VIOLATED)
bgc_7.row_reg._054_/I                   3.00    3.48   -0.48 (VIOLATED)
bgc_7.row_reg._081_/A2                  3.00    3.48   -0.48 (VIOLATED)
bgc_12._24_/ZN                          3.00    3.48   -0.48 (VIOLATED)
bgc_12.row_reg._054_/I                  3.00    3.48   -0.48 (VIOLATED)
bgc_12.row_reg._081_/A2                 3.00    3.48   -0.48 (VIOLATED)
bgc_8._24_/ZN                           3.00    3.47   -0.47 (VIOLATED)
bgc_8.row_reg._054_/I                   3.00    3.47   -0.47 (VIOLATED)
bgc_8.row_reg._081_/A2                  3.00    3.47   -0.47 (VIOLATED)
bgc_0._24_/ZN                           3.00    3.46   -0.46 (VIOLATED)
bgc_0.row_reg._054_/I                   3.00    3.46   -0.46 (VIOLATED)
bgc_0.row_reg._081_/A2                  3.00    3.46   -0.46 (VIOLATED)
bgc_14._09_/A3                          3.00    3.07   -0.07 (VIOLATED)
bgc_6._09_/A3                           3.00    3.07   -0.07 (VIOLATED)
bgc_2._09_/A3                           3.00    3.07   -0.07 (VIOLATED)
bgc_10._09_/A3                          3.00    3.07   -0.07 (VIOLATED)
bgc_1._09_/A3                           3.00    3.07   -0.07 (VIOLATED)
bgc_5._09_/A3                           3.00    3.07   -0.07 (VIOLATED)
bgc_9._09_/A3                           3.00    3.07   -0.07 (VIOLATED)
bgc_8._09_/A3                           3.00    3.07   -0.07 (VIOLATED)
bgc_0._09_/A3                           3.00    3.07   -0.07 (VIOLATED)
bgc_13._09_/A3                          3.00    3.07   -0.07 (VIOLATED)
bgc_4._09_/A3                           3.00    3.07   -0.07 (VIOLATED)
bgc_11._09_/A3                          3.00    3.07   -0.07 (VIOLATED)
bgc_12._09_/A3                          3.00    3.07   -0.07 (VIOLATED)
bgc_15._09_/A3                          3.00    3.07   -0.07 (VIOLATED)
bgc_3._09_/A3                           3.00    3.07   -0.07 (VIOLATED)
bgc_7._09_/A3                           3.00    3.07   -0.07 (VIOLATED)
timer_inst._68_/Q                       3.00    3.07   -0.07 (VIOLATED)

max fanout

Pin                                   Limit Fanout  Slack
---------------------------------------------------------
rst_n                                    32    662   -630 (VIOLATED)
lfsr_enabler._61_/Q                      32    553   -521 (VIOLATED)
res_mem_inst._153_/Q                     32    260   -228 (VIOLATED)
res_mem_inst._063_/ZN                    32    192   -160 (VIOLATED)

max capacitance

Pin                                    Limit     Cap   Slack
------------------------------------------------------------
lfsr_enabler._61_/Q                     0.24    4.13   -3.89 (VIOLATED)
rst_n                                   0.23    3.97   -3.74 (VIOLATED)
res_mem_inst._153_/Q                    0.24    1.29   -1.05 (VIOLATED)
res_mem_inst._063_/ZN                   0.23    1.08   -0.86 (VIOLATED)
adder_tree._1272_/ZN                    0.11    0.19   -0.08 (VIOLATED)
adder_tree._1203_/ZN                    0.11    0.18   -0.07 (VIOLATED)
adder_tree._1135_/Z                     0.12    0.19   -0.06 (VIOLATED)
adder_tree._1341_/Z                     0.12    0.19   -0.06 (VIOLATED)
adder_tree._0931_/ZN                    0.11    0.17   -0.06 (VIOLATED)
adder_tree._1068_/Z                     0.13    0.18   -0.05 (VIOLATED)
adder_tree._1408_/ZN                    0.11    0.16   -0.05 (VIOLATED)
adder_tree._1001_/Z                     0.13    0.18   -0.05 (VIOLATED)
adder_tree._0864_/Z                     0.12    0.17   -0.05 (VIOLATED)
adder_tree._1440_/Z                     0.12    0.16   -0.03 (VIOLATED)
adder_tree._1439_/Z                     0.13    0.16   -0.03 (VIOLATED)
adder_tree._1441_/Z                     0.12    0.15   -0.03 (VIOLATED)
_14_/ZN                                 0.06    0.06   -0.00 (VIOLATED)
_16_/ZN                                 0.06    0.06   -0.00 (VIOLATED)



===========================================================================
report_parasitic_annotation -report_unannotated
============================================================================
Found 12008 unannotated drivers.
 clk
 input_ready
 load_row_or_col
 output_valid
 rst_n
 spi_in0
 spi_in1
 spi_in2
 spi_in3
 _07_/ZN
 _08_/ZN
 _09_/ZN
 _10_/ZN
 _11_/ZN
 _12_/Z
 _13_/Z
 _1414_/Z
 _1415_/Z
 _1416_/Z
 _1417_/Z
 _1418_/Z
 _1419_/Z
 _1420_/Z
 _1421_/Z
 _1422_/Z
 _1423_/Z
 _1424_/Z
 _1425_/Z
 _1426_/Z
 _1427_/Z
 _1428_/Z
 _1429_/Z
 _1430_/Z
 _1431_/Z
 _1432_/Z
 _1433_/Z
 _1434_/Z
 _1435_/Z
 _1436_/Z
 _1437_/Z
 _1438_/Z
 _1439_/Z
 _1440_/Z
 _1441_/Z
 _1442_/Z
 _1443_/Z
 _1444_/Z
 _1445_/Z
 _1446_/Z
 _1447_/Z
 _1448_/Z
 _1449_/Z
 _1450_/Z
 _1451_/Z
 _1452_/Z
 _1453_/Z
 _1454_/Z
 _1455_/Z
 _1456_/Z
 _1457_/Z
 _1458_/Z
 _1459_/Z
 _1460_/Z
 _1461_/Z
 _1462_/Z
 _1463_/Z
 _1464_/Z
 _1465_/Z
 _1466_/Z
 _1467_/Z
 _1468_/Z
 _1469_/Z
 _1470_/Z
 _1471_/Z
 _1472_/Z
 _1473_/Z
 _1474_/Z
 _1475_/Z
 _1476_/Z
 _1477_/Z
 _1478_/Z
 _1479_/Z
 _1480_/Z
 _1481_/Z
 _1482_/Z
 _1483_/Z
 _1484_/Z
 _1485_/Z
 _1486_/Z
 _1487_/Z
 _1488_/Z
 _1489_/Z
 _1490_/Z
 _1491_/Z
 _1492_/Z
 _1493_/Z
 _1494_/Z
 _1495_/Z
 _1496_/Z
 _1497_/Z
 _1498_/Z
 _1499_/Z
 _14_/ZN
 _1500_/Z
 _1501_/Z
 _1502_/Z
 _1503_/Z
 _1504_/Z
 _1505_/Z
 _1506_/Z
 _1507_/Z
 _1508_/Z
 _1509_/Z
 _1510_/Z
 _1511_/Z
 _1512_/Z
 _1513_/Z
 _1514_/Z
 _1515_/Z
 _1516_/Z
 _1517_/Z
 _1518_/Z
 _1519_/Z
 _1520_/Z
 _1521_/Z
 _1522_/Z
 _1523_/Z
 _1524_/Z
 _1525_/Z
 _1526_/Z
 _1527_/Z
 _1528_/Z
 _1529_/Z
 _1530_/Z
 _1531_/Z
 _1532_/Z
 _1533_/Z
 _1534_/Z
 _1535_/Z
 _1536_/Z
 _1537_/Z
 _1538_/Z
 _1539_/Z
 _1540_/Z
 _1541_/Z
 _1542_/Z
 _1543_/Z
 _1544_/Z
 _1545_/Z
 _1546_/Z
 _1547_/Z
 _1548_/Z
 _1549_/Z
 _1550_/Z
 _1551_/Z
 _1552_/Z
 _1553_/Z
 _1554_/Z
 _1555_/Z
 _1556_/Z
 _1557_/Z
 _1558_/Z
 _1559_/Z
 _1560_/Z
 _1561_/Z
 _1562_/Z
 _1563_/Z
 _1564_/Z
 _1565_/Z
 _1566_/Z
 _1567_/Z
 _1568_/Z
 _1569_/Z
 _1570_/Z
 _1571_/Z
 _1572_/Z
 _1573_/Z
 _1574_/Z
 _1575_/Z
 _1576_/Z
 _1577_/Z
 _1578_/Z
 _1579_/Z
 _1580_/Z
 _1581_/Z
 _1582_/Z
 _1583_/Z
 _1584_/Z
 _1585_/Z
 _1586_/Z
 _1587_/Z
 _1588_/Z
 _1589_/Z
 _1590_/Z
 _1591_/Z
 _1592_/Z
 _1593_/Z
 _1594_/Z
 _1595_/Z
 _1596_/Z
 _1597_/Z
 _1598_/Z
 _1599_/Z
 _15_/Z
 _1600_/Z
 _1601_/Z
 _1602_/Z
 _1603_/Z
 _1604_/Z
 _1605_/Z
 _1606_/Z
 _1607_/Z
 _1608_/Z
 _1609_/Z
 _1610_/Z
 _1611_/Z
 _1612_/Z
 _1613_/Z
 _1614_/Z
 _1615_/Z
 _1616_/Z
 _1617_/Z
 _1618_/Z
 _1619_/Z
 _1620_/Z
 _1621_/Z
 _1622_/Z
 _1623_/Z
 _1624_/Z
 _1625_/Z
 _1626_/Z
 _1627_/Z
 _1628_/Z
 _1629_/Z
 _1630_/Z
 _1631_/Z
 _1632_/Z
 _1633_/Z
 _1634_/Z
 _1635_/Z
 _1636_/Z
 _1637_/Z
 _1638_/Z
 _1639_/Z
 _1640_/Z
 _1641_/Z
 _1642_/Z
 _1643_/Z
 _1644_/Z
 _1645_/Z
 _1646_/Z
 _1647_/Z
 _1648_/Z
 _1649_/Z
 _1650_/Z
 _1651_/Z
 _1652_/Z
 _1653_/Z
 _1654_/Z
 _1655_/Z
 _1656_/Z
 _1657_/Z
 _1658_/Z
 _1659_/Z
 _1660_/Z
 _1661_/Z
 _1662_/Z
 _1663_/Z
 _1664_/Z
 _1665_/Z
 _1666_/Z
 _1667_/Z
 _1668_/Z
 _1669_/Z
 _1670_/Z
 _1671_/Z
 _1672_/Z
 _1673_/Z
 _1674_/Z
 _1675_/Z
 _1676_/Z
 _1677_/Z
 _1678_/Z
 _1679_/Z
 _1680_/Z
 _1681_/Z
 _1682_/Z
 _1683_/Z
 _1684_/Z
 _1685_/Z
 _1686_/Z
 _1687_/Z
 _1688_/Z
 _1689_/Z
 _1690_/Z
 _1691_/Z
 _1692_/Z
 _1693_/Z
 _1694_/Z
 _1695_/Z
 _1696_/Z
 _1697_/Z
 _1698_/Z
 _1699_/Z
 _16_/ZN
 _1700_/Z
 _1701_/Z
 _1702_/Z
 _1703_/Z
 _1704_/Z
 _1705_/Z
 _1706_/Z
 _1707_/Z
 _1708_/Z
 _1709_/Z
 _1710_/Z
 _1711_/Z
 _1712_/Z
 _1713_/Z
 _1714_/Z
 _1715_/Z
 _1716_/Z
 _1717_/Z
 _1718_/Z
 _1719_/Z
 _1720_/Z
 _1721_/Z
 _1722_/Z
 _1723_/Z
 _1724_/Z
 _1725_/Z
 _1726_/Z
 _1727_/Z
 _1728_/Z
 _1729_/Z
 _1730_/Z
 _1731_/Z
 _1732_/Z
 _1733_/Z
 _1734_/Z
 _1735_/Z
 _1736_/Z
 _1737_/Z
 _1738_/Z
 _1739_/Z
 _1740_/Z
 _1741_/Z
 _1742_/Z
 _1743_/Z
 _1744_/Z
 _1745_/Z
 _1746_/Z
 _1747_/Z
 _1748_/Z
 _1749_/Z
 _1750_/Z
 _1751_/Z
 _1752_/Z
 _1753_/Z
 _1754_/Z
 _1755_/Z
 _1756_/Z
 _1757_/Z
 _1758_/Z
 _1759_/Z
 _1760_/Z
 _1761_/Z
 _1762_/Z
 _1763_/Z
 _1764_/Z
 _1765_/Z
 _1766_/Z
 _1767_/Z
 _1768_/Z
 _1769_/Z
 _1770_/Z
 _1771_/Z
 _1772_/Z
 _1773_/Z
 _1774_/Z
 _1775_/Z
 _1776_/Z
 _1777_/Z
 _1778_/Z
 _1779_/Z
 _1780_/Z
 _1781_/Z
 _1782_/Z
 _1783_/Z
 _1784_/Z
 _1785_/Z
 _1786_/Z
 _1787_/Z
 _1788_/Z
 _1789_/Z
 _1790_/Z
 _1791_/Z
 _1792_/Z
 _1793_/Z
 _1794_/Z
 _1795_/Z
 _1796_/Z
 _1797_/Z
 _1798_/Z
 _1799_/Z
 _17_/Z
 _1800_/Z
 _1801_/Z
 _1802_/Z
 _1803_/Z
 _1804_/Z
 _1805_/Z
 _1806_/Z
 _1807_/Z
 _1808_/Z
 _1809_/Z
 _1810_/Z
 _1811_/Z
 _1812_/Z
 _1813_/Z
 _1814_/Z
 _1815_/Z
 _1816_/Z
 _1817_/Z
 _1818_/Z
 _1819_/Z
 _1820_/Z
 _1821_/Z
 _1822_/Z
 _1823_/Z
 _1824_/Z
 _1825_/Z
 _1826_/Z
 _1827_/Z
 _1828_/Z
 _1829_/Z
 _1830_/Z
 _1831_/Z
 _1832_/Z
 _1833_/Z
 _1834_/Z
 _1835_/Z
 _1836_/Z
 _1837_/Z
 _1838_/Z
 _1839_/Z
 _1840_/Z
 _1841_/Z
 _1842_/Z
 _1843_/Z
 _1844_/Z
 _1845_/Z
 _1846_/Z
 _1847_/Z
 _1848_/Z
 _1849_/Z
 _1850_/Z
 _1851_/Z
 _1852_/Z
 _1853_/Z
 _1854_/Z
 _1855_/Z
 _1856_/Z
 _1857_/Z
 _1858_/Z
 _1859_/Z
 _1860_/Z
 _1861_/Z
 _1862_/Z
 _1863_/Z
 _1864_/Z
 _1865_/Z
 _1866_/Z
 _1867_/Z
 _1868_/Z
 _1869_/Z
 _1870_/Z
 _1871_/Z
 _1872_/Z
 _1873_/Z
 _1874_/Z
 _1875_/Z
 _1876_/Z
 _1877_/Z
 _1878_/Z
 _1879_/Z
 _1880_/Z
 _1881_/Z
 _1882_/Z
 _1883_/Z
 _1884_/Z
 _1885_/Z
 _1886_/Z
 _1887_/Z
 _1888_/Z
 _1889_/Z
 _1890_/Z
 _1891_/Z
 _1892_/Z
 _1893_/Z
 _1894_/Z
 _1895_/Z
 _1896_/Z
 _1897_/Z
 _1898_/Z
 _1899_/Z
 _18_/ZN
 _1900_/Z
 _1901_/Z
 _1902_/Z
 _1903_/Z
 _1904_/Z
 _1905_/Z
 _1906_/Z
 _1907_/Z
 _1908_/Z
 _1909_/Z
 _1910_/Z
 _1911_/Z
 _1912_/Z
 _1913_/Z
 _1914_/Z
 _1915_/Z
 _1916_/Z
 _1917_/Z
 _1918_/Z
 _1919_/Z
 _1920_/Z
 _1921_/Z
 _1922_/Z
 _1923_/Z
 _1924_/Z
 _1925_/Z
 _1926_/Z
 _1927_/Z
 _1928_/Z
 _1929_/Z
 _1930_/Z
 _1931_/Z
 _1932_/Z
 _1933_/Z
 _1934_/Z
 _1935_/Z
 _1936_/Z
 _1937_/Z
 _1938_/Z
 _1939_/Z
 _1940_/Z
 _1941_/Z
 _1942_/Z
 _1943_/Z
 _1944_/Z
 _1945_/Z
 _1946_/Z
 _1947_/Z
 _1948_/Z
 _1949_/Z
 _1950_/Z
 _1951_/Z
 _1952_/Z
 _1953_/Z
 _1954_/Z
 _1955_/Z
 _1956_/Z
 _1957_/Z
 _1958_/Z
 _1959_/Z
 _1960_/Z
 _1961_/Z
 _1962_/Z
 _1963_/Z
 _1964_/Z
 _1965_/Z
 _1966_/Z
 _1967_/Z
 _1968_/Z
 _1969_/Z
 _1970_/Z
 _1971_/Z
 _1972_/Z
 _1973_/Z
 _1974_/Z
 _1975_/Z
 _1976_/Z
 _1977_/Z
 _1978_/Z
 _1979_/Z
 _1980_/Z
 _1981_/Z
 _1982_/Z
 _1983_/Z
 _1984_/Z
 _1985_/Z
 _1986_/Z
 _1987_/Z
 _1988_/Z
 _1989_/Z
 _1990_/Z
 _1991_/Z
 _1992_/Z
 _1993_/Z
 _1994_/Z
 _1995_/Z
 _1996_/Z
 _1997_/Z
 _1998_/Z
 _1999_/Z
 _19_/Z
 _2000_/Z
 _2001_/Z
 _2002_/Z
 _2003_/Z
 _2004_/Z
 _2005_/Z
 _2006_/Z
 _2007_/Z
 _2008_/Z
 _2009_/Z
 _2010_/Z
 _2011_/Z
 _2012_/Z
 _2013_/Z
 _2014_/Z
 _2015_/Z
 _2016_/Z
 _2017_/Z
 _2018_/Z
 _2019_/Z
 _2020_/Z
 _2021_/Z
 _2022_/Z
 _2023_/Z
 _2024_/Z
 _2025_/Z
 _2026_/Z
 _2027_/Z
 _2028_/Z
 _2029_/Z
 _2030_/Z
 _2031_/Z
 _2032_/Z
 _2033_/Z
 _2034_/Z
 _2035_/Z
 _2036_/Z
 _2037_/Z
 _2038_/Z
 _2039_/Z
 _2040_/Z
 _2041_/Z
 _2042_/Z
 _2043_/Z
 _2044_/Z
 _2045_/Z
 _2046_/Z
 _2047_/Z
 _2048_/Z
 _2049_/Z
 _2050_/Z
 _2051_/Z
 _2052_/Z
 _2053_/Z
 _2054_/Z
 _2055_/Z
 _2056_/Z
 _2057_/Z
 _2058_/Z
 _2059_/Z
 _2060_/Z
 _2061_/Z
 _2062_/ZN
 _2063_/ZN
 _2064_/ZN
 _2065_/ZN
 _2066_/ZN
 _2067_/ZN
 _2068_/ZN
 _2069_/ZN
 _2070_/ZN
 _2071_/ZN
 _2072_/ZN
 _2073_/ZN
 _2074_/ZN
 _2075_/ZN
 _2076_/ZN
 _2077_/ZN
 _2078_/ZN
 _2079_/ZN
 _2080_/ZN
 _2081_/ZN
 _2082_/ZN
 _2083_/ZN
 _2084_/ZN
 _2085_/ZN
 _2086_/ZN
 _2087_/ZN
 _2088_/ZN
 _2089_/ZN
 _2090_/ZN
 _2091_/ZN
 _2092_/ZN
 _2093_/ZN
 _2094_/ZN
 _2095_/ZN
 _2096_/ZN
 _2097_/ZN
 _2098_/ZN
 _2099_/ZN
 _20_/ZN
 _2100_/ZN
 _2101_/ZN
 _2102_/ZN
 _2103_/ZN
 _2104_/ZN
 _2105_/ZN
 _2106_/ZN
 _2107_/ZN
 _2108_/ZN
 _2109_/ZN
 _2110_/ZN
 _2111_/ZN
 _2112_/ZN
 _2113_/ZN
 _2114_/ZN
 _2115_/ZN
 _2116_/ZN
 _2117_/ZN
 _2118_/ZN
 _2119_/ZN
 _2120_/ZN
 _2121_/ZN
 _2122_/ZN
 _2123_/ZN
 _2124_/ZN
 _2125_/ZN
 _2126_/ZN
 _2127_/ZN
 _2128_/ZN
 _2129_/ZN
 _2130_/ZN
 _2131_/ZN
 _2132_/ZN
 _2133_/ZN
 _2134_/ZN
 _2135_/ZN
 _2136_/ZN
 _2137_/ZN
 _2138_/ZN
 _2139_/ZN
 _2140_/ZN
 _2141_/ZN
 _2142_/ZN
 _2143_/ZN
 _2144_/ZN
 _2145_/ZN
 _2146_/ZN
 _2147_/ZN
 _2148_/ZN
 _2149_/ZN
 _2150_/ZN
 _2151_/ZN
 _2152_/ZN
 _2153_/ZN
 _2154_/ZN
 _2155_/ZN
 _2156_/ZN
 _2157_/ZN
 _2158_/ZN
 _2159_/ZN
 _2160_/ZN
 _2161_/ZN
 _2162_/ZN
 _2163_/ZN
 _2164_/ZN
 _2165_/ZN
 _2166_/ZN
 _2167_/ZN
 _2168_/ZN
 _2169_/ZN
 _2170_/ZN
 _2171_/ZN
 _2172_/ZN
 _2173_/ZN
 _2174_/ZN
 _2175_/ZN
 _2176_/ZN
 _2177_/ZN
 _2178_/ZN
 _2179_/ZN
 _2180_/ZN
 _2181_/ZN
 _2182_/ZN
 _2183_/ZN
 _2184_/ZN
 _2185_/ZN
 _2186_/ZN
 _2187_/ZN
 _2188_/ZN
 _2189_/ZN
 _2190_/ZN
 _2191_/ZN
 _2192_/ZN
 _2193_/ZN
 _2194_/ZN
 _2195_/ZN
 _2196_/ZN
 _2197_/ZN
 _2198_/ZN
 _2199_/ZN
 _21_/Z
 _2200_/ZN
 _2201_/ZN
 _2202_/ZN
 _2203_/ZN
 _2204_/ZN
 _2205_/ZN
 _2206_/ZN
 _2207_/ZN
 _2208_/ZN
 _2209_/ZN
 _2210_/ZN
 _2211_/ZN
 _2212_/ZN
 _2213_/ZN
 _2214_/ZN
 _2215_/ZN
 _2216_/ZN
 _2217_/ZN
 _2218_/ZN
 _2219_/ZN
 _2220_/ZN
 _2221_/ZN
 _2222_/ZN
 _2223_/ZN
 _2224_/ZN
 _2225_/ZN
 _2226_/ZN
 _2227_/ZN
 _2228_/ZN
 _2229_/ZN
 _2230_/ZN
 _2231_/ZN
 _2232_/ZN
 _2233_/ZN
 _2234_/ZN
 _2235_/ZN
 _2236_/ZN
 _2237_/ZN
 _2238_/ZN
 _2239_/ZN
 _2240_/ZN
 _2241_/ZN
 _2242_/ZN
 _2243_/ZN
 _2244_/ZN
 _2245_/ZN
 _2246_/ZN
 _2247_/ZN
 _2248_/ZN
 _2249_/ZN
 _2250_/ZN
 _2251_/ZN
 _2252_/ZN
 _2253_/ZN
 _2254_/ZN
 _2255_/ZN
 _2256_/ZN
 _2257_/ZN
 _2258_/ZN
 _2259_/ZN
 _2260_/ZN
 _2261_/ZN
 _2262_/ZN
 _2263_/ZN
 _2264_/ZN
 _2265_/ZN
 _2266_/ZN
 _2267_/ZN
 _2268_/ZN
 _2269_/ZN
 _2270_/ZN
 _2271_/ZN
 _2272_/ZN
 _2273_/ZN
 _2274_/ZN
 _2275_/ZN
 _2276_/ZN
 _2277_/ZN
 _2278_/ZN
 _2279_/ZN
 _2280_/ZN
 _2281_/ZN
 _2282_/ZN
 _2283_/ZN
 _2284_/ZN
 _2285_/ZN
 _2286_/ZN
 _2287_/ZN
 _2288_/ZN
 _2289_/ZN
 _2290_/ZN
 _2291_/ZN
 _2292_/ZN
 _2293_/ZN
 _2294_/ZN
 _2295_/ZN
 _2296_/ZN
 _2297_/ZN
 _2298_/ZN
 _2299_/ZN
 _2300_/ZN
 _2301_/ZN
 _2302_/ZN
 _2303_/ZN
 _2304_/ZN
 _2305_/ZN
 _2306_/ZN
 _2307_/ZN
 _2308_/ZN
 _2309_/ZN
 _2310_/ZN
 _2311_/ZN
 _2312_/ZN
 _2313_/ZN
 _2314_/ZN
 _2315_/ZN
 _2316_/ZN
 _2317_/ZN
 _2318_/ZN
 _2319_/ZN
 _2320_/ZN
 _2321_/ZN
 _2322_/ZN
 _2323_/ZN
 _2324_/ZN
 _2325_/ZN
 _2326_/ZN
 _2327_/ZN
 _2328_/ZN
 _2329_/ZN
 _2330_/ZN
 _2331_/ZN
 _2332_/ZN
 _2333_/ZN
 _2334_/ZN
 _2335_/ZN
 _2336_/ZN
 _2337_/ZN
 _2338_/ZN
 _2339_/ZN
 _2340_/ZN
 _2341_/ZN
 _2342_/ZN
 _2343_/ZN
 _2344_/ZN
 _2345_/ZN
 _2346_/ZN
 _2347_/ZN
 _2348_/ZN
 _2349_/ZN
 _2350_/ZN
 _2351_/ZN
 _2352_/ZN
 _2353_/ZN
 _2354_/ZN
 _2355_/ZN
 _2356_/ZN
 _2357_/ZN
 _2358_/ZN
 _2359_/ZN
 _2360_/ZN
 _2361_/ZN
 _2362_/ZN
 _2363_/ZN
 _2364_/ZN
 _2365_/ZN
 _2366_/ZN
 _2367_/ZN
 _2368_/ZN
 _2369_/ZN
 _2370_/ZN
 _2371_/ZN
 _2372_/ZN
 _2373_/ZN
 _2374_/ZN
 _2375_/ZN
 _2376_/ZN
 _2377_/ZN
 _2378_/ZN
 _2379_/ZN
 _2380_/ZN
 _2381_/ZN
 _2382_/ZN
 _2383_/ZN
 _2384_/ZN
 _2385_/ZN
 _2386_/ZN
 _2387_/ZN
 _2388_/ZN
 _2389_/ZN
 _2390_/ZN
 _2391_/ZN
 _2392_/ZN
 _2393_/ZN
 _2394_/ZN
 _2395_/ZN
 _2396_/ZN
 _2397_/ZN
 _2398_/ZN
 _2399_/ZN
 _2400_/ZN
 _2401_/ZN
 _2402_/ZN
 _2403_/ZN
 _2404_/ZN
 _2405_/ZN
 _2406_/ZN
 _2407_/ZN
 _2408_/ZN
 _2409_/ZN
 _2410_/ZN
 _2411_/ZN
 _2412_/ZN
 _2413_/ZN
 _2414_/ZN
 _2415_/ZN
 _2416_/ZN
 _2417_/ZN
 _2418_/ZN
 _2419_/ZN
 _2420_/ZN
 _2421_/ZN
 _2422_/ZN
 _2423_/ZN
 _2424_/ZN
 _2425_/ZN
 _2426_/ZN
 _2427_/ZN
 _2428_/ZN
 _2429_/ZN
 _2430_/ZN
 _2431_/ZN
 _2432_/ZN
 _2433_/ZN
 _2434_/ZN
 _2435_/ZN
 _2436_/ZN
 _2437_/ZN
 _2438_/ZN
 _2439_/ZN
 _2440_/ZN
 _2441_/ZN
 _2442_/ZN
 _2443_/ZN
 _2444_/ZN
 _2445_/ZN
 _2446_/ZN
 _2447_/ZN
 _2448_/ZN
 _2449_/ZN
 _2450_/ZN
 _2451_/ZN
 _2452_/ZN
 _2453_/ZN
 _2454_/ZN
 _2455_/ZN
 _2456_/ZN
 _2457_/ZN
 _2458_/ZN
 _2459_/ZN
 _2460_/ZN
 _2461_/ZN
 _2462_/ZN
 _2463_/ZN
 _2464_/ZN
 _2465_/ZN
 _2466_/ZN
 _2467_/ZN
 _2468_/ZN
 _2469_/ZN
 _2470_/ZN
 _2471_/ZN
 _2472_/ZN
 _2473_/ZN
 _2474_/ZN
 _2475_/ZN
 _2476_/ZN
 _2477_/ZN
 _2478_/ZN
 _2479_/ZN
 _2480_/ZN
 _2481_/ZN
 _2482_/ZN
 _2483_/ZN
 _2484_/ZN
 _2485_/ZN
 _2486_/ZN
 _2487_/ZN
 _2488_/ZN
 _2489_/ZN
 _2490_/ZN
 _2491_/ZN
 _2492_/ZN
 _2493_/ZN
 _2494_/ZN
 _2495_/ZN
 _2496_/ZN
 _2497_/ZN
 _2498_/ZN
 _2499_/ZN
 _2500_/ZN
 _2501_/ZN
 _2502_/ZN
 _2503_/ZN
 _2504_/ZN
 _2505_/ZN
 _2506_/ZN
 _2507_/ZN
 _2508_/ZN
 _2509_/ZN
 _2510_/ZN
 _2511_/ZN
 _2512_/ZN
 _2513_/ZN
 _2514_/ZN
 _2515_/ZN
 _2516_/ZN
 _2517_/ZN
 _2518_/ZN
 _2519_/ZN
 _2520_/ZN
 _2521_/ZN
 _2522_/ZN
 _2523_/ZN
 _2524_/ZN
 _2525_/ZN
 _2526_/ZN
 _2527_/ZN
 _2528_/ZN
 _2529_/ZN
 _2530_/ZN
 _2531_/ZN
 _2532_/ZN
 _2533_/ZN
 _2534_/ZN
 _2535_/ZN
 _2536_/ZN
 _2537_/ZN
 _2538_/ZN
 _2539_/ZN
 _2540_/ZN
 _2541_/ZN
 _2542_/ZN
 _2543_/ZN
 _2544_/ZN
 _2545_/ZN
 _2546_/ZN
 _2547_/ZN
 _2548_/ZN
 _2549_/ZN
 _2550_/ZN
 _2551_/ZN
 _2552_/ZN
 _2553_/ZN
 _2554_/ZN
 _2555_/ZN
 _2556_/ZN
 _2557_/ZN
 _2558_/ZN
 _2559_/ZN
 _2560_/ZN
 _2561_/ZN
 _2562_/ZN
 _2563_/ZN
 _2564_/ZN
 _2565_/ZN
 _2566_/ZN
 _2567_/ZN
 _2568_/ZN
 _2569_/ZN
 _2570_/ZN
 _2571_/ZN
 _2572_/ZN
 _2573_/ZN
 _2574_/ZN
 _2575_/ZN
 _2576_/ZN
 _2577_/ZN
 _2578_/ZN
 _2579_/ZN
 _2580_/ZN
 _2581_/ZN
 _2582_/ZN
 _2583_/ZN
 _2584_/ZN
 _2585_/ZN
 _2586_/ZN
 _2587_/ZN
 _2588_/ZN
 _2589_/ZN
 _2590_/ZN
 _2591_/ZN
 _2592_/ZN
 _2593_/ZN
 _2594_/ZN
 _2595_/ZN
 _2596_/ZN
 _2597_/ZN
 _2598_/ZN
 _2599_/ZN
 _2600_/ZN
 _2601_/ZN
 _2602_/ZN
 _2603_/ZN
 _2604_/ZN
 _2605_/ZN
 _2606_/ZN
 _2607_/ZN
 _2608_/ZN
 _2609_/ZN
 _2610_/ZN
 _2611_/ZN
 _2612_/ZN
 _2613_/ZN
 _2614_/ZN
 _2615_/ZN
 _2616_/ZN
 _2617_/ZN
 _2618_/ZN
 _2619_/ZN
 _2620_/ZN
 _2621_/ZN
 _2622_/ZN
 _2623_/ZN
 _2624_/ZN
 _2625_/ZN
 _2626_/ZN
 _2627_/ZN
 _2628_/ZN
 _2629_/ZN
 _2630_/ZN
 _2631_/ZN
 _2632_/ZN
 _2633_/ZN
 _2634_/ZN
 _2635_/ZN
 _2636_/ZN
 _2637_/ZN
 _2638_/ZN
 _2639_/ZN
 _2640_/ZN
 _2641_/ZN
 _2642_/ZN
 _2643_/ZN
 _2644_/ZN
 _2645_/ZN
 _2646_/ZN
 _2647_/ZN
 _2648_/ZN
 _2649_/ZN
 _2650_/ZN
 _2651_/ZN
 _2652_/ZN
 _2653_/ZN
 _2654_/ZN
 _2655_/ZN
 _2656_/ZN
 _2657_/ZN
 _2658_/ZN
 _2659_/ZN
 _2660_/ZN
 _2661_/ZN
 _2662_/ZN
 _2663_/ZN
 _2664_/ZN
 _2665_/ZN
 _2666_/ZN
 _2667_/ZN
 _2668_/ZN
 _2669_/ZN
 _2670_/ZN
 _2671_/ZN
 _2672_/ZN
 _2673_/ZN
 _2674_/ZN
 _2675_/ZN
 _2676_/ZN
 _2677_/ZN
 _2678_/ZN
 _2679_/ZN
 _2680_/ZN
 _2681_/ZN
 _2682_/ZN
 _2683_/ZN
 _2684_/ZN
 _2685_/ZN
 _2686_/ZN
 _2687_/ZN
 _2688_/ZN
 _2689_/ZN
 _2690_/ZN
 _2691_/ZN
 _2692_/ZN
 _2693_/ZN
 _2694_/ZN
 _2695_/ZN
 _2696_/ZN
 _2697_/ZN
 _2698_/ZN
 _2699_/ZN
 _2700_/ZN
 _2701_/ZN
 _2702_/ZN
 _2703_/ZN
 _2704_/ZN
 _2705_/ZN
 _2706_/ZN
 _2707_/ZN
 _2708_/ZN
 _2709_/ZN
 _2710_/ZN
 _2711_/ZN
 _2712_/ZN
 _2713_/ZN
 _2714_/ZN
 _2715_/ZN
 _2716_/ZN
 _2717_/ZN
 _2718_/ZN
 _2719_/ZN
 _2720_/ZN
 _2721_/ZN
 _2722_/ZN
 _2723_/ZN
 _2724_/ZN
 _2725_/ZN
 _2726_/ZN
 _2727_/ZN
 _2728_/ZN
 _2729_/ZN
 _2730_/ZN
 _2731_/ZN
 _2732_/ZN
 _2733_/ZN
 _2734_/ZN
 _2735_/ZN
 _2736_/ZN
 _2737_/ZN
 _2738_/ZN
 _2739_/ZN
 _2740_/ZN
 _2741_/ZN
 _2742_/ZN
 _2743_/ZN
 _2744_/ZN
 _2745_/ZN
 _2746_/ZN
 _2747_/ZN
 _2748_/ZN
 _2749_/ZN
 _2750_/ZN
 _2751_/ZN
 _2752_/ZN
 _2753_/ZN
 _2754_/ZN
 _2755_/ZN
 _2756_/ZN
 _2757_/ZN
 _2758_/ZN
 _2759_/ZN
 _2760_/ZN
 _2761_/ZN
 _2762_/ZN
 _2763_/ZN
 _2764_/ZN
 _2765_/ZN
 _2766_/ZN
 _2767_/ZN
 _2768_/ZN
 _2769_/ZN
 _2770_/ZN
 _2771_/ZN
 _2772_/ZN
 _2773_/ZN
 _2774_/ZN
 _2775_/ZN
 _2776_/ZN
 _2777_/ZN
 _2778_/ZN
 _2779_/ZN
 _2780_/ZN
 _2781_/ZN
 _2782_/ZN
 _2783_/ZN
 _2784_/ZN
 _2785_/ZN
 _2786_/ZN
 _2787_/ZN
 _2788_/ZN
 _2789_/ZN
 _2790_/ZN
 _2791_/ZN
 _2792_/ZN
 _2793_/ZN
 _2794_/ZN
 _2795_/ZN
 _2796_/ZN
 _2797_/ZN
 _2798_/ZN
 _2799_/ZN
 _2800_/ZN
 _2801_/ZN
 _2802_/ZN
 _2803_/ZN
 _2804_/ZN
 _2805_/ZN
 adder_tree._0715_/ZN
 adder_tree._0716_/ZN
 adder_tree._0717_/ZN
 adder_tree._0718_/ZN
 adder_tree._0719_/ZN
 adder_tree._0720_/ZN
 adder_tree._0721_/ZN
 adder_tree._0722_/ZN
 adder_tree._0723_/ZN
 adder_tree._0724_/ZN
 adder_tree._0725_/ZN
 adder_tree._0726_/ZN
 adder_tree._0727_/ZN
 adder_tree._0728_/Z
 adder_tree._0729_/Z
 adder_tree._0730_/Z
 adder_tree._0731_/Z
 adder_tree._0732_/Z
 adder_tree._0733_/Z
 adder_tree._0734_/Z
 adder_tree._0735_/Z
 adder_tree._0736_/ZN
 adder_tree._0737_/Z
 adder_tree._0738_/Z
 adder_tree._0739_/Z
 adder_tree._0740_/Z
 adder_tree._0741_/ZN
 adder_tree._0742_/Z
 adder_tree._0743_/ZN
 adder_tree._0744_/ZN
 adder_tree._0745_/Z
 adder_tree._0746_/ZN
 adder_tree._0747_/Z
 adder_tree._0748_/ZN
 adder_tree._0749_/Z
 adder_tree._0750_/ZN
 adder_tree._0751_/Z
 adder_tree._0752_/ZN
 adder_tree._0753_/Z
 adder_tree._0754_/ZN
 adder_tree._0755_/ZN
 adder_tree._0756_/ZN
 adder_tree._0757_/ZN
 adder_tree._0758_/Z
 adder_tree._0759_/ZN
 adder_tree._0760_/ZN
 adder_tree._0761_/Z
 adder_tree._0762_/Z
 adder_tree._0763_/Z
 adder_tree._0764_/Z
 adder_tree._0765_/ZN
 adder_tree._0766_/Z
 adder_tree._0767_/ZN
 adder_tree._0768_/Z
 adder_tree._0769_/ZN
 adder_tree._0770_/Z
 adder_tree._0771_/Z
 adder_tree._0772_/Z
 adder_tree._0773_/ZN
 adder_tree._0774_/ZN
 adder_tree._0775_/Z
 adder_tree._0776_/Z
 adder_tree._0777_/Z
 adder_tree._0778_/Z
 adder_tree._0779_/ZN
 adder_tree._0780_/ZN
 adder_tree._0781_/ZN
 adder_tree._0782_/ZN
 adder_tree._0783_/ZN
 adder_tree._0784_/ZN
 adder_tree._0785_/Z
 adder_tree._0786_/ZN
 adder_tree._0787_/ZN
 adder_tree._0788_/Z
 adder_tree._0789_/Z
 adder_tree._0790_/Z
 adder_tree._0791_/ZN
 adder_tree._0792_/Z
 adder_tree._0793_/Z
 adder_tree._0794_/ZN
 adder_tree._0795_/ZN
 adder_tree._0796_/Z
 adder_tree._0797_/Z
 adder_tree._0798_/ZN
 adder_tree._0799_/ZN
 adder_tree._0800_/ZN
 adder_tree._0801_/ZN
 adder_tree._0802_/ZN
 adder_tree._0803_/ZN
 adder_tree._0804_/ZN
 adder_tree._0805_/ZN
 adder_tree._0806_/ZN
 adder_tree._0807_/ZN
 adder_tree._0808_/ZN
 adder_tree._0809_/ZN
 adder_tree._0810_/ZN
 adder_tree._0811_/Z
 adder_tree._0812_/Z
 adder_tree._0813_/Z
 adder_tree._0814_/ZN
 adder_tree._0815_/ZN
 adder_tree._0816_/Z
 adder_tree._0817_/ZN
 adder_tree._0818_/Z
 adder_tree._0819_/ZN
 adder_tree._0820_/Z
 adder_tree._0821_/ZN
 adder_tree._0822_/ZN
 adder_tree._0823_/ZN
 adder_tree._0824_/ZN
 adder_tree._0825_/ZN
 adder_tree._0826_/Z
 adder_tree._0827_/ZN
 adder_tree._0828_/ZN
 adder_tree._0829_/ZN
 adder_tree._0830_/Z
 adder_tree._0831_/ZN
 adder_tree._0832_/Z
 adder_tree._0833_/ZN
 adder_tree._0834_/ZN
 adder_tree._0835_/ZN
 adder_tree._0836_/Z
 adder_tree._0837_/ZN
 adder_tree._0838_/ZN
 adder_tree._0839_/ZN
 adder_tree._0840_/ZN
 adder_tree._0841_/ZN
 adder_tree._0842_/Z
 adder_tree._0843_/ZN
 adder_tree._0844_/ZN
 adder_tree._0845_/Z
 adder_tree._0846_/Z
 adder_tree._0847_/Z
 adder_tree._0848_/ZN
 adder_tree._0849_/Z
 adder_tree._0850_/ZN
 adder_tree._0851_/ZN
 adder_tree._0852_/Z
 adder_tree._0853_/ZN
 adder_tree._0854_/Z
 adder_tree._0855_/ZN
 adder_tree._0856_/Z
 adder_tree._0857_/Z
 adder_tree._0858_/Z
 adder_tree._0859_/Z
 adder_tree._0860_/ZN
 adder_tree._0861_/ZN
 adder_tree._0862_/ZN
 adder_tree._0863_/ZN
 adder_tree._0864_/Z
 adder_tree._0865_/ZN
 adder_tree._0866_/ZN
 adder_tree._0867_/ZN
 adder_tree._0868_/ZN
 adder_tree._0869_/ZN
 adder_tree._0870_/Z
 adder_tree._0871_/Z
 adder_tree._0872_/Z
 adder_tree._0873_/ZN
 adder_tree._0874_/ZN
 adder_tree._0875_/ZN
 adder_tree._0876_/Z
 adder_tree._0877_/ZN
 adder_tree._0878_/Z
 adder_tree._0879_/ZN
 adder_tree._0880_/ZN
 adder_tree._0881_/Z
 adder_tree._0882_/ZN
 adder_tree._0883_/ZN
 adder_tree._0884_/ZN
 adder_tree._0885_/ZN
 adder_tree._0886_/Z
 adder_tree._0887_/ZN
 adder_tree._0888_/ZN
 adder_tree._0889_/ZN
 adder_tree._0890_/Z
 adder_tree._0891_/ZN
 adder_tree._0892_/Z
 adder_tree._0893_/ZN
 adder_tree._0894_/ZN
 adder_tree._0895_/ZN
 adder_tree._0896_/ZN
 adder_tree._0897_/ZN
 adder_tree._0898_/Z
 adder_tree._0899_/ZN
 adder_tree._0900_/ZN
 adder_tree._0901_/ZN
 adder_tree._0902_/ZN
 adder_tree._0903_/ZN
 adder_tree._0904_/Z
 adder_tree._0905_/ZN
 adder_tree._0906_/ZN
 adder_tree._0907_/Z
 adder_tree._0908_/Z
 adder_tree._0909_/Z
 adder_tree._0910_/ZN
 adder_tree._0911_/Z
 adder_tree._0912_/ZN
 adder_tree._0913_/ZN
 adder_tree._0914_/Z
 adder_tree._0915_/ZN
 adder_tree._0916_/ZN
 adder_tree._0917_/ZN
 adder_tree._0918_/Z
 adder_tree._0919_/Z
 adder_tree._0920_/ZN
 adder_tree._0921_/ZN
 adder_tree._0922_/ZN
 adder_tree._0923_/ZN
 adder_tree._0924_/Z
 adder_tree._0925_/Z
 adder_tree._0926_/ZN
 adder_tree._0927_/ZN
 adder_tree._0928_/ZN
 adder_tree._0929_/ZN
 adder_tree._0930_/ZN
 adder_tree._0931_/ZN
 adder_tree._0932_/ZN
 adder_tree._0933_/ZN
 adder_tree._0934_/ZN
 adder_tree._0935_/ZN
 adder_tree._0936_/ZN
 adder_tree._0937_/ZN
 adder_tree._0938_/Z
 adder_tree._0939_/Z
 adder_tree._0940_/Z
 adder_tree._0941_/ZN
 adder_tree._0942_/ZN
 adder_tree._0943_/Z
 adder_tree._0944_/ZN
 adder_tree._0945_/Z
 adder_tree._0946_/ZN
 adder_tree._0947_/Z
 adder_tree._0948_/ZN
 adder_tree._0949_/ZN
 adder_tree._0950_/ZN
 adder_tree._0951_/ZN
 adder_tree._0952_/ZN
 adder_tree._0953_/ZN
 adder_tree._0954_/ZN
 adder_tree._0955_/ZN
 adder_tree._0956_/ZN
 adder_tree._0957_/Z
 adder_tree._0958_/ZN
 adder_tree._0959_/Z
 adder_tree._0960_/ZN
 adder_tree._0961_/ZN
 adder_tree._0962_/ZN
 adder_tree._0963_/ZN
 adder_tree._0964_/ZN
 adder_tree._0965_/Z
 adder_tree._0966_/ZN
 adder_tree._0967_/ZN
 adder_tree._0968_/ZN
 adder_tree._0969_/ZN
 adder_tree._0970_/ZN
 adder_tree._0971_/Z
 adder_tree._0972_/ZN
 adder_tree._0973_/ZN
 adder_tree._0974_/Z
 adder_tree._0975_/Z
 adder_tree._0976_/Z
 adder_tree._0977_/ZN
 adder_tree._0978_/Z
 adder_tree._0979_/ZN
 adder_tree._0980_/ZN
 adder_tree._0981_/Z
 adder_tree._0982_/ZN
 adder_tree._0983_/ZN
 adder_tree._0984_/Z
 adder_tree._0985_/Z
 adder_tree._0986_/Z
 adder_tree._0987_/ZN
 adder_tree._0988_/ZN
 adder_tree._0989_/ZN
 adder_tree._0990_/ZN
 adder_tree._0991_/Z
 adder_tree._0992_/Z
 adder_tree._0993_/Z
 adder_tree._0994_/ZN
 adder_tree._0995_/ZN
 adder_tree._0996_/Z
 adder_tree._0997_/ZN
 adder_tree._0998_/Z
 adder_tree._0999_/Z
 adder_tree._1000_/Z
 adder_tree._1001_/Z
 adder_tree._1002_/ZN
 adder_tree._1003_/ZN
 adder_tree._1004_/ZN
 adder_tree._1005_/ZN
 adder_tree._1006_/ZN
 adder_tree._1007_/ZN
 adder_tree._1008_/Z
 adder_tree._1009_/Z
 adder_tree._1010_/Z
 adder_tree._1011_/ZN
 adder_tree._1012_/ZN
 adder_tree._1013_/Z
 adder_tree._1014_/ZN
 adder_tree._1015_/Z
 adder_tree._1016_/ZN
 adder_tree._1017_/Z
 adder_tree._1018_/ZN
 adder_tree._1019_/ZN
 adder_tree._1020_/ZN
 adder_tree._1021_/ZN
 adder_tree._1022_/ZN
 adder_tree._1023_/ZN
 adder_tree._1024_/ZN
 adder_tree._1025_/ZN
 adder_tree._1026_/ZN
 adder_tree._1027_/Z
 adder_tree._1028_/ZN
 adder_tree._1029_/Z
 adder_tree._1030_/ZN
 adder_tree._1031_/ZN
 adder_tree._1032_/ZN
 adder_tree._1033_/ZN
 adder_tree._1034_/ZN
 adder_tree._1035_/Z
 adder_tree._1036_/ZN
 adder_tree._1037_/ZN
 adder_tree._1038_/ZN
 adder_tree._1039_/ZN
 adder_tree._1040_/ZN
 adder_tree._1041_/Z
 adder_tree._1042_/ZN
 adder_tree._1043_/Z
 adder_tree._1044_/Z
 adder_tree._1045_/Z
 adder_tree._1046_/Z
 adder_tree._1047_/ZN
 adder_tree._1048_/Z
 adder_tree._1049_/ZN
 adder_tree._1050_/ZN
 adder_tree._1051_/Z
 adder_tree._1052_/ZN
 adder_tree._1053_/ZN
 adder_tree._1054_/Z
 adder_tree._1055_/Z
 adder_tree._1056_/Z
 adder_tree._1057_/ZN
 adder_tree._1058_/ZN
 adder_tree._1059_/ZN
 adder_tree._1060_/ZN
 adder_tree._1061_/Z
 adder_tree._1062_/Z
 adder_tree._1063_/ZN
 adder_tree._1064_/ZN
 adder_tree._1065_/Z
 adder_tree._1066_/ZN
 adder_tree._1067_/ZN
 adder_tree._1068_/Z
 adder_tree._1069_/ZN
 adder_tree._1070_/ZN
 adder_tree._1071_/ZN
 adder_tree._1072_/ZN
 adder_tree._1073_/ZN
 adder_tree._1074_/Z
 adder_tree._1075_/Z
 adder_tree._1076_/Z
 adder_tree._1077_/ZN
 adder_tree._1078_/ZN
 adder_tree._1079_/Z
 adder_tree._1080_/ZN
 adder_tree._1081_/Z
 adder_tree._1082_/ZN
 adder_tree._1083_/Z
 adder_tree._1084_/ZN
 adder_tree._1085_/ZN
 adder_tree._1086_/ZN
 adder_tree._1087_/ZN
 adder_tree._1088_/ZN
 adder_tree._1089_/ZN
 adder_tree._1090_/ZN
 adder_tree._1091_/ZN
 adder_tree._1092_/ZN
 adder_tree._1093_/Z
 adder_tree._1094_/ZN
 adder_tree._1095_/Z
 adder_tree._1096_/ZN
 adder_tree._1097_/ZN
 adder_tree._1098_/Z
 adder_tree._1099_/ZN
 adder_tree._1100_/Z
 adder_tree._1101_/ZN
 adder_tree._1102_/ZN
 adder_tree._1103_/ZN
 adder_tree._1104_/ZN
 adder_tree._1105_/ZN
 adder_tree._1106_/Z
 adder_tree._1107_/ZN
 adder_tree._1108_/ZN
 adder_tree._1109_/Z
 adder_tree._1110_/Z
 adder_tree._1111_/Z
 adder_tree._1112_/ZN
 adder_tree._1113_/Z
 adder_tree._1114_/ZN
 adder_tree._1115_/ZN
 adder_tree._1116_/Z
 adder_tree._1117_/ZN
 adder_tree._1118_/ZN
 adder_tree._1119_/Z
 adder_tree._1120_/Z
 adder_tree._1121_/Z
 adder_tree._1122_/ZN
 adder_tree._1123_/ZN
 adder_tree._1124_/ZN
 adder_tree._1125_/ZN
 adder_tree._1126_/Z
 adder_tree._1127_/Z
 adder_tree._1128_/ZN
 adder_tree._1129_/Z
 adder_tree._1130_/Z
 adder_tree._1131_/Z
 adder_tree._1132_/Z
 adder_tree._1133_/Z
 adder_tree._1134_/ZN
 adder_tree._1135_/Z
 adder_tree._1136_/ZN
 adder_tree._1137_/ZN
 adder_tree._1138_/ZN
 adder_tree._1139_/ZN
 adder_tree._1140_/ZN
 adder_tree._1141_/ZN
 adder_tree._1142_/ZN
 adder_tree._1143_/Z
 adder_tree._1144_/Z
 adder_tree._1145_/Z
 adder_tree._1146_/ZN
 adder_tree._1147_/ZN
 adder_tree._1148_/Z
 adder_tree._1149_/ZN
 adder_tree._1150_/Z
 adder_tree._1151_/ZN
 adder_tree._1152_/Z
 adder_tree._1153_/ZN
 adder_tree._1154_/ZN
 adder_tree._1155_/ZN
 adder_tree._1156_/ZN
 adder_tree._1157_/Z
 adder_tree._1158_/Z
 adder_tree._1159_/Z
 adder_tree._1160_/ZN
 adder_tree._1161_/ZN
 adder_tree._1162_/ZN
 adder_tree._1163_/Z
 adder_tree._1164_/ZN
 adder_tree._1165_/Z
 adder_tree._1166_/ZN
 adder_tree._1167_/ZN
 adder_tree._1168_/Z
 adder_tree._1169_/ZN
 adder_tree._1170_/Z
 adder_tree._1171_/ZN
 adder_tree._1172_/ZN
 adder_tree._1173_/ZN
 adder_tree._1174_/Z
 adder_tree._1175_/ZN
 adder_tree._1176_/Z
 adder_tree._1177_/ZN
 adder_tree._1178_/ZN
 adder_tree._1179_/Z
 adder_tree._1180_/Z
 adder_tree._1181_/Z
 adder_tree._1182_/ZN
 adder_tree._1183_/Z
 adder_tree._1184_/ZN
 adder_tree._1185_/Z
 adder_tree._1186_/ZN
 adder_tree._1187_/Z
 adder_tree._1188_/ZN
 adder_tree._1189_/ZN
 adder_tree._1190_/Z
 adder_tree._1191_/Z
 adder_tree._1192_/Z
 adder_tree._1193_/ZN
 adder_tree._1194_/ZN
 adder_tree._1195_/ZN
 adder_tree._1196_/Z
 adder_tree._1197_/Z
 adder_tree._1198_/Z
 adder_tree._1199_/ZN
 adder_tree._1200_/ZN
 adder_tree._1201_/Z
 adder_tree._1202_/ZN
 adder_tree._1203_/ZN
 adder_tree._1204_/ZN
 adder_tree._1205_/ZN
 adder_tree._1206_/ZN
 adder_tree._1207_/ZN
 adder_tree._1208_/ZN
 adder_tree._1209_/ZN
 adder_tree._1210_/Z
 adder_tree._1211_/Z
 adder_tree._1212_/Z
 adder_tree._1213_/ZN
 adder_tree._1214_/ZN
 adder_tree._1215_/Z
 adder_tree._1216_/ZN
 adder_tree._1217_/Z
 adder_tree._1218_/ZN
 adder_tree._1219_/Z
 adder_tree._1220_/ZN
 adder_tree._1221_/Z
 adder_tree._1222_/ZN
 adder_tree._1223_/Z
 adder_tree._1224_/Z
 adder_tree._1225_/ZN
 adder_tree._1226_/ZN
 adder_tree._1227_/ZN
 adder_tree._1228_/ZN
 adder_tree._1229_/Z
 adder_tree._1230_/ZN
 adder_tree._1231_/Z
 adder_tree._1232_/ZN
 adder_tree._1233_/ZN
 adder_tree._1234_/Z
 adder_tree._1235_/ZN
 adder_tree._1236_/Z
 adder_tree._1237_/ZN
 adder_tree._1238_/ZN
 adder_tree._1239_/ZN
 adder_tree._1240_/Z
 adder_tree._1241_/ZN
 adder_tree._1242_/Z
 adder_tree._1243_/ZN
 adder_tree._1244_/ZN
 adder_tree._1245_/Z
 adder_tree._1246_/Z
 adder_tree._1247_/Z
 adder_tree._1248_/ZN
 adder_tree._1249_/Z
 adder_tree._1250_/ZN
 adder_tree._1251_/Z
 adder_tree._1252_/ZN
 adder_tree._1253_/Z
 adder_tree._1254_/ZN
 adder_tree._1255_/ZN
 adder_tree._1256_/Z
 adder_tree._1257_/Z
 adder_tree._1258_/Z
 adder_tree._1259_/ZN
 adder_tree._1260_/ZN
 adder_tree._1261_/ZN
 adder_tree._1262_/Z
 adder_tree._1263_/Z
 adder_tree._1264_/Z
 adder_tree._1265_/ZN
 adder_tree._1266_/Z
 adder_tree._1267_/Z
 adder_tree._1268_/ZN
 adder_tree._1269_/ZN
 adder_tree._1270_/ZN
 adder_tree._1271_/ZN
 adder_tree._1272_/ZN
 adder_tree._1273_/ZN
 adder_tree._1274_/ZN
 adder_tree._1275_/ZN
 adder_tree._1276_/ZN
 adder_tree._1277_/ZN
 adder_tree._1278_/ZN
 adder_tree._1279_/ZN
 adder_tree._1280_/Z
 adder_tree._1281_/Z
 adder_tree._1282_/Z
 adder_tree._1283_/ZN
 adder_tree._1284_/ZN
 adder_tree._1285_/Z
 adder_tree._1286_/ZN
 adder_tree._1287_/Z
 adder_tree._1288_/ZN
 adder_tree._1289_/Z
 adder_tree._1290_/ZN
 adder_tree._1291_/Z
 adder_tree._1292_/ZN
 adder_tree._1293_/Z
 adder_tree._1294_/Z
 adder_tree._1295_/ZN
 adder_tree._1296_/ZN
 adder_tree._1297_/ZN
 adder_tree._1298_/ZN
 adder_tree._1299_/Z
 adder_tree._1300_/ZN
 adder_tree._1301_/Z
 adder_tree._1302_/ZN
 adder_tree._1303_/ZN
 adder_tree._1304_/Z
 adder_tree._1305_/ZN
 adder_tree._1306_/Z
 adder_tree._1307_/ZN
 adder_tree._1308_/Z
 adder_tree._1309_/Z
 adder_tree._1310_/Z
 adder_tree._1311_/ZN
 adder_tree._1312_/ZN
 adder_tree._1313_/Z
 adder_tree._1314_/ZN
 adder_tree._1315_/Z
 adder_tree._1316_/ZN
 adder_tree._1317_/Z
 adder_tree._1318_/ZN
 adder_tree._1319_/ZN
 adder_tree._1320_/ZN
 adder_tree._1321_/ZN
 adder_tree._1322_/Z
 adder_tree._1323_/ZN
 adder_tree._1324_/Z
 adder_tree._1325_/ZN
 adder_tree._1326_/ZN
 adder_tree._1327_/Z
 adder_tree._1328_/Z
 adder_tree._1329_/Z
 adder_tree._1330_/ZN
 adder_tree._1331_/ZN
 adder_tree._1332_/ZN
 adder_tree._1333_/ZN
 adder_tree._1334_/Z
 adder_tree._1335_/Z
 adder_tree._1336_/ZN
 adder_tree._1337_/ZN
 adder_tree._1338_/Z
 adder_tree._1339_/Z
 adder_tree._1340_/Z
 adder_tree._1341_/Z
 adder_tree._1342_/ZN
 adder_tree._1343_/ZN
 adder_tree._1344_/ZN
 adder_tree._1345_/ZN
 adder_tree._1346_/ZN
 adder_tree._1347_/ZN
 adder_tree._1348_/ZN
 adder_tree._1349_/ZN
 adder_tree._1350_/ZN
 adder_tree._1351_/ZN
 adder_tree._1352_/Z
 adder_tree._1353_/ZN
 adder_tree._1354_/ZN
 adder_tree._1355_/ZN
 adder_tree._1356_/Z
 adder_tree._1357_/ZN
 adder_tree._1358_/Z
 adder_tree._1359_/ZN
 adder_tree._1360_/Z
 adder_tree._1361_/ZN
 adder_tree._1362_/ZN
 adder_tree._1363_/ZN
 adder_tree._1364_/Z
 adder_tree._1365_/ZN
 adder_tree._1366_/ZN
 adder_tree._1367_/ZN
 adder_tree._1368_/ZN
 adder_tree._1369_/Z
 adder_tree._1370_/ZN
 adder_tree._1371_/ZN
 adder_tree._1372_/ZN
 adder_tree._1373_/Z
 adder_tree._1374_/ZN
 adder_tree._1375_/ZN
 adder_tree._1376_/ZN
 adder_tree._1377_/Z
 adder_tree._1378_/ZN
 adder_tree._1379_/ZN
 adder_tree._1380_/ZN
 adder_tree._1381_/Z
 adder_tree._1382_/ZN
 adder_tree._1383_/Z
 adder_tree._1384_/ZN
 adder_tree._1385_/ZN
 adder_tree._1386_/ZN
 adder_tree._1387_/ZN
 adder_tree._1388_/Z
 adder_tree._1389_/ZN
 adder_tree._1390_/Z
 adder_tree._1391_/ZN
 adder_tree._1392_/ZN
 adder_tree._1393_/Z
 adder_tree._1394_/ZN
 adder_tree._1395_/Z
 adder_tree._1396_/ZN
 adder_tree._1397_/ZN
 adder_tree._1398_/ZN
 adder_tree._1399_/ZN
 adder_tree._1400_/Z
 adder_tree._1401_/ZN
 adder_tree._1402_/Z
 adder_tree._1403_/ZN
 adder_tree._1404_/ZN
 adder_tree._1405_/Z
 adder_tree._1406_/ZN
 adder_tree._1407_/ZN
 adder_tree._1408_/ZN
 adder_tree._1409_/ZN
 adder_tree._1410_/ZN
 adder_tree._1411_/ZN
 adder_tree._1412_/ZN
 adder_tree._1413_/ZN
 adder_tree._1414_/ZN
 adder_tree._1415_/Z
 adder_tree._1416_/Z
 adder_tree._1417_/Z
 adder_tree._1418_/ZN
 adder_tree._1419_/Z
 adder_tree._1420_/Z
 adder_tree._1421_/Z
 adder_tree._1422_/ZN
 adder_tree._1423_/Z
 adder_tree._1424_/ZN
 adder_tree._1425_/ZN
 adder_tree._1426_/Z
 adder_tree._1427_/Z
 adder_tree._1428_/Z
 adder_tree._1429_/ZN
 adder_tree._1430_/ZN
 adder_tree._1431_/Z
 adder_tree._1432_/Z
 adder_tree._1433_/ZN
 adder_tree._1434_/ZN
 adder_tree._1435_/ZN
 adder_tree._1436_/Z
 adder_tree._1437_/Z
 adder_tree._1438_/Z
 adder_tree._1439_/Z
 adder_tree._1440_/Z
 adder_tree._1441_/Z
 bgc_0._05_/ZN
 bgc_0._06_/ZN
 bgc_0._07_/ZN
 bgc_0._08_/ZN
 bgc_0._09_/Z
 bgc_0._10_/ZN
 bgc_0._11_/Z
 bgc_0._12_/Z
 bgc_0._13_/Z
 bgc_0._14_/Z
 bgc_0._15_/Z
 bgc_0._16_/Z
 bgc_0._17_/Z
 bgc_0._18_/Z
 bgc_0._19_/Z
 bgc_0._20_/Z
 bgc_0._21_/Z
 bgc_0._22_/Z
 bgc_0._23_/Z
 bgc_0._24_/ZN
 bgc_0._25_/ZN
 bgc_0.col_reg._053_/ZN
 bgc_0.col_reg._054_/ZN
 bgc_0.col_reg._055_/ZN
 bgc_0.col_reg._056_/ZN
 bgc_0.col_reg._057_/ZN
 bgc_0.col_reg._058_/ZN
 bgc_0.col_reg._059_/ZN
 bgc_0.col_reg._060_/ZN
 bgc_0.col_reg._061_/ZN
 bgc_0.col_reg._062_/ZN
 bgc_0.col_reg._063_/ZN
 bgc_0.col_reg._064_/ZN
 bgc_0.col_reg._065_/ZN
 bgc_0.col_reg._066_/ZN
 bgc_0.col_reg._067_/ZN
 bgc_0.col_reg._068_/ZN
 bgc_0.col_reg._069_/ZN
 bgc_0.col_reg._070_/ZN
 bgc_0.col_reg._071_/ZN
 bgc_0.col_reg._072_/ZN
 bgc_0.col_reg._073_/ZN
 bgc_0.col_reg._074_/ZN
 bgc_0.col_reg._075_/ZN
 bgc_0.col_reg._076_/ZN
 bgc_0.col_reg._077_/ZN
 bgc_0.col_reg._078_/ZN
 bgc_0.col_reg._079_/ZN
 bgc_0.col_reg._080_/Z
 bgc_0.col_reg._081_/ZN
 bgc_0.col_reg._082_/ZN
 bgc_0.col_reg._083_/ZN
 bgc_0.col_reg._084_/ZN
 bgc_0.col_reg._085_/ZN
 bgc_0.col_reg._086_/ZN
 bgc_0.col_reg._087_/ZN
 bgc_0.col_reg._088_/ZN
 bgc_0.col_reg._089_/ZN
 bgc_0.col_reg._090_/ZN
 bgc_0.col_reg._091_/ZN
 bgc_0.col_reg._092_/ZN
 bgc_0.col_reg._093_/ZN
 bgc_0.col_reg._094_/ZN
 bgc_0.col_reg._095_/ZN
 bgc_0.col_reg._096_/ZN
 bgc_0.col_reg._097_/ZN
 bgc_0.col_reg._098_/ZN
 bgc_0.col_reg._099_/ZN
 bgc_0.col_reg._100_/ZN
 bgc_0.col_reg._101_/ZN
 bgc_0.col_reg._102_/ZN
 bgc_0.col_reg._103_/ZN
 bgc_0.col_reg._104_/ZN
 bgc_0.col_reg._105_/ZN
 bgc_0.col_reg._106_/ZN
 bgc_0.col_reg._107_/ZN
 bgc_0.col_reg._108_/ZN
 bgc_0.col_reg._109_/ZN
 bgc_0.col_reg._110_/ZN
 bgc_0.col_reg._111_/ZN
 bgc_0.col_reg._112_/ZN
 bgc_0.col_reg._113_/ZN
 bgc_0.col_reg._114_/ZN
 bgc_0.col_reg._115_/ZN
 bgc_0.col_reg._116_/ZN
 bgc_0.col_reg._117_/Q
 bgc_0.col_reg._118_/Q
 bgc_0.col_reg._119_/Q
 bgc_0.col_reg._120_/Q
 bgc_0.col_reg._121_/Q
 bgc_0.col_reg._122_/Q
 bgc_0.col_reg._123_/Q
 bgc_0.col_reg._124_/Q
 bgc_0.col_reg._125_/Q
 bgc_0.col_reg._126_/Q
 bgc_0.col_reg._127_/Q
 bgc_0.col_reg._128_/Q
 bgc_0.comp_col._20_/ZN
 bgc_0.comp_col._21_/ZN
 bgc_0.comp_col._22_/ZN
 bgc_0.comp_col._23_/ZN
 bgc_0.comp_col._24_/ZN
 bgc_0.comp_col._25_/ZN
 bgc_0.comp_col._26_/ZN
 bgc_0.comp_col._27_/ZN
 bgc_0.comp_col._28_/ZN
 bgc_0.comp_col._29_/ZN
 bgc_0.comp_col._30_/ZN
 bgc_0.comp_col._31_/ZN
 bgc_0.comp_col._32_/ZN
 bgc_0.comp_col._33_/ZN
 bgc_0.comp_col._34_/ZN
 bgc_0.comp_col._35_/ZN
 bgc_0.comp_col._36_/ZN
 bgc_0.comp_col._37_/ZN
 bgc_0.comp_col._38_/ZN
 bgc_0.comp_col._39_/ZN
 bgc_0.comp_col._40_/ZN
 bgc_0.comp_col._41_/ZN
 bgc_0.comp_col._42_/ZN
 bgc_0.comp_col._43_/ZN
 bgc_0.comp_col._44_/ZN
 bgc_0.comp_col._45_/ZN
 bgc_0.comp_col._46_/ZN
 bgc_0.comp_col._47_/ZN
 bgc_0.comp_col._48_/Z
 bgc_0.comp_col._49_/Z
 bgc_0.comp_col._50_/Z
 bgc_0.comp_col._51_/Z
 bgc_0.comp_col._52_/Z
 bgc_0.comp_col._53_/Z
 bgc_0.comp_col._54_/Z
 bgc_0.comp_col._55_/Z
 bgc_0.comp_col._56_/Z
 bgc_0.comp_col._57_/Z
 bgc_0.comp_col._58_/Z
 bgc_0.comp_col._59_/Z
 bgc_0.comp_col._60_/ZN
 bgc_0.comp_col._61_/ZN
 bgc_0.comp_col._62_/ZN
 bgc_0.comp_col._63_/ZN
 bgc_0.comp_col._64_/ZN
 bgc_0.comp_col.pe1._18_/ZN
 bgc_0.comp_col.pe1._19_/ZN
 bgc_0.comp_col.pe1._20_/ZN
 bgc_0.comp_col.pe1._21_/ZN
 bgc_0.comp_col.pe1._22_/ZN
 bgc_0.comp_col.pe1._23_/ZN
 bgc_0.comp_col.pe1._24_/ZN
 bgc_0.comp_col.pe1._25_/ZN
 bgc_0.comp_col.pe1._26_/ZN
 bgc_0.comp_col.pe1._27_/ZN
 bgc_0.comp_col.pe1._28_/ZN
 bgc_0.comp_col.pe1._29_/ZN
 bgc_0.comp_col.pe1._30_/ZN
 bgc_0.comp_col.pe1._31_/ZN
 bgc_0.comp_col.pe1._32_/ZN
 bgc_0.comp_col.pe1._33_/ZN
 bgc_0.comp_col.pe1._34_/ZN
 bgc_0.comp_col.pe1._35_/ZN
 bgc_0.comp_col.pe1._36_/ZN
 bgc_0.comp_col.pe1._37_/ZN
 bgc_0.comp_col.pe1._38_/ZN
 bgc_0.comp_col.pe1._39_/ZN
 bgc_0.comp_col.pe2._18_/ZN
 bgc_0.comp_col.pe2._19_/ZN
 bgc_0.comp_col.pe2._20_/ZN
 bgc_0.comp_col.pe2._21_/ZN
 bgc_0.comp_col.pe2._22_/ZN
 bgc_0.comp_col.pe2._23_/ZN
 bgc_0.comp_col.pe2._24_/ZN
 bgc_0.comp_col.pe2._25_/ZN
 bgc_0.comp_col.pe2._26_/ZN
 bgc_0.comp_col.pe2._27_/ZN
 bgc_0.comp_col.pe2._28_/ZN
 bgc_0.comp_col.pe2._29_/ZN
 bgc_0.comp_col.pe2._30_/ZN
 bgc_0.comp_col.pe2._31_/ZN
 bgc_0.comp_col.pe2._32_/ZN
 bgc_0.comp_col.pe2._33_/ZN
 bgc_0.comp_col.pe2._34_/ZN
 bgc_0.comp_col.pe2._35_/ZN
 bgc_0.comp_col.pe2._36_/ZN
 bgc_0.comp_col.pe2._37_/ZN
 bgc_0.comp_col.pe2._38_/ZN
 bgc_0.comp_col.pe2._39_/ZN
 bgc_0.comp_row._20_/ZN
 bgc_0.comp_row._21_/ZN
 bgc_0.comp_row._22_/ZN
 bgc_0.comp_row._23_/ZN
 bgc_0.comp_row._24_/ZN
 bgc_0.comp_row._25_/ZN
 bgc_0.comp_row._26_/ZN
 bgc_0.comp_row._27_/ZN
 bgc_0.comp_row._28_/ZN
 bgc_0.comp_row._29_/ZN
 bgc_0.comp_row._30_/ZN
 bgc_0.comp_row._31_/ZN
 bgc_0.comp_row._32_/ZN
 bgc_0.comp_row._33_/ZN
 bgc_0.comp_row._34_/ZN
 bgc_0.comp_row._35_/ZN
 bgc_0.comp_row._36_/ZN
 bgc_0.comp_row._37_/ZN
 bgc_0.comp_row._38_/ZN
 bgc_0.comp_row._39_/ZN
 bgc_0.comp_row._40_/ZN
 bgc_0.comp_row._41_/ZN
 bgc_0.comp_row._42_/ZN
 bgc_0.comp_row._43_/ZN
 bgc_0.comp_row._44_/ZN
 bgc_0.comp_row._45_/ZN
 bgc_0.comp_row._46_/ZN
 bgc_0.comp_row._47_/ZN
 bgc_0.comp_row._48_/Z
 bgc_0.comp_row._49_/Z
 bgc_0.comp_row._50_/Z
 bgc_0.comp_row._51_/Z
 bgc_0.comp_row._52_/Z
 bgc_0.comp_row._53_/Z
 bgc_0.comp_row._54_/Z
 bgc_0.comp_row._55_/Z
 bgc_0.comp_row._56_/Z
 bgc_0.comp_row._57_/Z
 bgc_0.comp_row._58_/Z
 bgc_0.comp_row._59_/Z
 bgc_0.comp_row._60_/ZN
 bgc_0.comp_row._61_/ZN
 bgc_0.comp_row._62_/ZN
 bgc_0.comp_row._63_/ZN
 bgc_0.comp_row._64_/ZN
 bgc_0.comp_row.pe1._18_/ZN
 bgc_0.comp_row.pe1._19_/ZN
 bgc_0.comp_row.pe1._20_/ZN
 bgc_0.comp_row.pe1._21_/ZN
 bgc_0.comp_row.pe1._22_/ZN
 bgc_0.comp_row.pe1._23_/ZN
 bgc_0.comp_row.pe1._24_/ZN
 bgc_0.comp_row.pe1._25_/ZN
 bgc_0.comp_row.pe1._26_/ZN
 bgc_0.comp_row.pe1._27_/ZN
 bgc_0.comp_row.pe1._28_/ZN
 bgc_0.comp_row.pe1._29_/ZN
 bgc_0.comp_row.pe1._30_/ZN
 bgc_0.comp_row.pe1._31_/ZN
 bgc_0.comp_row.pe1._32_/ZN
 bgc_0.comp_row.pe1._33_/ZN
 bgc_0.comp_row.pe1._34_/ZN
 bgc_0.comp_row.pe1._35_/ZN
 bgc_0.comp_row.pe1._36_/ZN
 bgc_0.comp_row.pe1._37_/ZN
 bgc_0.comp_row.pe1._38_/ZN
 bgc_0.comp_row.pe1._39_/ZN
 bgc_0.comp_row.pe2._18_/ZN
 bgc_0.comp_row.pe2._19_/ZN
 bgc_0.comp_row.pe2._20_/ZN
 bgc_0.comp_row.pe2._21_/ZN
 bgc_0.comp_row.pe2._22_/ZN
 bgc_0.comp_row.pe2._23_/ZN
 bgc_0.comp_row.pe2._24_/ZN
 bgc_0.comp_row.pe2._25_/ZN
 bgc_0.comp_row.pe2._26_/ZN
 bgc_0.comp_row.pe2._27_/ZN
 bgc_0.comp_row.pe2._28_/ZN
 bgc_0.comp_row.pe2._29_/ZN
 bgc_0.comp_row.pe2._30_/ZN
 bgc_0.comp_row.pe2._31_/ZN
 bgc_0.comp_row.pe2._32_/ZN
 bgc_0.comp_row.pe2._33_/ZN
 bgc_0.comp_row.pe2._34_/ZN
 bgc_0.comp_row.pe2._35_/ZN
 bgc_0.comp_row.pe2._36_/ZN
 bgc_0.comp_row.pe2._37_/ZN
 bgc_0.comp_row.pe2._38_/ZN
 bgc_0.comp_row.pe2._39_/ZN
 bgc_0.final_counter._29_/ZN
 bgc_0.final_counter._30_/ZN
 bgc_0.final_counter._31_/ZN
 bgc_0.final_counter._32_/ZN
 bgc_0.final_counter._33_/ZN
 bgc_0.final_counter._34_/ZN
 bgc_0.final_counter._35_/ZN
 bgc_0.final_counter._36_/ZN
 bgc_0.final_counter._37_/ZN
 bgc_0.final_counter._38_/ZN
 bgc_0.final_counter._39_/Z
 bgc_0.final_counter._40_/ZN
 bgc_0.final_counter._41_/ZN
 bgc_0.final_counter._42_/ZN
 bgc_0.final_counter._43_/Z
 bgc_0.final_counter._44_/ZN
 bgc_0.final_counter._45_/ZN
 bgc_0.final_counter._46_/Z
 bgc_0.final_counter._47_/ZN
 bgc_0.final_counter._48_/ZN
 bgc_0.final_counter._49_/Z
 bgc_0.final_counter._50_/ZN
 bgc_0.final_counter._51_/ZN
 bgc_0.final_counter._52_/ZN
 bgc_0.final_counter._53_/ZN
 bgc_0.final_counter._54_/Z
 bgc_0.final_counter._55_/ZN
 bgc_0.final_counter._56_/ZN
 bgc_0.final_counter._57_/Z
 bgc_0.final_counter._58_/ZN
 bgc_0.final_counter._59_/ZN
 bgc_0.final_counter._60_/ZN
 bgc_0.final_counter._61_/ZN
 bgc_0.final_counter._62_/ZN
 bgc_0.final_counter._63_/ZN
 bgc_0.final_counter._64_/ZN
 bgc_0.final_counter._65_/ZN
 bgc_0.final_counter._66_/ZN
 bgc_0.final_counter._67_/Z
 bgc_0.final_counter._68_/ZN
 bgc_0.final_counter._69_/Q
 bgc_0.final_counter._70_/Q
 bgc_0.final_counter._71_/Q
 bgc_0.final_counter._72_/Q
 bgc_0.final_counter._73_/Q
 bgc_0.final_counter._74_/Q
 bgc_0.final_counter._75_/Q
 bgc_0.final_counter._76_/Q
 bgc_0.final_counter._77_/Q
 bgc_0.final_counter._78_/Q
 bgc_0.final_counter._79_/Q
 bgc_0.final_counter._80_/Q
 bgc_0.lfsr_col._27_/ZN
 bgc_0.lfsr_col._28_/ZN
 bgc_0.lfsr_col._29_/Z
 bgc_0.lfsr_col._30_/Z
 bgc_0.lfsr_col._31_/Z
 bgc_0.lfsr_col._32_/Z
 bgc_0.lfsr_col._33_/Z
 bgc_0.lfsr_col._34_/Z
 bgc_0.lfsr_col._35_/Z
 bgc_0.lfsr_col._36_/Z
 bgc_0.lfsr_col._37_/Z
 bgc_0.lfsr_col._38_/Z
 bgc_0.lfsr_col._39_/Z
 bgc_0.lfsr_col._40_/Z
 bgc_0.lfsr_col._41_/Z
 bgc_0.lfsr_col._42_/Z
 bgc_0.lfsr_col._43_/Z
 bgc_0.lfsr_col._44_/Z
 bgc_0.lfsr_col._45_/Z
 bgc_0.lfsr_col._46_/Z
 bgc_0.lfsr_col._47_/Z
 bgc_0.lfsr_col._48_/Z
 bgc_0.lfsr_col._49_/Z
 bgc_0.lfsr_col._50_/Z
 bgc_0.lfsr_col._51_/Z
 bgc_0.lfsr_col._52_/Z
 bgc_0.lfsr_col._53_/Z
 bgc_0.lfsr_col._54_/Z
 bgc_0.lfsr_col._55_/Z
 bgc_0.lfsr_col._56_/Z
 bgc_0.lfsr_col._57_/Z
 bgc_0.lfsr_col._58_/Z
 bgc_0.lfsr_col._59_/Z
 bgc_0.lfsr_col._60_/Z
 bgc_0.lfsr_col._61_/Z
 bgc_0.lfsr_col._62_/Z
 bgc_0.lfsr_col._63_/Z
 bgc_0.lfsr_col._64_/Z
 bgc_0.lfsr_col._65_/Z
 bgc_0.lfsr_col._66_/ZN
 bgc_0.lfsr_col._67_/ZN
 bgc_0.lfsr_col._68_/ZN
 bgc_0.lfsr_col._69_/ZN
 bgc_0.lfsr_col._70_/ZN
 bgc_0.lfsr_col._71_/ZN
 bgc_0.lfsr_col._72_/ZN
 bgc_0.lfsr_col._73_/ZN
 bgc_0.lfsr_col._74_/ZN
 bgc_0.lfsr_col._75_/ZN
 bgc_0.lfsr_col._76_/ZN
 bgc_0.lfsr_col._77_/Q
 bgc_0.lfsr_col._78_/Q
 bgc_0.lfsr_col._79_/Q
 bgc_0.lfsr_col._80_/Q
 bgc_0.lfsr_col._81_/Q
 bgc_0.lfsr_col._82_/Q
 bgc_0.lfsr_col._83_/Q
 bgc_0.lfsr_col._84_/Q
 bgc_0.lfsr_col._85_/Q
 bgc_0.lfsr_col._86_/Q
 bgc_0.lfsr_col._87_/Q
 bgc_0.lfsr_col._88_/Q
 bgc_0.lfsr_row._27_/ZN
 bgc_0.lfsr_row._28_/ZN
 bgc_0.lfsr_row._29_/Z
 bgc_0.lfsr_row._30_/Z
 bgc_0.lfsr_row._31_/Z
 bgc_0.lfsr_row._32_/Z
 bgc_0.lfsr_row._33_/Z
 bgc_0.lfsr_row._34_/Z
 bgc_0.lfsr_row._35_/Z
 bgc_0.lfsr_row._36_/Z
 bgc_0.lfsr_row._37_/Z
 bgc_0.lfsr_row._38_/Z
 bgc_0.lfsr_row._39_/Z
 bgc_0.lfsr_row._40_/Z
 bgc_0.lfsr_row._41_/Z
 bgc_0.lfsr_row._42_/Z
 bgc_0.lfsr_row._43_/Z
 bgc_0.lfsr_row._44_/Z
 bgc_0.lfsr_row._45_/Z
 bgc_0.lfsr_row._46_/Z
 bgc_0.lfsr_row._47_/Z
 bgc_0.lfsr_row._48_/Z
 bgc_0.lfsr_row._49_/Z
 bgc_0.lfsr_row._50_/Z
 bgc_0.lfsr_row._51_/Z
 bgc_0.lfsr_row._52_/Z
 bgc_0.lfsr_row._53_/Z
 bgc_0.lfsr_row._54_/Z
 bgc_0.lfsr_row._55_/Z
 bgc_0.lfsr_row._56_/Z
 bgc_0.lfsr_row._57_/Z
 bgc_0.lfsr_row._58_/Z
 bgc_0.lfsr_row._59_/Z
 bgc_0.lfsr_row._60_/Z
 bgc_0.lfsr_row._61_/Z
 bgc_0.lfsr_row._62_/Z
 bgc_0.lfsr_row._63_/Z
 bgc_0.lfsr_row._64_/Z
 bgc_0.lfsr_row._65_/Z
 bgc_0.lfsr_row._66_/ZN
 bgc_0.lfsr_row._67_/ZN
 bgc_0.lfsr_row._68_/ZN
 bgc_0.lfsr_row._69_/ZN
 bgc_0.lfsr_row._70_/ZN
 bgc_0.lfsr_row._71_/ZN
 bgc_0.lfsr_row._72_/ZN
 bgc_0.lfsr_row._73_/ZN
 bgc_0.lfsr_row._74_/ZN
 bgc_0.lfsr_row._75_/ZN
 bgc_0.lfsr_row._76_/ZN
 bgc_0.lfsr_row._77_/Q
 bgc_0.lfsr_row._78_/Q
 bgc_0.lfsr_row._79_/Q
 bgc_0.lfsr_row._80_/Q
 bgc_0.lfsr_row._81_/Q
 bgc_0.lfsr_row._82_/Q
 bgc_0.lfsr_row._83_/Q
 bgc_0.lfsr_row._84_/Q
 bgc_0.lfsr_row._85_/Q
 bgc_0.lfsr_row._86_/Q
 bgc_0.lfsr_row._87_/Q
 bgc_0.lfsr_row._88_/Q
 bgc_0.row_reg._053_/ZN
 bgc_0.row_reg._054_/ZN
 bgc_0.row_reg._055_/ZN
 bgc_0.row_reg._056_/ZN
 bgc_0.row_reg._057_/ZN
 bgc_0.row_reg._058_/ZN
 bgc_0.row_reg._059_/ZN
 bgc_0.row_reg._060_/ZN
 bgc_0.row_reg._061_/ZN
 bgc_0.row_reg._062_/ZN
 bgc_0.row_reg._063_/ZN
 bgc_0.row_reg._064_/ZN
 bgc_0.row_reg._065_/ZN
 bgc_0.row_reg._066_/ZN
 bgc_0.row_reg._067_/ZN
 bgc_0.row_reg._068_/ZN
 bgc_0.row_reg._069_/ZN
 bgc_0.row_reg._070_/ZN
 bgc_0.row_reg._071_/ZN
 bgc_0.row_reg._072_/ZN
 bgc_0.row_reg._073_/ZN
 bgc_0.row_reg._074_/ZN
 bgc_0.row_reg._075_/ZN
 bgc_0.row_reg._076_/ZN
 bgc_0.row_reg._077_/ZN
 bgc_0.row_reg._078_/ZN
 bgc_0.row_reg._079_/ZN
 bgc_0.row_reg._080_/Z
 bgc_0.row_reg._081_/ZN
 bgc_0.row_reg._082_/ZN
 bgc_0.row_reg._083_/ZN
 bgc_0.row_reg._084_/ZN
 bgc_0.row_reg._085_/ZN
 bgc_0.row_reg._086_/ZN
 bgc_0.row_reg._087_/ZN
 bgc_0.row_reg._088_/ZN
 bgc_0.row_reg._089_/ZN
 bgc_0.row_reg._090_/ZN
 bgc_0.row_reg._091_/ZN
 bgc_0.row_reg._092_/ZN
 bgc_0.row_reg._093_/ZN
 bgc_0.row_reg._094_/ZN
 bgc_0.row_reg._095_/ZN
 bgc_0.row_reg._096_/ZN
 bgc_0.row_reg._097_/ZN
 bgc_0.row_reg._098_/ZN
 bgc_0.row_reg._099_/ZN
 bgc_0.row_reg._100_/ZN
 bgc_0.row_reg._101_/ZN
 bgc_0.row_reg._102_/ZN
 bgc_0.row_reg._103_/ZN
 bgc_0.row_reg._104_/ZN
 bgc_0.row_reg._105_/ZN
 bgc_0.row_reg._106_/ZN
 bgc_0.row_reg._107_/ZN
 bgc_0.row_reg._108_/ZN
 bgc_0.row_reg._109_/ZN
 bgc_0.row_reg._110_/ZN
 bgc_0.row_reg._111_/ZN
 bgc_0.row_reg._112_/ZN
 bgc_0.row_reg._113_/ZN
 bgc_0.row_reg._114_/ZN
 bgc_0.row_reg._115_/ZN
 bgc_0.row_reg._116_/ZN
 bgc_0.row_reg._117_/Q
 bgc_0.row_reg._118_/Q
 bgc_0.row_reg._119_/Q
 bgc_0.row_reg._120_/Q
 bgc_0.row_reg._121_/Q
 bgc_0.row_reg._122_/Q
 bgc_0.row_reg._123_/Q
 bgc_0.row_reg._124_/Q
 bgc_0.row_reg._125_/Q
 bgc_0.row_reg._126_/Q
 bgc_0.row_reg._127_/Q
 bgc_0.row_reg._128_/Q
 bgc_1._05_/ZN
 bgc_1._06_/ZN
 bgc_1._07_/ZN
 bgc_1._08_/ZN
 bgc_1._09_/Z
 bgc_1._10_/ZN
 bgc_1._11_/Z
 bgc_1._12_/Z
 bgc_1._13_/Z
 bgc_1._14_/Z
 bgc_1._15_/Z
 bgc_1._16_/Z
 bgc_1._17_/Z
 bgc_1._18_/Z
 bgc_1._19_/Z
 bgc_1._20_/Z
 bgc_1._21_/Z
 bgc_1._22_/Z
 bgc_1._23_/Z
 bgc_1._24_/ZN
 bgc_1._25_/ZN
 bgc_1.col_reg._053_/ZN
 bgc_1.col_reg._054_/ZN
 bgc_1.col_reg._055_/ZN
 bgc_1.col_reg._056_/ZN
 bgc_1.col_reg._057_/ZN
 bgc_1.col_reg._058_/ZN
 bgc_1.col_reg._059_/ZN
 bgc_1.col_reg._060_/ZN
 bgc_1.col_reg._061_/ZN
 bgc_1.col_reg._062_/ZN
 bgc_1.col_reg._063_/ZN
 bgc_1.col_reg._064_/ZN
 bgc_1.col_reg._065_/ZN
 bgc_1.col_reg._066_/ZN
 bgc_1.col_reg._067_/ZN
 bgc_1.col_reg._068_/ZN
 bgc_1.col_reg._069_/ZN
 bgc_1.col_reg._070_/ZN
 bgc_1.col_reg._071_/ZN
 bgc_1.col_reg._072_/ZN
 bgc_1.col_reg._073_/ZN
 bgc_1.col_reg._074_/ZN
 bgc_1.col_reg._075_/ZN
 bgc_1.col_reg._076_/ZN
 bgc_1.col_reg._077_/ZN
 bgc_1.col_reg._078_/ZN
 bgc_1.col_reg._079_/ZN
 bgc_1.col_reg._080_/Z
 bgc_1.col_reg._081_/ZN
 bgc_1.col_reg._082_/ZN
 bgc_1.col_reg._083_/ZN
 bgc_1.col_reg._084_/ZN
 bgc_1.col_reg._085_/ZN
 bgc_1.col_reg._086_/ZN
 bgc_1.col_reg._087_/ZN
 bgc_1.col_reg._088_/ZN
 bgc_1.col_reg._089_/ZN
 bgc_1.col_reg._090_/ZN
 bgc_1.col_reg._091_/ZN
 bgc_1.col_reg._092_/ZN
 bgc_1.col_reg._093_/ZN
 bgc_1.col_reg._094_/ZN
 bgc_1.col_reg._095_/ZN
 bgc_1.col_reg._096_/ZN
 bgc_1.col_reg._097_/ZN
 bgc_1.col_reg._098_/ZN
 bgc_1.col_reg._099_/ZN
 bgc_1.col_reg._100_/ZN
 bgc_1.col_reg._101_/ZN
 bgc_1.col_reg._102_/ZN
 bgc_1.col_reg._103_/ZN
 bgc_1.col_reg._104_/ZN
 bgc_1.col_reg._105_/ZN
 bgc_1.col_reg._106_/ZN
 bgc_1.col_reg._107_/ZN
 bgc_1.col_reg._108_/ZN
 bgc_1.col_reg._109_/ZN
 bgc_1.col_reg._110_/ZN
 bgc_1.col_reg._111_/ZN
 bgc_1.col_reg._112_/ZN
 bgc_1.col_reg._113_/ZN
 bgc_1.col_reg._114_/ZN
 bgc_1.col_reg._115_/ZN
 bgc_1.col_reg._116_/ZN
 bgc_1.col_reg._117_/Q
 bgc_1.col_reg._118_/Q
 bgc_1.col_reg._119_/Q
 bgc_1.col_reg._120_/Q
 bgc_1.col_reg._121_/Q
 bgc_1.col_reg._122_/Q
 bgc_1.col_reg._123_/Q
 bgc_1.col_reg._124_/Q
 bgc_1.col_reg._125_/Q
 bgc_1.col_reg._126_/Q
 bgc_1.col_reg._127_/Q
 bgc_1.col_reg._128_/Q
 bgc_1.comp_col._20_/ZN
 bgc_1.comp_col._21_/ZN
 bgc_1.comp_col._22_/ZN
 bgc_1.comp_col._23_/ZN
 bgc_1.comp_col._24_/ZN
 bgc_1.comp_col._25_/ZN
 bgc_1.comp_col._26_/ZN
 bgc_1.comp_col._27_/ZN
 bgc_1.comp_col._28_/ZN
 bgc_1.comp_col._29_/ZN
 bgc_1.comp_col._30_/ZN
 bgc_1.comp_col._31_/ZN
 bgc_1.comp_col._32_/ZN
 bgc_1.comp_col._33_/ZN
 bgc_1.comp_col._34_/ZN
 bgc_1.comp_col._35_/ZN
 bgc_1.comp_col._36_/ZN
 bgc_1.comp_col._37_/ZN
 bgc_1.comp_col._38_/ZN
 bgc_1.comp_col._39_/ZN
 bgc_1.comp_col._40_/ZN
 bgc_1.comp_col._41_/ZN
 bgc_1.comp_col._42_/ZN
 bgc_1.comp_col._43_/ZN
 bgc_1.comp_col._44_/ZN
 bgc_1.comp_col._45_/ZN
 bgc_1.comp_col._46_/ZN
 bgc_1.comp_col._47_/ZN
 bgc_1.comp_col._48_/Z
 bgc_1.comp_col._49_/Z
 bgc_1.comp_col._50_/Z
 bgc_1.comp_col._51_/Z
 bgc_1.comp_col._52_/Z
 bgc_1.comp_col._53_/Z
 bgc_1.comp_col._54_/Z
 bgc_1.comp_col._55_/Z
 bgc_1.comp_col._56_/Z
 bgc_1.comp_col._57_/Z
 bgc_1.comp_col._58_/Z
 bgc_1.comp_col._59_/Z
 bgc_1.comp_col._60_/ZN
 bgc_1.comp_col._61_/ZN
 bgc_1.comp_col._62_/ZN
 bgc_1.comp_col._63_/ZN
 bgc_1.comp_col._64_/ZN
 bgc_1.comp_col.pe1._18_/ZN
 bgc_1.comp_col.pe1._19_/ZN
 bgc_1.comp_col.pe1._20_/ZN
 bgc_1.comp_col.pe1._21_/ZN
 bgc_1.comp_col.pe1._22_/ZN
 bgc_1.comp_col.pe1._23_/ZN
 bgc_1.comp_col.pe1._24_/ZN
 bgc_1.comp_col.pe1._25_/ZN
 bgc_1.comp_col.pe1._26_/ZN
 bgc_1.comp_col.pe1._27_/ZN
 bgc_1.comp_col.pe1._28_/ZN
 bgc_1.comp_col.pe1._29_/ZN
 bgc_1.comp_col.pe1._30_/ZN
 bgc_1.comp_col.pe1._31_/ZN
 bgc_1.comp_col.pe1._32_/ZN
 bgc_1.comp_col.pe1._33_/ZN
 bgc_1.comp_col.pe1._34_/ZN
 bgc_1.comp_col.pe1._35_/ZN
 bgc_1.comp_col.pe1._36_/ZN
 bgc_1.comp_col.pe1._37_/ZN
 bgc_1.comp_col.pe1._38_/ZN
 bgc_1.comp_col.pe1._39_/ZN
 bgc_1.comp_col.pe2._18_/ZN
 bgc_1.comp_col.pe2._19_/ZN
 bgc_1.comp_col.pe2._20_/ZN
 bgc_1.comp_col.pe2._21_/ZN
 bgc_1.comp_col.pe2._22_/ZN
 bgc_1.comp_col.pe2._23_/ZN
 bgc_1.comp_col.pe2._24_/ZN
 bgc_1.comp_col.pe2._25_/ZN
 bgc_1.comp_col.pe2._26_/ZN
 bgc_1.comp_col.pe2._27_/ZN
 bgc_1.comp_col.pe2._28_/ZN
 bgc_1.comp_col.pe2._29_/ZN
 bgc_1.comp_col.pe2._30_/ZN
 bgc_1.comp_col.pe2._31_/ZN
 bgc_1.comp_col.pe2._32_/ZN
 bgc_1.comp_col.pe2._33_/ZN
 bgc_1.comp_col.pe2._34_/ZN
 bgc_1.comp_col.pe2._35_/ZN
 bgc_1.comp_col.pe2._36_/ZN
 bgc_1.comp_col.pe2._37_/ZN
 bgc_1.comp_col.pe2._38_/ZN
 bgc_1.comp_col.pe2._39_/ZN
 bgc_1.comp_row._20_/ZN
 bgc_1.comp_row._21_/ZN
 bgc_1.comp_row._22_/ZN
 bgc_1.comp_row._23_/ZN
 bgc_1.comp_row._24_/ZN
 bgc_1.comp_row._25_/ZN
 bgc_1.comp_row._26_/ZN
 bgc_1.comp_row._27_/ZN
 bgc_1.comp_row._28_/ZN
 bgc_1.comp_row._29_/ZN
 bgc_1.comp_row._30_/ZN
 bgc_1.comp_row._31_/ZN
 bgc_1.comp_row._32_/ZN
 bgc_1.comp_row._33_/ZN
 bgc_1.comp_row._34_/ZN
 bgc_1.comp_row._35_/ZN
 bgc_1.comp_row._36_/ZN
 bgc_1.comp_row._37_/ZN
 bgc_1.comp_row._38_/ZN
 bgc_1.comp_row._39_/ZN
 bgc_1.comp_row._40_/ZN
 bgc_1.comp_row._41_/ZN
 bgc_1.comp_row._42_/ZN
 bgc_1.comp_row._43_/ZN
 bgc_1.comp_row._44_/ZN
 bgc_1.comp_row._45_/ZN
 bgc_1.comp_row._46_/ZN
 bgc_1.comp_row._47_/ZN
 bgc_1.comp_row._48_/Z
 bgc_1.comp_row._49_/Z
 bgc_1.comp_row._50_/Z
 bgc_1.comp_row._51_/Z
 bgc_1.comp_row._52_/Z
 bgc_1.comp_row._53_/Z
 bgc_1.comp_row._54_/Z
 bgc_1.comp_row._55_/Z
 bgc_1.comp_row._56_/Z
 bgc_1.comp_row._57_/Z
 bgc_1.comp_row._58_/Z
 bgc_1.comp_row._59_/Z
 bgc_1.comp_row._60_/ZN
 bgc_1.comp_row._61_/ZN
 bgc_1.comp_row._62_/ZN
 bgc_1.comp_row._63_/ZN
 bgc_1.comp_row._64_/ZN
 bgc_1.comp_row.pe1._18_/ZN
 bgc_1.comp_row.pe1._19_/ZN
 bgc_1.comp_row.pe1._20_/ZN
 bgc_1.comp_row.pe1._21_/ZN
 bgc_1.comp_row.pe1._22_/ZN
 bgc_1.comp_row.pe1._23_/ZN
 bgc_1.comp_row.pe1._24_/ZN
 bgc_1.comp_row.pe1._25_/ZN
 bgc_1.comp_row.pe1._26_/ZN
 bgc_1.comp_row.pe1._27_/ZN
 bgc_1.comp_row.pe1._28_/ZN
 bgc_1.comp_row.pe1._29_/ZN
 bgc_1.comp_row.pe1._30_/ZN
 bgc_1.comp_row.pe1._31_/ZN
 bgc_1.comp_row.pe1._32_/ZN
 bgc_1.comp_row.pe1._33_/ZN
 bgc_1.comp_row.pe1._34_/ZN
 bgc_1.comp_row.pe1._35_/ZN
 bgc_1.comp_row.pe1._36_/ZN
 bgc_1.comp_row.pe1._37_/ZN
 bgc_1.comp_row.pe1._38_/ZN
 bgc_1.comp_row.pe1._39_/ZN
 bgc_1.comp_row.pe2._18_/ZN
 bgc_1.comp_row.pe2._19_/ZN
 bgc_1.comp_row.pe2._20_/ZN
 bgc_1.comp_row.pe2._21_/ZN
 bgc_1.comp_row.pe2._22_/ZN
 bgc_1.comp_row.pe2._23_/ZN
 bgc_1.comp_row.pe2._24_/ZN
 bgc_1.comp_row.pe2._25_/ZN
 bgc_1.comp_row.pe2._26_/ZN
 bgc_1.comp_row.pe2._27_/ZN
 bgc_1.comp_row.pe2._28_/ZN
 bgc_1.comp_row.pe2._29_/ZN
 bgc_1.comp_row.pe2._30_/ZN
 bgc_1.comp_row.pe2._31_/ZN
 bgc_1.comp_row.pe2._32_/ZN
 bgc_1.comp_row.pe2._33_/ZN
 bgc_1.comp_row.pe2._34_/ZN
 bgc_1.comp_row.pe2._35_/ZN
 bgc_1.comp_row.pe2._36_/ZN
 bgc_1.comp_row.pe2._37_/ZN
 bgc_1.comp_row.pe2._38_/ZN
 bgc_1.comp_row.pe2._39_/ZN
 bgc_1.final_counter._29_/ZN
 bgc_1.final_counter._30_/ZN
 bgc_1.final_counter._31_/ZN
 bgc_1.final_counter._32_/ZN
 bgc_1.final_counter._33_/ZN
 bgc_1.final_counter._34_/ZN
 bgc_1.final_counter._35_/ZN
 bgc_1.final_counter._36_/ZN
 bgc_1.final_counter._37_/ZN
 bgc_1.final_counter._38_/ZN
 bgc_1.final_counter._39_/Z
 bgc_1.final_counter._40_/ZN
 bgc_1.final_counter._41_/ZN
 bgc_1.final_counter._42_/ZN
 bgc_1.final_counter._43_/Z
 bgc_1.final_counter._44_/ZN
 bgc_1.final_counter._45_/ZN
 bgc_1.final_counter._46_/Z
 bgc_1.final_counter._47_/ZN
 bgc_1.final_counter._48_/ZN
 bgc_1.final_counter._49_/Z
 bgc_1.final_counter._50_/ZN
 bgc_1.final_counter._51_/ZN
 bgc_1.final_counter._52_/ZN
 bgc_1.final_counter._53_/ZN
 bgc_1.final_counter._54_/Z
 bgc_1.final_counter._55_/ZN
 bgc_1.final_counter._56_/ZN
 bgc_1.final_counter._57_/Z
 bgc_1.final_counter._58_/ZN
 bgc_1.final_counter._59_/ZN
 bgc_1.final_counter._60_/ZN
 bgc_1.final_counter._61_/ZN
 bgc_1.final_counter._62_/ZN
 bgc_1.final_counter._63_/ZN
 bgc_1.final_counter._64_/ZN
 bgc_1.final_counter._65_/ZN
 bgc_1.final_counter._66_/ZN
 bgc_1.final_counter._67_/Z
 bgc_1.final_counter._68_/ZN
 bgc_1.final_counter._69_/Q
 bgc_1.final_counter._70_/Q
 bgc_1.final_counter._71_/Q
 bgc_1.final_counter._72_/Q
 bgc_1.final_counter._73_/Q
 bgc_1.final_counter._74_/Q
 bgc_1.final_counter._75_/Q
 bgc_1.final_counter._76_/Q
 bgc_1.final_counter._77_/Q
 bgc_1.final_counter._78_/Q
 bgc_1.final_counter._79_/Q
 bgc_1.final_counter._80_/Q
 bgc_1.lfsr_col._27_/ZN
 bgc_1.lfsr_col._28_/ZN
 bgc_1.lfsr_col._29_/Z
 bgc_1.lfsr_col._30_/Z
 bgc_1.lfsr_col._31_/Z
 bgc_1.lfsr_col._32_/Z
 bgc_1.lfsr_col._33_/Z
 bgc_1.lfsr_col._34_/Z
 bgc_1.lfsr_col._35_/Z
 bgc_1.lfsr_col._36_/Z
 bgc_1.lfsr_col._37_/Z
 bgc_1.lfsr_col._38_/Z
 bgc_1.lfsr_col._39_/Z
 bgc_1.lfsr_col._40_/Z
 bgc_1.lfsr_col._41_/Z
 bgc_1.lfsr_col._42_/Z
 bgc_1.lfsr_col._43_/Z
 bgc_1.lfsr_col._44_/Z
 bgc_1.lfsr_col._45_/Z
 bgc_1.lfsr_col._46_/Z
 bgc_1.lfsr_col._47_/Z
 bgc_1.lfsr_col._48_/Z
 bgc_1.lfsr_col._49_/Z
 bgc_1.lfsr_col._50_/Z
 bgc_1.lfsr_col._51_/Z
 bgc_1.lfsr_col._52_/Z
 bgc_1.lfsr_col._53_/Z
 bgc_1.lfsr_col._54_/Z
 bgc_1.lfsr_col._55_/Z
 bgc_1.lfsr_col._56_/Z
 bgc_1.lfsr_col._57_/Z
 bgc_1.lfsr_col._58_/Z
 bgc_1.lfsr_col._59_/Z
 bgc_1.lfsr_col._60_/Z
 bgc_1.lfsr_col._61_/Z
 bgc_1.lfsr_col._62_/Z
 bgc_1.lfsr_col._63_/Z
 bgc_1.lfsr_col._64_/Z
 bgc_1.lfsr_col._65_/Z
 bgc_1.lfsr_col._66_/ZN
 bgc_1.lfsr_col._67_/ZN
 bgc_1.lfsr_col._68_/ZN
 bgc_1.lfsr_col._69_/ZN
 bgc_1.lfsr_col._70_/ZN
 bgc_1.lfsr_col._71_/ZN
 bgc_1.lfsr_col._72_/ZN
 bgc_1.lfsr_col._73_/ZN
 bgc_1.lfsr_col._74_/ZN
 bgc_1.lfsr_col._75_/ZN
 bgc_1.lfsr_col._76_/ZN
 bgc_1.lfsr_col._77_/Q
 bgc_1.lfsr_col._78_/Q
 bgc_1.lfsr_col._79_/Q
 bgc_1.lfsr_col._80_/Q
 bgc_1.lfsr_col._81_/Q
 bgc_1.lfsr_col._82_/Q
 bgc_1.lfsr_col._83_/Q
 bgc_1.lfsr_col._84_/Q
 bgc_1.lfsr_col._85_/Q
 bgc_1.lfsr_col._86_/Q
 bgc_1.lfsr_col._87_/Q
 bgc_1.lfsr_col._88_/Q
 bgc_1.lfsr_row._27_/ZN
 bgc_1.lfsr_row._28_/ZN
 bgc_1.lfsr_row._29_/Z
 bgc_1.lfsr_row._30_/Z
 bgc_1.lfsr_row._31_/Z
 bgc_1.lfsr_row._32_/Z
 bgc_1.lfsr_row._33_/Z
 bgc_1.lfsr_row._34_/Z
 bgc_1.lfsr_row._35_/Z
 bgc_1.lfsr_row._36_/Z
 bgc_1.lfsr_row._37_/Z
 bgc_1.lfsr_row._38_/Z
 bgc_1.lfsr_row._39_/Z
 bgc_1.lfsr_row._40_/Z
 bgc_1.lfsr_row._41_/Z
 bgc_1.lfsr_row._42_/Z
 bgc_1.lfsr_row._43_/Z
 bgc_1.lfsr_row._44_/Z
 bgc_1.lfsr_row._45_/Z
 bgc_1.lfsr_row._46_/Z
 bgc_1.lfsr_row._47_/Z
 bgc_1.lfsr_row._48_/Z
 bgc_1.lfsr_row._49_/Z
 bgc_1.lfsr_row._50_/Z
 bgc_1.lfsr_row._51_/Z
 bgc_1.lfsr_row._52_/Z
 bgc_1.lfsr_row._53_/Z
 bgc_1.lfsr_row._54_/Z
 bgc_1.lfsr_row._55_/Z
 bgc_1.lfsr_row._56_/Z
 bgc_1.lfsr_row._57_/Z
 bgc_1.lfsr_row._58_/Z
 bgc_1.lfsr_row._59_/Z
 bgc_1.lfsr_row._60_/Z
 bgc_1.lfsr_row._61_/Z
 bgc_1.lfsr_row._62_/Z
 bgc_1.lfsr_row._63_/Z
 bgc_1.lfsr_row._64_/Z
 bgc_1.lfsr_row._65_/Z
 bgc_1.lfsr_row._66_/ZN
 bgc_1.lfsr_row._67_/ZN
 bgc_1.lfsr_row._68_/ZN
 bgc_1.lfsr_row._69_/ZN
 bgc_1.lfsr_row._70_/ZN
 bgc_1.lfsr_row._71_/ZN
 bgc_1.lfsr_row._72_/ZN
 bgc_1.lfsr_row._73_/ZN
 bgc_1.lfsr_row._74_/ZN
 bgc_1.lfsr_row._75_/ZN
 bgc_1.lfsr_row._76_/ZN
 bgc_1.lfsr_row._77_/Q
 bgc_1.lfsr_row._78_/Q
 bgc_1.lfsr_row._79_/Q
 bgc_1.lfsr_row._80_/Q
 bgc_1.lfsr_row._81_/Q
 bgc_1.lfsr_row._82_/Q
 bgc_1.lfsr_row._83_/Q
 bgc_1.lfsr_row._84_/Q
 bgc_1.lfsr_row._85_/Q
 bgc_1.lfsr_row._86_/Q
 bgc_1.lfsr_row._87_/Q
 bgc_1.lfsr_row._88_/Q
 bgc_1.row_reg._053_/ZN
 bgc_1.row_reg._054_/ZN
 bgc_1.row_reg._055_/ZN
 bgc_1.row_reg._056_/ZN
 bgc_1.row_reg._057_/ZN
 bgc_1.row_reg._058_/ZN
 bgc_1.row_reg._059_/ZN
 bgc_1.row_reg._060_/ZN
 bgc_1.row_reg._061_/ZN
 bgc_1.row_reg._062_/ZN
 bgc_1.row_reg._063_/ZN
 bgc_1.row_reg._064_/ZN
 bgc_1.row_reg._065_/ZN
 bgc_1.row_reg._066_/ZN
 bgc_1.row_reg._067_/ZN
 bgc_1.row_reg._068_/ZN
 bgc_1.row_reg._069_/ZN
 bgc_1.row_reg._070_/ZN
 bgc_1.row_reg._071_/ZN
 bgc_1.row_reg._072_/ZN
 bgc_1.row_reg._073_/ZN
 bgc_1.row_reg._074_/ZN
 bgc_1.row_reg._075_/ZN
 bgc_1.row_reg._076_/ZN
 bgc_1.row_reg._077_/ZN
 bgc_1.row_reg._078_/ZN
 bgc_1.row_reg._079_/ZN
 bgc_1.row_reg._080_/Z
 bgc_1.row_reg._081_/ZN
 bgc_1.row_reg._082_/ZN
 bgc_1.row_reg._083_/ZN
 bgc_1.row_reg._084_/ZN
 bgc_1.row_reg._085_/ZN
 bgc_1.row_reg._086_/ZN
 bgc_1.row_reg._087_/ZN
 bgc_1.row_reg._088_/ZN
 bgc_1.row_reg._089_/ZN
 bgc_1.row_reg._090_/ZN
 bgc_1.row_reg._091_/ZN
 bgc_1.row_reg._092_/ZN
 bgc_1.row_reg._093_/ZN
 bgc_1.row_reg._094_/ZN
 bgc_1.row_reg._095_/ZN
 bgc_1.row_reg._096_/ZN
 bgc_1.row_reg._097_/ZN
 bgc_1.row_reg._098_/ZN
 bgc_1.row_reg._099_/ZN
 bgc_1.row_reg._100_/ZN
 bgc_1.row_reg._101_/ZN
 bgc_1.row_reg._102_/ZN
 bgc_1.row_reg._103_/ZN
 bgc_1.row_reg._104_/ZN
 bgc_1.row_reg._105_/ZN
 bgc_1.row_reg._106_/ZN
 bgc_1.row_reg._107_/ZN
 bgc_1.row_reg._108_/ZN
 bgc_1.row_reg._109_/ZN
 bgc_1.row_reg._110_/ZN
 bgc_1.row_reg._111_/ZN
 bgc_1.row_reg._112_/ZN
 bgc_1.row_reg._113_/ZN
 bgc_1.row_reg._114_/ZN
 bgc_1.row_reg._115_/ZN
 bgc_1.row_reg._116_/ZN
 bgc_1.row_reg._117_/Q
 bgc_1.row_reg._118_/Q
 bgc_1.row_reg._119_/Q
 bgc_1.row_reg._120_/Q
 bgc_1.row_reg._121_/Q
 bgc_1.row_reg._122_/Q
 bgc_1.row_reg._123_/Q
 bgc_1.row_reg._124_/Q
 bgc_1.row_reg._125_/Q
 bgc_1.row_reg._126_/Q
 bgc_1.row_reg._127_/Q
 bgc_1.row_reg._128_/Q
 bgc_10._05_/ZN
 bgc_10._06_/ZN
 bgc_10._07_/ZN
 bgc_10._08_/ZN
 bgc_10._09_/Z
 bgc_10._10_/ZN
 bgc_10._11_/Z
 bgc_10._12_/Z
 bgc_10._13_/Z
 bgc_10._14_/Z
 bgc_10._15_/Z
 bgc_10._16_/Z
 bgc_10._17_/Z
 bgc_10._18_/Z
 bgc_10._19_/Z
 bgc_10._20_/Z
 bgc_10._21_/Z
 bgc_10._22_/Z
 bgc_10._23_/Z
 bgc_10._24_/ZN
 bgc_10._25_/ZN
 bgc_10.col_reg._053_/ZN
 bgc_10.col_reg._054_/ZN
 bgc_10.col_reg._055_/ZN
 bgc_10.col_reg._056_/ZN
 bgc_10.col_reg._057_/ZN
 bgc_10.col_reg._058_/ZN
 bgc_10.col_reg._059_/ZN
 bgc_10.col_reg._060_/ZN
 bgc_10.col_reg._061_/ZN
 bgc_10.col_reg._062_/ZN
 bgc_10.col_reg._063_/ZN
 bgc_10.col_reg._064_/ZN
 bgc_10.col_reg._065_/ZN
 bgc_10.col_reg._066_/ZN
 bgc_10.col_reg._067_/ZN
 bgc_10.col_reg._068_/ZN
 bgc_10.col_reg._069_/ZN
 bgc_10.col_reg._070_/ZN
 bgc_10.col_reg._071_/ZN
 bgc_10.col_reg._072_/ZN
 bgc_10.col_reg._073_/ZN
 bgc_10.col_reg._074_/ZN
 bgc_10.col_reg._075_/ZN
 bgc_10.col_reg._076_/ZN
 bgc_10.col_reg._077_/ZN
 bgc_10.col_reg._078_/ZN
 bgc_10.col_reg._079_/ZN
 bgc_10.col_reg._080_/Z
 bgc_10.col_reg._081_/ZN
 bgc_10.col_reg._082_/ZN
 bgc_10.col_reg._083_/ZN
 bgc_10.col_reg._084_/ZN
 bgc_10.col_reg._085_/ZN
 bgc_10.col_reg._086_/ZN
 bgc_10.col_reg._087_/ZN
 bgc_10.col_reg._088_/ZN
 bgc_10.col_reg._089_/ZN
 bgc_10.col_reg._090_/ZN
 bgc_10.col_reg._091_/ZN
 bgc_10.col_reg._092_/ZN
 bgc_10.col_reg._093_/ZN
 bgc_10.col_reg._094_/ZN
 bgc_10.col_reg._095_/ZN
 bgc_10.col_reg._096_/ZN
 bgc_10.col_reg._097_/ZN
 bgc_10.col_reg._098_/ZN
 bgc_10.col_reg._099_/ZN
 bgc_10.col_reg._100_/ZN
 bgc_10.col_reg._101_/ZN
 bgc_10.col_reg._102_/ZN
 bgc_10.col_reg._103_/ZN
 bgc_10.col_reg._104_/ZN
 bgc_10.col_reg._105_/ZN
 bgc_10.col_reg._106_/ZN
 bgc_10.col_reg._107_/ZN
 bgc_10.col_reg._108_/ZN
 bgc_10.col_reg._109_/ZN
 bgc_10.col_reg._110_/ZN
 bgc_10.col_reg._111_/ZN
 bgc_10.col_reg._112_/ZN
 bgc_10.col_reg._113_/ZN
 bgc_10.col_reg._114_/ZN
 bgc_10.col_reg._115_/ZN
 bgc_10.col_reg._116_/ZN
 bgc_10.col_reg._117_/Q
 bgc_10.col_reg._118_/Q
 bgc_10.col_reg._119_/Q
 bgc_10.col_reg._120_/Q
 bgc_10.col_reg._121_/Q
 bgc_10.col_reg._122_/Q
 bgc_10.col_reg._123_/Q
 bgc_10.col_reg._124_/Q
 bgc_10.col_reg._125_/Q
 bgc_10.col_reg._126_/Q
 bgc_10.col_reg._127_/Q
 bgc_10.col_reg._128_/Q
 bgc_10.comp_col._20_/ZN
 bgc_10.comp_col._21_/ZN
 bgc_10.comp_col._22_/ZN
 bgc_10.comp_col._23_/ZN
 bgc_10.comp_col._24_/ZN
 bgc_10.comp_col._25_/ZN
 bgc_10.comp_col._26_/ZN
 bgc_10.comp_col._27_/ZN
 bgc_10.comp_col._28_/ZN
 bgc_10.comp_col._29_/ZN
 bgc_10.comp_col._30_/ZN
 bgc_10.comp_col._31_/ZN
 bgc_10.comp_col._32_/ZN
 bgc_10.comp_col._33_/ZN
 bgc_10.comp_col._34_/ZN
 bgc_10.comp_col._35_/ZN
 bgc_10.comp_col._36_/ZN
 bgc_10.comp_col._37_/ZN
 bgc_10.comp_col._38_/ZN
 bgc_10.comp_col._39_/ZN
 bgc_10.comp_col._40_/ZN
 bgc_10.comp_col._41_/ZN
 bgc_10.comp_col._42_/ZN
 bgc_10.comp_col._43_/ZN
 bgc_10.comp_col._44_/ZN
 bgc_10.comp_col._45_/ZN
 bgc_10.comp_col._46_/ZN
 bgc_10.comp_col._47_/ZN
 bgc_10.comp_col._48_/Z
 bgc_10.comp_col._49_/Z
 bgc_10.comp_col._50_/Z
 bgc_10.comp_col._51_/Z
 bgc_10.comp_col._52_/Z
 bgc_10.comp_col._53_/Z
 bgc_10.comp_col._54_/Z
 bgc_10.comp_col._55_/Z
 bgc_10.comp_col._56_/Z
 bgc_10.comp_col._57_/Z
 bgc_10.comp_col._58_/Z
 bgc_10.comp_col._59_/Z
 bgc_10.comp_col._60_/ZN
 bgc_10.comp_col._61_/ZN
 bgc_10.comp_col._62_/ZN
 bgc_10.comp_col._63_/ZN
 bgc_10.comp_col._64_/ZN
 bgc_10.comp_col.pe1._18_/ZN
 bgc_10.comp_col.pe1._19_/ZN
 bgc_10.comp_col.pe1._20_/ZN
 bgc_10.comp_col.pe1._21_/ZN
 bgc_10.comp_col.pe1._22_/ZN
 bgc_10.comp_col.pe1._23_/ZN
 bgc_10.comp_col.pe1._24_/ZN
 bgc_10.comp_col.pe1._25_/ZN
 bgc_10.comp_col.pe1._26_/ZN
 bgc_10.comp_col.pe1._27_/ZN
 bgc_10.comp_col.pe1._28_/ZN
 bgc_10.comp_col.pe1._29_/ZN
 bgc_10.comp_col.pe1._30_/ZN
 bgc_10.comp_col.pe1._31_/ZN
 bgc_10.comp_col.pe1._32_/ZN
 bgc_10.comp_col.pe1._33_/ZN
 bgc_10.comp_col.pe1._34_/ZN
 bgc_10.comp_col.pe1._35_/ZN
 bgc_10.comp_col.pe1._36_/ZN
 bgc_10.comp_col.pe1._37_/ZN
 bgc_10.comp_col.pe1._38_/ZN
 bgc_10.comp_col.pe1._39_/ZN
 bgc_10.comp_col.pe2._18_/ZN
 bgc_10.comp_col.pe2._19_/ZN
 bgc_10.comp_col.pe2._20_/ZN
 bgc_10.comp_col.pe2._21_/ZN
 bgc_10.comp_col.pe2._22_/ZN
 bgc_10.comp_col.pe2._23_/ZN
 bgc_10.comp_col.pe2._24_/ZN
 bgc_10.comp_col.pe2._25_/ZN
 bgc_10.comp_col.pe2._26_/ZN
 bgc_10.comp_col.pe2._27_/ZN
 bgc_10.comp_col.pe2._28_/ZN
 bgc_10.comp_col.pe2._29_/ZN
 bgc_10.comp_col.pe2._30_/ZN
 bgc_10.comp_col.pe2._31_/ZN
 bgc_10.comp_col.pe2._32_/ZN
 bgc_10.comp_col.pe2._33_/ZN
 bgc_10.comp_col.pe2._34_/ZN
 bgc_10.comp_col.pe2._35_/ZN
 bgc_10.comp_col.pe2._36_/ZN
 bgc_10.comp_col.pe2._37_/ZN
 bgc_10.comp_col.pe2._38_/ZN
 bgc_10.comp_col.pe2._39_/ZN
 bgc_10.comp_row._20_/ZN
 bgc_10.comp_row._21_/ZN
 bgc_10.comp_row._22_/ZN
 bgc_10.comp_row._23_/ZN
 bgc_10.comp_row._24_/ZN
 bgc_10.comp_row._25_/ZN
 bgc_10.comp_row._26_/ZN
 bgc_10.comp_row._27_/ZN
 bgc_10.comp_row._28_/ZN
 bgc_10.comp_row._29_/ZN
 bgc_10.comp_row._30_/ZN
 bgc_10.comp_row._31_/ZN
 bgc_10.comp_row._32_/ZN
 bgc_10.comp_row._33_/ZN
 bgc_10.comp_row._34_/ZN
 bgc_10.comp_row._35_/ZN
 bgc_10.comp_row._36_/ZN
 bgc_10.comp_row._37_/ZN
 bgc_10.comp_row._38_/ZN
 bgc_10.comp_row._39_/ZN
 bgc_10.comp_row._40_/ZN
 bgc_10.comp_row._41_/ZN
 bgc_10.comp_row._42_/ZN
 bgc_10.comp_row._43_/ZN
 bgc_10.comp_row._44_/ZN
 bgc_10.comp_row._45_/ZN
 bgc_10.comp_row._46_/ZN
 bgc_10.comp_row._47_/ZN
 bgc_10.comp_row._48_/Z
 bgc_10.comp_row._49_/Z
 bgc_10.comp_row._50_/Z
 bgc_10.comp_row._51_/Z
 bgc_10.comp_row._52_/Z
 bgc_10.comp_row._53_/Z
 bgc_10.comp_row._54_/Z
 bgc_10.comp_row._55_/Z
 bgc_10.comp_row._56_/Z
 bgc_10.comp_row._57_/Z
 bgc_10.comp_row._58_/Z
 bgc_10.comp_row._59_/Z
 bgc_10.comp_row._60_/ZN
 bgc_10.comp_row._61_/ZN
 bgc_10.comp_row._62_/ZN
 bgc_10.comp_row._63_/ZN
 bgc_10.comp_row._64_/ZN
 bgc_10.comp_row.pe1._18_/ZN
 bgc_10.comp_row.pe1._19_/ZN
 bgc_10.comp_row.pe1._20_/ZN
 bgc_10.comp_row.pe1._21_/ZN
 bgc_10.comp_row.pe1._22_/ZN
 bgc_10.comp_row.pe1._23_/ZN
 bgc_10.comp_row.pe1._24_/ZN
 bgc_10.comp_row.pe1._25_/ZN
 bgc_10.comp_row.pe1._26_/ZN
 bgc_10.comp_row.pe1._27_/ZN
 bgc_10.comp_row.pe1._28_/ZN
 bgc_10.comp_row.pe1._29_/ZN
 bgc_10.comp_row.pe1._30_/ZN
 bgc_10.comp_row.pe1._31_/ZN
 bgc_10.comp_row.pe1._32_/ZN
 bgc_10.comp_row.pe1._33_/ZN
 bgc_10.comp_row.pe1._34_/ZN
 bgc_10.comp_row.pe1._35_/ZN
 bgc_10.comp_row.pe1._36_/ZN
 bgc_10.comp_row.pe1._37_/ZN
 bgc_10.comp_row.pe1._38_/ZN
 bgc_10.comp_row.pe1._39_/ZN
 bgc_10.comp_row.pe2._18_/ZN
 bgc_10.comp_row.pe2._19_/ZN
 bgc_10.comp_row.pe2._20_/ZN
 bgc_10.comp_row.pe2._21_/ZN
 bgc_10.comp_row.pe2._22_/ZN
 bgc_10.comp_row.pe2._23_/ZN
 bgc_10.comp_row.pe2._24_/ZN
 bgc_10.comp_row.pe2._25_/ZN
 bgc_10.comp_row.pe2._26_/ZN
 bgc_10.comp_row.pe2._27_/ZN
 bgc_10.comp_row.pe2._28_/ZN
 bgc_10.comp_row.pe2._29_/ZN
 bgc_10.comp_row.pe2._30_/ZN
 bgc_10.comp_row.pe2._31_/ZN
 bgc_10.comp_row.pe2._32_/ZN
 bgc_10.comp_row.pe2._33_/ZN
 bgc_10.comp_row.pe2._34_/ZN
 bgc_10.comp_row.pe2._35_/ZN
 bgc_10.comp_row.pe2._36_/ZN
 bgc_10.comp_row.pe2._37_/ZN
 bgc_10.comp_row.pe2._38_/ZN
 bgc_10.comp_row.pe2._39_/ZN
 bgc_10.final_counter._29_/ZN
 bgc_10.final_counter._30_/ZN
 bgc_10.final_counter._31_/ZN
 bgc_10.final_counter._32_/ZN
 bgc_10.final_counter._33_/ZN
 bgc_10.final_counter._34_/ZN
 bgc_10.final_counter._35_/ZN
 bgc_10.final_counter._36_/ZN
 bgc_10.final_counter._37_/ZN
 bgc_10.final_counter._38_/ZN
 bgc_10.final_counter._39_/Z
 bgc_10.final_counter._40_/ZN
 bgc_10.final_counter._41_/ZN
 bgc_10.final_counter._42_/ZN
 bgc_10.final_counter._43_/Z
 bgc_10.final_counter._44_/ZN
 bgc_10.final_counter._45_/ZN
 bgc_10.final_counter._46_/Z
 bgc_10.final_counter._47_/ZN
 bgc_10.final_counter._48_/ZN
 bgc_10.final_counter._49_/Z
 bgc_10.final_counter._50_/ZN
 bgc_10.final_counter._51_/ZN
 bgc_10.final_counter._52_/ZN
 bgc_10.final_counter._53_/ZN
 bgc_10.final_counter._54_/Z
 bgc_10.final_counter._55_/ZN
 bgc_10.final_counter._56_/ZN
 bgc_10.final_counter._57_/Z
 bgc_10.final_counter._58_/ZN
 bgc_10.final_counter._59_/ZN
 bgc_10.final_counter._60_/ZN
 bgc_10.final_counter._61_/ZN
 bgc_10.final_counter._62_/ZN
 bgc_10.final_counter._63_/ZN
 bgc_10.final_counter._64_/ZN
 bgc_10.final_counter._65_/ZN
 bgc_10.final_counter._66_/ZN
 bgc_10.final_counter._67_/Z
 bgc_10.final_counter._68_/ZN
 bgc_10.final_counter._69_/Q
 bgc_10.final_counter._70_/Q
 bgc_10.final_counter._71_/Q
 bgc_10.final_counter._72_/Q
 bgc_10.final_counter._73_/Q
 bgc_10.final_counter._74_/Q
 bgc_10.final_counter._75_/Q
 bgc_10.final_counter._76_/Q
 bgc_10.final_counter._77_/Q
 bgc_10.final_counter._78_/Q
 bgc_10.final_counter._79_/Q
 bgc_10.final_counter._80_/Q
 bgc_10.lfsr_col._27_/ZN
 bgc_10.lfsr_col._28_/ZN
 bgc_10.lfsr_col._29_/Z
 bgc_10.lfsr_col._30_/Z
 bgc_10.lfsr_col._31_/Z
 bgc_10.lfsr_col._32_/Z
 bgc_10.lfsr_col._33_/Z
 bgc_10.lfsr_col._34_/Z
 bgc_10.lfsr_col._35_/Z
 bgc_10.lfsr_col._36_/Z
 bgc_10.lfsr_col._37_/Z
 bgc_10.lfsr_col._38_/Z
 bgc_10.lfsr_col._39_/Z
 bgc_10.lfsr_col._40_/Z
 bgc_10.lfsr_col._41_/Z
 bgc_10.lfsr_col._42_/Z
 bgc_10.lfsr_col._43_/Z
 bgc_10.lfsr_col._44_/Z
 bgc_10.lfsr_col._45_/Z
 bgc_10.lfsr_col._46_/Z
 bgc_10.lfsr_col._47_/Z
 bgc_10.lfsr_col._48_/Z
 bgc_10.lfsr_col._49_/Z
 bgc_10.lfsr_col._50_/Z
 bgc_10.lfsr_col._51_/Z
 bgc_10.lfsr_col._52_/Z
 bgc_10.lfsr_col._53_/Z
 bgc_10.lfsr_col._54_/Z
 bgc_10.lfsr_col._55_/Z
 bgc_10.lfsr_col._56_/Z
 bgc_10.lfsr_col._57_/Z
 bgc_10.lfsr_col._58_/Z
 bgc_10.lfsr_col._59_/Z
 bgc_10.lfsr_col._60_/Z
 bgc_10.lfsr_col._61_/Z
 bgc_10.lfsr_col._62_/Z
 bgc_10.lfsr_col._63_/Z
 bgc_10.lfsr_col._64_/Z
 bgc_10.lfsr_col._65_/Z
 bgc_10.lfsr_col._66_/ZN
 bgc_10.lfsr_col._67_/ZN
 bgc_10.lfsr_col._68_/ZN
 bgc_10.lfsr_col._69_/ZN
 bgc_10.lfsr_col._70_/ZN
 bgc_10.lfsr_col._71_/ZN
 bgc_10.lfsr_col._72_/ZN
 bgc_10.lfsr_col._73_/ZN
 bgc_10.lfsr_col._74_/ZN
 bgc_10.lfsr_col._75_/ZN
 bgc_10.lfsr_col._76_/ZN
 bgc_10.lfsr_col._77_/Q
 bgc_10.lfsr_col._78_/Q
 bgc_10.lfsr_col._79_/Q
 bgc_10.lfsr_col._80_/Q
 bgc_10.lfsr_col._81_/Q
 bgc_10.lfsr_col._82_/Q
 bgc_10.lfsr_col._83_/Q
 bgc_10.lfsr_col._84_/Q
 bgc_10.lfsr_col._85_/Q
 bgc_10.lfsr_col._86_/Q
 bgc_10.lfsr_col._87_/Q
 bgc_10.lfsr_col._88_/Q
 bgc_10.lfsr_row._27_/ZN
 bgc_10.lfsr_row._28_/ZN
 bgc_10.lfsr_row._29_/Z
 bgc_10.lfsr_row._30_/Z
 bgc_10.lfsr_row._31_/Z
 bgc_10.lfsr_row._32_/Z
 bgc_10.lfsr_row._33_/Z
 bgc_10.lfsr_row._34_/Z
 bgc_10.lfsr_row._35_/Z
 bgc_10.lfsr_row._36_/Z
 bgc_10.lfsr_row._37_/Z
 bgc_10.lfsr_row._38_/Z
 bgc_10.lfsr_row._39_/Z
 bgc_10.lfsr_row._40_/Z
 bgc_10.lfsr_row._41_/Z
 bgc_10.lfsr_row._42_/Z
 bgc_10.lfsr_row._43_/Z
 bgc_10.lfsr_row._44_/Z
 bgc_10.lfsr_row._45_/Z
 bgc_10.lfsr_row._46_/Z
 bgc_10.lfsr_row._47_/Z
 bgc_10.lfsr_row._48_/Z
 bgc_10.lfsr_row._49_/Z
 bgc_10.lfsr_row._50_/Z
 bgc_10.lfsr_row._51_/Z
 bgc_10.lfsr_row._52_/Z
 bgc_10.lfsr_row._53_/Z
 bgc_10.lfsr_row._54_/Z
 bgc_10.lfsr_row._55_/Z
 bgc_10.lfsr_row._56_/Z
 bgc_10.lfsr_row._57_/Z
 bgc_10.lfsr_row._58_/Z
 bgc_10.lfsr_row._59_/Z
 bgc_10.lfsr_row._60_/Z
 bgc_10.lfsr_row._61_/Z
 bgc_10.lfsr_row._62_/Z
 bgc_10.lfsr_row._63_/Z
 bgc_10.lfsr_row._64_/Z
 bgc_10.lfsr_row._65_/Z
 bgc_10.lfsr_row._66_/ZN
 bgc_10.lfsr_row._67_/ZN
 bgc_10.lfsr_row._68_/ZN
 bgc_10.lfsr_row._69_/ZN
 bgc_10.lfsr_row._70_/ZN
 bgc_10.lfsr_row._71_/ZN
 bgc_10.lfsr_row._72_/ZN
 bgc_10.lfsr_row._73_/ZN
 bgc_10.lfsr_row._74_/ZN
 bgc_10.lfsr_row._75_/ZN
 bgc_10.lfsr_row._76_/ZN
 bgc_10.lfsr_row._77_/Q
 bgc_10.lfsr_row._78_/Q
 bgc_10.lfsr_row._79_/Q
 bgc_10.lfsr_row._80_/Q
 bgc_10.lfsr_row._81_/Q
 bgc_10.lfsr_row._82_/Q
 bgc_10.lfsr_row._83_/Q
 bgc_10.lfsr_row._84_/Q
 bgc_10.lfsr_row._85_/Q
 bgc_10.lfsr_row._86_/Q
 bgc_10.lfsr_row._87_/Q
 bgc_10.lfsr_row._88_/Q
 bgc_10.row_reg._053_/ZN
 bgc_10.row_reg._054_/ZN
 bgc_10.row_reg._055_/ZN
 bgc_10.row_reg._056_/ZN
 bgc_10.row_reg._057_/ZN
 bgc_10.row_reg._058_/ZN
 bgc_10.row_reg._059_/ZN
 bgc_10.row_reg._060_/ZN
 bgc_10.row_reg._061_/ZN
 bgc_10.row_reg._062_/ZN
 bgc_10.row_reg._063_/ZN
 bgc_10.row_reg._064_/ZN
 bgc_10.row_reg._065_/ZN
 bgc_10.row_reg._066_/ZN
 bgc_10.row_reg._067_/ZN
 bgc_10.row_reg._068_/ZN
 bgc_10.row_reg._069_/ZN
 bgc_10.row_reg._070_/ZN
 bgc_10.row_reg._071_/ZN
 bgc_10.row_reg._072_/ZN
 bgc_10.row_reg._073_/ZN
 bgc_10.row_reg._074_/ZN
 bgc_10.row_reg._075_/ZN
 bgc_10.row_reg._076_/ZN
 bgc_10.row_reg._077_/ZN
 bgc_10.row_reg._078_/ZN
 bgc_10.row_reg._079_/ZN
 bgc_10.row_reg._080_/Z
 bgc_10.row_reg._081_/ZN
 bgc_10.row_reg._082_/ZN
 bgc_10.row_reg._083_/ZN
 bgc_10.row_reg._084_/ZN
 bgc_10.row_reg._085_/ZN
 bgc_10.row_reg._086_/ZN
 bgc_10.row_reg._087_/ZN
 bgc_10.row_reg._088_/ZN
 bgc_10.row_reg._089_/ZN
 bgc_10.row_reg._090_/ZN
 bgc_10.row_reg._091_/ZN
 bgc_10.row_reg._092_/ZN
 bgc_10.row_reg._093_/ZN
 bgc_10.row_reg._094_/ZN
 bgc_10.row_reg._095_/ZN
 bgc_10.row_reg._096_/ZN
 bgc_10.row_reg._097_/ZN
 bgc_10.row_reg._098_/ZN
 bgc_10.row_reg._099_/ZN
 bgc_10.row_reg._100_/ZN
 bgc_10.row_reg._101_/ZN
 bgc_10.row_reg._102_/ZN
 bgc_10.row_reg._103_/ZN
 bgc_10.row_reg._104_/ZN
 bgc_10.row_reg._105_/ZN
 bgc_10.row_reg._106_/ZN
 bgc_10.row_reg._107_/ZN
 bgc_10.row_reg._108_/ZN
 bgc_10.row_reg._109_/ZN
 bgc_10.row_reg._110_/ZN
 bgc_10.row_reg._111_/ZN
 bgc_10.row_reg._112_/ZN
 bgc_10.row_reg._113_/ZN
 bgc_10.row_reg._114_/ZN
 bgc_10.row_reg._115_/ZN
 bgc_10.row_reg._116_/ZN
 bgc_10.row_reg._117_/Q
 bgc_10.row_reg._118_/Q
 bgc_10.row_reg._119_/Q
 bgc_10.row_reg._120_/Q
 bgc_10.row_reg._121_/Q
 bgc_10.row_reg._122_/Q
 bgc_10.row_reg._123_/Q
 bgc_10.row_reg._124_/Q
 bgc_10.row_reg._125_/Q
 bgc_10.row_reg._126_/Q
 bgc_10.row_reg._127_/Q
 bgc_10.row_reg._128_/Q
 bgc_11._05_/ZN
 bgc_11._06_/ZN
 bgc_11._07_/ZN
 bgc_11._08_/ZN
 bgc_11._09_/Z
 bgc_11._10_/ZN
 bgc_11._11_/Z
 bgc_11._12_/Z
 bgc_11._13_/Z
 bgc_11._14_/Z
 bgc_11._15_/Z
 bgc_11._16_/Z
 bgc_11._17_/Z
 bgc_11._18_/Z
 bgc_11._19_/Z
 bgc_11._20_/Z
 bgc_11._21_/Z
 bgc_11._22_/Z
 bgc_11._23_/Z
 bgc_11._24_/ZN
 bgc_11._25_/ZN
 bgc_11.col_reg._053_/ZN
 bgc_11.col_reg._054_/ZN
 bgc_11.col_reg._055_/ZN
 bgc_11.col_reg._056_/ZN
 bgc_11.col_reg._057_/ZN
 bgc_11.col_reg._058_/ZN
 bgc_11.col_reg._059_/ZN
 bgc_11.col_reg._060_/ZN
 bgc_11.col_reg._061_/ZN
 bgc_11.col_reg._062_/ZN
 bgc_11.col_reg._063_/ZN
 bgc_11.col_reg._064_/ZN
 bgc_11.col_reg._065_/ZN
 bgc_11.col_reg._066_/ZN
 bgc_11.col_reg._067_/ZN
 bgc_11.col_reg._068_/ZN
 bgc_11.col_reg._069_/ZN
 bgc_11.col_reg._070_/ZN
 bgc_11.col_reg._071_/ZN
 bgc_11.col_reg._072_/ZN
 bgc_11.col_reg._073_/ZN
 bgc_11.col_reg._074_/ZN
 bgc_11.col_reg._075_/ZN
 bgc_11.col_reg._076_/ZN
 bgc_11.col_reg._077_/ZN
 bgc_11.col_reg._078_/ZN
 bgc_11.col_reg._079_/ZN
 bgc_11.col_reg._080_/Z
 bgc_11.col_reg._081_/ZN
 bgc_11.col_reg._082_/ZN
 bgc_11.col_reg._083_/ZN
 bgc_11.col_reg._084_/ZN
 bgc_11.col_reg._085_/ZN
 bgc_11.col_reg._086_/ZN
 bgc_11.col_reg._087_/ZN
 bgc_11.col_reg._088_/ZN
 bgc_11.col_reg._089_/ZN
 bgc_11.col_reg._090_/ZN
 bgc_11.col_reg._091_/ZN
 bgc_11.col_reg._092_/ZN
 bgc_11.col_reg._093_/ZN
 bgc_11.col_reg._094_/ZN
 bgc_11.col_reg._095_/ZN
 bgc_11.col_reg._096_/ZN
 bgc_11.col_reg._097_/ZN
 bgc_11.col_reg._098_/ZN
 bgc_11.col_reg._099_/ZN
 bgc_11.col_reg._100_/ZN
 bgc_11.col_reg._101_/ZN
 bgc_11.col_reg._102_/ZN
 bgc_11.col_reg._103_/ZN
 bgc_11.col_reg._104_/ZN
 bgc_11.col_reg._105_/ZN
 bgc_11.col_reg._106_/ZN
 bgc_11.col_reg._107_/ZN
 bgc_11.col_reg._108_/ZN
 bgc_11.col_reg._109_/ZN
 bgc_11.col_reg._110_/ZN
 bgc_11.col_reg._111_/ZN
 bgc_11.col_reg._112_/ZN
 bgc_11.col_reg._113_/ZN
 bgc_11.col_reg._114_/ZN
 bgc_11.col_reg._115_/ZN
 bgc_11.col_reg._116_/ZN
 bgc_11.col_reg._117_/Q
 bgc_11.col_reg._118_/Q
 bgc_11.col_reg._119_/Q
 bgc_11.col_reg._120_/Q
 bgc_11.col_reg._121_/Q
 bgc_11.col_reg._122_/Q
 bgc_11.col_reg._123_/Q
 bgc_11.col_reg._124_/Q
 bgc_11.col_reg._125_/Q
 bgc_11.col_reg._126_/Q
 bgc_11.col_reg._127_/Q
 bgc_11.col_reg._128_/Q
 bgc_11.comp_col._20_/ZN
 bgc_11.comp_col._21_/ZN
 bgc_11.comp_col._22_/ZN
 bgc_11.comp_col._23_/ZN
 bgc_11.comp_col._24_/ZN
 bgc_11.comp_col._25_/ZN
 bgc_11.comp_col._26_/ZN
 bgc_11.comp_col._27_/ZN
 bgc_11.comp_col._28_/ZN
 bgc_11.comp_col._29_/ZN
 bgc_11.comp_col._30_/ZN
 bgc_11.comp_col._31_/ZN
 bgc_11.comp_col._32_/ZN
 bgc_11.comp_col._33_/ZN
 bgc_11.comp_col._34_/ZN
 bgc_11.comp_col._35_/ZN
 bgc_11.comp_col._36_/ZN
 bgc_11.comp_col._37_/ZN
 bgc_11.comp_col._38_/ZN
 bgc_11.comp_col._39_/ZN
 bgc_11.comp_col._40_/ZN
 bgc_11.comp_col._41_/ZN
 bgc_11.comp_col._42_/ZN
 bgc_11.comp_col._43_/ZN
 bgc_11.comp_col._44_/ZN
 bgc_11.comp_col._45_/ZN
 bgc_11.comp_col._46_/ZN
 bgc_11.comp_col._47_/ZN
 bgc_11.comp_col._48_/Z
 bgc_11.comp_col._49_/Z
 bgc_11.comp_col._50_/Z
 bgc_11.comp_col._51_/Z
 bgc_11.comp_col._52_/Z
 bgc_11.comp_col._53_/Z
 bgc_11.comp_col._54_/Z
 bgc_11.comp_col._55_/Z
 bgc_11.comp_col._56_/Z
 bgc_11.comp_col._57_/Z
 bgc_11.comp_col._58_/Z
 bgc_11.comp_col._59_/Z
 bgc_11.comp_col._60_/ZN
 bgc_11.comp_col._61_/ZN
 bgc_11.comp_col._62_/ZN
 bgc_11.comp_col._63_/ZN
 bgc_11.comp_col._64_/ZN
 bgc_11.comp_col.pe1._18_/ZN
 bgc_11.comp_col.pe1._19_/ZN
 bgc_11.comp_col.pe1._20_/ZN
 bgc_11.comp_col.pe1._21_/ZN
 bgc_11.comp_col.pe1._22_/ZN
 bgc_11.comp_col.pe1._23_/ZN
 bgc_11.comp_col.pe1._24_/ZN
 bgc_11.comp_col.pe1._25_/ZN
 bgc_11.comp_col.pe1._26_/ZN
 bgc_11.comp_col.pe1._27_/ZN
 bgc_11.comp_col.pe1._28_/ZN
 bgc_11.comp_col.pe1._29_/ZN
 bgc_11.comp_col.pe1._30_/ZN
 bgc_11.comp_col.pe1._31_/ZN
 bgc_11.comp_col.pe1._32_/ZN
 bgc_11.comp_col.pe1._33_/ZN
 bgc_11.comp_col.pe1._34_/ZN
 bgc_11.comp_col.pe1._35_/ZN
 bgc_11.comp_col.pe1._36_/ZN
 bgc_11.comp_col.pe1._37_/ZN
 bgc_11.comp_col.pe1._38_/ZN
 bgc_11.comp_col.pe1._39_/ZN
 bgc_11.comp_col.pe2._18_/ZN
 bgc_11.comp_col.pe2._19_/ZN
 bgc_11.comp_col.pe2._20_/ZN
 bgc_11.comp_col.pe2._21_/ZN
 bgc_11.comp_col.pe2._22_/ZN
 bgc_11.comp_col.pe2._23_/ZN
 bgc_11.comp_col.pe2._24_/ZN
 bgc_11.comp_col.pe2._25_/ZN
 bgc_11.comp_col.pe2._26_/ZN
 bgc_11.comp_col.pe2._27_/ZN
 bgc_11.comp_col.pe2._28_/ZN
 bgc_11.comp_col.pe2._29_/ZN
 bgc_11.comp_col.pe2._30_/ZN
 bgc_11.comp_col.pe2._31_/ZN
 bgc_11.comp_col.pe2._32_/ZN
 bgc_11.comp_col.pe2._33_/ZN
 bgc_11.comp_col.pe2._34_/ZN
 bgc_11.comp_col.pe2._35_/ZN
 bgc_11.comp_col.pe2._36_/ZN
 bgc_11.comp_col.pe2._37_/ZN
 bgc_11.comp_col.pe2._38_/ZN
 bgc_11.comp_col.pe2._39_/ZN
 bgc_11.comp_row._20_/ZN
 bgc_11.comp_row._21_/ZN
 bgc_11.comp_row._22_/ZN
 bgc_11.comp_row._23_/ZN
 bgc_11.comp_row._24_/ZN
 bgc_11.comp_row._25_/ZN
 bgc_11.comp_row._26_/ZN
 bgc_11.comp_row._27_/ZN
 bgc_11.comp_row._28_/ZN
 bgc_11.comp_row._29_/ZN
 bgc_11.comp_row._30_/ZN
 bgc_11.comp_row._31_/ZN
 bgc_11.comp_row._32_/ZN
 bgc_11.comp_row._33_/ZN
 bgc_11.comp_row._34_/ZN
 bgc_11.comp_row._35_/ZN
 bgc_11.comp_row._36_/ZN
 bgc_11.comp_row._37_/ZN
 bgc_11.comp_row._38_/ZN
 bgc_11.comp_row._39_/ZN
 bgc_11.comp_row._40_/ZN
 bgc_11.comp_row._41_/ZN
 bgc_11.comp_row._42_/ZN
 bgc_11.comp_row._43_/ZN
 bgc_11.comp_row._44_/ZN
 bgc_11.comp_row._45_/ZN
 bgc_11.comp_row._46_/ZN
 bgc_11.comp_row._47_/ZN
 bgc_11.comp_row._48_/Z
 bgc_11.comp_row._49_/Z
 bgc_11.comp_row._50_/Z
 bgc_11.comp_row._51_/Z
 bgc_11.comp_row._52_/Z
 bgc_11.comp_row._53_/Z
 bgc_11.comp_row._54_/Z
 bgc_11.comp_row._55_/Z
 bgc_11.comp_row._56_/Z
 bgc_11.comp_row._57_/Z
 bgc_11.comp_row._58_/Z
 bgc_11.comp_row._59_/Z
 bgc_11.comp_row._60_/ZN
 bgc_11.comp_row._61_/ZN
 bgc_11.comp_row._62_/ZN
 bgc_11.comp_row._63_/ZN
 bgc_11.comp_row._64_/ZN
 bgc_11.comp_row.pe1._18_/ZN
 bgc_11.comp_row.pe1._19_/ZN
 bgc_11.comp_row.pe1._20_/ZN
 bgc_11.comp_row.pe1._21_/ZN
 bgc_11.comp_row.pe1._22_/ZN
 bgc_11.comp_row.pe1._23_/ZN
 bgc_11.comp_row.pe1._24_/ZN
 bgc_11.comp_row.pe1._25_/ZN
 bgc_11.comp_row.pe1._26_/ZN
 bgc_11.comp_row.pe1._27_/ZN
 bgc_11.comp_row.pe1._28_/ZN
 bgc_11.comp_row.pe1._29_/ZN
 bgc_11.comp_row.pe1._30_/ZN
 bgc_11.comp_row.pe1._31_/ZN
 bgc_11.comp_row.pe1._32_/ZN
 bgc_11.comp_row.pe1._33_/ZN
 bgc_11.comp_row.pe1._34_/ZN
 bgc_11.comp_row.pe1._35_/ZN
 bgc_11.comp_row.pe1._36_/ZN
 bgc_11.comp_row.pe1._37_/ZN
 bgc_11.comp_row.pe1._38_/ZN
 bgc_11.comp_row.pe1._39_/ZN
 bgc_11.comp_row.pe2._18_/ZN
 bgc_11.comp_row.pe2._19_/ZN
 bgc_11.comp_row.pe2._20_/ZN
 bgc_11.comp_row.pe2._21_/ZN
 bgc_11.comp_row.pe2._22_/ZN
 bgc_11.comp_row.pe2._23_/ZN
 bgc_11.comp_row.pe2._24_/ZN
 bgc_11.comp_row.pe2._25_/ZN
 bgc_11.comp_row.pe2._26_/ZN
 bgc_11.comp_row.pe2._27_/ZN
 bgc_11.comp_row.pe2._28_/ZN
 bgc_11.comp_row.pe2._29_/ZN
 bgc_11.comp_row.pe2._30_/ZN
 bgc_11.comp_row.pe2._31_/ZN
 bgc_11.comp_row.pe2._32_/ZN
 bgc_11.comp_row.pe2._33_/ZN
 bgc_11.comp_row.pe2._34_/ZN
 bgc_11.comp_row.pe2._35_/ZN
 bgc_11.comp_row.pe2._36_/ZN
 bgc_11.comp_row.pe2._37_/ZN
 bgc_11.comp_row.pe2._38_/ZN
 bgc_11.comp_row.pe2._39_/ZN
 bgc_11.final_counter._29_/ZN
 bgc_11.final_counter._30_/ZN
 bgc_11.final_counter._31_/ZN
 bgc_11.final_counter._32_/ZN
 bgc_11.final_counter._33_/ZN
 bgc_11.final_counter._34_/ZN
 bgc_11.final_counter._35_/ZN
 bgc_11.final_counter._36_/ZN
 bgc_11.final_counter._37_/ZN
 bgc_11.final_counter._38_/ZN
 bgc_11.final_counter._39_/Z
 bgc_11.final_counter._40_/ZN
 bgc_11.final_counter._41_/ZN
 bgc_11.final_counter._42_/ZN
 bgc_11.final_counter._43_/Z
 bgc_11.final_counter._44_/ZN
 bgc_11.final_counter._45_/ZN
 bgc_11.final_counter._46_/Z
 bgc_11.final_counter._47_/ZN
 bgc_11.final_counter._48_/ZN
 bgc_11.final_counter._49_/Z
 bgc_11.final_counter._50_/ZN
 bgc_11.final_counter._51_/ZN
 bgc_11.final_counter._52_/ZN
 bgc_11.final_counter._53_/ZN
 bgc_11.final_counter._54_/Z
 bgc_11.final_counter._55_/ZN
 bgc_11.final_counter._56_/ZN
 bgc_11.final_counter._57_/Z
 bgc_11.final_counter._58_/ZN
 bgc_11.final_counter._59_/ZN
 bgc_11.final_counter._60_/ZN
 bgc_11.final_counter._61_/ZN
 bgc_11.final_counter._62_/ZN
 bgc_11.final_counter._63_/ZN
 bgc_11.final_counter._64_/ZN
 bgc_11.final_counter._65_/ZN
 bgc_11.final_counter._66_/ZN
 bgc_11.final_counter._67_/Z
 bgc_11.final_counter._68_/ZN
 bgc_11.final_counter._69_/Q
 bgc_11.final_counter._70_/Q
 bgc_11.final_counter._71_/Q
 bgc_11.final_counter._72_/Q
 bgc_11.final_counter._73_/Q
 bgc_11.final_counter._74_/Q
 bgc_11.final_counter._75_/Q
 bgc_11.final_counter._76_/Q
 bgc_11.final_counter._77_/Q
 bgc_11.final_counter._78_/Q
 bgc_11.final_counter._79_/Q
 bgc_11.final_counter._80_/Q
 bgc_11.lfsr_col._27_/ZN
 bgc_11.lfsr_col._28_/ZN
 bgc_11.lfsr_col._29_/Z
 bgc_11.lfsr_col._30_/Z
 bgc_11.lfsr_col._31_/Z
 bgc_11.lfsr_col._32_/Z
 bgc_11.lfsr_col._33_/Z
 bgc_11.lfsr_col._34_/Z
 bgc_11.lfsr_col._35_/Z
 bgc_11.lfsr_col._36_/Z
 bgc_11.lfsr_col._37_/Z
 bgc_11.lfsr_col._38_/Z
 bgc_11.lfsr_col._39_/Z
 bgc_11.lfsr_col._40_/Z
 bgc_11.lfsr_col._41_/Z
 bgc_11.lfsr_col._42_/Z
 bgc_11.lfsr_col._43_/Z
 bgc_11.lfsr_col._44_/Z
 bgc_11.lfsr_col._45_/Z
 bgc_11.lfsr_col._46_/Z
 bgc_11.lfsr_col._47_/Z
 bgc_11.lfsr_col._48_/Z
 bgc_11.lfsr_col._49_/Z
 bgc_11.lfsr_col._50_/Z
 bgc_11.lfsr_col._51_/Z
 bgc_11.lfsr_col._52_/Z
 bgc_11.lfsr_col._53_/Z
 bgc_11.lfsr_col._54_/Z
 bgc_11.lfsr_col._55_/Z
 bgc_11.lfsr_col._56_/Z
 bgc_11.lfsr_col._57_/Z
 bgc_11.lfsr_col._58_/Z
 bgc_11.lfsr_col._59_/Z
 bgc_11.lfsr_col._60_/Z
 bgc_11.lfsr_col._61_/Z
 bgc_11.lfsr_col._62_/Z
 bgc_11.lfsr_col._63_/Z
 bgc_11.lfsr_col._64_/Z
 bgc_11.lfsr_col._65_/Z
 bgc_11.lfsr_col._66_/ZN
 bgc_11.lfsr_col._67_/ZN
 bgc_11.lfsr_col._68_/ZN
 bgc_11.lfsr_col._69_/ZN
 bgc_11.lfsr_col._70_/ZN
 bgc_11.lfsr_col._71_/ZN
 bgc_11.lfsr_col._72_/ZN
 bgc_11.lfsr_col._73_/ZN
 bgc_11.lfsr_col._74_/ZN
 bgc_11.lfsr_col._75_/ZN
 bgc_11.lfsr_col._76_/ZN
 bgc_11.lfsr_col._77_/Q
 bgc_11.lfsr_col._78_/Q
 bgc_11.lfsr_col._79_/Q
 bgc_11.lfsr_col._80_/Q
 bgc_11.lfsr_col._81_/Q
 bgc_11.lfsr_col._82_/Q
 bgc_11.lfsr_col._83_/Q
 bgc_11.lfsr_col._84_/Q
 bgc_11.lfsr_col._85_/Q
 bgc_11.lfsr_col._86_/Q
 bgc_11.lfsr_col._87_/Q
 bgc_11.lfsr_col._88_/Q
 bgc_11.lfsr_row._27_/ZN
 bgc_11.lfsr_row._28_/ZN
 bgc_11.lfsr_row._29_/Z
 bgc_11.lfsr_row._30_/Z
 bgc_11.lfsr_row._31_/Z
 bgc_11.lfsr_row._32_/Z
 bgc_11.lfsr_row._33_/Z
 bgc_11.lfsr_row._34_/Z
 bgc_11.lfsr_row._35_/Z
 bgc_11.lfsr_row._36_/Z
 bgc_11.lfsr_row._37_/Z
 bgc_11.lfsr_row._38_/Z
 bgc_11.lfsr_row._39_/Z
 bgc_11.lfsr_row._40_/Z
 bgc_11.lfsr_row._41_/Z
 bgc_11.lfsr_row._42_/Z
 bgc_11.lfsr_row._43_/Z
 bgc_11.lfsr_row._44_/Z
 bgc_11.lfsr_row._45_/Z
 bgc_11.lfsr_row._46_/Z
 bgc_11.lfsr_row._47_/Z
 bgc_11.lfsr_row._48_/Z
 bgc_11.lfsr_row._49_/Z
 bgc_11.lfsr_row._50_/Z
 bgc_11.lfsr_row._51_/Z
 bgc_11.lfsr_row._52_/Z
 bgc_11.lfsr_row._53_/Z
 bgc_11.lfsr_row._54_/Z
 bgc_11.lfsr_row._55_/Z
 bgc_11.lfsr_row._56_/Z
 bgc_11.lfsr_row._57_/Z
 bgc_11.lfsr_row._58_/Z
 bgc_11.lfsr_row._59_/Z
 bgc_11.lfsr_row._60_/Z
 bgc_11.lfsr_row._61_/Z
 bgc_11.lfsr_row._62_/Z
 bgc_11.lfsr_row._63_/Z
 bgc_11.lfsr_row._64_/Z
 bgc_11.lfsr_row._65_/Z
 bgc_11.lfsr_row._66_/ZN
 bgc_11.lfsr_row._67_/ZN
 bgc_11.lfsr_row._68_/ZN
 bgc_11.lfsr_row._69_/ZN
 bgc_11.lfsr_row._70_/ZN
 bgc_11.lfsr_row._71_/ZN
 bgc_11.lfsr_row._72_/ZN
 bgc_11.lfsr_row._73_/ZN
 bgc_11.lfsr_row._74_/ZN
 bgc_11.lfsr_row._75_/ZN
 bgc_11.lfsr_row._76_/ZN
 bgc_11.lfsr_row._77_/Q
 bgc_11.lfsr_row._78_/Q
 bgc_11.lfsr_row._79_/Q
 bgc_11.lfsr_row._80_/Q
 bgc_11.lfsr_row._81_/Q
 bgc_11.lfsr_row._82_/Q
 bgc_11.lfsr_row._83_/Q
 bgc_11.lfsr_row._84_/Q
 bgc_11.lfsr_row._85_/Q
 bgc_11.lfsr_row._86_/Q
 bgc_11.lfsr_row._87_/Q
 bgc_11.lfsr_row._88_/Q
 bgc_11.row_reg._053_/ZN
 bgc_11.row_reg._054_/ZN
 bgc_11.row_reg._055_/ZN
 bgc_11.row_reg._056_/ZN
 bgc_11.row_reg._057_/ZN
 bgc_11.row_reg._058_/ZN
 bgc_11.row_reg._059_/ZN
 bgc_11.row_reg._060_/ZN
 bgc_11.row_reg._061_/ZN
 bgc_11.row_reg._062_/ZN
 bgc_11.row_reg._063_/ZN
 bgc_11.row_reg._064_/ZN
 bgc_11.row_reg._065_/ZN
 bgc_11.row_reg._066_/ZN
 bgc_11.row_reg._067_/ZN
 bgc_11.row_reg._068_/ZN
 bgc_11.row_reg._069_/ZN
 bgc_11.row_reg._070_/ZN
 bgc_11.row_reg._071_/ZN
 bgc_11.row_reg._072_/ZN
 bgc_11.row_reg._073_/ZN
 bgc_11.row_reg._074_/ZN
 bgc_11.row_reg._075_/ZN
 bgc_11.row_reg._076_/ZN
 bgc_11.row_reg._077_/ZN
 bgc_11.row_reg._078_/ZN
 bgc_11.row_reg._079_/ZN
 bgc_11.row_reg._080_/Z
 bgc_11.row_reg._081_/ZN
 bgc_11.row_reg._082_/ZN
 bgc_11.row_reg._083_/ZN
 bgc_11.row_reg._084_/ZN
 bgc_11.row_reg._085_/ZN
 bgc_11.row_reg._086_/ZN
 bgc_11.row_reg._087_/ZN
 bgc_11.row_reg._088_/ZN
 bgc_11.row_reg._089_/ZN
 bgc_11.row_reg._090_/ZN
 bgc_11.row_reg._091_/ZN
 bgc_11.row_reg._092_/ZN
 bgc_11.row_reg._093_/ZN
 bgc_11.row_reg._094_/ZN
 bgc_11.row_reg._095_/ZN
 bgc_11.row_reg._096_/ZN
 bgc_11.row_reg._097_/ZN
 bgc_11.row_reg._098_/ZN
 bgc_11.row_reg._099_/ZN
 bgc_11.row_reg._100_/ZN
 bgc_11.row_reg._101_/ZN
 bgc_11.row_reg._102_/ZN
 bgc_11.row_reg._103_/ZN
 bgc_11.row_reg._104_/ZN
 bgc_11.row_reg._105_/ZN
 bgc_11.row_reg._106_/ZN
 bgc_11.row_reg._107_/ZN
 bgc_11.row_reg._108_/ZN
 bgc_11.row_reg._109_/ZN
 bgc_11.row_reg._110_/ZN
 bgc_11.row_reg._111_/ZN
 bgc_11.row_reg._112_/ZN
 bgc_11.row_reg._113_/ZN
 bgc_11.row_reg._114_/ZN
 bgc_11.row_reg._115_/ZN
 bgc_11.row_reg._116_/ZN
 bgc_11.row_reg._117_/Q
 bgc_11.row_reg._118_/Q
 bgc_11.row_reg._119_/Q
 bgc_11.row_reg._120_/Q
 bgc_11.row_reg._121_/Q
 bgc_11.row_reg._122_/Q
 bgc_11.row_reg._123_/Q
 bgc_11.row_reg._124_/Q
 bgc_11.row_reg._125_/Q
 bgc_11.row_reg._126_/Q
 bgc_11.row_reg._127_/Q
 bgc_11.row_reg._128_/Q
 bgc_12._05_/ZN
 bgc_12._06_/ZN
 bgc_12._07_/ZN
 bgc_12._08_/ZN
 bgc_12._09_/Z
 bgc_12._10_/ZN
 bgc_12._11_/Z
 bgc_12._12_/Z
 bgc_12._13_/Z
 bgc_12._14_/Z
 bgc_12._15_/Z
 bgc_12._16_/Z
 bgc_12._17_/Z
 bgc_12._18_/Z
 bgc_12._19_/Z
 bgc_12._20_/Z
 bgc_12._21_/Z
 bgc_12._22_/Z
 bgc_12._23_/Z
 bgc_12._24_/ZN
 bgc_12._25_/ZN
 bgc_12.col_reg._053_/ZN
 bgc_12.col_reg._054_/ZN
 bgc_12.col_reg._055_/ZN
 bgc_12.col_reg._056_/ZN
 bgc_12.col_reg._057_/ZN
 bgc_12.col_reg._058_/ZN
 bgc_12.col_reg._059_/ZN
 bgc_12.col_reg._060_/ZN
 bgc_12.col_reg._061_/ZN
 bgc_12.col_reg._062_/ZN
 bgc_12.col_reg._063_/ZN
 bgc_12.col_reg._064_/ZN
 bgc_12.col_reg._065_/ZN
 bgc_12.col_reg._066_/ZN
 bgc_12.col_reg._067_/ZN
 bgc_12.col_reg._068_/ZN
 bgc_12.col_reg._069_/ZN
 bgc_12.col_reg._070_/ZN
 bgc_12.col_reg._071_/ZN
 bgc_12.col_reg._072_/ZN
 bgc_12.col_reg._073_/ZN
 bgc_12.col_reg._074_/ZN
 bgc_12.col_reg._075_/ZN
 bgc_12.col_reg._076_/ZN
 bgc_12.col_reg._077_/ZN
 bgc_12.col_reg._078_/ZN
 bgc_12.col_reg._079_/ZN
 bgc_12.col_reg._080_/Z
 bgc_12.col_reg._081_/ZN
 bgc_12.col_reg._082_/ZN
 bgc_12.col_reg._083_/ZN
 bgc_12.col_reg._084_/ZN
 bgc_12.col_reg._085_/ZN
 bgc_12.col_reg._086_/ZN
 bgc_12.col_reg._087_/ZN
 bgc_12.col_reg._088_/ZN
 bgc_12.col_reg._089_/ZN
 bgc_12.col_reg._090_/ZN
 bgc_12.col_reg._091_/ZN
 bgc_12.col_reg._092_/ZN
 bgc_12.col_reg._093_/ZN
 bgc_12.col_reg._094_/ZN
 bgc_12.col_reg._095_/ZN
 bgc_12.col_reg._096_/ZN
 bgc_12.col_reg._097_/ZN
 bgc_12.col_reg._098_/ZN
 bgc_12.col_reg._099_/ZN
 bgc_12.col_reg._100_/ZN
 bgc_12.col_reg._101_/ZN
 bgc_12.col_reg._102_/ZN
 bgc_12.col_reg._103_/ZN
 bgc_12.col_reg._104_/ZN
 bgc_12.col_reg._105_/ZN
 bgc_12.col_reg._106_/ZN
 bgc_12.col_reg._107_/ZN
 bgc_12.col_reg._108_/ZN
 bgc_12.col_reg._109_/ZN
 bgc_12.col_reg._110_/ZN
 bgc_12.col_reg._111_/ZN
 bgc_12.col_reg._112_/ZN
 bgc_12.col_reg._113_/ZN
 bgc_12.col_reg._114_/ZN
 bgc_12.col_reg._115_/ZN
 bgc_12.col_reg._116_/ZN
 bgc_12.col_reg._117_/Q
 bgc_12.col_reg._118_/Q
 bgc_12.col_reg._119_/Q
 bgc_12.col_reg._120_/Q
 bgc_12.col_reg._121_/Q
 bgc_12.col_reg._122_/Q
 bgc_12.col_reg._123_/Q
 bgc_12.col_reg._124_/Q
 bgc_12.col_reg._125_/Q
 bgc_12.col_reg._126_/Q
 bgc_12.col_reg._127_/Q
 bgc_12.col_reg._128_/Q
 bgc_12.comp_col._20_/ZN
 bgc_12.comp_col._21_/ZN
 bgc_12.comp_col._22_/ZN
 bgc_12.comp_col._23_/ZN
 bgc_12.comp_col._24_/ZN
 bgc_12.comp_col._25_/ZN
 bgc_12.comp_col._26_/ZN
 bgc_12.comp_col._27_/ZN
 bgc_12.comp_col._28_/ZN
 bgc_12.comp_col._29_/ZN
 bgc_12.comp_col._30_/ZN
 bgc_12.comp_col._31_/ZN
 bgc_12.comp_col._32_/ZN
 bgc_12.comp_col._33_/ZN
 bgc_12.comp_col._34_/ZN
 bgc_12.comp_col._35_/ZN
 bgc_12.comp_col._36_/ZN
 bgc_12.comp_col._37_/ZN
 bgc_12.comp_col._38_/ZN
 bgc_12.comp_col._39_/ZN
 bgc_12.comp_col._40_/ZN
 bgc_12.comp_col._41_/ZN
 bgc_12.comp_col._42_/ZN
 bgc_12.comp_col._43_/ZN
 bgc_12.comp_col._44_/ZN
 bgc_12.comp_col._45_/ZN
 bgc_12.comp_col._46_/ZN
 bgc_12.comp_col._47_/ZN
 bgc_12.comp_col._48_/Z
 bgc_12.comp_col._49_/Z
 bgc_12.comp_col._50_/Z
 bgc_12.comp_col._51_/Z
 bgc_12.comp_col._52_/Z
 bgc_12.comp_col._53_/Z
 bgc_12.comp_col._54_/Z
 bgc_12.comp_col._55_/Z
 bgc_12.comp_col._56_/Z
 bgc_12.comp_col._57_/Z
 bgc_12.comp_col._58_/Z
 bgc_12.comp_col._59_/Z
 bgc_12.comp_col._60_/ZN
 bgc_12.comp_col._61_/ZN
 bgc_12.comp_col._62_/ZN
 bgc_12.comp_col._63_/ZN
 bgc_12.comp_col._64_/ZN
 bgc_12.comp_col.pe1._18_/ZN
 bgc_12.comp_col.pe1._19_/ZN
 bgc_12.comp_col.pe1._20_/ZN
 bgc_12.comp_col.pe1._21_/ZN
 bgc_12.comp_col.pe1._22_/ZN
 bgc_12.comp_col.pe1._23_/ZN
 bgc_12.comp_col.pe1._24_/ZN
 bgc_12.comp_col.pe1._25_/ZN
 bgc_12.comp_col.pe1._26_/ZN
 bgc_12.comp_col.pe1._27_/ZN
 bgc_12.comp_col.pe1._28_/ZN
 bgc_12.comp_col.pe1._29_/ZN
 bgc_12.comp_col.pe1._30_/ZN
 bgc_12.comp_col.pe1._31_/ZN
 bgc_12.comp_col.pe1._32_/ZN
 bgc_12.comp_col.pe1._33_/ZN
 bgc_12.comp_col.pe1._34_/ZN
 bgc_12.comp_col.pe1._35_/ZN
 bgc_12.comp_col.pe1._36_/ZN
 bgc_12.comp_col.pe1._37_/ZN
 bgc_12.comp_col.pe1._38_/ZN
 bgc_12.comp_col.pe1._39_/ZN
 bgc_12.comp_col.pe2._18_/ZN
 bgc_12.comp_col.pe2._19_/ZN
 bgc_12.comp_col.pe2._20_/ZN
 bgc_12.comp_col.pe2._21_/ZN
 bgc_12.comp_col.pe2._22_/ZN
 bgc_12.comp_col.pe2._23_/ZN
 bgc_12.comp_col.pe2._24_/ZN
 bgc_12.comp_col.pe2._25_/ZN
 bgc_12.comp_col.pe2._26_/ZN
 bgc_12.comp_col.pe2._27_/ZN
 bgc_12.comp_col.pe2._28_/ZN
 bgc_12.comp_col.pe2._29_/ZN
 bgc_12.comp_col.pe2._30_/ZN
 bgc_12.comp_col.pe2._31_/ZN
 bgc_12.comp_col.pe2._32_/ZN
 bgc_12.comp_col.pe2._33_/ZN
 bgc_12.comp_col.pe2._34_/ZN
 bgc_12.comp_col.pe2._35_/ZN
 bgc_12.comp_col.pe2._36_/ZN
 bgc_12.comp_col.pe2._37_/ZN
 bgc_12.comp_col.pe2._38_/ZN
 bgc_12.comp_col.pe2._39_/ZN
 bgc_12.comp_row._20_/ZN
 bgc_12.comp_row._21_/ZN
 bgc_12.comp_row._22_/ZN
 bgc_12.comp_row._23_/ZN
 bgc_12.comp_row._24_/ZN
 bgc_12.comp_row._25_/ZN
 bgc_12.comp_row._26_/ZN
 bgc_12.comp_row._27_/ZN
 bgc_12.comp_row._28_/ZN
 bgc_12.comp_row._29_/ZN
 bgc_12.comp_row._30_/ZN
 bgc_12.comp_row._31_/ZN
 bgc_12.comp_row._32_/ZN
 bgc_12.comp_row._33_/ZN
 bgc_12.comp_row._34_/ZN
 bgc_12.comp_row._35_/ZN
 bgc_12.comp_row._36_/ZN
 bgc_12.comp_row._37_/ZN
 bgc_12.comp_row._38_/ZN
 bgc_12.comp_row._39_/ZN
 bgc_12.comp_row._40_/ZN
 bgc_12.comp_row._41_/ZN
 bgc_12.comp_row._42_/ZN
 bgc_12.comp_row._43_/ZN
 bgc_12.comp_row._44_/ZN
 bgc_12.comp_row._45_/ZN
 bgc_12.comp_row._46_/ZN
 bgc_12.comp_row._47_/ZN
 bgc_12.comp_row._48_/Z
 bgc_12.comp_row._49_/Z
 bgc_12.comp_row._50_/Z
 bgc_12.comp_row._51_/Z
 bgc_12.comp_row._52_/Z
 bgc_12.comp_row._53_/Z
 bgc_12.comp_row._54_/Z
 bgc_12.comp_row._55_/Z
 bgc_12.comp_row._56_/Z
 bgc_12.comp_row._57_/Z
 bgc_12.comp_row._58_/Z
 bgc_12.comp_row._59_/Z
 bgc_12.comp_row._60_/ZN
 bgc_12.comp_row._61_/ZN
 bgc_12.comp_row._62_/ZN
 bgc_12.comp_row._63_/ZN
 bgc_12.comp_row._64_/ZN
 bgc_12.comp_row.pe1._18_/ZN
 bgc_12.comp_row.pe1._19_/ZN
 bgc_12.comp_row.pe1._20_/ZN
 bgc_12.comp_row.pe1._21_/ZN
 bgc_12.comp_row.pe1._22_/ZN
 bgc_12.comp_row.pe1._23_/ZN
 bgc_12.comp_row.pe1._24_/ZN
 bgc_12.comp_row.pe1._25_/ZN
 bgc_12.comp_row.pe1._26_/ZN
 bgc_12.comp_row.pe1._27_/ZN
 bgc_12.comp_row.pe1._28_/ZN
 bgc_12.comp_row.pe1._29_/ZN
 bgc_12.comp_row.pe1._30_/ZN
 bgc_12.comp_row.pe1._31_/ZN
 bgc_12.comp_row.pe1._32_/ZN
 bgc_12.comp_row.pe1._33_/ZN
 bgc_12.comp_row.pe1._34_/ZN
 bgc_12.comp_row.pe1._35_/ZN
 bgc_12.comp_row.pe1._36_/ZN
 bgc_12.comp_row.pe1._37_/ZN
 bgc_12.comp_row.pe1._38_/ZN
 bgc_12.comp_row.pe1._39_/ZN
 bgc_12.comp_row.pe2._18_/ZN
 bgc_12.comp_row.pe2._19_/ZN
 bgc_12.comp_row.pe2._20_/ZN
 bgc_12.comp_row.pe2._21_/ZN
 bgc_12.comp_row.pe2._22_/ZN
 bgc_12.comp_row.pe2._23_/ZN
 bgc_12.comp_row.pe2._24_/ZN
 bgc_12.comp_row.pe2._25_/ZN
 bgc_12.comp_row.pe2._26_/ZN
 bgc_12.comp_row.pe2._27_/ZN
 bgc_12.comp_row.pe2._28_/ZN
 bgc_12.comp_row.pe2._29_/ZN
 bgc_12.comp_row.pe2._30_/ZN
 bgc_12.comp_row.pe2._31_/ZN
 bgc_12.comp_row.pe2._32_/ZN
 bgc_12.comp_row.pe2._33_/ZN
 bgc_12.comp_row.pe2._34_/ZN
 bgc_12.comp_row.pe2._35_/ZN
 bgc_12.comp_row.pe2._36_/ZN
 bgc_12.comp_row.pe2._37_/ZN
 bgc_12.comp_row.pe2._38_/ZN
 bgc_12.comp_row.pe2._39_/ZN
 bgc_12.final_counter._29_/ZN
 bgc_12.final_counter._30_/ZN
 bgc_12.final_counter._31_/ZN
 bgc_12.final_counter._32_/ZN
 bgc_12.final_counter._33_/ZN
 bgc_12.final_counter._34_/ZN
 bgc_12.final_counter._35_/ZN
 bgc_12.final_counter._36_/ZN
 bgc_12.final_counter._37_/ZN
 bgc_12.final_counter._38_/ZN
 bgc_12.final_counter._39_/Z
 bgc_12.final_counter._40_/ZN
 bgc_12.final_counter._41_/ZN
 bgc_12.final_counter._42_/ZN
 bgc_12.final_counter._43_/Z
 bgc_12.final_counter._44_/ZN
 bgc_12.final_counter._45_/ZN
 bgc_12.final_counter._46_/Z
 bgc_12.final_counter._47_/ZN
 bgc_12.final_counter._48_/ZN
 bgc_12.final_counter._49_/Z
 bgc_12.final_counter._50_/ZN
 bgc_12.final_counter._51_/ZN
 bgc_12.final_counter._52_/ZN
 bgc_12.final_counter._53_/ZN
 bgc_12.final_counter._54_/Z
 bgc_12.final_counter._55_/ZN
 bgc_12.final_counter._56_/ZN
 bgc_12.final_counter._57_/Z
 bgc_12.final_counter._58_/ZN
 bgc_12.final_counter._59_/ZN
 bgc_12.final_counter._60_/ZN
 bgc_12.final_counter._61_/ZN
 bgc_12.final_counter._62_/ZN
 bgc_12.final_counter._63_/ZN
 bgc_12.final_counter._64_/ZN
 bgc_12.final_counter._65_/ZN
 bgc_12.final_counter._66_/ZN
 bgc_12.final_counter._67_/Z
 bgc_12.final_counter._68_/ZN
 bgc_12.final_counter._69_/Q
 bgc_12.final_counter._70_/Q
 bgc_12.final_counter._71_/Q
 bgc_12.final_counter._72_/Q
 bgc_12.final_counter._73_/Q
 bgc_12.final_counter._74_/Q
 bgc_12.final_counter._75_/Q
 bgc_12.final_counter._76_/Q
 bgc_12.final_counter._77_/Q
 bgc_12.final_counter._78_/Q
 bgc_12.final_counter._79_/Q
 bgc_12.final_counter._80_/Q
 bgc_12.lfsr_col._27_/ZN
 bgc_12.lfsr_col._28_/ZN
 bgc_12.lfsr_col._29_/Z
 bgc_12.lfsr_col._30_/Z
 bgc_12.lfsr_col._31_/Z
 bgc_12.lfsr_col._32_/Z
 bgc_12.lfsr_col._33_/Z
 bgc_12.lfsr_col._34_/Z
 bgc_12.lfsr_col._35_/Z
 bgc_12.lfsr_col._36_/Z
 bgc_12.lfsr_col._37_/Z
 bgc_12.lfsr_col._38_/Z
 bgc_12.lfsr_col._39_/Z
 bgc_12.lfsr_col._40_/Z
 bgc_12.lfsr_col._41_/Z
 bgc_12.lfsr_col._42_/Z
 bgc_12.lfsr_col._43_/Z
 bgc_12.lfsr_col._44_/Z
 bgc_12.lfsr_col._45_/Z
 bgc_12.lfsr_col._46_/Z
 bgc_12.lfsr_col._47_/Z
 bgc_12.lfsr_col._48_/Z
 bgc_12.lfsr_col._49_/Z
 bgc_12.lfsr_col._50_/Z
 bgc_12.lfsr_col._51_/Z
 bgc_12.lfsr_col._52_/Z
 bgc_12.lfsr_col._53_/Z
 bgc_12.lfsr_col._54_/Z
 bgc_12.lfsr_col._55_/Z
 bgc_12.lfsr_col._56_/Z
 bgc_12.lfsr_col._57_/Z
 bgc_12.lfsr_col._58_/Z
 bgc_12.lfsr_col._59_/Z
 bgc_12.lfsr_col._60_/Z
 bgc_12.lfsr_col._61_/Z
 bgc_12.lfsr_col._62_/Z
 bgc_12.lfsr_col._63_/Z
 bgc_12.lfsr_col._64_/Z
 bgc_12.lfsr_col._65_/Z
 bgc_12.lfsr_col._66_/ZN
 bgc_12.lfsr_col._67_/ZN
 bgc_12.lfsr_col._68_/ZN
 bgc_12.lfsr_col._69_/ZN
 bgc_12.lfsr_col._70_/ZN
 bgc_12.lfsr_col._71_/ZN
 bgc_12.lfsr_col._72_/ZN
 bgc_12.lfsr_col._73_/ZN
 bgc_12.lfsr_col._74_/ZN
 bgc_12.lfsr_col._75_/ZN
 bgc_12.lfsr_col._76_/ZN
 bgc_12.lfsr_col._77_/Q
 bgc_12.lfsr_col._78_/Q
 bgc_12.lfsr_col._79_/Q
 bgc_12.lfsr_col._80_/Q
 bgc_12.lfsr_col._81_/Q
 bgc_12.lfsr_col._82_/Q
 bgc_12.lfsr_col._83_/Q
 bgc_12.lfsr_col._84_/Q
 bgc_12.lfsr_col._85_/Q
 bgc_12.lfsr_col._86_/Q
 bgc_12.lfsr_col._87_/Q
 bgc_12.lfsr_col._88_/Q
 bgc_12.lfsr_row._27_/ZN
 bgc_12.lfsr_row._28_/ZN
 bgc_12.lfsr_row._29_/Z
 bgc_12.lfsr_row._30_/Z
 bgc_12.lfsr_row._31_/Z
 bgc_12.lfsr_row._32_/Z
 bgc_12.lfsr_row._33_/Z
 bgc_12.lfsr_row._34_/Z
 bgc_12.lfsr_row._35_/Z
 bgc_12.lfsr_row._36_/Z
 bgc_12.lfsr_row._37_/Z
 bgc_12.lfsr_row._38_/Z
 bgc_12.lfsr_row._39_/Z
 bgc_12.lfsr_row._40_/Z
 bgc_12.lfsr_row._41_/Z
 bgc_12.lfsr_row._42_/Z
 bgc_12.lfsr_row._43_/Z
 bgc_12.lfsr_row._44_/Z
 bgc_12.lfsr_row._45_/Z
 bgc_12.lfsr_row._46_/Z
 bgc_12.lfsr_row._47_/Z
 bgc_12.lfsr_row._48_/Z
 bgc_12.lfsr_row._49_/Z
 bgc_12.lfsr_row._50_/Z
 bgc_12.lfsr_row._51_/Z
 bgc_12.lfsr_row._52_/Z
 bgc_12.lfsr_row._53_/Z
 bgc_12.lfsr_row._54_/Z
 bgc_12.lfsr_row._55_/Z
 bgc_12.lfsr_row._56_/Z
 bgc_12.lfsr_row._57_/Z
 bgc_12.lfsr_row._58_/Z
 bgc_12.lfsr_row._59_/Z
 bgc_12.lfsr_row._60_/Z
 bgc_12.lfsr_row._61_/Z
 bgc_12.lfsr_row._62_/Z
 bgc_12.lfsr_row._63_/Z
 bgc_12.lfsr_row._64_/Z
 bgc_12.lfsr_row._65_/Z
 bgc_12.lfsr_row._66_/ZN
 bgc_12.lfsr_row._67_/ZN
 bgc_12.lfsr_row._68_/ZN
 bgc_12.lfsr_row._69_/ZN
 bgc_12.lfsr_row._70_/ZN
 bgc_12.lfsr_row._71_/ZN
 bgc_12.lfsr_row._72_/ZN
 bgc_12.lfsr_row._73_/ZN
 bgc_12.lfsr_row._74_/ZN
 bgc_12.lfsr_row._75_/ZN
 bgc_12.lfsr_row._76_/ZN
 bgc_12.lfsr_row._77_/Q
 bgc_12.lfsr_row._78_/Q
 bgc_12.lfsr_row._79_/Q
 bgc_12.lfsr_row._80_/Q
 bgc_12.lfsr_row._81_/Q
 bgc_12.lfsr_row._82_/Q
 bgc_12.lfsr_row._83_/Q
 bgc_12.lfsr_row._84_/Q
 bgc_12.lfsr_row._85_/Q
 bgc_12.lfsr_row._86_/Q
 bgc_12.lfsr_row._87_/Q
 bgc_12.lfsr_row._88_/Q
 bgc_12.row_reg._053_/ZN
 bgc_12.row_reg._054_/ZN
 bgc_12.row_reg._055_/ZN
 bgc_12.row_reg._056_/ZN
 bgc_12.row_reg._057_/ZN
 bgc_12.row_reg._058_/ZN
 bgc_12.row_reg._059_/ZN
 bgc_12.row_reg._060_/ZN
 bgc_12.row_reg._061_/ZN
 bgc_12.row_reg._062_/ZN
 bgc_12.row_reg._063_/ZN
 bgc_12.row_reg._064_/ZN
 bgc_12.row_reg._065_/ZN
 bgc_12.row_reg._066_/ZN
 bgc_12.row_reg._067_/ZN
 bgc_12.row_reg._068_/ZN
 bgc_12.row_reg._069_/ZN
 bgc_12.row_reg._070_/ZN
 bgc_12.row_reg._071_/ZN
 bgc_12.row_reg._072_/ZN
 bgc_12.row_reg._073_/ZN
 bgc_12.row_reg._074_/ZN
 bgc_12.row_reg._075_/ZN
 bgc_12.row_reg._076_/ZN
 bgc_12.row_reg._077_/ZN
 bgc_12.row_reg._078_/ZN
 bgc_12.row_reg._079_/ZN
 bgc_12.row_reg._080_/Z
 bgc_12.row_reg._081_/ZN
 bgc_12.row_reg._082_/ZN
 bgc_12.row_reg._083_/ZN
 bgc_12.row_reg._084_/ZN
 bgc_12.row_reg._085_/ZN
 bgc_12.row_reg._086_/ZN
 bgc_12.row_reg._087_/ZN
 bgc_12.row_reg._088_/ZN
 bgc_12.row_reg._089_/ZN
 bgc_12.row_reg._090_/ZN
 bgc_12.row_reg._091_/ZN
 bgc_12.row_reg._092_/ZN
 bgc_12.row_reg._093_/ZN
 bgc_12.row_reg._094_/ZN
 bgc_12.row_reg._095_/ZN
 bgc_12.row_reg._096_/ZN
 bgc_12.row_reg._097_/ZN
 bgc_12.row_reg._098_/ZN
 bgc_12.row_reg._099_/ZN
 bgc_12.row_reg._100_/ZN
 bgc_12.row_reg._101_/ZN
 bgc_12.row_reg._102_/ZN
 bgc_12.row_reg._103_/ZN
 bgc_12.row_reg._104_/ZN
 bgc_12.row_reg._105_/ZN
 bgc_12.row_reg._106_/ZN
 bgc_12.row_reg._107_/ZN
 bgc_12.row_reg._108_/ZN
 bgc_12.row_reg._109_/ZN
 bgc_12.row_reg._110_/ZN
 bgc_12.row_reg._111_/ZN
 bgc_12.row_reg._112_/ZN
 bgc_12.row_reg._113_/ZN
 bgc_12.row_reg._114_/ZN
 bgc_12.row_reg._115_/ZN
 bgc_12.row_reg._116_/ZN
 bgc_12.row_reg._117_/Q
 bgc_12.row_reg._118_/Q
 bgc_12.row_reg._119_/Q
 bgc_12.row_reg._120_/Q
 bgc_12.row_reg._121_/Q
 bgc_12.row_reg._122_/Q
 bgc_12.row_reg._123_/Q
 bgc_12.row_reg._124_/Q
 bgc_12.row_reg._125_/Q
 bgc_12.row_reg._126_/Q
 bgc_12.row_reg._127_/Q
 bgc_12.row_reg._128_/Q
 bgc_13._05_/ZN
 bgc_13._06_/ZN
 bgc_13._07_/ZN
 bgc_13._08_/ZN
 bgc_13._09_/Z
 bgc_13._10_/ZN
 bgc_13._11_/Z
 bgc_13._12_/Z
 bgc_13._13_/Z
 bgc_13._14_/Z
 bgc_13._15_/Z
 bgc_13._16_/Z
 bgc_13._17_/Z
 bgc_13._18_/Z
 bgc_13._19_/Z
 bgc_13._20_/Z
 bgc_13._21_/Z
 bgc_13._22_/Z
 bgc_13._23_/Z
 bgc_13._24_/ZN
 bgc_13._25_/ZN
 bgc_13.col_reg._053_/ZN
 bgc_13.col_reg._054_/ZN
 bgc_13.col_reg._055_/ZN
 bgc_13.col_reg._056_/ZN
 bgc_13.col_reg._057_/ZN
 bgc_13.col_reg._058_/ZN
 bgc_13.col_reg._059_/ZN
 bgc_13.col_reg._060_/ZN
 bgc_13.col_reg._061_/ZN
 bgc_13.col_reg._062_/ZN
 bgc_13.col_reg._063_/ZN
 bgc_13.col_reg._064_/ZN
 bgc_13.col_reg._065_/ZN
 bgc_13.col_reg._066_/ZN
 bgc_13.col_reg._067_/ZN
 bgc_13.col_reg._068_/ZN
 bgc_13.col_reg._069_/ZN
 bgc_13.col_reg._070_/ZN
 bgc_13.col_reg._071_/ZN
 bgc_13.col_reg._072_/ZN
 bgc_13.col_reg._073_/ZN
 bgc_13.col_reg._074_/ZN
 bgc_13.col_reg._075_/ZN
 bgc_13.col_reg._076_/ZN
 bgc_13.col_reg._077_/ZN
 bgc_13.col_reg._078_/ZN
 bgc_13.col_reg._079_/ZN
 bgc_13.col_reg._080_/Z
 bgc_13.col_reg._081_/ZN
 bgc_13.col_reg._082_/ZN
 bgc_13.col_reg._083_/ZN
 bgc_13.col_reg._084_/ZN
 bgc_13.col_reg._085_/ZN
 bgc_13.col_reg._086_/ZN
 bgc_13.col_reg._087_/ZN
 bgc_13.col_reg._088_/ZN
 bgc_13.col_reg._089_/ZN
 bgc_13.col_reg._090_/ZN
 bgc_13.col_reg._091_/ZN
 bgc_13.col_reg._092_/ZN
 bgc_13.col_reg._093_/ZN
 bgc_13.col_reg._094_/ZN
 bgc_13.col_reg._095_/ZN
 bgc_13.col_reg._096_/ZN
 bgc_13.col_reg._097_/ZN
 bgc_13.col_reg._098_/ZN
 bgc_13.col_reg._099_/ZN
 bgc_13.col_reg._100_/ZN
 bgc_13.col_reg._101_/ZN
 bgc_13.col_reg._102_/ZN
 bgc_13.col_reg._103_/ZN
 bgc_13.col_reg._104_/ZN
 bgc_13.col_reg._105_/ZN
 bgc_13.col_reg._106_/ZN
 bgc_13.col_reg._107_/ZN
 bgc_13.col_reg._108_/ZN
 bgc_13.col_reg._109_/ZN
 bgc_13.col_reg._110_/ZN
 bgc_13.col_reg._111_/ZN
 bgc_13.col_reg._112_/ZN
 bgc_13.col_reg._113_/ZN
 bgc_13.col_reg._114_/ZN
 bgc_13.col_reg._115_/ZN
 bgc_13.col_reg._116_/ZN
 bgc_13.col_reg._117_/Q
 bgc_13.col_reg._118_/Q
 bgc_13.col_reg._119_/Q
 bgc_13.col_reg._120_/Q
 bgc_13.col_reg._121_/Q
 bgc_13.col_reg._122_/Q
 bgc_13.col_reg._123_/Q
 bgc_13.col_reg._124_/Q
 bgc_13.col_reg._125_/Q
 bgc_13.col_reg._126_/Q
 bgc_13.col_reg._127_/Q
 bgc_13.col_reg._128_/Q
 bgc_13.comp_col._20_/ZN
 bgc_13.comp_col._21_/ZN
 bgc_13.comp_col._22_/ZN
 bgc_13.comp_col._23_/ZN
 bgc_13.comp_col._24_/ZN
 bgc_13.comp_col._25_/ZN
 bgc_13.comp_col._26_/ZN
 bgc_13.comp_col._27_/ZN
 bgc_13.comp_col._28_/ZN
 bgc_13.comp_col._29_/ZN
 bgc_13.comp_col._30_/ZN
 bgc_13.comp_col._31_/ZN
 bgc_13.comp_col._32_/ZN
 bgc_13.comp_col._33_/ZN
 bgc_13.comp_col._34_/ZN
 bgc_13.comp_col._35_/ZN
 bgc_13.comp_col._36_/ZN
 bgc_13.comp_col._37_/ZN
 bgc_13.comp_col._38_/ZN
 bgc_13.comp_col._39_/ZN
 bgc_13.comp_col._40_/ZN
 bgc_13.comp_col._41_/ZN
 bgc_13.comp_col._42_/ZN
 bgc_13.comp_col._43_/ZN
 bgc_13.comp_col._44_/ZN
 bgc_13.comp_col._45_/ZN
 bgc_13.comp_col._46_/ZN
 bgc_13.comp_col._47_/ZN
 bgc_13.comp_col._48_/Z
 bgc_13.comp_col._49_/Z
 bgc_13.comp_col._50_/Z
 bgc_13.comp_col._51_/Z
 bgc_13.comp_col._52_/Z
 bgc_13.comp_col._53_/Z
 bgc_13.comp_col._54_/Z
 bgc_13.comp_col._55_/Z
 bgc_13.comp_col._56_/Z
 bgc_13.comp_col._57_/Z
 bgc_13.comp_col._58_/Z
 bgc_13.comp_col._59_/Z
 bgc_13.comp_col._60_/ZN
 bgc_13.comp_col._61_/ZN
 bgc_13.comp_col._62_/ZN
 bgc_13.comp_col._63_/ZN
 bgc_13.comp_col._64_/ZN
 bgc_13.comp_col.pe1._18_/ZN
 bgc_13.comp_col.pe1._19_/ZN
 bgc_13.comp_col.pe1._20_/ZN
 bgc_13.comp_col.pe1._21_/ZN
 bgc_13.comp_col.pe1._22_/ZN
 bgc_13.comp_col.pe1._23_/ZN
 bgc_13.comp_col.pe1._24_/ZN
 bgc_13.comp_col.pe1._25_/ZN
 bgc_13.comp_col.pe1._26_/ZN
 bgc_13.comp_col.pe1._27_/ZN
 bgc_13.comp_col.pe1._28_/ZN
 bgc_13.comp_col.pe1._29_/ZN
 bgc_13.comp_col.pe1._30_/ZN
 bgc_13.comp_col.pe1._31_/ZN
 bgc_13.comp_col.pe1._32_/ZN
 bgc_13.comp_col.pe1._33_/ZN
 bgc_13.comp_col.pe1._34_/ZN
 bgc_13.comp_col.pe1._35_/ZN
 bgc_13.comp_col.pe1._36_/ZN
 bgc_13.comp_col.pe1._37_/ZN
 bgc_13.comp_col.pe1._38_/ZN
 bgc_13.comp_col.pe1._39_/ZN
 bgc_13.comp_col.pe2._18_/ZN
 bgc_13.comp_col.pe2._19_/ZN
 bgc_13.comp_col.pe2._20_/ZN
 bgc_13.comp_col.pe2._21_/ZN
 bgc_13.comp_col.pe2._22_/ZN
 bgc_13.comp_col.pe2._23_/ZN
 bgc_13.comp_col.pe2._24_/ZN
 bgc_13.comp_col.pe2._25_/ZN
 bgc_13.comp_col.pe2._26_/ZN
 bgc_13.comp_col.pe2._27_/ZN
 bgc_13.comp_col.pe2._28_/ZN
 bgc_13.comp_col.pe2._29_/ZN
 bgc_13.comp_col.pe2._30_/ZN
 bgc_13.comp_col.pe2._31_/ZN
 bgc_13.comp_col.pe2._32_/ZN
 bgc_13.comp_col.pe2._33_/ZN
 bgc_13.comp_col.pe2._34_/ZN
 bgc_13.comp_col.pe2._35_/ZN
 bgc_13.comp_col.pe2._36_/ZN
 bgc_13.comp_col.pe2._37_/ZN
 bgc_13.comp_col.pe2._38_/ZN
 bgc_13.comp_col.pe2._39_/ZN
 bgc_13.comp_row._20_/ZN
 bgc_13.comp_row._21_/ZN
 bgc_13.comp_row._22_/ZN
 bgc_13.comp_row._23_/ZN
 bgc_13.comp_row._24_/ZN
 bgc_13.comp_row._25_/ZN
 bgc_13.comp_row._26_/ZN
 bgc_13.comp_row._27_/ZN
 bgc_13.comp_row._28_/ZN
 bgc_13.comp_row._29_/ZN
 bgc_13.comp_row._30_/ZN
 bgc_13.comp_row._31_/ZN
 bgc_13.comp_row._32_/ZN
 bgc_13.comp_row._33_/ZN
 bgc_13.comp_row._34_/ZN
 bgc_13.comp_row._35_/ZN
 bgc_13.comp_row._36_/ZN
 bgc_13.comp_row._37_/ZN
 bgc_13.comp_row._38_/ZN
 bgc_13.comp_row._39_/ZN
 bgc_13.comp_row._40_/ZN
 bgc_13.comp_row._41_/ZN
 bgc_13.comp_row._42_/ZN
 bgc_13.comp_row._43_/ZN
 bgc_13.comp_row._44_/ZN
 bgc_13.comp_row._45_/ZN
 bgc_13.comp_row._46_/ZN
 bgc_13.comp_row._47_/ZN
 bgc_13.comp_row._48_/Z
 bgc_13.comp_row._49_/Z
 bgc_13.comp_row._50_/Z
 bgc_13.comp_row._51_/Z
 bgc_13.comp_row._52_/Z
 bgc_13.comp_row._53_/Z
 bgc_13.comp_row._54_/Z
 bgc_13.comp_row._55_/Z
 bgc_13.comp_row._56_/Z
 bgc_13.comp_row._57_/Z
 bgc_13.comp_row._58_/Z
 bgc_13.comp_row._59_/Z
 bgc_13.comp_row._60_/ZN
 bgc_13.comp_row._61_/ZN
 bgc_13.comp_row._62_/ZN
 bgc_13.comp_row._63_/ZN
 bgc_13.comp_row._64_/ZN
 bgc_13.comp_row.pe1._18_/ZN
 bgc_13.comp_row.pe1._19_/ZN
 bgc_13.comp_row.pe1._20_/ZN
 bgc_13.comp_row.pe1._21_/ZN
 bgc_13.comp_row.pe1._22_/ZN
 bgc_13.comp_row.pe1._23_/ZN
 bgc_13.comp_row.pe1._24_/ZN
 bgc_13.comp_row.pe1._25_/ZN
 bgc_13.comp_row.pe1._26_/ZN
 bgc_13.comp_row.pe1._27_/ZN
 bgc_13.comp_row.pe1._28_/ZN
 bgc_13.comp_row.pe1._29_/ZN
 bgc_13.comp_row.pe1._30_/ZN
 bgc_13.comp_row.pe1._31_/ZN
 bgc_13.comp_row.pe1._32_/ZN
 bgc_13.comp_row.pe1._33_/ZN
 bgc_13.comp_row.pe1._34_/ZN
 bgc_13.comp_row.pe1._35_/ZN
 bgc_13.comp_row.pe1._36_/ZN
 bgc_13.comp_row.pe1._37_/ZN
 bgc_13.comp_row.pe1._38_/ZN
 bgc_13.comp_row.pe1._39_/ZN
 bgc_13.comp_row.pe2._18_/ZN
 bgc_13.comp_row.pe2._19_/ZN
 bgc_13.comp_row.pe2._20_/ZN
 bgc_13.comp_row.pe2._21_/ZN
 bgc_13.comp_row.pe2._22_/ZN
 bgc_13.comp_row.pe2._23_/ZN
 bgc_13.comp_row.pe2._24_/ZN
 bgc_13.comp_row.pe2._25_/ZN
 bgc_13.comp_row.pe2._26_/ZN
 bgc_13.comp_row.pe2._27_/ZN
 bgc_13.comp_row.pe2._28_/ZN
 bgc_13.comp_row.pe2._29_/ZN
 bgc_13.comp_row.pe2._30_/ZN
 bgc_13.comp_row.pe2._31_/ZN
 bgc_13.comp_row.pe2._32_/ZN
 bgc_13.comp_row.pe2._33_/ZN
 bgc_13.comp_row.pe2._34_/ZN
 bgc_13.comp_row.pe2._35_/ZN
 bgc_13.comp_row.pe2._36_/ZN
 bgc_13.comp_row.pe2._37_/ZN
 bgc_13.comp_row.pe2._38_/ZN
 bgc_13.comp_row.pe2._39_/ZN
 bgc_13.final_counter._29_/ZN
 bgc_13.final_counter._30_/ZN
 bgc_13.final_counter._31_/ZN
 bgc_13.final_counter._32_/ZN
 bgc_13.final_counter._33_/ZN
 bgc_13.final_counter._34_/ZN
 bgc_13.final_counter._35_/ZN
 bgc_13.final_counter._36_/ZN
 bgc_13.final_counter._37_/ZN
 bgc_13.final_counter._38_/ZN
 bgc_13.final_counter._39_/Z
 bgc_13.final_counter._40_/ZN
 bgc_13.final_counter._41_/ZN
 bgc_13.final_counter._42_/ZN
 bgc_13.final_counter._43_/Z
 bgc_13.final_counter._44_/ZN
 bgc_13.final_counter._45_/ZN
 bgc_13.final_counter._46_/Z
 bgc_13.final_counter._47_/ZN
 bgc_13.final_counter._48_/ZN
 bgc_13.final_counter._49_/Z
 bgc_13.final_counter._50_/ZN
 bgc_13.final_counter._51_/ZN
 bgc_13.final_counter._52_/ZN
 bgc_13.final_counter._53_/ZN
 bgc_13.final_counter._54_/Z
 bgc_13.final_counter._55_/ZN
 bgc_13.final_counter._56_/ZN
 bgc_13.final_counter._57_/Z
 bgc_13.final_counter._58_/ZN
 bgc_13.final_counter._59_/ZN
 bgc_13.final_counter._60_/ZN
 bgc_13.final_counter._61_/ZN
 bgc_13.final_counter._62_/ZN
 bgc_13.final_counter._63_/ZN
 bgc_13.final_counter._64_/ZN
 bgc_13.final_counter._65_/ZN
 bgc_13.final_counter._66_/ZN
 bgc_13.final_counter._67_/Z
 bgc_13.final_counter._68_/ZN
 bgc_13.final_counter._69_/Q
 bgc_13.final_counter._70_/Q
 bgc_13.final_counter._71_/Q
 bgc_13.final_counter._72_/Q
 bgc_13.final_counter._73_/Q
 bgc_13.final_counter._74_/Q
 bgc_13.final_counter._75_/Q
 bgc_13.final_counter._76_/Q
 bgc_13.final_counter._77_/Q
 bgc_13.final_counter._78_/Q
 bgc_13.final_counter._79_/Q
 bgc_13.final_counter._80_/Q
 bgc_13.lfsr_col._27_/ZN
 bgc_13.lfsr_col._28_/ZN
 bgc_13.lfsr_col._29_/Z
 bgc_13.lfsr_col._30_/Z
 bgc_13.lfsr_col._31_/Z
 bgc_13.lfsr_col._32_/Z
 bgc_13.lfsr_col._33_/Z
 bgc_13.lfsr_col._34_/Z
 bgc_13.lfsr_col._35_/Z
 bgc_13.lfsr_col._36_/Z
 bgc_13.lfsr_col._37_/Z
 bgc_13.lfsr_col._38_/Z
 bgc_13.lfsr_col._39_/Z
 bgc_13.lfsr_col._40_/Z
 bgc_13.lfsr_col._41_/Z
 bgc_13.lfsr_col._42_/Z
 bgc_13.lfsr_col._43_/Z
 bgc_13.lfsr_col._44_/Z
 bgc_13.lfsr_col._45_/Z
 bgc_13.lfsr_col._46_/Z
 bgc_13.lfsr_col._47_/Z
 bgc_13.lfsr_col._48_/Z
 bgc_13.lfsr_col._49_/Z
 bgc_13.lfsr_col._50_/Z
 bgc_13.lfsr_col._51_/Z
 bgc_13.lfsr_col._52_/Z
 bgc_13.lfsr_col._53_/Z
 bgc_13.lfsr_col._54_/Z
 bgc_13.lfsr_col._55_/Z
 bgc_13.lfsr_col._56_/Z
 bgc_13.lfsr_col._57_/Z
 bgc_13.lfsr_col._58_/Z
 bgc_13.lfsr_col._59_/Z
 bgc_13.lfsr_col._60_/Z
 bgc_13.lfsr_col._61_/Z
 bgc_13.lfsr_col._62_/Z
 bgc_13.lfsr_col._63_/Z
 bgc_13.lfsr_col._64_/Z
 bgc_13.lfsr_col._65_/Z
 bgc_13.lfsr_col._66_/ZN
 bgc_13.lfsr_col._67_/ZN
 bgc_13.lfsr_col._68_/ZN
 bgc_13.lfsr_col._69_/ZN
 bgc_13.lfsr_col._70_/ZN
 bgc_13.lfsr_col._71_/ZN
 bgc_13.lfsr_col._72_/ZN
 bgc_13.lfsr_col._73_/ZN
 bgc_13.lfsr_col._74_/ZN
 bgc_13.lfsr_col._75_/ZN
 bgc_13.lfsr_col._76_/ZN
 bgc_13.lfsr_col._77_/Q
 bgc_13.lfsr_col._78_/Q
 bgc_13.lfsr_col._79_/Q
 bgc_13.lfsr_col._80_/Q
 bgc_13.lfsr_col._81_/Q
 bgc_13.lfsr_col._82_/Q
 bgc_13.lfsr_col._83_/Q
 bgc_13.lfsr_col._84_/Q
 bgc_13.lfsr_col._85_/Q
 bgc_13.lfsr_col._86_/Q
 bgc_13.lfsr_col._87_/Q
 bgc_13.lfsr_col._88_/Q
 bgc_13.lfsr_row._27_/ZN
 bgc_13.lfsr_row._28_/ZN
 bgc_13.lfsr_row._29_/Z
 bgc_13.lfsr_row._30_/Z
 bgc_13.lfsr_row._31_/Z
 bgc_13.lfsr_row._32_/Z
 bgc_13.lfsr_row._33_/Z
 bgc_13.lfsr_row._34_/Z
 bgc_13.lfsr_row._35_/Z
 bgc_13.lfsr_row._36_/Z
 bgc_13.lfsr_row._37_/Z
 bgc_13.lfsr_row._38_/Z
 bgc_13.lfsr_row._39_/Z
 bgc_13.lfsr_row._40_/Z
 bgc_13.lfsr_row._41_/Z
 bgc_13.lfsr_row._42_/Z
 bgc_13.lfsr_row._43_/Z
 bgc_13.lfsr_row._44_/Z
 bgc_13.lfsr_row._45_/Z
 bgc_13.lfsr_row._46_/Z
 bgc_13.lfsr_row._47_/Z
 bgc_13.lfsr_row._48_/Z
 bgc_13.lfsr_row._49_/Z
 bgc_13.lfsr_row._50_/Z
 bgc_13.lfsr_row._51_/Z
 bgc_13.lfsr_row._52_/Z
 bgc_13.lfsr_row._53_/Z
 bgc_13.lfsr_row._54_/Z
 bgc_13.lfsr_row._55_/Z
 bgc_13.lfsr_row._56_/Z
 bgc_13.lfsr_row._57_/Z
 bgc_13.lfsr_row._58_/Z
 bgc_13.lfsr_row._59_/Z
 bgc_13.lfsr_row._60_/Z
 bgc_13.lfsr_row._61_/Z
 bgc_13.lfsr_row._62_/Z
 bgc_13.lfsr_row._63_/Z
 bgc_13.lfsr_row._64_/Z
 bgc_13.lfsr_row._65_/Z
 bgc_13.lfsr_row._66_/ZN
 bgc_13.lfsr_row._67_/ZN
 bgc_13.lfsr_row._68_/ZN
 bgc_13.lfsr_row._69_/ZN
 bgc_13.lfsr_row._70_/ZN
 bgc_13.lfsr_row._71_/ZN
 bgc_13.lfsr_row._72_/ZN
 bgc_13.lfsr_row._73_/ZN
 bgc_13.lfsr_row._74_/ZN
 bgc_13.lfsr_row._75_/ZN
 bgc_13.lfsr_row._76_/ZN
 bgc_13.lfsr_row._77_/Q
 bgc_13.lfsr_row._78_/Q
 bgc_13.lfsr_row._79_/Q
 bgc_13.lfsr_row._80_/Q
 bgc_13.lfsr_row._81_/Q
 bgc_13.lfsr_row._82_/Q
 bgc_13.lfsr_row._83_/Q
 bgc_13.lfsr_row._84_/Q
 bgc_13.lfsr_row._85_/Q
 bgc_13.lfsr_row._86_/Q
 bgc_13.lfsr_row._87_/Q
 bgc_13.lfsr_row._88_/Q
 bgc_13.row_reg._053_/ZN
 bgc_13.row_reg._054_/ZN
 bgc_13.row_reg._055_/ZN
 bgc_13.row_reg._056_/ZN
 bgc_13.row_reg._057_/ZN
 bgc_13.row_reg._058_/ZN
 bgc_13.row_reg._059_/ZN
 bgc_13.row_reg._060_/ZN
 bgc_13.row_reg._061_/ZN
 bgc_13.row_reg._062_/ZN
 bgc_13.row_reg._063_/ZN
 bgc_13.row_reg._064_/ZN
 bgc_13.row_reg._065_/ZN
 bgc_13.row_reg._066_/ZN
 bgc_13.row_reg._067_/ZN
 bgc_13.row_reg._068_/ZN
 bgc_13.row_reg._069_/ZN
 bgc_13.row_reg._070_/ZN
 bgc_13.row_reg._071_/ZN
 bgc_13.row_reg._072_/ZN
 bgc_13.row_reg._073_/ZN
 bgc_13.row_reg._074_/ZN
 bgc_13.row_reg._075_/ZN
 bgc_13.row_reg._076_/ZN
 bgc_13.row_reg._077_/ZN
 bgc_13.row_reg._078_/ZN
 bgc_13.row_reg._079_/ZN
 bgc_13.row_reg._080_/Z
 bgc_13.row_reg._081_/ZN
 bgc_13.row_reg._082_/ZN
 bgc_13.row_reg._083_/ZN
 bgc_13.row_reg._084_/ZN
 bgc_13.row_reg._085_/ZN
 bgc_13.row_reg._086_/ZN
 bgc_13.row_reg._087_/ZN
 bgc_13.row_reg._088_/ZN
 bgc_13.row_reg._089_/ZN
 bgc_13.row_reg._090_/ZN
 bgc_13.row_reg._091_/ZN
 bgc_13.row_reg._092_/ZN
 bgc_13.row_reg._093_/ZN
 bgc_13.row_reg._094_/ZN
 bgc_13.row_reg._095_/ZN
 bgc_13.row_reg._096_/ZN
 bgc_13.row_reg._097_/ZN
 bgc_13.row_reg._098_/ZN
 bgc_13.row_reg._099_/ZN
 bgc_13.row_reg._100_/ZN
 bgc_13.row_reg._101_/ZN
 bgc_13.row_reg._102_/ZN
 bgc_13.row_reg._103_/ZN
 bgc_13.row_reg._104_/ZN
 bgc_13.row_reg._105_/ZN
 bgc_13.row_reg._106_/ZN
 bgc_13.row_reg._107_/ZN
 bgc_13.row_reg._108_/ZN
 bgc_13.row_reg._109_/ZN
 bgc_13.row_reg._110_/ZN
 bgc_13.row_reg._111_/ZN
 bgc_13.row_reg._112_/ZN
 bgc_13.row_reg._113_/ZN
 bgc_13.row_reg._114_/ZN
 bgc_13.row_reg._115_/ZN
 bgc_13.row_reg._116_/ZN
 bgc_13.row_reg._117_/Q
 bgc_13.row_reg._118_/Q
 bgc_13.row_reg._119_/Q
 bgc_13.row_reg._120_/Q
 bgc_13.row_reg._121_/Q
 bgc_13.row_reg._122_/Q
 bgc_13.row_reg._123_/Q
 bgc_13.row_reg._124_/Q
 bgc_13.row_reg._125_/Q
 bgc_13.row_reg._126_/Q
 bgc_13.row_reg._127_/Q
 bgc_13.row_reg._128_/Q
 bgc_14._05_/ZN
 bgc_14._06_/ZN
 bgc_14._07_/ZN
 bgc_14._08_/ZN
 bgc_14._09_/Z
 bgc_14._10_/ZN
 bgc_14._11_/Z
 bgc_14._12_/Z
 bgc_14._13_/Z
 bgc_14._14_/Z
 bgc_14._15_/Z
 bgc_14._16_/Z
 bgc_14._17_/Z
 bgc_14._18_/Z
 bgc_14._19_/Z
 bgc_14._20_/Z
 bgc_14._21_/Z
 bgc_14._22_/Z
 bgc_14._23_/Z
 bgc_14._24_/ZN
 bgc_14._25_/ZN
 bgc_14.col_reg._053_/ZN
 bgc_14.col_reg._054_/ZN
 bgc_14.col_reg._055_/ZN
 bgc_14.col_reg._056_/ZN
 bgc_14.col_reg._057_/ZN
 bgc_14.col_reg._058_/ZN
 bgc_14.col_reg._059_/ZN
 bgc_14.col_reg._060_/ZN
 bgc_14.col_reg._061_/ZN
 bgc_14.col_reg._062_/ZN
 bgc_14.col_reg._063_/ZN
 bgc_14.col_reg._064_/ZN
 bgc_14.col_reg._065_/ZN
 bgc_14.col_reg._066_/ZN
 bgc_14.col_reg._067_/ZN
 bgc_14.col_reg._068_/ZN
 bgc_14.col_reg._069_/ZN
 bgc_14.col_reg._070_/ZN
 bgc_14.col_reg._071_/ZN
 bgc_14.col_reg._072_/ZN
 bgc_14.col_reg._073_/ZN
 bgc_14.col_reg._074_/ZN
 bgc_14.col_reg._075_/ZN
 bgc_14.col_reg._076_/ZN
 bgc_14.col_reg._077_/ZN
 bgc_14.col_reg._078_/ZN
 bgc_14.col_reg._079_/ZN
 bgc_14.col_reg._080_/Z
 bgc_14.col_reg._081_/ZN
 bgc_14.col_reg._082_/ZN
 bgc_14.col_reg._083_/ZN
 bgc_14.col_reg._084_/ZN
 bgc_14.col_reg._085_/ZN
 bgc_14.col_reg._086_/ZN
 bgc_14.col_reg._087_/ZN
 bgc_14.col_reg._088_/ZN
 bgc_14.col_reg._089_/ZN
 bgc_14.col_reg._090_/ZN
 bgc_14.col_reg._091_/ZN
 bgc_14.col_reg._092_/ZN
 bgc_14.col_reg._093_/ZN
 bgc_14.col_reg._094_/ZN
 bgc_14.col_reg._095_/ZN
 bgc_14.col_reg._096_/ZN
 bgc_14.col_reg._097_/ZN
 bgc_14.col_reg._098_/ZN
 bgc_14.col_reg._099_/ZN
 bgc_14.col_reg._100_/ZN
 bgc_14.col_reg._101_/ZN
 bgc_14.col_reg._102_/ZN
 bgc_14.col_reg._103_/ZN
 bgc_14.col_reg._104_/ZN
 bgc_14.col_reg._105_/ZN
 bgc_14.col_reg._106_/ZN
 bgc_14.col_reg._107_/ZN
 bgc_14.col_reg._108_/ZN
 bgc_14.col_reg._109_/ZN
 bgc_14.col_reg._110_/ZN
 bgc_14.col_reg._111_/ZN
 bgc_14.col_reg._112_/ZN
 bgc_14.col_reg._113_/ZN
 bgc_14.col_reg._114_/ZN
 bgc_14.col_reg._115_/ZN
 bgc_14.col_reg._116_/ZN
 bgc_14.col_reg._117_/Q
 bgc_14.col_reg._118_/Q
 bgc_14.col_reg._119_/Q
 bgc_14.col_reg._120_/Q
 bgc_14.col_reg._121_/Q
 bgc_14.col_reg._122_/Q
 bgc_14.col_reg._123_/Q
 bgc_14.col_reg._124_/Q
 bgc_14.col_reg._125_/Q
 bgc_14.col_reg._126_/Q
 bgc_14.col_reg._127_/Q
 bgc_14.col_reg._128_/Q
 bgc_14.comp_col._20_/ZN
 bgc_14.comp_col._21_/ZN
 bgc_14.comp_col._22_/ZN
 bgc_14.comp_col._23_/ZN
 bgc_14.comp_col._24_/ZN
 bgc_14.comp_col._25_/ZN
 bgc_14.comp_col._26_/ZN
 bgc_14.comp_col._27_/ZN
 bgc_14.comp_col._28_/ZN
 bgc_14.comp_col._29_/ZN
 bgc_14.comp_col._30_/ZN
 bgc_14.comp_col._31_/ZN
 bgc_14.comp_col._32_/ZN
 bgc_14.comp_col._33_/ZN
 bgc_14.comp_col._34_/ZN
 bgc_14.comp_col._35_/ZN
 bgc_14.comp_col._36_/ZN
 bgc_14.comp_col._37_/ZN
 bgc_14.comp_col._38_/ZN
 bgc_14.comp_col._39_/ZN
 bgc_14.comp_col._40_/ZN
 bgc_14.comp_col._41_/ZN
 bgc_14.comp_col._42_/ZN
 bgc_14.comp_col._43_/ZN
 bgc_14.comp_col._44_/ZN
 bgc_14.comp_col._45_/ZN
 bgc_14.comp_col._46_/ZN
 bgc_14.comp_col._47_/ZN
 bgc_14.comp_col._48_/Z
 bgc_14.comp_col._49_/Z
 bgc_14.comp_col._50_/Z
 bgc_14.comp_col._51_/Z
 bgc_14.comp_col._52_/Z
 bgc_14.comp_col._53_/Z
 bgc_14.comp_col._54_/Z
 bgc_14.comp_col._55_/Z
 bgc_14.comp_col._56_/Z
 bgc_14.comp_col._57_/Z
 bgc_14.comp_col._58_/Z
 bgc_14.comp_col._59_/Z
 bgc_14.comp_col._60_/ZN
 bgc_14.comp_col._61_/ZN
 bgc_14.comp_col._62_/ZN
 bgc_14.comp_col._63_/ZN
 bgc_14.comp_col._64_/ZN
 bgc_14.comp_col.pe1._18_/ZN
 bgc_14.comp_col.pe1._19_/ZN
 bgc_14.comp_col.pe1._20_/ZN
 bgc_14.comp_col.pe1._21_/ZN
 bgc_14.comp_col.pe1._22_/ZN
 bgc_14.comp_col.pe1._23_/ZN
 bgc_14.comp_col.pe1._24_/ZN
 bgc_14.comp_col.pe1._25_/ZN
 bgc_14.comp_col.pe1._26_/ZN
 bgc_14.comp_col.pe1._27_/ZN
 bgc_14.comp_col.pe1._28_/ZN
 bgc_14.comp_col.pe1._29_/ZN
 bgc_14.comp_col.pe1._30_/ZN
 bgc_14.comp_col.pe1._31_/ZN
 bgc_14.comp_col.pe1._32_/ZN
 bgc_14.comp_col.pe1._33_/ZN
 bgc_14.comp_col.pe1._34_/ZN
 bgc_14.comp_col.pe1._35_/ZN
 bgc_14.comp_col.pe1._36_/ZN
 bgc_14.comp_col.pe1._37_/ZN
 bgc_14.comp_col.pe1._38_/ZN
 bgc_14.comp_col.pe1._39_/ZN
 bgc_14.comp_col.pe2._18_/ZN
 bgc_14.comp_col.pe2._19_/ZN
 bgc_14.comp_col.pe2._20_/ZN
 bgc_14.comp_col.pe2._21_/ZN
 bgc_14.comp_col.pe2._22_/ZN
 bgc_14.comp_col.pe2._23_/ZN
 bgc_14.comp_col.pe2._24_/ZN
 bgc_14.comp_col.pe2._25_/ZN
 bgc_14.comp_col.pe2._26_/ZN
 bgc_14.comp_col.pe2._27_/ZN
 bgc_14.comp_col.pe2._28_/ZN
 bgc_14.comp_col.pe2._29_/ZN
 bgc_14.comp_col.pe2._30_/ZN
 bgc_14.comp_col.pe2._31_/ZN
 bgc_14.comp_col.pe2._32_/ZN
 bgc_14.comp_col.pe2._33_/ZN
 bgc_14.comp_col.pe2._34_/ZN
 bgc_14.comp_col.pe2._35_/ZN
 bgc_14.comp_col.pe2._36_/ZN
 bgc_14.comp_col.pe2._37_/ZN
 bgc_14.comp_col.pe2._38_/ZN
 bgc_14.comp_col.pe2._39_/ZN
 bgc_14.comp_row._20_/ZN
 bgc_14.comp_row._21_/ZN
 bgc_14.comp_row._22_/ZN
 bgc_14.comp_row._23_/ZN
 bgc_14.comp_row._24_/ZN
 bgc_14.comp_row._25_/ZN
 bgc_14.comp_row._26_/ZN
 bgc_14.comp_row._27_/ZN
 bgc_14.comp_row._28_/ZN
 bgc_14.comp_row._29_/ZN
 bgc_14.comp_row._30_/ZN
 bgc_14.comp_row._31_/ZN
 bgc_14.comp_row._32_/ZN
 bgc_14.comp_row._33_/ZN
 bgc_14.comp_row._34_/ZN
 bgc_14.comp_row._35_/ZN
 bgc_14.comp_row._36_/ZN
 bgc_14.comp_row._37_/ZN
 bgc_14.comp_row._38_/ZN
 bgc_14.comp_row._39_/ZN
 bgc_14.comp_row._40_/ZN
 bgc_14.comp_row._41_/ZN
 bgc_14.comp_row._42_/ZN
 bgc_14.comp_row._43_/ZN
 bgc_14.comp_row._44_/ZN
 bgc_14.comp_row._45_/ZN
 bgc_14.comp_row._46_/ZN
 bgc_14.comp_row._47_/ZN
 bgc_14.comp_row._48_/Z
 bgc_14.comp_row._49_/Z
 bgc_14.comp_row._50_/Z
 bgc_14.comp_row._51_/Z
 bgc_14.comp_row._52_/Z
 bgc_14.comp_row._53_/Z
 bgc_14.comp_row._54_/Z
 bgc_14.comp_row._55_/Z
 bgc_14.comp_row._56_/Z
 bgc_14.comp_row._57_/Z
 bgc_14.comp_row._58_/Z
 bgc_14.comp_row._59_/Z
 bgc_14.comp_row._60_/ZN
 bgc_14.comp_row._61_/ZN
 bgc_14.comp_row._62_/ZN
 bgc_14.comp_row._63_/ZN
 bgc_14.comp_row._64_/ZN
 bgc_14.comp_row.pe1._18_/ZN
 bgc_14.comp_row.pe1._19_/ZN
 bgc_14.comp_row.pe1._20_/ZN
 bgc_14.comp_row.pe1._21_/ZN
 bgc_14.comp_row.pe1._22_/ZN
 bgc_14.comp_row.pe1._23_/ZN
 bgc_14.comp_row.pe1._24_/ZN
 bgc_14.comp_row.pe1._25_/ZN
 bgc_14.comp_row.pe1._26_/ZN
 bgc_14.comp_row.pe1._27_/ZN
 bgc_14.comp_row.pe1._28_/ZN
 bgc_14.comp_row.pe1._29_/ZN
 bgc_14.comp_row.pe1._30_/ZN
 bgc_14.comp_row.pe1._31_/ZN
 bgc_14.comp_row.pe1._32_/ZN
 bgc_14.comp_row.pe1._33_/ZN
 bgc_14.comp_row.pe1._34_/ZN
 bgc_14.comp_row.pe1._35_/ZN
 bgc_14.comp_row.pe1._36_/ZN
 bgc_14.comp_row.pe1._37_/ZN
 bgc_14.comp_row.pe1._38_/ZN
 bgc_14.comp_row.pe1._39_/ZN
 bgc_14.comp_row.pe2._18_/ZN
 bgc_14.comp_row.pe2._19_/ZN
 bgc_14.comp_row.pe2._20_/ZN
 bgc_14.comp_row.pe2._21_/ZN
 bgc_14.comp_row.pe2._22_/ZN
 bgc_14.comp_row.pe2._23_/ZN
 bgc_14.comp_row.pe2._24_/ZN
 bgc_14.comp_row.pe2._25_/ZN
 bgc_14.comp_row.pe2._26_/ZN
 bgc_14.comp_row.pe2._27_/ZN
 bgc_14.comp_row.pe2._28_/ZN
 bgc_14.comp_row.pe2._29_/ZN
 bgc_14.comp_row.pe2._30_/ZN
 bgc_14.comp_row.pe2._31_/ZN
 bgc_14.comp_row.pe2._32_/ZN
 bgc_14.comp_row.pe2._33_/ZN
 bgc_14.comp_row.pe2._34_/ZN
 bgc_14.comp_row.pe2._35_/ZN
 bgc_14.comp_row.pe2._36_/ZN
 bgc_14.comp_row.pe2._37_/ZN
 bgc_14.comp_row.pe2._38_/ZN
 bgc_14.comp_row.pe2._39_/ZN
 bgc_14.final_counter._29_/ZN
 bgc_14.final_counter._30_/ZN
 bgc_14.final_counter._31_/ZN
 bgc_14.final_counter._32_/ZN
 bgc_14.final_counter._33_/ZN
 bgc_14.final_counter._34_/ZN
 bgc_14.final_counter._35_/ZN
 bgc_14.final_counter._36_/ZN
 bgc_14.final_counter._37_/ZN
 bgc_14.final_counter._38_/ZN
 bgc_14.final_counter._39_/Z
 bgc_14.final_counter._40_/ZN
 bgc_14.final_counter._41_/ZN
 bgc_14.final_counter._42_/ZN
 bgc_14.final_counter._43_/Z
 bgc_14.final_counter._44_/ZN
 bgc_14.final_counter._45_/ZN
 bgc_14.final_counter._46_/Z
 bgc_14.final_counter._47_/ZN
 bgc_14.final_counter._48_/ZN
 bgc_14.final_counter._49_/Z
 bgc_14.final_counter._50_/ZN
 bgc_14.final_counter._51_/ZN
 bgc_14.final_counter._52_/ZN
 bgc_14.final_counter._53_/ZN
 bgc_14.final_counter._54_/Z
 bgc_14.final_counter._55_/ZN
 bgc_14.final_counter._56_/ZN
 bgc_14.final_counter._57_/Z
 bgc_14.final_counter._58_/ZN
 bgc_14.final_counter._59_/ZN
 bgc_14.final_counter._60_/ZN
 bgc_14.final_counter._61_/ZN
 bgc_14.final_counter._62_/ZN
 bgc_14.final_counter._63_/ZN
 bgc_14.final_counter._64_/ZN
 bgc_14.final_counter._65_/ZN
 bgc_14.final_counter._66_/ZN
 bgc_14.final_counter._67_/Z
 bgc_14.final_counter._68_/ZN
 bgc_14.final_counter._69_/Q
 bgc_14.final_counter._70_/Q
 bgc_14.final_counter._71_/Q
 bgc_14.final_counter._72_/Q
 bgc_14.final_counter._73_/Q
 bgc_14.final_counter._74_/Q
 bgc_14.final_counter._75_/Q
 bgc_14.final_counter._76_/Q
 bgc_14.final_counter._77_/Q
 bgc_14.final_counter._78_/Q
 bgc_14.final_counter._79_/Q
 bgc_14.final_counter._80_/Q
 bgc_14.lfsr_col._27_/ZN
 bgc_14.lfsr_col._28_/ZN
 bgc_14.lfsr_col._29_/Z
 bgc_14.lfsr_col._30_/Z
 bgc_14.lfsr_col._31_/Z
 bgc_14.lfsr_col._32_/Z
 bgc_14.lfsr_col._33_/Z
 bgc_14.lfsr_col._34_/Z
 bgc_14.lfsr_col._35_/Z
 bgc_14.lfsr_col._36_/Z
 bgc_14.lfsr_col._37_/Z
 bgc_14.lfsr_col._38_/Z
 bgc_14.lfsr_col._39_/Z
 bgc_14.lfsr_col._40_/Z
 bgc_14.lfsr_col._41_/Z
 bgc_14.lfsr_col._42_/Z
 bgc_14.lfsr_col._43_/Z
 bgc_14.lfsr_col._44_/Z
 bgc_14.lfsr_col._45_/Z
 bgc_14.lfsr_col._46_/Z
 bgc_14.lfsr_col._47_/Z
 bgc_14.lfsr_col._48_/Z
 bgc_14.lfsr_col._49_/Z
 bgc_14.lfsr_col._50_/Z
 bgc_14.lfsr_col._51_/Z
 bgc_14.lfsr_col._52_/Z
 bgc_14.lfsr_col._53_/Z
 bgc_14.lfsr_col._54_/Z
 bgc_14.lfsr_col._55_/Z
 bgc_14.lfsr_col._56_/Z
 bgc_14.lfsr_col._57_/Z
 bgc_14.lfsr_col._58_/Z
 bgc_14.lfsr_col._59_/Z
 bgc_14.lfsr_col._60_/Z
 bgc_14.lfsr_col._61_/Z
 bgc_14.lfsr_col._62_/Z
 bgc_14.lfsr_col._63_/Z
 bgc_14.lfsr_col._64_/Z
 bgc_14.lfsr_col._65_/Z
 bgc_14.lfsr_col._66_/ZN
 bgc_14.lfsr_col._67_/ZN
 bgc_14.lfsr_col._68_/ZN
 bgc_14.lfsr_col._69_/ZN
 bgc_14.lfsr_col._70_/ZN
 bgc_14.lfsr_col._71_/ZN
 bgc_14.lfsr_col._72_/ZN
 bgc_14.lfsr_col._73_/ZN
 bgc_14.lfsr_col._74_/ZN
 bgc_14.lfsr_col._75_/ZN
 bgc_14.lfsr_col._76_/ZN
 bgc_14.lfsr_col._77_/Q
 bgc_14.lfsr_col._78_/Q
 bgc_14.lfsr_col._79_/Q
 bgc_14.lfsr_col._80_/Q
 bgc_14.lfsr_col._81_/Q
 bgc_14.lfsr_col._82_/Q
 bgc_14.lfsr_col._83_/Q
 bgc_14.lfsr_col._84_/Q
 bgc_14.lfsr_col._85_/Q
 bgc_14.lfsr_col._86_/Q
 bgc_14.lfsr_col._87_/Q
 bgc_14.lfsr_col._88_/Q
 bgc_14.lfsr_row._27_/ZN
 bgc_14.lfsr_row._28_/ZN
 bgc_14.lfsr_row._29_/Z
 bgc_14.lfsr_row._30_/Z
 bgc_14.lfsr_row._31_/Z
 bgc_14.lfsr_row._32_/Z
 bgc_14.lfsr_row._33_/Z
 bgc_14.lfsr_row._34_/Z
 bgc_14.lfsr_row._35_/Z
 bgc_14.lfsr_row._36_/Z
 bgc_14.lfsr_row._37_/Z
 bgc_14.lfsr_row._38_/Z
 bgc_14.lfsr_row._39_/Z
 bgc_14.lfsr_row._40_/Z
 bgc_14.lfsr_row._41_/Z
 bgc_14.lfsr_row._42_/Z
 bgc_14.lfsr_row._43_/Z
 bgc_14.lfsr_row._44_/Z
 bgc_14.lfsr_row._45_/Z
 bgc_14.lfsr_row._46_/Z
 bgc_14.lfsr_row._47_/Z
 bgc_14.lfsr_row._48_/Z
 bgc_14.lfsr_row._49_/Z
 bgc_14.lfsr_row._50_/Z
 bgc_14.lfsr_row._51_/Z
 bgc_14.lfsr_row._52_/Z
 bgc_14.lfsr_row._53_/Z
 bgc_14.lfsr_row._54_/Z
 bgc_14.lfsr_row._55_/Z
 bgc_14.lfsr_row._56_/Z
 bgc_14.lfsr_row._57_/Z
 bgc_14.lfsr_row._58_/Z
 bgc_14.lfsr_row._59_/Z
 bgc_14.lfsr_row._60_/Z
 bgc_14.lfsr_row._61_/Z
 bgc_14.lfsr_row._62_/Z
 bgc_14.lfsr_row._63_/Z
 bgc_14.lfsr_row._64_/Z
 bgc_14.lfsr_row._65_/Z
 bgc_14.lfsr_row._66_/ZN
 bgc_14.lfsr_row._67_/ZN
 bgc_14.lfsr_row._68_/ZN
 bgc_14.lfsr_row._69_/ZN
 bgc_14.lfsr_row._70_/ZN
 bgc_14.lfsr_row._71_/ZN
 bgc_14.lfsr_row._72_/ZN
 bgc_14.lfsr_row._73_/ZN
 bgc_14.lfsr_row._74_/ZN
 bgc_14.lfsr_row._75_/ZN
 bgc_14.lfsr_row._76_/ZN
 bgc_14.lfsr_row._77_/Q
 bgc_14.lfsr_row._78_/Q
 bgc_14.lfsr_row._79_/Q
 bgc_14.lfsr_row._80_/Q
 bgc_14.lfsr_row._81_/Q
 bgc_14.lfsr_row._82_/Q
 bgc_14.lfsr_row._83_/Q
 bgc_14.lfsr_row._84_/Q
 bgc_14.lfsr_row._85_/Q
 bgc_14.lfsr_row._86_/Q
 bgc_14.lfsr_row._87_/Q
 bgc_14.lfsr_row._88_/Q
 bgc_14.row_reg._053_/ZN
 bgc_14.row_reg._054_/ZN
 bgc_14.row_reg._055_/ZN
 bgc_14.row_reg._056_/ZN
 bgc_14.row_reg._057_/ZN
 bgc_14.row_reg._058_/ZN
 bgc_14.row_reg._059_/ZN
 bgc_14.row_reg._060_/ZN
 bgc_14.row_reg._061_/ZN
 bgc_14.row_reg._062_/ZN
 bgc_14.row_reg._063_/ZN
 bgc_14.row_reg._064_/ZN
 bgc_14.row_reg._065_/ZN
 bgc_14.row_reg._066_/ZN
 bgc_14.row_reg._067_/ZN
 bgc_14.row_reg._068_/ZN
 bgc_14.row_reg._069_/ZN
 bgc_14.row_reg._070_/ZN
 bgc_14.row_reg._071_/ZN
 bgc_14.row_reg._072_/ZN
 bgc_14.row_reg._073_/ZN
 bgc_14.row_reg._074_/ZN
 bgc_14.row_reg._075_/ZN
 bgc_14.row_reg._076_/ZN
 bgc_14.row_reg._077_/ZN
 bgc_14.row_reg._078_/ZN
 bgc_14.row_reg._079_/ZN
 bgc_14.row_reg._080_/Z
 bgc_14.row_reg._081_/ZN
 bgc_14.row_reg._082_/ZN
 bgc_14.row_reg._083_/ZN
 bgc_14.row_reg._084_/ZN
 bgc_14.row_reg._085_/ZN
 bgc_14.row_reg._086_/ZN
 bgc_14.row_reg._087_/ZN
 bgc_14.row_reg._088_/ZN
 bgc_14.row_reg._089_/ZN
 bgc_14.row_reg._090_/ZN
 bgc_14.row_reg._091_/ZN
 bgc_14.row_reg._092_/ZN
 bgc_14.row_reg._093_/ZN
 bgc_14.row_reg._094_/ZN
 bgc_14.row_reg._095_/ZN
 bgc_14.row_reg._096_/ZN
 bgc_14.row_reg._097_/ZN
 bgc_14.row_reg._098_/ZN
 bgc_14.row_reg._099_/ZN
 bgc_14.row_reg._100_/ZN
 bgc_14.row_reg._101_/ZN
 bgc_14.row_reg._102_/ZN
 bgc_14.row_reg._103_/ZN
 bgc_14.row_reg._104_/ZN
 bgc_14.row_reg._105_/ZN
 bgc_14.row_reg._106_/ZN
 bgc_14.row_reg._107_/ZN
 bgc_14.row_reg._108_/ZN
 bgc_14.row_reg._109_/ZN
 bgc_14.row_reg._110_/ZN
 bgc_14.row_reg._111_/ZN
 bgc_14.row_reg._112_/ZN
 bgc_14.row_reg._113_/ZN
 bgc_14.row_reg._114_/ZN
 bgc_14.row_reg._115_/ZN
 bgc_14.row_reg._116_/ZN
 bgc_14.row_reg._117_/Q
 bgc_14.row_reg._118_/Q
 bgc_14.row_reg._119_/Q
 bgc_14.row_reg._120_/Q
 bgc_14.row_reg._121_/Q
 bgc_14.row_reg._122_/Q
 bgc_14.row_reg._123_/Q
 bgc_14.row_reg._124_/Q
 bgc_14.row_reg._125_/Q
 bgc_14.row_reg._126_/Q
 bgc_14.row_reg._127_/Q
 bgc_14.row_reg._128_/Q
 bgc_15._05_/ZN
 bgc_15._06_/ZN
 bgc_15._07_/ZN
 bgc_15._08_/ZN
 bgc_15._09_/Z
 bgc_15._10_/ZN
 bgc_15._11_/Z
 bgc_15._12_/Z
 bgc_15._13_/Z
 bgc_15._14_/Z
 bgc_15._15_/Z
 bgc_15._16_/Z
 bgc_15._17_/Z
 bgc_15._18_/Z
 bgc_15._19_/Z
 bgc_15._20_/Z
 bgc_15._21_/Z
 bgc_15._22_/Z
 bgc_15._23_/Z
 bgc_15._24_/ZN
 bgc_15._25_/ZN
 bgc_15.col_reg._053_/ZN
 bgc_15.col_reg._054_/ZN
 bgc_15.col_reg._055_/ZN
 bgc_15.col_reg._056_/ZN
 bgc_15.col_reg._057_/ZN
 bgc_15.col_reg._058_/ZN
 bgc_15.col_reg._059_/ZN
 bgc_15.col_reg._060_/ZN
 bgc_15.col_reg._061_/ZN
 bgc_15.col_reg._062_/ZN
 bgc_15.col_reg._063_/ZN
 bgc_15.col_reg._064_/ZN
 bgc_15.col_reg._065_/ZN
 bgc_15.col_reg._066_/ZN
 bgc_15.col_reg._067_/ZN
 bgc_15.col_reg._068_/ZN
 bgc_15.col_reg._069_/ZN
 bgc_15.col_reg._070_/ZN
 bgc_15.col_reg._071_/ZN
 bgc_15.col_reg._072_/ZN
 bgc_15.col_reg._073_/ZN
 bgc_15.col_reg._074_/ZN
 bgc_15.col_reg._075_/ZN
 bgc_15.col_reg._076_/ZN
 bgc_15.col_reg._077_/ZN
 bgc_15.col_reg._078_/ZN
 bgc_15.col_reg._079_/ZN
 bgc_15.col_reg._080_/Z
 bgc_15.col_reg._081_/ZN
 bgc_15.col_reg._082_/ZN
 bgc_15.col_reg._083_/ZN
 bgc_15.col_reg._084_/ZN
 bgc_15.col_reg._085_/ZN
 bgc_15.col_reg._086_/ZN
 bgc_15.col_reg._087_/ZN
 bgc_15.col_reg._088_/ZN
 bgc_15.col_reg._089_/ZN
 bgc_15.col_reg._090_/ZN
 bgc_15.col_reg._091_/ZN
 bgc_15.col_reg._092_/ZN
 bgc_15.col_reg._093_/ZN
 bgc_15.col_reg._094_/ZN
 bgc_15.col_reg._095_/ZN
 bgc_15.col_reg._096_/ZN
 bgc_15.col_reg._097_/ZN
 bgc_15.col_reg._098_/ZN
 bgc_15.col_reg._099_/ZN
 bgc_15.col_reg._100_/ZN
 bgc_15.col_reg._101_/ZN
 bgc_15.col_reg._102_/ZN
 bgc_15.col_reg._103_/ZN
 bgc_15.col_reg._104_/ZN
 bgc_15.col_reg._105_/ZN
 bgc_15.col_reg._106_/ZN
 bgc_15.col_reg._107_/ZN
 bgc_15.col_reg._108_/ZN
 bgc_15.col_reg._109_/ZN
 bgc_15.col_reg._110_/ZN
 bgc_15.col_reg._111_/ZN
 bgc_15.col_reg._112_/ZN
 bgc_15.col_reg._113_/ZN
 bgc_15.col_reg._114_/ZN
 bgc_15.col_reg._115_/ZN
 bgc_15.col_reg._116_/ZN
 bgc_15.col_reg._117_/Q
 bgc_15.col_reg._118_/Q
 bgc_15.col_reg._119_/Q
 bgc_15.col_reg._120_/Q
 bgc_15.col_reg._121_/Q
 bgc_15.col_reg._122_/Q
 bgc_15.col_reg._123_/Q
 bgc_15.col_reg._124_/Q
 bgc_15.col_reg._125_/Q
 bgc_15.col_reg._126_/Q
 bgc_15.col_reg._127_/Q
 bgc_15.col_reg._128_/Q
 bgc_15.comp_col._20_/ZN
 bgc_15.comp_col._21_/ZN
 bgc_15.comp_col._22_/ZN
 bgc_15.comp_col._23_/ZN
 bgc_15.comp_col._24_/ZN
 bgc_15.comp_col._25_/ZN
 bgc_15.comp_col._26_/ZN
 bgc_15.comp_col._27_/ZN
 bgc_15.comp_col._28_/ZN
 bgc_15.comp_col._29_/ZN
 bgc_15.comp_col._30_/ZN
 bgc_15.comp_col._31_/ZN
 bgc_15.comp_col._32_/ZN
 bgc_15.comp_col._33_/ZN
 bgc_15.comp_col._34_/ZN
 bgc_15.comp_col._35_/ZN
 bgc_15.comp_col._36_/ZN
 bgc_15.comp_col._37_/ZN
 bgc_15.comp_col._38_/ZN
 bgc_15.comp_col._39_/ZN
 bgc_15.comp_col._40_/ZN
 bgc_15.comp_col._41_/ZN
 bgc_15.comp_col._42_/ZN
 bgc_15.comp_col._43_/ZN
 bgc_15.comp_col._44_/ZN
 bgc_15.comp_col._45_/ZN
 bgc_15.comp_col._46_/ZN
 bgc_15.comp_col._47_/ZN
 bgc_15.comp_col._48_/Z
 bgc_15.comp_col._49_/Z
 bgc_15.comp_col._50_/Z
 bgc_15.comp_col._51_/Z
 bgc_15.comp_col._52_/Z
 bgc_15.comp_col._53_/Z
 bgc_15.comp_col._54_/Z
 bgc_15.comp_col._55_/Z
 bgc_15.comp_col._56_/Z
 bgc_15.comp_col._57_/Z
 bgc_15.comp_col._58_/Z
 bgc_15.comp_col._59_/Z
 bgc_15.comp_col._60_/ZN
 bgc_15.comp_col._61_/ZN
 bgc_15.comp_col._62_/ZN
 bgc_15.comp_col._63_/ZN
 bgc_15.comp_col._64_/ZN
 bgc_15.comp_col.pe1._18_/ZN
 bgc_15.comp_col.pe1._19_/ZN
 bgc_15.comp_col.pe1._20_/ZN
 bgc_15.comp_col.pe1._21_/ZN
 bgc_15.comp_col.pe1._22_/ZN
 bgc_15.comp_col.pe1._23_/ZN
 bgc_15.comp_col.pe1._24_/ZN
 bgc_15.comp_col.pe1._25_/ZN
 bgc_15.comp_col.pe1._26_/ZN
 bgc_15.comp_col.pe1._27_/ZN
 bgc_15.comp_col.pe1._28_/ZN
 bgc_15.comp_col.pe1._29_/ZN
 bgc_15.comp_col.pe1._30_/ZN
 bgc_15.comp_col.pe1._31_/ZN
 bgc_15.comp_col.pe1._32_/ZN
 bgc_15.comp_col.pe1._33_/ZN
 bgc_15.comp_col.pe1._34_/ZN
 bgc_15.comp_col.pe1._35_/ZN
 bgc_15.comp_col.pe1._36_/ZN
 bgc_15.comp_col.pe1._37_/ZN
 bgc_15.comp_col.pe1._38_/ZN
 bgc_15.comp_col.pe1._39_/ZN
 bgc_15.comp_col.pe2._18_/ZN
 bgc_15.comp_col.pe2._19_/ZN
 bgc_15.comp_col.pe2._20_/ZN
 bgc_15.comp_col.pe2._21_/ZN
 bgc_15.comp_col.pe2._22_/ZN
 bgc_15.comp_col.pe2._23_/ZN
 bgc_15.comp_col.pe2._24_/ZN
 bgc_15.comp_col.pe2._25_/ZN
 bgc_15.comp_col.pe2._26_/ZN
 bgc_15.comp_col.pe2._27_/ZN
 bgc_15.comp_col.pe2._28_/ZN
 bgc_15.comp_col.pe2._29_/ZN
 bgc_15.comp_col.pe2._30_/ZN
 bgc_15.comp_col.pe2._31_/ZN
 bgc_15.comp_col.pe2._32_/ZN
 bgc_15.comp_col.pe2._33_/ZN
 bgc_15.comp_col.pe2._34_/ZN
 bgc_15.comp_col.pe2._35_/ZN
 bgc_15.comp_col.pe2._36_/ZN
 bgc_15.comp_col.pe2._37_/ZN
 bgc_15.comp_col.pe2._38_/ZN
 bgc_15.comp_col.pe2._39_/ZN
 bgc_15.comp_row._20_/ZN
 bgc_15.comp_row._21_/ZN
 bgc_15.comp_row._22_/ZN
 bgc_15.comp_row._23_/ZN
 bgc_15.comp_row._24_/ZN
 bgc_15.comp_row._25_/ZN
 bgc_15.comp_row._26_/ZN
 bgc_15.comp_row._27_/ZN
 bgc_15.comp_row._28_/ZN
 bgc_15.comp_row._29_/ZN
 bgc_15.comp_row._30_/ZN
 bgc_15.comp_row._31_/ZN
 bgc_15.comp_row._32_/ZN
 bgc_15.comp_row._33_/ZN
 bgc_15.comp_row._34_/ZN
 bgc_15.comp_row._35_/ZN
 bgc_15.comp_row._36_/ZN
 bgc_15.comp_row._37_/ZN
 bgc_15.comp_row._38_/ZN
 bgc_15.comp_row._39_/ZN
 bgc_15.comp_row._40_/ZN
 bgc_15.comp_row._41_/ZN
 bgc_15.comp_row._42_/ZN
 bgc_15.comp_row._43_/ZN
 bgc_15.comp_row._44_/ZN
 bgc_15.comp_row._45_/ZN
 bgc_15.comp_row._46_/ZN
 bgc_15.comp_row._47_/ZN
 bgc_15.comp_row._48_/Z
 bgc_15.comp_row._49_/Z
 bgc_15.comp_row._50_/Z
 bgc_15.comp_row._51_/Z
 bgc_15.comp_row._52_/Z
 bgc_15.comp_row._53_/Z
 bgc_15.comp_row._54_/Z
 bgc_15.comp_row._55_/Z
 bgc_15.comp_row._56_/Z
 bgc_15.comp_row._57_/Z
 bgc_15.comp_row._58_/Z
 bgc_15.comp_row._59_/Z
 bgc_15.comp_row._60_/ZN
 bgc_15.comp_row._61_/ZN
 bgc_15.comp_row._62_/ZN
 bgc_15.comp_row._63_/ZN
 bgc_15.comp_row._64_/ZN
 bgc_15.comp_row.pe1._18_/ZN
 bgc_15.comp_row.pe1._19_/ZN
 bgc_15.comp_row.pe1._20_/ZN
 bgc_15.comp_row.pe1._21_/ZN
 bgc_15.comp_row.pe1._22_/ZN
 bgc_15.comp_row.pe1._23_/ZN
 bgc_15.comp_row.pe1._24_/ZN
 bgc_15.comp_row.pe1._25_/ZN
 bgc_15.comp_row.pe1._26_/ZN
 bgc_15.comp_row.pe1._27_/ZN
 bgc_15.comp_row.pe1._28_/ZN
 bgc_15.comp_row.pe1._29_/ZN
 bgc_15.comp_row.pe1._30_/ZN
 bgc_15.comp_row.pe1._31_/ZN
 bgc_15.comp_row.pe1._32_/ZN
 bgc_15.comp_row.pe1._33_/ZN
 bgc_15.comp_row.pe1._34_/ZN
 bgc_15.comp_row.pe1._35_/ZN
 bgc_15.comp_row.pe1._36_/ZN
 bgc_15.comp_row.pe1._37_/ZN
 bgc_15.comp_row.pe1._38_/ZN
 bgc_15.comp_row.pe1._39_/ZN
 bgc_15.comp_row.pe2._18_/ZN
 bgc_15.comp_row.pe2._19_/ZN
 bgc_15.comp_row.pe2._20_/ZN
 bgc_15.comp_row.pe2._21_/ZN
 bgc_15.comp_row.pe2._22_/ZN
 bgc_15.comp_row.pe2._23_/ZN
 bgc_15.comp_row.pe2._24_/ZN
 bgc_15.comp_row.pe2._25_/ZN
 bgc_15.comp_row.pe2._26_/ZN
 bgc_15.comp_row.pe2._27_/ZN
 bgc_15.comp_row.pe2._28_/ZN
 bgc_15.comp_row.pe2._29_/ZN
 bgc_15.comp_row.pe2._30_/ZN
 bgc_15.comp_row.pe2._31_/ZN
 bgc_15.comp_row.pe2._32_/ZN
 bgc_15.comp_row.pe2._33_/ZN
 bgc_15.comp_row.pe2._34_/ZN
 bgc_15.comp_row.pe2._35_/ZN
 bgc_15.comp_row.pe2._36_/ZN
 bgc_15.comp_row.pe2._37_/ZN
 bgc_15.comp_row.pe2._38_/ZN
 bgc_15.comp_row.pe2._39_/ZN
 bgc_15.final_counter._29_/ZN
 bgc_15.final_counter._30_/ZN
 bgc_15.final_counter._31_/ZN
 bgc_15.final_counter._32_/ZN
 bgc_15.final_counter._33_/ZN
 bgc_15.final_counter._34_/ZN
 bgc_15.final_counter._35_/ZN
 bgc_15.final_counter._36_/ZN
 bgc_15.final_counter._37_/ZN
 bgc_15.final_counter._38_/ZN
 bgc_15.final_counter._39_/Z
 bgc_15.final_counter._40_/ZN
 bgc_15.final_counter._41_/ZN
 bgc_15.final_counter._42_/ZN
 bgc_15.final_counter._43_/Z
 bgc_15.final_counter._44_/ZN
 bgc_15.final_counter._45_/ZN
 bgc_15.final_counter._46_/Z
 bgc_15.final_counter._47_/ZN
 bgc_15.final_counter._48_/ZN
 bgc_15.final_counter._49_/Z
 bgc_15.final_counter._50_/ZN
 bgc_15.final_counter._51_/ZN
 bgc_15.final_counter._52_/ZN
 bgc_15.final_counter._53_/ZN
 bgc_15.final_counter._54_/Z
 bgc_15.final_counter._55_/ZN
 bgc_15.final_counter._56_/ZN
 bgc_15.final_counter._57_/Z
 bgc_15.final_counter._58_/ZN
 bgc_15.final_counter._59_/ZN
 bgc_15.final_counter._60_/ZN
 bgc_15.final_counter._61_/ZN
 bgc_15.final_counter._62_/ZN
 bgc_15.final_counter._63_/ZN
 bgc_15.final_counter._64_/ZN
 bgc_15.final_counter._65_/ZN
 bgc_15.final_counter._66_/ZN
 bgc_15.final_counter._67_/Z
 bgc_15.final_counter._68_/ZN
 bgc_15.final_counter._69_/Q
 bgc_15.final_counter._70_/Q
 bgc_15.final_counter._71_/Q
 bgc_15.final_counter._72_/Q
 bgc_15.final_counter._73_/Q
 bgc_15.final_counter._74_/Q
 bgc_15.final_counter._75_/Q
 bgc_15.final_counter._76_/Q
 bgc_15.final_counter._77_/Q
 bgc_15.final_counter._78_/Q
 bgc_15.final_counter._79_/Q
 bgc_15.final_counter._80_/Q
 bgc_15.lfsr_col._27_/ZN
 bgc_15.lfsr_col._28_/ZN
 bgc_15.lfsr_col._29_/Z
 bgc_15.lfsr_col._30_/Z
 bgc_15.lfsr_col._31_/Z
 bgc_15.lfsr_col._32_/Z
 bgc_15.lfsr_col._33_/Z
 bgc_15.lfsr_col._34_/Z
 bgc_15.lfsr_col._35_/Z
 bgc_15.lfsr_col._36_/Z
 bgc_15.lfsr_col._37_/Z
 bgc_15.lfsr_col._38_/Z
 bgc_15.lfsr_col._39_/Z
 bgc_15.lfsr_col._40_/Z
 bgc_15.lfsr_col._41_/Z
 bgc_15.lfsr_col._42_/Z
 bgc_15.lfsr_col._43_/Z
 bgc_15.lfsr_col._44_/Z
 bgc_15.lfsr_col._45_/Z
 bgc_15.lfsr_col._46_/Z
 bgc_15.lfsr_col._47_/Z
 bgc_15.lfsr_col._48_/Z
 bgc_15.lfsr_col._49_/Z
 bgc_15.lfsr_col._50_/Z
 bgc_15.lfsr_col._51_/Z
 bgc_15.lfsr_col._52_/Z
 bgc_15.lfsr_col._53_/Z
 bgc_15.lfsr_col._54_/Z
 bgc_15.lfsr_col._55_/Z
 bgc_15.lfsr_col._56_/Z
 bgc_15.lfsr_col._57_/Z
 bgc_15.lfsr_col._58_/Z
 bgc_15.lfsr_col._59_/Z
 bgc_15.lfsr_col._60_/Z
 bgc_15.lfsr_col._61_/Z
 bgc_15.lfsr_col._62_/Z
 bgc_15.lfsr_col._63_/Z
 bgc_15.lfsr_col._64_/Z
 bgc_15.lfsr_col._65_/Z
 bgc_15.lfsr_col._66_/ZN
 bgc_15.lfsr_col._67_/ZN
 bgc_15.lfsr_col._68_/ZN
 bgc_15.lfsr_col._69_/ZN
 bgc_15.lfsr_col._70_/ZN
 bgc_15.lfsr_col._71_/ZN
 bgc_15.lfsr_col._72_/ZN
 bgc_15.lfsr_col._73_/ZN
 bgc_15.lfsr_col._74_/ZN
 bgc_15.lfsr_col._75_/ZN
 bgc_15.lfsr_col._76_/ZN
 bgc_15.lfsr_col._77_/Q
 bgc_15.lfsr_col._78_/Q
 bgc_15.lfsr_col._79_/Q
 bgc_15.lfsr_col._80_/Q
 bgc_15.lfsr_col._81_/Q
 bgc_15.lfsr_col._82_/Q
 bgc_15.lfsr_col._83_/Q
 bgc_15.lfsr_col._84_/Q
 bgc_15.lfsr_col._85_/Q
 bgc_15.lfsr_col._86_/Q
 bgc_15.lfsr_col._87_/Q
 bgc_15.lfsr_col._88_/Q
 bgc_15.lfsr_row._27_/ZN
 bgc_15.lfsr_row._28_/ZN
 bgc_15.lfsr_row._29_/Z
 bgc_15.lfsr_row._30_/Z
 bgc_15.lfsr_row._31_/Z
 bgc_15.lfsr_row._32_/Z
 bgc_15.lfsr_row._33_/Z
 bgc_15.lfsr_row._34_/Z
 bgc_15.lfsr_row._35_/Z
 bgc_15.lfsr_row._36_/Z
 bgc_15.lfsr_row._37_/Z
 bgc_15.lfsr_row._38_/Z
 bgc_15.lfsr_row._39_/Z
 bgc_15.lfsr_row._40_/Z
 bgc_15.lfsr_row._41_/Z
 bgc_15.lfsr_row._42_/Z
 bgc_15.lfsr_row._43_/Z
 bgc_15.lfsr_row._44_/Z
 bgc_15.lfsr_row._45_/Z
 bgc_15.lfsr_row._46_/Z
 bgc_15.lfsr_row._47_/Z
 bgc_15.lfsr_row._48_/Z
 bgc_15.lfsr_row._49_/Z
 bgc_15.lfsr_row._50_/Z
 bgc_15.lfsr_row._51_/Z
 bgc_15.lfsr_row._52_/Z
 bgc_15.lfsr_row._53_/Z
 bgc_15.lfsr_row._54_/Z
 bgc_15.lfsr_row._55_/Z
 bgc_15.lfsr_row._56_/Z
 bgc_15.lfsr_row._57_/Z
 bgc_15.lfsr_row._58_/Z
 bgc_15.lfsr_row._59_/Z
 bgc_15.lfsr_row._60_/Z
 bgc_15.lfsr_row._61_/Z
 bgc_15.lfsr_row._62_/Z
 bgc_15.lfsr_row._63_/Z
 bgc_15.lfsr_row._64_/Z
 bgc_15.lfsr_row._65_/Z
 bgc_15.lfsr_row._66_/ZN
 bgc_15.lfsr_row._67_/ZN
 bgc_15.lfsr_row._68_/ZN
 bgc_15.lfsr_row._69_/ZN
 bgc_15.lfsr_row._70_/ZN
 bgc_15.lfsr_row._71_/ZN
 bgc_15.lfsr_row._72_/ZN
 bgc_15.lfsr_row._73_/ZN
 bgc_15.lfsr_row._74_/ZN
 bgc_15.lfsr_row._75_/ZN
 bgc_15.lfsr_row._76_/ZN
 bgc_15.lfsr_row._77_/Q
 bgc_15.lfsr_row._78_/Q
 bgc_15.lfsr_row._79_/Q
 bgc_15.lfsr_row._80_/Q
 bgc_15.lfsr_row._81_/Q
 bgc_15.lfsr_row._82_/Q
 bgc_15.lfsr_row._83_/Q
 bgc_15.lfsr_row._84_/Q
 bgc_15.lfsr_row._85_/Q
 bgc_15.lfsr_row._86_/Q
 bgc_15.lfsr_row._87_/Q
 bgc_15.lfsr_row._88_/Q
 bgc_15.row_reg._053_/ZN
 bgc_15.row_reg._054_/ZN
 bgc_15.row_reg._055_/ZN
 bgc_15.row_reg._056_/ZN
 bgc_15.row_reg._057_/ZN
 bgc_15.row_reg._058_/ZN
 bgc_15.row_reg._059_/ZN
 bgc_15.row_reg._060_/ZN
 bgc_15.row_reg._061_/ZN
 bgc_15.row_reg._062_/ZN
 bgc_15.row_reg._063_/ZN
 bgc_15.row_reg._064_/ZN
 bgc_15.row_reg._065_/ZN
 bgc_15.row_reg._066_/ZN
 bgc_15.row_reg._067_/ZN
 bgc_15.row_reg._068_/ZN
 bgc_15.row_reg._069_/ZN
 bgc_15.row_reg._070_/ZN
 bgc_15.row_reg._071_/ZN
 bgc_15.row_reg._072_/ZN
 bgc_15.row_reg._073_/ZN
 bgc_15.row_reg._074_/ZN
 bgc_15.row_reg._075_/ZN
 bgc_15.row_reg._076_/ZN
 bgc_15.row_reg._077_/ZN
 bgc_15.row_reg._078_/ZN
 bgc_15.row_reg._079_/ZN
 bgc_15.row_reg._080_/Z
 bgc_15.row_reg._081_/ZN
 bgc_15.row_reg._082_/ZN
 bgc_15.row_reg._083_/ZN
 bgc_15.row_reg._084_/ZN
 bgc_15.row_reg._085_/ZN
 bgc_15.row_reg._086_/ZN
 bgc_15.row_reg._087_/ZN
 bgc_15.row_reg._088_/ZN
 bgc_15.row_reg._089_/ZN
 bgc_15.row_reg._090_/ZN
 bgc_15.row_reg._091_/ZN
 bgc_15.row_reg._092_/ZN
 bgc_15.row_reg._093_/ZN
 bgc_15.row_reg._094_/ZN
 bgc_15.row_reg._095_/ZN
 bgc_15.row_reg._096_/ZN
 bgc_15.row_reg._097_/ZN
 bgc_15.row_reg._098_/ZN
 bgc_15.row_reg._099_/ZN
 bgc_15.row_reg._100_/ZN
 bgc_15.row_reg._101_/ZN
 bgc_15.row_reg._102_/ZN
 bgc_15.row_reg._103_/ZN
 bgc_15.row_reg._104_/ZN
 bgc_15.row_reg._105_/ZN
 bgc_15.row_reg._106_/ZN
 bgc_15.row_reg._107_/ZN
 bgc_15.row_reg._108_/ZN
 bgc_15.row_reg._109_/ZN
 bgc_15.row_reg._110_/ZN
 bgc_15.row_reg._111_/ZN
 bgc_15.row_reg._112_/ZN
 bgc_15.row_reg._113_/ZN
 bgc_15.row_reg._114_/ZN
 bgc_15.row_reg._115_/ZN
 bgc_15.row_reg._116_/ZN
 bgc_15.row_reg._117_/Q
 bgc_15.row_reg._118_/Q
 bgc_15.row_reg._119_/Q
 bgc_15.row_reg._120_/Q
 bgc_15.row_reg._121_/Q
 bgc_15.row_reg._122_/Q
 bgc_15.row_reg._123_/Q
 bgc_15.row_reg._124_/Q
 bgc_15.row_reg._125_/Q
 bgc_15.row_reg._126_/Q
 bgc_15.row_reg._127_/Q
 bgc_15.row_reg._128_/Q
 bgc_2._05_/ZN
 bgc_2._06_/ZN
 bgc_2._07_/ZN
 bgc_2._08_/ZN
 bgc_2._09_/Z
 bgc_2._10_/ZN
 bgc_2._11_/Z
 bgc_2._12_/Z
 bgc_2._13_/Z
 bgc_2._14_/Z
 bgc_2._15_/Z
 bgc_2._16_/Z
 bgc_2._17_/Z
 bgc_2._18_/Z
 bgc_2._19_/Z
 bgc_2._20_/Z
 bgc_2._21_/Z
 bgc_2._22_/Z
 bgc_2._23_/Z
 bgc_2._24_/ZN
 bgc_2._25_/ZN
 bgc_2.col_reg._053_/ZN
 bgc_2.col_reg._054_/ZN
 bgc_2.col_reg._055_/ZN
 bgc_2.col_reg._056_/ZN
 bgc_2.col_reg._057_/ZN
 bgc_2.col_reg._058_/ZN
 bgc_2.col_reg._059_/ZN
 bgc_2.col_reg._060_/ZN
 bgc_2.col_reg._061_/ZN
 bgc_2.col_reg._062_/ZN
 bgc_2.col_reg._063_/ZN
 bgc_2.col_reg._064_/ZN
 bgc_2.col_reg._065_/ZN
 bgc_2.col_reg._066_/ZN
 bgc_2.col_reg._067_/ZN
 bgc_2.col_reg._068_/ZN
 bgc_2.col_reg._069_/ZN
 bgc_2.col_reg._070_/ZN
 bgc_2.col_reg._071_/ZN
 bgc_2.col_reg._072_/ZN
 bgc_2.col_reg._073_/ZN
 bgc_2.col_reg._074_/ZN
 bgc_2.col_reg._075_/ZN
 bgc_2.col_reg._076_/ZN
 bgc_2.col_reg._077_/ZN
 bgc_2.col_reg._078_/ZN
 bgc_2.col_reg._079_/ZN
 bgc_2.col_reg._080_/Z
 bgc_2.col_reg._081_/ZN
 bgc_2.col_reg._082_/ZN
 bgc_2.col_reg._083_/ZN
 bgc_2.col_reg._084_/ZN
 bgc_2.col_reg._085_/ZN
 bgc_2.col_reg._086_/ZN
 bgc_2.col_reg._087_/ZN
 bgc_2.col_reg._088_/ZN
 bgc_2.col_reg._089_/ZN
 bgc_2.col_reg._090_/ZN
 bgc_2.col_reg._091_/ZN
 bgc_2.col_reg._092_/ZN
 bgc_2.col_reg._093_/ZN
 bgc_2.col_reg._094_/ZN
 bgc_2.col_reg._095_/ZN
 bgc_2.col_reg._096_/ZN
 bgc_2.col_reg._097_/ZN
 bgc_2.col_reg._098_/ZN
 bgc_2.col_reg._099_/ZN
 bgc_2.col_reg._100_/ZN
 bgc_2.col_reg._101_/ZN
 bgc_2.col_reg._102_/ZN
 bgc_2.col_reg._103_/ZN
 bgc_2.col_reg._104_/ZN
 bgc_2.col_reg._105_/ZN
 bgc_2.col_reg._106_/ZN
 bgc_2.col_reg._107_/ZN
 bgc_2.col_reg._108_/ZN
 bgc_2.col_reg._109_/ZN
 bgc_2.col_reg._110_/ZN
 bgc_2.col_reg._111_/ZN
 bgc_2.col_reg._112_/ZN
 bgc_2.col_reg._113_/ZN
 bgc_2.col_reg._114_/ZN
 bgc_2.col_reg._115_/ZN
 bgc_2.col_reg._116_/ZN
 bgc_2.col_reg._117_/Q
 bgc_2.col_reg._118_/Q
 bgc_2.col_reg._119_/Q
 bgc_2.col_reg._120_/Q
 bgc_2.col_reg._121_/Q
 bgc_2.col_reg._122_/Q
 bgc_2.col_reg._123_/Q
 bgc_2.col_reg._124_/Q
 bgc_2.col_reg._125_/Q
 bgc_2.col_reg._126_/Q
 bgc_2.col_reg._127_/Q
 bgc_2.col_reg._128_/Q
 bgc_2.comp_col._20_/ZN
 bgc_2.comp_col._21_/ZN
 bgc_2.comp_col._22_/ZN
 bgc_2.comp_col._23_/ZN
 bgc_2.comp_col._24_/ZN
 bgc_2.comp_col._25_/ZN
 bgc_2.comp_col._26_/ZN
 bgc_2.comp_col._27_/ZN
 bgc_2.comp_col._28_/ZN
 bgc_2.comp_col._29_/ZN
 bgc_2.comp_col._30_/ZN
 bgc_2.comp_col._31_/ZN
 bgc_2.comp_col._32_/ZN
 bgc_2.comp_col._33_/ZN
 bgc_2.comp_col._34_/ZN
 bgc_2.comp_col._35_/ZN
 bgc_2.comp_col._36_/ZN
 bgc_2.comp_col._37_/ZN
 bgc_2.comp_col._38_/ZN
 bgc_2.comp_col._39_/ZN
 bgc_2.comp_col._40_/ZN
 bgc_2.comp_col._41_/ZN
 bgc_2.comp_col._42_/ZN
 bgc_2.comp_col._43_/ZN
 bgc_2.comp_col._44_/ZN
 bgc_2.comp_col._45_/ZN
 bgc_2.comp_col._46_/ZN
 bgc_2.comp_col._47_/ZN
 bgc_2.comp_col._48_/Z
 bgc_2.comp_col._49_/Z
 bgc_2.comp_col._50_/Z
 bgc_2.comp_col._51_/Z
 bgc_2.comp_col._52_/Z
 bgc_2.comp_col._53_/Z
 bgc_2.comp_col._54_/Z
 bgc_2.comp_col._55_/Z
 bgc_2.comp_col._56_/Z
 bgc_2.comp_col._57_/Z
 bgc_2.comp_col._58_/Z
 bgc_2.comp_col._59_/Z
 bgc_2.comp_col._60_/ZN
 bgc_2.comp_col._61_/ZN
 bgc_2.comp_col._62_/ZN
 bgc_2.comp_col._63_/ZN
 bgc_2.comp_col._64_/ZN
 bgc_2.comp_col.pe1._18_/ZN
 bgc_2.comp_col.pe1._19_/ZN
 bgc_2.comp_col.pe1._20_/ZN
 bgc_2.comp_col.pe1._21_/ZN
 bgc_2.comp_col.pe1._22_/ZN
 bgc_2.comp_col.pe1._23_/ZN
 bgc_2.comp_col.pe1._24_/ZN
 bgc_2.comp_col.pe1._25_/ZN
 bgc_2.comp_col.pe1._26_/ZN
 bgc_2.comp_col.pe1._27_/ZN
 bgc_2.comp_col.pe1._28_/ZN
 bgc_2.comp_col.pe1._29_/ZN
 bgc_2.comp_col.pe1._30_/ZN
 bgc_2.comp_col.pe1._31_/ZN
 bgc_2.comp_col.pe1._32_/ZN
 bgc_2.comp_col.pe1._33_/ZN
 bgc_2.comp_col.pe1._34_/ZN
 bgc_2.comp_col.pe1._35_/ZN
 bgc_2.comp_col.pe1._36_/ZN
 bgc_2.comp_col.pe1._37_/ZN
 bgc_2.comp_col.pe1._38_/ZN
 bgc_2.comp_col.pe1._39_/ZN
 bgc_2.comp_col.pe2._18_/ZN
 bgc_2.comp_col.pe2._19_/ZN
 bgc_2.comp_col.pe2._20_/ZN
 bgc_2.comp_col.pe2._21_/ZN
 bgc_2.comp_col.pe2._22_/ZN
 bgc_2.comp_col.pe2._23_/ZN
 bgc_2.comp_col.pe2._24_/ZN
 bgc_2.comp_col.pe2._25_/ZN
 bgc_2.comp_col.pe2._26_/ZN
 bgc_2.comp_col.pe2._27_/ZN
 bgc_2.comp_col.pe2._28_/ZN
 bgc_2.comp_col.pe2._29_/ZN
 bgc_2.comp_col.pe2._30_/ZN
 bgc_2.comp_col.pe2._31_/ZN
 bgc_2.comp_col.pe2._32_/ZN
 bgc_2.comp_col.pe2._33_/ZN
 bgc_2.comp_col.pe2._34_/ZN
 bgc_2.comp_col.pe2._35_/ZN
 bgc_2.comp_col.pe2._36_/ZN
 bgc_2.comp_col.pe2._37_/ZN
 bgc_2.comp_col.pe2._38_/ZN
 bgc_2.comp_col.pe2._39_/ZN
 bgc_2.comp_row._20_/ZN
 bgc_2.comp_row._21_/ZN
 bgc_2.comp_row._22_/ZN
 bgc_2.comp_row._23_/ZN
 bgc_2.comp_row._24_/ZN
 bgc_2.comp_row._25_/ZN
 bgc_2.comp_row._26_/ZN
 bgc_2.comp_row._27_/ZN
 bgc_2.comp_row._28_/ZN
 bgc_2.comp_row._29_/ZN
 bgc_2.comp_row._30_/ZN
 bgc_2.comp_row._31_/ZN
 bgc_2.comp_row._32_/ZN
 bgc_2.comp_row._33_/ZN
 bgc_2.comp_row._34_/ZN
 bgc_2.comp_row._35_/ZN
 bgc_2.comp_row._36_/ZN
 bgc_2.comp_row._37_/ZN
 bgc_2.comp_row._38_/ZN
 bgc_2.comp_row._39_/ZN
 bgc_2.comp_row._40_/ZN
 bgc_2.comp_row._41_/ZN
 bgc_2.comp_row._42_/ZN
 bgc_2.comp_row._43_/ZN
 bgc_2.comp_row._44_/ZN
 bgc_2.comp_row._45_/ZN
 bgc_2.comp_row._46_/ZN
 bgc_2.comp_row._47_/ZN
 bgc_2.comp_row._48_/Z
 bgc_2.comp_row._49_/Z
 bgc_2.comp_row._50_/Z
 bgc_2.comp_row._51_/Z
 bgc_2.comp_row._52_/Z
 bgc_2.comp_row._53_/Z
 bgc_2.comp_row._54_/Z
 bgc_2.comp_row._55_/Z
 bgc_2.comp_row._56_/Z
 bgc_2.comp_row._57_/Z
 bgc_2.comp_row._58_/Z
 bgc_2.comp_row._59_/Z
 bgc_2.comp_row._60_/ZN
 bgc_2.comp_row._61_/ZN
 bgc_2.comp_row._62_/ZN
 bgc_2.comp_row._63_/ZN
 bgc_2.comp_row._64_/ZN
 bgc_2.comp_row.pe1._18_/ZN
 bgc_2.comp_row.pe1._19_/ZN
 bgc_2.comp_row.pe1._20_/ZN
 bgc_2.comp_row.pe1._21_/ZN
 bgc_2.comp_row.pe1._22_/ZN
 bgc_2.comp_row.pe1._23_/ZN
 bgc_2.comp_row.pe1._24_/ZN
 bgc_2.comp_row.pe1._25_/ZN
 bgc_2.comp_row.pe1._26_/ZN
 bgc_2.comp_row.pe1._27_/ZN
 bgc_2.comp_row.pe1._28_/ZN
 bgc_2.comp_row.pe1._29_/ZN
 bgc_2.comp_row.pe1._30_/ZN
 bgc_2.comp_row.pe1._31_/ZN
 bgc_2.comp_row.pe1._32_/ZN
 bgc_2.comp_row.pe1._33_/ZN
 bgc_2.comp_row.pe1._34_/ZN
 bgc_2.comp_row.pe1._35_/ZN
 bgc_2.comp_row.pe1._36_/ZN
 bgc_2.comp_row.pe1._37_/ZN
 bgc_2.comp_row.pe1._38_/ZN
 bgc_2.comp_row.pe1._39_/ZN
 bgc_2.comp_row.pe2._18_/ZN
 bgc_2.comp_row.pe2._19_/ZN
 bgc_2.comp_row.pe2._20_/ZN
 bgc_2.comp_row.pe2._21_/ZN
 bgc_2.comp_row.pe2._22_/ZN
 bgc_2.comp_row.pe2._23_/ZN
 bgc_2.comp_row.pe2._24_/ZN
 bgc_2.comp_row.pe2._25_/ZN
 bgc_2.comp_row.pe2._26_/ZN
 bgc_2.comp_row.pe2._27_/ZN
 bgc_2.comp_row.pe2._28_/ZN
 bgc_2.comp_row.pe2._29_/ZN
 bgc_2.comp_row.pe2._30_/ZN
 bgc_2.comp_row.pe2._31_/ZN
 bgc_2.comp_row.pe2._32_/ZN
 bgc_2.comp_row.pe2._33_/ZN
 bgc_2.comp_row.pe2._34_/ZN
 bgc_2.comp_row.pe2._35_/ZN
 bgc_2.comp_row.pe2._36_/ZN
 bgc_2.comp_row.pe2._37_/ZN
 bgc_2.comp_row.pe2._38_/ZN
 bgc_2.comp_row.pe2._39_/ZN
 bgc_2.final_counter._29_/ZN
 bgc_2.final_counter._30_/ZN
 bgc_2.final_counter._31_/ZN
 bgc_2.final_counter._32_/ZN
 bgc_2.final_counter._33_/ZN
 bgc_2.final_counter._34_/ZN
 bgc_2.final_counter._35_/ZN
 bgc_2.final_counter._36_/ZN
 bgc_2.final_counter._37_/ZN
 bgc_2.final_counter._38_/ZN
 bgc_2.final_counter._39_/Z
 bgc_2.final_counter._40_/ZN
 bgc_2.final_counter._41_/ZN
 bgc_2.final_counter._42_/ZN
 bgc_2.final_counter._43_/Z
 bgc_2.final_counter._44_/ZN
 bgc_2.final_counter._45_/ZN
 bgc_2.final_counter._46_/Z
 bgc_2.final_counter._47_/ZN
 bgc_2.final_counter._48_/ZN
 bgc_2.final_counter._49_/Z
 bgc_2.final_counter._50_/ZN
 bgc_2.final_counter._51_/ZN
 bgc_2.final_counter._52_/ZN
 bgc_2.final_counter._53_/ZN
 bgc_2.final_counter._54_/Z
 bgc_2.final_counter._55_/ZN
 bgc_2.final_counter._56_/ZN
 bgc_2.final_counter._57_/Z
 bgc_2.final_counter._58_/ZN
 bgc_2.final_counter._59_/ZN
 bgc_2.final_counter._60_/ZN
 bgc_2.final_counter._61_/ZN
 bgc_2.final_counter._62_/ZN
 bgc_2.final_counter._63_/ZN
 bgc_2.final_counter._64_/ZN
 bgc_2.final_counter._65_/ZN
 bgc_2.final_counter._66_/ZN
 bgc_2.final_counter._67_/Z
 bgc_2.final_counter._68_/ZN
 bgc_2.final_counter._69_/Q
 bgc_2.final_counter._70_/Q
 bgc_2.final_counter._71_/Q
 bgc_2.final_counter._72_/Q
 bgc_2.final_counter._73_/Q
 bgc_2.final_counter._74_/Q
 bgc_2.final_counter._75_/Q
 bgc_2.final_counter._76_/Q
 bgc_2.final_counter._77_/Q
 bgc_2.final_counter._78_/Q
 bgc_2.final_counter._79_/Q
 bgc_2.final_counter._80_/Q
 bgc_2.lfsr_col._27_/ZN
 bgc_2.lfsr_col._28_/ZN
 bgc_2.lfsr_col._29_/Z
 bgc_2.lfsr_col._30_/Z
 bgc_2.lfsr_col._31_/Z
 bgc_2.lfsr_col._32_/Z
 bgc_2.lfsr_col._33_/Z
 bgc_2.lfsr_col._34_/Z
 bgc_2.lfsr_col._35_/Z
 bgc_2.lfsr_col._36_/Z
 bgc_2.lfsr_col._37_/Z
 bgc_2.lfsr_col._38_/Z
 bgc_2.lfsr_col._39_/Z
 bgc_2.lfsr_col._40_/Z
 bgc_2.lfsr_col._41_/Z
 bgc_2.lfsr_col._42_/Z
 bgc_2.lfsr_col._43_/Z
 bgc_2.lfsr_col._44_/Z
 bgc_2.lfsr_col._45_/Z
 bgc_2.lfsr_col._46_/Z
 bgc_2.lfsr_col._47_/Z
 bgc_2.lfsr_col._48_/Z
 bgc_2.lfsr_col._49_/Z
 bgc_2.lfsr_col._50_/Z
 bgc_2.lfsr_col._51_/Z
 bgc_2.lfsr_col._52_/Z
 bgc_2.lfsr_col._53_/Z
 bgc_2.lfsr_col._54_/Z
 bgc_2.lfsr_col._55_/Z
 bgc_2.lfsr_col._56_/Z
 bgc_2.lfsr_col._57_/Z
 bgc_2.lfsr_col._58_/Z
 bgc_2.lfsr_col._59_/Z
 bgc_2.lfsr_col._60_/Z
 bgc_2.lfsr_col._61_/Z
 bgc_2.lfsr_col._62_/Z
 bgc_2.lfsr_col._63_/Z
 bgc_2.lfsr_col._64_/Z
 bgc_2.lfsr_col._65_/Z
 bgc_2.lfsr_col._66_/ZN
 bgc_2.lfsr_col._67_/ZN
 bgc_2.lfsr_col._68_/ZN
 bgc_2.lfsr_col._69_/ZN
 bgc_2.lfsr_col._70_/ZN
 bgc_2.lfsr_col._71_/ZN
 bgc_2.lfsr_col._72_/ZN
 bgc_2.lfsr_col._73_/ZN
 bgc_2.lfsr_col._74_/ZN
 bgc_2.lfsr_col._75_/ZN
 bgc_2.lfsr_col._76_/ZN
 bgc_2.lfsr_col._77_/Q
 bgc_2.lfsr_col._78_/Q
 bgc_2.lfsr_col._79_/Q
 bgc_2.lfsr_col._80_/Q
 bgc_2.lfsr_col._81_/Q
 bgc_2.lfsr_col._82_/Q
 bgc_2.lfsr_col._83_/Q
 bgc_2.lfsr_col._84_/Q
 bgc_2.lfsr_col._85_/Q
 bgc_2.lfsr_col._86_/Q
 bgc_2.lfsr_col._87_/Q
 bgc_2.lfsr_col._88_/Q
 bgc_2.lfsr_row._27_/ZN
 bgc_2.lfsr_row._28_/ZN
 bgc_2.lfsr_row._29_/Z
 bgc_2.lfsr_row._30_/Z
 bgc_2.lfsr_row._31_/Z
 bgc_2.lfsr_row._32_/Z
 bgc_2.lfsr_row._33_/Z
 bgc_2.lfsr_row._34_/Z
 bgc_2.lfsr_row._35_/Z
 bgc_2.lfsr_row._36_/Z
 bgc_2.lfsr_row._37_/Z
 bgc_2.lfsr_row._38_/Z
 bgc_2.lfsr_row._39_/Z
 bgc_2.lfsr_row._40_/Z
 bgc_2.lfsr_row._41_/Z
 bgc_2.lfsr_row._42_/Z
 bgc_2.lfsr_row._43_/Z
 bgc_2.lfsr_row._44_/Z
 bgc_2.lfsr_row._45_/Z
 bgc_2.lfsr_row._46_/Z
 bgc_2.lfsr_row._47_/Z
 bgc_2.lfsr_row._48_/Z
 bgc_2.lfsr_row._49_/Z
 bgc_2.lfsr_row._50_/Z
 bgc_2.lfsr_row._51_/Z
 bgc_2.lfsr_row._52_/Z
 bgc_2.lfsr_row._53_/Z
 bgc_2.lfsr_row._54_/Z
 bgc_2.lfsr_row._55_/Z
 bgc_2.lfsr_row._56_/Z
 bgc_2.lfsr_row._57_/Z
 bgc_2.lfsr_row._58_/Z
 bgc_2.lfsr_row._59_/Z
 bgc_2.lfsr_row._60_/Z
 bgc_2.lfsr_row._61_/Z
 bgc_2.lfsr_row._62_/Z
 bgc_2.lfsr_row._63_/Z
 bgc_2.lfsr_row._64_/Z
 bgc_2.lfsr_row._65_/Z
 bgc_2.lfsr_row._66_/ZN
 bgc_2.lfsr_row._67_/ZN
 bgc_2.lfsr_row._68_/ZN
 bgc_2.lfsr_row._69_/ZN
 bgc_2.lfsr_row._70_/ZN
 bgc_2.lfsr_row._71_/ZN
 bgc_2.lfsr_row._72_/ZN
 bgc_2.lfsr_row._73_/ZN
 bgc_2.lfsr_row._74_/ZN
 bgc_2.lfsr_row._75_/ZN
 bgc_2.lfsr_row._76_/ZN
 bgc_2.lfsr_row._77_/Q
 bgc_2.lfsr_row._78_/Q
 bgc_2.lfsr_row._79_/Q
 bgc_2.lfsr_row._80_/Q
 bgc_2.lfsr_row._81_/Q
 bgc_2.lfsr_row._82_/Q
 bgc_2.lfsr_row._83_/Q
 bgc_2.lfsr_row._84_/Q
 bgc_2.lfsr_row._85_/Q
 bgc_2.lfsr_row._86_/Q
 bgc_2.lfsr_row._87_/Q
 bgc_2.lfsr_row._88_/Q
 bgc_2.row_reg._053_/ZN
 bgc_2.row_reg._054_/ZN
 bgc_2.row_reg._055_/ZN
 bgc_2.row_reg._056_/ZN
 bgc_2.row_reg._057_/ZN
 bgc_2.row_reg._058_/ZN
 bgc_2.row_reg._059_/ZN
 bgc_2.row_reg._060_/ZN
 bgc_2.row_reg._061_/ZN
 bgc_2.row_reg._062_/ZN
 bgc_2.row_reg._063_/ZN
 bgc_2.row_reg._064_/ZN
 bgc_2.row_reg._065_/ZN
 bgc_2.row_reg._066_/ZN
 bgc_2.row_reg._067_/ZN
 bgc_2.row_reg._068_/ZN
 bgc_2.row_reg._069_/ZN
 bgc_2.row_reg._070_/ZN
 bgc_2.row_reg._071_/ZN
 bgc_2.row_reg._072_/ZN
 bgc_2.row_reg._073_/ZN
 bgc_2.row_reg._074_/ZN
 bgc_2.row_reg._075_/ZN
 bgc_2.row_reg._076_/ZN
 bgc_2.row_reg._077_/ZN
 bgc_2.row_reg._078_/ZN
 bgc_2.row_reg._079_/ZN
 bgc_2.row_reg._080_/Z
 bgc_2.row_reg._081_/ZN
 bgc_2.row_reg._082_/ZN
 bgc_2.row_reg._083_/ZN
 bgc_2.row_reg._084_/ZN
 bgc_2.row_reg._085_/ZN
 bgc_2.row_reg._086_/ZN
 bgc_2.row_reg._087_/ZN
 bgc_2.row_reg._088_/ZN
 bgc_2.row_reg._089_/ZN
 bgc_2.row_reg._090_/ZN
 bgc_2.row_reg._091_/ZN
 bgc_2.row_reg._092_/ZN
 bgc_2.row_reg._093_/ZN
 bgc_2.row_reg._094_/ZN
 bgc_2.row_reg._095_/ZN
 bgc_2.row_reg._096_/ZN
 bgc_2.row_reg._097_/ZN
 bgc_2.row_reg._098_/ZN
 bgc_2.row_reg._099_/ZN
 bgc_2.row_reg._100_/ZN
 bgc_2.row_reg._101_/ZN
 bgc_2.row_reg._102_/ZN
 bgc_2.row_reg._103_/ZN
 bgc_2.row_reg._104_/ZN
 bgc_2.row_reg._105_/ZN
 bgc_2.row_reg._106_/ZN
 bgc_2.row_reg._107_/ZN
 bgc_2.row_reg._108_/ZN
 bgc_2.row_reg._109_/ZN
 bgc_2.row_reg._110_/ZN
 bgc_2.row_reg._111_/ZN
 bgc_2.row_reg._112_/ZN
 bgc_2.row_reg._113_/ZN
 bgc_2.row_reg._114_/ZN
 bgc_2.row_reg._115_/ZN
 bgc_2.row_reg._116_/ZN
 bgc_2.row_reg._117_/Q
 bgc_2.row_reg._118_/Q
 bgc_2.row_reg._119_/Q
 bgc_2.row_reg._120_/Q
 bgc_2.row_reg._121_/Q
 bgc_2.row_reg._122_/Q
 bgc_2.row_reg._123_/Q
 bgc_2.row_reg._124_/Q
 bgc_2.row_reg._125_/Q
 bgc_2.row_reg._126_/Q
 bgc_2.row_reg._127_/Q
 bgc_2.row_reg._128_/Q
 bgc_3._05_/ZN
 bgc_3._06_/ZN
 bgc_3._07_/ZN
 bgc_3._08_/ZN
 bgc_3._09_/Z
 bgc_3._10_/ZN
 bgc_3._11_/Z
 bgc_3._12_/Z
 bgc_3._13_/Z
 bgc_3._14_/Z
 bgc_3._15_/Z
 bgc_3._16_/Z
 bgc_3._17_/Z
 bgc_3._18_/Z
 bgc_3._19_/Z
 bgc_3._20_/Z
 bgc_3._21_/Z
 bgc_3._22_/Z
 bgc_3._23_/Z
 bgc_3._24_/ZN
 bgc_3._25_/ZN
 bgc_3.col_reg._053_/ZN
 bgc_3.col_reg._054_/ZN
 bgc_3.col_reg._055_/ZN
 bgc_3.col_reg._056_/ZN
 bgc_3.col_reg._057_/ZN
 bgc_3.col_reg._058_/ZN
 bgc_3.col_reg._059_/ZN
 bgc_3.col_reg._060_/ZN
 bgc_3.col_reg._061_/ZN
 bgc_3.col_reg._062_/ZN
 bgc_3.col_reg._063_/ZN
 bgc_3.col_reg._064_/ZN
 bgc_3.col_reg._065_/ZN
 bgc_3.col_reg._066_/ZN
 bgc_3.col_reg._067_/ZN
 bgc_3.col_reg._068_/ZN
 bgc_3.col_reg._069_/ZN
 bgc_3.col_reg._070_/ZN
 bgc_3.col_reg._071_/ZN
 bgc_3.col_reg._072_/ZN
 bgc_3.col_reg._073_/ZN
 bgc_3.col_reg._074_/ZN
 bgc_3.col_reg._075_/ZN
 bgc_3.col_reg._076_/ZN
 bgc_3.col_reg._077_/ZN
 bgc_3.col_reg._078_/ZN
 bgc_3.col_reg._079_/ZN
 bgc_3.col_reg._080_/Z
 bgc_3.col_reg._081_/ZN
 bgc_3.col_reg._082_/ZN
 bgc_3.col_reg._083_/ZN
 bgc_3.col_reg._084_/ZN
 bgc_3.col_reg._085_/ZN
 bgc_3.col_reg._086_/ZN
 bgc_3.col_reg._087_/ZN
 bgc_3.col_reg._088_/ZN
 bgc_3.col_reg._089_/ZN
 bgc_3.col_reg._090_/ZN
 bgc_3.col_reg._091_/ZN
 bgc_3.col_reg._092_/ZN
 bgc_3.col_reg._093_/ZN
 bgc_3.col_reg._094_/ZN
 bgc_3.col_reg._095_/ZN
 bgc_3.col_reg._096_/ZN
 bgc_3.col_reg._097_/ZN
 bgc_3.col_reg._098_/ZN
 bgc_3.col_reg._099_/ZN
 bgc_3.col_reg._100_/ZN
 bgc_3.col_reg._101_/ZN
 bgc_3.col_reg._102_/ZN
 bgc_3.col_reg._103_/ZN
 bgc_3.col_reg._104_/ZN
 bgc_3.col_reg._105_/ZN
 bgc_3.col_reg._106_/ZN
 bgc_3.col_reg._107_/ZN
 bgc_3.col_reg._108_/ZN
 bgc_3.col_reg._109_/ZN
 bgc_3.col_reg._110_/ZN
 bgc_3.col_reg._111_/ZN
 bgc_3.col_reg._112_/ZN
 bgc_3.col_reg._113_/ZN
 bgc_3.col_reg._114_/ZN
 bgc_3.col_reg._115_/ZN
 bgc_3.col_reg._116_/ZN
 bgc_3.col_reg._117_/Q
 bgc_3.col_reg._118_/Q
 bgc_3.col_reg._119_/Q
 bgc_3.col_reg._120_/Q
 bgc_3.col_reg._121_/Q
 bgc_3.col_reg._122_/Q
 bgc_3.col_reg._123_/Q
 bgc_3.col_reg._124_/Q
 bgc_3.col_reg._125_/Q
 bgc_3.col_reg._126_/Q
 bgc_3.col_reg._127_/Q
 bgc_3.col_reg._128_/Q
 bgc_3.comp_col._20_/ZN
 bgc_3.comp_col._21_/ZN
 bgc_3.comp_col._22_/ZN
 bgc_3.comp_col._23_/ZN
 bgc_3.comp_col._24_/ZN
 bgc_3.comp_col._25_/ZN
 bgc_3.comp_col._26_/ZN
 bgc_3.comp_col._27_/ZN
 bgc_3.comp_col._28_/ZN
 bgc_3.comp_col._29_/ZN
 bgc_3.comp_col._30_/ZN
 bgc_3.comp_col._31_/ZN
 bgc_3.comp_col._32_/ZN
 bgc_3.comp_col._33_/ZN
 bgc_3.comp_col._34_/ZN
 bgc_3.comp_col._35_/ZN
 bgc_3.comp_col._36_/ZN
 bgc_3.comp_col._37_/ZN
 bgc_3.comp_col._38_/ZN
 bgc_3.comp_col._39_/ZN
 bgc_3.comp_col._40_/ZN
 bgc_3.comp_col._41_/ZN
 bgc_3.comp_col._42_/ZN
 bgc_3.comp_col._43_/ZN
 bgc_3.comp_col._44_/ZN
 bgc_3.comp_col._45_/ZN
 bgc_3.comp_col._46_/ZN
 bgc_3.comp_col._47_/ZN
 bgc_3.comp_col._48_/Z
 bgc_3.comp_col._49_/Z
 bgc_3.comp_col._50_/Z
 bgc_3.comp_col._51_/Z
 bgc_3.comp_col._52_/Z
 bgc_3.comp_col._53_/Z
 bgc_3.comp_col._54_/Z
 bgc_3.comp_col._55_/Z
 bgc_3.comp_col._56_/Z
 bgc_3.comp_col._57_/Z
 bgc_3.comp_col._58_/Z
 bgc_3.comp_col._59_/Z
 bgc_3.comp_col._60_/ZN
 bgc_3.comp_col._61_/ZN
 bgc_3.comp_col._62_/ZN
 bgc_3.comp_col._63_/ZN
 bgc_3.comp_col._64_/ZN
 bgc_3.comp_col.pe1._18_/ZN
 bgc_3.comp_col.pe1._19_/ZN
 bgc_3.comp_col.pe1._20_/ZN
 bgc_3.comp_col.pe1._21_/ZN
 bgc_3.comp_col.pe1._22_/ZN
 bgc_3.comp_col.pe1._23_/ZN
 bgc_3.comp_col.pe1._24_/ZN
 bgc_3.comp_col.pe1._25_/ZN
 bgc_3.comp_col.pe1._26_/ZN
 bgc_3.comp_col.pe1._27_/ZN
 bgc_3.comp_col.pe1._28_/ZN
 bgc_3.comp_col.pe1._29_/ZN
 bgc_3.comp_col.pe1._30_/ZN
 bgc_3.comp_col.pe1._31_/ZN
 bgc_3.comp_col.pe1._32_/ZN
 bgc_3.comp_col.pe1._33_/ZN
 bgc_3.comp_col.pe1._34_/ZN
 bgc_3.comp_col.pe1._35_/ZN
 bgc_3.comp_col.pe1._36_/ZN
 bgc_3.comp_col.pe1._37_/ZN
 bgc_3.comp_col.pe1._38_/ZN
 bgc_3.comp_col.pe1._39_/ZN
 bgc_3.comp_col.pe2._18_/ZN
 bgc_3.comp_col.pe2._19_/ZN
 bgc_3.comp_col.pe2._20_/ZN
 bgc_3.comp_col.pe2._21_/ZN
 bgc_3.comp_col.pe2._22_/ZN
 bgc_3.comp_col.pe2._23_/ZN
 bgc_3.comp_col.pe2._24_/ZN
 bgc_3.comp_col.pe2._25_/ZN
 bgc_3.comp_col.pe2._26_/ZN
 bgc_3.comp_col.pe2._27_/ZN
 bgc_3.comp_col.pe2._28_/ZN
 bgc_3.comp_col.pe2._29_/ZN
 bgc_3.comp_col.pe2._30_/ZN
 bgc_3.comp_col.pe2._31_/ZN
 bgc_3.comp_col.pe2._32_/ZN
 bgc_3.comp_col.pe2._33_/ZN
 bgc_3.comp_col.pe2._34_/ZN
 bgc_3.comp_col.pe2._35_/ZN
 bgc_3.comp_col.pe2._36_/ZN
 bgc_3.comp_col.pe2._37_/ZN
 bgc_3.comp_col.pe2._38_/ZN
 bgc_3.comp_col.pe2._39_/ZN
 bgc_3.comp_row._20_/ZN
 bgc_3.comp_row._21_/ZN
 bgc_3.comp_row._22_/ZN
 bgc_3.comp_row._23_/ZN
 bgc_3.comp_row._24_/ZN
 bgc_3.comp_row._25_/ZN
 bgc_3.comp_row._26_/ZN
 bgc_3.comp_row._27_/ZN
 bgc_3.comp_row._28_/ZN
 bgc_3.comp_row._29_/ZN
 bgc_3.comp_row._30_/ZN
 bgc_3.comp_row._31_/ZN
 bgc_3.comp_row._32_/ZN
 bgc_3.comp_row._33_/ZN
 bgc_3.comp_row._34_/ZN
 bgc_3.comp_row._35_/ZN
 bgc_3.comp_row._36_/ZN
 bgc_3.comp_row._37_/ZN
 bgc_3.comp_row._38_/ZN
 bgc_3.comp_row._39_/ZN
 bgc_3.comp_row._40_/ZN
 bgc_3.comp_row._41_/ZN
 bgc_3.comp_row._42_/ZN
 bgc_3.comp_row._43_/ZN
 bgc_3.comp_row._44_/ZN
 bgc_3.comp_row._45_/ZN
 bgc_3.comp_row._46_/ZN
 bgc_3.comp_row._47_/ZN
 bgc_3.comp_row._48_/Z
 bgc_3.comp_row._49_/Z
 bgc_3.comp_row._50_/Z
 bgc_3.comp_row._51_/Z
 bgc_3.comp_row._52_/Z
 bgc_3.comp_row._53_/Z
 bgc_3.comp_row._54_/Z
 bgc_3.comp_row._55_/Z
 bgc_3.comp_row._56_/Z
 bgc_3.comp_row._57_/Z
 bgc_3.comp_row._58_/Z
 bgc_3.comp_row._59_/Z
 bgc_3.comp_row._60_/ZN
 bgc_3.comp_row._61_/ZN
 bgc_3.comp_row._62_/ZN
 bgc_3.comp_row._63_/ZN
 bgc_3.comp_row._64_/ZN
 bgc_3.comp_row.pe1._18_/ZN
 bgc_3.comp_row.pe1._19_/ZN
 bgc_3.comp_row.pe1._20_/ZN
 bgc_3.comp_row.pe1._21_/ZN
 bgc_3.comp_row.pe1._22_/ZN
 bgc_3.comp_row.pe1._23_/ZN
 bgc_3.comp_row.pe1._24_/ZN
 bgc_3.comp_row.pe1._25_/ZN
 bgc_3.comp_row.pe1._26_/ZN
 bgc_3.comp_row.pe1._27_/ZN
 bgc_3.comp_row.pe1._28_/ZN
 bgc_3.comp_row.pe1._29_/ZN
 bgc_3.comp_row.pe1._30_/ZN
 bgc_3.comp_row.pe1._31_/ZN
 bgc_3.comp_row.pe1._32_/ZN
 bgc_3.comp_row.pe1._33_/ZN
 bgc_3.comp_row.pe1._34_/ZN
 bgc_3.comp_row.pe1._35_/ZN
 bgc_3.comp_row.pe1._36_/ZN
 bgc_3.comp_row.pe1._37_/ZN
 bgc_3.comp_row.pe1._38_/ZN
 bgc_3.comp_row.pe1._39_/ZN
 bgc_3.comp_row.pe2._18_/ZN
 bgc_3.comp_row.pe2._19_/ZN
 bgc_3.comp_row.pe2._20_/ZN
 bgc_3.comp_row.pe2._21_/ZN
 bgc_3.comp_row.pe2._22_/ZN
 bgc_3.comp_row.pe2._23_/ZN
 bgc_3.comp_row.pe2._24_/ZN
 bgc_3.comp_row.pe2._25_/ZN
 bgc_3.comp_row.pe2._26_/ZN
 bgc_3.comp_row.pe2._27_/ZN
 bgc_3.comp_row.pe2._28_/ZN
 bgc_3.comp_row.pe2._29_/ZN
 bgc_3.comp_row.pe2._30_/ZN
 bgc_3.comp_row.pe2._31_/ZN
 bgc_3.comp_row.pe2._32_/ZN
 bgc_3.comp_row.pe2._33_/ZN
 bgc_3.comp_row.pe2._34_/ZN
 bgc_3.comp_row.pe2._35_/ZN
 bgc_3.comp_row.pe2._36_/ZN
 bgc_3.comp_row.pe2._37_/ZN
 bgc_3.comp_row.pe2._38_/ZN
 bgc_3.comp_row.pe2._39_/ZN
 bgc_3.final_counter._29_/ZN
 bgc_3.final_counter._30_/ZN
 bgc_3.final_counter._31_/ZN
 bgc_3.final_counter._32_/ZN
 bgc_3.final_counter._33_/ZN
 bgc_3.final_counter._34_/ZN
 bgc_3.final_counter._35_/ZN
 bgc_3.final_counter._36_/ZN
 bgc_3.final_counter._37_/ZN
 bgc_3.final_counter._38_/ZN
 bgc_3.final_counter._39_/Z
 bgc_3.final_counter._40_/ZN
 bgc_3.final_counter._41_/ZN
 bgc_3.final_counter._42_/ZN
 bgc_3.final_counter._43_/Z
 bgc_3.final_counter._44_/ZN
 bgc_3.final_counter._45_/ZN
 bgc_3.final_counter._46_/Z
 bgc_3.final_counter._47_/ZN
 bgc_3.final_counter._48_/ZN
 bgc_3.final_counter._49_/Z
 bgc_3.final_counter._50_/ZN
 bgc_3.final_counter._51_/ZN
 bgc_3.final_counter._52_/ZN
 bgc_3.final_counter._53_/ZN
 bgc_3.final_counter._54_/Z
 bgc_3.final_counter._55_/ZN
 bgc_3.final_counter._56_/ZN
 bgc_3.final_counter._57_/Z
 bgc_3.final_counter._58_/ZN
 bgc_3.final_counter._59_/ZN
 bgc_3.final_counter._60_/ZN
 bgc_3.final_counter._61_/ZN
 bgc_3.final_counter._62_/ZN
 bgc_3.final_counter._63_/ZN
 bgc_3.final_counter._64_/ZN
 bgc_3.final_counter._65_/ZN
 bgc_3.final_counter._66_/ZN
 bgc_3.final_counter._67_/Z
 bgc_3.final_counter._68_/ZN
 bgc_3.final_counter._69_/Q
 bgc_3.final_counter._70_/Q
 bgc_3.final_counter._71_/Q
 bgc_3.final_counter._72_/Q
 bgc_3.final_counter._73_/Q
 bgc_3.final_counter._74_/Q
 bgc_3.final_counter._75_/Q
 bgc_3.final_counter._76_/Q
 bgc_3.final_counter._77_/Q
 bgc_3.final_counter._78_/Q
 bgc_3.final_counter._79_/Q
 bgc_3.final_counter._80_/Q
 bgc_3.lfsr_col._27_/ZN
 bgc_3.lfsr_col._28_/ZN
 bgc_3.lfsr_col._29_/Z
 bgc_3.lfsr_col._30_/Z
 bgc_3.lfsr_col._31_/Z
 bgc_3.lfsr_col._32_/Z
 bgc_3.lfsr_col._33_/Z
 bgc_3.lfsr_col._34_/Z
 bgc_3.lfsr_col._35_/Z
 bgc_3.lfsr_col._36_/Z
 bgc_3.lfsr_col._37_/Z
 bgc_3.lfsr_col._38_/Z
 bgc_3.lfsr_col._39_/Z
 bgc_3.lfsr_col._40_/Z
 bgc_3.lfsr_col._41_/Z
 bgc_3.lfsr_col._42_/Z
 bgc_3.lfsr_col._43_/Z
 bgc_3.lfsr_col._44_/Z
 bgc_3.lfsr_col._45_/Z
 bgc_3.lfsr_col._46_/Z
 bgc_3.lfsr_col._47_/Z
 bgc_3.lfsr_col._48_/Z
 bgc_3.lfsr_col._49_/Z
 bgc_3.lfsr_col._50_/Z
 bgc_3.lfsr_col._51_/Z
 bgc_3.lfsr_col._52_/Z
 bgc_3.lfsr_col._53_/Z
 bgc_3.lfsr_col._54_/Z
 bgc_3.lfsr_col._55_/Z
 bgc_3.lfsr_col._56_/Z
 bgc_3.lfsr_col._57_/Z
 bgc_3.lfsr_col._58_/Z
 bgc_3.lfsr_col._59_/Z
 bgc_3.lfsr_col._60_/Z
 bgc_3.lfsr_col._61_/Z
 bgc_3.lfsr_col._62_/Z
 bgc_3.lfsr_col._63_/Z
 bgc_3.lfsr_col._64_/Z
 bgc_3.lfsr_col._65_/Z
 bgc_3.lfsr_col._66_/ZN
 bgc_3.lfsr_col._67_/ZN
 bgc_3.lfsr_col._68_/ZN
 bgc_3.lfsr_col._69_/ZN
 bgc_3.lfsr_col._70_/ZN
 bgc_3.lfsr_col._71_/ZN
 bgc_3.lfsr_col._72_/ZN
 bgc_3.lfsr_col._73_/ZN
 bgc_3.lfsr_col._74_/ZN
 bgc_3.lfsr_col._75_/ZN
 bgc_3.lfsr_col._76_/ZN
 bgc_3.lfsr_col._77_/Q
 bgc_3.lfsr_col._78_/Q
 bgc_3.lfsr_col._79_/Q
 bgc_3.lfsr_col._80_/Q
 bgc_3.lfsr_col._81_/Q
 bgc_3.lfsr_col._82_/Q
 bgc_3.lfsr_col._83_/Q
 bgc_3.lfsr_col._84_/Q
 bgc_3.lfsr_col._85_/Q
 bgc_3.lfsr_col._86_/Q
 bgc_3.lfsr_col._87_/Q
 bgc_3.lfsr_col._88_/Q
 bgc_3.lfsr_row._27_/ZN
 bgc_3.lfsr_row._28_/ZN
 bgc_3.lfsr_row._29_/Z
 bgc_3.lfsr_row._30_/Z
 bgc_3.lfsr_row._31_/Z
 bgc_3.lfsr_row._32_/Z
 bgc_3.lfsr_row._33_/Z
 bgc_3.lfsr_row._34_/Z
 bgc_3.lfsr_row._35_/Z
 bgc_3.lfsr_row._36_/Z
 bgc_3.lfsr_row._37_/Z
 bgc_3.lfsr_row._38_/Z
 bgc_3.lfsr_row._39_/Z
 bgc_3.lfsr_row._40_/Z
 bgc_3.lfsr_row._41_/Z
 bgc_3.lfsr_row._42_/Z
 bgc_3.lfsr_row._43_/Z
 bgc_3.lfsr_row._44_/Z
 bgc_3.lfsr_row._45_/Z
 bgc_3.lfsr_row._46_/Z
 bgc_3.lfsr_row._47_/Z
 bgc_3.lfsr_row._48_/Z
 bgc_3.lfsr_row._49_/Z
 bgc_3.lfsr_row._50_/Z
 bgc_3.lfsr_row._51_/Z
 bgc_3.lfsr_row._52_/Z
 bgc_3.lfsr_row._53_/Z
 bgc_3.lfsr_row._54_/Z
 bgc_3.lfsr_row._55_/Z
 bgc_3.lfsr_row._56_/Z
 bgc_3.lfsr_row._57_/Z
 bgc_3.lfsr_row._58_/Z
 bgc_3.lfsr_row._59_/Z
 bgc_3.lfsr_row._60_/Z
 bgc_3.lfsr_row._61_/Z
 bgc_3.lfsr_row._62_/Z
 bgc_3.lfsr_row._63_/Z
 bgc_3.lfsr_row._64_/Z
 bgc_3.lfsr_row._65_/Z
 bgc_3.lfsr_row._66_/ZN
 bgc_3.lfsr_row._67_/ZN
 bgc_3.lfsr_row._68_/ZN
 bgc_3.lfsr_row._69_/ZN
 bgc_3.lfsr_row._70_/ZN
 bgc_3.lfsr_row._71_/ZN
 bgc_3.lfsr_row._72_/ZN
 bgc_3.lfsr_row._73_/ZN
 bgc_3.lfsr_row._74_/ZN
 bgc_3.lfsr_row._75_/ZN
 bgc_3.lfsr_row._76_/ZN
 bgc_3.lfsr_row._77_/Q
 bgc_3.lfsr_row._78_/Q
 bgc_3.lfsr_row._79_/Q
 bgc_3.lfsr_row._80_/Q
 bgc_3.lfsr_row._81_/Q
 bgc_3.lfsr_row._82_/Q
 bgc_3.lfsr_row._83_/Q
 bgc_3.lfsr_row._84_/Q
 bgc_3.lfsr_row._85_/Q
 bgc_3.lfsr_row._86_/Q
 bgc_3.lfsr_row._87_/Q
 bgc_3.lfsr_row._88_/Q
 bgc_3.row_reg._053_/ZN
 bgc_3.row_reg._054_/ZN
 bgc_3.row_reg._055_/ZN
 bgc_3.row_reg._056_/ZN
 bgc_3.row_reg._057_/ZN
 bgc_3.row_reg._058_/ZN
 bgc_3.row_reg._059_/ZN
 bgc_3.row_reg._060_/ZN
 bgc_3.row_reg._061_/ZN
 bgc_3.row_reg._062_/ZN
 bgc_3.row_reg._063_/ZN
 bgc_3.row_reg._064_/ZN
 bgc_3.row_reg._065_/ZN
 bgc_3.row_reg._066_/ZN
 bgc_3.row_reg._067_/ZN
 bgc_3.row_reg._068_/ZN
 bgc_3.row_reg._069_/ZN
 bgc_3.row_reg._070_/ZN
 bgc_3.row_reg._071_/ZN
 bgc_3.row_reg._072_/ZN
 bgc_3.row_reg._073_/ZN
 bgc_3.row_reg._074_/ZN
 bgc_3.row_reg._075_/ZN
 bgc_3.row_reg._076_/ZN
 bgc_3.row_reg._077_/ZN
 bgc_3.row_reg._078_/ZN
 bgc_3.row_reg._079_/ZN
 bgc_3.row_reg._080_/Z
 bgc_3.row_reg._081_/ZN
 bgc_3.row_reg._082_/ZN
 bgc_3.row_reg._083_/ZN
 bgc_3.row_reg._084_/ZN
 bgc_3.row_reg._085_/ZN
 bgc_3.row_reg._086_/ZN
 bgc_3.row_reg._087_/ZN
 bgc_3.row_reg._088_/ZN
 bgc_3.row_reg._089_/ZN
 bgc_3.row_reg._090_/ZN
 bgc_3.row_reg._091_/ZN
 bgc_3.row_reg._092_/ZN
 bgc_3.row_reg._093_/ZN
 bgc_3.row_reg._094_/ZN
 bgc_3.row_reg._095_/ZN
 bgc_3.row_reg._096_/ZN
 bgc_3.row_reg._097_/ZN
 bgc_3.row_reg._098_/ZN
 bgc_3.row_reg._099_/ZN
 bgc_3.row_reg._100_/ZN
 bgc_3.row_reg._101_/ZN
 bgc_3.row_reg._102_/ZN
 bgc_3.row_reg._103_/ZN
 bgc_3.row_reg._104_/ZN
 bgc_3.row_reg._105_/ZN
 bgc_3.row_reg._106_/ZN
 bgc_3.row_reg._107_/ZN
 bgc_3.row_reg._108_/ZN
 bgc_3.row_reg._109_/ZN
 bgc_3.row_reg._110_/ZN
 bgc_3.row_reg._111_/ZN
 bgc_3.row_reg._112_/ZN
 bgc_3.row_reg._113_/ZN
 bgc_3.row_reg._114_/ZN
 bgc_3.row_reg._115_/ZN
 bgc_3.row_reg._116_/ZN
 bgc_3.row_reg._117_/Q
 bgc_3.row_reg._118_/Q
 bgc_3.row_reg._119_/Q
 bgc_3.row_reg._120_/Q
 bgc_3.row_reg._121_/Q
 bgc_3.row_reg._122_/Q
 bgc_3.row_reg._123_/Q
 bgc_3.row_reg._124_/Q
 bgc_3.row_reg._125_/Q
 bgc_3.row_reg._126_/Q
 bgc_3.row_reg._127_/Q
 bgc_3.row_reg._128_/Q
 bgc_4._05_/ZN
 bgc_4._06_/ZN
 bgc_4._07_/ZN
 bgc_4._08_/ZN
 bgc_4._09_/Z
 bgc_4._10_/ZN
 bgc_4._11_/Z
 bgc_4._12_/Z
 bgc_4._13_/Z
 bgc_4._14_/Z
 bgc_4._15_/Z
 bgc_4._16_/Z
 bgc_4._17_/Z
 bgc_4._18_/Z
 bgc_4._19_/Z
 bgc_4._20_/Z
 bgc_4._21_/Z
 bgc_4._22_/Z
 bgc_4._23_/Z
 bgc_4._24_/ZN
 bgc_4._25_/ZN
 bgc_4.col_reg._053_/ZN
 bgc_4.col_reg._054_/ZN
 bgc_4.col_reg._055_/ZN
 bgc_4.col_reg._056_/ZN
 bgc_4.col_reg._057_/ZN
 bgc_4.col_reg._058_/ZN
 bgc_4.col_reg._059_/ZN
 bgc_4.col_reg._060_/ZN
 bgc_4.col_reg._061_/ZN
 bgc_4.col_reg._062_/ZN
 bgc_4.col_reg._063_/ZN
 bgc_4.col_reg._064_/ZN
 bgc_4.col_reg._065_/ZN
 bgc_4.col_reg._066_/ZN
 bgc_4.col_reg._067_/ZN
 bgc_4.col_reg._068_/ZN
 bgc_4.col_reg._069_/ZN
 bgc_4.col_reg._070_/ZN
 bgc_4.col_reg._071_/ZN
 bgc_4.col_reg._072_/ZN
 bgc_4.col_reg._073_/ZN
 bgc_4.col_reg._074_/ZN
 bgc_4.col_reg._075_/ZN
 bgc_4.col_reg._076_/ZN
 bgc_4.col_reg._077_/ZN
 bgc_4.col_reg._078_/ZN
 bgc_4.col_reg._079_/ZN
 bgc_4.col_reg._080_/Z
 bgc_4.col_reg._081_/ZN
 bgc_4.col_reg._082_/ZN
 bgc_4.col_reg._083_/ZN
 bgc_4.col_reg._084_/ZN
 bgc_4.col_reg._085_/ZN
 bgc_4.col_reg._086_/ZN
 bgc_4.col_reg._087_/ZN
 bgc_4.col_reg._088_/ZN
 bgc_4.col_reg._089_/ZN
 bgc_4.col_reg._090_/ZN
 bgc_4.col_reg._091_/ZN
 bgc_4.col_reg._092_/ZN
 bgc_4.col_reg._093_/ZN
 bgc_4.col_reg._094_/ZN
 bgc_4.col_reg._095_/ZN
 bgc_4.col_reg._096_/ZN
 bgc_4.col_reg._097_/ZN
 bgc_4.col_reg._098_/ZN
 bgc_4.col_reg._099_/ZN
 bgc_4.col_reg._100_/ZN
 bgc_4.col_reg._101_/ZN
 bgc_4.col_reg._102_/ZN
 bgc_4.col_reg._103_/ZN
 bgc_4.col_reg._104_/ZN
 bgc_4.col_reg._105_/ZN
 bgc_4.col_reg._106_/ZN
 bgc_4.col_reg._107_/ZN
 bgc_4.col_reg._108_/ZN
 bgc_4.col_reg._109_/ZN
 bgc_4.col_reg._110_/ZN
 bgc_4.col_reg._111_/ZN
 bgc_4.col_reg._112_/ZN
 bgc_4.col_reg._113_/ZN
 bgc_4.col_reg._114_/ZN
 bgc_4.col_reg._115_/ZN
 bgc_4.col_reg._116_/ZN
 bgc_4.col_reg._117_/Q
 bgc_4.col_reg._118_/Q
 bgc_4.col_reg._119_/Q
 bgc_4.col_reg._120_/Q
 bgc_4.col_reg._121_/Q
 bgc_4.col_reg._122_/Q
 bgc_4.col_reg._123_/Q
 bgc_4.col_reg._124_/Q
 bgc_4.col_reg._125_/Q
 bgc_4.col_reg._126_/Q
 bgc_4.col_reg._127_/Q
 bgc_4.col_reg._128_/Q
 bgc_4.comp_col._20_/ZN
 bgc_4.comp_col._21_/ZN
 bgc_4.comp_col._22_/ZN
 bgc_4.comp_col._23_/ZN
 bgc_4.comp_col._24_/ZN
 bgc_4.comp_col._25_/ZN
 bgc_4.comp_col._26_/ZN
 bgc_4.comp_col._27_/ZN
 bgc_4.comp_col._28_/ZN
 bgc_4.comp_col._29_/ZN
 bgc_4.comp_col._30_/ZN
 bgc_4.comp_col._31_/ZN
 bgc_4.comp_col._32_/ZN
 bgc_4.comp_col._33_/ZN
 bgc_4.comp_col._34_/ZN
 bgc_4.comp_col._35_/ZN
 bgc_4.comp_col._36_/ZN
 bgc_4.comp_col._37_/ZN
 bgc_4.comp_col._38_/ZN
 bgc_4.comp_col._39_/ZN
 bgc_4.comp_col._40_/ZN
 bgc_4.comp_col._41_/ZN
 bgc_4.comp_col._42_/ZN
 bgc_4.comp_col._43_/ZN
 bgc_4.comp_col._44_/ZN
 bgc_4.comp_col._45_/ZN
 bgc_4.comp_col._46_/ZN
 bgc_4.comp_col._47_/ZN
 bgc_4.comp_col._48_/Z
 bgc_4.comp_col._49_/Z
 bgc_4.comp_col._50_/Z
 bgc_4.comp_col._51_/Z
 bgc_4.comp_col._52_/Z
 bgc_4.comp_col._53_/Z
 bgc_4.comp_col._54_/Z
 bgc_4.comp_col._55_/Z
 bgc_4.comp_col._56_/Z
 bgc_4.comp_col._57_/Z
 bgc_4.comp_col._58_/Z
 bgc_4.comp_col._59_/Z
 bgc_4.comp_col._60_/ZN
 bgc_4.comp_col._61_/ZN
 bgc_4.comp_col._62_/ZN
 bgc_4.comp_col._63_/ZN
 bgc_4.comp_col._64_/ZN
 bgc_4.comp_col.pe1._18_/ZN
 bgc_4.comp_col.pe1._19_/ZN
 bgc_4.comp_col.pe1._20_/ZN
 bgc_4.comp_col.pe1._21_/ZN
 bgc_4.comp_col.pe1._22_/ZN
 bgc_4.comp_col.pe1._23_/ZN
 bgc_4.comp_col.pe1._24_/ZN
 bgc_4.comp_col.pe1._25_/ZN
 bgc_4.comp_col.pe1._26_/ZN
 bgc_4.comp_col.pe1._27_/ZN
 bgc_4.comp_col.pe1._28_/ZN
 bgc_4.comp_col.pe1._29_/ZN
 bgc_4.comp_col.pe1._30_/ZN
 bgc_4.comp_col.pe1._31_/ZN
 bgc_4.comp_col.pe1._32_/ZN
 bgc_4.comp_col.pe1._33_/ZN
 bgc_4.comp_col.pe1._34_/ZN
 bgc_4.comp_col.pe1._35_/ZN
 bgc_4.comp_col.pe1._36_/ZN
 bgc_4.comp_col.pe1._37_/ZN
 bgc_4.comp_col.pe1._38_/ZN
 bgc_4.comp_col.pe1._39_/ZN
 bgc_4.comp_col.pe2._18_/ZN
 bgc_4.comp_col.pe2._19_/ZN
 bgc_4.comp_col.pe2._20_/ZN
 bgc_4.comp_col.pe2._21_/ZN
 bgc_4.comp_col.pe2._22_/ZN
 bgc_4.comp_col.pe2._23_/ZN
 bgc_4.comp_col.pe2._24_/ZN
 bgc_4.comp_col.pe2._25_/ZN
 bgc_4.comp_col.pe2._26_/ZN
 bgc_4.comp_col.pe2._27_/ZN
 bgc_4.comp_col.pe2._28_/ZN
 bgc_4.comp_col.pe2._29_/ZN
 bgc_4.comp_col.pe2._30_/ZN
 bgc_4.comp_col.pe2._31_/ZN
 bgc_4.comp_col.pe2._32_/ZN
 bgc_4.comp_col.pe2._33_/ZN
 bgc_4.comp_col.pe2._34_/ZN
 bgc_4.comp_col.pe2._35_/ZN
 bgc_4.comp_col.pe2._36_/ZN
 bgc_4.comp_col.pe2._37_/ZN
 bgc_4.comp_col.pe2._38_/ZN
 bgc_4.comp_col.pe2._39_/ZN
 bgc_4.comp_row._20_/ZN
 bgc_4.comp_row._21_/ZN
 bgc_4.comp_row._22_/ZN
 bgc_4.comp_row._23_/ZN
 bgc_4.comp_row._24_/ZN
 bgc_4.comp_row._25_/ZN
 bgc_4.comp_row._26_/ZN
 bgc_4.comp_row._27_/ZN
 bgc_4.comp_row._28_/ZN
 bgc_4.comp_row._29_/ZN
 bgc_4.comp_row._30_/ZN
 bgc_4.comp_row._31_/ZN
 bgc_4.comp_row._32_/ZN
 bgc_4.comp_row._33_/ZN
 bgc_4.comp_row._34_/ZN
 bgc_4.comp_row._35_/ZN
 bgc_4.comp_row._36_/ZN
 bgc_4.comp_row._37_/ZN
 bgc_4.comp_row._38_/ZN
 bgc_4.comp_row._39_/ZN
 bgc_4.comp_row._40_/ZN
 bgc_4.comp_row._41_/ZN
 bgc_4.comp_row._42_/ZN
 bgc_4.comp_row._43_/ZN
 bgc_4.comp_row._44_/ZN
 bgc_4.comp_row._45_/ZN
 bgc_4.comp_row._46_/ZN
 bgc_4.comp_row._47_/ZN
 bgc_4.comp_row._48_/Z
 bgc_4.comp_row._49_/Z
 bgc_4.comp_row._50_/Z
 bgc_4.comp_row._51_/Z
 bgc_4.comp_row._52_/Z
 bgc_4.comp_row._53_/Z
 bgc_4.comp_row._54_/Z
 bgc_4.comp_row._55_/Z
 bgc_4.comp_row._56_/Z
 bgc_4.comp_row._57_/Z
 bgc_4.comp_row._58_/Z
 bgc_4.comp_row._59_/Z
 bgc_4.comp_row._60_/ZN
 bgc_4.comp_row._61_/ZN
 bgc_4.comp_row._62_/ZN
 bgc_4.comp_row._63_/ZN
 bgc_4.comp_row._64_/ZN
 bgc_4.comp_row.pe1._18_/ZN
 bgc_4.comp_row.pe1._19_/ZN
 bgc_4.comp_row.pe1._20_/ZN
 bgc_4.comp_row.pe1._21_/ZN
 bgc_4.comp_row.pe1._22_/ZN
 bgc_4.comp_row.pe1._23_/ZN
 bgc_4.comp_row.pe1._24_/ZN
 bgc_4.comp_row.pe1._25_/ZN
 bgc_4.comp_row.pe1._26_/ZN
 bgc_4.comp_row.pe1._27_/ZN
 bgc_4.comp_row.pe1._28_/ZN
 bgc_4.comp_row.pe1._29_/ZN
 bgc_4.comp_row.pe1._30_/ZN
 bgc_4.comp_row.pe1._31_/ZN
 bgc_4.comp_row.pe1._32_/ZN
 bgc_4.comp_row.pe1._33_/ZN
 bgc_4.comp_row.pe1._34_/ZN
 bgc_4.comp_row.pe1._35_/ZN
 bgc_4.comp_row.pe1._36_/ZN
 bgc_4.comp_row.pe1._37_/ZN
 bgc_4.comp_row.pe1._38_/ZN
 bgc_4.comp_row.pe1._39_/ZN
 bgc_4.comp_row.pe2._18_/ZN
 bgc_4.comp_row.pe2._19_/ZN
 bgc_4.comp_row.pe2._20_/ZN
 bgc_4.comp_row.pe2._21_/ZN
 bgc_4.comp_row.pe2._22_/ZN
 bgc_4.comp_row.pe2._23_/ZN
 bgc_4.comp_row.pe2._24_/ZN
 bgc_4.comp_row.pe2._25_/ZN
 bgc_4.comp_row.pe2._26_/ZN
 bgc_4.comp_row.pe2._27_/ZN
 bgc_4.comp_row.pe2._28_/ZN
 bgc_4.comp_row.pe2._29_/ZN
 bgc_4.comp_row.pe2._30_/ZN
 bgc_4.comp_row.pe2._31_/ZN
 bgc_4.comp_row.pe2._32_/ZN
 bgc_4.comp_row.pe2._33_/ZN
 bgc_4.comp_row.pe2._34_/ZN
 bgc_4.comp_row.pe2._35_/ZN
 bgc_4.comp_row.pe2._36_/ZN
 bgc_4.comp_row.pe2._37_/ZN
 bgc_4.comp_row.pe2._38_/ZN
 bgc_4.comp_row.pe2._39_/ZN
 bgc_4.final_counter._29_/ZN
 bgc_4.final_counter._30_/ZN
 bgc_4.final_counter._31_/ZN
 bgc_4.final_counter._32_/ZN
 bgc_4.final_counter._33_/ZN
 bgc_4.final_counter._34_/ZN
 bgc_4.final_counter._35_/ZN
 bgc_4.final_counter._36_/ZN
 bgc_4.final_counter._37_/ZN
 bgc_4.final_counter._38_/ZN
 bgc_4.final_counter._39_/Z
 bgc_4.final_counter._40_/ZN
 bgc_4.final_counter._41_/ZN
 bgc_4.final_counter._42_/ZN
 bgc_4.final_counter._43_/Z
 bgc_4.final_counter._44_/ZN
 bgc_4.final_counter._45_/ZN
 bgc_4.final_counter._46_/Z
 bgc_4.final_counter._47_/ZN
 bgc_4.final_counter._48_/ZN
 bgc_4.final_counter._49_/Z
 bgc_4.final_counter._50_/ZN
 bgc_4.final_counter._51_/ZN
 bgc_4.final_counter._52_/ZN
 bgc_4.final_counter._53_/ZN
 bgc_4.final_counter._54_/Z
 bgc_4.final_counter._55_/ZN
 bgc_4.final_counter._56_/ZN
 bgc_4.final_counter._57_/Z
 bgc_4.final_counter._58_/ZN
 bgc_4.final_counter._59_/ZN
 bgc_4.final_counter._60_/ZN
 bgc_4.final_counter._61_/ZN
 bgc_4.final_counter._62_/ZN
 bgc_4.final_counter._63_/ZN
 bgc_4.final_counter._64_/ZN
 bgc_4.final_counter._65_/ZN
 bgc_4.final_counter._66_/ZN
 bgc_4.final_counter._67_/Z
 bgc_4.final_counter._68_/ZN
 bgc_4.final_counter._69_/Q
 bgc_4.final_counter._70_/Q
 bgc_4.final_counter._71_/Q
 bgc_4.final_counter._72_/Q
 bgc_4.final_counter._73_/Q
 bgc_4.final_counter._74_/Q
 bgc_4.final_counter._75_/Q
 bgc_4.final_counter._76_/Q
 bgc_4.final_counter._77_/Q
 bgc_4.final_counter._78_/Q
 bgc_4.final_counter._79_/Q
 bgc_4.final_counter._80_/Q
 bgc_4.lfsr_col._27_/ZN
 bgc_4.lfsr_col._28_/ZN
 bgc_4.lfsr_col._29_/Z
 bgc_4.lfsr_col._30_/Z
 bgc_4.lfsr_col._31_/Z
 bgc_4.lfsr_col._32_/Z
 bgc_4.lfsr_col._33_/Z
 bgc_4.lfsr_col._34_/Z
 bgc_4.lfsr_col._35_/Z
 bgc_4.lfsr_col._36_/Z
 bgc_4.lfsr_col._37_/Z
 bgc_4.lfsr_col._38_/Z
 bgc_4.lfsr_col._39_/Z
 bgc_4.lfsr_col._40_/Z
 bgc_4.lfsr_col._41_/Z
 bgc_4.lfsr_col._42_/Z
 bgc_4.lfsr_col._43_/Z
 bgc_4.lfsr_col._44_/Z
 bgc_4.lfsr_col._45_/Z
 bgc_4.lfsr_col._46_/Z
 bgc_4.lfsr_col._47_/Z
 bgc_4.lfsr_col._48_/Z
 bgc_4.lfsr_col._49_/Z
 bgc_4.lfsr_col._50_/Z
 bgc_4.lfsr_col._51_/Z
 bgc_4.lfsr_col._52_/Z
 bgc_4.lfsr_col._53_/Z
 bgc_4.lfsr_col._54_/Z
 bgc_4.lfsr_col._55_/Z
 bgc_4.lfsr_col._56_/Z
 bgc_4.lfsr_col._57_/Z
 bgc_4.lfsr_col._58_/Z
 bgc_4.lfsr_col._59_/Z
 bgc_4.lfsr_col._60_/Z
 bgc_4.lfsr_col._61_/Z
 bgc_4.lfsr_col._62_/Z
 bgc_4.lfsr_col._63_/Z
 bgc_4.lfsr_col._64_/Z
 bgc_4.lfsr_col._65_/Z
 bgc_4.lfsr_col._66_/ZN
 bgc_4.lfsr_col._67_/ZN
 bgc_4.lfsr_col._68_/ZN
 bgc_4.lfsr_col._69_/ZN
 bgc_4.lfsr_col._70_/ZN
 bgc_4.lfsr_col._71_/ZN
 bgc_4.lfsr_col._72_/ZN
 bgc_4.lfsr_col._73_/ZN
 bgc_4.lfsr_col._74_/ZN
 bgc_4.lfsr_col._75_/ZN
 bgc_4.lfsr_col._76_/ZN
 bgc_4.lfsr_col._77_/Q
 bgc_4.lfsr_col._78_/Q
 bgc_4.lfsr_col._79_/Q
 bgc_4.lfsr_col._80_/Q
 bgc_4.lfsr_col._81_/Q
 bgc_4.lfsr_col._82_/Q
 bgc_4.lfsr_col._83_/Q
 bgc_4.lfsr_col._84_/Q
 bgc_4.lfsr_col._85_/Q
 bgc_4.lfsr_col._86_/Q
 bgc_4.lfsr_col._87_/Q
 bgc_4.lfsr_col._88_/Q
 bgc_4.lfsr_row._27_/ZN
 bgc_4.lfsr_row._28_/ZN
 bgc_4.lfsr_row._29_/Z
 bgc_4.lfsr_row._30_/Z
 bgc_4.lfsr_row._31_/Z
 bgc_4.lfsr_row._32_/Z
 bgc_4.lfsr_row._33_/Z
 bgc_4.lfsr_row._34_/Z
 bgc_4.lfsr_row._35_/Z
 bgc_4.lfsr_row._36_/Z
 bgc_4.lfsr_row._37_/Z
 bgc_4.lfsr_row._38_/Z
 bgc_4.lfsr_row._39_/Z
 bgc_4.lfsr_row._40_/Z
 bgc_4.lfsr_row._41_/Z
 bgc_4.lfsr_row._42_/Z
 bgc_4.lfsr_row._43_/Z
 bgc_4.lfsr_row._44_/Z
 bgc_4.lfsr_row._45_/Z
 bgc_4.lfsr_row._46_/Z
 bgc_4.lfsr_row._47_/Z
 bgc_4.lfsr_row._48_/Z
 bgc_4.lfsr_row._49_/Z
 bgc_4.lfsr_row._50_/Z
 bgc_4.lfsr_row._51_/Z
 bgc_4.lfsr_row._52_/Z
 bgc_4.lfsr_row._53_/Z
 bgc_4.lfsr_row._54_/Z
 bgc_4.lfsr_row._55_/Z
 bgc_4.lfsr_row._56_/Z
 bgc_4.lfsr_row._57_/Z
 bgc_4.lfsr_row._58_/Z
 bgc_4.lfsr_row._59_/Z
 bgc_4.lfsr_row._60_/Z
 bgc_4.lfsr_row._61_/Z
 bgc_4.lfsr_row._62_/Z
 bgc_4.lfsr_row._63_/Z
 bgc_4.lfsr_row._64_/Z
 bgc_4.lfsr_row._65_/Z
 bgc_4.lfsr_row._66_/ZN
 bgc_4.lfsr_row._67_/ZN
 bgc_4.lfsr_row._68_/ZN
 bgc_4.lfsr_row._69_/ZN
 bgc_4.lfsr_row._70_/ZN
 bgc_4.lfsr_row._71_/ZN
 bgc_4.lfsr_row._72_/ZN
 bgc_4.lfsr_row._73_/ZN
 bgc_4.lfsr_row._74_/ZN
 bgc_4.lfsr_row._75_/ZN
 bgc_4.lfsr_row._76_/ZN
 bgc_4.lfsr_row._77_/Q
 bgc_4.lfsr_row._78_/Q
 bgc_4.lfsr_row._79_/Q
 bgc_4.lfsr_row._80_/Q
 bgc_4.lfsr_row._81_/Q
 bgc_4.lfsr_row._82_/Q
 bgc_4.lfsr_row._83_/Q
 bgc_4.lfsr_row._84_/Q
 bgc_4.lfsr_row._85_/Q
 bgc_4.lfsr_row._86_/Q
 bgc_4.lfsr_row._87_/Q
 bgc_4.lfsr_row._88_/Q
 bgc_4.row_reg._053_/ZN
 bgc_4.row_reg._054_/ZN
 bgc_4.row_reg._055_/ZN
 bgc_4.row_reg._056_/ZN
 bgc_4.row_reg._057_/ZN
 bgc_4.row_reg._058_/ZN
 bgc_4.row_reg._059_/ZN
 bgc_4.row_reg._060_/ZN
 bgc_4.row_reg._061_/ZN
 bgc_4.row_reg._062_/ZN
 bgc_4.row_reg._063_/ZN
 bgc_4.row_reg._064_/ZN
 bgc_4.row_reg._065_/ZN
 bgc_4.row_reg._066_/ZN
 bgc_4.row_reg._067_/ZN
 bgc_4.row_reg._068_/ZN
 bgc_4.row_reg._069_/ZN
 bgc_4.row_reg._070_/ZN
 bgc_4.row_reg._071_/ZN
 bgc_4.row_reg._072_/ZN
 bgc_4.row_reg._073_/ZN
 bgc_4.row_reg._074_/ZN
 bgc_4.row_reg._075_/ZN
 bgc_4.row_reg._076_/ZN
 bgc_4.row_reg._077_/ZN
 bgc_4.row_reg._078_/ZN
 bgc_4.row_reg._079_/ZN
 bgc_4.row_reg._080_/Z
 bgc_4.row_reg._081_/ZN
 bgc_4.row_reg._082_/ZN
 bgc_4.row_reg._083_/ZN
 bgc_4.row_reg._084_/ZN
 bgc_4.row_reg._085_/ZN
 bgc_4.row_reg._086_/ZN
 bgc_4.row_reg._087_/ZN
 bgc_4.row_reg._088_/ZN
 bgc_4.row_reg._089_/ZN
 bgc_4.row_reg._090_/ZN
 bgc_4.row_reg._091_/ZN
 bgc_4.row_reg._092_/ZN
 bgc_4.row_reg._093_/ZN
 bgc_4.row_reg._094_/ZN
 bgc_4.row_reg._095_/ZN
 bgc_4.row_reg._096_/ZN
 bgc_4.row_reg._097_/ZN
 bgc_4.row_reg._098_/ZN
 bgc_4.row_reg._099_/ZN
 bgc_4.row_reg._100_/ZN
 bgc_4.row_reg._101_/ZN
 bgc_4.row_reg._102_/ZN
 bgc_4.row_reg._103_/ZN
 bgc_4.row_reg._104_/ZN
 bgc_4.row_reg._105_/ZN
 bgc_4.row_reg._106_/ZN
 bgc_4.row_reg._107_/ZN
 bgc_4.row_reg._108_/ZN
 bgc_4.row_reg._109_/ZN
 bgc_4.row_reg._110_/ZN
 bgc_4.row_reg._111_/ZN
 bgc_4.row_reg._112_/ZN
 bgc_4.row_reg._113_/ZN
 bgc_4.row_reg._114_/ZN
 bgc_4.row_reg._115_/ZN
 bgc_4.row_reg._116_/ZN
 bgc_4.row_reg._117_/Q
 bgc_4.row_reg._118_/Q
 bgc_4.row_reg._119_/Q
 bgc_4.row_reg._120_/Q
 bgc_4.row_reg._121_/Q
 bgc_4.row_reg._122_/Q
 bgc_4.row_reg._123_/Q
 bgc_4.row_reg._124_/Q
 bgc_4.row_reg._125_/Q
 bgc_4.row_reg._126_/Q
 bgc_4.row_reg._127_/Q
 bgc_4.row_reg._128_/Q
 bgc_5._05_/ZN
 bgc_5._06_/ZN
 bgc_5._07_/ZN
 bgc_5._08_/ZN
 bgc_5._09_/Z
 bgc_5._10_/ZN
 bgc_5._11_/Z
 bgc_5._12_/Z
 bgc_5._13_/Z
 bgc_5._14_/Z
 bgc_5._15_/Z
 bgc_5._16_/Z
 bgc_5._17_/Z
 bgc_5._18_/Z
 bgc_5._19_/Z
 bgc_5._20_/Z
 bgc_5._21_/Z
 bgc_5._22_/Z
 bgc_5._23_/Z
 bgc_5._24_/ZN
 bgc_5._25_/ZN
 bgc_5.col_reg._053_/ZN
 bgc_5.col_reg._054_/ZN
 bgc_5.col_reg._055_/ZN
 bgc_5.col_reg._056_/ZN
 bgc_5.col_reg._057_/ZN
 bgc_5.col_reg._058_/ZN
 bgc_5.col_reg._059_/ZN
 bgc_5.col_reg._060_/ZN
 bgc_5.col_reg._061_/ZN
 bgc_5.col_reg._062_/ZN
 bgc_5.col_reg._063_/ZN
 bgc_5.col_reg._064_/ZN
 bgc_5.col_reg._065_/ZN
 bgc_5.col_reg._066_/ZN
 bgc_5.col_reg._067_/ZN
 bgc_5.col_reg._068_/ZN
 bgc_5.col_reg._069_/ZN
 bgc_5.col_reg._070_/ZN
 bgc_5.col_reg._071_/ZN
 bgc_5.col_reg._072_/ZN
 bgc_5.col_reg._073_/ZN
 bgc_5.col_reg._074_/ZN
 bgc_5.col_reg._075_/ZN
 bgc_5.col_reg._076_/ZN
 bgc_5.col_reg._077_/ZN
 bgc_5.col_reg._078_/ZN
 bgc_5.col_reg._079_/ZN
 bgc_5.col_reg._080_/Z
 bgc_5.col_reg._081_/ZN
 bgc_5.col_reg._082_/ZN
 bgc_5.col_reg._083_/ZN
 bgc_5.col_reg._084_/ZN
 bgc_5.col_reg._085_/ZN
 bgc_5.col_reg._086_/ZN
 bgc_5.col_reg._087_/ZN
 bgc_5.col_reg._088_/ZN
 bgc_5.col_reg._089_/ZN
 bgc_5.col_reg._090_/ZN
 bgc_5.col_reg._091_/ZN
 bgc_5.col_reg._092_/ZN
 bgc_5.col_reg._093_/ZN
 bgc_5.col_reg._094_/ZN
 bgc_5.col_reg._095_/ZN
 bgc_5.col_reg._096_/ZN
 bgc_5.col_reg._097_/ZN
 bgc_5.col_reg._098_/ZN
 bgc_5.col_reg._099_/ZN
 bgc_5.col_reg._100_/ZN
 bgc_5.col_reg._101_/ZN
 bgc_5.col_reg._102_/ZN
 bgc_5.col_reg._103_/ZN
 bgc_5.col_reg._104_/ZN
 bgc_5.col_reg._105_/ZN
 bgc_5.col_reg._106_/ZN
 bgc_5.col_reg._107_/ZN
 bgc_5.col_reg._108_/ZN
 bgc_5.col_reg._109_/ZN
 bgc_5.col_reg._110_/ZN
 bgc_5.col_reg._111_/ZN
 bgc_5.col_reg._112_/ZN
 bgc_5.col_reg._113_/ZN
 bgc_5.col_reg._114_/ZN
 bgc_5.col_reg._115_/ZN
 bgc_5.col_reg._116_/ZN
 bgc_5.col_reg._117_/Q
 bgc_5.col_reg._118_/Q
 bgc_5.col_reg._119_/Q
 bgc_5.col_reg._120_/Q
 bgc_5.col_reg._121_/Q
 bgc_5.col_reg._122_/Q
 bgc_5.col_reg._123_/Q
 bgc_5.col_reg._124_/Q
 bgc_5.col_reg._125_/Q
 bgc_5.col_reg._126_/Q
 bgc_5.col_reg._127_/Q
 bgc_5.col_reg._128_/Q
 bgc_5.comp_col._20_/ZN
 bgc_5.comp_col._21_/ZN
 bgc_5.comp_col._22_/ZN
 bgc_5.comp_col._23_/ZN
 bgc_5.comp_col._24_/ZN
 bgc_5.comp_col._25_/ZN
 bgc_5.comp_col._26_/ZN
 bgc_5.comp_col._27_/ZN
 bgc_5.comp_col._28_/ZN
 bgc_5.comp_col._29_/ZN
 bgc_5.comp_col._30_/ZN
 bgc_5.comp_col._31_/ZN
 bgc_5.comp_col._32_/ZN
 bgc_5.comp_col._33_/ZN
 bgc_5.comp_col._34_/ZN
 bgc_5.comp_col._35_/ZN
 bgc_5.comp_col._36_/ZN
 bgc_5.comp_col._37_/ZN
 bgc_5.comp_col._38_/ZN
 bgc_5.comp_col._39_/ZN
 bgc_5.comp_col._40_/ZN
 bgc_5.comp_col._41_/ZN
 bgc_5.comp_col._42_/ZN
 bgc_5.comp_col._43_/ZN
 bgc_5.comp_col._44_/ZN
 bgc_5.comp_col._45_/ZN
 bgc_5.comp_col._46_/ZN
 bgc_5.comp_col._47_/ZN
 bgc_5.comp_col._48_/Z
 bgc_5.comp_col._49_/Z
 bgc_5.comp_col._50_/Z
 bgc_5.comp_col._51_/Z
 bgc_5.comp_col._52_/Z
 bgc_5.comp_col._53_/Z
 bgc_5.comp_col._54_/Z
 bgc_5.comp_col._55_/Z
 bgc_5.comp_col._56_/Z
 bgc_5.comp_col._57_/Z
 bgc_5.comp_col._58_/Z
 bgc_5.comp_col._59_/Z
 bgc_5.comp_col._60_/ZN
 bgc_5.comp_col._61_/ZN
 bgc_5.comp_col._62_/ZN
 bgc_5.comp_col._63_/ZN
 bgc_5.comp_col._64_/ZN
 bgc_5.comp_col.pe1._18_/ZN
 bgc_5.comp_col.pe1._19_/ZN
 bgc_5.comp_col.pe1._20_/ZN
 bgc_5.comp_col.pe1._21_/ZN
 bgc_5.comp_col.pe1._22_/ZN
 bgc_5.comp_col.pe1._23_/ZN
 bgc_5.comp_col.pe1._24_/ZN
 bgc_5.comp_col.pe1._25_/ZN
 bgc_5.comp_col.pe1._26_/ZN
 bgc_5.comp_col.pe1._27_/ZN
 bgc_5.comp_col.pe1._28_/ZN
 bgc_5.comp_col.pe1._29_/ZN
 bgc_5.comp_col.pe1._30_/ZN
 bgc_5.comp_col.pe1._31_/ZN
 bgc_5.comp_col.pe1._32_/ZN
 bgc_5.comp_col.pe1._33_/ZN
 bgc_5.comp_col.pe1._34_/ZN
 bgc_5.comp_col.pe1._35_/ZN
 bgc_5.comp_col.pe1._36_/ZN
 bgc_5.comp_col.pe1._37_/ZN
 bgc_5.comp_col.pe1._38_/ZN
 bgc_5.comp_col.pe1._39_/ZN
 bgc_5.comp_col.pe2._18_/ZN
 bgc_5.comp_col.pe2._19_/ZN
 bgc_5.comp_col.pe2._20_/ZN
 bgc_5.comp_col.pe2._21_/ZN
 bgc_5.comp_col.pe2._22_/ZN
 bgc_5.comp_col.pe2._23_/ZN
 bgc_5.comp_col.pe2._24_/ZN
 bgc_5.comp_col.pe2._25_/ZN
 bgc_5.comp_col.pe2._26_/ZN
 bgc_5.comp_col.pe2._27_/ZN
 bgc_5.comp_col.pe2._28_/ZN
 bgc_5.comp_col.pe2._29_/ZN
 bgc_5.comp_col.pe2._30_/ZN
 bgc_5.comp_col.pe2._31_/ZN
 bgc_5.comp_col.pe2._32_/ZN
 bgc_5.comp_col.pe2._33_/ZN
 bgc_5.comp_col.pe2._34_/ZN
 bgc_5.comp_col.pe2._35_/ZN
 bgc_5.comp_col.pe2._36_/ZN
 bgc_5.comp_col.pe2._37_/ZN
 bgc_5.comp_col.pe2._38_/ZN
 bgc_5.comp_col.pe2._39_/ZN
 bgc_5.comp_row._20_/ZN
 bgc_5.comp_row._21_/ZN
 bgc_5.comp_row._22_/ZN
 bgc_5.comp_row._23_/ZN
 bgc_5.comp_row._24_/ZN
 bgc_5.comp_row._25_/ZN
 bgc_5.comp_row._26_/ZN
 bgc_5.comp_row._27_/ZN
 bgc_5.comp_row._28_/ZN
 bgc_5.comp_row._29_/ZN
 bgc_5.comp_row._30_/ZN
 bgc_5.comp_row._31_/ZN
 bgc_5.comp_row._32_/ZN
 bgc_5.comp_row._33_/ZN
 bgc_5.comp_row._34_/ZN
 bgc_5.comp_row._35_/ZN
 bgc_5.comp_row._36_/ZN
 bgc_5.comp_row._37_/ZN
 bgc_5.comp_row._38_/ZN
 bgc_5.comp_row._39_/ZN
 bgc_5.comp_row._40_/ZN
 bgc_5.comp_row._41_/ZN
 bgc_5.comp_row._42_/ZN
 bgc_5.comp_row._43_/ZN
 bgc_5.comp_row._44_/ZN
 bgc_5.comp_row._45_/ZN
 bgc_5.comp_row._46_/ZN
 bgc_5.comp_row._47_/ZN
 bgc_5.comp_row._48_/Z
 bgc_5.comp_row._49_/Z
 bgc_5.comp_row._50_/Z
 bgc_5.comp_row._51_/Z
 bgc_5.comp_row._52_/Z
 bgc_5.comp_row._53_/Z
 bgc_5.comp_row._54_/Z
 bgc_5.comp_row._55_/Z
 bgc_5.comp_row._56_/Z
 bgc_5.comp_row._57_/Z
 bgc_5.comp_row._58_/Z
 bgc_5.comp_row._59_/Z
 bgc_5.comp_row._60_/ZN
 bgc_5.comp_row._61_/ZN
 bgc_5.comp_row._62_/ZN
 bgc_5.comp_row._63_/ZN
 bgc_5.comp_row._64_/ZN
 bgc_5.comp_row.pe1._18_/ZN
 bgc_5.comp_row.pe1._19_/ZN
 bgc_5.comp_row.pe1._20_/ZN
 bgc_5.comp_row.pe1._21_/ZN
 bgc_5.comp_row.pe1._22_/ZN
 bgc_5.comp_row.pe1._23_/ZN
 bgc_5.comp_row.pe1._24_/ZN
 bgc_5.comp_row.pe1._25_/ZN
 bgc_5.comp_row.pe1._26_/ZN
 bgc_5.comp_row.pe1._27_/ZN
 bgc_5.comp_row.pe1._28_/ZN
 bgc_5.comp_row.pe1._29_/ZN
 bgc_5.comp_row.pe1._30_/ZN
 bgc_5.comp_row.pe1._31_/ZN
 bgc_5.comp_row.pe1._32_/ZN
 bgc_5.comp_row.pe1._33_/ZN
 bgc_5.comp_row.pe1._34_/ZN
 bgc_5.comp_row.pe1._35_/ZN
 bgc_5.comp_row.pe1._36_/ZN
 bgc_5.comp_row.pe1._37_/ZN
 bgc_5.comp_row.pe1._38_/ZN
 bgc_5.comp_row.pe1._39_/ZN
 bgc_5.comp_row.pe2._18_/ZN
 bgc_5.comp_row.pe2._19_/ZN
 bgc_5.comp_row.pe2._20_/ZN
 bgc_5.comp_row.pe2._21_/ZN
 bgc_5.comp_row.pe2._22_/ZN
 bgc_5.comp_row.pe2._23_/ZN
 bgc_5.comp_row.pe2._24_/ZN
 bgc_5.comp_row.pe2._25_/ZN
 bgc_5.comp_row.pe2._26_/ZN
 bgc_5.comp_row.pe2._27_/ZN
 bgc_5.comp_row.pe2._28_/ZN
 bgc_5.comp_row.pe2._29_/ZN
 bgc_5.comp_row.pe2._30_/ZN
 bgc_5.comp_row.pe2._31_/ZN
 bgc_5.comp_row.pe2._32_/ZN
 bgc_5.comp_row.pe2._33_/ZN
 bgc_5.comp_row.pe2._34_/ZN
 bgc_5.comp_row.pe2._35_/ZN
 bgc_5.comp_row.pe2._36_/ZN
 bgc_5.comp_row.pe2._37_/ZN
 bgc_5.comp_row.pe2._38_/ZN
 bgc_5.comp_row.pe2._39_/ZN
 bgc_5.final_counter._29_/ZN
 bgc_5.final_counter._30_/ZN
 bgc_5.final_counter._31_/ZN
 bgc_5.final_counter._32_/ZN
 bgc_5.final_counter._33_/ZN
 bgc_5.final_counter._34_/ZN
 bgc_5.final_counter._35_/ZN
 bgc_5.final_counter._36_/ZN
 bgc_5.final_counter._37_/ZN
 bgc_5.final_counter._38_/ZN
 bgc_5.final_counter._39_/Z
 bgc_5.final_counter._40_/ZN
 bgc_5.final_counter._41_/ZN
 bgc_5.final_counter._42_/ZN
 bgc_5.final_counter._43_/Z
 bgc_5.final_counter._44_/ZN
 bgc_5.final_counter._45_/ZN
 bgc_5.final_counter._46_/Z
 bgc_5.final_counter._47_/ZN
 bgc_5.final_counter._48_/ZN
 bgc_5.final_counter._49_/Z
 bgc_5.final_counter._50_/ZN
 bgc_5.final_counter._51_/ZN
 bgc_5.final_counter._52_/ZN
 bgc_5.final_counter._53_/ZN
 bgc_5.final_counter._54_/Z
 bgc_5.final_counter._55_/ZN
 bgc_5.final_counter._56_/ZN
 bgc_5.final_counter._57_/Z
 bgc_5.final_counter._58_/ZN
 bgc_5.final_counter._59_/ZN
 bgc_5.final_counter._60_/ZN
 bgc_5.final_counter._61_/ZN
 bgc_5.final_counter._62_/ZN
 bgc_5.final_counter._63_/ZN
 bgc_5.final_counter._64_/ZN
 bgc_5.final_counter._65_/ZN
 bgc_5.final_counter._66_/ZN
 bgc_5.final_counter._67_/Z
 bgc_5.final_counter._68_/ZN
 bgc_5.final_counter._69_/Q
 bgc_5.final_counter._70_/Q
 bgc_5.final_counter._71_/Q
 bgc_5.final_counter._72_/Q
 bgc_5.final_counter._73_/Q
 bgc_5.final_counter._74_/Q
 bgc_5.final_counter._75_/Q
 bgc_5.final_counter._76_/Q
 bgc_5.final_counter._77_/Q
 bgc_5.final_counter._78_/Q
 bgc_5.final_counter._79_/Q
 bgc_5.final_counter._80_/Q
 bgc_5.lfsr_col._27_/ZN
 bgc_5.lfsr_col._28_/ZN
 bgc_5.lfsr_col._29_/Z
 bgc_5.lfsr_col._30_/Z
 bgc_5.lfsr_col._31_/Z
 bgc_5.lfsr_col._32_/Z
 bgc_5.lfsr_col._33_/Z
 bgc_5.lfsr_col._34_/Z
 bgc_5.lfsr_col._35_/Z
 bgc_5.lfsr_col._36_/Z
 bgc_5.lfsr_col._37_/Z
 bgc_5.lfsr_col._38_/Z
 bgc_5.lfsr_col._39_/Z
 bgc_5.lfsr_col._40_/Z
 bgc_5.lfsr_col._41_/Z
 bgc_5.lfsr_col._42_/Z
 bgc_5.lfsr_col._43_/Z
 bgc_5.lfsr_col._44_/Z
 bgc_5.lfsr_col._45_/Z
 bgc_5.lfsr_col._46_/Z
 bgc_5.lfsr_col._47_/Z
 bgc_5.lfsr_col._48_/Z
 bgc_5.lfsr_col._49_/Z
 bgc_5.lfsr_col._50_/Z
 bgc_5.lfsr_col._51_/Z
 bgc_5.lfsr_col._52_/Z
 bgc_5.lfsr_col._53_/Z
 bgc_5.lfsr_col._54_/Z
 bgc_5.lfsr_col._55_/Z
 bgc_5.lfsr_col._56_/Z
 bgc_5.lfsr_col._57_/Z
 bgc_5.lfsr_col._58_/Z
 bgc_5.lfsr_col._59_/Z
 bgc_5.lfsr_col._60_/Z
 bgc_5.lfsr_col._61_/Z
 bgc_5.lfsr_col._62_/Z
 bgc_5.lfsr_col._63_/Z
 bgc_5.lfsr_col._64_/Z
 bgc_5.lfsr_col._65_/Z
 bgc_5.lfsr_col._66_/ZN
 bgc_5.lfsr_col._67_/ZN
 bgc_5.lfsr_col._68_/ZN
 bgc_5.lfsr_col._69_/ZN
 bgc_5.lfsr_col._70_/ZN
 bgc_5.lfsr_col._71_/ZN
 bgc_5.lfsr_col._72_/ZN
 bgc_5.lfsr_col._73_/ZN
 bgc_5.lfsr_col._74_/ZN
 bgc_5.lfsr_col._75_/ZN
 bgc_5.lfsr_col._76_/ZN
 bgc_5.lfsr_col._77_/Q
 bgc_5.lfsr_col._78_/Q
 bgc_5.lfsr_col._79_/Q
 bgc_5.lfsr_col._80_/Q
 bgc_5.lfsr_col._81_/Q
 bgc_5.lfsr_col._82_/Q
 bgc_5.lfsr_col._83_/Q
 bgc_5.lfsr_col._84_/Q
 bgc_5.lfsr_col._85_/Q
 bgc_5.lfsr_col._86_/Q
 bgc_5.lfsr_col._87_/Q
 bgc_5.lfsr_col._88_/Q
 bgc_5.lfsr_row._27_/ZN
 bgc_5.lfsr_row._28_/ZN
 bgc_5.lfsr_row._29_/Z
 bgc_5.lfsr_row._30_/Z
 bgc_5.lfsr_row._31_/Z
 bgc_5.lfsr_row._32_/Z
 bgc_5.lfsr_row._33_/Z
 bgc_5.lfsr_row._34_/Z
 bgc_5.lfsr_row._35_/Z
 bgc_5.lfsr_row._36_/Z
 bgc_5.lfsr_row._37_/Z
 bgc_5.lfsr_row._38_/Z
 bgc_5.lfsr_row._39_/Z
 bgc_5.lfsr_row._40_/Z
 bgc_5.lfsr_row._41_/Z
 bgc_5.lfsr_row._42_/Z
 bgc_5.lfsr_row._43_/Z
 bgc_5.lfsr_row._44_/Z
 bgc_5.lfsr_row._45_/Z
 bgc_5.lfsr_row._46_/Z
 bgc_5.lfsr_row._47_/Z
 bgc_5.lfsr_row._48_/Z
 bgc_5.lfsr_row._49_/Z
 bgc_5.lfsr_row._50_/Z
 bgc_5.lfsr_row._51_/Z
 bgc_5.lfsr_row._52_/Z
 bgc_5.lfsr_row._53_/Z
 bgc_5.lfsr_row._54_/Z
 bgc_5.lfsr_row._55_/Z
 bgc_5.lfsr_row._56_/Z
 bgc_5.lfsr_row._57_/Z
 bgc_5.lfsr_row._58_/Z
 bgc_5.lfsr_row._59_/Z
 bgc_5.lfsr_row._60_/Z
 bgc_5.lfsr_row._61_/Z
 bgc_5.lfsr_row._62_/Z
 bgc_5.lfsr_row._63_/Z
 bgc_5.lfsr_row._64_/Z
 bgc_5.lfsr_row._65_/Z
 bgc_5.lfsr_row._66_/ZN
 bgc_5.lfsr_row._67_/ZN
 bgc_5.lfsr_row._68_/ZN
 bgc_5.lfsr_row._69_/ZN
 bgc_5.lfsr_row._70_/ZN
 bgc_5.lfsr_row._71_/ZN
 bgc_5.lfsr_row._72_/ZN
 bgc_5.lfsr_row._73_/ZN
 bgc_5.lfsr_row._74_/ZN
 bgc_5.lfsr_row._75_/ZN
 bgc_5.lfsr_row._76_/ZN
 bgc_5.lfsr_row._77_/Q
 bgc_5.lfsr_row._78_/Q
 bgc_5.lfsr_row._79_/Q
 bgc_5.lfsr_row._80_/Q
 bgc_5.lfsr_row._81_/Q
 bgc_5.lfsr_row._82_/Q
 bgc_5.lfsr_row._83_/Q
 bgc_5.lfsr_row._84_/Q
 bgc_5.lfsr_row._85_/Q
 bgc_5.lfsr_row._86_/Q
 bgc_5.lfsr_row._87_/Q
 bgc_5.lfsr_row._88_/Q
 bgc_5.row_reg._053_/ZN
 bgc_5.row_reg._054_/ZN
 bgc_5.row_reg._055_/ZN
 bgc_5.row_reg._056_/ZN
 bgc_5.row_reg._057_/ZN
 bgc_5.row_reg._058_/ZN
 bgc_5.row_reg._059_/ZN
 bgc_5.row_reg._060_/ZN
 bgc_5.row_reg._061_/ZN
 bgc_5.row_reg._062_/ZN
 bgc_5.row_reg._063_/ZN
 bgc_5.row_reg._064_/ZN
 bgc_5.row_reg._065_/ZN
 bgc_5.row_reg._066_/ZN
 bgc_5.row_reg._067_/ZN
 bgc_5.row_reg._068_/ZN
 bgc_5.row_reg._069_/ZN
 bgc_5.row_reg._070_/ZN
 bgc_5.row_reg._071_/ZN
 bgc_5.row_reg._072_/ZN
 bgc_5.row_reg._073_/ZN
 bgc_5.row_reg._074_/ZN
 bgc_5.row_reg._075_/ZN
 bgc_5.row_reg._076_/ZN
 bgc_5.row_reg._077_/ZN
 bgc_5.row_reg._078_/ZN
 bgc_5.row_reg._079_/ZN
 bgc_5.row_reg._080_/Z
 bgc_5.row_reg._081_/ZN
 bgc_5.row_reg._082_/ZN
 bgc_5.row_reg._083_/ZN
 bgc_5.row_reg._084_/ZN
 bgc_5.row_reg._085_/ZN
 bgc_5.row_reg._086_/ZN
 bgc_5.row_reg._087_/ZN
 bgc_5.row_reg._088_/ZN
 bgc_5.row_reg._089_/ZN
 bgc_5.row_reg._090_/ZN
 bgc_5.row_reg._091_/ZN
 bgc_5.row_reg._092_/ZN
 bgc_5.row_reg._093_/ZN
 bgc_5.row_reg._094_/ZN
 bgc_5.row_reg._095_/ZN
 bgc_5.row_reg._096_/ZN
 bgc_5.row_reg._097_/ZN
 bgc_5.row_reg._098_/ZN
 bgc_5.row_reg._099_/ZN
 bgc_5.row_reg._100_/ZN
 bgc_5.row_reg._101_/ZN
 bgc_5.row_reg._102_/ZN
 bgc_5.row_reg._103_/ZN
 bgc_5.row_reg._104_/ZN
 bgc_5.row_reg._105_/ZN
 bgc_5.row_reg._106_/ZN
 bgc_5.row_reg._107_/ZN
 bgc_5.row_reg._108_/ZN
 bgc_5.row_reg._109_/ZN
 bgc_5.row_reg._110_/ZN
 bgc_5.row_reg._111_/ZN
 bgc_5.row_reg._112_/ZN
 bgc_5.row_reg._113_/ZN
 bgc_5.row_reg._114_/ZN
 bgc_5.row_reg._115_/ZN
 bgc_5.row_reg._116_/ZN
 bgc_5.row_reg._117_/Q
 bgc_5.row_reg._118_/Q
 bgc_5.row_reg._119_/Q
 bgc_5.row_reg._120_/Q
 bgc_5.row_reg._121_/Q
 bgc_5.row_reg._122_/Q
 bgc_5.row_reg._123_/Q
 bgc_5.row_reg._124_/Q
 bgc_5.row_reg._125_/Q
 bgc_5.row_reg._126_/Q
 bgc_5.row_reg._127_/Q
 bgc_5.row_reg._128_/Q
 bgc_6._05_/ZN
 bgc_6._06_/ZN
 bgc_6._07_/ZN
 bgc_6._08_/ZN
 bgc_6._09_/Z
 bgc_6._10_/ZN
 bgc_6._11_/Z
 bgc_6._12_/Z
 bgc_6._13_/Z
 bgc_6._14_/Z
 bgc_6._15_/Z
 bgc_6._16_/Z
 bgc_6._17_/Z
 bgc_6._18_/Z
 bgc_6._19_/Z
 bgc_6._20_/Z
 bgc_6._21_/Z
 bgc_6._22_/Z
 bgc_6._23_/Z
 bgc_6._24_/ZN
 bgc_6._25_/ZN
 bgc_6.col_reg._053_/ZN
 bgc_6.col_reg._054_/ZN
 bgc_6.col_reg._055_/ZN
 bgc_6.col_reg._056_/ZN
 bgc_6.col_reg._057_/ZN
 bgc_6.col_reg._058_/ZN
 bgc_6.col_reg._059_/ZN
 bgc_6.col_reg._060_/ZN
 bgc_6.col_reg._061_/ZN
 bgc_6.col_reg._062_/ZN
 bgc_6.col_reg._063_/ZN
 bgc_6.col_reg._064_/ZN
 bgc_6.col_reg._065_/ZN
 bgc_6.col_reg._066_/ZN
 bgc_6.col_reg._067_/ZN
 bgc_6.col_reg._068_/ZN
 bgc_6.col_reg._069_/ZN
 bgc_6.col_reg._070_/ZN
 bgc_6.col_reg._071_/ZN
 bgc_6.col_reg._072_/ZN
 bgc_6.col_reg._073_/ZN
 bgc_6.col_reg._074_/ZN
 bgc_6.col_reg._075_/ZN
 bgc_6.col_reg._076_/ZN
 bgc_6.col_reg._077_/ZN
 bgc_6.col_reg._078_/ZN
 bgc_6.col_reg._079_/ZN
 bgc_6.col_reg._080_/Z
 bgc_6.col_reg._081_/ZN
 bgc_6.col_reg._082_/ZN
 bgc_6.col_reg._083_/ZN
 bgc_6.col_reg._084_/ZN
 bgc_6.col_reg._085_/ZN
 bgc_6.col_reg._086_/ZN
 bgc_6.col_reg._087_/ZN
 bgc_6.col_reg._088_/ZN
 bgc_6.col_reg._089_/ZN
 bgc_6.col_reg._090_/ZN
 bgc_6.col_reg._091_/ZN
 bgc_6.col_reg._092_/ZN
 bgc_6.col_reg._093_/ZN
 bgc_6.col_reg._094_/ZN
 bgc_6.col_reg._095_/ZN
 bgc_6.col_reg._096_/ZN
 bgc_6.col_reg._097_/ZN
 bgc_6.col_reg._098_/ZN
 bgc_6.col_reg._099_/ZN
 bgc_6.col_reg._100_/ZN
 bgc_6.col_reg._101_/ZN
 bgc_6.col_reg._102_/ZN
 bgc_6.col_reg._103_/ZN
 bgc_6.col_reg._104_/ZN
 bgc_6.col_reg._105_/ZN
 bgc_6.col_reg._106_/ZN
 bgc_6.col_reg._107_/ZN
 bgc_6.col_reg._108_/ZN
 bgc_6.col_reg._109_/ZN
 bgc_6.col_reg._110_/ZN
 bgc_6.col_reg._111_/ZN
 bgc_6.col_reg._112_/ZN
 bgc_6.col_reg._113_/ZN
 bgc_6.col_reg._114_/ZN
 bgc_6.col_reg._115_/ZN
 bgc_6.col_reg._116_/ZN
 bgc_6.col_reg._117_/Q
 bgc_6.col_reg._118_/Q
 bgc_6.col_reg._119_/Q
 bgc_6.col_reg._120_/Q
 bgc_6.col_reg._121_/Q
 bgc_6.col_reg._122_/Q
 bgc_6.col_reg._123_/Q
 bgc_6.col_reg._124_/Q
 bgc_6.col_reg._125_/Q
 bgc_6.col_reg._126_/Q
 bgc_6.col_reg._127_/Q
 bgc_6.col_reg._128_/Q
 bgc_6.comp_col._20_/ZN
 bgc_6.comp_col._21_/ZN
 bgc_6.comp_col._22_/ZN
 bgc_6.comp_col._23_/ZN
 bgc_6.comp_col._24_/ZN
 bgc_6.comp_col._25_/ZN
 bgc_6.comp_col._26_/ZN
 bgc_6.comp_col._27_/ZN
 bgc_6.comp_col._28_/ZN
 bgc_6.comp_col._29_/ZN
 bgc_6.comp_col._30_/ZN
 bgc_6.comp_col._31_/ZN
 bgc_6.comp_col._32_/ZN
 bgc_6.comp_col._33_/ZN
 bgc_6.comp_col._34_/ZN
 bgc_6.comp_col._35_/ZN
 bgc_6.comp_col._36_/ZN
 bgc_6.comp_col._37_/ZN
 bgc_6.comp_col._38_/ZN
 bgc_6.comp_col._39_/ZN
 bgc_6.comp_col._40_/ZN
 bgc_6.comp_col._41_/ZN
 bgc_6.comp_col._42_/ZN
 bgc_6.comp_col._43_/ZN
 bgc_6.comp_col._44_/ZN
 bgc_6.comp_col._45_/ZN
 bgc_6.comp_col._46_/ZN
 bgc_6.comp_col._47_/ZN
 bgc_6.comp_col._48_/Z
 bgc_6.comp_col._49_/Z
 bgc_6.comp_col._50_/Z
 bgc_6.comp_col._51_/Z
 bgc_6.comp_col._52_/Z
 bgc_6.comp_col._53_/Z
 bgc_6.comp_col._54_/Z
 bgc_6.comp_col._55_/Z
 bgc_6.comp_col._56_/Z
 bgc_6.comp_col._57_/Z
 bgc_6.comp_col._58_/Z
 bgc_6.comp_col._59_/Z
 bgc_6.comp_col._60_/ZN
 bgc_6.comp_col._61_/ZN
 bgc_6.comp_col._62_/ZN
 bgc_6.comp_col._63_/ZN
 bgc_6.comp_col._64_/ZN
 bgc_6.comp_col.pe1._18_/ZN
 bgc_6.comp_col.pe1._19_/ZN
 bgc_6.comp_col.pe1._20_/ZN
 bgc_6.comp_col.pe1._21_/ZN
 bgc_6.comp_col.pe1._22_/ZN
 bgc_6.comp_col.pe1._23_/ZN
 bgc_6.comp_col.pe1._24_/ZN
 bgc_6.comp_col.pe1._25_/ZN
 bgc_6.comp_col.pe1._26_/ZN
 bgc_6.comp_col.pe1._27_/ZN
 bgc_6.comp_col.pe1._28_/ZN
 bgc_6.comp_col.pe1._29_/ZN
 bgc_6.comp_col.pe1._30_/ZN
 bgc_6.comp_col.pe1._31_/ZN
 bgc_6.comp_col.pe1._32_/ZN
 bgc_6.comp_col.pe1._33_/ZN
 bgc_6.comp_col.pe1._34_/ZN
 bgc_6.comp_col.pe1._35_/ZN
 bgc_6.comp_col.pe1._36_/ZN
 bgc_6.comp_col.pe1._37_/ZN
 bgc_6.comp_col.pe1._38_/ZN
 bgc_6.comp_col.pe1._39_/ZN
 bgc_6.comp_col.pe2._18_/ZN
 bgc_6.comp_col.pe2._19_/ZN
 bgc_6.comp_col.pe2._20_/ZN
 bgc_6.comp_col.pe2._21_/ZN
 bgc_6.comp_col.pe2._22_/ZN
 bgc_6.comp_col.pe2._23_/ZN
 bgc_6.comp_col.pe2._24_/ZN
 bgc_6.comp_col.pe2._25_/ZN
 bgc_6.comp_col.pe2._26_/ZN
 bgc_6.comp_col.pe2._27_/ZN
 bgc_6.comp_col.pe2._28_/ZN
 bgc_6.comp_col.pe2._29_/ZN
 bgc_6.comp_col.pe2._30_/ZN
 bgc_6.comp_col.pe2._31_/ZN
 bgc_6.comp_col.pe2._32_/ZN
 bgc_6.comp_col.pe2._33_/ZN
 bgc_6.comp_col.pe2._34_/ZN
 bgc_6.comp_col.pe2._35_/ZN
 bgc_6.comp_col.pe2._36_/ZN
 bgc_6.comp_col.pe2._37_/ZN
 bgc_6.comp_col.pe2._38_/ZN
 bgc_6.comp_col.pe2._39_/ZN
 bgc_6.comp_row._20_/ZN
 bgc_6.comp_row._21_/ZN
 bgc_6.comp_row._22_/ZN
 bgc_6.comp_row._23_/ZN
 bgc_6.comp_row._24_/ZN
 bgc_6.comp_row._25_/ZN
 bgc_6.comp_row._26_/ZN
 bgc_6.comp_row._27_/ZN
 bgc_6.comp_row._28_/ZN
 bgc_6.comp_row._29_/ZN
 bgc_6.comp_row._30_/ZN
 bgc_6.comp_row._31_/ZN
 bgc_6.comp_row._32_/ZN
 bgc_6.comp_row._33_/ZN
 bgc_6.comp_row._34_/ZN
 bgc_6.comp_row._35_/ZN
 bgc_6.comp_row._36_/ZN
 bgc_6.comp_row._37_/ZN
 bgc_6.comp_row._38_/ZN
 bgc_6.comp_row._39_/ZN
 bgc_6.comp_row._40_/ZN
 bgc_6.comp_row._41_/ZN
 bgc_6.comp_row._42_/ZN
 bgc_6.comp_row._43_/ZN
 bgc_6.comp_row._44_/ZN
 bgc_6.comp_row._45_/ZN
 bgc_6.comp_row._46_/ZN
 bgc_6.comp_row._47_/ZN
 bgc_6.comp_row._48_/Z
 bgc_6.comp_row._49_/Z
 bgc_6.comp_row._50_/Z
 bgc_6.comp_row._51_/Z
 bgc_6.comp_row._52_/Z
 bgc_6.comp_row._53_/Z
 bgc_6.comp_row._54_/Z
 bgc_6.comp_row._55_/Z
 bgc_6.comp_row._56_/Z
 bgc_6.comp_row._57_/Z
 bgc_6.comp_row._58_/Z
 bgc_6.comp_row._59_/Z
 bgc_6.comp_row._60_/ZN
 bgc_6.comp_row._61_/ZN
 bgc_6.comp_row._62_/ZN
 bgc_6.comp_row._63_/ZN
 bgc_6.comp_row._64_/ZN
 bgc_6.comp_row.pe1._18_/ZN
 bgc_6.comp_row.pe1._19_/ZN
 bgc_6.comp_row.pe1._20_/ZN
 bgc_6.comp_row.pe1._21_/ZN
 bgc_6.comp_row.pe1._22_/ZN
 bgc_6.comp_row.pe1._23_/ZN
 bgc_6.comp_row.pe1._24_/ZN
 bgc_6.comp_row.pe1._25_/ZN
 bgc_6.comp_row.pe1._26_/ZN
 bgc_6.comp_row.pe1._27_/ZN
 bgc_6.comp_row.pe1._28_/ZN
 bgc_6.comp_row.pe1._29_/ZN
 bgc_6.comp_row.pe1._30_/ZN
 bgc_6.comp_row.pe1._31_/ZN
 bgc_6.comp_row.pe1._32_/ZN
 bgc_6.comp_row.pe1._33_/ZN
 bgc_6.comp_row.pe1._34_/ZN
 bgc_6.comp_row.pe1._35_/ZN
 bgc_6.comp_row.pe1._36_/ZN
 bgc_6.comp_row.pe1._37_/ZN
 bgc_6.comp_row.pe1._38_/ZN
 bgc_6.comp_row.pe1._39_/ZN
 bgc_6.comp_row.pe2._18_/ZN
 bgc_6.comp_row.pe2._19_/ZN
 bgc_6.comp_row.pe2._20_/ZN
 bgc_6.comp_row.pe2._21_/ZN
 bgc_6.comp_row.pe2._22_/ZN
 bgc_6.comp_row.pe2._23_/ZN
 bgc_6.comp_row.pe2._24_/ZN
 bgc_6.comp_row.pe2._25_/ZN
 bgc_6.comp_row.pe2._26_/ZN
 bgc_6.comp_row.pe2._27_/ZN
 bgc_6.comp_row.pe2._28_/ZN
 bgc_6.comp_row.pe2._29_/ZN
 bgc_6.comp_row.pe2._30_/ZN
 bgc_6.comp_row.pe2._31_/ZN
 bgc_6.comp_row.pe2._32_/ZN
 bgc_6.comp_row.pe2._33_/ZN
 bgc_6.comp_row.pe2._34_/ZN
 bgc_6.comp_row.pe2._35_/ZN
 bgc_6.comp_row.pe2._36_/ZN
 bgc_6.comp_row.pe2._37_/ZN
 bgc_6.comp_row.pe2._38_/ZN
 bgc_6.comp_row.pe2._39_/ZN
 bgc_6.final_counter._29_/ZN
 bgc_6.final_counter._30_/ZN
 bgc_6.final_counter._31_/ZN
 bgc_6.final_counter._32_/ZN
 bgc_6.final_counter._33_/ZN
 bgc_6.final_counter._34_/ZN
 bgc_6.final_counter._35_/ZN
 bgc_6.final_counter._36_/ZN
 bgc_6.final_counter._37_/ZN
 bgc_6.final_counter._38_/ZN
 bgc_6.final_counter._39_/Z
 bgc_6.final_counter._40_/ZN
 bgc_6.final_counter._41_/ZN
 bgc_6.final_counter._42_/ZN
 bgc_6.final_counter._43_/Z
 bgc_6.final_counter._44_/ZN
 bgc_6.final_counter._45_/ZN
 bgc_6.final_counter._46_/Z
 bgc_6.final_counter._47_/ZN
 bgc_6.final_counter._48_/ZN
 bgc_6.final_counter._49_/Z
 bgc_6.final_counter._50_/ZN
 bgc_6.final_counter._51_/ZN
 bgc_6.final_counter._52_/ZN
 bgc_6.final_counter._53_/ZN
 bgc_6.final_counter._54_/Z
 bgc_6.final_counter._55_/ZN
 bgc_6.final_counter._56_/ZN
 bgc_6.final_counter._57_/Z
 bgc_6.final_counter._58_/ZN
 bgc_6.final_counter._59_/ZN
 bgc_6.final_counter._60_/ZN
 bgc_6.final_counter._61_/ZN
 bgc_6.final_counter._62_/ZN
 bgc_6.final_counter._63_/ZN
 bgc_6.final_counter._64_/ZN
 bgc_6.final_counter._65_/ZN
 bgc_6.final_counter._66_/ZN
 bgc_6.final_counter._67_/Z
 bgc_6.final_counter._68_/ZN
 bgc_6.final_counter._69_/Q
 bgc_6.final_counter._70_/Q
 bgc_6.final_counter._71_/Q
 bgc_6.final_counter._72_/Q
 bgc_6.final_counter._73_/Q
 bgc_6.final_counter._74_/Q
 bgc_6.final_counter._75_/Q
 bgc_6.final_counter._76_/Q
 bgc_6.final_counter._77_/Q
 bgc_6.final_counter._78_/Q
 bgc_6.final_counter._79_/Q
 bgc_6.final_counter._80_/Q
 bgc_6.lfsr_col._27_/ZN
 bgc_6.lfsr_col._28_/ZN
 bgc_6.lfsr_col._29_/Z
 bgc_6.lfsr_col._30_/Z
 bgc_6.lfsr_col._31_/Z
 bgc_6.lfsr_col._32_/Z
 bgc_6.lfsr_col._33_/Z
 bgc_6.lfsr_col._34_/Z
 bgc_6.lfsr_col._35_/Z
 bgc_6.lfsr_col._36_/Z
 bgc_6.lfsr_col._37_/Z
 bgc_6.lfsr_col._38_/Z
 bgc_6.lfsr_col._39_/Z
 bgc_6.lfsr_col._40_/Z
 bgc_6.lfsr_col._41_/Z
 bgc_6.lfsr_col._42_/Z
 bgc_6.lfsr_col._43_/Z
 bgc_6.lfsr_col._44_/Z
 bgc_6.lfsr_col._45_/Z
 bgc_6.lfsr_col._46_/Z
 bgc_6.lfsr_col._47_/Z
 bgc_6.lfsr_col._48_/Z
 bgc_6.lfsr_col._49_/Z
 bgc_6.lfsr_col._50_/Z
 bgc_6.lfsr_col._51_/Z
 bgc_6.lfsr_col._52_/Z
 bgc_6.lfsr_col._53_/Z
 bgc_6.lfsr_col._54_/Z
 bgc_6.lfsr_col._55_/Z
 bgc_6.lfsr_col._56_/Z
 bgc_6.lfsr_col._57_/Z
 bgc_6.lfsr_col._58_/Z
 bgc_6.lfsr_col._59_/Z
 bgc_6.lfsr_col._60_/Z
 bgc_6.lfsr_col._61_/Z
 bgc_6.lfsr_col._62_/Z
 bgc_6.lfsr_col._63_/Z
 bgc_6.lfsr_col._64_/Z
 bgc_6.lfsr_col._65_/Z
 bgc_6.lfsr_col._66_/ZN
 bgc_6.lfsr_col._67_/ZN
 bgc_6.lfsr_col._68_/ZN
 bgc_6.lfsr_col._69_/ZN
 bgc_6.lfsr_col._70_/ZN
 bgc_6.lfsr_col._71_/ZN
 bgc_6.lfsr_col._72_/ZN
 bgc_6.lfsr_col._73_/ZN
 bgc_6.lfsr_col._74_/ZN
 bgc_6.lfsr_col._75_/ZN
 bgc_6.lfsr_col._76_/ZN
 bgc_6.lfsr_col._77_/Q
 bgc_6.lfsr_col._78_/Q
 bgc_6.lfsr_col._79_/Q
 bgc_6.lfsr_col._80_/Q
 bgc_6.lfsr_col._81_/Q
 bgc_6.lfsr_col._82_/Q
 bgc_6.lfsr_col._83_/Q
 bgc_6.lfsr_col._84_/Q
 bgc_6.lfsr_col._85_/Q
 bgc_6.lfsr_col._86_/Q
 bgc_6.lfsr_col._87_/Q
 bgc_6.lfsr_col._88_/Q
 bgc_6.lfsr_row._27_/ZN
 bgc_6.lfsr_row._28_/ZN
 bgc_6.lfsr_row._29_/Z
 bgc_6.lfsr_row._30_/Z
 bgc_6.lfsr_row._31_/Z
 bgc_6.lfsr_row._32_/Z
 bgc_6.lfsr_row._33_/Z
 bgc_6.lfsr_row._34_/Z
 bgc_6.lfsr_row._35_/Z
 bgc_6.lfsr_row._36_/Z
 bgc_6.lfsr_row._37_/Z
 bgc_6.lfsr_row._38_/Z
 bgc_6.lfsr_row._39_/Z
 bgc_6.lfsr_row._40_/Z
 bgc_6.lfsr_row._41_/Z
 bgc_6.lfsr_row._42_/Z
 bgc_6.lfsr_row._43_/Z
 bgc_6.lfsr_row._44_/Z
 bgc_6.lfsr_row._45_/Z
 bgc_6.lfsr_row._46_/Z
 bgc_6.lfsr_row._47_/Z
 bgc_6.lfsr_row._48_/Z
 bgc_6.lfsr_row._49_/Z
 bgc_6.lfsr_row._50_/Z
 bgc_6.lfsr_row._51_/Z
 bgc_6.lfsr_row._52_/Z
 bgc_6.lfsr_row._53_/Z
 bgc_6.lfsr_row._54_/Z
 bgc_6.lfsr_row._55_/Z
 bgc_6.lfsr_row._56_/Z
 bgc_6.lfsr_row._57_/Z
 bgc_6.lfsr_row._58_/Z
 bgc_6.lfsr_row._59_/Z
 bgc_6.lfsr_row._60_/Z
 bgc_6.lfsr_row._61_/Z
 bgc_6.lfsr_row._62_/Z
 bgc_6.lfsr_row._63_/Z
 bgc_6.lfsr_row._64_/Z
 bgc_6.lfsr_row._65_/Z
 bgc_6.lfsr_row._66_/ZN
 bgc_6.lfsr_row._67_/ZN
 bgc_6.lfsr_row._68_/ZN
 bgc_6.lfsr_row._69_/ZN
 bgc_6.lfsr_row._70_/ZN
 bgc_6.lfsr_row._71_/ZN
 bgc_6.lfsr_row._72_/ZN
 bgc_6.lfsr_row._73_/ZN
 bgc_6.lfsr_row._74_/ZN
 bgc_6.lfsr_row._75_/ZN
 bgc_6.lfsr_row._76_/ZN
 bgc_6.lfsr_row._77_/Q
 bgc_6.lfsr_row._78_/Q
 bgc_6.lfsr_row._79_/Q
 bgc_6.lfsr_row._80_/Q
 bgc_6.lfsr_row._81_/Q
 bgc_6.lfsr_row._82_/Q
 bgc_6.lfsr_row._83_/Q
 bgc_6.lfsr_row._84_/Q
 bgc_6.lfsr_row._85_/Q
 bgc_6.lfsr_row._86_/Q
 bgc_6.lfsr_row._87_/Q
 bgc_6.lfsr_row._88_/Q
 bgc_6.row_reg._053_/ZN
 bgc_6.row_reg._054_/ZN
 bgc_6.row_reg._055_/ZN
 bgc_6.row_reg._056_/ZN
 bgc_6.row_reg._057_/ZN
 bgc_6.row_reg._058_/ZN
 bgc_6.row_reg._059_/ZN
 bgc_6.row_reg._060_/ZN
 bgc_6.row_reg._061_/ZN
 bgc_6.row_reg._062_/ZN
 bgc_6.row_reg._063_/ZN
 bgc_6.row_reg._064_/ZN
 bgc_6.row_reg._065_/ZN
 bgc_6.row_reg._066_/ZN
 bgc_6.row_reg._067_/ZN
 bgc_6.row_reg._068_/ZN
 bgc_6.row_reg._069_/ZN
 bgc_6.row_reg._070_/ZN
 bgc_6.row_reg._071_/ZN
 bgc_6.row_reg._072_/ZN
 bgc_6.row_reg._073_/ZN
 bgc_6.row_reg._074_/ZN
 bgc_6.row_reg._075_/ZN
 bgc_6.row_reg._076_/ZN
 bgc_6.row_reg._077_/ZN
 bgc_6.row_reg._078_/ZN
 bgc_6.row_reg._079_/ZN
 bgc_6.row_reg._080_/Z
 bgc_6.row_reg._081_/ZN
 bgc_6.row_reg._082_/ZN
 bgc_6.row_reg._083_/ZN
 bgc_6.row_reg._084_/ZN
 bgc_6.row_reg._085_/ZN
 bgc_6.row_reg._086_/ZN
 bgc_6.row_reg._087_/ZN
 bgc_6.row_reg._088_/ZN
 bgc_6.row_reg._089_/ZN
 bgc_6.row_reg._090_/ZN
 bgc_6.row_reg._091_/ZN
 bgc_6.row_reg._092_/ZN
 bgc_6.row_reg._093_/ZN
 bgc_6.row_reg._094_/ZN
 bgc_6.row_reg._095_/ZN
 bgc_6.row_reg._096_/ZN
 bgc_6.row_reg._097_/ZN
 bgc_6.row_reg._098_/ZN
 bgc_6.row_reg._099_/ZN
 bgc_6.row_reg._100_/ZN
 bgc_6.row_reg._101_/ZN
 bgc_6.row_reg._102_/ZN
 bgc_6.row_reg._103_/ZN
 bgc_6.row_reg._104_/ZN
 bgc_6.row_reg._105_/ZN
 bgc_6.row_reg._106_/ZN
 bgc_6.row_reg._107_/ZN
 bgc_6.row_reg._108_/ZN
 bgc_6.row_reg._109_/ZN
 bgc_6.row_reg._110_/ZN
 bgc_6.row_reg._111_/ZN
 bgc_6.row_reg._112_/ZN
 bgc_6.row_reg._113_/ZN
 bgc_6.row_reg._114_/ZN
 bgc_6.row_reg._115_/ZN
 bgc_6.row_reg._116_/ZN
 bgc_6.row_reg._117_/Q
 bgc_6.row_reg._118_/Q
 bgc_6.row_reg._119_/Q
 bgc_6.row_reg._120_/Q
 bgc_6.row_reg._121_/Q
 bgc_6.row_reg._122_/Q
 bgc_6.row_reg._123_/Q
 bgc_6.row_reg._124_/Q
 bgc_6.row_reg._125_/Q
 bgc_6.row_reg._126_/Q
 bgc_6.row_reg._127_/Q
 bgc_6.row_reg._128_/Q
 bgc_7._05_/ZN
 bgc_7._06_/ZN
 bgc_7._07_/ZN
 bgc_7._08_/ZN
 bgc_7._09_/Z
 bgc_7._10_/ZN
 bgc_7._11_/Z
 bgc_7._12_/Z
 bgc_7._13_/Z
 bgc_7._14_/Z
 bgc_7._15_/Z
 bgc_7._16_/Z
 bgc_7._17_/Z
 bgc_7._18_/Z
 bgc_7._19_/Z
 bgc_7._20_/Z
 bgc_7._21_/Z
 bgc_7._22_/Z
 bgc_7._23_/Z
 bgc_7._24_/ZN
 bgc_7._25_/ZN
 bgc_7.col_reg._053_/ZN
 bgc_7.col_reg._054_/ZN
 bgc_7.col_reg._055_/ZN
 bgc_7.col_reg._056_/ZN
 bgc_7.col_reg._057_/ZN
 bgc_7.col_reg._058_/ZN
 bgc_7.col_reg._059_/ZN
 bgc_7.col_reg._060_/ZN
 bgc_7.col_reg._061_/ZN
 bgc_7.col_reg._062_/ZN
 bgc_7.col_reg._063_/ZN
 bgc_7.col_reg._064_/ZN
 bgc_7.col_reg._065_/ZN
 bgc_7.col_reg._066_/ZN
 bgc_7.col_reg._067_/ZN
 bgc_7.col_reg._068_/ZN
 bgc_7.col_reg._069_/ZN
 bgc_7.col_reg._070_/ZN
 bgc_7.col_reg._071_/ZN
 bgc_7.col_reg._072_/ZN
 bgc_7.col_reg._073_/ZN
 bgc_7.col_reg._074_/ZN
 bgc_7.col_reg._075_/ZN
 bgc_7.col_reg._076_/ZN
 bgc_7.col_reg._077_/ZN
 bgc_7.col_reg._078_/ZN
 bgc_7.col_reg._079_/ZN
 bgc_7.col_reg._080_/Z
 bgc_7.col_reg._081_/ZN
 bgc_7.col_reg._082_/ZN
 bgc_7.col_reg._083_/ZN
 bgc_7.col_reg._084_/ZN
 bgc_7.col_reg._085_/ZN
 bgc_7.col_reg._086_/ZN
 bgc_7.col_reg._087_/ZN
 bgc_7.col_reg._088_/ZN
 bgc_7.col_reg._089_/ZN
 bgc_7.col_reg._090_/ZN
 bgc_7.col_reg._091_/ZN
 bgc_7.col_reg._092_/ZN
 bgc_7.col_reg._093_/ZN
 bgc_7.col_reg._094_/ZN
 bgc_7.col_reg._095_/ZN
 bgc_7.col_reg._096_/ZN
 bgc_7.col_reg._097_/ZN
 bgc_7.col_reg._098_/ZN
 bgc_7.col_reg._099_/ZN
 bgc_7.col_reg._100_/ZN
 bgc_7.col_reg._101_/ZN
 bgc_7.col_reg._102_/ZN
 bgc_7.col_reg._103_/ZN
 bgc_7.col_reg._104_/ZN
 bgc_7.col_reg._105_/ZN
 bgc_7.col_reg._106_/ZN
 bgc_7.col_reg._107_/ZN
 bgc_7.col_reg._108_/ZN
 bgc_7.col_reg._109_/ZN
 bgc_7.col_reg._110_/ZN
 bgc_7.col_reg._111_/ZN
 bgc_7.col_reg._112_/ZN
 bgc_7.col_reg._113_/ZN
 bgc_7.col_reg._114_/ZN
 bgc_7.col_reg._115_/ZN
 bgc_7.col_reg._116_/ZN
 bgc_7.col_reg._117_/Q
 bgc_7.col_reg._118_/Q
 bgc_7.col_reg._119_/Q
 bgc_7.col_reg._120_/Q
 bgc_7.col_reg._121_/Q
 bgc_7.col_reg._122_/Q
 bgc_7.col_reg._123_/Q
 bgc_7.col_reg._124_/Q
 bgc_7.col_reg._125_/Q
 bgc_7.col_reg._126_/Q
 bgc_7.col_reg._127_/Q
 bgc_7.col_reg._128_/Q
 bgc_7.comp_col._20_/ZN
 bgc_7.comp_col._21_/ZN
 bgc_7.comp_col._22_/ZN
 bgc_7.comp_col._23_/ZN
 bgc_7.comp_col._24_/ZN
 bgc_7.comp_col._25_/ZN
 bgc_7.comp_col._26_/ZN
 bgc_7.comp_col._27_/ZN
 bgc_7.comp_col._28_/ZN
 bgc_7.comp_col._29_/ZN
 bgc_7.comp_col._30_/ZN
 bgc_7.comp_col._31_/ZN
 bgc_7.comp_col._32_/ZN
 bgc_7.comp_col._33_/ZN
 bgc_7.comp_col._34_/ZN
 bgc_7.comp_col._35_/ZN
 bgc_7.comp_col._36_/ZN
 bgc_7.comp_col._37_/ZN
 bgc_7.comp_col._38_/ZN
 bgc_7.comp_col._39_/ZN
 bgc_7.comp_col._40_/ZN
 bgc_7.comp_col._41_/ZN
 bgc_7.comp_col._42_/ZN
 bgc_7.comp_col._43_/ZN
 bgc_7.comp_col._44_/ZN
 bgc_7.comp_col._45_/ZN
 bgc_7.comp_col._46_/ZN
 bgc_7.comp_col._47_/ZN
 bgc_7.comp_col._48_/Z
 bgc_7.comp_col._49_/Z
 bgc_7.comp_col._50_/Z
 bgc_7.comp_col._51_/Z
 bgc_7.comp_col._52_/Z
 bgc_7.comp_col._53_/Z
 bgc_7.comp_col._54_/Z
 bgc_7.comp_col._55_/Z
 bgc_7.comp_col._56_/Z
 bgc_7.comp_col._57_/Z
 bgc_7.comp_col._58_/Z
 bgc_7.comp_col._59_/Z
 bgc_7.comp_col._60_/ZN
 bgc_7.comp_col._61_/ZN
 bgc_7.comp_col._62_/ZN
 bgc_7.comp_col._63_/ZN
 bgc_7.comp_col._64_/ZN
 bgc_7.comp_col.pe1._18_/ZN
 bgc_7.comp_col.pe1._19_/ZN
 bgc_7.comp_col.pe1._20_/ZN
 bgc_7.comp_col.pe1._21_/ZN
 bgc_7.comp_col.pe1._22_/ZN
 bgc_7.comp_col.pe1._23_/ZN
 bgc_7.comp_col.pe1._24_/ZN
 bgc_7.comp_col.pe1._25_/ZN
 bgc_7.comp_col.pe1._26_/ZN
 bgc_7.comp_col.pe1._27_/ZN
 bgc_7.comp_col.pe1._28_/ZN
 bgc_7.comp_col.pe1._29_/ZN
 bgc_7.comp_col.pe1._30_/ZN
 bgc_7.comp_col.pe1._31_/ZN
 bgc_7.comp_col.pe1._32_/ZN
 bgc_7.comp_col.pe1._33_/ZN
 bgc_7.comp_col.pe1._34_/ZN
 bgc_7.comp_col.pe1._35_/ZN
 bgc_7.comp_col.pe1._36_/ZN
 bgc_7.comp_col.pe1._37_/ZN
 bgc_7.comp_col.pe1._38_/ZN
 bgc_7.comp_col.pe1._39_/ZN
 bgc_7.comp_col.pe2._18_/ZN
 bgc_7.comp_col.pe2._19_/ZN
 bgc_7.comp_col.pe2._20_/ZN
 bgc_7.comp_col.pe2._21_/ZN
 bgc_7.comp_col.pe2._22_/ZN
 bgc_7.comp_col.pe2._23_/ZN
 bgc_7.comp_col.pe2._24_/ZN
 bgc_7.comp_col.pe2._25_/ZN
 bgc_7.comp_col.pe2._26_/ZN
 bgc_7.comp_col.pe2._27_/ZN
 bgc_7.comp_col.pe2._28_/ZN
 bgc_7.comp_col.pe2._29_/ZN
 bgc_7.comp_col.pe2._30_/ZN
 bgc_7.comp_col.pe2._31_/ZN
 bgc_7.comp_col.pe2._32_/ZN
 bgc_7.comp_col.pe2._33_/ZN
 bgc_7.comp_col.pe2._34_/ZN
 bgc_7.comp_col.pe2._35_/ZN
 bgc_7.comp_col.pe2._36_/ZN
 bgc_7.comp_col.pe2._37_/ZN
 bgc_7.comp_col.pe2._38_/ZN
 bgc_7.comp_col.pe2._39_/ZN
 bgc_7.comp_row._20_/ZN
 bgc_7.comp_row._21_/ZN
 bgc_7.comp_row._22_/ZN
 bgc_7.comp_row._23_/ZN
 bgc_7.comp_row._24_/ZN
 bgc_7.comp_row._25_/ZN
 bgc_7.comp_row._26_/ZN
 bgc_7.comp_row._27_/ZN
 bgc_7.comp_row._28_/ZN
 bgc_7.comp_row._29_/ZN
 bgc_7.comp_row._30_/ZN
 bgc_7.comp_row._31_/ZN
 bgc_7.comp_row._32_/ZN
 bgc_7.comp_row._33_/ZN
 bgc_7.comp_row._34_/ZN
 bgc_7.comp_row._35_/ZN
 bgc_7.comp_row._36_/ZN
 bgc_7.comp_row._37_/ZN
 bgc_7.comp_row._38_/ZN
 bgc_7.comp_row._39_/ZN
 bgc_7.comp_row._40_/ZN
 bgc_7.comp_row._41_/ZN
 bgc_7.comp_row._42_/ZN
 bgc_7.comp_row._43_/ZN
 bgc_7.comp_row._44_/ZN
 bgc_7.comp_row._45_/ZN
 bgc_7.comp_row._46_/ZN
 bgc_7.comp_row._47_/ZN
 bgc_7.comp_row._48_/Z
 bgc_7.comp_row._49_/Z
 bgc_7.comp_row._50_/Z
 bgc_7.comp_row._51_/Z
 bgc_7.comp_row._52_/Z
 bgc_7.comp_row._53_/Z
 bgc_7.comp_row._54_/Z
 bgc_7.comp_row._55_/Z
 bgc_7.comp_row._56_/Z
 bgc_7.comp_row._57_/Z
 bgc_7.comp_row._58_/Z
 bgc_7.comp_row._59_/Z
 bgc_7.comp_row._60_/ZN
 bgc_7.comp_row._61_/ZN
 bgc_7.comp_row._62_/ZN
 bgc_7.comp_row._63_/ZN
 bgc_7.comp_row._64_/ZN
 bgc_7.comp_row.pe1._18_/ZN
 bgc_7.comp_row.pe1._19_/ZN
 bgc_7.comp_row.pe1._20_/ZN
 bgc_7.comp_row.pe1._21_/ZN
 bgc_7.comp_row.pe1._22_/ZN
 bgc_7.comp_row.pe1._23_/ZN
 bgc_7.comp_row.pe1._24_/ZN
 bgc_7.comp_row.pe1._25_/ZN
 bgc_7.comp_row.pe1._26_/ZN
 bgc_7.comp_row.pe1._27_/ZN
 bgc_7.comp_row.pe1._28_/ZN
 bgc_7.comp_row.pe1._29_/ZN
 bgc_7.comp_row.pe1._30_/ZN
 bgc_7.comp_row.pe1._31_/ZN
 bgc_7.comp_row.pe1._32_/ZN
 bgc_7.comp_row.pe1._33_/ZN
 bgc_7.comp_row.pe1._34_/ZN
 bgc_7.comp_row.pe1._35_/ZN
 bgc_7.comp_row.pe1._36_/ZN
 bgc_7.comp_row.pe1._37_/ZN
 bgc_7.comp_row.pe1._38_/ZN
 bgc_7.comp_row.pe1._39_/ZN
 bgc_7.comp_row.pe2._18_/ZN
 bgc_7.comp_row.pe2._19_/ZN
 bgc_7.comp_row.pe2._20_/ZN
 bgc_7.comp_row.pe2._21_/ZN
 bgc_7.comp_row.pe2._22_/ZN
 bgc_7.comp_row.pe2._23_/ZN
 bgc_7.comp_row.pe2._24_/ZN
 bgc_7.comp_row.pe2._25_/ZN
 bgc_7.comp_row.pe2._26_/ZN
 bgc_7.comp_row.pe2._27_/ZN
 bgc_7.comp_row.pe2._28_/ZN
 bgc_7.comp_row.pe2._29_/ZN
 bgc_7.comp_row.pe2._30_/ZN
 bgc_7.comp_row.pe2._31_/ZN
 bgc_7.comp_row.pe2._32_/ZN
 bgc_7.comp_row.pe2._33_/ZN
 bgc_7.comp_row.pe2._34_/ZN
 bgc_7.comp_row.pe2._35_/ZN
 bgc_7.comp_row.pe2._36_/ZN
 bgc_7.comp_row.pe2._37_/ZN
 bgc_7.comp_row.pe2._38_/ZN
 bgc_7.comp_row.pe2._39_/ZN
 bgc_7.final_counter._29_/ZN
 bgc_7.final_counter._30_/ZN
 bgc_7.final_counter._31_/ZN
 bgc_7.final_counter._32_/ZN
 bgc_7.final_counter._33_/ZN
 bgc_7.final_counter._34_/ZN
 bgc_7.final_counter._35_/ZN
 bgc_7.final_counter._36_/ZN
 bgc_7.final_counter._37_/ZN
 bgc_7.final_counter._38_/ZN
 bgc_7.final_counter._39_/Z
 bgc_7.final_counter._40_/ZN
 bgc_7.final_counter._41_/ZN
 bgc_7.final_counter._42_/ZN
 bgc_7.final_counter._43_/Z
 bgc_7.final_counter._44_/ZN
 bgc_7.final_counter._45_/ZN
 bgc_7.final_counter._46_/Z
 bgc_7.final_counter._47_/ZN
 bgc_7.final_counter._48_/ZN
 bgc_7.final_counter._49_/Z
 bgc_7.final_counter._50_/ZN
 bgc_7.final_counter._51_/ZN
 bgc_7.final_counter._52_/ZN
 bgc_7.final_counter._53_/ZN
 bgc_7.final_counter._54_/Z
 bgc_7.final_counter._55_/ZN
 bgc_7.final_counter._56_/ZN
 bgc_7.final_counter._57_/Z
 bgc_7.final_counter._58_/ZN
 bgc_7.final_counter._59_/ZN
 bgc_7.final_counter._60_/ZN
 bgc_7.final_counter._61_/ZN
 bgc_7.final_counter._62_/ZN
 bgc_7.final_counter._63_/ZN
 bgc_7.final_counter._64_/ZN
 bgc_7.final_counter._65_/ZN
 bgc_7.final_counter._66_/ZN
 bgc_7.final_counter._67_/Z
 bgc_7.final_counter._68_/ZN
 bgc_7.final_counter._69_/Q
 bgc_7.final_counter._70_/Q
 bgc_7.final_counter._71_/Q
 bgc_7.final_counter._72_/Q
 bgc_7.final_counter._73_/Q
 bgc_7.final_counter._74_/Q
 bgc_7.final_counter._75_/Q
 bgc_7.final_counter._76_/Q
 bgc_7.final_counter._77_/Q
 bgc_7.final_counter._78_/Q
 bgc_7.final_counter._79_/Q
 bgc_7.final_counter._80_/Q
 bgc_7.lfsr_col._27_/ZN
 bgc_7.lfsr_col._28_/ZN
 bgc_7.lfsr_col._29_/Z
 bgc_7.lfsr_col._30_/Z
 bgc_7.lfsr_col._31_/Z
 bgc_7.lfsr_col._32_/Z
 bgc_7.lfsr_col._33_/Z
 bgc_7.lfsr_col._34_/Z
 bgc_7.lfsr_col._35_/Z
 bgc_7.lfsr_col._36_/Z
 bgc_7.lfsr_col._37_/Z
 bgc_7.lfsr_col._38_/Z
 bgc_7.lfsr_col._39_/Z
 bgc_7.lfsr_col._40_/Z
 bgc_7.lfsr_col._41_/Z
 bgc_7.lfsr_col._42_/Z
 bgc_7.lfsr_col._43_/Z
 bgc_7.lfsr_col._44_/Z
 bgc_7.lfsr_col._45_/Z
 bgc_7.lfsr_col._46_/Z
 bgc_7.lfsr_col._47_/Z
 bgc_7.lfsr_col._48_/Z
 bgc_7.lfsr_col._49_/Z
 bgc_7.lfsr_col._50_/Z
 bgc_7.lfsr_col._51_/Z
 bgc_7.lfsr_col._52_/Z
 bgc_7.lfsr_col._53_/Z
 bgc_7.lfsr_col._54_/Z
 bgc_7.lfsr_col._55_/Z
 bgc_7.lfsr_col._56_/Z
 bgc_7.lfsr_col._57_/Z
 bgc_7.lfsr_col._58_/Z
 bgc_7.lfsr_col._59_/Z
 bgc_7.lfsr_col._60_/Z
 bgc_7.lfsr_col._61_/Z
 bgc_7.lfsr_col._62_/Z
 bgc_7.lfsr_col._63_/Z
 bgc_7.lfsr_col._64_/Z
 bgc_7.lfsr_col._65_/Z
 bgc_7.lfsr_col._66_/ZN
 bgc_7.lfsr_col._67_/ZN
 bgc_7.lfsr_col._68_/ZN
 bgc_7.lfsr_col._69_/ZN
 bgc_7.lfsr_col._70_/ZN
 bgc_7.lfsr_col._71_/ZN
 bgc_7.lfsr_col._72_/ZN
 bgc_7.lfsr_col._73_/ZN
 bgc_7.lfsr_col._74_/ZN
 bgc_7.lfsr_col._75_/ZN
 bgc_7.lfsr_col._76_/ZN
 bgc_7.lfsr_col._77_/Q
 bgc_7.lfsr_col._78_/Q
 bgc_7.lfsr_col._79_/Q
 bgc_7.lfsr_col._80_/Q
 bgc_7.lfsr_col._81_/Q
 bgc_7.lfsr_col._82_/Q
 bgc_7.lfsr_col._83_/Q
 bgc_7.lfsr_col._84_/Q
 bgc_7.lfsr_col._85_/Q
 bgc_7.lfsr_col._86_/Q
 bgc_7.lfsr_col._87_/Q
 bgc_7.lfsr_col._88_/Q
 bgc_7.lfsr_row._27_/ZN
 bgc_7.lfsr_row._28_/ZN
 bgc_7.lfsr_row._29_/Z
 bgc_7.lfsr_row._30_/Z
 bgc_7.lfsr_row._31_/Z
 bgc_7.lfsr_row._32_/Z
 bgc_7.lfsr_row._33_/Z
 bgc_7.lfsr_row._34_/Z
 bgc_7.lfsr_row._35_/Z
 bgc_7.lfsr_row._36_/Z
 bgc_7.lfsr_row._37_/Z
 bgc_7.lfsr_row._38_/Z
 bgc_7.lfsr_row._39_/Z
 bgc_7.lfsr_row._40_/Z
 bgc_7.lfsr_row._41_/Z
 bgc_7.lfsr_row._42_/Z
 bgc_7.lfsr_row._43_/Z
 bgc_7.lfsr_row._44_/Z
 bgc_7.lfsr_row._45_/Z
 bgc_7.lfsr_row._46_/Z
 bgc_7.lfsr_row._47_/Z
 bgc_7.lfsr_row._48_/Z
 bgc_7.lfsr_row._49_/Z
 bgc_7.lfsr_row._50_/Z
 bgc_7.lfsr_row._51_/Z
 bgc_7.lfsr_row._52_/Z
 bgc_7.lfsr_row._53_/Z
 bgc_7.lfsr_row._54_/Z
 bgc_7.lfsr_row._55_/Z
 bgc_7.lfsr_row._56_/Z
 bgc_7.lfsr_row._57_/Z
 bgc_7.lfsr_row._58_/Z
 bgc_7.lfsr_row._59_/Z
 bgc_7.lfsr_row._60_/Z
 bgc_7.lfsr_row._61_/Z
 bgc_7.lfsr_row._62_/Z
 bgc_7.lfsr_row._63_/Z
 bgc_7.lfsr_row._64_/Z
 bgc_7.lfsr_row._65_/Z
 bgc_7.lfsr_row._66_/ZN
 bgc_7.lfsr_row._67_/ZN
 bgc_7.lfsr_row._68_/ZN
 bgc_7.lfsr_row._69_/ZN
 bgc_7.lfsr_row._70_/ZN
 bgc_7.lfsr_row._71_/ZN
 bgc_7.lfsr_row._72_/ZN
 bgc_7.lfsr_row._73_/ZN
 bgc_7.lfsr_row._74_/ZN
 bgc_7.lfsr_row._75_/ZN
 bgc_7.lfsr_row._76_/ZN
 bgc_7.lfsr_row._77_/Q
 bgc_7.lfsr_row._78_/Q
 bgc_7.lfsr_row._79_/Q
 bgc_7.lfsr_row._80_/Q
 bgc_7.lfsr_row._81_/Q
 bgc_7.lfsr_row._82_/Q
 bgc_7.lfsr_row._83_/Q
 bgc_7.lfsr_row._84_/Q
 bgc_7.lfsr_row._85_/Q
 bgc_7.lfsr_row._86_/Q
 bgc_7.lfsr_row._87_/Q
 bgc_7.lfsr_row._88_/Q
 bgc_7.row_reg._053_/ZN
 bgc_7.row_reg._054_/ZN
 bgc_7.row_reg._055_/ZN
 bgc_7.row_reg._056_/ZN
 bgc_7.row_reg._057_/ZN
 bgc_7.row_reg._058_/ZN
 bgc_7.row_reg._059_/ZN
 bgc_7.row_reg._060_/ZN
 bgc_7.row_reg._061_/ZN
 bgc_7.row_reg._062_/ZN
 bgc_7.row_reg._063_/ZN
 bgc_7.row_reg._064_/ZN
 bgc_7.row_reg._065_/ZN
 bgc_7.row_reg._066_/ZN
 bgc_7.row_reg._067_/ZN
 bgc_7.row_reg._068_/ZN
 bgc_7.row_reg._069_/ZN
 bgc_7.row_reg._070_/ZN
 bgc_7.row_reg._071_/ZN
 bgc_7.row_reg._072_/ZN
 bgc_7.row_reg._073_/ZN
 bgc_7.row_reg._074_/ZN
 bgc_7.row_reg._075_/ZN
 bgc_7.row_reg._076_/ZN
 bgc_7.row_reg._077_/ZN
 bgc_7.row_reg._078_/ZN
 bgc_7.row_reg._079_/ZN
 bgc_7.row_reg._080_/Z
 bgc_7.row_reg._081_/ZN
 bgc_7.row_reg._082_/ZN
 bgc_7.row_reg._083_/ZN
 bgc_7.row_reg._084_/ZN
 bgc_7.row_reg._085_/ZN
 bgc_7.row_reg._086_/ZN
 bgc_7.row_reg._087_/ZN
 bgc_7.row_reg._088_/ZN
 bgc_7.row_reg._089_/ZN
 bgc_7.row_reg._090_/ZN
 bgc_7.row_reg._091_/ZN
 bgc_7.row_reg._092_/ZN
 bgc_7.row_reg._093_/ZN
 bgc_7.row_reg._094_/ZN
 bgc_7.row_reg._095_/ZN
 bgc_7.row_reg._096_/ZN
 bgc_7.row_reg._097_/ZN
 bgc_7.row_reg._098_/ZN
 bgc_7.row_reg._099_/ZN
 bgc_7.row_reg._100_/ZN
 bgc_7.row_reg._101_/ZN
 bgc_7.row_reg._102_/ZN
 bgc_7.row_reg._103_/ZN
 bgc_7.row_reg._104_/ZN
 bgc_7.row_reg._105_/ZN
 bgc_7.row_reg._106_/ZN
 bgc_7.row_reg._107_/ZN
 bgc_7.row_reg._108_/ZN
 bgc_7.row_reg._109_/ZN
 bgc_7.row_reg._110_/ZN
 bgc_7.row_reg._111_/ZN
 bgc_7.row_reg._112_/ZN
 bgc_7.row_reg._113_/ZN
 bgc_7.row_reg._114_/ZN
 bgc_7.row_reg._115_/ZN
 bgc_7.row_reg._116_/ZN
 bgc_7.row_reg._117_/Q
 bgc_7.row_reg._118_/Q
 bgc_7.row_reg._119_/Q
 bgc_7.row_reg._120_/Q
 bgc_7.row_reg._121_/Q
 bgc_7.row_reg._122_/Q
 bgc_7.row_reg._123_/Q
 bgc_7.row_reg._124_/Q
 bgc_7.row_reg._125_/Q
 bgc_7.row_reg._126_/Q
 bgc_7.row_reg._127_/Q
 bgc_7.row_reg._128_/Q
 bgc_8._05_/ZN
 bgc_8._06_/ZN
 bgc_8._07_/ZN
 bgc_8._08_/ZN
 bgc_8._09_/Z
 bgc_8._10_/ZN
 bgc_8._11_/Z
 bgc_8._12_/Z
 bgc_8._13_/Z
 bgc_8._14_/Z
 bgc_8._15_/Z
 bgc_8._16_/Z
 bgc_8._17_/Z
 bgc_8._18_/Z
 bgc_8._19_/Z
 bgc_8._20_/Z
 bgc_8._21_/Z
 bgc_8._22_/Z
 bgc_8._23_/Z
 bgc_8._24_/ZN
 bgc_8._25_/ZN
 bgc_8.col_reg._053_/ZN
 bgc_8.col_reg._054_/ZN
 bgc_8.col_reg._055_/ZN
 bgc_8.col_reg._056_/ZN
 bgc_8.col_reg._057_/ZN
 bgc_8.col_reg._058_/ZN
 bgc_8.col_reg._059_/ZN
 bgc_8.col_reg._060_/ZN
 bgc_8.col_reg._061_/ZN
 bgc_8.col_reg._062_/ZN
 bgc_8.col_reg._063_/ZN
 bgc_8.col_reg._064_/ZN
 bgc_8.col_reg._065_/ZN
 bgc_8.col_reg._066_/ZN
 bgc_8.col_reg._067_/ZN
 bgc_8.col_reg._068_/ZN
 bgc_8.col_reg._069_/ZN
 bgc_8.col_reg._070_/ZN
 bgc_8.col_reg._071_/ZN
 bgc_8.col_reg._072_/ZN
 bgc_8.col_reg._073_/ZN
 bgc_8.col_reg._074_/ZN
 bgc_8.col_reg._075_/ZN
 bgc_8.col_reg._076_/ZN
 bgc_8.col_reg._077_/ZN
 bgc_8.col_reg._078_/ZN
 bgc_8.col_reg._079_/ZN
 bgc_8.col_reg._080_/Z
 bgc_8.col_reg._081_/ZN
 bgc_8.col_reg._082_/ZN
 bgc_8.col_reg._083_/ZN
 bgc_8.col_reg._084_/ZN
 bgc_8.col_reg._085_/ZN
 bgc_8.col_reg._086_/ZN
 bgc_8.col_reg._087_/ZN
 bgc_8.col_reg._088_/ZN
 bgc_8.col_reg._089_/ZN
 bgc_8.col_reg._090_/ZN
 bgc_8.col_reg._091_/ZN
 bgc_8.col_reg._092_/ZN
 bgc_8.col_reg._093_/ZN
 bgc_8.col_reg._094_/ZN
 bgc_8.col_reg._095_/ZN
 bgc_8.col_reg._096_/ZN
 bgc_8.col_reg._097_/ZN
 bgc_8.col_reg._098_/ZN
 bgc_8.col_reg._099_/ZN
 bgc_8.col_reg._100_/ZN
 bgc_8.col_reg._101_/ZN
 bgc_8.col_reg._102_/ZN
 bgc_8.col_reg._103_/ZN
 bgc_8.col_reg._104_/ZN
 bgc_8.col_reg._105_/ZN
 bgc_8.col_reg._106_/ZN
 bgc_8.col_reg._107_/ZN
 bgc_8.col_reg._108_/ZN
 bgc_8.col_reg._109_/ZN
 bgc_8.col_reg._110_/ZN
 bgc_8.col_reg._111_/ZN
 bgc_8.col_reg._112_/ZN
 bgc_8.col_reg._113_/ZN
 bgc_8.col_reg._114_/ZN
 bgc_8.col_reg._115_/ZN
 bgc_8.col_reg._116_/ZN
 bgc_8.col_reg._117_/Q
 bgc_8.col_reg._118_/Q
 bgc_8.col_reg._119_/Q
 bgc_8.col_reg._120_/Q
 bgc_8.col_reg._121_/Q
 bgc_8.col_reg._122_/Q
 bgc_8.col_reg._123_/Q
 bgc_8.col_reg._124_/Q
 bgc_8.col_reg._125_/Q
 bgc_8.col_reg._126_/Q
 bgc_8.col_reg._127_/Q
 bgc_8.col_reg._128_/Q
 bgc_8.comp_col._20_/ZN
 bgc_8.comp_col._21_/ZN
 bgc_8.comp_col._22_/ZN
 bgc_8.comp_col._23_/ZN
 bgc_8.comp_col._24_/ZN
 bgc_8.comp_col._25_/ZN
 bgc_8.comp_col._26_/ZN
 bgc_8.comp_col._27_/ZN
 bgc_8.comp_col._28_/ZN
 bgc_8.comp_col._29_/ZN
 bgc_8.comp_col._30_/ZN
 bgc_8.comp_col._31_/ZN
 bgc_8.comp_col._32_/ZN
 bgc_8.comp_col._33_/ZN
 bgc_8.comp_col._34_/ZN
 bgc_8.comp_col._35_/ZN
 bgc_8.comp_col._36_/ZN
 bgc_8.comp_col._37_/ZN
 bgc_8.comp_col._38_/ZN
 bgc_8.comp_col._39_/ZN
 bgc_8.comp_col._40_/ZN
 bgc_8.comp_col._41_/ZN
 bgc_8.comp_col._42_/ZN
 bgc_8.comp_col._43_/ZN
 bgc_8.comp_col._44_/ZN
 bgc_8.comp_col._45_/ZN
 bgc_8.comp_col._46_/ZN
 bgc_8.comp_col._47_/ZN
 bgc_8.comp_col._48_/Z
 bgc_8.comp_col._49_/Z
 bgc_8.comp_col._50_/Z
 bgc_8.comp_col._51_/Z
 bgc_8.comp_col._52_/Z
 bgc_8.comp_col._53_/Z
 bgc_8.comp_col._54_/Z
 bgc_8.comp_col._55_/Z
 bgc_8.comp_col._56_/Z
 bgc_8.comp_col._57_/Z
 bgc_8.comp_col._58_/Z
 bgc_8.comp_col._59_/Z
 bgc_8.comp_col._60_/ZN
 bgc_8.comp_col._61_/ZN
 bgc_8.comp_col._62_/ZN
 bgc_8.comp_col._63_/ZN
 bgc_8.comp_col._64_/ZN
 bgc_8.comp_col.pe1._18_/ZN
 bgc_8.comp_col.pe1._19_/ZN
 bgc_8.comp_col.pe1._20_/ZN
 bgc_8.comp_col.pe1._21_/ZN
 bgc_8.comp_col.pe1._22_/ZN
 bgc_8.comp_col.pe1._23_/ZN
 bgc_8.comp_col.pe1._24_/ZN
 bgc_8.comp_col.pe1._25_/ZN
 bgc_8.comp_col.pe1._26_/ZN
 bgc_8.comp_col.pe1._27_/ZN
 bgc_8.comp_col.pe1._28_/ZN
 bgc_8.comp_col.pe1._29_/ZN
 bgc_8.comp_col.pe1._30_/ZN
 bgc_8.comp_col.pe1._31_/ZN
 bgc_8.comp_col.pe1._32_/ZN
 bgc_8.comp_col.pe1._33_/ZN
 bgc_8.comp_col.pe1._34_/ZN
 bgc_8.comp_col.pe1._35_/ZN
 bgc_8.comp_col.pe1._36_/ZN
 bgc_8.comp_col.pe1._37_/ZN
 bgc_8.comp_col.pe1._38_/ZN
 bgc_8.comp_col.pe1._39_/ZN
 bgc_8.comp_col.pe2._18_/ZN
 bgc_8.comp_col.pe2._19_/ZN
 bgc_8.comp_col.pe2._20_/ZN
 bgc_8.comp_col.pe2._21_/ZN
 bgc_8.comp_col.pe2._22_/ZN
 bgc_8.comp_col.pe2._23_/ZN
 bgc_8.comp_col.pe2._24_/ZN
 bgc_8.comp_col.pe2._25_/ZN
 bgc_8.comp_col.pe2._26_/ZN
 bgc_8.comp_col.pe2._27_/ZN
 bgc_8.comp_col.pe2._28_/ZN
 bgc_8.comp_col.pe2._29_/ZN
 bgc_8.comp_col.pe2._30_/ZN
 bgc_8.comp_col.pe2._31_/ZN
 bgc_8.comp_col.pe2._32_/ZN
 bgc_8.comp_col.pe2._33_/ZN
 bgc_8.comp_col.pe2._34_/ZN
 bgc_8.comp_col.pe2._35_/ZN
 bgc_8.comp_col.pe2._36_/ZN
 bgc_8.comp_col.pe2._37_/ZN
 bgc_8.comp_col.pe2._38_/ZN
 bgc_8.comp_col.pe2._39_/ZN
 bgc_8.comp_row._20_/ZN
 bgc_8.comp_row._21_/ZN
 bgc_8.comp_row._22_/ZN
 bgc_8.comp_row._23_/ZN
 bgc_8.comp_row._24_/ZN
 bgc_8.comp_row._25_/ZN
 bgc_8.comp_row._26_/ZN
 bgc_8.comp_row._27_/ZN
 bgc_8.comp_row._28_/ZN
 bgc_8.comp_row._29_/ZN
 bgc_8.comp_row._30_/ZN
 bgc_8.comp_row._31_/ZN
 bgc_8.comp_row._32_/ZN
 bgc_8.comp_row._33_/ZN
 bgc_8.comp_row._34_/ZN
 bgc_8.comp_row._35_/ZN
 bgc_8.comp_row._36_/ZN
 bgc_8.comp_row._37_/ZN
 bgc_8.comp_row._38_/ZN
 bgc_8.comp_row._39_/ZN
 bgc_8.comp_row._40_/ZN
 bgc_8.comp_row._41_/ZN
 bgc_8.comp_row._42_/ZN
 bgc_8.comp_row._43_/ZN
 bgc_8.comp_row._44_/ZN
 bgc_8.comp_row._45_/ZN
 bgc_8.comp_row._46_/ZN
 bgc_8.comp_row._47_/ZN
 bgc_8.comp_row._48_/Z
 bgc_8.comp_row._49_/Z
 bgc_8.comp_row._50_/Z
 bgc_8.comp_row._51_/Z
 bgc_8.comp_row._52_/Z
 bgc_8.comp_row._53_/Z
 bgc_8.comp_row._54_/Z
 bgc_8.comp_row._55_/Z
 bgc_8.comp_row._56_/Z
 bgc_8.comp_row._57_/Z
 bgc_8.comp_row._58_/Z
 bgc_8.comp_row._59_/Z
 bgc_8.comp_row._60_/ZN
 bgc_8.comp_row._61_/ZN
 bgc_8.comp_row._62_/ZN
 bgc_8.comp_row._63_/ZN
 bgc_8.comp_row._64_/ZN
 bgc_8.comp_row.pe1._18_/ZN
 bgc_8.comp_row.pe1._19_/ZN
 bgc_8.comp_row.pe1._20_/ZN
 bgc_8.comp_row.pe1._21_/ZN
 bgc_8.comp_row.pe1._22_/ZN
 bgc_8.comp_row.pe1._23_/ZN
 bgc_8.comp_row.pe1._24_/ZN
 bgc_8.comp_row.pe1._25_/ZN
 bgc_8.comp_row.pe1._26_/ZN
 bgc_8.comp_row.pe1._27_/ZN
 bgc_8.comp_row.pe1._28_/ZN
 bgc_8.comp_row.pe1._29_/ZN
 bgc_8.comp_row.pe1._30_/ZN
 bgc_8.comp_row.pe1._31_/ZN
 bgc_8.comp_row.pe1._32_/ZN
 bgc_8.comp_row.pe1._33_/ZN
 bgc_8.comp_row.pe1._34_/ZN
 bgc_8.comp_row.pe1._35_/ZN
 bgc_8.comp_row.pe1._36_/ZN
 bgc_8.comp_row.pe1._37_/ZN
 bgc_8.comp_row.pe1._38_/ZN
 bgc_8.comp_row.pe1._39_/ZN
 bgc_8.comp_row.pe2._18_/ZN
 bgc_8.comp_row.pe2._19_/ZN
 bgc_8.comp_row.pe2._20_/ZN
 bgc_8.comp_row.pe2._21_/ZN
 bgc_8.comp_row.pe2._22_/ZN
 bgc_8.comp_row.pe2._23_/ZN
 bgc_8.comp_row.pe2._24_/ZN
 bgc_8.comp_row.pe2._25_/ZN
 bgc_8.comp_row.pe2._26_/ZN
 bgc_8.comp_row.pe2._27_/ZN
 bgc_8.comp_row.pe2._28_/ZN
 bgc_8.comp_row.pe2._29_/ZN
 bgc_8.comp_row.pe2._30_/ZN
 bgc_8.comp_row.pe2._31_/ZN
 bgc_8.comp_row.pe2._32_/ZN
 bgc_8.comp_row.pe2._33_/ZN
 bgc_8.comp_row.pe2._34_/ZN
 bgc_8.comp_row.pe2._35_/ZN
 bgc_8.comp_row.pe2._36_/ZN
 bgc_8.comp_row.pe2._37_/ZN
 bgc_8.comp_row.pe2._38_/ZN
 bgc_8.comp_row.pe2._39_/ZN
 bgc_8.final_counter._29_/ZN
 bgc_8.final_counter._30_/ZN
 bgc_8.final_counter._31_/ZN
 bgc_8.final_counter._32_/ZN
 bgc_8.final_counter._33_/ZN
 bgc_8.final_counter._34_/ZN
 bgc_8.final_counter._35_/ZN
 bgc_8.final_counter._36_/ZN
 bgc_8.final_counter._37_/ZN
 bgc_8.final_counter._38_/ZN
 bgc_8.final_counter._39_/Z
 bgc_8.final_counter._40_/ZN
 bgc_8.final_counter._41_/ZN
 bgc_8.final_counter._42_/ZN
 bgc_8.final_counter._43_/Z
 bgc_8.final_counter._44_/ZN
 bgc_8.final_counter._45_/ZN
 bgc_8.final_counter._46_/Z
 bgc_8.final_counter._47_/ZN
 bgc_8.final_counter._48_/ZN
 bgc_8.final_counter._49_/Z
 bgc_8.final_counter._50_/ZN
 bgc_8.final_counter._51_/ZN
 bgc_8.final_counter._52_/ZN
 bgc_8.final_counter._53_/ZN
 bgc_8.final_counter._54_/Z
 bgc_8.final_counter._55_/ZN
 bgc_8.final_counter._56_/ZN
 bgc_8.final_counter._57_/Z
 bgc_8.final_counter._58_/ZN
 bgc_8.final_counter._59_/ZN
 bgc_8.final_counter._60_/ZN
 bgc_8.final_counter._61_/ZN
 bgc_8.final_counter._62_/ZN
 bgc_8.final_counter._63_/ZN
 bgc_8.final_counter._64_/ZN
 bgc_8.final_counter._65_/ZN
 bgc_8.final_counter._66_/ZN
 bgc_8.final_counter._67_/Z
 bgc_8.final_counter._68_/ZN
 bgc_8.final_counter._69_/Q
 bgc_8.final_counter._70_/Q
 bgc_8.final_counter._71_/Q
 bgc_8.final_counter._72_/Q
 bgc_8.final_counter._73_/Q
 bgc_8.final_counter._74_/Q
 bgc_8.final_counter._75_/Q
 bgc_8.final_counter._76_/Q
 bgc_8.final_counter._77_/Q
 bgc_8.final_counter._78_/Q
 bgc_8.final_counter._79_/Q
 bgc_8.final_counter._80_/Q
 bgc_8.lfsr_col._27_/ZN
 bgc_8.lfsr_col._28_/ZN
 bgc_8.lfsr_col._29_/Z
 bgc_8.lfsr_col._30_/Z
 bgc_8.lfsr_col._31_/Z
 bgc_8.lfsr_col._32_/Z
 bgc_8.lfsr_col._33_/Z
 bgc_8.lfsr_col._34_/Z
 bgc_8.lfsr_col._35_/Z
 bgc_8.lfsr_col._36_/Z
 bgc_8.lfsr_col._37_/Z
 bgc_8.lfsr_col._38_/Z
 bgc_8.lfsr_col._39_/Z
 bgc_8.lfsr_col._40_/Z
 bgc_8.lfsr_col._41_/Z
 bgc_8.lfsr_col._42_/Z
 bgc_8.lfsr_col._43_/Z
 bgc_8.lfsr_col._44_/Z
 bgc_8.lfsr_col._45_/Z
 bgc_8.lfsr_col._46_/Z
 bgc_8.lfsr_col._47_/Z
 bgc_8.lfsr_col._48_/Z
 bgc_8.lfsr_col._49_/Z
 bgc_8.lfsr_col._50_/Z
 bgc_8.lfsr_col._51_/Z
 bgc_8.lfsr_col._52_/Z
 bgc_8.lfsr_col._53_/Z
 bgc_8.lfsr_col._54_/Z
 bgc_8.lfsr_col._55_/Z
 bgc_8.lfsr_col._56_/Z
 bgc_8.lfsr_col._57_/Z
 bgc_8.lfsr_col._58_/Z
 bgc_8.lfsr_col._59_/Z
 bgc_8.lfsr_col._60_/Z
 bgc_8.lfsr_col._61_/Z
 bgc_8.lfsr_col._62_/Z
 bgc_8.lfsr_col._63_/Z
 bgc_8.lfsr_col._64_/Z
 bgc_8.lfsr_col._65_/Z
 bgc_8.lfsr_col._66_/ZN
 bgc_8.lfsr_col._67_/ZN
 bgc_8.lfsr_col._68_/ZN
 bgc_8.lfsr_col._69_/ZN
 bgc_8.lfsr_col._70_/ZN
 bgc_8.lfsr_col._71_/ZN
 bgc_8.lfsr_col._72_/ZN
 bgc_8.lfsr_col._73_/ZN
 bgc_8.lfsr_col._74_/ZN
 bgc_8.lfsr_col._75_/ZN
 bgc_8.lfsr_col._76_/ZN
 bgc_8.lfsr_col._77_/Q
 bgc_8.lfsr_col._78_/Q
 bgc_8.lfsr_col._79_/Q
 bgc_8.lfsr_col._80_/Q
 bgc_8.lfsr_col._81_/Q
 bgc_8.lfsr_col._82_/Q
 bgc_8.lfsr_col._83_/Q
 bgc_8.lfsr_col._84_/Q
 bgc_8.lfsr_col._85_/Q
 bgc_8.lfsr_col._86_/Q
 bgc_8.lfsr_col._87_/Q
 bgc_8.lfsr_col._88_/Q
 bgc_8.lfsr_row._27_/ZN
 bgc_8.lfsr_row._28_/ZN
 bgc_8.lfsr_row._29_/Z
 bgc_8.lfsr_row._30_/Z
 bgc_8.lfsr_row._31_/Z
 bgc_8.lfsr_row._32_/Z
 bgc_8.lfsr_row._33_/Z
 bgc_8.lfsr_row._34_/Z
 bgc_8.lfsr_row._35_/Z
 bgc_8.lfsr_row._36_/Z
 bgc_8.lfsr_row._37_/Z
 bgc_8.lfsr_row._38_/Z
 bgc_8.lfsr_row._39_/Z
 bgc_8.lfsr_row._40_/Z
 bgc_8.lfsr_row._41_/Z
 bgc_8.lfsr_row._42_/Z
 bgc_8.lfsr_row._43_/Z
 bgc_8.lfsr_row._44_/Z
 bgc_8.lfsr_row._45_/Z
 bgc_8.lfsr_row._46_/Z
 bgc_8.lfsr_row._47_/Z
 bgc_8.lfsr_row._48_/Z
 bgc_8.lfsr_row._49_/Z
 bgc_8.lfsr_row._50_/Z
 bgc_8.lfsr_row._51_/Z
 bgc_8.lfsr_row._52_/Z
 bgc_8.lfsr_row._53_/Z
 bgc_8.lfsr_row._54_/Z
 bgc_8.lfsr_row._55_/Z
 bgc_8.lfsr_row._56_/Z
 bgc_8.lfsr_row._57_/Z
 bgc_8.lfsr_row._58_/Z
 bgc_8.lfsr_row._59_/Z
 bgc_8.lfsr_row._60_/Z
 bgc_8.lfsr_row._61_/Z
 bgc_8.lfsr_row._62_/Z
 bgc_8.lfsr_row._63_/Z
 bgc_8.lfsr_row._64_/Z
 bgc_8.lfsr_row._65_/Z
 bgc_8.lfsr_row._66_/ZN
 bgc_8.lfsr_row._67_/ZN
 bgc_8.lfsr_row._68_/ZN
 bgc_8.lfsr_row._69_/ZN
 bgc_8.lfsr_row._70_/ZN
 bgc_8.lfsr_row._71_/ZN
 bgc_8.lfsr_row._72_/ZN
 bgc_8.lfsr_row._73_/ZN
 bgc_8.lfsr_row._74_/ZN
 bgc_8.lfsr_row._75_/ZN
 bgc_8.lfsr_row._76_/ZN
 bgc_8.lfsr_row._77_/Q
 bgc_8.lfsr_row._78_/Q
 bgc_8.lfsr_row._79_/Q
 bgc_8.lfsr_row._80_/Q
 bgc_8.lfsr_row._81_/Q
 bgc_8.lfsr_row._82_/Q
 bgc_8.lfsr_row._83_/Q
 bgc_8.lfsr_row._84_/Q
 bgc_8.lfsr_row._85_/Q
 bgc_8.lfsr_row._86_/Q
 bgc_8.lfsr_row._87_/Q
 bgc_8.lfsr_row._88_/Q
 bgc_8.row_reg._053_/ZN
 bgc_8.row_reg._054_/ZN
 bgc_8.row_reg._055_/ZN
 bgc_8.row_reg._056_/ZN
 bgc_8.row_reg._057_/ZN
 bgc_8.row_reg._058_/ZN
 bgc_8.row_reg._059_/ZN
 bgc_8.row_reg._060_/ZN
 bgc_8.row_reg._061_/ZN
 bgc_8.row_reg._062_/ZN
 bgc_8.row_reg._063_/ZN
 bgc_8.row_reg._064_/ZN
 bgc_8.row_reg._065_/ZN
 bgc_8.row_reg._066_/ZN
 bgc_8.row_reg._067_/ZN
 bgc_8.row_reg._068_/ZN
 bgc_8.row_reg._069_/ZN
 bgc_8.row_reg._070_/ZN
 bgc_8.row_reg._071_/ZN
 bgc_8.row_reg._072_/ZN
 bgc_8.row_reg._073_/ZN
 bgc_8.row_reg._074_/ZN
 bgc_8.row_reg._075_/ZN
 bgc_8.row_reg._076_/ZN
 bgc_8.row_reg._077_/ZN
 bgc_8.row_reg._078_/ZN
 bgc_8.row_reg._079_/ZN
 bgc_8.row_reg._080_/Z
 bgc_8.row_reg._081_/ZN
 bgc_8.row_reg._082_/ZN
 bgc_8.row_reg._083_/ZN
 bgc_8.row_reg._084_/ZN
 bgc_8.row_reg._085_/ZN
 bgc_8.row_reg._086_/ZN
 bgc_8.row_reg._087_/ZN
 bgc_8.row_reg._088_/ZN
 bgc_8.row_reg._089_/ZN
 bgc_8.row_reg._090_/ZN
 bgc_8.row_reg._091_/ZN
 bgc_8.row_reg._092_/ZN
 bgc_8.row_reg._093_/ZN
 bgc_8.row_reg._094_/ZN
 bgc_8.row_reg._095_/ZN
 bgc_8.row_reg._096_/ZN
 bgc_8.row_reg._097_/ZN
 bgc_8.row_reg._098_/ZN
 bgc_8.row_reg._099_/ZN
 bgc_8.row_reg._100_/ZN
 bgc_8.row_reg._101_/ZN
 bgc_8.row_reg._102_/ZN
 bgc_8.row_reg._103_/ZN
 bgc_8.row_reg._104_/ZN
 bgc_8.row_reg._105_/ZN
 bgc_8.row_reg._106_/ZN
 bgc_8.row_reg._107_/ZN
 bgc_8.row_reg._108_/ZN
 bgc_8.row_reg._109_/ZN
 bgc_8.row_reg._110_/ZN
 bgc_8.row_reg._111_/ZN
 bgc_8.row_reg._112_/ZN
 bgc_8.row_reg._113_/ZN
 bgc_8.row_reg._114_/ZN
 bgc_8.row_reg._115_/ZN
 bgc_8.row_reg._116_/ZN
 bgc_8.row_reg._117_/Q
 bgc_8.row_reg._118_/Q
 bgc_8.row_reg._119_/Q
 bgc_8.row_reg._120_/Q
 bgc_8.row_reg._121_/Q
 bgc_8.row_reg._122_/Q
 bgc_8.row_reg._123_/Q
 bgc_8.row_reg._124_/Q
 bgc_8.row_reg._125_/Q
 bgc_8.row_reg._126_/Q
 bgc_8.row_reg._127_/Q
 bgc_8.row_reg._128_/Q
 bgc_9._05_/ZN
 bgc_9._06_/ZN
 bgc_9._07_/ZN
 bgc_9._08_/ZN
 bgc_9._09_/Z
 bgc_9._10_/ZN
 bgc_9._11_/Z
 bgc_9._12_/Z
 bgc_9._13_/Z
 bgc_9._14_/Z
 bgc_9._15_/Z
 bgc_9._16_/Z
 bgc_9._17_/Z
 bgc_9._18_/Z
 bgc_9._19_/Z
 bgc_9._20_/Z
 bgc_9._21_/Z
 bgc_9._22_/Z
 bgc_9._23_/Z
 bgc_9._24_/ZN
 bgc_9._25_/ZN
 bgc_9.col_reg._053_/ZN
 bgc_9.col_reg._054_/ZN
 bgc_9.col_reg._055_/ZN
 bgc_9.col_reg._056_/ZN
 bgc_9.col_reg._057_/ZN
 bgc_9.col_reg._058_/ZN
 bgc_9.col_reg._059_/ZN
 bgc_9.col_reg._060_/ZN
 bgc_9.col_reg._061_/ZN
 bgc_9.col_reg._062_/ZN
 bgc_9.col_reg._063_/ZN
 bgc_9.col_reg._064_/ZN
 bgc_9.col_reg._065_/ZN
 bgc_9.col_reg._066_/ZN
 bgc_9.col_reg._067_/ZN
 bgc_9.col_reg._068_/ZN
 bgc_9.col_reg._069_/ZN
 bgc_9.col_reg._070_/ZN
 bgc_9.col_reg._071_/ZN
 bgc_9.col_reg._072_/ZN
 bgc_9.col_reg._073_/ZN
 bgc_9.col_reg._074_/ZN
 bgc_9.col_reg._075_/ZN
 bgc_9.col_reg._076_/ZN
 bgc_9.col_reg._077_/ZN
 bgc_9.col_reg._078_/ZN
 bgc_9.col_reg._079_/ZN
 bgc_9.col_reg._080_/Z
 bgc_9.col_reg._081_/ZN
 bgc_9.col_reg._082_/ZN
 bgc_9.col_reg._083_/ZN
 bgc_9.col_reg._084_/ZN
 bgc_9.col_reg._085_/ZN
 bgc_9.col_reg._086_/ZN
 bgc_9.col_reg._087_/ZN
 bgc_9.col_reg._088_/ZN
 bgc_9.col_reg._089_/ZN
 bgc_9.col_reg._090_/ZN
 bgc_9.col_reg._091_/ZN
 bgc_9.col_reg._092_/ZN
 bgc_9.col_reg._093_/ZN
 bgc_9.col_reg._094_/ZN
 bgc_9.col_reg._095_/ZN
 bgc_9.col_reg._096_/ZN
 bgc_9.col_reg._097_/ZN
 bgc_9.col_reg._098_/ZN
 bgc_9.col_reg._099_/ZN
 bgc_9.col_reg._100_/ZN
 bgc_9.col_reg._101_/ZN
 bgc_9.col_reg._102_/ZN
 bgc_9.col_reg._103_/ZN
 bgc_9.col_reg._104_/ZN
 bgc_9.col_reg._105_/ZN
 bgc_9.col_reg._106_/ZN
 bgc_9.col_reg._107_/ZN
 bgc_9.col_reg._108_/ZN
 bgc_9.col_reg._109_/ZN
 bgc_9.col_reg._110_/ZN
 bgc_9.col_reg._111_/ZN
 bgc_9.col_reg._112_/ZN
 bgc_9.col_reg._113_/ZN
 bgc_9.col_reg._114_/ZN
 bgc_9.col_reg._115_/ZN
 bgc_9.col_reg._116_/ZN
 bgc_9.col_reg._117_/Q
 bgc_9.col_reg._118_/Q
 bgc_9.col_reg._119_/Q
 bgc_9.col_reg._120_/Q
 bgc_9.col_reg._121_/Q
 bgc_9.col_reg._122_/Q
 bgc_9.col_reg._123_/Q
 bgc_9.col_reg._124_/Q
 bgc_9.col_reg._125_/Q
 bgc_9.col_reg._126_/Q
 bgc_9.col_reg._127_/Q
 bgc_9.col_reg._128_/Q
 bgc_9.comp_col._20_/ZN
 bgc_9.comp_col._21_/ZN
 bgc_9.comp_col._22_/ZN
 bgc_9.comp_col._23_/ZN
 bgc_9.comp_col._24_/ZN
 bgc_9.comp_col._25_/ZN
 bgc_9.comp_col._26_/ZN
 bgc_9.comp_col._27_/ZN
 bgc_9.comp_col._28_/ZN
 bgc_9.comp_col._29_/ZN
 bgc_9.comp_col._30_/ZN
 bgc_9.comp_col._31_/ZN
 bgc_9.comp_col._32_/ZN
 bgc_9.comp_col._33_/ZN
 bgc_9.comp_col._34_/ZN
 bgc_9.comp_col._35_/ZN
 bgc_9.comp_col._36_/ZN
 bgc_9.comp_col._37_/ZN
 bgc_9.comp_col._38_/ZN
 bgc_9.comp_col._39_/ZN
 bgc_9.comp_col._40_/ZN
 bgc_9.comp_col._41_/ZN
 bgc_9.comp_col._42_/ZN
 bgc_9.comp_col._43_/ZN
 bgc_9.comp_col._44_/ZN
 bgc_9.comp_col._45_/ZN
 bgc_9.comp_col._46_/ZN
 bgc_9.comp_col._47_/ZN
 bgc_9.comp_col._48_/Z
 bgc_9.comp_col._49_/Z
 bgc_9.comp_col._50_/Z
 bgc_9.comp_col._51_/Z
 bgc_9.comp_col._52_/Z
 bgc_9.comp_col._53_/Z
 bgc_9.comp_col._54_/Z
 bgc_9.comp_col._55_/Z
 bgc_9.comp_col._56_/Z
 bgc_9.comp_col._57_/Z
 bgc_9.comp_col._58_/Z
 bgc_9.comp_col._59_/Z
 bgc_9.comp_col._60_/ZN
 bgc_9.comp_col._61_/ZN
 bgc_9.comp_col._62_/ZN
 bgc_9.comp_col._63_/ZN
 bgc_9.comp_col._64_/ZN
 bgc_9.comp_col.pe1._18_/ZN
 bgc_9.comp_col.pe1._19_/ZN
 bgc_9.comp_col.pe1._20_/ZN
 bgc_9.comp_col.pe1._21_/ZN
 bgc_9.comp_col.pe1._22_/ZN
 bgc_9.comp_col.pe1._23_/ZN
 bgc_9.comp_col.pe1._24_/ZN
 bgc_9.comp_col.pe1._25_/ZN
 bgc_9.comp_col.pe1._26_/ZN
 bgc_9.comp_col.pe1._27_/ZN
 bgc_9.comp_col.pe1._28_/ZN
 bgc_9.comp_col.pe1._29_/ZN
 bgc_9.comp_col.pe1._30_/ZN
 bgc_9.comp_col.pe1._31_/ZN
 bgc_9.comp_col.pe1._32_/ZN
 bgc_9.comp_col.pe1._33_/ZN
 bgc_9.comp_col.pe1._34_/ZN
 bgc_9.comp_col.pe1._35_/ZN
 bgc_9.comp_col.pe1._36_/ZN
 bgc_9.comp_col.pe1._37_/ZN
 bgc_9.comp_col.pe1._38_/ZN
 bgc_9.comp_col.pe1._39_/ZN
 bgc_9.comp_col.pe2._18_/ZN
 bgc_9.comp_col.pe2._19_/ZN
 bgc_9.comp_col.pe2._20_/ZN
 bgc_9.comp_col.pe2._21_/ZN
 bgc_9.comp_col.pe2._22_/ZN
 bgc_9.comp_col.pe2._23_/ZN
 bgc_9.comp_col.pe2._24_/ZN
 bgc_9.comp_col.pe2._25_/ZN
 bgc_9.comp_col.pe2._26_/ZN
 bgc_9.comp_col.pe2._27_/ZN
 bgc_9.comp_col.pe2._28_/ZN
 bgc_9.comp_col.pe2._29_/ZN
 bgc_9.comp_col.pe2._30_/ZN
 bgc_9.comp_col.pe2._31_/ZN
 bgc_9.comp_col.pe2._32_/ZN
 bgc_9.comp_col.pe2._33_/ZN
 bgc_9.comp_col.pe2._34_/ZN
 bgc_9.comp_col.pe2._35_/ZN
 bgc_9.comp_col.pe2._36_/ZN
 bgc_9.comp_col.pe2._37_/ZN
 bgc_9.comp_col.pe2._38_/ZN
 bgc_9.comp_col.pe2._39_/ZN
 bgc_9.comp_row._20_/ZN
 bgc_9.comp_row._21_/ZN
 bgc_9.comp_row._22_/ZN
 bgc_9.comp_row._23_/ZN
 bgc_9.comp_row._24_/ZN
 bgc_9.comp_row._25_/ZN
 bgc_9.comp_row._26_/ZN
 bgc_9.comp_row._27_/ZN
 bgc_9.comp_row._28_/ZN
 bgc_9.comp_row._29_/ZN
 bgc_9.comp_row._30_/ZN
 bgc_9.comp_row._31_/ZN
 bgc_9.comp_row._32_/ZN
 bgc_9.comp_row._33_/ZN
 bgc_9.comp_row._34_/ZN
 bgc_9.comp_row._35_/ZN
 bgc_9.comp_row._36_/ZN
 bgc_9.comp_row._37_/ZN
 bgc_9.comp_row._38_/ZN
 bgc_9.comp_row._39_/ZN
 bgc_9.comp_row._40_/ZN
 bgc_9.comp_row._41_/ZN
 bgc_9.comp_row._42_/ZN
 bgc_9.comp_row._43_/ZN
 bgc_9.comp_row._44_/ZN
 bgc_9.comp_row._45_/ZN
 bgc_9.comp_row._46_/ZN
 bgc_9.comp_row._47_/ZN
 bgc_9.comp_row._48_/Z
 bgc_9.comp_row._49_/Z
 bgc_9.comp_row._50_/Z
 bgc_9.comp_row._51_/Z
 bgc_9.comp_row._52_/Z
 bgc_9.comp_row._53_/Z
 bgc_9.comp_row._54_/Z
 bgc_9.comp_row._55_/Z
 bgc_9.comp_row._56_/Z
 bgc_9.comp_row._57_/Z
 bgc_9.comp_row._58_/Z
 bgc_9.comp_row._59_/Z
 bgc_9.comp_row._60_/ZN
 bgc_9.comp_row._61_/ZN
 bgc_9.comp_row._62_/ZN
 bgc_9.comp_row._63_/ZN
 bgc_9.comp_row._64_/ZN
 bgc_9.comp_row.pe1._18_/ZN
 bgc_9.comp_row.pe1._19_/ZN
 bgc_9.comp_row.pe1._20_/ZN
 bgc_9.comp_row.pe1._21_/ZN
 bgc_9.comp_row.pe1._22_/ZN
 bgc_9.comp_row.pe1._23_/ZN
 bgc_9.comp_row.pe1._24_/ZN
 bgc_9.comp_row.pe1._25_/ZN
 bgc_9.comp_row.pe1._26_/ZN
 bgc_9.comp_row.pe1._27_/ZN
 bgc_9.comp_row.pe1._28_/ZN
 bgc_9.comp_row.pe1._29_/ZN
 bgc_9.comp_row.pe1._30_/ZN
 bgc_9.comp_row.pe1._31_/ZN
 bgc_9.comp_row.pe1._32_/ZN
 bgc_9.comp_row.pe1._33_/ZN
 bgc_9.comp_row.pe1._34_/ZN
 bgc_9.comp_row.pe1._35_/ZN
 bgc_9.comp_row.pe1._36_/ZN
 bgc_9.comp_row.pe1._37_/ZN
 bgc_9.comp_row.pe1._38_/ZN
 bgc_9.comp_row.pe1._39_/ZN
 bgc_9.comp_row.pe2._18_/ZN
 bgc_9.comp_row.pe2._19_/ZN
 bgc_9.comp_row.pe2._20_/ZN
 bgc_9.comp_row.pe2._21_/ZN
 bgc_9.comp_row.pe2._22_/ZN
 bgc_9.comp_row.pe2._23_/ZN
 bgc_9.comp_row.pe2._24_/ZN
 bgc_9.comp_row.pe2._25_/ZN
 bgc_9.comp_row.pe2._26_/ZN
 bgc_9.comp_row.pe2._27_/ZN
 bgc_9.comp_row.pe2._28_/ZN
 bgc_9.comp_row.pe2._29_/ZN
 bgc_9.comp_row.pe2._30_/ZN
 bgc_9.comp_row.pe2._31_/ZN
 bgc_9.comp_row.pe2._32_/ZN
 bgc_9.comp_row.pe2._33_/ZN
 bgc_9.comp_row.pe2._34_/ZN
 bgc_9.comp_row.pe2._35_/ZN
 bgc_9.comp_row.pe2._36_/ZN
 bgc_9.comp_row.pe2._37_/ZN
 bgc_9.comp_row.pe2._38_/ZN
 bgc_9.comp_row.pe2._39_/ZN
 bgc_9.final_counter._29_/ZN
 bgc_9.final_counter._30_/ZN
 bgc_9.final_counter._31_/ZN
 bgc_9.final_counter._32_/ZN
 bgc_9.final_counter._33_/ZN
 bgc_9.final_counter._34_/ZN
 bgc_9.final_counter._35_/ZN
 bgc_9.final_counter._36_/ZN
 bgc_9.final_counter._37_/ZN
 bgc_9.final_counter._38_/ZN
 bgc_9.final_counter._39_/Z
 bgc_9.final_counter._40_/ZN
 bgc_9.final_counter._41_/ZN
 bgc_9.final_counter._42_/ZN
 bgc_9.final_counter._43_/Z
 bgc_9.final_counter._44_/ZN
 bgc_9.final_counter._45_/ZN
 bgc_9.final_counter._46_/Z
 bgc_9.final_counter._47_/ZN
 bgc_9.final_counter._48_/ZN
 bgc_9.final_counter._49_/Z
 bgc_9.final_counter._50_/ZN
 bgc_9.final_counter._51_/ZN
 bgc_9.final_counter._52_/ZN
 bgc_9.final_counter._53_/ZN
 bgc_9.final_counter._54_/Z
 bgc_9.final_counter._55_/ZN
 bgc_9.final_counter._56_/ZN
 bgc_9.final_counter._57_/Z
 bgc_9.final_counter._58_/ZN
 bgc_9.final_counter._59_/ZN
 bgc_9.final_counter._60_/ZN
 bgc_9.final_counter._61_/ZN
 bgc_9.final_counter._62_/ZN
 bgc_9.final_counter._63_/ZN
 bgc_9.final_counter._64_/ZN
 bgc_9.final_counter._65_/ZN
 bgc_9.final_counter._66_/ZN
 bgc_9.final_counter._67_/Z
 bgc_9.final_counter._68_/ZN
 bgc_9.final_counter._69_/Q
 bgc_9.final_counter._70_/Q
 bgc_9.final_counter._71_/Q
 bgc_9.final_counter._72_/Q
 bgc_9.final_counter._73_/Q
 bgc_9.final_counter._74_/Q
 bgc_9.final_counter._75_/Q
 bgc_9.final_counter._76_/Q
 bgc_9.final_counter._77_/Q
 bgc_9.final_counter._78_/Q
 bgc_9.final_counter._79_/Q
 bgc_9.final_counter._80_/Q
 bgc_9.lfsr_col._27_/ZN
 bgc_9.lfsr_col._28_/ZN
 bgc_9.lfsr_col._29_/Z
 bgc_9.lfsr_col._30_/Z
 bgc_9.lfsr_col._31_/Z
 bgc_9.lfsr_col._32_/Z
 bgc_9.lfsr_col._33_/Z
 bgc_9.lfsr_col._34_/Z
 bgc_9.lfsr_col._35_/Z
 bgc_9.lfsr_col._36_/Z
 bgc_9.lfsr_col._37_/Z
 bgc_9.lfsr_col._38_/Z
 bgc_9.lfsr_col._39_/Z
 bgc_9.lfsr_col._40_/Z
 bgc_9.lfsr_col._41_/Z
 bgc_9.lfsr_col._42_/Z
 bgc_9.lfsr_col._43_/Z
 bgc_9.lfsr_col._44_/Z
 bgc_9.lfsr_col._45_/Z
 bgc_9.lfsr_col._46_/Z
 bgc_9.lfsr_col._47_/Z
 bgc_9.lfsr_col._48_/Z
 bgc_9.lfsr_col._49_/Z
 bgc_9.lfsr_col._50_/Z
 bgc_9.lfsr_col._51_/Z
 bgc_9.lfsr_col._52_/Z
 bgc_9.lfsr_col._53_/Z
 bgc_9.lfsr_col._54_/Z
 bgc_9.lfsr_col._55_/Z
 bgc_9.lfsr_col._56_/Z
 bgc_9.lfsr_col._57_/Z
 bgc_9.lfsr_col._58_/Z
 bgc_9.lfsr_col._59_/Z
 bgc_9.lfsr_col._60_/Z
 bgc_9.lfsr_col._61_/Z
 bgc_9.lfsr_col._62_/Z
 bgc_9.lfsr_col._63_/Z
 bgc_9.lfsr_col._64_/Z
 bgc_9.lfsr_col._65_/Z
 bgc_9.lfsr_col._66_/ZN
 bgc_9.lfsr_col._67_/ZN
 bgc_9.lfsr_col._68_/ZN
 bgc_9.lfsr_col._69_/ZN
 bgc_9.lfsr_col._70_/ZN
 bgc_9.lfsr_col._71_/ZN
 bgc_9.lfsr_col._72_/ZN
 bgc_9.lfsr_col._73_/ZN
 bgc_9.lfsr_col._74_/ZN
 bgc_9.lfsr_col._75_/ZN
 bgc_9.lfsr_col._76_/ZN
 bgc_9.lfsr_col._77_/Q
 bgc_9.lfsr_col._78_/Q
 bgc_9.lfsr_col._79_/Q
 bgc_9.lfsr_col._80_/Q
 bgc_9.lfsr_col._81_/Q
 bgc_9.lfsr_col._82_/Q
 bgc_9.lfsr_col._83_/Q
 bgc_9.lfsr_col._84_/Q
 bgc_9.lfsr_col._85_/Q
 bgc_9.lfsr_col._86_/Q
 bgc_9.lfsr_col._87_/Q
 bgc_9.lfsr_col._88_/Q
 bgc_9.lfsr_row._27_/ZN
 bgc_9.lfsr_row._28_/ZN
 bgc_9.lfsr_row._29_/Z
 bgc_9.lfsr_row._30_/Z
 bgc_9.lfsr_row._31_/Z
 bgc_9.lfsr_row._32_/Z
 bgc_9.lfsr_row._33_/Z
 bgc_9.lfsr_row._34_/Z
 bgc_9.lfsr_row._35_/Z
 bgc_9.lfsr_row._36_/Z
 bgc_9.lfsr_row._37_/Z
 bgc_9.lfsr_row._38_/Z
 bgc_9.lfsr_row._39_/Z
 bgc_9.lfsr_row._40_/Z
 bgc_9.lfsr_row._41_/Z
 bgc_9.lfsr_row._42_/Z
 bgc_9.lfsr_row._43_/Z
 bgc_9.lfsr_row._44_/Z
 bgc_9.lfsr_row._45_/Z
 bgc_9.lfsr_row._46_/Z
 bgc_9.lfsr_row._47_/Z
 bgc_9.lfsr_row._48_/Z
 bgc_9.lfsr_row._49_/Z
 bgc_9.lfsr_row._50_/Z
 bgc_9.lfsr_row._51_/Z
 bgc_9.lfsr_row._52_/Z
 bgc_9.lfsr_row._53_/Z
 bgc_9.lfsr_row._54_/Z
 bgc_9.lfsr_row._55_/Z
 bgc_9.lfsr_row._56_/Z
 bgc_9.lfsr_row._57_/Z
 bgc_9.lfsr_row._58_/Z
 bgc_9.lfsr_row._59_/Z
 bgc_9.lfsr_row._60_/Z
 bgc_9.lfsr_row._61_/Z
 bgc_9.lfsr_row._62_/Z
 bgc_9.lfsr_row._63_/Z
 bgc_9.lfsr_row._64_/Z
 bgc_9.lfsr_row._65_/Z
 bgc_9.lfsr_row._66_/ZN
 bgc_9.lfsr_row._67_/ZN
 bgc_9.lfsr_row._68_/ZN
 bgc_9.lfsr_row._69_/ZN
 bgc_9.lfsr_row._70_/ZN
 bgc_9.lfsr_row._71_/ZN
 bgc_9.lfsr_row._72_/ZN
 bgc_9.lfsr_row._73_/ZN
 bgc_9.lfsr_row._74_/ZN
 bgc_9.lfsr_row._75_/ZN
 bgc_9.lfsr_row._76_/ZN
 bgc_9.lfsr_row._77_/Q
 bgc_9.lfsr_row._78_/Q
 bgc_9.lfsr_row._79_/Q
 bgc_9.lfsr_row._80_/Q
 bgc_9.lfsr_row._81_/Q
 bgc_9.lfsr_row._82_/Q
 bgc_9.lfsr_row._83_/Q
 bgc_9.lfsr_row._84_/Q
 bgc_9.lfsr_row._85_/Q
 bgc_9.lfsr_row._86_/Q
 bgc_9.lfsr_row._87_/Q
 bgc_9.lfsr_row._88_/Q
 bgc_9.row_reg._053_/ZN
 bgc_9.row_reg._054_/ZN
 bgc_9.row_reg._055_/ZN
 bgc_9.row_reg._056_/ZN
 bgc_9.row_reg._057_/ZN
 bgc_9.row_reg._058_/ZN
 bgc_9.row_reg._059_/ZN
 bgc_9.row_reg._060_/ZN
 bgc_9.row_reg._061_/ZN
 bgc_9.row_reg._062_/ZN
 bgc_9.row_reg._063_/ZN
 bgc_9.row_reg._064_/ZN
 bgc_9.row_reg._065_/ZN
 bgc_9.row_reg._066_/ZN
 bgc_9.row_reg._067_/ZN
 bgc_9.row_reg._068_/ZN
 bgc_9.row_reg._069_/ZN
 bgc_9.row_reg._070_/ZN
 bgc_9.row_reg._071_/ZN
 bgc_9.row_reg._072_/ZN
 bgc_9.row_reg._073_/ZN
 bgc_9.row_reg._074_/ZN
 bgc_9.row_reg._075_/ZN
 bgc_9.row_reg._076_/ZN
 bgc_9.row_reg._077_/ZN
 bgc_9.row_reg._078_/ZN
 bgc_9.row_reg._079_/ZN
 bgc_9.row_reg._080_/Z
 bgc_9.row_reg._081_/ZN
 bgc_9.row_reg._082_/ZN
 bgc_9.row_reg._083_/ZN
 bgc_9.row_reg._084_/ZN
 bgc_9.row_reg._085_/ZN
 bgc_9.row_reg._086_/ZN
 bgc_9.row_reg._087_/ZN
 bgc_9.row_reg._088_/ZN
 bgc_9.row_reg._089_/ZN
 bgc_9.row_reg._090_/ZN
 bgc_9.row_reg._091_/ZN
 bgc_9.row_reg._092_/ZN
 bgc_9.row_reg._093_/ZN
 bgc_9.row_reg._094_/ZN
 bgc_9.row_reg._095_/ZN
 bgc_9.row_reg._096_/ZN
 bgc_9.row_reg._097_/ZN
 bgc_9.row_reg._098_/ZN
 bgc_9.row_reg._099_/ZN
 bgc_9.row_reg._100_/ZN
 bgc_9.row_reg._101_/ZN
 bgc_9.row_reg._102_/ZN
 bgc_9.row_reg._103_/ZN
 bgc_9.row_reg._104_/ZN
 bgc_9.row_reg._105_/ZN
 bgc_9.row_reg._106_/ZN
 bgc_9.row_reg._107_/ZN
 bgc_9.row_reg._108_/ZN
 bgc_9.row_reg._109_/ZN
 bgc_9.row_reg._110_/ZN
 bgc_9.row_reg._111_/ZN
 bgc_9.row_reg._112_/ZN
 bgc_9.row_reg._113_/ZN
 bgc_9.row_reg._114_/ZN
 bgc_9.row_reg._115_/ZN
 bgc_9.row_reg._116_/ZN
 bgc_9.row_reg._117_/Q
 bgc_9.row_reg._118_/Q
 bgc_9.row_reg._119_/Q
 bgc_9.row_reg._120_/Q
 bgc_9.row_reg._121_/Q
 bgc_9.row_reg._122_/Q
 bgc_9.row_reg._123_/Q
 bgc_9.row_reg._124_/Q
 bgc_9.row_reg._125_/Q
 bgc_9.row_reg._126_/Q
 bgc_9.row_reg._127_/Q
 bgc_9.row_reg._128_/Q
 dec_inst._03_/ZN
 dec_inst._04_/Z
 dec_inst._05_/ZN
 dec_inst._06_/Z
 dec_inst._07_/Z
 dec_inst._08_/Z
 dec_inst._09_/ZN
 dec_inst._10_/Z
 dec_inst._11_/Q
 dec_inst._12_/Q
 lfsr_enabler._25_/ZN
 lfsr_enabler._26_/ZN
 lfsr_enabler._27_/ZN
 lfsr_enabler._28_/ZN
 lfsr_enabler._29_/Z
 lfsr_enabler._30_/Z
 lfsr_enabler._31_/ZN
 lfsr_enabler._32_/ZN
 lfsr_enabler._33_/ZN
 lfsr_enabler._34_/ZN
 lfsr_enabler._35_/Z
 lfsr_enabler._36_/ZN
 lfsr_enabler._37_/ZN
 lfsr_enabler._38_/ZN
 lfsr_enabler._39_/Z
 lfsr_enabler._40_/ZN
 lfsr_enabler._41_/ZN
 lfsr_enabler._42_/ZN
 lfsr_enabler._43_/Z
 lfsr_enabler._44_/ZN
 lfsr_enabler._45_/ZN
 lfsr_enabler._46_/ZN
 lfsr_enabler._47_/Z
 lfsr_enabler._48_/ZN
 lfsr_enabler._49_/ZN
 lfsr_enabler._50_/ZN
 lfsr_enabler._51_/Z
 lfsr_enabler._52_/ZN
 lfsr_enabler._53_/ZN
 lfsr_enabler._54_/ZN
 lfsr_enabler._55_/Q
 lfsr_enabler._56_/Q
 lfsr_enabler._57_/Q
 lfsr_enabler._58_/Q
 lfsr_enabler._59_/Q
 lfsr_enabler._60_/Q
 lfsr_enabler._61_/Q
 res_mem_inst._051_/ZN
 res_mem_inst._052_/ZN
 res_mem_inst._053_/ZN
 res_mem_inst._054_/ZN
 res_mem_inst._055_/ZN
 res_mem_inst._056_/ZN
 res_mem_inst._057_/ZN
 res_mem_inst._058_/ZN
 res_mem_inst._059_/ZN
 res_mem_inst._060_/ZN
 res_mem_inst._061_/ZN
 res_mem_inst._062_/ZN
 res_mem_inst._063_/ZN
 res_mem_inst._064_/ZN
 res_mem_inst._065_/ZN
 res_mem_inst._066_/ZN
 res_mem_inst._067_/ZN
 res_mem_inst._068_/ZN
 res_mem_inst._069_/ZN
 res_mem_inst._070_/ZN
 res_mem_inst._071_/ZN
 res_mem_inst._072_/ZN
 res_mem_inst._073_/ZN
 res_mem_inst._074_/ZN
 res_mem_inst._075_/ZN
 res_mem_inst._076_/ZN
 res_mem_inst._077_/Z
 res_mem_inst._078_/ZN
 res_mem_inst._079_/ZN
 res_mem_inst._080_/ZN
 res_mem_inst._081_/ZN
 res_mem_inst._082_/ZN
 res_mem_inst._083_/ZN
 res_mem_inst._084_/ZN
 res_mem_inst._085_/ZN
 res_mem_inst._086_/ZN
 res_mem_inst._087_/ZN
 res_mem_inst._088_/ZN
 res_mem_inst._089_/ZN
 res_mem_inst._090_/ZN
 res_mem_inst._091_/Z
 res_mem_inst._092_/Z
 res_mem_inst._093_/ZN
 res_mem_inst._094_/ZN
 res_mem_inst._095_/Z
 res_mem_inst._096_/Z
 res_mem_inst._097_/ZN
 res_mem_inst._098_/ZN
 res_mem_inst._099_/Z
 res_mem_inst._100_/Z
 res_mem_inst._101_/ZN
 res_mem_inst._102_/ZN
 res_mem_inst._103_/Z
 res_mem_inst._104_/Z
 res_mem_inst._105_/ZN
 res_mem_inst._106_/ZN
 res_mem_inst._107_/ZN
 res_mem_inst._108_/ZN
 res_mem_inst._109_/ZN
 res_mem_inst._110_/ZN
 res_mem_inst._111_/ZN
 res_mem_inst._112_/ZN
 res_mem_inst._113_/ZN
 res_mem_inst._114_/ZN
 res_mem_inst._115_/ZN
 res_mem_inst._116_/ZN
 res_mem_inst._117_/ZN
 res_mem_inst._118_/ZN
 res_mem_inst._119_/ZN
 res_mem_inst._120_/ZN
 res_mem_inst._121_/ZN
 res_mem_inst._122_/ZN
 res_mem_inst._123_/ZN
 res_mem_inst._124_/ZN
 res_mem_inst._125_/ZN
 res_mem_inst._126_/ZN
 res_mem_inst._127_/Z
 res_mem_inst._128_/ZN
 res_mem_inst._129_/ZN
 res_mem_inst._130_/ZN
 res_mem_inst._131_/ZN
 res_mem_inst._132_/ZN
 res_mem_inst._133_/ZN
 res_mem_inst._134_/ZN
 res_mem_inst._135_/ZN
 res_mem_inst._136_/ZN
 res_mem_inst._137_/ZN
 res_mem_inst._138_/ZN
 res_mem_inst._139_/ZN
 res_mem_inst._140_/Z
 res_mem_inst._141_/ZN
 res_mem_inst._142_/Z
 res_mem_inst._143_/Z
 res_mem_inst._144_/ZN
 res_mem_inst._145_/ZN
 res_mem_inst._146_/Q
 res_mem_inst._147_/Q
 res_mem_inst._148_/Q
 res_mem_inst._149_/Q
 res_mem_inst._150_/Q
 res_mem_inst._151_/Q
 res_mem_inst._152_/Q
 res_mem_inst._153_/Q
 res_mem_inst._154_/Q
 res_mem_inst._155_/Q
 res_mem_inst._156_/Q
 res_mem_inst._157_/Q
 res_mem_inst.out_dec_inst._03_/ZN
 res_mem_inst.out_dec_inst._04_/Z
 res_mem_inst.out_dec_inst._05_/ZN
 res_mem_inst.out_dec_inst._06_/Z
 res_mem_inst.out_dec_inst._07_/Z
 res_mem_inst.out_dec_inst._08_/Z
 res_mem_inst.out_dec_inst._09_/ZN
 res_mem_inst.out_dec_inst._10_/Z
 res_mem_inst.out_dec_inst._11_/Q
 res_mem_inst.out_dec_inst._12_/Q
 res_mem_inst.slot\[0\].slot_reg._053_/ZN
 res_mem_inst.slot\[0\].slot_reg._054_/ZN
 res_mem_inst.slot\[0\].slot_reg._055_/ZN
 res_mem_inst.slot\[0\].slot_reg._056_/ZN
 res_mem_inst.slot\[0\].slot_reg._057_/ZN
 res_mem_inst.slot\[0\].slot_reg._058_/ZN
 res_mem_inst.slot\[0\].slot_reg._059_/ZN
 res_mem_inst.slot\[0\].slot_reg._060_/ZN
 res_mem_inst.slot\[0\].slot_reg._061_/ZN
 res_mem_inst.slot\[0\].slot_reg._062_/ZN
 res_mem_inst.slot\[0\].slot_reg._063_/ZN
 res_mem_inst.slot\[0\].slot_reg._064_/ZN
 res_mem_inst.slot\[0\].slot_reg._065_/ZN
 res_mem_inst.slot\[0\].slot_reg._066_/ZN
 res_mem_inst.slot\[0\].slot_reg._067_/ZN
 res_mem_inst.slot\[0\].slot_reg._068_/ZN
 res_mem_inst.slot\[0\].slot_reg._069_/ZN
 res_mem_inst.slot\[0\].slot_reg._070_/ZN
 res_mem_inst.slot\[0\].slot_reg._071_/ZN
 res_mem_inst.slot\[0\].slot_reg._072_/ZN
 res_mem_inst.slot\[0\].slot_reg._073_/ZN
 res_mem_inst.slot\[0\].slot_reg._074_/ZN
 res_mem_inst.slot\[0\].slot_reg._075_/ZN
 res_mem_inst.slot\[0\].slot_reg._076_/ZN
 res_mem_inst.slot\[0\].slot_reg._077_/ZN
 res_mem_inst.slot\[0\].slot_reg._078_/ZN
 res_mem_inst.slot\[0\].slot_reg._079_/ZN
 res_mem_inst.slot\[0\].slot_reg._080_/Z
 res_mem_inst.slot\[0\].slot_reg._081_/ZN
 res_mem_inst.slot\[0\].slot_reg._082_/ZN
 res_mem_inst.slot\[0\].slot_reg._083_/ZN
 res_mem_inst.slot\[0\].slot_reg._084_/ZN
 res_mem_inst.slot\[0\].slot_reg._085_/ZN
 res_mem_inst.slot\[0\].slot_reg._086_/ZN
 res_mem_inst.slot\[0\].slot_reg._087_/ZN
 res_mem_inst.slot\[0\].slot_reg._088_/ZN
 res_mem_inst.slot\[0\].slot_reg._089_/ZN
 res_mem_inst.slot\[0\].slot_reg._090_/ZN
 res_mem_inst.slot\[0\].slot_reg._091_/ZN
 res_mem_inst.slot\[0\].slot_reg._092_/ZN
 res_mem_inst.slot\[0\].slot_reg._093_/ZN
 res_mem_inst.slot\[0\].slot_reg._094_/ZN
 res_mem_inst.slot\[0\].slot_reg._095_/ZN
 res_mem_inst.slot\[0\].slot_reg._096_/ZN
 res_mem_inst.slot\[0\].slot_reg._097_/ZN
 res_mem_inst.slot\[0\].slot_reg._098_/ZN
 res_mem_inst.slot\[0\].slot_reg._099_/ZN
 res_mem_inst.slot\[0\].slot_reg._100_/ZN
 res_mem_inst.slot\[0\].slot_reg._101_/ZN
 res_mem_inst.slot\[0\].slot_reg._102_/ZN
 res_mem_inst.slot\[0\].slot_reg._103_/ZN
 res_mem_inst.slot\[0\].slot_reg._104_/ZN
 res_mem_inst.slot\[0\].slot_reg._105_/ZN
 res_mem_inst.slot\[0\].slot_reg._106_/ZN
 res_mem_inst.slot\[0\].slot_reg._107_/ZN
 res_mem_inst.slot\[0\].slot_reg._108_/ZN
 res_mem_inst.slot\[0\].slot_reg._109_/ZN
 res_mem_inst.slot\[0\].slot_reg._110_/ZN
 res_mem_inst.slot\[0\].slot_reg._111_/ZN
 res_mem_inst.slot\[0\].slot_reg._112_/ZN
 res_mem_inst.slot\[0\].slot_reg._113_/ZN
 res_mem_inst.slot\[0\].slot_reg._114_/ZN
 res_mem_inst.slot\[0\].slot_reg._115_/ZN
 res_mem_inst.slot\[0\].slot_reg._116_/ZN
 res_mem_inst.slot\[0\].slot_reg._117_/Q
 res_mem_inst.slot\[0\].slot_reg._118_/Q
 res_mem_inst.slot\[0\].slot_reg._119_/Q
 res_mem_inst.slot\[0\].slot_reg._120_/Q
 res_mem_inst.slot\[0\].slot_reg._121_/Q
 res_mem_inst.slot\[0\].slot_reg._122_/Q
 res_mem_inst.slot\[0\].slot_reg._123_/Q
 res_mem_inst.slot\[0\].slot_reg._124_/Q
 res_mem_inst.slot\[0\].slot_reg._125_/Q
 res_mem_inst.slot\[0\].slot_reg._126_/Q
 res_mem_inst.slot\[0\].slot_reg._127_/Q
 res_mem_inst.slot\[0\].slot_reg._128_/Q
 res_mem_inst.slot\[10\].slot_reg._053_/ZN
 res_mem_inst.slot\[10\].slot_reg._054_/ZN
 res_mem_inst.slot\[10\].slot_reg._055_/ZN
 res_mem_inst.slot\[10\].slot_reg._056_/ZN
 res_mem_inst.slot\[10\].slot_reg._057_/ZN
 res_mem_inst.slot\[10\].slot_reg._058_/ZN
 res_mem_inst.slot\[10\].slot_reg._059_/ZN
 res_mem_inst.slot\[10\].slot_reg._060_/ZN
 res_mem_inst.slot\[10\].slot_reg._061_/ZN
 res_mem_inst.slot\[10\].slot_reg._062_/ZN
 res_mem_inst.slot\[10\].slot_reg._063_/ZN
 res_mem_inst.slot\[10\].slot_reg._064_/ZN
 res_mem_inst.slot\[10\].slot_reg._065_/ZN
 res_mem_inst.slot\[10\].slot_reg._066_/ZN
 res_mem_inst.slot\[10\].slot_reg._067_/ZN
 res_mem_inst.slot\[10\].slot_reg._068_/ZN
 res_mem_inst.slot\[10\].slot_reg._069_/ZN
 res_mem_inst.slot\[10\].slot_reg._070_/ZN
 res_mem_inst.slot\[10\].slot_reg._071_/ZN
 res_mem_inst.slot\[10\].slot_reg._072_/ZN
 res_mem_inst.slot\[10\].slot_reg._073_/ZN
 res_mem_inst.slot\[10\].slot_reg._074_/ZN
 res_mem_inst.slot\[10\].slot_reg._075_/ZN
 res_mem_inst.slot\[10\].slot_reg._076_/ZN
 res_mem_inst.slot\[10\].slot_reg._077_/ZN
 res_mem_inst.slot\[10\].slot_reg._078_/ZN
 res_mem_inst.slot\[10\].slot_reg._079_/ZN
 res_mem_inst.slot\[10\].slot_reg._080_/Z
 res_mem_inst.slot\[10\].slot_reg._081_/ZN
 res_mem_inst.slot\[10\].slot_reg._082_/ZN
 res_mem_inst.slot\[10\].slot_reg._083_/ZN
 res_mem_inst.slot\[10\].slot_reg._084_/ZN
 res_mem_inst.slot\[10\].slot_reg._085_/ZN
 res_mem_inst.slot\[10\].slot_reg._086_/ZN
 res_mem_inst.slot\[10\].slot_reg._087_/ZN
 res_mem_inst.slot\[10\].slot_reg._088_/ZN
 res_mem_inst.slot\[10\].slot_reg._089_/ZN
 res_mem_inst.slot\[10\].slot_reg._090_/ZN
 res_mem_inst.slot\[10\].slot_reg._091_/ZN
 res_mem_inst.slot\[10\].slot_reg._092_/ZN
 res_mem_inst.slot\[10\].slot_reg._093_/ZN
 res_mem_inst.slot\[10\].slot_reg._094_/ZN
 res_mem_inst.slot\[10\].slot_reg._095_/ZN
 res_mem_inst.slot\[10\].slot_reg._096_/ZN
 res_mem_inst.slot\[10\].slot_reg._097_/ZN
 res_mem_inst.slot\[10\].slot_reg._098_/ZN
 res_mem_inst.slot\[10\].slot_reg._099_/ZN
 res_mem_inst.slot\[10\].slot_reg._100_/ZN
 res_mem_inst.slot\[10\].slot_reg._101_/ZN
 res_mem_inst.slot\[10\].slot_reg._102_/ZN
 res_mem_inst.slot\[10\].slot_reg._103_/ZN
 res_mem_inst.slot\[10\].slot_reg._104_/ZN
 res_mem_inst.slot\[10\].slot_reg._105_/ZN
 res_mem_inst.slot\[10\].slot_reg._106_/ZN
 res_mem_inst.slot\[10\].slot_reg._107_/ZN
 res_mem_inst.slot\[10\].slot_reg._108_/ZN
 res_mem_inst.slot\[10\].slot_reg._109_/ZN
 res_mem_inst.slot\[10\].slot_reg._110_/ZN
 res_mem_inst.slot\[10\].slot_reg._111_/ZN
 res_mem_inst.slot\[10\].slot_reg._112_/ZN
 res_mem_inst.slot\[10\].slot_reg._113_/ZN
 res_mem_inst.slot\[10\].slot_reg._114_/ZN
 res_mem_inst.slot\[10\].slot_reg._115_/ZN
 res_mem_inst.slot\[10\].slot_reg._116_/ZN
 res_mem_inst.slot\[10\].slot_reg._117_/Q
 res_mem_inst.slot\[10\].slot_reg._118_/Q
 res_mem_inst.slot\[10\].slot_reg._119_/Q
 res_mem_inst.slot\[10\].slot_reg._120_/Q
 res_mem_inst.slot\[10\].slot_reg._121_/Q
 res_mem_inst.slot\[10\].slot_reg._122_/Q
 res_mem_inst.slot\[10\].slot_reg._123_/Q
 res_mem_inst.slot\[10\].slot_reg._124_/Q
 res_mem_inst.slot\[10\].slot_reg._125_/Q
 res_mem_inst.slot\[10\].slot_reg._126_/Q
 res_mem_inst.slot\[10\].slot_reg._127_/Q
 res_mem_inst.slot\[10\].slot_reg._128_/Q
 res_mem_inst.slot\[11\].slot_reg._053_/ZN
 res_mem_inst.slot\[11\].slot_reg._054_/ZN
 res_mem_inst.slot\[11\].slot_reg._055_/ZN
 res_mem_inst.slot\[11\].slot_reg._056_/ZN
 res_mem_inst.slot\[11\].slot_reg._057_/ZN
 res_mem_inst.slot\[11\].slot_reg._058_/ZN
 res_mem_inst.slot\[11\].slot_reg._059_/ZN
 res_mem_inst.slot\[11\].slot_reg._060_/ZN
 res_mem_inst.slot\[11\].slot_reg._061_/ZN
 res_mem_inst.slot\[11\].slot_reg._062_/ZN
 res_mem_inst.slot\[11\].slot_reg._063_/ZN
 res_mem_inst.slot\[11\].slot_reg._064_/ZN
 res_mem_inst.slot\[11\].slot_reg._065_/ZN
 res_mem_inst.slot\[11\].slot_reg._066_/ZN
 res_mem_inst.slot\[11\].slot_reg._067_/ZN
 res_mem_inst.slot\[11\].slot_reg._068_/ZN
 res_mem_inst.slot\[11\].slot_reg._069_/ZN
 res_mem_inst.slot\[11\].slot_reg._070_/ZN
 res_mem_inst.slot\[11\].slot_reg._071_/ZN
 res_mem_inst.slot\[11\].slot_reg._072_/ZN
 res_mem_inst.slot\[11\].slot_reg._073_/ZN
 res_mem_inst.slot\[11\].slot_reg._074_/ZN
 res_mem_inst.slot\[11\].slot_reg._075_/ZN
 res_mem_inst.slot\[11\].slot_reg._076_/ZN
 res_mem_inst.slot\[11\].slot_reg._077_/ZN
 res_mem_inst.slot\[11\].slot_reg._078_/ZN
 res_mem_inst.slot\[11\].slot_reg._079_/ZN
 res_mem_inst.slot\[11\].slot_reg._080_/Z
 res_mem_inst.slot\[11\].slot_reg._081_/ZN
 res_mem_inst.slot\[11\].slot_reg._082_/ZN
 res_mem_inst.slot\[11\].slot_reg._083_/ZN
 res_mem_inst.slot\[11\].slot_reg._084_/ZN
 res_mem_inst.slot\[11\].slot_reg._085_/ZN
 res_mem_inst.slot\[11\].slot_reg._086_/ZN
 res_mem_inst.slot\[11\].slot_reg._087_/ZN
 res_mem_inst.slot\[11\].slot_reg._088_/ZN
 res_mem_inst.slot\[11\].slot_reg._089_/ZN
 res_mem_inst.slot\[11\].slot_reg._090_/ZN
 res_mem_inst.slot\[11\].slot_reg._091_/ZN
 res_mem_inst.slot\[11\].slot_reg._092_/ZN
 res_mem_inst.slot\[11\].slot_reg._093_/ZN
 res_mem_inst.slot\[11\].slot_reg._094_/ZN
 res_mem_inst.slot\[11\].slot_reg._095_/ZN
 res_mem_inst.slot\[11\].slot_reg._096_/ZN
 res_mem_inst.slot\[11\].slot_reg._097_/ZN
 res_mem_inst.slot\[11\].slot_reg._098_/ZN
 res_mem_inst.slot\[11\].slot_reg._099_/ZN
 res_mem_inst.slot\[11\].slot_reg._100_/ZN
 res_mem_inst.slot\[11\].slot_reg._101_/ZN
 res_mem_inst.slot\[11\].slot_reg._102_/ZN
 res_mem_inst.slot\[11\].slot_reg._103_/ZN
 res_mem_inst.slot\[11\].slot_reg._104_/ZN
 res_mem_inst.slot\[11\].slot_reg._105_/ZN
 res_mem_inst.slot\[11\].slot_reg._106_/ZN
 res_mem_inst.slot\[11\].slot_reg._107_/ZN
 res_mem_inst.slot\[11\].slot_reg._108_/ZN
 res_mem_inst.slot\[11\].slot_reg._109_/ZN
 res_mem_inst.slot\[11\].slot_reg._110_/ZN
 res_mem_inst.slot\[11\].slot_reg._111_/ZN
 res_mem_inst.slot\[11\].slot_reg._112_/ZN
 res_mem_inst.slot\[11\].slot_reg._113_/ZN
 res_mem_inst.slot\[11\].slot_reg._114_/ZN
 res_mem_inst.slot\[11\].slot_reg._115_/ZN
 res_mem_inst.slot\[11\].slot_reg._116_/ZN
 res_mem_inst.slot\[11\].slot_reg._117_/Q
 res_mem_inst.slot\[11\].slot_reg._118_/Q
 res_mem_inst.slot\[11\].slot_reg._119_/Q
 res_mem_inst.slot\[11\].slot_reg._120_/Q
 res_mem_inst.slot\[11\].slot_reg._121_/Q
 res_mem_inst.slot\[11\].slot_reg._122_/Q
 res_mem_inst.slot\[11\].slot_reg._123_/Q
 res_mem_inst.slot\[11\].slot_reg._124_/Q
 res_mem_inst.slot\[11\].slot_reg._125_/Q
 res_mem_inst.slot\[11\].slot_reg._126_/Q
 res_mem_inst.slot\[11\].slot_reg._127_/Q
 res_mem_inst.slot\[11\].slot_reg._128_/Q
 res_mem_inst.slot\[12\].slot_reg._053_/ZN
 res_mem_inst.slot\[12\].slot_reg._054_/ZN
 res_mem_inst.slot\[12\].slot_reg._055_/ZN
 res_mem_inst.slot\[12\].slot_reg._056_/ZN
 res_mem_inst.slot\[12\].slot_reg._057_/ZN
 res_mem_inst.slot\[12\].slot_reg._058_/ZN
 res_mem_inst.slot\[12\].slot_reg._059_/ZN
 res_mem_inst.slot\[12\].slot_reg._060_/ZN
 res_mem_inst.slot\[12\].slot_reg._061_/ZN
 res_mem_inst.slot\[12\].slot_reg._062_/ZN
 res_mem_inst.slot\[12\].slot_reg._063_/ZN
 res_mem_inst.slot\[12\].slot_reg._064_/ZN
 res_mem_inst.slot\[12\].slot_reg._065_/ZN
 res_mem_inst.slot\[12\].slot_reg._066_/ZN
 res_mem_inst.slot\[12\].slot_reg._067_/ZN
 res_mem_inst.slot\[12\].slot_reg._068_/ZN
 res_mem_inst.slot\[12\].slot_reg._069_/ZN
 res_mem_inst.slot\[12\].slot_reg._070_/ZN
 res_mem_inst.slot\[12\].slot_reg._071_/ZN
 res_mem_inst.slot\[12\].slot_reg._072_/ZN
 res_mem_inst.slot\[12\].slot_reg._073_/ZN
 res_mem_inst.slot\[12\].slot_reg._074_/ZN
 res_mem_inst.slot\[12\].slot_reg._075_/ZN
 res_mem_inst.slot\[12\].slot_reg._076_/ZN
 res_mem_inst.slot\[12\].slot_reg._077_/ZN
 res_mem_inst.slot\[12\].slot_reg._078_/ZN
 res_mem_inst.slot\[12\].slot_reg._079_/ZN
 res_mem_inst.slot\[12\].slot_reg._080_/Z
 res_mem_inst.slot\[12\].slot_reg._081_/ZN
 res_mem_inst.slot\[12\].slot_reg._082_/ZN
 res_mem_inst.slot\[12\].slot_reg._083_/ZN
 res_mem_inst.slot\[12\].slot_reg._084_/ZN
 res_mem_inst.slot\[12\].slot_reg._085_/ZN
 res_mem_inst.slot\[12\].slot_reg._086_/ZN
 res_mem_inst.slot\[12\].slot_reg._087_/ZN
 res_mem_inst.slot\[12\].slot_reg._088_/ZN
 res_mem_inst.slot\[12\].slot_reg._089_/ZN
 res_mem_inst.slot\[12\].slot_reg._090_/ZN
 res_mem_inst.slot\[12\].slot_reg._091_/ZN
 res_mem_inst.slot\[12\].slot_reg._092_/ZN
 res_mem_inst.slot\[12\].slot_reg._093_/ZN
 res_mem_inst.slot\[12\].slot_reg._094_/ZN
 res_mem_inst.slot\[12\].slot_reg._095_/ZN
 res_mem_inst.slot\[12\].slot_reg._096_/ZN
 res_mem_inst.slot\[12\].slot_reg._097_/ZN
 res_mem_inst.slot\[12\].slot_reg._098_/ZN
 res_mem_inst.slot\[12\].slot_reg._099_/ZN
 res_mem_inst.slot\[12\].slot_reg._100_/ZN
 res_mem_inst.slot\[12\].slot_reg._101_/ZN
 res_mem_inst.slot\[12\].slot_reg._102_/ZN
 res_mem_inst.slot\[12\].slot_reg._103_/ZN
 res_mem_inst.slot\[12\].slot_reg._104_/ZN
 res_mem_inst.slot\[12\].slot_reg._105_/ZN
 res_mem_inst.slot\[12\].slot_reg._106_/ZN
 res_mem_inst.slot\[12\].slot_reg._107_/ZN
 res_mem_inst.slot\[12\].slot_reg._108_/ZN
 res_mem_inst.slot\[12\].slot_reg._109_/ZN
 res_mem_inst.slot\[12\].slot_reg._110_/ZN
 res_mem_inst.slot\[12\].slot_reg._111_/ZN
 res_mem_inst.slot\[12\].slot_reg._112_/ZN
 res_mem_inst.slot\[12\].slot_reg._113_/ZN
 res_mem_inst.slot\[12\].slot_reg._114_/ZN
 res_mem_inst.slot\[12\].slot_reg._115_/ZN
 res_mem_inst.slot\[12\].slot_reg._116_/ZN
 res_mem_inst.slot\[12\].slot_reg._117_/Q
 res_mem_inst.slot\[12\].slot_reg._118_/Q
 res_mem_inst.slot\[12\].slot_reg._119_/Q
 res_mem_inst.slot\[12\].slot_reg._120_/Q
 res_mem_inst.slot\[12\].slot_reg._121_/Q
 res_mem_inst.slot\[12\].slot_reg._122_/Q
 res_mem_inst.slot\[12\].slot_reg._123_/Q
 res_mem_inst.slot\[12\].slot_reg._124_/Q
 res_mem_inst.slot\[12\].slot_reg._125_/Q
 res_mem_inst.slot\[12\].slot_reg._126_/Q
 res_mem_inst.slot\[12\].slot_reg._127_/Q
 res_mem_inst.slot\[12\].slot_reg._128_/Q
 res_mem_inst.slot\[13\].slot_reg._053_/ZN
 res_mem_inst.slot\[13\].slot_reg._054_/ZN
 res_mem_inst.slot\[13\].slot_reg._055_/ZN
 res_mem_inst.slot\[13\].slot_reg._056_/ZN
 res_mem_inst.slot\[13\].slot_reg._057_/ZN
 res_mem_inst.slot\[13\].slot_reg._058_/ZN
 res_mem_inst.slot\[13\].slot_reg._059_/ZN
 res_mem_inst.slot\[13\].slot_reg._060_/ZN
 res_mem_inst.slot\[13\].slot_reg._061_/ZN
 res_mem_inst.slot\[13\].slot_reg._062_/ZN
 res_mem_inst.slot\[13\].slot_reg._063_/ZN
 res_mem_inst.slot\[13\].slot_reg._064_/ZN
 res_mem_inst.slot\[13\].slot_reg._065_/ZN
 res_mem_inst.slot\[13\].slot_reg._066_/ZN
 res_mem_inst.slot\[13\].slot_reg._067_/ZN
 res_mem_inst.slot\[13\].slot_reg._068_/ZN
 res_mem_inst.slot\[13\].slot_reg._069_/ZN
 res_mem_inst.slot\[13\].slot_reg._070_/ZN
 res_mem_inst.slot\[13\].slot_reg._071_/ZN
 res_mem_inst.slot\[13\].slot_reg._072_/ZN
 res_mem_inst.slot\[13\].slot_reg._073_/ZN
 res_mem_inst.slot\[13\].slot_reg._074_/ZN
 res_mem_inst.slot\[13\].slot_reg._075_/ZN
 res_mem_inst.slot\[13\].slot_reg._076_/ZN
 res_mem_inst.slot\[13\].slot_reg._077_/ZN
 res_mem_inst.slot\[13\].slot_reg._078_/ZN
 res_mem_inst.slot\[13\].slot_reg._079_/ZN
 res_mem_inst.slot\[13\].slot_reg._080_/Z
 res_mem_inst.slot\[13\].slot_reg._081_/ZN
 res_mem_inst.slot\[13\].slot_reg._082_/ZN
 res_mem_inst.slot\[13\].slot_reg._083_/ZN
 res_mem_inst.slot\[13\].slot_reg._084_/ZN
 res_mem_inst.slot\[13\].slot_reg._085_/ZN
 res_mem_inst.slot\[13\].slot_reg._086_/ZN
 res_mem_inst.slot\[13\].slot_reg._087_/ZN
 res_mem_inst.slot\[13\].slot_reg._088_/ZN
 res_mem_inst.slot\[13\].slot_reg._089_/ZN
 res_mem_inst.slot\[13\].slot_reg._090_/ZN
 res_mem_inst.slot\[13\].slot_reg._091_/ZN
 res_mem_inst.slot\[13\].slot_reg._092_/ZN
 res_mem_inst.slot\[13\].slot_reg._093_/ZN
 res_mem_inst.slot\[13\].slot_reg._094_/ZN
 res_mem_inst.slot\[13\].slot_reg._095_/ZN
 res_mem_inst.slot\[13\].slot_reg._096_/ZN
 res_mem_inst.slot\[13\].slot_reg._097_/ZN
 res_mem_inst.slot\[13\].slot_reg._098_/ZN
 res_mem_inst.slot\[13\].slot_reg._099_/ZN
 res_mem_inst.slot\[13\].slot_reg._100_/ZN
 res_mem_inst.slot\[13\].slot_reg._101_/ZN
 res_mem_inst.slot\[13\].slot_reg._102_/ZN
 res_mem_inst.slot\[13\].slot_reg._103_/ZN
 res_mem_inst.slot\[13\].slot_reg._104_/ZN
 res_mem_inst.slot\[13\].slot_reg._105_/ZN
 res_mem_inst.slot\[13\].slot_reg._106_/ZN
 res_mem_inst.slot\[13\].slot_reg._107_/ZN
 res_mem_inst.slot\[13\].slot_reg._108_/ZN
 res_mem_inst.slot\[13\].slot_reg._109_/ZN
 res_mem_inst.slot\[13\].slot_reg._110_/ZN
 res_mem_inst.slot\[13\].slot_reg._111_/ZN
 res_mem_inst.slot\[13\].slot_reg._112_/ZN
 res_mem_inst.slot\[13\].slot_reg._113_/ZN
 res_mem_inst.slot\[13\].slot_reg._114_/ZN
 res_mem_inst.slot\[13\].slot_reg._115_/ZN
 res_mem_inst.slot\[13\].slot_reg._116_/ZN
 res_mem_inst.slot\[13\].slot_reg._117_/Q
 res_mem_inst.slot\[13\].slot_reg._118_/Q
 res_mem_inst.slot\[13\].slot_reg._119_/Q
 res_mem_inst.slot\[13\].slot_reg._120_/Q
 res_mem_inst.slot\[13\].slot_reg._121_/Q
 res_mem_inst.slot\[13\].slot_reg._122_/Q
 res_mem_inst.slot\[13\].slot_reg._123_/Q
 res_mem_inst.slot\[13\].slot_reg._124_/Q
 res_mem_inst.slot\[13\].slot_reg._125_/Q
 res_mem_inst.slot\[13\].slot_reg._126_/Q
 res_mem_inst.slot\[13\].slot_reg._127_/Q
 res_mem_inst.slot\[13\].slot_reg._128_/Q
 res_mem_inst.slot\[14\].slot_reg._053_/ZN
 res_mem_inst.slot\[14\].slot_reg._054_/ZN
 res_mem_inst.slot\[14\].slot_reg._055_/ZN
 res_mem_inst.slot\[14\].slot_reg._056_/ZN
 res_mem_inst.slot\[14\].slot_reg._057_/ZN
 res_mem_inst.slot\[14\].slot_reg._058_/ZN
 res_mem_inst.slot\[14\].slot_reg._059_/ZN
 res_mem_inst.slot\[14\].slot_reg._060_/ZN
 res_mem_inst.slot\[14\].slot_reg._061_/ZN
 res_mem_inst.slot\[14\].slot_reg._062_/ZN
 res_mem_inst.slot\[14\].slot_reg._063_/ZN
 res_mem_inst.slot\[14\].slot_reg._064_/ZN
 res_mem_inst.slot\[14\].slot_reg._065_/ZN
 res_mem_inst.slot\[14\].slot_reg._066_/ZN
 res_mem_inst.slot\[14\].slot_reg._067_/ZN
 res_mem_inst.slot\[14\].slot_reg._068_/ZN
 res_mem_inst.slot\[14\].slot_reg._069_/ZN
 res_mem_inst.slot\[14\].slot_reg._070_/ZN
 res_mem_inst.slot\[14\].slot_reg._071_/ZN
 res_mem_inst.slot\[14\].slot_reg._072_/ZN
 res_mem_inst.slot\[14\].slot_reg._073_/ZN
 res_mem_inst.slot\[14\].slot_reg._074_/ZN
 res_mem_inst.slot\[14\].slot_reg._075_/ZN
 res_mem_inst.slot\[14\].slot_reg._076_/ZN
 res_mem_inst.slot\[14\].slot_reg._077_/ZN
 res_mem_inst.slot\[14\].slot_reg._078_/ZN
 res_mem_inst.slot\[14\].slot_reg._079_/ZN
 res_mem_inst.slot\[14\].slot_reg._080_/Z
 res_mem_inst.slot\[14\].slot_reg._081_/ZN
 res_mem_inst.slot\[14\].slot_reg._082_/ZN
 res_mem_inst.slot\[14\].slot_reg._083_/ZN
 res_mem_inst.slot\[14\].slot_reg._084_/ZN
 res_mem_inst.slot\[14\].slot_reg._085_/ZN
 res_mem_inst.slot\[14\].slot_reg._086_/ZN
 res_mem_inst.slot\[14\].slot_reg._087_/ZN
 res_mem_inst.slot\[14\].slot_reg._088_/ZN
 res_mem_inst.slot\[14\].slot_reg._089_/ZN
 res_mem_inst.slot\[14\].slot_reg._090_/ZN
 res_mem_inst.slot\[14\].slot_reg._091_/ZN
 res_mem_inst.slot\[14\].slot_reg._092_/ZN
 res_mem_inst.slot\[14\].slot_reg._093_/ZN
 res_mem_inst.slot\[14\].slot_reg._094_/ZN
 res_mem_inst.slot\[14\].slot_reg._095_/ZN
 res_mem_inst.slot\[14\].slot_reg._096_/ZN
 res_mem_inst.slot\[14\].slot_reg._097_/ZN
 res_mem_inst.slot\[14\].slot_reg._098_/ZN
 res_mem_inst.slot\[14\].slot_reg._099_/ZN
 res_mem_inst.slot\[14\].slot_reg._100_/ZN
 res_mem_inst.slot\[14\].slot_reg._101_/ZN
 res_mem_inst.slot\[14\].slot_reg._102_/ZN
 res_mem_inst.slot\[14\].slot_reg._103_/ZN
 res_mem_inst.slot\[14\].slot_reg._104_/ZN
 res_mem_inst.slot\[14\].slot_reg._105_/ZN
 res_mem_inst.slot\[14\].slot_reg._106_/ZN
 res_mem_inst.slot\[14\].slot_reg._107_/ZN
 res_mem_inst.slot\[14\].slot_reg._108_/ZN
 res_mem_inst.slot\[14\].slot_reg._109_/ZN
 res_mem_inst.slot\[14\].slot_reg._110_/ZN
 res_mem_inst.slot\[14\].slot_reg._111_/ZN
 res_mem_inst.slot\[14\].slot_reg._112_/ZN
 res_mem_inst.slot\[14\].slot_reg._113_/ZN
 res_mem_inst.slot\[14\].slot_reg._114_/ZN
 res_mem_inst.slot\[14\].slot_reg._115_/ZN
 res_mem_inst.slot\[14\].slot_reg._116_/ZN
 res_mem_inst.slot\[14\].slot_reg._117_/Q
 res_mem_inst.slot\[14\].slot_reg._118_/Q
 res_mem_inst.slot\[14\].slot_reg._119_/Q
 res_mem_inst.slot\[14\].slot_reg._120_/Q
 res_mem_inst.slot\[14\].slot_reg._121_/Q
 res_mem_inst.slot\[14\].slot_reg._122_/Q
 res_mem_inst.slot\[14\].slot_reg._123_/Q
 res_mem_inst.slot\[14\].slot_reg._124_/Q
 res_mem_inst.slot\[14\].slot_reg._125_/Q
 res_mem_inst.slot\[14\].slot_reg._126_/Q
 res_mem_inst.slot\[14\].slot_reg._127_/Q
 res_mem_inst.slot\[14\].slot_reg._128_/Q
 res_mem_inst.slot\[15\].slot_reg._053_/ZN
 res_mem_inst.slot\[15\].slot_reg._054_/ZN
 res_mem_inst.slot\[15\].slot_reg._055_/ZN
 res_mem_inst.slot\[15\].slot_reg._056_/ZN
 res_mem_inst.slot\[15\].slot_reg._057_/ZN
 res_mem_inst.slot\[15\].slot_reg._058_/ZN
 res_mem_inst.slot\[15\].slot_reg._059_/ZN
 res_mem_inst.slot\[15\].slot_reg._060_/ZN
 res_mem_inst.slot\[15\].slot_reg._061_/ZN
 res_mem_inst.slot\[15\].slot_reg._062_/ZN
 res_mem_inst.slot\[15\].slot_reg._063_/ZN
 res_mem_inst.slot\[15\].slot_reg._064_/ZN
 res_mem_inst.slot\[15\].slot_reg._065_/ZN
 res_mem_inst.slot\[15\].slot_reg._066_/ZN
 res_mem_inst.slot\[15\].slot_reg._067_/ZN
 res_mem_inst.slot\[15\].slot_reg._068_/ZN
 res_mem_inst.slot\[15\].slot_reg._069_/ZN
 res_mem_inst.slot\[15\].slot_reg._070_/ZN
 res_mem_inst.slot\[15\].slot_reg._071_/ZN
 res_mem_inst.slot\[15\].slot_reg._072_/ZN
 res_mem_inst.slot\[15\].slot_reg._073_/ZN
 res_mem_inst.slot\[15\].slot_reg._074_/ZN
 res_mem_inst.slot\[15\].slot_reg._075_/ZN
 res_mem_inst.slot\[15\].slot_reg._076_/ZN
 res_mem_inst.slot\[15\].slot_reg._077_/ZN
 res_mem_inst.slot\[15\].slot_reg._078_/ZN
 res_mem_inst.slot\[15\].slot_reg._079_/ZN
 res_mem_inst.slot\[15\].slot_reg._080_/Z
 res_mem_inst.slot\[15\].slot_reg._081_/ZN
 res_mem_inst.slot\[15\].slot_reg._082_/ZN
 res_mem_inst.slot\[15\].slot_reg._083_/ZN
 res_mem_inst.slot\[15\].slot_reg._084_/ZN
 res_mem_inst.slot\[15\].slot_reg._085_/ZN
 res_mem_inst.slot\[15\].slot_reg._086_/ZN
 res_mem_inst.slot\[15\].slot_reg._087_/ZN
 res_mem_inst.slot\[15\].slot_reg._088_/ZN
 res_mem_inst.slot\[15\].slot_reg._089_/ZN
 res_mem_inst.slot\[15\].slot_reg._090_/ZN
 res_mem_inst.slot\[15\].slot_reg._091_/ZN
 res_mem_inst.slot\[15\].slot_reg._092_/ZN
 res_mem_inst.slot\[15\].slot_reg._093_/ZN
 res_mem_inst.slot\[15\].slot_reg._094_/ZN
 res_mem_inst.slot\[15\].slot_reg._095_/ZN
 res_mem_inst.slot\[15\].slot_reg._096_/ZN
 res_mem_inst.slot\[15\].slot_reg._097_/ZN
 res_mem_inst.slot\[15\].slot_reg._098_/ZN
 res_mem_inst.slot\[15\].slot_reg._099_/ZN
 res_mem_inst.slot\[15\].slot_reg._100_/ZN
 res_mem_inst.slot\[15\].slot_reg._101_/ZN
 res_mem_inst.slot\[15\].slot_reg._102_/ZN
 res_mem_inst.slot\[15\].slot_reg._103_/ZN
 res_mem_inst.slot\[15\].slot_reg._104_/ZN
 res_mem_inst.slot\[15\].slot_reg._105_/ZN
 res_mem_inst.slot\[15\].slot_reg._106_/ZN
 res_mem_inst.slot\[15\].slot_reg._107_/ZN
 res_mem_inst.slot\[15\].slot_reg._108_/ZN
 res_mem_inst.slot\[15\].slot_reg._109_/ZN
 res_mem_inst.slot\[15\].slot_reg._110_/ZN
 res_mem_inst.slot\[15\].slot_reg._111_/ZN
 res_mem_inst.slot\[15\].slot_reg._112_/ZN
 res_mem_inst.slot\[15\].slot_reg._113_/ZN
 res_mem_inst.slot\[15\].slot_reg._114_/ZN
 res_mem_inst.slot\[15\].slot_reg._115_/ZN
 res_mem_inst.slot\[15\].slot_reg._116_/ZN
 res_mem_inst.slot\[15\].slot_reg._117_/Q
 res_mem_inst.slot\[15\].slot_reg._118_/Q
 res_mem_inst.slot\[15\].slot_reg._119_/Q
 res_mem_inst.slot\[15\].slot_reg._120_/Q
 res_mem_inst.slot\[15\].slot_reg._121_/Q
 res_mem_inst.slot\[15\].slot_reg._122_/Q
 res_mem_inst.slot\[15\].slot_reg._123_/Q
 res_mem_inst.slot\[15\].slot_reg._124_/Q
 res_mem_inst.slot\[15\].slot_reg._125_/Q
 res_mem_inst.slot\[15\].slot_reg._126_/Q
 res_mem_inst.slot\[15\].slot_reg._127_/Q
 res_mem_inst.slot\[15\].slot_reg._128_/Q
 res_mem_inst.slot\[1\].slot_reg._053_/ZN
 res_mem_inst.slot\[1\].slot_reg._054_/ZN
 res_mem_inst.slot\[1\].slot_reg._055_/ZN
 res_mem_inst.slot\[1\].slot_reg._056_/ZN
 res_mem_inst.slot\[1\].slot_reg._057_/ZN
 res_mem_inst.slot\[1\].slot_reg._058_/ZN
 res_mem_inst.slot\[1\].slot_reg._059_/ZN
 res_mem_inst.slot\[1\].slot_reg._060_/ZN
 res_mem_inst.slot\[1\].slot_reg._061_/ZN
 res_mem_inst.slot\[1\].slot_reg._062_/ZN
 res_mem_inst.slot\[1\].slot_reg._063_/ZN
 res_mem_inst.slot\[1\].slot_reg._064_/ZN
 res_mem_inst.slot\[1\].slot_reg._065_/ZN
 res_mem_inst.slot\[1\].slot_reg._066_/ZN
 res_mem_inst.slot\[1\].slot_reg._067_/ZN
 res_mem_inst.slot\[1\].slot_reg._068_/ZN
 res_mem_inst.slot\[1\].slot_reg._069_/ZN
 res_mem_inst.slot\[1\].slot_reg._070_/ZN
 res_mem_inst.slot\[1\].slot_reg._071_/ZN
 res_mem_inst.slot\[1\].slot_reg._072_/ZN
 res_mem_inst.slot\[1\].slot_reg._073_/ZN
 res_mem_inst.slot\[1\].slot_reg._074_/ZN
 res_mem_inst.slot\[1\].slot_reg._075_/ZN
 res_mem_inst.slot\[1\].slot_reg._076_/ZN
 res_mem_inst.slot\[1\].slot_reg._077_/ZN
 res_mem_inst.slot\[1\].slot_reg._078_/ZN
 res_mem_inst.slot\[1\].slot_reg._079_/ZN
 res_mem_inst.slot\[1\].slot_reg._080_/Z
 res_mem_inst.slot\[1\].slot_reg._081_/ZN
 res_mem_inst.slot\[1\].slot_reg._082_/ZN
 res_mem_inst.slot\[1\].slot_reg._083_/ZN
 res_mem_inst.slot\[1\].slot_reg._084_/ZN
 res_mem_inst.slot\[1\].slot_reg._085_/ZN
 res_mem_inst.slot\[1\].slot_reg._086_/ZN
 res_mem_inst.slot\[1\].slot_reg._087_/ZN
 res_mem_inst.slot\[1\].slot_reg._088_/ZN
 res_mem_inst.slot\[1\].slot_reg._089_/ZN
 res_mem_inst.slot\[1\].slot_reg._090_/ZN
 res_mem_inst.slot\[1\].slot_reg._091_/ZN
 res_mem_inst.slot\[1\].slot_reg._092_/ZN
 res_mem_inst.slot\[1\].slot_reg._093_/ZN
 res_mem_inst.slot\[1\].slot_reg._094_/ZN
 res_mem_inst.slot\[1\].slot_reg._095_/ZN
 res_mem_inst.slot\[1\].slot_reg._096_/ZN
 res_mem_inst.slot\[1\].slot_reg._097_/ZN
 res_mem_inst.slot\[1\].slot_reg._098_/ZN
 res_mem_inst.slot\[1\].slot_reg._099_/ZN
 res_mem_inst.slot\[1\].slot_reg._100_/ZN
 res_mem_inst.slot\[1\].slot_reg._101_/ZN
 res_mem_inst.slot\[1\].slot_reg._102_/ZN
 res_mem_inst.slot\[1\].slot_reg._103_/ZN
 res_mem_inst.slot\[1\].slot_reg._104_/ZN
 res_mem_inst.slot\[1\].slot_reg._105_/ZN
 res_mem_inst.slot\[1\].slot_reg._106_/ZN
 res_mem_inst.slot\[1\].slot_reg._107_/ZN
 res_mem_inst.slot\[1\].slot_reg._108_/ZN
 res_mem_inst.slot\[1\].slot_reg._109_/ZN
 res_mem_inst.slot\[1\].slot_reg._110_/ZN
 res_mem_inst.slot\[1\].slot_reg._111_/ZN
 res_mem_inst.slot\[1\].slot_reg._112_/ZN
 res_mem_inst.slot\[1\].slot_reg._113_/ZN
 res_mem_inst.slot\[1\].slot_reg._114_/ZN
 res_mem_inst.slot\[1\].slot_reg._115_/ZN
 res_mem_inst.slot\[1\].slot_reg._116_/ZN
 res_mem_inst.slot\[1\].slot_reg._117_/Q
 res_mem_inst.slot\[1\].slot_reg._118_/Q
 res_mem_inst.slot\[1\].slot_reg._119_/Q
 res_mem_inst.slot\[1\].slot_reg._120_/Q
 res_mem_inst.slot\[1\].slot_reg._121_/Q
 res_mem_inst.slot\[1\].slot_reg._122_/Q
 res_mem_inst.slot\[1\].slot_reg._123_/Q
 res_mem_inst.slot\[1\].slot_reg._124_/Q
 res_mem_inst.slot\[1\].slot_reg._125_/Q
 res_mem_inst.slot\[1\].slot_reg._126_/Q
 res_mem_inst.slot\[1\].slot_reg._127_/Q
 res_mem_inst.slot\[1\].slot_reg._128_/Q
 res_mem_inst.slot\[2\].slot_reg._053_/ZN
 res_mem_inst.slot\[2\].slot_reg._054_/ZN
 res_mem_inst.slot\[2\].slot_reg._055_/ZN
 res_mem_inst.slot\[2\].slot_reg._056_/ZN
 res_mem_inst.slot\[2\].slot_reg._057_/ZN
 res_mem_inst.slot\[2\].slot_reg._058_/ZN
 res_mem_inst.slot\[2\].slot_reg._059_/ZN
 res_mem_inst.slot\[2\].slot_reg._060_/ZN
 res_mem_inst.slot\[2\].slot_reg._061_/ZN
 res_mem_inst.slot\[2\].slot_reg._062_/ZN
 res_mem_inst.slot\[2\].slot_reg._063_/ZN
 res_mem_inst.slot\[2\].slot_reg._064_/ZN
 res_mem_inst.slot\[2\].slot_reg._065_/ZN
 res_mem_inst.slot\[2\].slot_reg._066_/ZN
 res_mem_inst.slot\[2\].slot_reg._067_/ZN
 res_mem_inst.slot\[2\].slot_reg._068_/ZN
 res_mem_inst.slot\[2\].slot_reg._069_/ZN
 res_mem_inst.slot\[2\].slot_reg._070_/ZN
 res_mem_inst.slot\[2\].slot_reg._071_/ZN
 res_mem_inst.slot\[2\].slot_reg._072_/ZN
 res_mem_inst.slot\[2\].slot_reg._073_/ZN
 res_mem_inst.slot\[2\].slot_reg._074_/ZN
 res_mem_inst.slot\[2\].slot_reg._075_/ZN
 res_mem_inst.slot\[2\].slot_reg._076_/ZN
 res_mem_inst.slot\[2\].slot_reg._077_/ZN
 res_mem_inst.slot\[2\].slot_reg._078_/ZN
 res_mem_inst.slot\[2\].slot_reg._079_/ZN
 res_mem_inst.slot\[2\].slot_reg._080_/Z
 res_mem_inst.slot\[2\].slot_reg._081_/ZN
 res_mem_inst.slot\[2\].slot_reg._082_/ZN
 res_mem_inst.slot\[2\].slot_reg._083_/ZN
 res_mem_inst.slot\[2\].slot_reg._084_/ZN
 res_mem_inst.slot\[2\].slot_reg._085_/ZN
 res_mem_inst.slot\[2\].slot_reg._086_/ZN
 res_mem_inst.slot\[2\].slot_reg._087_/ZN
 res_mem_inst.slot\[2\].slot_reg._088_/ZN
 res_mem_inst.slot\[2\].slot_reg._089_/ZN
 res_mem_inst.slot\[2\].slot_reg._090_/ZN
 res_mem_inst.slot\[2\].slot_reg._091_/ZN
 res_mem_inst.slot\[2\].slot_reg._092_/ZN
 res_mem_inst.slot\[2\].slot_reg._093_/ZN
 res_mem_inst.slot\[2\].slot_reg._094_/ZN
 res_mem_inst.slot\[2\].slot_reg._095_/ZN
 res_mem_inst.slot\[2\].slot_reg._096_/ZN
 res_mem_inst.slot\[2\].slot_reg._097_/ZN
 res_mem_inst.slot\[2\].slot_reg._098_/ZN
 res_mem_inst.slot\[2\].slot_reg._099_/ZN
 res_mem_inst.slot\[2\].slot_reg._100_/ZN
 res_mem_inst.slot\[2\].slot_reg._101_/ZN
 res_mem_inst.slot\[2\].slot_reg._102_/ZN
 res_mem_inst.slot\[2\].slot_reg._103_/ZN
 res_mem_inst.slot\[2\].slot_reg._104_/ZN
 res_mem_inst.slot\[2\].slot_reg._105_/ZN
 res_mem_inst.slot\[2\].slot_reg._106_/ZN
 res_mem_inst.slot\[2\].slot_reg._107_/ZN
 res_mem_inst.slot\[2\].slot_reg._108_/ZN
 res_mem_inst.slot\[2\].slot_reg._109_/ZN
 res_mem_inst.slot\[2\].slot_reg._110_/ZN
 res_mem_inst.slot\[2\].slot_reg._111_/ZN
 res_mem_inst.slot\[2\].slot_reg._112_/ZN
 res_mem_inst.slot\[2\].slot_reg._113_/ZN
 res_mem_inst.slot\[2\].slot_reg._114_/ZN
 res_mem_inst.slot\[2\].slot_reg._115_/ZN
 res_mem_inst.slot\[2\].slot_reg._116_/ZN
 res_mem_inst.slot\[2\].slot_reg._117_/Q
 res_mem_inst.slot\[2\].slot_reg._118_/Q
 res_mem_inst.slot\[2\].slot_reg._119_/Q
 res_mem_inst.slot\[2\].slot_reg._120_/Q
 res_mem_inst.slot\[2\].slot_reg._121_/Q
 res_mem_inst.slot\[2\].slot_reg._122_/Q
 res_mem_inst.slot\[2\].slot_reg._123_/Q
 res_mem_inst.slot\[2\].slot_reg._124_/Q
 res_mem_inst.slot\[2\].slot_reg._125_/Q
 res_mem_inst.slot\[2\].slot_reg._126_/Q
 res_mem_inst.slot\[2\].slot_reg._127_/Q
 res_mem_inst.slot\[2\].slot_reg._128_/Q
 res_mem_inst.slot\[3\].slot_reg._053_/ZN
 res_mem_inst.slot\[3\].slot_reg._054_/ZN
 res_mem_inst.slot\[3\].slot_reg._055_/ZN
 res_mem_inst.slot\[3\].slot_reg._056_/ZN
 res_mem_inst.slot\[3\].slot_reg._057_/ZN
 res_mem_inst.slot\[3\].slot_reg._058_/ZN
 res_mem_inst.slot\[3\].slot_reg._059_/ZN
 res_mem_inst.slot\[3\].slot_reg._060_/ZN
 res_mem_inst.slot\[3\].slot_reg._061_/ZN
 res_mem_inst.slot\[3\].slot_reg._062_/ZN
 res_mem_inst.slot\[3\].slot_reg._063_/ZN
 res_mem_inst.slot\[3\].slot_reg._064_/ZN
 res_mem_inst.slot\[3\].slot_reg._065_/ZN
 res_mem_inst.slot\[3\].slot_reg._066_/ZN
 res_mem_inst.slot\[3\].slot_reg._067_/ZN
 res_mem_inst.slot\[3\].slot_reg._068_/ZN
 res_mem_inst.slot\[3\].slot_reg._069_/ZN
 res_mem_inst.slot\[3\].slot_reg._070_/ZN
 res_mem_inst.slot\[3\].slot_reg._071_/ZN
 res_mem_inst.slot\[3\].slot_reg._072_/ZN
 res_mem_inst.slot\[3\].slot_reg._073_/ZN
 res_mem_inst.slot\[3\].slot_reg._074_/ZN
 res_mem_inst.slot\[3\].slot_reg._075_/ZN
 res_mem_inst.slot\[3\].slot_reg._076_/ZN
 res_mem_inst.slot\[3\].slot_reg._077_/ZN
 res_mem_inst.slot\[3\].slot_reg._078_/ZN
 res_mem_inst.slot\[3\].slot_reg._079_/ZN
 res_mem_inst.slot\[3\].slot_reg._080_/Z
 res_mem_inst.slot\[3\].slot_reg._081_/ZN
 res_mem_inst.slot\[3\].slot_reg._082_/ZN
 res_mem_inst.slot\[3\].slot_reg._083_/ZN
 res_mem_inst.slot\[3\].slot_reg._084_/ZN
 res_mem_inst.slot\[3\].slot_reg._085_/ZN
 res_mem_inst.slot\[3\].slot_reg._086_/ZN
 res_mem_inst.slot\[3\].slot_reg._087_/ZN
 res_mem_inst.slot\[3\].slot_reg._088_/ZN
 res_mem_inst.slot\[3\].slot_reg._089_/ZN
 res_mem_inst.slot\[3\].slot_reg._090_/ZN
 res_mem_inst.slot\[3\].slot_reg._091_/ZN
 res_mem_inst.slot\[3\].slot_reg._092_/ZN
 res_mem_inst.slot\[3\].slot_reg._093_/ZN
 res_mem_inst.slot\[3\].slot_reg._094_/ZN
 res_mem_inst.slot\[3\].slot_reg._095_/ZN
 res_mem_inst.slot\[3\].slot_reg._096_/ZN
 res_mem_inst.slot\[3\].slot_reg._097_/ZN
 res_mem_inst.slot\[3\].slot_reg._098_/ZN
 res_mem_inst.slot\[3\].slot_reg._099_/ZN
 res_mem_inst.slot\[3\].slot_reg._100_/ZN
 res_mem_inst.slot\[3\].slot_reg._101_/ZN
 res_mem_inst.slot\[3\].slot_reg._102_/ZN
 res_mem_inst.slot\[3\].slot_reg._103_/ZN
 res_mem_inst.slot\[3\].slot_reg._104_/ZN
 res_mem_inst.slot\[3\].slot_reg._105_/ZN
 res_mem_inst.slot\[3\].slot_reg._106_/ZN
 res_mem_inst.slot\[3\].slot_reg._107_/ZN
 res_mem_inst.slot\[3\].slot_reg._108_/ZN
 res_mem_inst.slot\[3\].slot_reg._109_/ZN
 res_mem_inst.slot\[3\].slot_reg._110_/ZN
 res_mem_inst.slot\[3\].slot_reg._111_/ZN
 res_mem_inst.slot\[3\].slot_reg._112_/ZN
 res_mem_inst.slot\[3\].slot_reg._113_/ZN
 res_mem_inst.slot\[3\].slot_reg._114_/ZN
 res_mem_inst.slot\[3\].slot_reg._115_/ZN
 res_mem_inst.slot\[3\].slot_reg._116_/ZN
 res_mem_inst.slot\[3\].slot_reg._117_/Q
 res_mem_inst.slot\[3\].slot_reg._118_/Q
 res_mem_inst.slot\[3\].slot_reg._119_/Q
 res_mem_inst.slot\[3\].slot_reg._120_/Q
 res_mem_inst.slot\[3\].slot_reg._121_/Q
 res_mem_inst.slot\[3\].slot_reg._122_/Q
 res_mem_inst.slot\[3\].slot_reg._123_/Q
 res_mem_inst.slot\[3\].slot_reg._124_/Q
 res_mem_inst.slot\[3\].slot_reg._125_/Q
 res_mem_inst.slot\[3\].slot_reg._126_/Q
 res_mem_inst.slot\[3\].slot_reg._127_/Q
 res_mem_inst.slot\[3\].slot_reg._128_/Q
 res_mem_inst.slot\[4\].slot_reg._053_/ZN
 res_mem_inst.slot\[4\].slot_reg._054_/ZN
 res_mem_inst.slot\[4\].slot_reg._055_/ZN
 res_mem_inst.slot\[4\].slot_reg._056_/ZN
 res_mem_inst.slot\[4\].slot_reg._057_/ZN
 res_mem_inst.slot\[4\].slot_reg._058_/ZN
 res_mem_inst.slot\[4\].slot_reg._059_/ZN
 res_mem_inst.slot\[4\].slot_reg._060_/ZN
 res_mem_inst.slot\[4\].slot_reg._061_/ZN
 res_mem_inst.slot\[4\].slot_reg._062_/ZN
 res_mem_inst.slot\[4\].slot_reg._063_/ZN
 res_mem_inst.slot\[4\].slot_reg._064_/ZN
 res_mem_inst.slot\[4\].slot_reg._065_/ZN
 res_mem_inst.slot\[4\].slot_reg._066_/ZN
 res_mem_inst.slot\[4\].slot_reg._067_/ZN
 res_mem_inst.slot\[4\].slot_reg._068_/ZN
 res_mem_inst.slot\[4\].slot_reg._069_/ZN
 res_mem_inst.slot\[4\].slot_reg._070_/ZN
 res_mem_inst.slot\[4\].slot_reg._071_/ZN
 res_mem_inst.slot\[4\].slot_reg._072_/ZN
 res_mem_inst.slot\[4\].slot_reg._073_/ZN
 res_mem_inst.slot\[4\].slot_reg._074_/ZN
 res_mem_inst.slot\[4\].slot_reg._075_/ZN
 res_mem_inst.slot\[4\].slot_reg._076_/ZN
 res_mem_inst.slot\[4\].slot_reg._077_/ZN
 res_mem_inst.slot\[4\].slot_reg._078_/ZN
 res_mem_inst.slot\[4\].slot_reg._079_/ZN
 res_mem_inst.slot\[4\].slot_reg._080_/Z
 res_mem_inst.slot\[4\].slot_reg._081_/ZN
 res_mem_inst.slot\[4\].slot_reg._082_/ZN
 res_mem_inst.slot\[4\].slot_reg._083_/ZN
 res_mem_inst.slot\[4\].slot_reg._084_/ZN
 res_mem_inst.slot\[4\].slot_reg._085_/ZN
 res_mem_inst.slot\[4\].slot_reg._086_/ZN
 res_mem_inst.slot\[4\].slot_reg._087_/ZN
 res_mem_inst.slot\[4\].slot_reg._088_/ZN
 res_mem_inst.slot\[4\].slot_reg._089_/ZN
 res_mem_inst.slot\[4\].slot_reg._090_/ZN
 res_mem_inst.slot\[4\].slot_reg._091_/ZN
 res_mem_inst.slot\[4\].slot_reg._092_/ZN
 res_mem_inst.slot\[4\].slot_reg._093_/ZN
 res_mem_inst.slot\[4\].slot_reg._094_/ZN
 res_mem_inst.slot\[4\].slot_reg._095_/ZN
 res_mem_inst.slot\[4\].slot_reg._096_/ZN
 res_mem_inst.slot\[4\].slot_reg._097_/ZN
 res_mem_inst.slot\[4\].slot_reg._098_/ZN
 res_mem_inst.slot\[4\].slot_reg._099_/ZN
 res_mem_inst.slot\[4\].slot_reg._100_/ZN
 res_mem_inst.slot\[4\].slot_reg._101_/ZN
 res_mem_inst.slot\[4\].slot_reg._102_/ZN
 res_mem_inst.slot\[4\].slot_reg._103_/ZN
 res_mem_inst.slot\[4\].slot_reg._104_/ZN
 res_mem_inst.slot\[4\].slot_reg._105_/ZN
 res_mem_inst.slot\[4\].slot_reg._106_/ZN
 res_mem_inst.slot\[4\].slot_reg._107_/ZN
 res_mem_inst.slot\[4\].slot_reg._108_/ZN
 res_mem_inst.slot\[4\].slot_reg._109_/ZN
 res_mem_inst.slot\[4\].slot_reg._110_/ZN
 res_mem_inst.slot\[4\].slot_reg._111_/ZN
 res_mem_inst.slot\[4\].slot_reg._112_/ZN
 res_mem_inst.slot\[4\].slot_reg._113_/ZN
 res_mem_inst.slot\[4\].slot_reg._114_/ZN
 res_mem_inst.slot\[4\].slot_reg._115_/ZN
 res_mem_inst.slot\[4\].slot_reg._116_/ZN
 res_mem_inst.slot\[4\].slot_reg._117_/Q
 res_mem_inst.slot\[4\].slot_reg._118_/Q
 res_mem_inst.slot\[4\].slot_reg._119_/Q
 res_mem_inst.slot\[4\].slot_reg._120_/Q
 res_mem_inst.slot\[4\].slot_reg._121_/Q
 res_mem_inst.slot\[4\].slot_reg._122_/Q
 res_mem_inst.slot\[4\].slot_reg._123_/Q
 res_mem_inst.slot\[4\].slot_reg._124_/Q
 res_mem_inst.slot\[4\].slot_reg._125_/Q
 res_mem_inst.slot\[4\].slot_reg._126_/Q
 res_mem_inst.slot\[4\].slot_reg._127_/Q
 res_mem_inst.slot\[4\].slot_reg._128_/Q
 res_mem_inst.slot\[5\].slot_reg._053_/ZN
 res_mem_inst.slot\[5\].slot_reg._054_/ZN
 res_mem_inst.slot\[5\].slot_reg._055_/ZN
 res_mem_inst.slot\[5\].slot_reg._056_/ZN
 res_mem_inst.slot\[5\].slot_reg._057_/ZN
 res_mem_inst.slot\[5\].slot_reg._058_/ZN
 res_mem_inst.slot\[5\].slot_reg._059_/ZN
 res_mem_inst.slot\[5\].slot_reg._060_/ZN
 res_mem_inst.slot\[5\].slot_reg._061_/ZN
 res_mem_inst.slot\[5\].slot_reg._062_/ZN
 res_mem_inst.slot\[5\].slot_reg._063_/ZN
 res_mem_inst.slot\[5\].slot_reg._064_/ZN
 res_mem_inst.slot\[5\].slot_reg._065_/ZN
 res_mem_inst.slot\[5\].slot_reg._066_/ZN
 res_mem_inst.slot\[5\].slot_reg._067_/ZN
 res_mem_inst.slot\[5\].slot_reg._068_/ZN
 res_mem_inst.slot\[5\].slot_reg._069_/ZN
 res_mem_inst.slot\[5\].slot_reg._070_/ZN
 res_mem_inst.slot\[5\].slot_reg._071_/ZN
 res_mem_inst.slot\[5\].slot_reg._072_/ZN
 res_mem_inst.slot\[5\].slot_reg._073_/ZN
 res_mem_inst.slot\[5\].slot_reg._074_/ZN
 res_mem_inst.slot\[5\].slot_reg._075_/ZN
 res_mem_inst.slot\[5\].slot_reg._076_/ZN
 res_mem_inst.slot\[5\].slot_reg._077_/ZN
 res_mem_inst.slot\[5\].slot_reg._078_/ZN
 res_mem_inst.slot\[5\].slot_reg._079_/ZN
 res_mem_inst.slot\[5\].slot_reg._080_/Z
 res_mem_inst.slot\[5\].slot_reg._081_/ZN
 res_mem_inst.slot\[5\].slot_reg._082_/ZN
 res_mem_inst.slot\[5\].slot_reg._083_/ZN
 res_mem_inst.slot\[5\].slot_reg._084_/ZN
 res_mem_inst.slot\[5\].slot_reg._085_/ZN
 res_mem_inst.slot\[5\].slot_reg._086_/ZN
 res_mem_inst.slot\[5\].slot_reg._087_/ZN
 res_mem_inst.slot\[5\].slot_reg._088_/ZN
 res_mem_inst.slot\[5\].slot_reg._089_/ZN
 res_mem_inst.slot\[5\].slot_reg._090_/ZN
 res_mem_inst.slot\[5\].slot_reg._091_/ZN
 res_mem_inst.slot\[5\].slot_reg._092_/ZN
 res_mem_inst.slot\[5\].slot_reg._093_/ZN
 res_mem_inst.slot\[5\].slot_reg._094_/ZN
 res_mem_inst.slot\[5\].slot_reg._095_/ZN
 res_mem_inst.slot\[5\].slot_reg._096_/ZN
 res_mem_inst.slot\[5\].slot_reg._097_/ZN
 res_mem_inst.slot\[5\].slot_reg._098_/ZN
 res_mem_inst.slot\[5\].slot_reg._099_/ZN
 res_mem_inst.slot\[5\].slot_reg._100_/ZN
 res_mem_inst.slot\[5\].slot_reg._101_/ZN
 res_mem_inst.slot\[5\].slot_reg._102_/ZN
 res_mem_inst.slot\[5\].slot_reg._103_/ZN
 res_mem_inst.slot\[5\].slot_reg._104_/ZN
 res_mem_inst.slot\[5\].slot_reg._105_/ZN
 res_mem_inst.slot\[5\].slot_reg._106_/ZN
 res_mem_inst.slot\[5\].slot_reg._107_/ZN
 res_mem_inst.slot\[5\].slot_reg._108_/ZN
 res_mem_inst.slot\[5\].slot_reg._109_/ZN
 res_mem_inst.slot\[5\].slot_reg._110_/ZN
 res_mem_inst.slot\[5\].slot_reg._111_/ZN
 res_mem_inst.slot\[5\].slot_reg._112_/ZN
 res_mem_inst.slot\[5\].slot_reg._113_/ZN
 res_mem_inst.slot\[5\].slot_reg._114_/ZN
 res_mem_inst.slot\[5\].slot_reg._115_/ZN
 res_mem_inst.slot\[5\].slot_reg._116_/ZN
 res_mem_inst.slot\[5\].slot_reg._117_/Q
 res_mem_inst.slot\[5\].slot_reg._118_/Q
 res_mem_inst.slot\[5\].slot_reg._119_/Q
 res_mem_inst.slot\[5\].slot_reg._120_/Q
 res_mem_inst.slot\[5\].slot_reg._121_/Q
 res_mem_inst.slot\[5\].slot_reg._122_/Q
 res_mem_inst.slot\[5\].slot_reg._123_/Q
 res_mem_inst.slot\[5\].slot_reg._124_/Q
 res_mem_inst.slot\[5\].slot_reg._125_/Q
 res_mem_inst.slot\[5\].slot_reg._126_/Q
 res_mem_inst.slot\[5\].slot_reg._127_/Q
 res_mem_inst.slot\[5\].slot_reg._128_/Q
 res_mem_inst.slot\[6\].slot_reg._053_/ZN
 res_mem_inst.slot\[6\].slot_reg._054_/ZN
 res_mem_inst.slot\[6\].slot_reg._055_/ZN
 res_mem_inst.slot\[6\].slot_reg._056_/ZN
 res_mem_inst.slot\[6\].slot_reg._057_/ZN
 res_mem_inst.slot\[6\].slot_reg._058_/ZN
 res_mem_inst.slot\[6\].slot_reg._059_/ZN
 res_mem_inst.slot\[6\].slot_reg._060_/ZN
 res_mem_inst.slot\[6\].slot_reg._061_/ZN
 res_mem_inst.slot\[6\].slot_reg._062_/ZN
 res_mem_inst.slot\[6\].slot_reg._063_/ZN
 res_mem_inst.slot\[6\].slot_reg._064_/ZN
 res_mem_inst.slot\[6\].slot_reg._065_/ZN
 res_mem_inst.slot\[6\].slot_reg._066_/ZN
 res_mem_inst.slot\[6\].slot_reg._067_/ZN
 res_mem_inst.slot\[6\].slot_reg._068_/ZN
 res_mem_inst.slot\[6\].slot_reg._069_/ZN
 res_mem_inst.slot\[6\].slot_reg._070_/ZN
 res_mem_inst.slot\[6\].slot_reg._071_/ZN
 res_mem_inst.slot\[6\].slot_reg._072_/ZN
 res_mem_inst.slot\[6\].slot_reg._073_/ZN
 res_mem_inst.slot\[6\].slot_reg._074_/ZN
 res_mem_inst.slot\[6\].slot_reg._075_/ZN
 res_mem_inst.slot\[6\].slot_reg._076_/ZN
 res_mem_inst.slot\[6\].slot_reg._077_/ZN
 res_mem_inst.slot\[6\].slot_reg._078_/ZN
 res_mem_inst.slot\[6\].slot_reg._079_/ZN
 res_mem_inst.slot\[6\].slot_reg._080_/Z
 res_mem_inst.slot\[6\].slot_reg._081_/ZN
 res_mem_inst.slot\[6\].slot_reg._082_/ZN
 res_mem_inst.slot\[6\].slot_reg._083_/ZN
 res_mem_inst.slot\[6\].slot_reg._084_/ZN
 res_mem_inst.slot\[6\].slot_reg._085_/ZN
 res_mem_inst.slot\[6\].slot_reg._086_/ZN
 res_mem_inst.slot\[6\].slot_reg._087_/ZN
 res_mem_inst.slot\[6\].slot_reg._088_/ZN
 res_mem_inst.slot\[6\].slot_reg._089_/ZN
 res_mem_inst.slot\[6\].slot_reg._090_/ZN
 res_mem_inst.slot\[6\].slot_reg._091_/ZN
 res_mem_inst.slot\[6\].slot_reg._092_/ZN
 res_mem_inst.slot\[6\].slot_reg._093_/ZN
 res_mem_inst.slot\[6\].slot_reg._094_/ZN
 res_mem_inst.slot\[6\].slot_reg._095_/ZN
 res_mem_inst.slot\[6\].slot_reg._096_/ZN
 res_mem_inst.slot\[6\].slot_reg._097_/ZN
 res_mem_inst.slot\[6\].slot_reg._098_/ZN
 res_mem_inst.slot\[6\].slot_reg._099_/ZN
 res_mem_inst.slot\[6\].slot_reg._100_/ZN
 res_mem_inst.slot\[6\].slot_reg._101_/ZN
 res_mem_inst.slot\[6\].slot_reg._102_/ZN
 res_mem_inst.slot\[6\].slot_reg._103_/ZN
 res_mem_inst.slot\[6\].slot_reg._104_/ZN
 res_mem_inst.slot\[6\].slot_reg._105_/ZN
 res_mem_inst.slot\[6\].slot_reg._106_/ZN
 res_mem_inst.slot\[6\].slot_reg._107_/ZN
 res_mem_inst.slot\[6\].slot_reg._108_/ZN
 res_mem_inst.slot\[6\].slot_reg._109_/ZN
 res_mem_inst.slot\[6\].slot_reg._110_/ZN
 res_mem_inst.slot\[6\].slot_reg._111_/ZN
 res_mem_inst.slot\[6\].slot_reg._112_/ZN
 res_mem_inst.slot\[6\].slot_reg._113_/ZN
 res_mem_inst.slot\[6\].slot_reg._114_/ZN
 res_mem_inst.slot\[6\].slot_reg._115_/ZN
 res_mem_inst.slot\[6\].slot_reg._116_/ZN
 res_mem_inst.slot\[6\].slot_reg._117_/Q
 res_mem_inst.slot\[6\].slot_reg._118_/Q
 res_mem_inst.slot\[6\].slot_reg._119_/Q
 res_mem_inst.slot\[6\].slot_reg._120_/Q
 res_mem_inst.slot\[6\].slot_reg._121_/Q
 res_mem_inst.slot\[6\].slot_reg._122_/Q
 res_mem_inst.slot\[6\].slot_reg._123_/Q
 res_mem_inst.slot\[6\].slot_reg._124_/Q
 res_mem_inst.slot\[6\].slot_reg._125_/Q
 res_mem_inst.slot\[6\].slot_reg._126_/Q
 res_mem_inst.slot\[6\].slot_reg._127_/Q
 res_mem_inst.slot\[6\].slot_reg._128_/Q
 res_mem_inst.slot\[7\].slot_reg._053_/ZN
 res_mem_inst.slot\[7\].slot_reg._054_/ZN
 res_mem_inst.slot\[7\].slot_reg._055_/ZN
 res_mem_inst.slot\[7\].slot_reg._056_/ZN
 res_mem_inst.slot\[7\].slot_reg._057_/ZN
 res_mem_inst.slot\[7\].slot_reg._058_/ZN
 res_mem_inst.slot\[7\].slot_reg._059_/ZN
 res_mem_inst.slot\[7\].slot_reg._060_/ZN
 res_mem_inst.slot\[7\].slot_reg._061_/ZN
 res_mem_inst.slot\[7\].slot_reg._062_/ZN
 res_mem_inst.slot\[7\].slot_reg._063_/ZN
 res_mem_inst.slot\[7\].slot_reg._064_/ZN
 res_mem_inst.slot\[7\].slot_reg._065_/ZN
 res_mem_inst.slot\[7\].slot_reg._066_/ZN
 res_mem_inst.slot\[7\].slot_reg._067_/ZN
 res_mem_inst.slot\[7\].slot_reg._068_/ZN
 res_mem_inst.slot\[7\].slot_reg._069_/ZN
 res_mem_inst.slot\[7\].slot_reg._070_/ZN
 res_mem_inst.slot\[7\].slot_reg._071_/ZN
 res_mem_inst.slot\[7\].slot_reg._072_/ZN
 res_mem_inst.slot\[7\].slot_reg._073_/ZN
 res_mem_inst.slot\[7\].slot_reg._074_/ZN
 res_mem_inst.slot\[7\].slot_reg._075_/ZN
 res_mem_inst.slot\[7\].slot_reg._076_/ZN
 res_mem_inst.slot\[7\].slot_reg._077_/ZN
 res_mem_inst.slot\[7\].slot_reg._078_/ZN
 res_mem_inst.slot\[7\].slot_reg._079_/ZN
 res_mem_inst.slot\[7\].slot_reg._080_/Z
 res_mem_inst.slot\[7\].slot_reg._081_/ZN
 res_mem_inst.slot\[7\].slot_reg._082_/ZN
 res_mem_inst.slot\[7\].slot_reg._083_/ZN
 res_mem_inst.slot\[7\].slot_reg._084_/ZN
 res_mem_inst.slot\[7\].slot_reg._085_/ZN
 res_mem_inst.slot\[7\].slot_reg._086_/ZN
 res_mem_inst.slot\[7\].slot_reg._087_/ZN
 res_mem_inst.slot\[7\].slot_reg._088_/ZN
 res_mem_inst.slot\[7\].slot_reg._089_/ZN
 res_mem_inst.slot\[7\].slot_reg._090_/ZN
 res_mem_inst.slot\[7\].slot_reg._091_/ZN
 res_mem_inst.slot\[7\].slot_reg._092_/ZN
 res_mem_inst.slot\[7\].slot_reg._093_/ZN
 res_mem_inst.slot\[7\].slot_reg._094_/ZN
 res_mem_inst.slot\[7\].slot_reg._095_/ZN
 res_mem_inst.slot\[7\].slot_reg._096_/ZN
 res_mem_inst.slot\[7\].slot_reg._097_/ZN
 res_mem_inst.slot\[7\].slot_reg._098_/ZN
 res_mem_inst.slot\[7\].slot_reg._099_/ZN
 res_mem_inst.slot\[7\].slot_reg._100_/ZN
 res_mem_inst.slot\[7\].slot_reg._101_/ZN
 res_mem_inst.slot\[7\].slot_reg._102_/ZN
 res_mem_inst.slot\[7\].slot_reg._103_/ZN
 res_mem_inst.slot\[7\].slot_reg._104_/ZN
 res_mem_inst.slot\[7\].slot_reg._105_/ZN
 res_mem_inst.slot\[7\].slot_reg._106_/ZN
 res_mem_inst.slot\[7\].slot_reg._107_/ZN
 res_mem_inst.slot\[7\].slot_reg._108_/ZN
 res_mem_inst.slot\[7\].slot_reg._109_/ZN
 res_mem_inst.slot\[7\].slot_reg._110_/ZN
 res_mem_inst.slot\[7\].slot_reg._111_/ZN
 res_mem_inst.slot\[7\].slot_reg._112_/ZN
 res_mem_inst.slot\[7\].slot_reg._113_/ZN
 res_mem_inst.slot\[7\].slot_reg._114_/ZN
 res_mem_inst.slot\[7\].slot_reg._115_/ZN
 res_mem_inst.slot\[7\].slot_reg._116_/ZN
 res_mem_inst.slot\[7\].slot_reg._117_/Q
 res_mem_inst.slot\[7\].slot_reg._118_/Q
 res_mem_inst.slot\[7\].slot_reg._119_/Q
 res_mem_inst.slot\[7\].slot_reg._120_/Q
 res_mem_inst.slot\[7\].slot_reg._121_/Q
 res_mem_inst.slot\[7\].slot_reg._122_/Q
 res_mem_inst.slot\[7\].slot_reg._123_/Q
 res_mem_inst.slot\[7\].slot_reg._124_/Q
 res_mem_inst.slot\[7\].slot_reg._125_/Q
 res_mem_inst.slot\[7\].slot_reg._126_/Q
 res_mem_inst.slot\[7\].slot_reg._127_/Q
 res_mem_inst.slot\[7\].slot_reg._128_/Q
 res_mem_inst.slot\[8\].slot_reg._053_/ZN
 res_mem_inst.slot\[8\].slot_reg._054_/ZN
 res_mem_inst.slot\[8\].slot_reg._055_/ZN
 res_mem_inst.slot\[8\].slot_reg._056_/ZN
 res_mem_inst.slot\[8\].slot_reg._057_/ZN
 res_mem_inst.slot\[8\].slot_reg._058_/ZN
 res_mem_inst.slot\[8\].slot_reg._059_/ZN
 res_mem_inst.slot\[8\].slot_reg._060_/ZN
 res_mem_inst.slot\[8\].slot_reg._061_/ZN
 res_mem_inst.slot\[8\].slot_reg._062_/ZN
 res_mem_inst.slot\[8\].slot_reg._063_/ZN
 res_mem_inst.slot\[8\].slot_reg._064_/ZN
 res_mem_inst.slot\[8\].slot_reg._065_/ZN
 res_mem_inst.slot\[8\].slot_reg._066_/ZN
 res_mem_inst.slot\[8\].slot_reg._067_/ZN
 res_mem_inst.slot\[8\].slot_reg._068_/ZN
 res_mem_inst.slot\[8\].slot_reg._069_/ZN
 res_mem_inst.slot\[8\].slot_reg._070_/ZN
 res_mem_inst.slot\[8\].slot_reg._071_/ZN
 res_mem_inst.slot\[8\].slot_reg._072_/ZN
 res_mem_inst.slot\[8\].slot_reg._073_/ZN
 res_mem_inst.slot\[8\].slot_reg._074_/ZN
 res_mem_inst.slot\[8\].slot_reg._075_/ZN
 res_mem_inst.slot\[8\].slot_reg._076_/ZN
 res_mem_inst.slot\[8\].slot_reg._077_/ZN
 res_mem_inst.slot\[8\].slot_reg._078_/ZN
 res_mem_inst.slot\[8\].slot_reg._079_/ZN
 res_mem_inst.slot\[8\].slot_reg._080_/Z
 res_mem_inst.slot\[8\].slot_reg._081_/ZN
 res_mem_inst.slot\[8\].slot_reg._082_/ZN
 res_mem_inst.slot\[8\].slot_reg._083_/ZN
 res_mem_inst.slot\[8\].slot_reg._084_/ZN
 res_mem_inst.slot\[8\].slot_reg._085_/ZN
 res_mem_inst.slot\[8\].slot_reg._086_/ZN
 res_mem_inst.slot\[8\].slot_reg._087_/ZN
 res_mem_inst.slot\[8\].slot_reg._088_/ZN
 res_mem_inst.slot\[8\].slot_reg._089_/ZN
 res_mem_inst.slot\[8\].slot_reg._090_/ZN
 res_mem_inst.slot\[8\].slot_reg._091_/ZN
 res_mem_inst.slot\[8\].slot_reg._092_/ZN
 res_mem_inst.slot\[8\].slot_reg._093_/ZN
 res_mem_inst.slot\[8\].slot_reg._094_/ZN
 res_mem_inst.slot\[8\].slot_reg._095_/ZN
 res_mem_inst.slot\[8\].slot_reg._096_/ZN
 res_mem_inst.slot\[8\].slot_reg._097_/ZN
 res_mem_inst.slot\[8\].slot_reg._098_/ZN
 res_mem_inst.slot\[8\].slot_reg._099_/ZN
 res_mem_inst.slot\[8\].slot_reg._100_/ZN
 res_mem_inst.slot\[8\].slot_reg._101_/ZN
 res_mem_inst.slot\[8\].slot_reg._102_/ZN
 res_mem_inst.slot\[8\].slot_reg._103_/ZN
 res_mem_inst.slot\[8\].slot_reg._104_/ZN
 res_mem_inst.slot\[8\].slot_reg._105_/ZN
 res_mem_inst.slot\[8\].slot_reg._106_/ZN
 res_mem_inst.slot\[8\].slot_reg._107_/ZN
 res_mem_inst.slot\[8\].slot_reg._108_/ZN
 res_mem_inst.slot\[8\].slot_reg._109_/ZN
 res_mem_inst.slot\[8\].slot_reg._110_/ZN
 res_mem_inst.slot\[8\].slot_reg._111_/ZN
 res_mem_inst.slot\[8\].slot_reg._112_/ZN
 res_mem_inst.slot\[8\].slot_reg._113_/ZN
 res_mem_inst.slot\[8\].slot_reg._114_/ZN
 res_mem_inst.slot\[8\].slot_reg._115_/ZN
 res_mem_inst.slot\[8\].slot_reg._116_/ZN
 res_mem_inst.slot\[8\].slot_reg._117_/Q
 res_mem_inst.slot\[8\].slot_reg._118_/Q
 res_mem_inst.slot\[8\].slot_reg._119_/Q
 res_mem_inst.slot\[8\].slot_reg._120_/Q
 res_mem_inst.slot\[8\].slot_reg._121_/Q
 res_mem_inst.slot\[8\].slot_reg._122_/Q
 res_mem_inst.slot\[8\].slot_reg._123_/Q
 res_mem_inst.slot\[8\].slot_reg._124_/Q
 res_mem_inst.slot\[8\].slot_reg._125_/Q
 res_mem_inst.slot\[8\].slot_reg._126_/Q
 res_mem_inst.slot\[8\].slot_reg._127_/Q
 res_mem_inst.slot\[8\].slot_reg._128_/Q
 res_mem_inst.slot\[9\].slot_reg._053_/ZN
 res_mem_inst.slot\[9\].slot_reg._054_/ZN
 res_mem_inst.slot\[9\].slot_reg._055_/ZN
 res_mem_inst.slot\[9\].slot_reg._056_/ZN
 res_mem_inst.slot\[9\].slot_reg._057_/ZN
 res_mem_inst.slot\[9\].slot_reg._058_/ZN
 res_mem_inst.slot\[9\].slot_reg._059_/ZN
 res_mem_inst.slot\[9\].slot_reg._060_/ZN
 res_mem_inst.slot\[9\].slot_reg._061_/ZN
 res_mem_inst.slot\[9\].slot_reg._062_/ZN
 res_mem_inst.slot\[9\].slot_reg._063_/ZN
 res_mem_inst.slot\[9\].slot_reg._064_/ZN
 res_mem_inst.slot\[9\].slot_reg._065_/ZN
 res_mem_inst.slot\[9\].slot_reg._066_/ZN
 res_mem_inst.slot\[9\].slot_reg._067_/ZN
 res_mem_inst.slot\[9\].slot_reg._068_/ZN
 res_mem_inst.slot\[9\].slot_reg._069_/ZN
 res_mem_inst.slot\[9\].slot_reg._070_/ZN
 res_mem_inst.slot\[9\].slot_reg._071_/ZN
 res_mem_inst.slot\[9\].slot_reg._072_/ZN
 res_mem_inst.slot\[9\].slot_reg._073_/ZN
 res_mem_inst.slot\[9\].slot_reg._074_/ZN
 res_mem_inst.slot\[9\].slot_reg._075_/ZN
 res_mem_inst.slot\[9\].slot_reg._076_/ZN
 res_mem_inst.slot\[9\].slot_reg._077_/ZN
 res_mem_inst.slot\[9\].slot_reg._078_/ZN
 res_mem_inst.slot\[9\].slot_reg._079_/ZN
 res_mem_inst.slot\[9\].slot_reg._080_/Z
 res_mem_inst.slot\[9\].slot_reg._081_/ZN
 res_mem_inst.slot\[9\].slot_reg._082_/ZN
 res_mem_inst.slot\[9\].slot_reg._083_/ZN
 res_mem_inst.slot\[9\].slot_reg._084_/ZN
 res_mem_inst.slot\[9\].slot_reg._085_/ZN
 res_mem_inst.slot\[9\].slot_reg._086_/ZN
 res_mem_inst.slot\[9\].slot_reg._087_/ZN
 res_mem_inst.slot\[9\].slot_reg._088_/ZN
 res_mem_inst.slot\[9\].slot_reg._089_/ZN
 res_mem_inst.slot\[9\].slot_reg._090_/ZN
 res_mem_inst.slot\[9\].slot_reg._091_/ZN
 res_mem_inst.slot\[9\].slot_reg._092_/ZN
 res_mem_inst.slot\[9\].slot_reg._093_/ZN
 res_mem_inst.slot\[9\].slot_reg._094_/ZN
 res_mem_inst.slot\[9\].slot_reg._095_/ZN
 res_mem_inst.slot\[9\].slot_reg._096_/ZN
 res_mem_inst.slot\[9\].slot_reg._097_/ZN
 res_mem_inst.slot\[9\].slot_reg._098_/ZN
 res_mem_inst.slot\[9\].slot_reg._099_/ZN
 res_mem_inst.slot\[9\].slot_reg._100_/ZN
 res_mem_inst.slot\[9\].slot_reg._101_/ZN
 res_mem_inst.slot\[9\].slot_reg._102_/ZN
 res_mem_inst.slot\[9\].slot_reg._103_/ZN
 res_mem_inst.slot\[9\].slot_reg._104_/ZN
 res_mem_inst.slot\[9\].slot_reg._105_/ZN
 res_mem_inst.slot\[9\].slot_reg._106_/ZN
 res_mem_inst.slot\[9\].slot_reg._107_/ZN
 res_mem_inst.slot\[9\].slot_reg._108_/ZN
 res_mem_inst.slot\[9\].slot_reg._109_/ZN
 res_mem_inst.slot\[9\].slot_reg._110_/ZN
 res_mem_inst.slot\[9\].slot_reg._111_/ZN
 res_mem_inst.slot\[9\].slot_reg._112_/ZN
 res_mem_inst.slot\[9\].slot_reg._113_/ZN
 res_mem_inst.slot\[9\].slot_reg._114_/ZN
 res_mem_inst.slot\[9\].slot_reg._115_/ZN
 res_mem_inst.slot\[9\].slot_reg._116_/ZN
 res_mem_inst.slot\[9\].slot_reg._117_/Q
 res_mem_inst.slot\[9\].slot_reg._118_/Q
 res_mem_inst.slot\[9\].slot_reg._119_/Q
 res_mem_inst.slot\[9\].slot_reg._120_/Q
 res_mem_inst.slot\[9\].slot_reg._121_/Q
 res_mem_inst.slot\[9\].slot_reg._122_/Q
 res_mem_inst.slot\[9\].slot_reg._123_/Q
 res_mem_inst.slot\[9\].slot_reg._124_/Q
 res_mem_inst.slot\[9\].slot_reg._125_/Q
 res_mem_inst.slot\[9\].slot_reg._126_/Q
 res_mem_inst.slot\[9\].slot_reg._127_/Q
 res_mem_inst.slot\[9\].slot_reg._128_/Q
 timer_inst._28_/ZN
 timer_inst._29_/ZN
 timer_inst._30_/ZN
 timer_inst._31_/Z
 timer_inst._32_/Z
 timer_inst._33_/ZN
 timer_inst._34_/ZN
 timer_inst._35_/Z
 timer_inst._36_/ZN
 timer_inst._37_/ZN
 timer_inst._38_/Z
 timer_inst._39_/Z
 timer_inst._40_/ZN
 timer_inst._41_/ZN
 timer_inst._42_/ZN
 timer_inst._43_/ZN
 timer_inst._44_/ZN
 timer_inst._45_/ZN
 timer_inst._46_/ZN
 timer_inst._47_/ZN
 timer_inst._48_/ZN
 timer_inst._49_/ZN
 timer_inst._50_/ZN
 timer_inst._51_/ZN
 timer_inst._52_/ZN
 timer_inst._53_/Z
 timer_inst._54_/ZN
 timer_inst._55_/Z
 timer_inst._56_/ZN
 timer_inst._57_/ZN
 timer_inst._58_/ZN
 timer_inst._59_/Z
 timer_inst._60_/ZN
 timer_inst._61_/Z
 timer_inst._62_/ZN
 timer_inst._63_/ZN
 timer_inst._64_/ZN
 timer_inst._65_/ZN
 timer_inst._66_/ZN
 timer_inst._67_/Q
 timer_inst._68_/Q
 timer_inst._69_/Q
 timer_inst._70_/Q
 timer_inst._71_/Q
 timer_inst._72_/Q
 timer_inst._73_/Q
 timer_inst._74_/Q
 timer_inst._75_/Q
 timer_inst._76_/Q
 timer_inst._77_/Q
 timer_inst._78_/Q
 timer_inst._79_/Q
 timer_inst._80_/Q
Found 0 partially unannotated drivers.

===========================================================================
max slew violation count 3030
max fanout violation count 4
max cap violation count 18
============================================================================

===========================================================================
check_setup -verbose -unconstrained_endpoints -multiple_clock -no_clock -no_input_delay -loops -generated_clocks
===========================================================================
