net,length_um
net81,2214.36
net59,1982.34
net33,1683.9
core.adder_tree.sum_out\[7\],1545.07
core.adder_tree.sum_out\[4\],1539.87
core.adder_tree.sum_out\[5\],1512.85
core.adder_tree.sum_out\[3\],1469.2
net7,1456.6
core.adder_tree.sum_out\[6\],1456.53
net8,1422.04
core.adder_tree.sum_out\[2\],1417.24
core.adder_tree.sum_out\[8\],1396.38
core.adder_tree.sum_out\[1\],1355.08
core.adder_tree.sum_out\[9\],1315.73
net76,1291.95
core.adder_tree.sum_out\[11\],1250.09
core.adder_tree.sum_out\[0\],1249.9
clknet_0_clk,1227.8
core.adder_tree.sum_out\[10\],1216.76
net46,1164.1
net45,1147.41
net68,1139.34
net6,1106.48
core.active_count_en,1070.61
net47,1061.24
core.bgc_4.mode_row\[0\],1030
net42,1023.87
net78,1023.76
net5,1004.94
net71,996.21
net24,993.84
net66,984.8
core.bgc_12.mode_row\[0\],964.57
net41,955.99
net75,955.83
net25,949.825
net62,947.7
net55,934.2
net60,920.2
net48,901.69
net80,898.1
net69,890.36
core.bgc_10.mode_row\[0\],882.76
net43,874.73
net36,867.41
net30,867.26
net73,867.05
net63,855.67
core.mode_row_g0,850.05
net65,838.39
net67,837.7
net57,832.98
net40,825.88
net74,821.08
net49,812.43
core.bgc_9._01_,809.99
net79,804.59
net52,789.82
net51,771.32
net77,765.69
net28,765.29
net38,756.02
clknet_4_12__leaf_clk,747.91
net72,739.63
net53,738.645
clknet_4_2__leaf_clk,736.41
clknet_4_11__leaf_clk,733.71
clknet_4_8__leaf_clk,728.49
net26,720.02
clknet_4_10__leaf_clk,719.94
clknet_4_13__leaf_clk,715
clknet_4_14__leaf_clk,711.59
clknet_4_3__leaf_clk,706.29
net39,706.13
net50,688.17
core.bgc_0._01_,686.24
net58,681.6
clknet_4_9__leaf_clk,681.4
net34,671.92
core.bgc_5._01_,668.97
core.res_mem_inst.out_dec_inst.inc,665.55
net31,665.22
clknet_4_15__leaf_clk,655.29
clknet_4_5__leaf_clk,635.02
clknet_4_1__leaf_clk,619.45
core.bgc_0._00_,619.25
clknet_4_7__leaf_clk,619.09
clknet_4_6__leaf_clk,610.79
net64,610.63
clk,600.07
core.bgc_1._01_,594.09
core.bgc_5._00_,587.18
net70,583.63
core.bgc_1._00_,574.91
clknet_4_4__leaf_clk,570.27
core.bgc_11._01_,552.04
core.bgc_15._01_,551.61
core.bgc_13._01_,544.7
core.bgc_13._00_,538
core.bgc_6._01_,535.39
core.bgc_12._00_,534.18
core.bgc_14._01_,521.97
net44,518.18
core.bgc_4._01_,516.96
core.bgc_12._01_,516.61
core.bgc_4._00_,516.53
net27,508.31
net32,501
core.bgc_10._01_,494.87
core.bgc_8._01_,478.83
core.bgc_7._01_,471.91
core.bgc_3._01_,457.585
net61,442.71
net54,438.13
net35,437.67
core.bgc_2._01_,432.61
core.bgc_2._00_,430.51
net56,429.65
net29,414.94
clknet_4_0__leaf_clk,414.49
core.bgc_3._00_,401.21
core.res_mem_inst._022_,396.78
net37,387.71
core.bgc_8._00_,382.22
core.res_mem_inst._025_,371.43
core.res_mem_inst.group_active\[2\],357.47
core.bgc_9._00_,352.08
core.res_mem_inst.group_active\[0\],346.74
core.res_mem_inst._024_,332.38
net2,332.27
net20,329.94
core.res_mem_inst.group_active\[1\],310.44
core.res_mem_inst._023_,302.65
core.res_mem_inst.slot\[3\].slot_reg.mode\[1\],297.83
core.bgc_6.row_reg._042_,296.84
core.bgc_9.comp_row.x,296.29
core.bgc_6._00_,295.93
core.bgc_5.comp_row.x,290.69
net1,289.87
core.res_mem_inst._041_,285.29
net19,284.63
core.bgc_11.col_reg._042_,283.96
core.res_mem_inst.slot\[4\].slot_reg._042_,283.55
core.bgc_0.col_reg._042_,280.5
core.bgc_14.lfsr_col._25_,278.41
core.bgc_11.col_reg._041_,274.95
core.res_mem_inst.slot\[0\].slot_reg._042_,273.47
core.mode_col_g1,272.87
core.bgc_10.lfsr_row._25_,272
core.bgc_4.row_reg._042_,269.5
core.bgc_0.row_reg._041_,268.79
core.bgc_1.comp_row.x,268.29
net22,267.83
core.res_mem_inst.slot\[5\].slot_reg._041_,264.92
core.bgc_4.prev_step_output\[0\],264.14
core.bgc_10.lfsr_col._25_,263.32
core.bgc_11.row_reg._041_,262.73
core.bgc_7._00_,261.31
net23,259.99
core.res_mem_inst.slot\[9\].slot_reg._041_,259.91
core.res_mem_inst.slot\[11\].slot_reg._041_,259.12
core.bgc_0.col_reg._041_,258.76
core.res_mem_inst.slot\[9\].slot_reg._042_,258.15
core.res_mem_inst.slot\[7\].slot_reg.mode\[1\],257.7
core.bgc_10.final_counter._16_,257.015
core.res_mem_inst.slot\[13\].slot_reg._042_,256.72
core.mode_col_g3,256.58
core.bgc_4.lfsr_col._25_,256.24
core.res_mem_inst.slot\[0\].slot_reg._043_,255.86
core.bgc_2.lfsr_row._25_,255.35
core.bgc_14.lfsr_row._25_,254.96
core.bgc_13.row_reg._041_,254.94
core.bgc_9.lfsr_row._25_,253.21
core.bgc_13.row_reg._042_,252.19
core.bgc_11.row_reg._042_,251.73
core.res_mem_inst.slot\[11\].slot_reg._042_,250.66
core.bgc_8.col_reg._041_,250.46
core.bgc_1.row_reg._041_,249.65
core.bgc_5.row_reg._042_,248.53
core.res_mem_inst.slot\[13\].slot_reg._041_,248.02
core.bgc_3.row_reg._041_,247.82
core.res_mem_inst.slot\[4\].slot_reg._041_,246.95
core.res_mem_inst.slot\[1\].slot_reg._042_,246.04
core.bgc_3.lfsr_row._25_,246.01
core.res_mem_inst.slot\[2\].slot_reg._041_,245.96
core.bgc_15.row_reg._042_,245.93
core.res_mem_inst.slot\[14\].slot_reg._041_,245.65
core.bgc_9.row_reg._042_,245.32
core.bgc_10._00_,244.46
core.res_mem_inst.slot\[2\].slot_reg.mode\[1\],244.36
core.bgc_1.lfsr_row._25_,243.03
core.bgc_6.row_reg._041_,242.93
core.bgc_0.lfsr_row._25_,242.52
core.bgc_12.lfsr_col._25_,241.71
net11,240.85
core.bgc_9.row_reg._041_,240.33
core.bgc_8.lfsr_col._25_,239.72
core.bgc_15.row_reg._041_,239.31
core.bgc_11.lfsr_col._25_,238.57
core.res_mem_inst.slot\[0\].slot_reg._041_,238.19
core.res_mem_inst.slot\[14\].slot_reg._042_,237.38
core.bgc_4.row_reg._041_,237.02
core.bgc_0.col_reg._043_,236.62
core.bgc_4.row_reg._043_,235.24
core.res_mem_inst.slot\[8\].slot_reg._041_,234.68
core.res_mem_inst.slot\[1\].slot_reg._041_,234.03
core.bgc_0.row_reg._043_,233.51
core.bgc_6.lfsr_row._25_,233.46
core.bgc_0.row_reg._042_,232.13
net13,231.94
core.bgc_14.col_reg._042_,231.355
core.res_mem_inst.slot\[8\].slot_reg._042_,230.91
core.res_mem_inst.slot\[13\].slot_reg._043_,230.61
core.bgc_12.lfsr_row._25_,229.18
core.bgc_2.col_reg._042_,229.13
core.bgc_11.row_reg._043_,229.03
core.bgc_3.lfsr_col._25_,228.32
core.bgc_10.row_reg._043_,227.96
core.bgc_15.lfsr_col._25_,227.71
core.bgc_12.prev_step_output\[0\],227.46
core.bgc_11.col_reg._043_,226.23
core.bgc_13.lfsr_col._25_,226.05
core.res_mem_inst.slot\[1\].slot_reg._043_,225.44
core.bgc_15.lfsr_row._25_,225.11
core.res_mem_inst.slot\[10\].slot_reg._042_,224.6
core.bgc_0.lfsr_col._25_,224.4
core.bgc_5.col_reg._042_,224.04
core.bgc_5.lfsr_row._25_,224.04
core.res_mem_inst.slot\[12\].slot_reg._041_,223.76
core.res_mem_inst.slot\[5\].slot_reg._042_,223.58
clknet_leaf_78_clk,222.87
core.bgc_10.row_reg._041_,222.41
core.bgc_9.col_reg._043_,222
core.bgc_2.col_reg._041_,221.75
core.bgc_4.lfsr_row._25_,221.39
core.bgc_13.lfsr_row._25_,221.16
core.res_mem_inst.slot\[9\].slot_reg._043_,220.83
core.bgc_7.lfsr_col._25_,219.97
core.bgc_1.row_reg._042_,218.08
clknet_3_0_0_clk,217.48
core.bgc_4.final_counter._16_,217.22
core.bgc_9.lfsr_col._25_,216.86
core.bgc_8.lfsr_row._25_,215.69
core.bgc_7.lfsr_row._25_,215.18
core.bgc_8.col_reg._043_,214.93
core.bgc_15.comp_row.x,214.53
core.bgc_9.final_counter._16_,214.22
core.res_mem_inst._017_,213
core.bgc_5.row_reg._043_,212.46
core.bgc_12.row_reg._043_,211.52
core.res_mem_inst.slot\[10\].slot_reg._043_,209.53
core.bgc_5.col_reg._041_,209.33
core.res_mem_inst.slot\[3\].slot_reg._041_,208.87
core.bgc_3.col_reg._041_,208.64
core.res_mem_inst.slot\[15\].slot_reg._042_,207.375
core.bgc_6.row_reg._043_,206.94
core.bgc_9.col_reg._042_,206.73
clknet_3_5_0_clk,205.67
core.res_mem_inst.slot\[7\].slot_reg._041_,205.56
core.bgc_1.col_reg._041_,204.54
core.bgc_15.col_reg._041_,204.34
core.bgc_5.row_reg._041_,203.58
core.bgc_14.col_reg._041_,202.56
clknet_leaf_89_clk,202.51
clknet_3_4_0_clk,202.36
core.res_mem_inst.slot\[15\].slot_reg._041_,202.1
core.bgc_1.row_reg._043_,201.03
core.bgc_11.lfsr_row._25_,200.83
core.res_mem_inst._004_,200.32
core.bgc_9.col_reg._041_,200.29
core.bgc_6.lfsr_col._25_,199.22
core.bgc_5.lfsr_col._25_,198.94
core.bgc_12.col_reg._042_,198.775
core.bgc_4.col_reg._042_,198.64
core.bgc_2.row_reg._041_,198.48
clknet_3_7_0_clk,198.34
core.bgc_12.col_reg._041_,198.28
core.bgc_2.lfsr_col._25_,198.28
core.bgc_8.final_counter._09_,197.52
core.res_mem_inst.slot\[5\].slot_reg._043_,196.91
core.res_mem_inst.slot\[3\].slot_reg._042_,196.75
core.bgc_15.col_reg._042_,196.6
core.bgc_14.row_reg._041_,194.97
core.bgc_7.row_reg._042_,194.51
core.bgc_1.lfsr_col._25_,194.46
net10,193.76
core.bgc_13.row_reg._043_,192.96
clknet_leaf_208_clk,192.94
core.res_mem_inst.slot\[15\].slot_reg._043_,192.68
clknet_leaf_163_clk,192.53
core.bgc_3.row_reg._042_,192.37
core.bgc_15.col_reg._043_,191.26
core.bgc_7.prev_step_output\[0\],188.36
core.bgc_13.col_reg._041_,188.25
core.bgc_2.col_reg._043_,188.05
core.bgc_11.final_counter._16_,187.39
clknet_leaf_181_clk,186.78
core.bgc_15.row_reg._043_,184.84
clknet_leaf_65_clk,184.23
core.bgc_10.comp_row.x,182.76
clknet_leaf_123_clk,182.4
core.bgc_13.final_counter._09_,181.49
clknet_leaf_124_clk,181.33
core.timer_inst._16_,180.77
core.res_mem_inst._008_,180.52
core.res_mem_inst.slot\[4\].slot_reg._043_,180.47
net12,180.42
core.bgc_3.row_reg._043_,179.85
clknet_leaf_174_clk,179.65
clknet_leaf_58_clk,178.94
core.res_mem_inst._021_,178.69
core.mode_col_g0,178.43
core.res_mem_inst.slot\[11\].slot_reg._043_,178.18
core.adder_tree._0695_,177.62
core.res_mem_inst.slot\[8\].slot_reg._043_,177.46
clknet_3_2_0_clk,176.55
core.res_mem_inst.slot\[12\].slot_reg._043_,176.19
core.res_mem_inst.slot\[2\].slot_reg._043_,176.04
core.bgc_1.col_reg._042_,175.12
clknet_leaf_73_clk,175.02
core.res_mem_inst.slot\[6\].slot_reg._043_,174.97
core.bgc_7.col_reg._043_,174.51
core.res_mem_inst.slot\[12\].slot_reg.mode\[1\],174.41
core.res_mem_inst.slot\[15\].slot_reg.mode\[1\],173.6
clknet_leaf_82_clk,171.76
core.bgc_13.final_counter._16_,171.46
clknet_3_3_0_clk,170.34
core.bgc_9.final_counter._09_,170.03
core.bgc_7.row_reg._041_,167.87
core.res_mem_inst._049_,166.98
core.bgc_15.final_counter._16_,165.96
core.bgc_14._00_,165.35
core.bgc_12.col_reg._043_,164.94
core.bgc_5.final_counter._16_,164.89
core.bgc_9.row_reg._043_,164.12
core.bgc_3.final_counter._16_,163.16
core.res_mem_inst.slot\[12\].slot_reg._042_,162.85
core.bgc_14.col_reg._043_,162.52
core.res_mem_inst.slot\[2\].slot_reg._042_,162.34
core.bgc_8.col_reg._042_,161.83
core.bgc_5.final_counter._09_,161.07
core.bgc_10.final_counter._09_,160.97
core.res_mem_inst._005_,160.51
clknet_3_6_0_clk,160.26
core.bgc_7.lfsr_col.seed_mem\[2\],159.75
core.bgc_9.lfsr_col.seed_mem\[3\],158.68
core.bgc_14.row_reg._042_,158.17
core.res_mem_inst.slot\[6\].slot_reg._042_,158.17
core.res_mem_inst.slot\[6\].slot_reg._041_,157.15
core.bgc_12.row_reg._041_,156.54
core.res_mem_inst.slot\[10\].slot_reg._041_,156.13
core.adder_tree.r\[10\]\[6\],155.62
clknet_leaf_92_clk,155.52
core.bgc_10.row_reg._042_,155.47
core.res_mem_inst.slot\[3\].slot_reg._043_,154.48
core.bgc_8.row_reg._041_,153.89
core.bgc_4.col_reg.mode\[0\],153.81
core.bgc_4.col_reg._041_,152.72
core.res_mem_inst.slot\[13\].slot_reg.mode\[1\],152.52
clknet_3_1_0_clk,152.47
core.bgc_4.col_reg._043_,152.11
core.bgc_8.row_reg._043_,151.96
core.res_mem_inst._006_,151.3
core.bgc_10.col_reg._041_,150.89
core.bgc_13.prev_step_output\[0\],150.89
core.bgc_6.final_counter._09_,150.28
core.bgc_7.final_counter._09_,150.28
core.bgc_14.comp_row.x,149.06
core.bgc_13.lfsr_col.seed_mem\[5\],148.5
core.bgc_14.row_reg._043_,148.14
core.bgc_2.final_counter._16_,148.14
core.bgc_15.lfsr_row.seed_mem\[4\],147.89
core.bgc_1.col_reg._043_,147.53
core.res_mem_inst.slot\[7\].slot_reg._042_,147.48
core.bgc_2.row_reg._042_,146.51
core.res_mem_inst.slot\[7\].slot_reg._043_,146.51
core.bgc_0.lfsr_row.seed_mem\[8\],146.36
core.bgc_14.lfsr_col.seed_mem\[6\],145.85
clknet_leaf_134_clk,144.73
clknet_leaf_6_clk,144.63
core.bgc_10.col_reg._043_,144.27
core.bgc_13.col_reg._043_,143.99
core.bgc_7.row_reg._043_,143.66
core.bgc_6.col_reg._041_,143.48
core.bgc_8.prev_step_output\[0\],143
core.bgc_13.col_reg._042_,141.98
core.timer_inst._03_,141.93
core.bgc_6.col_reg._042_,141.42
core.res_mem_inst.slot\[14\].slot_reg._043_,141.42
core.res_mem_inst.slot\[7\].slot_reg.mode\[0\],141.22
clknet_leaf_26_clk,140.91
core.bgc_12.final_counter._16_,140.25
core.bgc_4.lfsr_col.seed_mem\[2\],140.15
core.bgc_4.final_counter._09_,139.74
core.bgc_14.final_counter._16_,139.18
core.bgc_10.col_reg._042_,138.47
clknet_leaf_144_clk,138.16
core.bgc_12.row_reg._042_,137.75
core.bgc_14.final_counter._09_,137.5
core.bgc_7.lfsr_row.seed_mem\[3\],137.4
core.bgc_6.lfsr_col.seed_mem\[5\],137.09
core.bgc_2.lfsr_row.seed_mem\[2\],136.84
core.bgc_5.col_reg._043_,136.43
core.res_mem_inst.slot\[4\].slot_reg.mode\[1\],135.11
core.bgc_0.col_reg.q\[8\],135.06
core.bgc_15.col_reg.mode\[0\],134.96
core.bgc_15.lfsr_row.seed_mem\[6\],133.94
core.bgc_1.lfsr_row.seed_mem\[3\],133.48
core.bgc_15.lfsr_row.seed_mem\[7\],133.48
core.bgc_3.col_reg._043_,132.97
core.bgc_15.lfsr_row.seed_mem\[5\],132.36
core.bgc_2.row_reg._043_,132.36
clknet_leaf_70_clk,131.8
core.bgc_9.lfsr_row.seed_mem\[4\],131.29
clknet_leaf_64_clk,131.29
core.bgc_9.lfsr_col.seed_mem\[2\],131.24
core.bgc_7.lfsr_row.seed_mem\[8\],130.07
clknet_leaf_71_clk,128.39
core.bgc_11.final_counter._09_,127.93
core.bgc_12.final_counter._09_,127.78
core.lfsr_enabler.timer_done,126.71
clknet_leaf_69_clk,126.4
core.res_mem_inst.slot\[11\].slot_reg.mode\[1\],126.15
core.bgc_0.comp_row.x,126.1
core.bgc_7.col_reg._042_,126.1
core.bgc_7.col_reg._041_,125.33
core.bgc_8.row_reg._042_,125.13
clknet_leaf_168_clk,124.52
core.adder_tree._0700_,124.42
clknet_leaf_135_clk,124.06
core.bgc_6.col_reg._043_,124.01
clknet_leaf_100_clk,123.5
core.bgc_11.lfsr_col.seed_mem\[4\],123.45
core.bgc_15.lfsr_row.seed_mem\[2\],123.35
core.bgc_12.prev_step_output\[10\],123.25
core.bgc_15.lfsr_row.seed_mem\[3\],122.99
clknet_leaf_192_clk,122.94
core.res_mem_inst._009_,122.74
core.bgc_11.prev_step_output\[0\],122.18
core.res_mem_inst.slot\[4\].slot_reg.mode\[0\],121.52
core.bgc_2.lfsr_col.seed_mem\[5\],121.26
core.bgc_4.lfsr_row.seed_mem\[4\],121.26
core.bgc_7.lfsr_col.seed_mem\[11\],119.43
core.bgc_3.col_reg._042_,119.02
core.bgc_8.final_counter._16_,118.92
clknet_leaf_14_clk,118.92
clknet_leaf_180_clk,118.92
core.bgc_9.lfsr_col.seed_mem\[1\],117.885
core.bgc_1.lfsr_row.seed_mem\[1\],117.65
clknet_leaf_133_clk,117.32
core.bgc_12.lfsr_col.seed_mem\[1\],117.19
core.res_mem_inst._012_,117.09
core.bgc_11.col_reg.q\[3\],116.68
core.bgc_9.lfsr_col.seed_mem\[4\],116.07
core.bgc_6.comp_col.x,116.02
core.bgc_6.lfsr_row.seed_mem\[2\],115.71
core.bgc_5.lfsr_col.seed_mem\[1\],115.51
clknet_leaf_127_clk,115.51
core.bgc_14.lfsr_row.seed_mem\[5\],114.44
clknet_leaf_171_clk,114.39
core.bgc_8.comp_row.x,114.34
core.bgc_6.lfsr_row.seed_mem\[3\],114.26
core.bgc_7.lfsr_col.seed_mem\[5\],113.93
clknet_leaf_72_clk,113.88
core.bgc_1.lfsr_col.seed_mem\[5\],113.78
clknet_leaf_84_clk,113.68
clknet_leaf_97_clk,113.37
clknet_leaf_106_clk,113.37
clknet_leaf_216_clk,112.86
core.bgc_0.comp_col.x,112.81
core.bgc_15.lfsr_col.seed_mem\[9\],112.81
core.bgc_3.lfsr_row.seed_mem\[6\],112.2
core.bgc_4.lfsr_col.seed_mem\[9\],112.1
clknet_leaf_24_clk,112.1
core.timer_inst._02_,112.05
core.bgc_12.lfsr_row.seed_mem\[5\],111.64
core.bgc_9.lfsr_col.seed_mem\[5\],111.64
clknet_leaf_160_clk,111.64
clknet_leaf_107_clk,111.59
clknet_leaf_221_clk,111.18
core.bgc_11.lfsr_col.seed_mem\[2\],111.08
core.res_mem_inst.slot\[6\].slot_reg.mode\[1\],110.98
core.bgc_0.col_reg.q\[9\],110.93
core.bgc_13.comp_row.x,110.88
core.bgc_9.lfsr_row.seed_mem\[5\],110.06
core.bgc_13.lfsr_row.seed_mem\[4\],110.01
clknet_leaf_190_clk,109.96
clknet_leaf_147_clk,109.4
clknet_leaf_178_clk,109.4
core.adder_tree.r\[1\]\[10\],109.35
core.bgc_2.lfsr_row.seed_mem\[3\],109.35
core.bgc_11.col_reg.q\[2\],109.25
clknet_leaf_201_clk,108.94
clknet_leaf_87_clk,108.84
core.bgc_11.lfsr_col.seed_mem\[3\],108.74
clknet_leaf_17_clk,108.33
core.bgc_3.lfsr_col.seed_mem\[1\],108.13
clknet_leaf_194_clk,108
clknet_leaf_56_clk,107.87
clknet_leaf_220_clk,107.82
core.bgc_12.lfsr_row.seed_mem\[3\],107.72
core.bgc_8.lfsr_row.seed_mem\[2\],107.57
core.adder_tree._0638_,107.52
core.bgc_5.lfsr_row.seed_mem\[3\],106.6
core.bgc_3.lfsr_row.seed_mem\[5\],106.5
clknet_leaf_16_clk,106.09
clknet_leaf_44_clk,106.04
clknet_leaf_214_clk,106.04
core.bgc_13.lfsr_row.seed_mem\[3\],105.99
core.bgc_10.lfsr_row.seed_mem\[4\],105.89
clknet_leaf_8_clk,105.53
clknet_leaf_10_clk,105.43
clknet_leaf_91_clk,105.38
core.bgc_12.comp_row.x,105.28
clknet_leaf_90_clk,104.97
core.bgc_14.lfsr_col.seed_mem\[0\],104.87
clknet_leaf_40_clk,104.36
core.bgc_2.lfsr_row.seed_mem\[8\],104.31
core.bgc_6.lfsr_col.seed_mem\[8\],103.8
core.bgc_6.comp_row.x,103.7
core.bgc_11.lfsr_row.seed_mem\[3\],103.65
core.bgc_0.prev_step_output\[0\],103.34
core.bgc_13.lfsr_row.seed_mem\[2\],102.68
clknet_leaf_182_clk,102.68
clknet_leaf_204_clk,102.63
core.bgc_9.lfsr_row.seed_mem\[3\],102.58
core.bgc_8.final_counter._01_,102.22
clknet_leaf_148_clk,102.17
core.bgc_6.lfsr_col.seed_mem\[4\],102.12
clknet_leaf_165_clk,102.12
clknet_leaf_209_clk,101.61
core.bgc_12.lfsr_col.seed_mem\[5\],101.46
core.bgc_6.lfsr_col.seed_mem\[2\],101.46
clknet_leaf_52_clk,101.1
core.adder_tree.r\[6\]\[10\],101
clknet_leaf_11_clk,101
core.bgc_5.lfsr_row.seed_mem\[4\],100.95
core.bgc_11.col_reg.q\[11\],100.85
clknet_leaf_27_clk,100.34
core.bgc_3.lfsr_col.seed_mem\[6\],100.24
core.bgc_5.prev_step_output\[9\],99.88
clknet_leaf_212_clk,99.88
core.adder_tree._0397_,99.83
core.bgc_0.final_counter._16_,99.83
core.bgc_0.lfsr_col.seed_mem\[3\],99.83
clknet_leaf_159_clk,99.22
core.bgc_15.lfsr_col.seed_mem\[7\],99.17
core.bgc_8.lfsr_col.seed_mem\[1\],99.17
core.adder_tree.r\[1\]\[6\],98.96
clknet_leaf_164_clk,98.71
core.bgc_2.lfsr_row.seed_mem\[4\],98.66
core.bgc_0.col_reg.q\[1\],98.3
core.bgc_8.col_reg.q\[4\],98.2
clknet_leaf_207_clk,98.15
clknet_leaf_20_clk,97.59
core.bgc_9.lfsr_col.seed_mem\[8\],97.49
core.res_mem_inst._018_,97.44
clknet_leaf_18_clk,97.13
clknet_leaf_67_clk,97.13
clknet_leaf_119_clk,97.13
clknet_leaf_156_clk,97.08
core.adder_tree.r\[4\]\[6\],96.98
core.bgc_6.final_counter._16_,96.98
clknet_leaf_188_clk,96.47
core.adder_tree.r\[6\]\[6\],96.42
clknet_leaf_187_clk,96.42
clknet_leaf_39_clk,96.06
core.bgc_8.lfsr_col.seed_mem\[7\],95.96
clknet_leaf_161_clk,95.91
core.bgc_3.lfsr_col.seed_mem\[5\],95.86
core.adder_tree.r\[10\]\[7\],94.84
core.bgc_5.lfsr_row.seed_mem\[1\],94.84
clknet_leaf_101_clk,94.84
clknet_leaf_114_clk,94.84
core.bgc_10.lfsr_row.seed_mem\[2\],94.79
clknet_leaf_198_clk,94.79
core.adder_tree._0667_,94.69
core.adder_tree.r\[5\]\[0\],94.46
core.adder_tree.r\[10\]\[0\],94.43
clknet_leaf_36_clk,94.38
clknet_leaf_217_clk,94.23
core.bgc_13.lfsr_row.seed_mem\[1\],94.18
core.bgc_8.lfsr_col.seed_mem\[5\],94.18
clknet_leaf_50_clk,93.67
clknet_leaf_219_clk,93.67
clknet_leaf_54_clk,93.11
core.bgc_4.lfsr_row.seed_mem\[2\],93.06
core.bgc_0.final_counter._09_,92.96
clknet_leaf_116_clk,92.83
core.bgc_10.lfsr_row.seed_mem\[10\],92.55
core.bgc_12.lfsr_row.seed_mem\[2\],92.5
clknet_leaf_21_clk,92.5
core.bgc_12.comp_row.B\[10\],92.45
core.bgc_7.lfsr_col.seed_mem\[9\],92.45
clknet_leaf_63_clk,92.45
core.bgc_8.comp_row.B\[11\],92.17
core.adder_tree.r\[15\]\[6\],92.09
core.bgc_1.comp_row.B\[7\],91.99
clknet_leaf_47_clk,91.99
core.bgc_13.lfsr_col.seed_mem\[10\],91.94
clknet_leaf_25_clk,91.94
clknet_leaf_85_clk,91.94
core.bgc_14.comp_row.B\[4\],91.43
clknet_leaf_200_clk,91.43
clknet_leaf_167_clk,90.92
clknet_leaf_189_clk,90.82
core.adder_tree._0158_,90.26
core.bgc_13.prev_step_output\[10\],90.26
core.bgc_12.lfsr_row.seed_mem\[8\],90.21
core.bgc_3.final_counter._09_,90.21
core.adder_tree._0714_,90.16
clknet_leaf_151_clk,89.85
core.bgc_11.col_reg.q\[1\],89.75
core.adder_tree.r\[11\]\[0\],89.19
core.bgc_14.col_reg.q\[10\],89.19
core.bgc_7.lfsr_row.seed_mem\[4\],89.14
core.bgc_9.lfsr_row.seed_mem\[8\],89.09
core.adder_tree._0699_,89.04
core.bgc_3.lfsr_row.seed_mem\[4\],88.63
core.bgc_6.col_reg.q\[10\],88.63
core.bgc_11.lfsr_col.seed_mem\[9\],88.58
core.bgc_15.lfsr_col.seed_mem\[6\],88.58
core.bgc_9.lfsr_row.seed_mem\[1\],88.58
clknet_leaf_115_clk,88.58
clknet_leaf_68_clk,88.53
clknet_leaf_35_clk,88.12
core.bgc_14.comp_row.B\[11\],88.07
clknet_leaf_80_clk,88.07
core.bgc_0.lfsr_col.seed_mem\[1\],87.97
core.bgc_4.comp_row.x,87.97
core.bgc_10.lfsr_col.seed_mem\[5\],87.56
core.bgc_12.lfsr_row.seed_mem\[4\],87.51
core.bgc_2.lfsr_col.seed_mem\[2\],87.51
core.bgc_7.final_counter._16_,87.51
core.bgc_0.col_reg.q\[10\],87.41
clknet_leaf_95_clk,87.36
core.bgc_14.lfsr_col.seed_mem\[3\],87.05
core.bgc_12.lfsr_col.seed_mem\[4\],87
clknet_leaf_177_clk,87
core.bgc_14.lfsr_row.seed_mem\[4\],86.95
core.bgc_7.lfsr_col.seed_mem\[6\],86.95
core.adder_tree._0336_,86.85
clknet_leaf_125_clk,86.62
core.adder_tree.r\[2\]\[0\],86.44
clknet_leaf_34_clk,86.39
core.bgc_14.lfsr_col.seed_mem\[4\],86.34
core.bgc_5.lfsr_col.seed_mem\[7\],86.34
core.bgc_7.lfsr_row.seed_mem\[2\],86.34
clknet_leaf_169_clk,85.93
core.bgc_0.comp_row.B\[10\],85.83
core.bgc_11.col_reg.q\[10\],85.83
core.bgc_7.comp_row.B\[3\],85.78
clknet_leaf_99_clk,85.78
clknet_leaf_112_clk,85.78
clknet_leaf_146_clk,85.78
core.bgc_12.comp_row.B\[4\],85.73
clknet_leaf_75_clk,85.32
core.bgc_6.comp_row.B\[8\],84.81
clknet_leaf_152_clk,84.71
core.bgc_0.lfsr_col.seed_mem\[10\],84.66
core.bgc_1.col_reg.q\[11\],84.66
core.bgc_10.comp_row.B\[11\],84.66
clknet_leaf_154_clk,84.66
core.adder_tree._0491_,84.61
core.bgc_1.lfsr_row.seed_mem\[2\],84.61
core.bgc_15.lfsr_col.seed_mem\[2\],84.61
core.bgc_6.lfsr_row.seed_mem\[5\],84.61
core.res_mem_inst.slot\[15\].slot_reg.mode\[0\],84.61
clknet_leaf_172_clk,84.25
core.bgc_6.comp_row.B\[10\],84.1
core.bgc_6.lfsr_col.seed_mem\[11\],84.1
core.bgc_8.prev_step_output\[1\],84.1
clknet_leaf_61_clk,83.64
core.bgc_1.col_reg.q\[8\],83.54
core.bgc_11.lfsr_col.seed_mem\[5\],83.54
core.bgc_11.lfsr_row.seed_mem\[2\],83.54
core.bgc_5.lfsr_col.seed_mem\[2\],83.54
core.res_mem_inst.slot\[0\].slot_reg.mode\[1\],83.54
core.adder_tree._0198_,83.49
core.adder_tree.r\[8\]\[0\],83.13
core.adder_tree.r\[3\]\[0\],83.08
clknet_leaf_183_clk,83.03
core.bgc_1.comp_row.B\[2\],82.98
core.bgc_10.comp_row.B\[2\],82.98
core.bgc_10.comp_row.B\[3\],82.98
core.bgc_13.lfsr_col.seed_mem\[8\],82.98
core.bgc_7.lfsr_col.seed_mem\[3\],82.98
clknet_leaf_120_clk,82.98
core.bgc_12.lfsr_row.seed_mem\[0\],82.93
core.adder_tree._0205_,82.88
core.bgc_10.col_reg._018_,82.88
core.bgc_6.lfsr_col.seed_mem\[6\],82.88
core.bgc_7.comp_row.x,82.88
clknet_leaf_211_clk,82.57
core.bgc_12.col_reg.q\[3\],82.52
clknet_leaf_196_clk,82.52
core.adder_tree.r\[12\]\[10\],82.42
core.bgc_11._00_,82.42
core.bgc_9.lfsr_row.seed_mem\[7\],82.42
core.adder_tree._0436_,82.37
core.bgc_0.comp_row.B\[9\],82.37
core.bgc_5.lfsr_row.seed_mem\[5\],82.37
core.adder_tree.r\[8\]\[6\],82.34
core.bgc_0.comp_row.B\[6\],81.96
clknet_leaf_74_clk,81.96
core.bgc_4.prev_step_output\[10\],81.91
clknet_leaf_199_clk,81.91
core.bgc_4.lfsr_row.seed_mem\[5\],81.86
clknet_leaf_77_clk,81.86
clknet_leaf_170_clk,81.86
core.bgc_12.lfsr_col.seed_mem\[6\],81.4
core.bgc_10.lfsr_row.seed_mem\[1\],81.3
core.bgc_13.lfsr_row.seed_mem\[8\],81.3
clknet_leaf_157_clk,81.3
core.bgc_6.lfsr_row.seed_mem\[11\],81.25
core.bgc_8.lfsr_col.seed_mem\[6\],81.2
core.bgc_1.comp_row.B\[6\],80.84
core.bgc_6.col_reg.q\[5\],80.84
core.bgc_15.lfsr_row.seed_mem\[11\],80.79
core.bgc_3.lfsr_col.seed_mem\[11\],80.79
core.bgc_5.comp_row.B\[7\],80.79
core.bgc_7.lfsr_row.seed_mem\[9\],80.79
core.bgc_9.final_counter._21_,80.79
clknet_leaf_13_clk,80.79
core.adder_tree._0292_,80.74
core.bgc_4.lfsr_col.seed_mem\[4\],80.74
core.adder_tree._0642_,80.69
core.bgc_3.lfsr_row.seed_mem\[2\],80.69
core.bgc_6.lfsr_row.seed_mem\[9\],80.69
core.bgc_9.lfsr_row.seed_mem\[6\],80.69
clknet_leaf_102_clk,80.28
core.bgc_1.lfsr_col.seed_mem\[0\],80.23
core.adder_tree._0682_,80.08
core.adder_tree.r\[12\]\[9\],80.05
core.bgc_13.col_reg.q\[8\],79.77
core.bgc_2.col_reg.q\[10\],79.77
core.adder_tree.r\[14\]\[6\],79.72
core.bgc_1.comp_row.B\[3\],79.67
core.bgc_5.comp_row.B\[10\],79.62
core.bgc_8.comp_row.B\[4\],79.62
clknet_leaf_158_clk,79.62
core.bgc_3.col_reg.q\[11\],79.57
core.bgc_0.col_reg.q\[0\],79.52
core.bgc_14.lfsr_col.seed_mem\[2\],79.16
core.adder_tree._0137_,79.11
core.bgc_11.lfsr_col.seed_mem\[6\],79.11
core.bgc_14.lfsr_row.seed_mem\[2\],79.11
core.bgc_12.col_reg.q\[6\],79.06
core.bgc_14.comp_row.B\[10\],79.06
core.adder_tree._0016_,78.96
core.bgc_11.comp_row.x,78.96
core.bgc_10.col_reg.q\[1\],78.7
core.bgc_15.lfsr_col.seed_mem\[3\],78.6
core.bgc_9.comp_row.B\[10\],78.6
core.bgc_2.lfsr_col.seed_mem\[3\],78.55
core.bgc_8.comp_row.B\[9\],78.55
core.bgc_10.lfsr_col.seed_mem\[0\],78.5
core.bgc_13.lfsr_row.seed_mem\[5\],78.5
core.bgc_4.lfsr_row.seed_mem\[9\],78.45
core.bgc_6.comp_row.B\[6\],78.45
net3,78.45
core.adder_tree.r\[1\]\[9\],78.09
core.bgc_7.lfsr_row.seed_mem\[1\],77.89
clknet_leaf_131_clk,77.89
core.bgc_9.comp_row.B\[3\],77.84
core.bgc_15.lfsr_col.seed_mem\[4\],77.48
core.bgc_8.col_reg.q\[11\],77.43
core.bgc_8.lfsr_row.seed_mem\[1\],77.43
core.bgc_15.col_reg.q\[10\],77.38
core.bgc_15.lfsr_col.seed_mem\[1\],77.38
clknet_leaf_33_clk,77.38
core.bgc_0.lfsr_col.seed_mem\[0\],77.33
core.adder_tree.r\[0\]\[6\],77.07
core.adder_tree.r\[15\]\[9\],76.97
core.bgc_15.comp_row.B\[11\],76.92
core.bgc_4.prev_step_output\[1\],76.92
core.bgc_0.lfsr_row.seed_mem\[5\],76.87
core.bgc_1.comp_row.B\[8\],76.87
core.bgc_8.lfsr_col.seed_mem\[4\],76.87
core.bgc_14.lfsr_col.seed_mem\[9\],76.77
core.bgc_15.lfsr_row.seed_mem\[8\],76.77
core.bgc_9.final_counter._01_,76.77
clknet_leaf_110_clk,76.77
clknet_leaf_145_clk,76.77
core.adder_tree.r\[7\]\[0\],76.41
core.bgc_11.lfsr_row.seed_mem\[1\],76.36
core.bgc_5.lfsr_col.seed_mem\[4\],76.36
core.bgc_9.comp_row.B\[9\],76.36
core.bgc_1.lfsr_row.seed_mem\[4\],76.31
clknet_leaf_22_clk,76.31
clknet_leaf_128_clk,76.31
core.bgc_3.lfsr_row.seed_mem\[0\],76.26
core.bgc_10.lfsr_col.seed_mem\[3\],76.21
core.bgc_5.col_reg._018_,76.21
clknet_leaf_109_clk,76.21
clknet_leaf_121_clk,76.21
clknet_leaf_19_clk,76.16
core.bgc_10.col_reg.q\[6\],75.8
core.bgc_14.lfsr_row.seed_mem\[6\],75.75
core.bgc_2.lfsr_col.seed_mem\[8\],75.7
core.bgc_3.lfsr_row.seed_mem\[9\],75.7
core.bgc_7.lfsr_row.seed_mem\[7\],75.7
core.adder_tree._0185_,75.65
core.bgc_0.lfsr_row.seed_mem\[2\],75.65
core.bgc_1.final_counter._09_,75.65
core.adder_tree._0529_,75.6
core.bgc_12.col_reg._040_,75.6
core.bgc_8.lfsr_row.seed_mem\[9\],75.6
clknet_leaf_143_clk,75.29
core.adder_tree._0620_,75.19
core.bgc_12.comp_row.B\[9\],75.19
core.bgc_8.lfsr_row.seed_mem\[3\],75.19
core.bgc_4.comp_row.B\[7\],75.14
core.bgc_9.comp_row.B\[11\],75.14
core.bgc_14.lfsr_row.seed_mem\[0\],75.09
core.bgc_3.comp_row.B\[10\],75.09
core.adder_tree.r\[8\]\[7\],75.04
core.bgc_5.col_reg.q\[2\],74.68
core.bgc_13.final_counter._01_,74.63
core.bgc_9.lfsr_col.seed_mem\[7\],74.63
core.adder_tree.r\[1\]\[11\],74.58
core.bgc_14.comp_row.B\[5\],74.58
core.bgc_7.lfsr_col.seed_mem\[7\],74.58
core.bgc_7.lfsr_row.seed_mem\[5\],74.58
clknet_leaf_111_clk,74.58
clknet_leaf_205_clk,74.58
core.bgc_8.final_counter._21_,74.53
core.bgc_10.col_reg._026_,74.48
core.bgc_0.lfsr_row.seed_mem\[0\],74.12
clknet_leaf_86_clk,74.12
core.bgc_1.lfsr_row.seed_mem\[5\],74.07
core.bgc_2.lfsr_col.seed_mem\[1\],74.07
core.res_mem_inst._050_,74.07
clknet_leaf_104_clk,74.07
core.adder_tree._0570_,74.02
core.bgc_11.lfsr_row.seed_mem\[0\],74.02
core.adder_tree._0440_,73.97
core.bgc_3.lfsr_row.seed_mem\[10\],73.97
core.bgc_7.lfsr_row.seed_mem\[10\],73.97
core.adder_tree._0708_,73.92
core.bgc_14.col_reg.q\[5\],73.51
core.bgc_11.lfsr_row.seed_mem\[9\],73.46
clknet_leaf_3_clk,73.46
core.bgc_11.col_reg.q\[0\],73.41
core.bgc_2.lfsr_row.seed_mem\[6\],73.41
core.bgc_1.col_reg.q\[3\],73.36
clknet_leaf_37_clk,73.13
core.bgc_1.col_reg.q\[9\],73
core.bgc_13.lfsr_row.seed_mem\[6\],73
clknet_leaf_49_clk,73
core._00_,72.95
core.bgc_4.comp_row.B\[5\],72.95
clknet_leaf_139_clk,72.95
core.bgc_13.col_reg.q\[10\],72.9
core.bgc_13.lfsr_col.seed_mem\[4\],72.9
core.adder_tree._0176_,72.85
core.bgc_12.col_reg.q\[11\],72.85
core.bgc_13.lfsr_col.seed_mem\[3\],72.85
core.lfsr_enabler._03_,72.54
core.bgc_8.lfsr_row.seed_mem\[5\],72.44
core.adder_tree.r\[4\]\[7\],72.39
core.bgc_6.col_reg.q\[11\],72.39
core.adder_tree.r\[7\]\[6\],72.34
core.bgc_4.lfsr_col.seed_mem\[5\],72.34
core.bgc_5.comp_row.B\[8\],72.34
clknet_leaf_179_clk,72.34
clknet_leaf_0_clk,72.29
core.bgc_4.comp_row.B\[6\],72.29
core.bgc_8.comp_col._03_,72.29
core.bgc_8.lfsr_col.seed_mem\[10\],72.29
core.bgc_4.col_reg.q\[11\],71.88
core.bgc_10.col_reg.q\[10\],71.83
core.bgc_11.lfsr_row.seed_mem\[5\],71.83
core.bgc_13.col_reg.q\[1\],71.83
core.bgc_4.col_reg.q\[7\],71.83
core.bgc_9.col_reg.q\[11\],71.83
core.bgc_1.lfsr_col.seed_mem\[9\],71.78
core.bgc_2.lfsr_col.seed_mem\[4\],71.78
core.bgc_8.comp_row.B\[10\],71.78
core.bgc_14.col_reg.q\[9\],71.73
core.bgc_15.comp_row.B\[2\],71.73
core.adder_tree._0651_,71.68
core.bgc_2.lfsr_col.seed_mem\[0\],71.68
core.bgc_0.comp_row.B\[4\],71.32
core.bgc_2.col_reg.q\[7\],71.32
core.bgc_4.lfsr_row.seed_mem\[3\],71.32
core.bgc_3.lfsr_col.seed_mem\[2\],71.27
clknet_leaf_137_clk,71.22
core.bgc_2.lfsr_row.seed_mem\[11\],71.17
core.bgc_4.comp_row.B\[4\],71.17
core.bgc_5.lfsr_col.seed_mem\[10\],71.17
core.bgc_8.lfsr_col.seed_mem\[8\],71.17
core.adder_tree._0425_,71.12
core.adder_tree._0171_,70.76
core.bgc_9.comp_row.B\[5\],70.76
net21,70.71
core.bgc_10.lfsr_row.seed_mem\[0\],70.66
core.bgc_2.lfsr_row.seed_mem\[7\],70.61
core.bgc_8.comp_col._02_,70.61
core.bgc_0.final_counter._01_,70.56
core.bgc_6.comp_row.B\[3\],70.2
core.adder_tree.r\[0\]\[10\],70.1
clknet_leaf_98_clk,70.1
core.bgc_8.col_reg.q\[6\],70.05
core.adder_tree._0710_,70
core.bgc_4.lfsr_col.seed_mem\[6\],70
core.adder_tree.r\[1\]\[5\],69.64
core.bgc_10.col_reg.q\[2\],69.64
core.adder_tree._0271_,69.59
core.bgc_10.lfsr_col.seed_mem\[2\],69.59
core.bgc_11.comp_row.B\[11\],69.59
core.bgc_5.comp_row.B\[5\],69.59
core.adder_tree._0608_,69.54
core.bgc_11.comp_row.B\[5\],69.54
clknet_leaf_30_clk,69.54
core.bgc_11.lfsr_row.seed_mem\[11\],69.49
core.bgc_2.lfsr_row.seed_mem\[0\],69.49
core.bgc_3.final_counter._01_,69.49
core.bgc_6.col_reg.q\[9\],69.49
core.adder_tree._0223_,69.44
core.adder_tree._0538_,69.44
core.bgc_2.col_reg.q\[2\],69.03
clknet_leaf_122_clk,69.03
core.bgc_12.col_reg.q\[5\],68.98
core.bgc_13.col_reg.q\[6\],68.98
core.bgc_6.col_reg.q\[6\],68.98
core.bgc_9.lfsr_col.seed_mem\[6\],68.98
core.adder_tree._0404_,68.93
core.bgc_6.lfsr_col.seed_mem\[3\],68.93
core.bgc_8.lfsr_row.seed_mem\[0\],68.52
clknet_leaf_2_clk,68.52
clknet_leaf_83_clk,68.52
core.bgc_10.comp_row.B\[10\],68.47
core.bgc_11.comp_row.B\[3\],68.47
core.bgc_1.col_reg.q\[10\],68.42
core.bgc_15.comp_row.B\[10\],68.42
core.bgc_4.comp_row.B\[11\],68.42
clknet_leaf_173_clk,68.42
core.bgc_2.prev_step_output\[8\],68.32
core.bgc_3.comp_col._12_,68.32
core.bgc_3.final_counter._21_,68.32
core.bgc_14.lfsr_row.seed_mem\[3\],68.01
core.adder_tree._0357_,67.96
core.bgc_6.col_reg.q\[8\],67.96
core.bgc_2.col_reg.q\[8\],67.91
core.adder_tree.r\[12\]\[11\],67.86
core.bgc_11.lfsr_col.seed_mem\[1\],67.86
core.bgc_3.lfsr_col.seed_mem\[4\],67.86
core.bgc_5.col_reg.q\[0\],67.86
clknet_leaf_1_clk,67.86
core.bgc_0.lfsr_row.seed_mem\[1\],67.81
core.bgc_10.col_reg.q\[11\],67.81
core.bgc_14.comp_row.B\[3\],67.81
core.adder_tree._0697_,67.76
core.bgc_3.lfsr_col.seed_mem\[0\],67.76
core.adder_tree.r\[12\]\[4\],67.4
core.bgc_15.lfsr_row.seed_mem\[1\],67.35
core.bgc_6.col_reg.q\[4\],67.35
clknet_leaf_42_clk,67.35
core.bgc_12.comp_row.B\[11\],67.3
core.bgc_14.col_reg.q\[6\],67.3
core.bgc_2.comp_row.B\[3\],67.3
core.bgc_4.prev_step_output\[2\],67.3
core.bgc_5.lfsr_col.seed_mem\[3\],67.3
core.bgc_8.col_reg.q\[7\],67.3
core.bgc_14.col_reg.q\[1\],67.25
core.bgc_9.comp_row.B\[6\],67.25
core.bgc_2.col_reg.q\[9\],66.89
core.bgc_1.comp_row.B\[1\],66.84
core.bgc_1.lfsr_col.seed_mem\[2\],66.84
core.adder_tree.r\[11\]\[4\],66.79
core.adder_tree.r\[12\]\[6\],66.79
core.bgc_10.lfsr_row.seed_mem\[3\],66.79
core.bgc_12.lfsr_col.seed_mem\[3\],66.79
core.adder_tree.r\[13\]\[0\],66.74
core.bgc_0.comp_row.B\[5\],66.74
core.bgc_12.comp_row.B\[3\],66.74
core.bgc_4.comp_col.x,66.74
core.bgc_4.comp_row.B\[3\],66.74
core.adder_tree.r\[2\]\[6\],66.69
core.bgc_12.lfsr_row._00_\[11\],66.69
core.bgc_13.lfsr_row.seed_mem\[7\],66.69
core.bgc_5.lfsr_row.seed_mem\[8\],66.69
core.bgc_9.comp_col.x,66.69
core.bgc_14.comp_row.B\[9\],66.38
core.adder_tree.r\[13\]\[1\],66.33
core.bgc_8.comp_row.B\[5\],66.33
core.bgc_2.comp_row.B\[5\],66.28
core.bgc_1.col_reg.q\[6\],66.23
core.bgc_11.comp_row.B\[2\],66.23
core.adder_tree.r\[1\]\[7\],66.18
core.bgc_1.comp_row.B\[4\],66.18
core.bgc_14.lfsr_col.seed_mem\[8\],66.18
core.bgc_3.comp_row.B\[9\],66.18
core.bgc_7.lfsr_col.seed_mem\[8\],66.18
clknet_leaf_9_clk,66.18
clknet_leaf_41_clk,66.18
core.bgc_14.lfsr_col.seed_mem\[7\],66.13
core.bgc_5.comp_row.B\[11\],66.13
core.bgc_5.lfsr_col.seed_mem\[11\],66.13
core.bgc_8.final_counter._22_,66.13
core.adder_tree.r\[1\]\[3\],65.92
core.adder_tree._0340_,65.72
core.bgc_9.col_reg.q\[6\],65.72
clknet_leaf_132_clk,65.72
core.adder_tree.r\[5\]\[10\],65.67
core.bgc_10.col_reg.q\[9\],65.67
core.bgc_3.lfsr_col.seed_mem\[9\],65.67
clknet_leaf_62_clk,65.67
core.adder_tree._0330_,65.62
core.bgc_15.lfsr_col.seed_mem\[11\],65.62
core.bgc_15.lfsr_col.seed_mem\[5\],65.62
core.bgc_6.col_reg._018_,65.57
core.adder_tree._0530_,65.52
core.bgc_9.final_counter._22_,65.52
core.bgc_2.comp_row.B\[11\],65.11
core.bgc_4.prev_step_output\[9\],65.11
core.bgc_9.col_reg.q\[10\],65.11
core.bgc_1.lfsr_col.seed_mem\[11\],65.06
core.bgc_11.prev_step_output\[8\],65.06
core.bgc_7.comp_row.B\[2\],65.06
core.bgc_9.prev_step_output\[8\],65.06
core.bgc_12.prev_step_output\[9\],65.01
core.bgc_2.comp_row.B\[6\],64.6
core.adder_tree.r\[6\]\[9\],64.55
core.bgc_13.col_reg.q\[0\],64.55
core.bgc_5.lfsr_row.seed_mem\[2\],64.55
core.bgc_7.col_reg.q\[11\],64.55
core.adder_tree.r\[5\]\[2\],64.5
core.bgc_1.lfsr_col.seed_mem\[4\],64.5
core.bgc_13.col_reg.q\[2\],64.5
core.bgc_2.col_reg.q\[4\],64.5
core.bgc_5.col_reg.q\[4\],64.5
core.bgc_0.lfsr_col.seed_mem\[5\],64.45
core.bgc_13.col_data_in\[11\],64.45
clknet_leaf_195_clk,64.04
core.bgc_7.col_reg.q\[3\],63.99
clknet_leaf_31_clk,63.99
core.adder_tree.r\[15\]\[11\],63.94
core.adder_tree.r\[9\]\[3\],63.94
core.bgc_13.col_reg.q\[11\],63.94
core.bgc_13.comp_row.B\[8\],63.94
core.bgc_3.comp_row.B\[11\],63.94
core.bgc_7.col_reg.q\[2\],63.94
core.bgc_15.comp_row.B\[3\],63.89
core.bgc_5.lfsr_col._26_,63.89
core.bgc_8.col_reg.q\[10\],63.89
core.adder_tree._0362_,63.84
core.mode_col_g2,63.84
core.bgc_11.col_reg.q\[6\],63.61
core.bgc_3.col_reg.q\[3\],63.43
core.bgc_4.comp_row.B\[8\],63.43
core.bgc_6.lfsr_row.seed_mem\[1\],63.43
core.bgc_0.lfsr_col.seed_mem\[2\],63.38
core.bgc_15.col_reg.q\[6\],63.38
core.bgc_15.lfsr_col.seed_mem\[10\],63.38
core.bgc_6.comp_row.B\[5\],63.38
core.bgc_8.comp_row.B\[6\],63.38
clknet_leaf_105_clk,63.38
core.bgc_3.final_counter._22_,63.33
clknet_leaf_46_clk,63.33
core.bgc_10.comp_row.A\[9\],63.28
core.res_mem_inst._048_,62.92
core.adder_tree.r\[0\]\[11\],62.87
core.bgc_3.col_reg.q\[6\],62.87
core.bgc_1.lfsr_row.seed_mem\[6\],62.82
core.bgc_11.comp_row.B\[8\],62.82
core.bgc_12.comp_row.B\[8\],62.82
core.bgc_13.lfsr_col.seed_mem\[7\],62.82
clknet_leaf_213_clk,62.82
core.bgc_0.lfsr_row.seed_mem\[9\],62.77
core.bgc_11.lfsr_col.seed_mem\[8\],62.77
core.bgc_7.col_reg.q\[10\],62.77
core.bgc_13.col_reg.q\[7\],62.72
core.bgc_7.comp_col.A\[9\],62.72
core.bgc_2.comp_row.B\[4\],62.36
core.adder_tree.r\[15\]\[7\],62.31
core.bgc_13.final_counter._22_,62.31
core.bgc_7.comp_row.B\[9\],62.31
core.bgc_6.prev_step_output\[8\],62.26
core.bgc_7.lfsr_col.seed_mem\[4\],62.26
core.adder_tree._0371_,62.21
core.bgc_12.lfsr_col.seed_mem\[2\],62.21
core.bgc_15.lfsr_row.seed_mem\[0\],62.21
core.adder_tree.r\[10\]\[1\],62.16
core.bgc_0.col_reg.q\[3\],62.16
core.bgc_5.col_reg.q\[1\],62.16
core.bgc_8.col_reg.q\[5\],62.16
core.bgc_8.lfsr_col.seed_mem\[11\],62.16
core.adder_tree.r\[13\]\[6\],61.95
core.bgc_2.prev_step_output\[5\],61.85
core.bgc_0.comp_row.B\[8\],61.8
core.bgc_10.lfsr_col.seed_mem\[8\],61.8
core.bgc_0.col_reg.q\[2\],61.75
core.bgc_5.lfsr_col.seed_mem\[8\],61.75
core.adder_tree._0254_,61.7
core.bgc_7.comp_row.B\[5\],61.7
core.bgc_10.lfsr_col.seed_mem\[6\],61.65
core.bgc_11.comp_row.B\[1\],61.65
core.bgc_13.final_counter._21_,61.65
core.bgc_2.col_reg.q\[1\],61.65
core.bgc_4.lfsr_row.seed_mem\[6\],61.65
core.bgc_8.comp_row.B\[3\],61.65
core.bgc_9.col_reg.q\[9\],61.65
clknet_leaf_141_clk,61.65
core.bgc_7.comp_row.B\[10\],61.55
core.adder_tree.r\[7\]\[10\],61.24
clknet_leaf_81_clk,61.24
core.bgc_0.comp_row._11_,61.21
clknet_leaf_136_clk,61.19
core.adder_tree.r\[15\]\[5\],61.14
core.bgc_14.col_reg.q\[11\],61.14
core.bgc_14.comp_row.B\[8\],61.14
core.bgc_15.lfsr_col.seed_mem\[0\],61.14
core.bgc_3.prev_step_output\[1\],61.14
core.adder_tree._0567_,61.09
core.bgc_1.comp_row.B\[10\],61.09
core.bgc_10.lfsr_col.seed_mem\[7\],61.09
core.bgc_2.final_counter._09_,61.09
core.bgc_2.lfsr_row.seed_mem\[9\],61.09
clknet_leaf_43_clk,61.09
core.bgc_1.lfsr_col.seed_mem\[6\],60.63
core.bgc_10.lfsr_col.seed_mem\[1\],60.63
core.bgc_3.col_reg.q\[10\],60.63
core.bgc_7.col_reg.q\[5\],60.58
clknet_leaf_79_clk,60.58
clknet_leaf_184_clk,60.58
core.bgc_0.comp_row.B\[3\],60.53
core.bgc_8.prev_step_output\[8\],60.53
core.bgc_8.lfsr_col.seed_mem\[9\],60.48
core.adder_tree.r\[9\]\[6\],60.12
core.bgc_8.col_reg.q\[3\],60.12
core.bgc_8.comp_row.B\[8\],60.12
core.bgc_8.prev_step_output\[3\],60.07
core.res_mem_inst.slot\[8\].slot_reg.mode\[1\],60.07
clknet_leaf_162_clk,60.07
core.bgc_1.comp_row.B\[9\],60.02
core.bgc_1.lfsr_col.seed_mem\[3\],60.02
core.bgc_11.lfsr_col.seed_mem\[7\],59.97
core.bgc_13.lfsr_col.seed_mem\[1\],59.97
core.adder_tree._0705_,59.92
core.adder_tree.r\[5\]\[6\],59.56
core.adder_tree._0647_,59.51
core.bgc_0.prev_step_output\[6\],59.51
core.bgc_10.lfsr_row.seed_mem\[5\],59.51
core.bgc_14.col_reg.q\[3\],59.51
core.bgc_14.comp_row.B\[2\],59.51
core.bgc_14.lfsr_col.seed_mem\[5\],59.51
core.bgc_3.col_reg.q\[7\],59.51
core.bgc_4.col_reg.q\[2\],59.51
clknet_leaf_28_clk,59.51
core.bgc_1.lfsr_col.seed_mem\[8\],59.46
core.bgc_4.comp_col.pe1._13_,59.46
core.bgc_5.lfsr_row.seed_mem\[6\],59.46
core.adder_tree._0166_,59.41
core.bgc_5.col_reg.q\[10\],59.41
clknet_leaf_129_clk,59.36
core.adder_tree.r\[13\]\[9\],59.28
core.adder_tree.r\[1\]\[0\],59.2
core.bgc_14.prev_step_output\[4\],59.05
core.adder_tree.r\[3\]\[6\],59
core.bgc_11.comp_row.B\[7\],59
core.bgc_15.col_reg.q\[8\],59
core.bgc_5.comp_row.B\[2\],59
core.adder_tree.r\[6\]\[5\],58.95
core.adder_tree.r\[8\]\[3\],58.95
core.adder_tree.r\[9\]\[0\],58.95
core.bgc_10.comp_row.B\[4\],58.95
core.bgc_12.col_reg.q\[2\],58.9
core.bgc_3.comp_row.B\[3\],58.9
core.bgc_4.lfsr_row.seed_mem\[7\],58.9
clknet_leaf_166_clk,58.9
core.adder_tree._0663_,58.85
core.bgc_0.lfsr_row.seed_mem\[4\],58.85
core.bgc_10.comp_row.B\[9\],58.85
core.bgc_14.lfsr_row.seed_mem\[7\],58.85
core.bgc_2.final_counter._01_,58.85
core.bgc_2.lfsr_row.seed_mem\[10\],58.85
core.bgc_5.col_reg.q\[3\],58.85
core.bgc_5.lfsr_row.seed_mem\[7\],58.85
core.bgc_9.comp_row.B\[4\],58.8
core.timer_inst._07_,58.8
core.adder_tree.r\[15\]\[0\],58.44
core.bgc_0.col_reg.q\[7\],58.44
core.bgc_11.comp_row.B\[10\],58.39
core.bgc_12.comp_col._02_,58.39
core.adder_tree.r\[15\]\[4\],58.34
core.bgc_13.prev_step_output\[7\],58.34
core.bgc_3.lfsr_row.seed_mem\[3\],58.34
core.bgc_6.comp_row.B\[4\],58.34
core.bgc_6.lfsr_row.seed_mem\[4\],58.34
clknet_leaf_96_clk,58.34
core.bgc_1.col_reg._018_,58.29
core.bgc_6.lfsr_col.seed_mem\[0\],58.29
clknet_leaf_108_clk,58.29
core.adder_tree._0512_,58.24
core.bgc_3.comp_col._11_,58.24
core.adder_tree.r\[11\]\[5\],57.88
core.bgc_9.col_reg.q\[1\],57.83
core.bgc_9.col_reg.q\[4\],57.83
core.bgc_9.lfsr_col.seed_mem\[10\],57.83
clknet_leaf_55_clk,57.83
core.bgc_14.col_reg.q\[7\],57.78
core.bgc_2.col_reg.q\[5\],57.78
core.adder_tree._0447_,57.68
core.adder_tree.r\[10\]\[11\],57.68
core.bgc_12.lfsr_col.seed_mem\[8\],57.68
core.bgc_2.col_reg._018_,57.68
core.bgc_2.lfsr_col.seed_mem\[6\],57.68
core.bgc_5.col_reg.q\[6\],57.37
core.bgc_14.comp_row.B\[7\],57.27
core.bgc_3.comp_row.B\[5\],57.27
core.bgc_0.prev_step_output\[7\],57.22
core.bgc_15.col_reg.q\[3\],57.22
core.bgc_7.comp_row.pe1._13_,57.17
core.bgc_8.col_reg._036_,57.17
core.bgc_8.col_data_in\[10\],57.12
core.bgc_12.prev_step_output\[8\],56.76
core.bgc_15.comp_col.pe1._13_,56.76
core.bgc_5.col_reg.q\[11\],56.76
core.adder_tree.r\[5\]\[3\],56.71
core.adder_tree.r\[6\]\[11\],56.71
core.bgc_15.prev_step_output\[2\],56.71
core.adder_tree.r\[11\]\[6\],56.66
core.bgc_11.lfsr_col.seed_mem\[0\],56.66
core.bgc_13.lfsr_col.seed_mem\[2\],56.66
core.bgc_2.prev_step_output\[9\],56.66
core.bgc_6.col_reg.q\[1\],56.66
clknet_leaf_153_clk,56.66
core.adder_tree.r\[10\]\[3\],56.61
core.bgc_3.prev_step_output\[0\],56.61
core.adder_tree._0602_,56.56
core.bgc_0.lfsr_col.seed_mem\[8\],56.56
core.bgc_10.lfsr_row.seed_mem\[8\],56.56
core.bgc_15.comp_col._11_,56.56
core.bgc_4.col_reg.q\[3\],56.56
core.bgc_10.comp_row.B\[6\],56.2
clknet_leaf_57_clk,56.2
core.bgc_9.col_reg.q\[2\],56.15
core.adder_tree._0274_,56.1
core.bgc_3.lfsr_row.seed_mem\[8\],56.1
core.bgc_4.comp_row.GR_bits\[11\],56.1
core.bgc_7.comp_row.B\[4\],56.1
core.bgc_8.col_reg.q\[2\],56.1
core.adder_tree._0588_,56.05
core.bgc_14.col_reg._018_,56
core.bgc_6.lfsr_row._00_\[1\],56
core.bgc_8.prev_step_output\[7\],55.64
clknet_leaf_93_clk,55.64
core.bgc_1.lfsr_row.seed_mem\[10\],55.59
core.bgc_2.comp_row.B\[7\],55.59
core.adder_tree.r\[15\]\[2\],55.54
core.bgc_0.comp_row.B\[7\],55.54
core.bgc_1.lfsr_row.seed_mem\[8\],55.54
core.bgc_10.col_reg.q\[5\],55.54
core.bgc_2.col_reg.q\[3\],55.54
core.adder_tree.r\[5\]\[1\],55.49
core.bgc_4.col_data_in\[11\],55.49
core.bgc_7.col_reg.q\[8\],55.49
clknet_leaf_32_clk,55.49
clknet_leaf_185_clk,55.49
core.bgc_8.col_data_in\[11\],55.44
core.bgc_1.final_counter._16_,55.13
core.bgc_5.comp_row.B\[6\],55.08
core.adder_tree.r\[5\]\[8\],55.03
core.bgc_13.comp_row.B\[7\],55.03
core.bgc_6.col_reg.q\[2\],55.03
core.bgc_12.comp_row.B\[5\],54.98
core.bgc_14.comp_row.B\[6\],54.98
core.bgc_4.lfsr_col.seed_mem\[7\],54.98
core.bgc_5.comp_row.B\[1\],54.98
core.bgc_6.col_reg.q\[3\],54.98
core.adder_tree._0686_,54.93
core.bgc_11.col_reg.q\[4\],54.93
core.bgc_11.comp_col._03_,54.93
core.bgc_5.lfsr_col.seed_mem\[0\],54.93
core.bgc_10.col_reg.q\[3\],54.88
core.bgc_11.prev_step_output\[10\],54.88
core.adder_tree.r\[1\]\[4\],54.47
core.adder_tree.r\[3\]\[5\],54.47
core.bgc_10.comp_row.B\[5\],54.47
core.adder_tree.r\[13\]\[11\],54.42
core.bgc_11.lfsr_row.seed_mem\[4\],54.42
core.bgc_15.col_reg.q\[4\],54.42
core.bgc_15.final_counter._09_,54.42
core.bgc_6.comp_row.B\[11\],54.42
core.bgc_8.lfsr_row.seed_mem\[4\],54.42
core.adder_tree._0711_,54.37
core.bgc_13.lfsr_col.seed_mem\[0\],54.32
core.bgc_14.comp_col.A\[1\],54.32
core.bgc_15.col_reg.q\[5\],54.32
core.bgc_4.col_reg.q\[10\],53.96
core.adder_tree.r\[13\]\[10\],53.91
core.bgc_12.lfsr_row.seed_mem\[1\],53.91
core.bgc_3.comp_row.B\[6\],53.91
core.bgc_3.comp_row.pe2._13_,53.91
core.bgc_7.prev_step_output\[8\],53.91
clknet_leaf_76_clk,53.91
core.bgc_0.lfsr_col.seed_mem\[4\],53.86
core.bgc_11.col_reg.q\[5\],53.86
core.bgc_15.comp_row.B\[7\],53.86
core.bgc_3.col_reg.q\[5\],53.86
core.bgc_7.col_reg.q\[7\],53.86
core.adder_tree.r\[7\]\[9\],53.81
core.bgc_0.prev_step_output\[4\],53.81
core.bgc_6.comp_row.B\[7\],53.81
core.bgc_9.comp_row.B\[7\],53.81
clknet_leaf_94_clk,53.81
core.adder_tree._0027_,53.76
core.bgc_4.col_reg.q\[6\],53.76
core.bgc_4.lfsr_col.seed_mem\[8\],53.76
core.adder_tree.r\[12\]\[3\],53.45
core.adder_tree.r\[11\]\[9\],53.4
core.bgc_1.lfsr_row.seed_mem\[7\],53.4
core.adder_tree.r\[10\]\[5\],53.35
core.bgc_1.lfsr_col.seed_mem\[7\],53.35
core.bgc_12.comp_row.B\[2\],53.35
core.bgc_2.col_reg.q\[6\],53.35
core.adder_tree.r\[11\]\[1\],53.3
core.adder_tree.r\[8\]\[4\],53.3
core.bgc_8.lfsr_col.seed_mem\[3\],53.3
core.bgc_9.comp_row.B\[8\],53.3
core.adder_tree.r\[11\]\[7\],53.25
core.bgc_10.comp_col.pe1._13_,53.25
core.bgc_5.prev_step_output\[2\],53.25
core.res_mem_inst._015_,53.2
clknet_leaf_5_clk,53.2
core.adder_tree.r\[4\]\[0\],52.89
core.bgc_7.lfsr_row.seed_mem\[11\],52.84
clknet_leaf_53_clk,52.84
core.bgc_3.col_reg.q\[8\],52.79
core.bgc_5.col_reg.q\[5\],52.79
clknet_leaf_202_clk,52.79
core.bgc_10.col_reg.q\[7\],52.74
core.bgc_11.col_reg.q\[8\],52.74
clknet_leaf_103_clk,52.74
core.adder_tree.r\[10\]\[10\],52.69
core.bgc_13.col_data_in\[0\],52.69
core.bgc_2.lfsr_row.seed_mem\[5\],52.69
core.bgc_10.prev_step_output\[1\],52.64
core.adder_tree.r\[12\]\[8\],52.28
core.adder_tree.r\[3\]\[1\],52.23
core.adder_tree.r\[3\]\[9\],52.23
core.bgc_3.lfsr_row.seed_mem\[7\],52.23
core.bgc_7.col_reg.q\[6\],52.23
core.adder_tree.r\[15\]\[8\],52.18
core.adder_tree._0465_,52.13
core.bgc_1.lfsr_col.seed_mem\[10\],52.13
core.bgc_2.lfsr_col.seed_mem\[7\],52.08
core.adder_tree._0655_,51.67
core.adder_tree.r\[12\]\[5\],51.67
core.adder_tree.r\[14\]\[9\],51.67
core.bgc_10.comp_row.B\[7\],51.67
core.bgc_15.comp_row.B\[9\],51.62
core.bgc_5.lfsr_row.seed_mem\[9\],51.62
core.adder_tree._0184_,51.57
core.adder_tree._0702_,51.57
core.bgc_10.comp_row.A\[10\],51.57
core.bgc_12.comp_col._07_,51.57
core.bgc_12.prev_step_output\[7\],51.57
clknet_leaf_186_clk,51.57
core.adder_tree._0616_,51.52
core.bgc_0.lfsr_row.seed_mem\[11\],51.52
core.adder_tree.r\[8\]\[9\],51.16
core.bgc_15.col_reg.q\[9\],51.16
core.bgc_2.comp_row.B\[2\],51.16
core.bgc_6.prev_step_output\[9\],51.16
core.bgc_3.comp_row.x,51.06
core.bgc_9.col_reg.q\[3\],51.06
core.adder_tree._0098_,51.01
core.adder_tree._0403_,51.01
core.bgc_12.prev_step_output\[2\],51.01
core.bgc_15.col_reg.q\[2\],51.01
core.bgc_15.comp_row.B\[6\],51.01
core.bgc_3.comp_row.B\[8\],51.01
core.bgc_8.comp_row.B\[7\],51.01
core.bgc_10.comp_col._07_,50.96
core.bgc_14.col_reg.q\[2\],50.96
core.bgc_5.col_reg.q\[7\],50.96
core.adder_tree.r\[13\]\[7\],50.6
core.adder_tree.r\[9\]\[10\],50.55
core.lfsr_enabler._05_,50.55
core.adder_tree._0314_,50.5
core.adder_tree._0384_,50.5
core.adder_tree.r\[14\]\[4\],50.5
core.adder_tree.r\[6\]\[7\],50.5
core.bgc_1.col_reg.q\[7\],50.5
core.bgc_2.lfsr_row.seed_mem\[1\],50.5
core.bgc_3.col_reg.q\[1\],50.5
core.bgc_4.lfsr_col.seed_mem\[0\],50.5
core.bgc_6.final_counter._21_,50.45
core.bgc_7.prev_step_output\[7\],50.45
core.adder_tree._0712_,50.4
core.bgc_0.final_counter._21_,50.4
core.bgc_15.comp_col.pe2._13_,50.4
core.adder_tree.r\[1\]\[8\],50.09
core.adder_tree.r\[2\]\[1\],49.99
core.adder_tree.r\[7\]\[2\],49.99
core.bgc_3.comp_row.B\[4\],49.99
core.bgc_5.lfsr_row.seed_mem\[10\],49.99
core.adder_tree._0473_,49.94
core.bgc_10.lfsr_col.seed_mem\[9\],49.94
core.bgc_4.lfsr_col.seed_mem\[10\],49.94
core.bgc_4.lfsr_col.seed_mem\[3\],49.94
core.bgc_9.lfsr_row.seed_mem\[10\],49.94
core.bgc_13.col_reg._022_,49.89
core.bgc_13.lfsr_col.seed_mem\[6\],49.89
core.bgc_3.comp_col._10_,49.89
core.bgc_6.comp_col._11_,49.89
core.bgc_0.lfsr_col.seed_mem\[7\],49.84
core.bgc_15.comp_col.pe1._16_,49.84
core.bgc_11.comp_row.B\[6\],49.61
core.bgc_7.comp_row.B\[6\],49.53
core.bgc_10.comp_row.B\[8\],49.48
core.bgc_7.comp_row.B\[8\],49.43
core.bgc_0.final_counter._22_,49.38
core.bgc_1.lfsr_row.seed_mem\[9\],49.38
core.adder_tree._0153_,49.33
core.adder_tree.r\[15\]\[3\],49.33
core.bgc_0.prev_step_output\[1\],49.33
core.bgc_11.prev_step_output\[9\],49.33
core.bgc_15.comp_row._11_,49.33
clknet_leaf_38_clk,49.33
core.bgc_6.col_reg._036_,49.28
core.adder_tree.r\[3\]\[10\],48.87
core.bgc_3.comp_row.B\[7\],48.87
clknet_leaf_175_clk,48.87
core.bgc_14.lfsr_row.seed_mem\[9\],48.82
core.bgc_15.prev_step_output\[9\],48.82
core.bgc_3.col_reg.q\[4\],48.82
core.bgc_7.prev_step_output\[11\],48.82
core.bgc_12.comp_col._06_,48.77
core.adder_tree._0320_,48.72
core.bgc_13.col_data_in\[1\],48.72
core.bgc_15.comp_row.pe1._13_,48.72
core.adder_tree.r\[12\]\[7\],48.31
core.bgc_13.prev_step_output\[6\],48.26
core.bgc_14.final_counter._21_,48.26
core.bgc_14.lfsr_row.seed_mem\[1\],48.21
core.bgc_15.col_reg.q\[11\],48.21
core.bgc_0.lfsr_row.seed_mem\[3\],48.16
core.bgc_3.comp_row._03_,48.16
core.bgc_7.comp_col.A\[10\],48.16
clknet_leaf_130_clk,48.16
core.adder_tree.r\[0\]\[5\],47.8
core.bgc_2.lfsr_col.seed_mem\[10\],47.75
core.bgc_7.col_reg.q\[9\],47.75
core.adder_tree.r\[10\]\[4\],47.7
core.bgc_12.col_reg.q\[4\],47.7
core.bgc_13.col_reg.q\[9\],47.7
core.adder_tree.r\[9\]\[9\],47.65
clknet_leaf_51_clk,47.65
core.bgc_0.lfsr_row.seed_mem\[7\],47.6
core.bgc_10.comp_col._12_,47.6
core.bgc_11.col_reg.q\[9\],47.6
core.bgc_6.col_reg.q\[7\],47.47
core.timer_inst.cycle_cnt\[0\],47.29
core.bgc_0.prev_step_output\[5\],47.24
core.bgc_8.lfsr_row.seed_mem\[10\],47.24
core.bgc_15.lfsr_row.seed_mem\[9\],47.19
core.bgc_5.comp_row.B\[4\],47.19
core.adder_tree.r\[0\]\[0\],47.14
core.adder_tree.r\[6\]\[8\],47.14
core.bgc_0.lfsr_col.seed_mem\[6\],47.14
core.bgc_1.comp_row.B\[11\],47.14
core.bgc_13.comp_row.B\[6\],47.14
core.bgc_2.col_reg.q\[11\],47.14
core.bgc_2.prev_step_output\[10\],47.14
core.bgc_5.col_reg.q\[8\],47.14
core.bgc_5.col_reg.q\[9\],47.14
core.bgc_6.lfsr_row.seed_mem\[10\],47.14
core.bgc_1.prev_step_output\[8\],47.09
core.bgc_11.lfsr_row.seed_mem\[10\],47.09
core.bgc_15.comp_col._03_,47.09
clknet_leaf_191_clk,47.09
core.adder_tree._0177_,47.04
core.bgc_10.col_reg.q\[8\],47.04
core.bgc_13.lfsr_col.seed_mem\[9\],47.04
core.res_mem_inst.shift_cycle_count\[0\],46.81
core.adder_tree.r\[0\]\[3\],46.68
core.bgc_3.prev_step_output\[9\],46.62
core.bgc_3.prev_step_output\[8\],46.58
core.bgc_7.col_reg.q\[4\],46.58
core.adder_tree.r\[15\]\[1\],46.53
core.bgc_11.final_counter._22_,46.53
core.bgc_14.col_reg.q\[4\],46.53
core.bgc_4.comp_row.B\[9\],46.53
core.bgc_5.prev_step_output\[8\],46.53
core.adder_tree._0629_,46.48
core.bgc_3.comp_col._09_,46.48
core.bgc_3.comp_row.pe2._16_,46.48
core.res_mem_inst.slot\[1\].slot_reg.mode\[1\],46.48
core.bgc_9.lfsr_row.seed_mem\[2\],46.17
core.bgc_12.lfsr_row.seed_mem\[6\],46.12
core.bgc_1.col_reg.q\[4\],46.07
core.bgc_6.prev_step_output\[5\],46.07
clknet_leaf_203_clk,46.07
core.adder_tree.r\[12\]\[1\],46.02
core.bgc_12.comp_row.B\[7\],46.02
core.bgc_3.col_reg.q\[2\],46.02
core.bgc_9.prev_step_output\[4\],46.02
clknet_leaf_59_clk,46.02
core.adder_tree._0704_,45.97
core.bgc_1.lfsr_col.seed_mem\[1\],45.97
core.bgc_12.comp_row.B\[6\],45.97
core.bgc_3.col_reg.q\[9\],45.97
core.bgc_3.comp_row.B\[1\],45.97
core.bgc_3.lfsr_row.seed_mem\[11\],45.97
core.bgc_3.prev_step_output\[4\],45.97
core.bgc_4.lfsr_row.seed_mem\[8\],45.97
core.bgc_6.lfsr_row.seed_mem\[6\],45.97
core.bgc_9.comp_col.pe2._13_,45.97
clknet_leaf_117_clk,45.97
core.bgc_4.comp_col.pe1._16_,45.92
core.adder_tree.r\[7\]\[1\],45.61
core.adder_tree.r\[9\]\[5\],45.61
core.adder_tree.r\[12\]\[0\],45.51
core.adder_tree.r\[13\]\[8\],45.51
core.adder_tree.r\[14\]\[0\],45.51
core.bgc_10.lfsr_col.seed_mem\[10\],45.51
core.bgc_15.lfsr_row.seed_mem\[10\],45.51
core.bgc_4.col_reg.q\[5\],45.51
core.bgc_9.col_reg.q\[7\],45.51
core.bgc_13.comp_row.B\[3\],45.46
core.bgc_2.comp_row._12_,45.46
clknet_leaf_45_clk,45.46
core.adder_tree.r\[14\]\[3\],45.41
core.adder_tree.r\[4\]\[3\],45.41
core.bgc_0.lfsr_row.seed_mem\[10\],45.41
core.bgc_12.comp_row.pe2._13_,45.36
core.bgc_15.comp_col._12_,45.36
core.bgc_15.prev_step_output\[3\],45.36
core.bgc_14.prev_step_output\[7\],45.05
core.adder_tree.r\[13\]\[4\],44.95
core.adder_tree.r\[9\]\[11\],44.95
core.bgc_10.col_reg.q\[4\],44.95
core.bgc_3.lfsr_col.seed_mem\[3\],44.95
core.bgc_4.col_reg.q\[4\],44.95
core.bgc_15.comp_row.B\[1\],44.9
core.bgc_3.lfsr_row.seed_mem\[1\],44.9
core.adder_tree.r\[11\]\[11\],44.85
core.bgc_0.comp_row.B\[2\],44.85
core.bgc_15.comp_row.B\[4\],44.85
core.bgc_2.final_counter._21_,44.85
core.bgc_4.col_reg.q\[9\],44.85
core.bgc_5.comp_row.pe2._15_,44.85
core.bgc_6.final_counter._01_,44.85
core.bgc_11.comp_col.pe1._09_,44.8
core.bgc_6.lfsr_col.seed_mem\[7\],44.8
core.bgc_15.col_reg.q\[7\],44.49
core.bgc_1.col_reg.q\[2\],44.44
core.bgc_5.comp_row.B\[3\],44.44
core.bgc_10.comp_row.GR_bits\[5\],44.39
core.bgc_14.lfsr_row.seed_mem\[11\],44.39
core.adder_tree.r\[3\]\[2\],44.34
core.adder_tree.r\[4\]\[2\],44.34
core.adder_tree.r\[8\]\[5\],44.34
core.bgc_15.lfsr_col.seed_mem\[8\],44.34
core.bgc_6.lfsr_row.seed_mem\[8\],44.34
core.adder_tree._0267_,44.29
core.adder_tree._0584_,44.29
core.adder_tree._0674_,44.29
core.bgc_12.comp_col.pe2._13_,44.29
core.bgc_7.comp_row.pe1._16_,44.29
core.res_mem_inst.out_active_select\[0\],44.29
clknet_leaf_23_clk,44.29
core.bgc_15.comp_row.pe1._16_,44.24
core.bgc_8.col_reg._022_,44.24
core.bgc_9.comp_row._02_,44.24
core.bgc_12.col_reg.q\[7\],43.88
core.bgc_5.comp_row.pe2._13_,43.88
core.adder_tree._0251_,43.83
core.adder_tree.r\[15\]\[10\],43.83
core.adder_tree.r\[6\]\[0\],43.83
core.bgc_0.col_reg.q\[11\],43.83
core.bgc_11.comp_col._11_,43.83
core.bgc_11.comp_row.B\[4\],43.83
core.bgc_12.comp_col._04_,43.83
core.bgc_6.comp_row.B\[2\],43.83
core.bgc_7.lfsr_row.seed_mem\[6\],43.83
core.bgc_0.comp_row.B\[11\],43.78
core.bgc_10.prev_step_output\[8\],43.78
core.bgc_15.col_reg.q\[1\],43.78
core.bgc_7.comp_row.B\[7\],43.78
core.bgc_14.prev_step_output\[6\],43.73
core.bgc_6.lfsr_row.seed_mem\[7\],43.73
core.bgc_7.comp_col._10_,43.73
core.bgc_9.comp_row._03_,43.73
core.timer_inst.cycle_cnt\[10\],43.73
core.adder_tree._0188_,43.68
core.adder_tree.r\[2\]\[5\],43.68
core.bgc_4.lfsr_row.seed_mem\[10\],43.68
core.bgc_8.col_reg._018_,43.68
core.lfsr_enabler._07_,43.32
core.adder_tree._0353_,43.27
core.bgc_13.comp_row.B\[2\],43.27
core.bgc_7.comp_row.B\[11\],43.27
core.bgc_8.col_reg.q\[8\],43.27
core.timer_inst.cycle_cnt\[1\],43.27
core.adder_tree.r\[4\]\[5\],43.22
core.bgc_10.lfsr_row.seed_mem\[6\],43.22
core.bgc_12.final_counter._21_,43.22
core.bgc_2.comp_row.B\[8\],43.22
core.bgc_4.lfsr_row.seed_mem\[1\],43.22
core.bgc_6.prev_step_output\[6\],43.22
core.bgc_7.prev_step_output\[4\],43.22
clknet_leaf_66_clk,43.22
core.adder_tree._0157_,43.17
core.adder_tree._0566_,43.17
core.bgc_14.lfsr_col.seed_mem\[10\],43.17
core.bgc_4.lfsr_row.seed_mem\[11\],43.17
clknet_leaf_218_clk,43.17
core.bgc_13.comp_row.B\[5\],42.76
core.bgc_13.comp_row.B\[4\],42.71
core.bgc_9.col_reg.q\[5\],42.71
core.bgc_1.comp_row.B\[5\],42.66
core.bgc_4.comp_row.B\[10\],42.66
core.bgc_5.final_counter._12_,42.66
core.bgc_8.comp_row.B\[0\],42.66
core.timer_inst.cycle_cnt\[4\],42.66
core.adder_tree.r\[14\]\[5\],42.61
core.bgc_1.col_reg.q\[0\],42.61
core.bgc_10.col_data_in\[11\],42.61
core.bgc_10.col_reg.q\[0\],42.61
core.bgc_10.comp_col._08_,42.61
core.bgc_4.comp_row.B\[2\],42.61
core.bgc_5.comp_row.GL_bits\[3\],42.61
core.bgc_6.prev_step_output\[2\],42.61
core.bgc_7.lfsr_col.seed_mem\[1\],42.61
core.bgc_9.prev_step_output\[7\],42.61
clknet_leaf_138_clk,42.61
core.bgc_14.comp_col._06_,42.56
core.bgc_2.comp_row._11_,42.56
core.bgc_4.comp_row._12_,42.56
core.bgc_8.lfsr_row.seed_mem\[8\],42.56
core.bgc_9.col_reg._018_,42.56
core.res_mem_inst.slot\[12\].slot_reg.mode\[0\],42.56
core.bgc_2.prev_step_output\[2\],42.33
core.adder_tree.r\[4\]\[8\],42.2
core.adder_tree.r\[4\]\[10\],42.15
core.adder_tree.r\[8\]\[8\],42.15
core.bgc_11.final_counter._21_,42.15
core.bgc_14.final_counter._22_,42.15
core.adder_tree._0543_,42.1
core.adder_tree.r\[9\]\[8\],42.1
core.bgc_13.col_reg._024_,42.1
core.bgc_2.comp_row.B\[10\],42.1
core.bgc_3.comp_row.pe1._13_,42.1
core.bgc_8.prev_step_output\[9\],42.1
core.adder_tree.r\[2\]\[8\],42.05
core.bgc_14.comp_row.A\[9\],42.05
core.bgc_4.prev_step_output\[7\],42.05
core.bgc_5.comp_col.pe2._15_,42.05
core.adder_tree._0470_,42
core.bgc_0.comp_row._13_,42
core.bgc_3.lfsr_col.seed_mem\[7\],42
core.bgc_8.comp_row.B\[2\],41.72
core.bgc_3.comp_row.B\[2\],41.64
core.adder_tree._0351_,41.54
core.bgc_0.col_reg.q\[4\],41.54
core.bgc_12.comp_col._05_,41.54
core.bgc_12.comp_col._09_,41.54
core.bgc_12.lfsr_col.seed_mem\[11\],41.54
core.bgc_14.comp_col.A\[0\],41.54
core.bgc_8.lfsr_row.seed_mem\[11\],41.54
core.adder_tree._0467_,41.49
core.bgc_14.comp_col.pe2._13_,41.49
core.bgc_2.comp_col.pe1._13_,41.49
core.bgc_2.comp_row.pe2._13_,41.49
core.bgc_4.comp_row.A\[0\],41.49
core.res_mem_inst._027_,41.49
core.bgc_10.final_counter._01_,41.44
core.bgc_15.comp_col.pe1._14_,41.44
core.bgc_4.comp_row._11_,41.44
core.bgc_4.lfsr_col.seed_mem\[11\],41.44
core.bgc_7.comp_row._05_,41.44
core.bgc_9.comp_row.pe2._15_,41.44
core.bgc_14.comp_row.pe2._13_,41.08
core.adder_tree.r\[13\]\[5\],41.03
core.adder_tree.r\[7\]\[4\],41.03
core.bgc_11.comp_col.pe1._13_,41.03
core.bgc_15.comp_row._12_,41.03
core.bgc_4.col_reg.q\[8\],41.03
core.bgc_8.lfsr_row.seed_mem\[7\],41.03
core.adder_tree.r\[0\]\[2\],40.98
core.bgc_15.prev_step_output\[7\],40.98
core.bgc_8.final_counter._19_,40.98
core.lfsr_enabler.row_load_count\[4\],40.98
core.bgc_10.comp_row._09_,40.93
core.bgc_12.prev_step_output\[11\],40.93
core.bgc_3.comp_col.pe1._13_,40.93
core.bgc_3.prev_step_output\[7\],40.93
core.bgc_5.comp_row.pe2._09_,40.93
core.bgc_7.prev_step_output\[2\],40.93
core.adder_tree._0408_,40.88
core.adder_tree._0464_,40.88
core.adder_tree._0581_,40.88
core.bgc_1.comp_col.pe2._16_,40.88
core.bgc_2.comp_row.pe2._16_,40.88
core.bgc_6.col_reg._038_,40.88
core.bgc_9.comp_row.pe1._16_,40.88
core.bgc_6.comp_row.B\[9\],40.75
core.bgc_13.lfsr_row.seed_mem\[10\],40.47
core.bgc_14.final_counter._01_,40.47
core.adder_tree.r\[14\]\[8\],40.42
core.adder_tree.r\[3\]\[3\],40.42
core.bgc_1.prev_step_output\[7\],40.42
core.bgc_3.lfsr_col.seed_mem\[10\],40.42
core.bgc_4.prev_step_output\[3\],40.42
core.bgc_7.prev_step_output\[3\],40.42
core.timer_inst._13_,40.42
core.adder_tree._0204_,40.37
core.bgc_1.prev_step_output\[6\],40.37
core.bgc_10.lfsr_col._00_\[11\],40.37
core.bgc_11.comp_row.A\[1\],40.37
core.bgc_11.lfsr_row.seed_mem\[8\],40.37
core.bgc_14.prev_step_output\[8\],40.37
core.bgc_15.prev_step_output\[8\],40.37
core.bgc_6.comp_row._07_,40.37
core.bgc_8.col_reg.q\[1\],40.37
core.bgc_9.prev_step_output\[0\],40.37
net4,40.37
core.bgc_1.comp_row.A\[0\],40.32
core.bgc_10.comp_col._10_,40.32
core.bgc_10.comp_row._08_,40.32
core.bgc_11.comp_col._12_,40.32
core.bgc_4.comp_col.pe1._14_,40.32
core.bgc_6.comp_col.pe1._13_,40.32
core.bgc_5.comp_col._13_,40.01
core.adder_tree._0059_,39.91
core.adder_tree.r\[14\]\[7\],39.91
core.bgc_12.col_reg.q\[10\],39.91
core.bgc_8.lfsr_col.seed_mem\[2\],39.91
core.adder_tree.r\[2\]\[7\],39.86
core.bgc_5.comp_row.B\[9\],39.86
core.bgc_6.comp_col.pe1._16_,39.86
core.bgc_12.comp_col._03_,39.81
core.bgc_12.lfsr_row.seed_mem\[7\],39.81
core.bgc_6.lfsr_col.seed_mem\[1\],39.81
core.res_mem_inst._032_,39.81
core.adder_tree._0478_,39.76
core.adder_tree._0669_,39.76
core.bgc_10.prev_step_output\[0\],39.76
core.bgc_11.comp_col._05_,39.76
core.bgc_2.final_counter._22_,39.76
core.bgc_5.col_data_in\[11\],39.76
core.adder_tree.r\[5\]\[9\],39.55
core.bgc_7.comp_col.pe2._15_,39.48
core.adder_tree.r\[8\]\[11\],39.35
core.bgc_10.prev_step_output\[10\],39.35
core.adder_tree._0286_,39.3
core.bgc_15.comp_row.B\[8\],39.3
core.bgc_7.prev_step_output\[6\],39.3
core.bgc_9.comp_col.pe1._13_,39.3
core.bgc_9.final_counter._12_,39.3
core.bgc_11.prev_step_output\[4\],39.25
core.bgc_6.comp_row._03_,39.25
core.bgc_7.col_reg.q\[1\],39.25
core.bgc_8.lfsr_col.seed_mem\[0\],39.25
core.res_mem_inst._014_,39.25
core.adder_tree._0597_,39.2
core.bgc_11.col_reg._018_,39.2
core.bgc_7.comp_col.pe1._13_,39.2
core.adder_tree.r\[7\]\[3\],38.79
core.bgc_13.comp_row.B\[9\],38.79
core.bgc_13.comp_row.GR_bits\[11\],38.79
core.bgc_3.lfsr_col.seed_mem\[8\],38.79
core.bgc_9.lfsr_col.seed_mem\[0\],38.79
core.res_mem_inst.shift_cycle_count\[2\],38.79
clknet_leaf_12_clk,38.79
core.active_select\[0\],38.74
core.adder_tree._0501_,38.74
core.adder_tree.r\[5\]\[7\],38.74
core.bgc_11.prev_step_output\[1\],38.74
core.bgc_3.prev_step_output\[10\],38.74
core.bgc_0.lfsr_row.seed_mem\[6\],38.69
core.bgc_10.comp_row.B\[1\],38.69
core.bgc_2.prev_step_output\[6\],38.69
core.bgc_4.comp_col._06_,38.69
core.bgc_4.prev_step_output\[11\],38.69
core.bgc_9.col_reg._026_,38.69
core.bgc_9.prev_step_output\[9\],38.69
core.res_mem_inst._016_,38.69
core.adder_tree._0217_,38.64
core.bgc_0.comp_col.pe1._16_,38.64
core.bgc_10.comp_row.GR_bits\[7\],38.64
core.bgc_10.comp_row.GR_bits\[8\],38.64
core.adder_tree.r\[13\]\[2\],38.33
core.bgc_4.col_reg.q\[0\],38.28
clknet_leaf_29_clk,38.28
core.adder_tree.r\[3\]\[8\],38.23
core.bgc_13.lfsr_row.seed_mem\[9\],38.23
core.bgc_3.prev_step_output\[6\],38.23
core.bgc_7.prev_step_output\[1\],38.23
core.adder_tree.r\[10\]\[8\],38.18
core.adder_tree.r\[14\]\[1\],38.18
core.res_mem_inst._036_,38.18
core.adder_tree._0505_,38.13
core.adder_tree._0604_,38.13
core.bgc_11.prev_step_output\[2\],38.13
core.bgc_12.lfsr_col.seed_mem\[7\],38.13
core.bgc_13.prev_step_output\[3\],38.13
core.bgc_14.comp_col.pe2._16_,38.13
core.bgc_15._00_,38.13
core.bgc_5.comp_row._07_,38.13
core.bgc_9.comp_col._02_,38.13
core.bgc_9.lfsr_row.seed_mem\[9\],38.13
core.adder_tree._0017_,38.08
core.adder_tree.r\[3\]\[7\],38.08
core.bgc_14.col_reg._034_,38.08
core.bgc_14.comp_col._05_,38.08
core.bgc_15.comp_row.pe1._14_,38.08
core.bgc_2.comp_col._03_,38.08
core.bgc_6.col_reg._020_,38.08
core.adder_tree.r\[10\]\[9\],37.95
core.res_mem_inst.out_active_select\[1\],37.72
core.bgc_12.comp_row.B\[1\],37.67
core.bgc_4.final_counter._12_,37.67
core.adder_tree._0150_,37.62
core.bgc_0.lfsr_col.seed_mem\[9\],37.62
core.bgc_10.final_counter._22_,37.62
core.bgc_10.prev_step_output\[5\],37.62
core.bgc_14.col_reg.q\[8\],37.62
core.bgc_8.comp_col.pe1._15_,37.62
core.bgc_8.prev_step_output\[4\],37.62
clknet_leaf_150_clk,37.62
core.adder_tree._0593_,37.57
core.bgc_1.comp_row._06_,37.57
core.bgc_10.comp_col.pe1._14_,37.57
core.bgc_9.comp_row.B\[2\],37.57
clknet_leaf_88_clk,37.57
core.adder_tree._0018_,37.52
core.bgc_0.col_reg._022_,37.52
core.bgc_10.col_reg._032_,37.52
core.bgc_10.lfsr_row.seed_mem\[11\],37.52
core.bgc_2.comp_row.x,37.52
core.bgc_6.final_counter._22_,37.21
core.adder_tree.r\[5\]\[5\],37.16
core.bgc_12.col_reg.q\[1\],37.11
core.bgc_7.lfsr_row.seed_mem\[0\],37.11
core.adder_tree._0551_,37.06
core.adder_tree.r\[2\]\[3\],37.06
core.bgc_7.comp_row.B\[1\],37.06
core.bgc_8.col_reg.q\[9\],37.06
clknet_leaf_15_clk,37.06
core.adder_tree._0026_,37.01
core.adder_tree._0123_,37.01
core.bgc_1.col_data_in\[10\],37.01
core.bgc_13.comp_row.GL_index\[3\],37.01
core.bgc_2.col_data_in\[11\],37.01
core.bgc_8.comp_row.A\[1\],37.01
core.adder_tree._0208_,36.96
core.bgc_1.comp_col.pe1._16_,36.96
core.bgc_11.comp_col.pe2._09_,36.96
core.bgc_12.final_counter._01_,36.96
core.bgc_5.col_reg._020_,36.96
core.bgc_6.col_reg._034_,36.96
core.bgc_10.prev_step_output\[7\],36.6
core.adder_tree._0452_,36.55
core.bgc_1.col_reg.q\[5\],36.55
core.adder_tree._0415_,36.5
core.adder_tree._0560_,36.5
core.bgc_0.col_reg.q\[5\],36.5
core.bgc_1.final_counter._21_,36.5
core.bgc_12.comp_row.pe2._16_,36.5
core.bgc_13.prev_step_output\[2\],36.5
core.bgc_0.comp_row.pe2._13_,36.45
core.bgc_11.lfsr_row.seed_mem\[7\],36.45
core.bgc_13.comp_row._07_,36.45
core.bgc_14.lfsr_col.seed_mem\[1\],36.45
core.bgc_5.comp_col.GR_bits\[11\],36.45
core.bgc_7.comp_row._02_,36.45
clknet_leaf_193_clk,36.45
core.adder_tree._0316_,36.4
core.adder_tree._0603_,36.4
core.bgc_10.comp_row.GR_bits\[4\],36.4
core.bgc_13.comp_row._05_,36.4
core.bgc_2.comp_col._13_,36.4
core.adder_tree.r\[7\]\[7\],36.09
core.adder_tree._0319_,35.99
core.bgc_4.comp_row.GL_bits\[4\],35.99
core.bgc_11.col_reg.q\[7\],35.94
core.bgc_15.final_counter._21_,35.94
core.bgc_2.comp_col.pe1._16_,35.94
core.bgc_2.comp_row.pe1._13_,35.94
core.bgc_4.comp_row.B\[1\],35.94
core.bgc_4.comp_row.pe2._09_,35.94
core.bgc_9.prev_step_output\[6\],35.94
core.adder_tree.r\[0\]\[1\],35.89
core.bgc_10.prev_step_output\[6\],35.89
core.bgc_12.col_reg._000_\[9\],35.89
core.bgc_13.prev_step_output\[1\],35.89
core.bgc_14.comp_row.A\[10\],35.89
core.bgc_14.comp_row.pe2._16_,35.89
core.bgc_15.final_counter._01_,35.89
core.bgc_4.lfsr_col._26_,35.89
core.bgc_9.comp_row.pe1._13_,35.89
core.bgc_0.comp_row._10_,35.84
core.bgc_1.col_data_in\[9\],35.84
core.bgc_10.comp_col._11_,35.84
core.bgc_10.prev_step_output\[2\],35.84
core.bgc_3.comp_col._13_,35.84
core.bgc_4.comp_row.A\[1\],35.84
core.bgc_5.comp_col.pe1._09_,35.84
core.adder_tree.r\[0\]\[9\],35.81
core.bgc_11.comp_row.B\[0\],35.43
core.bgc_11.prev_step_output\[3\],35.43
core.bgc_13.prev_step_output\[8\],35.43
core.bgc_4.prev_step_output\[8\],35.43
core.bgc_9.col_reg.q\[8\],35.43
core.bgc_9.comp_row._08_,35.43
core.adder_tree._0358_,35.38
core.bgc_10.comp_row.pe1._13_,35.38
core.bgc_9.lfsr_col.seed_mem\[9\],35.38
core.adder_tree._0609_,35.33
core.bgc_0.prev_step_output\[3\],35.33
core.bgc_1.comp_col.pe1._13_,35.33
core.bgc_10.prev_step_output\[9\],35.33
core.bgc_11.final_counter._01_,35.33
core.bgc_14.col_reg._036_,35.33
core.bgc_2.comp_col.pe2._13_,35.33
core.bgc_2.prev_step_output\[7\],35.33
core.bgc_7.final_counter._01_,35.33
core.bgc_8.comp_row._02_,35.33
core.adder_tree._0266_,35.28
core.adder_tree._0635_,35.28
core.bgc_14.prev_step_output\[1\],35.28
core.bgc_14.prev_step_output\[9\],35.28
core.bgc_8.comp_col.pe2._09_,35.28
core.bgc_8.comp_row.pe2._13_,35.28
core.timer_inst._10_,35.28
core.bgc_12.col_reg.q\[8\],35.02
core.bgc_5.lfsr_col.seed_mem\[6\],34.97
core.bgc_13.comp_row.B\[1\],34.92
core.bgc_1.lfsr_row.seed_mem\[11\],34.87
core.bgc_4.lfsr_row.seed_mem\[0\],34.87
core.res_mem_inst.write_counter\[0\],34.87
clknet_leaf_113_clk,34.87
core.adder_tree._0172_,34.82
core.adder_tree._0525_,34.82
core.adder_tree.r\[0\]\[8\],34.82
core.bgc_10.comp_col.pe1._16_,34.82
core.bgc_11.comp_col.pe2._13_,34.82
core.adder_tree._0084_,34.77
core.bgc_0.col_reg._032_,34.77
core.bgc_0.comp_row.pe2._16_,34.77
core.bgc_2.prev_step_output\[4\],34.77
core.bgc_3.col_reg.q\[0\],34.77
core.bgc_5.comp_col.pe2._09_,34.77
core.bgc_5.comp_row.A\[0\],34.77
core.bgc_7.comp_row.pe1._14_,34.77
core.bgc_9.final_counter._14_,34.77
core.res_mem_inst._039_,34.77
core.adder_tree._0392_,34.72
core.adder_tree._0690_,34.72
core.bgc_4.comp_row.pe2._13_,34.72
core.res_mem_inst.slot\[2\].slot_reg._016_,34.72
core.bgc_13.prev_step_output\[9\],34.54
core.adder_tree.r\[0\]\[7\],34.41
core.bgc_2.comp_row.B\[9\],34.36
core.adder_tree._0585_,34.31
core.adder_tree.r\[11\]\[8\],34.31
core.bgc_0.comp_row.B\[1\],34.31
core.bgc_14.prev_step_output\[3\],34.31
core.bgc_15.prev_step_output\[0\],34.31
core.bgc_15.prev_step_output\[11\],34.31
core.bgc_5.comp_row._08_,34.31
core.res_mem_inst.slot\[9\].slot_reg.mode\[1\],34.31
core.adder_tree.r\[1\]\[1\],34.26
core.bgc_0.prev_step_output\[11\],34.26
core.bgc_14.prev_step_output\[5\],34.26
core.bgc_15.comp_row.B\[5\],34.26
core.bgc_15.comp_row._05_,34.26
core.bgc_3.comp_row._02_,34.26
core.bgc_5.prev_step_output\[5\],34.26
core.bgc_8.prev_step_output\[11\],34.26
core.res_mem_inst.write_counter\[3\],34.26
core.adder_tree._0224_,34.21
core.bgc_1.comp_row.pe1._13_,34.21
core.bgc_12.comp_col.pe2._15_,34.21
core.bgc_2.comp_row._07_,34.21
core.bgc_8.col_reg._034_,34.21
core.timer_inst._01_\[6\],34.21
core.bgc_0.comp_col.pe1._14_,34.16
core.bgc_1.col_data_in\[11\],34.16
core.bgc_3.comp_row.pe2._14_,34.16
core.bgc_5.col_data_in\[10\],34.16
core.adder_tree.r\[4\]\[9\],33.8
core.bgc_9.col_reg.q\[0\],33.8
core.adder_tree.r\[14\]\[10\],33.75
core.adder_tree.r\[2\]\[10\],33.75
core.bgc_1.comp_row.B\[0\],33.75
core.bgc_11.comp_col._13_,33.75
core.bgc_12.lfsr_col.seed_mem\[0\],33.75
core.adder_tree._0081_,33.7
core.bgc_4.comp_row.GR_bits\[4\],33.7
core.bgc_4.final_counter._21_,33.7
clknet_leaf_7_clk,33.7
core.adder_tree._0288_,33.65
core.adder_tree.r\[14\]\[11\],33.65
core.adder_tree.r\[14\]\[2\],33.65
core.bgc_1.col_reg.q\[1\],33.65
core.bgc_11.comp_col._08_,33.65
core.bgc_12.comp_col._08_,33.65
core.bgc_8.comp_row.B\[1\],33.65
core.adder_tree._0546_,33.6
core.adder_tree.r\[10\]\[2\],33.6
core.adder_tree.r\[4\]\[11\],33.6
core.bgc_14.col_reg.mode\[1\],33.6
core.bgc_2.col_reg._038_,33.6
core.bgc_6.comp_col._05_,33.6
core.bgc_6.comp_col._08_,33.6
core.bgc_8.comp_col.pe1._09_,33.6
core.bgc_9.comp_col.pe2._09_,33.6
core.adder_tree.r\[9\]\[7\],33.24
core.adder_tree._0165_,33.19
core.adder_tree.r\[8\]\[2\],33.19
core.bgc_8.comp_col.pe1._13_,33.19
core.adder_tree._0556_,33.14
core.adder_tree.r\[3\]\[4\],33.14
core.adder_tree.r\[9\]\[4\],33.14
core.bgc_10.lfsr_row.seed_mem\[7\],33.14
core.bgc_13.comp_row._08_,33.14
core.bgc_15.comp_col._10_,33.14
core.adder_tree._0378_,33.09
core.bgc_12.col_reg._024_,33.09
core.bgc_12.prev_step_output\[1\],33.09
core.bgc_14.prev_step_output\[2\],33.09
core.bgc_5.comp_row._06_,33.09
core.res_mem_inst._046_,33.09
core.bgc_1.comp_col._03_,33.04
core.bgc_10.comp_col._04_,33.04
core.bgc_11.comp_row._11_,33.04
core.bgc_5.comp_row._02_,33.04
core.bgc_5.comp_row._05_,33.04
core.bgc_6.comp_row._12_,33.04
core.bgc_8.comp_col._04_,33.04
core.adder_tree._0242_,32.58
core.adder_tree.r\[11\]\[10\],32.58
core.adder_tree.r\[2\]\[2\],32.58
core.bgc_12.final_counter._22_,32.58
core.bgc_13.comp_col._02_,32.58
core.bgc_2.comp_row._05_,32.58
core.bgc_2.comp_row._10_,32.58
core.bgc_4.comp_col.pe2._13_,32.58
core.bgc_8.comp_row.pe2._16_,32.58
core.bgc_9.final_counter._03_,32.58
core.bgc_10.comp_row.GR_bits\[11\],32.53
core.bgc_11.comp_row.pe1._13_,32.53
core.bgc_12.comp_row.pe2._14_,32.53
core.bgc_13.comp_col.GR_bits\[3\],32.53
core.bgc_14.comp_col.A\[9\],32.53
core.bgc_6.comp_col.A\[0\],32.53
core.bgc_7.col_reg._038_,32.53
core.adder_tree._0090_,32.48
core.adder_tree._0668_,32.48
core.bgc_1.comp_col.pe2._13_,32.48
core.bgc_10.col_data_in\[10\],32.48
core.bgc_5.col_reg._034_,32.48
core.bgc_6.comp_col.pe2._16_,32.48
core.bgc_7.comp_col._05_,32.48
core.bgc_8.comp_col._08_,32.48
core.bgc_3.prev_step_output\[3\],32.3
core.bgc_9.comp_col.GR_bits\[11\],32.3
core.adder_tree.r\[2\]\[9\],32.12
core.bgc_5.prev_step_output\[3\],32.12
core.adder_tree._0432_,32.07
core.bgc_0.comp_col.pe1._13_,32.07
core.bgc_2.comp_col._07_,32.07
core.adder_tree.r\[8\]\[1\],32.02
core.bgc_1.prev_step_output\[5\],32.02
core.bgc_11.lfsr_col.seed_mem\[11\],32.02
core.adder_tree._0134_,31.97
core.adder_tree._0497_,31.97
core.bgc_11.comp_col.pe2._14_,31.97
core.bgc_2.comp_col._06_,31.97
core.bgc_3.prev_step_output\[11\],31.97
clknet_leaf_140_clk,31.97
clknet_leaf_176_clk,31.97
core.adder_tree._0243_,31.92
core.bgc_12.comp_col.pe2._09_,31.92
core.bgc_13.comp_col._07_,31.92
core.bgc_14.col_reg._030_,31.92
core.bgc_3.comp_row.A\[9\],31.92
core.bgc_5.lfsr_col.seed_mem\[9\],31.92
core.bgc_9.comp_col.pe1._15_,31.92
core.adder_tree._0048_,31.56
core.bgc_10.comp_col.GR_bits\[4\],31.51
core.bgc_3.comp_col.GL_bits\[3\],31.51
core.bgc_4.comp_row.GL_bits\[3\],31.51
core.bgc_7.comp_col.GL_index\[2\],31.51
core.adder_tree._0474_,31.46
core.bgc_10.comp_row.A\[11\],31.46
core.bgc_12.lfsr_row.seed_mem\[9\],31.46
core.bgc_13.col_reg._036_,31.46
core.bgc_13.comp_row.pe2._15_,31.46
core.bgc_15.comp_col.GR_bits\[11\],31.46
core.bgc_15.final_counter._12_,31.46
core.bgc_3.comp_row.B\[0\],31.46
core.bgc_9.comp_col.pe2._15_,31.46
core.adder_tree._0496_,31.41
core.bgc_11.comp_col._07_,31.41
core.bgc_14.comp_row._03_,31.41
core.bgc_3.comp_col.GR_bits\[4\],31.41
core.bgc_4.comp_col._08_,31.41
core.bgc_4.prev_step_output\[6\],31.41
core.bgc_6.final_counter._00_\[7\],31.41
core.bgc_7.prev_step_output\[5\],31.41
core.bgc_9.comp_row.pe2._13_,31.41
core.adder_tree._0301_,31.36
core.bgc_1.lfsr_row._26_,31.36
core.bgc_10.col_reg._024_,31.36
core.bgc_10.comp_col._09_,31.36
core.bgc_10.lfsr_row._26_,31.36
core.bgc_15.comp_row.GL_bits\[11\],31.36
core.bgc_2.comp_col.GL_bits\[11\],31.36
core.bgc_8.comp_row._11_,31.36
core.res_mem_inst.group_active\[3\],31.36
core.bgc_10.comp_row.B\[0\],31.05
core.bgc_10.comp_row.GR_bits\[10\],30.95
core.bgc_13.prev_step_output\[5\],30.95
core.bgc_15.prev_step_output\[10\],30.95
core.bgc_3.comp_col.pe2._15_,30.95
core.bgc_5.lfsr_row.seed_mem\[11\],30.95
core.adder_tree._0372_,30.9
core.adder_tree.r\[13\]\[3\],30.9
core.adder_tree.r\[1\]\[2\],30.9
core.bgc_12.comp_col.pe1._13_,30.9
core.bgc_12.lfsr_col.seed_mem\[10\],30.9
core.bgc_13.col_reg.q\[3\],30.9
core.bgc_13.comp_row.B\[10\],30.9
core.bgc_15.col_reg.q\[0\],30.9
core.bgc_2.comp_col.pe2._15_,30.9
core.bgc_5.comp_col.pe1._15_,30.9
core.bgc_5.prev_step_output\[0\],30.9
core.bgc_7.comp_row._10_,30.9
core.adder_tree._0339_,30.85
core.adder_tree.r\[8\]\[10\],30.85
core.bgc_0.comp_col.GL_bits\[4\],30.85
core.bgc_0.comp_col.pe2._15_,30.85
core.bgc_1.col_reg._034_,30.85
core.bgc_13.lfsr_col.seed_mem\[11\],30.85
core.bgc_13.lfsr_row.seed_mem\[11\],30.85
core.bgc_4.col_reg._034_,30.85
core.bgc_4.prev_step_output\[5\],30.85
core.bgc_8.comp_col._13_,30.85
core.adder_tree._0220_,30.8
core.adder_tree._0250_,30.8
core.adder_tree._0654_,30.8
core.bgc_1.col_reg._000_\[1\],30.8
core.bgc_1.col_reg._020_,30.8
core.bgc_14.comp_row._07_,30.8
core.bgc_14.lfsr_row.seed_mem\[8\],30.8
core.bgc_5.comp_row._13_,30.8
core.bgc_9.comp_col.pe1._09_,30.8
core.bgc_9.lfsr_row.seed_mem\[11\],30.8
core.bgc_14.comp_row.B\[1\],30.52
core.adder_tree._0383_,30.44
core.bgc_9.prev_step_output\[10\],30.39
core._01_,30.34
core.adder_tree._0219_,30.34
core.adder_tree._0238_,30.34
core.adder_tree.r\[4\]\[1\],30.34
core.bgc_13.final_counter._03_,30.34
core.bgc_15.prev_step_output\[6\],30.34
core.bgc_2.lfsr_col.seed_mem\[9\],30.34
core.bgc_3.prev_step_output\[2\],30.34
core.bgc_5.lfsr_col.seed_mem\[5\],30.34
core.bgc_5.prev_step_output\[6\],30.34
core.res_mem_inst.slot\[10\].slot_reg.mode\[1\],30.34
core.bgc_1.col_reg._026_,30.29
core.bgc_1.comp_col._06_,30.29
core.bgc_12.lfsr_row.seed_mem\[11\],30.29
core.bgc_13.comp_col.GL_bits\[3\],30.29
core.bgc_13.comp_row.B\[0\],30.29
core.bgc_14.col_reg._022_,30.29
core.bgc_14.prev_step_output\[0\],30.29
core.bgc_3.comp_col.GL_index\[3\],30.29
core.bgc_4.col_reg._026_,30.29
core.bgc_6.prev_step_output\[11\],30.29
core.bgc_7.final_counter._22_,30.29
core.adder_tree._0430_,30.24
core.bgc_0.comp_col.GR_bits\[3\],30.24
core.bgc_11.comp_row._07_,30.24
core.bgc_12.comp_col.A\[0\],30.24
core.bgc_4.comp_col.A\[1\],30.24
core.bgc_4.comp_row.GL_index\[3\],30.24
core.bgc_5.comp_col.A\[0\],30.24
core.bgc_6.col_data_in\[11\],30.24
core.bgc_6.comp_row._11_,30.24
core.bgc_8.comp_row._12_,30.24
core.bgc_8.lfsr_row._26_,30.24
core.bgc_12.col_reg.q\[9\],29.88
core.adder_tree.r\[6\]\[2\],29.83
core.bgc_3.comp_row.GL_bits\[11\],29.83
core.bgc_4.col_reg.q\[1\],29.83
core.bgc_4.comp_col.GR_bits\[3\],29.83
core.bgc_5.prev_step_output\[1\],29.83
core.adder_tree.r\[7\]\[11\],29.78
core.bgc_5.comp_row.GR_bits\[11\],29.78
core.bgc_7.comp_col._04_,29.78
core.bgc_7.comp_col._13_,29.78
core.bgc_7.lfsr_col.seed_mem\[10\],29.78
core.adder_tree._0085_,29.73
core.bgc_11.comp_col._06_,29.73
core.bgc_11.comp_row.pe1._15_,29.73
core.bgc_11.comp_row.pe2._15_,29.73
core.bgc_12.comp_col.GL_bits\[6\],29.73
core.bgc_12.comp_col.pe2._03_,29.73
core.bgc_13.comp_col.GL_index\[3\],29.73
core.bgc_15.col_reg._020_,29.73
core.bgc_15.prev_step_output\[5\],29.73
core.bgc_2.comp_col._08_,29.73
core.bgc_3.comp_row._05_,29.73
core.bgc_5.prev_step_output\[10\],29.73
core.bgc_6.col_reg.q\[0\],29.73
core.bgc_7.comp_row.GL_bits\[11\],29.73
core.bgc_7.comp_row.pe1._15_,29.73
core.bgc_7.comp_row.pe2._16_,29.73
core.bgc_8.prev_step_output\[5\],29.73
core.bgc_9.comp_col.A\[0\],29.73
core.bgc_9.comp_col._06_,29.73
core.bgc_9.prev_step_output\[3\],29.73
core.adder_tree._0144_,29.68
core.adder_tree._0306_,29.68
core.bgc_0.comp_col.pe2._09_,29.68
core.bgc_0.comp_row.B\[0\],29.68
core.bgc_0.row_reg._000_\[9\],29.68
core.bgc_1.col_reg._030_,29.68
core.bgc_1.comp_col._07_,29.68
core.bgc_10.col_reg._034_,29.68
core.bgc_12.comp_row._09_,29.68
core.bgc_15.comp_col._13_,29.68
core.bgc_15.comp_row.pe2._16_,29.68
core.bgc_5.comp_col._05_,29.68
core.bgc_5.final_counter._22_,29.68
core.bgc_7.comp_col.pe1._16_,29.68
core.bgc_9.col_reg._032_,29.68
core.adder_tree.r\[9\]\[1\],29.32
core.bgc_0.comp_col.GR_bits\[11\],29.32
core.bgc_14.comp_col.pe1._13_,29.32
core.active_select\[1\],29.27
core.bgc_2.comp_row.GL_bits\[3\],29.27
core.bgc_4.comp_row.GR_bits\[5\],29.27
core.bgc_6.final_counter._19_,29.27
core.bgc_7.comp_row.pe1._10_,29.27
core.bgc_1.comp_row._07_,29.22
core.bgc_11.comp_row._12_,29.22
core.bgc_14.comp_row.pe1._13_,29.22
core.bgc_5.comp_row.pe1._13_,29.22
core.bgc_7.comp_row.GR_bits\[4\],29.22
core.bgc_8.comp_row.pe1._13_,29.22
core.bgc_9.prev_step_output\[1\],29.22
core.timer_inst.cycle_cnt\[7\],29.22
core.adder_tree._0284_,29.17
core.adder_tree.r\[9\]\[2\],29.17
core.bgc_12.comp_col.GR_bits\[2\],29.17
core.bgc_3.prev_step_output\[5\],29.17
core.bgc_4.comp_row.GR_bits\[6\],29.17
core.bgc_4.comp_row.pe2._15_,29.17
core.bgc_6.comp_row.B\[1\],29.17
core.bgc_7.comp_row.pe2._15_,29.17
core.bgc_8.comp_row._03_,29.17
core.bgc_9.comp_row._07_,29.17
clknet_leaf_197_clk,29.17
clknet_leaf_215_clk,29.17
core.bgc_1.comp_col._09_,29.12
core.bgc_1.comp_row.pe2._15_,29.12
core.bgc_11.comp_col.GL_index\[3\],29.12
core.bgc_14.col_reg.q\[0\],29.12
core.bgc_14.comp_col.pe2._03_,29.12
core.bgc_6.col_reg._032_,29.12
core.bgc_9.col_reg._030_,29.12
core.bgc_4.prev_step_output\[4\],28.94
core.bgc_2.prev_step_output\[3\],28.84
core.adder_tree.r\[11\]\[3\],28.76
core.bgc_13.prev_step_output\[4\],28.76
core.adder_tree._0270_,28.71
core.adder_tree._0289_,28.71
core.adder_tree.r\[7\]\[5\],28.71
core.bgc_13.comp_row.B\[11\],28.71
core.bgc_3.col_reg.mode\[1\],28.71
core.bgc_7.col_reg.q\[0\],28.71
core.adder_tree._0461_,28.66
core.bgc_0.comp_col._04_,28.66
core.bgc_1.comp_col.GL_index\[3\],28.66
core.bgc_10.lfsr_col.seed_mem\[4\],28.66
core.bgc_15.comp_row._10_,28.66
core.bgc_2.col_reg._000_\[7\],28.66
core.bgc_3.comp_row.pe1._16_,28.66
core.bgc_4.col_reg._000_\[0\],28.66
core.bgc_8.comp_row.pe1._16_,28.66
core.adder_tree._0456_,28.61
core.adder_tree._0528_,28.61
core.bgc_0.col_reg.q\[6\],28.61
core.bgc_0.comp_col._06_,28.61
core.bgc_11.col_reg._000_\[8\],28.61
core.bgc_12.lfsr_col.seed_mem\[9\],28.61
core.bgc_13.col_reg._034_,28.61
core.bgc_14.prev_step_output\[10\],28.61
core.bgc_8.prev_step_output\[10\],28.61
core.lfsr_enabler._11_,28.61
net1532,28.61
core.bgc_10.comp_row.pe2._13_,28.56
core.bgc_11.comp_row._02_,28.56
core.bgc_12.comp_row._06_,28.56
core.bgc_13.comp_row._06_,28.56
core.bgc_15.comp_col.pe2._08_,28.56
core.bgc_2.comp_row.pe2._14_,28.56
core.bgc_6.final_counter._00_\[4\],28.56
core.bgc_7.comp_row.A\[0\],28.56
core.bgc_8.col_reg._032_,28.56
core.bgc_8.lfsr_row.seed_mem\[6\],28.56
core.bgc_13.col_reg.q\[5\],28.15
core.bgc_13.comp_col.GR_bits\[4\],28.15
core.bgc_5.comp_row.GR_bits\[3\],28.15
core.bgc_0.comp_col.GL_bits\[3\],28.1
core.bgc_0.comp_col._13_,28.1
core.bgc_1.comp_row.pe2._13_,28.1
core.bgc_10.comp_col.pe2._13_,28.1
core.bgc_10.comp_row._06_,28.1
core.bgc_12.comp_col.GR_bits\[0\],28.1
core.bgc_12.comp_col.pe1._15_,28.1
core.bgc_13.comp_row._11_,28.1
core.bgc_13.comp_row.pe1._13_,28.1
core.bgc_13.final_counter._19_,28.1
core.bgc_14.prev_step_output\[11\],28.1
core.bgc_5.lfsr_row.seed_mem\[0\],28.1
core.bgc_6.comp_col.pe1._14_,28.1
core.bgc_6.final_counter._12_,28.1
core.lfsr_enabler.row_load_count\[5\],28.1
core.res_mem_inst.slot\[15\].slot_reg._016_,28.1
net15,28.1
core.adder_tree._0293_,28.05
core.adder_tree._0673_,28.05
core.bgc_0.comp_row.pe1._16_,28.05
core.bgc_10.comp_row._02_,28.05
core.bgc_13.comp_col._06_,28.05
core.bgc_13.comp_col.pe1._13_,28.05
core.bgc_15.comp_row._02_,28.05
core.bgc_3.comp_row._10_,28.05
core.bgc_4.final_counter._00_\[11\],28.05
core.bgc_4.final_counter._22_,28.05
core.bgc_7.prev_step_output\[9\],28.05
core.bgc_9.row_reg._000_\[0\],28.05
clknet_leaf_60_clk,28.05
core.adder_tree._0265_,28
core.adder_tree._0441_,28
core.bgc_1.comp_col._10_,28
core.bgc_10.comp_col._05_,28
core.bgc_12.comp_row.GL_bits\[6\],28
core.bgc_13.col_reg._032_,28
core.bgc_15.comp_col.pe2._14_,28
core.bgc_2.col_reg._032_,28
core.bgc_4.comp_row.GL_bits\[11\],28
core.bgc_4.comp_row._08_,28
core.bgc_5.comp_row.GL_bits\[4\],28
core.bgc_13.col_reg.q\[4\],27.69
core.bgc_13.prev_step_output\[11\],27.59
core.bgc_5.comp_col.pe2._13_,27.59
core.bgc_5.final_counter._21_,27.59
core.bgc_7.comp_row._13_,27.59
core.adder_tree._0038_,27.54
core.bgc_0.comp_col._07_,27.54
core.bgc_0.prev_step_output\[10\],27.54
core.bgc_12.col_reg._000_\[10\],27.54
core.bgc_13.comp_row.A\[0\],27.54
core.bgc_2.comp_row.A\[0\],27.54
core.bgc_3.comp_row.pe1._15_,27.54
core.bgc_5.comp_col.GL_bits\[11\],27.54
core.bgc_7.col_reg._036_,27.54
core.adder_tree._0312_,27.49
core.adder_tree.r\[6\]\[3\],27.49
core.bgc_1.col_reg._022_,27.49
core.bgc_10.prev_step_output\[11\],27.49
core.bgc_12.prev_step_output\[6\],27.49
core.bgc_15.comp_col.GL_index\[3\],27.49
core.bgc_15.comp_row._08_,27.49
core.bgc_15.row_reg.mode\[1\],27.49
core.bgc_2.col_reg._000_\[0\],27.49
core.bgc_3.comp_col._02_,27.49
core.bgc_3.comp_row.pe2._07_,27.49
core.bgc_3.comp_row.pe2._15_,27.49
core.bgc_4.col_reg._028_,27.49
core.bgc_4.final_counter._00_\[10\],27.49
core.bgc_7.col_reg._018_,27.49
core.bgc_8.col_reg._000_\[9\],27.49
core.bgc_8.col_reg.q\[0\],27.49
core.bgc_8.comp_col.GL_bits\[4\],27.49
core.bgc_8.comp_col.pe2._15_,27.49
core.bgc_9.final_counter._04_,27.49
core.adder_tree._0532_,27.44
core.bgc_0.comp_col.GR_bits\[4\],27.44
core.bgc_11.col_data_in\[9\],27.44
core.bgc_11.comp_col.pe2._03_,27.44
core.bgc_14.comp_row._13_,27.44
core.bgc_15.prev_step_output\[4\],27.44
core.bgc_3.comp_col.pe1._14_,27.44
core.bgc_4.final_counter._00_\[3\],27.44
core.bgc_5.final_counter._00_\[7\],27.44
core.bgc_7.comp_row._15_,27.44
core.bgc_7.comp_row.pe2._13_,27.44
core.bgc_9.comp_col.A\[8\],27.44
core.adder_tree._0020_,27.03
core.adder_tree.r\[5\]\[4\],27.03
core.bgc_11.prev_step_output\[6\],27.03
core.bgc_14.final_counter._12_,27.03
core.adder_tree.r\[7\]\[8\],26.98
core.bgc_0.comp_col.pe2._13_,26.98
core.bgc_12.final_counter._00_\[7\],26.98
core.bgc_12.prev_step_output\[3\],26.98
core.bgc_15.comp_col.GL_bits\[11\],26.98
core.bgc_15.comp_col._02_,26.98
core.bgc_3.comp_col.GL_bits\[2\],26.98
core.bgc_5.col_reg._000_\[10\],26.98
core.res_mem_inst.write_counter\[1\],26.98
core.adder_tree._0394_,26.93
core.adder_tree._0431_,26.93
core.adder_tree._0498_,26.93
core.adder_tree._0521_,26.93
core.adder_tree.r\[2\]\[11\],26.93
core.bgc_12.col_reg._018_,26.93
core.bgc_14.comp_col.GR_bits\[3\],26.93
core.bgc_15.comp_col.GL_bits\[4\],26.93
core.bgc_3.comp_row._08_,26.93
core.bgc_4.comp_col._13_,26.93
core.bgc_4.comp_col.pe2._14_,26.93
core.bgc_6.comp_col._10_,26.93
core.bgc_8.row_reg._000_\[1\],26.93
core.res_mem_inst.slot\[10\].slot_reg._016_,26.93
core.timer_inst.cycle_cnt\[11\],26.93
core.adder_tree._0111_,26.88
core.adder_tree._0694_,26.88
core.bgc_0.comp_row._08_,26.88
core.bgc_10.col_reg._028_,26.88
core.bgc_10.col_reg._030_,26.88
core.bgc_10.comp_col._13_,26.88
core.bgc_13.comp_row.GL_index\[1\],26.88
core.bgc_14.comp_col._02_,26.88
core.bgc_2.col_reg._034_,26.88
core.bgc_2.final_counter._00_\[7\],26.88
core.bgc_4.comp_row.GL_index\[2\],26.88
core.bgc_5.comp_col._08_,26.88
core.bgc_5.lfsr_row._26_,26.88
core.bgc_6.comp_row._06_,26.88
core.bgc_6.comp_row._08_,26.88
core.bgc_6.prev_step_output\[0\],26.88
core.bgc_7.comp_row._06_,26.88
core.bgc_9.comp_row._13_,26.88
core.bgc_11.final_counter._12_,26.47
core.bgc_14.comp_row._10_,26.47
core.bgc_6.prev_step_output\[4\],26.47
core.adder_tree._0064_,26.42
core.adder_tree._0093_,26.42
core.adder_tree._0343_,26.42
core.bgc_1.comp_col.GL_bits\[11\],26.42
core.bgc_14.comp_col.pe2._14_,26.42
core.bgc_5.comp_row.pe2._03_,26.42
core.bgc_5.prev_step_output\[7\],26.42
core.bgc_7.lfsr_col.seed_mem\[0\],26.42
core.adder_tree._0046_,26.37
core.bgc_0.final_counter.on_switch,26.37
core.bgc_1.comp_row.GR_bits\[11\],26.37
core.bgc_11.comp_row._08_,26.37
core.bgc_11.lfsr_row.seed_mem\[6\],26.37
core.bgc_12.row_reg._000_\[1\],26.37
core.bgc_13.comp_col.GL_bits\[5\],26.37
core.bgc_14.comp_col._08_,26.37
core.bgc_3.comp_col._05_,26.37
core.bgc_3.comp_col.pe2._13_,26.37
core.bgc_4.lfsr_col.seed_mem\[1\],26.37
core.res_mem_inst._037_,26.37
core.res_mem_inst.slot\[6\].slot_reg.mode\[0\],26.37
core.timer_inst._01_\[5\],26.37
core.adder_tree._0127_,26.32
core.bgc_0.comp_row._07_,26.32
core.bgc_11.comp_col._02_,26.32
core.bgc_14.final_counter._19_,26.32
core.bgc_15.comp_row._09_,26.32
core.bgc_8.col_reg._024_,26.32
core.bgc_8.comp_row._07_,26.32
core.adder_tree.r\[0\]\[4\],26.14
core.bgc_7.comp_col.pe2._13_,26.09
core.bgc_11.comp_row._06_,25.96
core.bgc_12.comp_col.GL_index\[3\],25.96
core.adder_tree._0311_,25.91
core.adder_tree._0613_,25.91
core.bgc_14.lfsr_row.seed_mem\[10\],25.91
core.bgc_8.prev_step_output\[6\],25.91
core.adder_tree._0034_,25.86
core.adder_tree._0209_,25.86
core.adder_tree.r\[3\]\[11\],25.86
core.bgc_0.col_reg.mode\[1\],25.86
core.bgc_13.comp_row.pe2._13_,25.86
core.bgc_4.final_counter._14_,25.86
core.bgc_5.comp_col._07_,25.86
core.res_mem_inst.slot\[14\].slot_reg.mode\[0\],25.86
core.bgc_0.comp_row.A\[0\],25.81
core.bgc_1.comp_row._13_,25.81
core.bgc_10.comp_col.GR_bits\[5\],25.81
core.bgc_12.prev_step_output\[4\],25.81
core.bgc_12.row_reg._000_\[0\],25.81
core.bgc_15.comp_row.GL_bits\[2\],25.81
core.bgc_2.comp_row.B\[0\],25.81
core.bgc_3.comp_row._07_,25.81
core.bgc_5.comp_row.pe1._14_,25.81
core.bgc_6.comp_row._05_,25.81
core.bgc_7.comp_col._07_,25.81
core.bgc_7.comp_row._07_,25.81
core.bgc_8.final_counter._03_,25.81
core.adder_tree._0043_,25.76
core.adder_tree._0201_,25.76
core.bgc_12.comp_row._07_,25.76
core.bgc_14.comp_col.pe2._09_,25.76
core.bgc_8.col_reg._030_,25.76
core.bgc_2.comp_row.B\[1\],25.5
core.bgc_0.comp_col.A\[0\],25.35
core.bgc_0.comp_col._02_,25.35
core.bgc_11.prev_step_output\[5\],25.35
core.bgc_7.comp_row.B\[0\],25.35
core.lfsr_enabler.row_load_count\[3\],25.35
core.timer_inst._04_,25.35
core.adder_tree.r\[2\]\[4\],25.3
core.bgc_1.comp_row.GR_bits\[3\],25.3
core.bgc_1.comp_row._03_,25.3
core.bgc_11.comp_col.GL_bits\[11\],25.3
core.bgc_12.lfsr_col._00_\[10\],25.3
core.bgc_2.comp_row._08_,25.3
core.bgc_4.col_reg._036_,25.3
core.bgc_7.comp_col.pe2._10_,25.3
core.adder_tree._0689_,25.25
core.adder_tree.r\[6\]\[4\],25.25
core.bgc_0.comp_row._05_,25.25
core.bgc_0.row_reg._000_\[2\],25.25
core.bgc_0.row_reg._016_,25.25
core.bgc_10.final_counter._06_,25.25
core.bgc_11.comp_col.pe2._16_,25.25
core.bgc_11.comp_row.GR_index\[3\],25.25
core.bgc_13.comp_col._04_,25.25
core.bgc_14.comp_row._06_,25.25
core.bgc_2.lfsr_col._00_\[11\],25.25
core.bgc_3.comp_col.pe2._12_,25.25
core.bgc_3.comp_row._06_,25.25
core.bgc_4.col_data_in\[1\],25.25
core.bgc_5.col_reg._000_\[9\],25.25
core.bgc_6.comp_col.pe2._14_,25.25
core.bgc_6.prev_step_output\[3\],25.25
core.bgc_7.col_reg.mode\[0\],25.25
core.bgc_8.col_reg._000_\[8\],25.25
core.bgc_8.comp_row.GL_index\[3\],25.25
core.bgc_9.comp_row.pe1._10_,25.25
core.dec_inst._01_,25.25
core.adder_tree._0328_,25.2
core.bgc_0.comp_row._09_,25.2
core.bgc_0.row_reg._000_\[0\],25.2
core.bgc_1.comp_row.pe1._16_,25.2
core.bgc_1.final_counter._12_,25.2
core.bgc_11.col_data_in\[7\],25.2
core.bgc_11.col_reg._026_,25.2
core.bgc_11.comp_row._03_,25.2
core.bgc_13.comp_col.pe1._14_,25.2
core.bgc_14.col_data_in\[7\],25.2
core.bgc_4.comp_col.pe2._08_,25.2
core.bgc_4.comp_row._06_,25.2
core.bgc_5.comp_col.GL_index\[2\],25.2
core.bgc_6.final_counter._00_\[1\],25.2
core.bgc_8.comp_col.GL_bits\[11\],25.2
core.bgc_8.final_counter._04_,25.2
core.res_mem_inst.slot\[10\].slot_reg._000_\[4\],25.2
core.bgc_6.comp_col.pe2._13_,24.84
core.bgc_9.comp_row.GL_bits\[11\],24.84
core.bgc_10.final_counter._12_,24.79
core.bgc_12.lfsr_row.seed_mem\[10\],24.79
core.bgc_3.comp_row.GL_bits\[3\],24.79
core.bgc_0.row_reg._000_\[1\],24.74
core.bgc_10.col_reg._036_,24.74
core.bgc_13.col_reg._028_,24.74
core.bgc_15.comp_col.GR_bits\[3\],24.74
core.bgc_3.final_counter._19_,24.74
core.adder_tree._0089_,24.69
core.adder_tree._0142_,24.69
core.adder_tree._0159_,24.69
core.adder_tree._0624_,24.69
core.bgc_0.comp_row.pe1._13_,24.69
core.bgc_11.comp_col._04_,24.69
core.bgc_11.comp_row._04_,24.69
core.bgc_14.row_reg._000_\[0\],24.69
core.bgc_15.comp_row.GL_bits\[4\],24.69
core.bgc_2.comp_col._05_,24.69
core.bgc_3.col_reg._034_,24.69
core.bgc_3.comp_col.GR_bits\[11\],24.69
core.bgc_7.col_reg._034_,24.69
core.bgc_9.col_reg._024_,24.69
core.res_mem_inst.slot\[5\].slot_reg.mode\[1\],24.69
core.adder_tree._0453_,24.64
core.adder_tree._0542_,24.64
core.bgc_0.comp_col.GL_bits\[11\],24.64
core.bgc_11.comp_row._09_,24.64
core.bgc_12.col_reg._028_,24.64
core.bgc_12.col_reg._036_,24.64
core.bgc_13.comp_col.pe2._10_,24.64
core.bgc_13.comp_row._03_,24.64
core.bgc_3.comp_col._06_,24.64
core.bgc_3.comp_col.pe2._09_,24.64
core.bgc_3.comp_row.A\[10\],24.64
core.bgc_4.comp_col.A\[0\],24.64
core.bgc_4.comp_col.pe1._10_,24.64
core.bgc_4.lfsr_col._00_\[7\],24.64
core.bgc_5.final_counter._00_\[11\],24.64
core.bgc_6.comp_row._02_,24.64
core.bgc_2.comp_row.GR_bits\[3\],24.28
core.res_mem_inst.slot\[1\].slot_reg.mode\[0\],24.265
core.bgc_10.comp_col.GL_bits\[4\],24.23
core.bgc_13.final_counter._04_,24.23
core.bgc_5.comp_row.B\[0\],24.23
core.adder_tree._0407_,24.18
core.bgc_0.comp_row.GR_bits\[3\],24.18
core.bgc_0.prev_step_output\[9\],24.18
core.bgc_11.lfsr_col.seed_mem\[10\],24.18
core.bgc_13.comp_col.pe2._13_,24.18
core.bgc_14.comp_col.pe1._16_,24.18
core.bgc_14.comp_row.pe2._14_,24.18
core.bgc_3.col_data_in\[11\],24.18
core.bgc_4.comp_col.GR_bits\[4\],24.18
clknet_leaf_149_clk,24.18
net715,24.13
core.adder_tree.r\[4\]\[4\],24.13
core.bgc_1.prev_step_output\[10\],24.13
core.bgc_11.comp_col.pe1._15_,24.13
core.bgc_11.comp_row.pe1._16_,24.13
core.bgc_12.comp_col._10_,24.13
core.bgc_13.comp_row.GL_bits\[11\],24.13
core.bgc_14.col_reg._016_,24.13
core.bgc_14.comp_row.pe1._15_,24.13
core.bgc_4.comp_col.GL_bits\[3\],24.13
core.bgc_6.comp_col.GL_index\[3\],24.13
core.bgc_6.comp_row.B\[0\],24.13
core.bgc_6.comp_row._17_,24.13
core.bgc_7.comp_row.GR_index\[3\],24.13
core.bgc_8.comp_col._16_,24.13
core.bgc_9.comp_row.B\[1\],24.13
core.res_mem_inst.slot\[3\].slot_reg.mode\[0\],24.13
core.bgc_1.comp_col._02_,24.08
core.bgc_1.comp_col.pe2._14_,24.08
core.bgc_1.prev_step_output\[1\],24.08
core.bgc_10.comp_row.pe1._16_,24.08
core.bgc_11.comp_row._10_,24.08
core.bgc_11.comp_row.pe1._03_,24.08
core.bgc_11.final_counter._04_,24.08
core.bgc_13.comp_row.GL_index\[2\],24.08
core.bgc_13.row_reg._000_\[0\],24.08
core.bgc_15.comp_col.pe2._16_,24.08
core.bgc_2.comp_col.pe2._12_,24.08
core.bgc_2.comp_row.pe1._16_,24.08
core.bgc_2.final_counter._03_,24.08
core.bgc_6.comp_col._06_,24.08
core.bgc_9.col_reg._000_\[7\],24.08
core.bgc_9.comp_col._11_,24.08
core.bgc_9.comp_row._05_,24.08
core.res_mem_inst.slot\[14\].slot_reg._016_,24.08
core.bgc_15.final_counter._04_,23.72
core.bgc_8.comp_col.GR_bits\[11\],23.72
core.bgc_1.comp_col.pe2._15_,23.67
core.bgc_1.comp_row.pe2._10_,23.67
core.bgc_11.comp_row.GL_bits\[11\],23.67
core.bgc_15.comp_row.B\[0\],23.67
core.bgc_4.final_counter._01_,23.67
core.adder_tree._0022_,23.62
core.adder_tree._0107_,23.62
core.adder_tree.r\[11\]\[2\],23.62
core.bgc_12.comp_row.pe1._16_,23.62
core.bgc_14.final_counter._04_,23.62
core.bgc_2.col_reg.q\[0\],23.62
core.bgc_2.comp_col.GL_bits\[6\],23.62
core.bgc_2.comp_row.A\[1\],23.62
core.bgc_5.final_counter._19_,23.62
core.bgc_7.comp_row.GL_bits\[4\],23.62
core.bgc_8.comp_row._08_,23.62
core.bgc_9.comp_col.GR_bits\[6\],23.62
core.adder_tree._0276_,23.57
core.adder_tree._0347_,23.57
core.adder_tree._0515_,23.57
core.adder_tree._0658_,23.57
core.bgc_0.comp_row.GL_bits\[3\],23.57
core.bgc_0.comp_row.GL_index\[2\],23.57
core.bgc_0.comp_row.pe2._14_,23.57
core.bgc_1.comp_row._12_,23.57
core.bgc_14.comp_col.GR_bits\[11\],23.57
core.bgc_14.comp_row.pe2._12_,23.57
core.bgc_15.comp_row._06_,23.57
core.bgc_2.comp_row._04_,23.57
core.bgc_2.lfsr_col.seed_mem\[11\],23.57
core.bgc_6.lfsr_col.seed_mem\[10\],23.57
core.bgc_7.comp_row.pe2._14_,23.57
net168,23.52
core.adder_tree._0222_,23.52
core.bgc_1.comp_col.pe2._12_,23.52
core.bgc_1.comp_row.pe2._08_,23.52
core.bgc_12.col_reg._000_\[5\],23.52
core.bgc_12.comp_row.B\[0\],23.52
core.bgc_12.comp_row._03_,23.52
core.bgc_13.comp_col.GR_bits\[11\],23.52
core.bgc_13.comp_row.pe1._16_,23.52
core.bgc_13.lfsr_row._00_\[1\],23.52
core.bgc_14.comp_col._09_,23.52
core.bgc_14.comp_row.B\[0\],23.52
core.bgc_2.prev_step_output\[0\],23.52
core.bgc_5.comp_row._04_,23.52
core.bgc_5.final_counter._01_,23.52
core.bgc_7.comp_row._04_,23.52
core.bgc_8.comp_col.GL_bits\[5\],23.52
core.bgc_12.col_reg.q\[0\],23.11
core.bgc_12.comp_col.GR_bits\[5\],23.11
core.bgc_13.comp_col.GR_bits\[6\],23.11
core.adder_tree._0451_,23.06
core.bgc_0.comp_col.GR_bits\[5\],23.06
core.bgc_0.comp_row.pe1._14_,23.06
core.bgc_10.prev_step_output\[3\],23.06
core.bgc_11.final_counter._03_,23.06
core.bgc_11.prev_step_output\[11\],23.06
core.bgc_15.comp_row.pe2._13_,23.06
core.bgc_2.comp_col.pe1._14_,23.06
core.bgc_2.row_reg._000_\[4\],23.06
core.bgc_3.comp_row.GL_index\[3\],23.06
core.bgc_3.comp_row._12_,23.06
core.bgc_6.comp_row.pe1._15_,23.06
core.bgc_6.comp_row.pe2._13_,23.06
core.bgc_9.comp_col.GL_bits\[4\],23.06
core.bgc_9.comp_col._04_,23.06
core.bgc_9.comp_row.GR_bits\[3\],23.06
core.res_mem_inst.slot\[0\].slot_reg._016_,23.06
core.adder_tree._0030_,23.01
core.adder_tree._0232_,23.01
core.adder_tree._0634_,23.01
core.bgc_0.comp_col.GL_index\[3\],23.01
core.bgc_0.final_counter._00_\[4\],23.01
core.bgc_0.lfsr_col._00_\[7\],23.01
core.bgc_0.lfsr_col._26_,23.01
core.bgc_1.comp_row.GL_index\[3\],23.01
core.bgc_1.final_counter._00_\[3\],23.01
core.bgc_10.comp_row._05_,23.01
core.bgc_11.comp_row.GR_bits\[3\],23.01
core.bgc_13.comp_row.pe1._10_,23.01
core.bgc_14.col_reg._024_,23.01
core.bgc_15.comp_col.GR_bits\[4\],23.01
core.bgc_2.comp_col.pe1._10_,23.01
core.bgc_2.comp_row.GL_index\[3\],23.01
core.bgc_3.comp_col._08_,23.01
core.bgc_3.comp_col.pe1._15_,23.01
core.bgc_3.comp_row.GL_bits\[4\],23.01
core.bgc_5.comp_row.pe2._11_,23.01
core.bgc_6.comp_row.pe1._14_,23.01
core.bgc_7.comp_col.GL_index\[3\],23.01
core.bgc_7.comp_col._08_,23.01
core.bgc_7.comp_col._12_,23.01
core.bgc_8.comp_row._09_,23.01
core.bgc_9.col_reg._028_,23.01
core.bgc_9.col_reg._038_,23.01
core.res_mem_inst.slot\[10\].slot_reg._000_\[3\],23.01
core.adder_tree._0454_,22.96
core.bgc_10.comp_row.GR_bits\[1\],22.96
core.bgc_13.comp_col.pe1._16_,22.96
core.bgc_13.comp_col.pe2._12_,22.96
core.bgc_13.comp_col.pe2._15_,22.96
core.bgc_13.comp_row._02_,22.96
core.bgc_14.comp_col.pe2._15_,22.96
core.bgc_14.comp_row.pe1._16_,22.96
core.bgc_4.comp_row._04_,22.96
core.bgc_5.col_data_in\[1\],22.96
core.bgc_6.comp_row.GL_bits\[7\],22.96
core.bgc_7.comp_col.pe1._14_,22.96
core.bgc_15.prev_step_output\[1\],22.6
core.bgc_10.comp_row.GL_bits\[5\],22.55
core.bgc_6.comp_row.GL_bits\[11\],22.55
core.bgc_9.comp_col.GL_index\[2\],22.55
core.adder_tree._0264_,22.5
core.bgc_1.comp_col.GL_index\[2\],22.5
core.bgc_1.comp_col.pe1._12_,22.5
core.bgc_11.comp_col.GR_bits\[6\],22.5
core.bgc_11.comp_row.GR_bits\[6\],22.5
core.bgc_13.col_reg._026_,22.5
core.bgc_14.comp_row.GR_bits\[4\],22.5
core.bgc_15.comp_row.GL_bits\[5\],22.5
core.bgc_2.final_counter._00_\[3\],22.5
core.bgc_3.comp_row.GR_bits\[3\],22.5
core.bgc_5.comp_col._02_,22.5
core.bgc_7.comp_row._14_,22.5
core.bgc_9.col_reg._040_,22.5
core.bgc_9.comp_row.pe1._14_,22.5
net137,22.45
core.adder_tree._0058_,22.45
core.adder_tree._0245_,22.45
core.adder_tree._0518_,22.45
core.bgc_1.comp_col._12_,22.45
core.bgc_1.prev_step_output\[2\],22.45
core.bgc_10.final_counter._23_,22.45
core.bgc_12.comp_row.GL_index\[3\],22.45
core.bgc_13.col_reg._005_,22.45
core.bgc_13.comp_col._13_,22.45
core.bgc_14.lfsr_col._26_,22.45
core.bgc_3.comp_col.pe1._16_,22.45
core.bgc_4.comp_col._07_,22.45
core.bgc_4.comp_row.GL_bits\[5\],22.45
core.bgc_7.comp_row.A\[1\],22.45
core.bgc_7.prev_step_output\[10\],22.45
core.bgc_9.comp_row.B\[0\],22.45
core.res_mem_inst.slot\[9\].slot_reg._016_,22.45
core.adder_tree.r\[6\]\[1\],22.4
core.bgc_1.comp_col._08_,22.4
core.bgc_12.lfsr_col._26_,22.4
core.bgc_14.col_reg._000_\[0\],22.4
core.bgc_14.col_reg._026_,22.4
core.bgc_15.comp_col.pe2._12_,22.4
core.bgc_15.comp_row.GL_index\[3\],22.4
core.bgc_15.comp_row.pe2._12_,22.4
core.bgc_3.comp_row._09_,22.4
core.bgc_4.row_reg._016_,22.4
core.bgc_5.comp_col.GL_index\[3\],22.4
core.bgc_5.lfsr_row._24_,22.4
core.bgc_8.comp_col._07_,22.4
core.bgc_8.comp_row.GR_bits\[6\],22.4
core.res_mem_inst._011_,22.4
core.res_mem_inst.slot\[5\].slot_reg._000_\[0\],22.4
core.res_mem_inst.write_counter\[2\],22.4
core.bgc_6.row_reg._016_,22.22
core.bgc_2.comp_col.pe1._15_,22.21
core.adder_tree._0117_,22.09
core.adder_tree._0062_,21.99
core.adder_tree._0268_,21.99
core.bgc_1.comp_row.GR_bits\[6\],21.99
core.bgc_1.comp_row._04_,21.99
core.bgc_12.comp_row.pe1._13_,21.99
core.bgc_7.col_reg.mode\[1\],21.99
core.adder_tree._0281_,21.94
core.bgc_0.lfsr_col.seed_mem\[11\],21.94
core.bgc_1.comp_row.GL_bits\[5\],21.94
core.bgc_1.lfsr_row.seed_mem\[0\],21.94
core.bgc_10.comp_col.pe1._10_,21.94
core.bgc_11.comp_col.GR_bits\[11\],21.94
core.bgc_12.comp_col.GR_bits\[9\],21.94
core.bgc_12.comp_row.pe2._15_,21.94
core.bgc_14.comp_col.GL_bits\[5\],21.94
core.bgc_2.comp_col.GR_bits\[4\],21.94
core.bgc_0.col_reg._020_,21.89
core.bgc_0.row_reg.mode\[1\],21.89
core.bgc_1.row_reg.mode\[1\],21.89
core.bgc_10.comp_row.A\[5\],21.89
core.bgc_11.comp_col.GL_bits\[5\],21.89
core.bgc_12.comp_col.GR_bits\[10\],21.89
core.bgc_12.row_reg._000_\[2\],21.89
core.bgc_15.comp_col._09_,21.89
core.bgc_3.comp_col.GR_bits\[3\],21.89
core.bgc_5.col_reg._032_,21.89
core.bgc_6.comp_col.GL_index\[2\],21.89
core.bgc_6.comp_row.pe1._16_,21.89
core.bgc_8.comp_row.pe1._08_,21.89
core.bgc_9.comp_col.GL_index\[1\],21.89
core.res_mem_inst.slot\[14\].slot_reg._039_,21.89
core.res_mem_inst.slot\[5\].slot_reg._018_,21.89
clknet_leaf_4_clk,21.89
net1181,21.84
core._06_,21.84
core.bgc_1.col_reg._028_,21.84
core.bgc_1.comp_col.GR_bits\[9\],21.84
core.bgc_1.lfsr_col._26_,21.84
core.bgc_11.comp_row._05_,21.84
core.bgc_12.comp_col.pe1._11_,21.84
core.bgc_14.comp_row._09_,21.84
core.bgc_15.comp_row.GR_index\[1\],21.84
core.bgc_15.final_counter._14_,21.84
core.bgc_2.col_reg._024_,21.84
core.bgc_3.comp_col._04_,21.84
core.bgc_5.final_counter._06_,21.84
core.bgc_6.comp_col._04_,21.84
core.bgc_6.comp_row.GR_bits\[5\],21.84
core.bgc_7.comp_row.pe1._09_,21.84
core.bgc_9.comp_col._09_,21.84
core.bgc_0.comp_col.pe1._15_,21.48
core.adder_tree._0500_,21.43
core.bgc_0.col_reg.mode\[0\],21.43
core.bgc_11.comp_col.GL_bits\[3\],21.43
core.bgc_3.final_counter._12_,21.43
core.bgc_4.comp_row.B\[0\],21.43
core.bgc_7.comp_col.GR_bits\[6\],21.43
core.bgc_8.comp_row.pe2._15_,21.43
core.bgc_8.row_reg.mode\[1\],21.43
core.adder_tree._0113_,21.38
core.bgc_0.comp_row.GL_index\[3\],21.38
core.bgc_10.comp_row.GR_bits\[3\],21.38
core.bgc_13.final_counter._00_\[3\],21.38
core.bgc_13.final_counter._12_,21.38
core.bgc_2.prev_step_output\[1\],21.38
core.bgc_3.col_reg._016_,21.38
core.bgc_3.comp_col.GL_bits\[5\],21.38
core.bgc_4.col_reg.mode\[1\],21.38
core.bgc_5.comp_col.A\[1\],21.38
core.bgc_6.prev_step_output\[10\],21.38
core.bgc_7.comp_col.GL_bits\[6\],21.38
core.bgc_7.comp_col.GL_index\[1\],21.38
core.bgc_7.comp_col.GR_bits\[3\],21.38
core.bgc_9.col_reg.mode\[1\],21.38
core.bgc_9.row_reg._000_\[1\],21.38
core.lfsr_enabler._04_,21.38
net564,21.33
core.bgc_10.comp_row._03_,21.33
core.bgc_2.final_counter._12_,21.33
core.bgc_7.comp_row._09_,21.33
core.bgc_8.comp_col.A\[0\],21.33
core.bgc_9.comp_col.GL_bits\[6\],21.33
core.bgc_9.row_reg.mode\[1\],21.33
core.bgc_0.comp_row._06_,21.28
core.bgc_0.lfsr_col._00_\[0\],21.28
core.bgc_1.final_counter._01_,21.28
core.bgc_10.comp_row.GR_bits\[9\],21.28
core.bgc_11.comp_row.GL_bits\[4\],21.28
core.bgc_12.col_reg._000_\[8\],21.28
core.bgc_12.comp_row.pe1._09_,21.28
core.bgc_14.comp_row._08_,21.28
core.bgc_2.col_data_in\[1\],21.28
core.bgc_4.comp_row.pe1._12_,21.28
core.bgc_5.comp_row.GL_index\[2\],21.28
core.bgc_6.comp_col._07_,21.28
core.bgc_7.comp_col.GR_bits\[4\],21.28
core.bgc_9.final_counter._00_\[11\],21.28
core.res_mem_inst.slot\[5\].slot_reg._001_,21.28
core.timer_inst._15_,21.28
core.adder_tree.r\[12\]\[2\],20.92
core.adder_tree._0228_,20.87
core.bgc_0.final_counter._19_,20.87
core.bgc_0.row_reg.mode\[0\],20.87
core.bgc_11.comp_col.GR_bits\[10\],20.87
core.bgc_12.comp_col.GR_bits\[11\],20.87
core.bgc_12.comp_col.GR_bits\[4\],20.87
core.bgc_15.comp_row.GR_bits\[4\],20.87
core.bgc_4.comp_row.pe1._13_,20.87
core.bgc_5.prev_step_output\[11\],20.87
core.bgc_7.final_counter._21_,20.87
core.bgc_8.final_counter._14_,20.87
core.adder_tree._0463_,20.82
core.bgc_12.comp_col.GR_bits\[7\],20.82
core.bgc_12.comp_row.GL_bits\[3\],20.82
core.bgc_14.comp_row.GL_bits\[6\],20.82
core.bgc_14.final_counter._03_,20.82
core.bgc_15.comp_row.GR_bits\[8\],20.82
core.bgc_2.comp_col.GR_bits\[3\],20.82
core.bgc_4.comp_col._02_,20.82
core.bgc_4.final_counter._19_,20.82
core.bgc_6.comp_row.GR_bits\[6\],20.82
core.bgc_6.row_reg._000_\[1\],20.82
core.adder_tree._0535_,20.77
core.adder_tree._0619_,20.77
core.bgc_0.comp_row.GL_bits\[4\],20.77
core.bgc_1.comp_row._08_,20.77
core.bgc_13.col_reg._045_,20.77
core.bgc_13.row_reg._000_\[1\],20.77
core.bgc_15.comp_row.GR_bits\[5\],20.77
core.bgc_2.comp_col.pe2._09_,20.77
core.bgc_3.comp_col.GL_bits\[1\],20.77
core.bgc_3.comp_col.pe1._10_,20.77
core.bgc_3.final_counter._00_\[3\],20.77
core.bgc_5.comp_col.GL_bits\[9\],20.77
core.bgc_9.col_reg._016_,20.77
core.bgc_9.comp_col.GR_bits\[5\],20.77
core.timer_inst._00_,20.77
clknet_leaf_210_clk,20.77
core.bgc_0.comp_col.GL_bits\[2\],20.72
core.bgc_10.col_reg._000_\[4\],20.72
core.bgc_10.comp_col.pe2._16_,20.72
core.bgc_12.comp_row.pe1._14_,20.72
core.bgc_12.lfsr_row._26_,20.72
core.bgc_14.col_reg._038_,20.72
core.bgc_14.comp_col.A\[3\],20.72
core.bgc_14.comp_col.GL_bits\[3\],20.72
core.bgc_14.comp_col._10_,20.72
core.bgc_2.comp_col._02_,20.72
core.bgc_2.final_counter._00_\[9\],20.72
core.bgc_5.row_reg._000_\[10\],20.72
core.bgc_6.comp_col._09_,20.72
core.bgc_7.comp_col.pe1._15_,20.72
core.bgc_8.comp_col.GL_bits\[8\],20.72
core.bgc_8.comp_row._06_,20.72
core.adder_tree._0218_,20.31
core.adder_tree._0414_,20.31
core.bgc_1.row_reg._016_,20.31
core.bgc_10.col_reg.mode\[1\],20.31
core.bgc_10.comp_col.GL_bits\[3\],20.31
core.bgc_12.comp_row.GL_index\[2\],20.31
core.bgc_7.final_counter._12_,20.31
core.bgc_13.comp_row.GL_bits\[4\],20.265
core.adder_tree._0247_,20.26
core.bgc_0.comp_col.pe2._12_,20.26
core.bgc_0.comp_row.pe2._12_,20.26
core.bgc_15.comp_col.GL_bits\[6\],20.26
core.bgc_5.row_reg.mode\[1\],20.26
core.bgc_6.comp_col.GL_bits\[4\],20.26
core.bgc_6.comp_row.GL_bits\[5\],20.26
core.bgc_7.comp_col.GR_bits\[7\],20.26
core.bgc_8.comp_row.GL_bits\[11\],20.26
core.bgc_8.comp_row.pe1._15_,20.26
core.bgc_9.row_reg._000_\[2\],20.26
core.res_mem_inst.slot\[6\].slot_reg._000_\[2\],20.26
net627,20.21
core.adder_tree._0095_,20.21
core.adder_tree._0124_,20.21
core.adder_tree.r\[5\]\[11\],20.21
core.bgc_0.comp_row._04_,20.21
core.bgc_1.final_counter._06_,20.21
core.bgc_10.comp_row.A\[0\],20.21
core.bgc_11.comp_col.GL_index\[2\],20.21
core.bgc_11.comp_col.pe1._06_,20.21
core.bgc_11.comp_row.GL_bits\[5\],20.21
core.bgc_12.col_reg._002_,20.21
core.bgc_12.comp_row.GR_bits\[3\],20.21
core.bgc_14.comp_col.GL_index\[2\],20.21
core.bgc_14.final_counter._06_,20.21
core.bgc_15.comp_row.GR_bits\[11\],20.21
core.bgc_2.comp_row.GL_index\[2\],20.21
core.bgc_3.final_counter._14_,20.21
core.bgc_4.comp_row.pe2._03_,20.21
core.bgc_5.comp_row.GL_bits\[2\],20.21
core.bgc_6.comp_col.pe2._12_,20.21
core.bgc_6.row_reg._000_\[0\],20.21
core.bgc_8.comp_col.pe1._14_,20.21
core.bgc_9.comp_row.pe1._12_,20.21
core.res_mem_inst.slot\[1\].slot_reg._005_,20.21
core.timer_inst.cycle_cnt\[6\],20.21
core.adder_tree._0692_,20.16
core.bgc_0.comp_col.pe1._10_,20.16
core.bgc_0.comp_row.GL_bits\[10\],20.16
core.bgc_1.comp_col._13_,20.16
core.bgc_1.comp_row.pe1._14_,20.16
core.bgc_1.final_counter._22_,20.16
core.bgc_12.comp_row.GR_bits\[5\],20.16
core.bgc_13.comp_row.pe1._14_,20.16
core.bgc_13.comp_row.pe2._10_,20.16
core.bgc_2.comp_row.pe1._14_,20.16
core.bgc_4.comp_col.pe2._12_,20.16
core.bgc_4.comp_col.pe2._16_,20.16
core.bgc_6.comp_row._14_,20.16
core.bgc_8.comp_col._05_,20.16
core.bgc_8.comp_row._05_,20.16
core.bgc_9.comp_col.GL_bits\[3\],20.16
core.res_mem_inst._019_,20.16
core.bgc_5.comp_col.pe1._13_,19.8
core.adder_tree._0094_,19.75
core.adder_tree._0149_,19.75
core.adder_tree._0417_,19.75
core.bgc_11.comp_row.B\[9\],19.75
core.bgc_13.comp_col._08_,19.75
core.bgc_2.comp_col.GR_bits\[5\],19.75
core.bgc_3.final_counter._04_,19.75
core.bgc_5.comp_row.GL_index\[3\],19.75
core.bgc_8.prev_step_output\[2\],19.75
core.res_mem_inst.slot\[14\].slot_reg.mode\[1\],19.75
core.adder_tree._0434_,19.7
core.bgc_1.comp_col.A\[9\],19.7
core.bgc_1.comp_col.GR_bits\[3\],19.7
core.bgc_1.comp_row._09_,19.7
core.bgc_1.prev_step_output\[11\],19.7
core.bgc_10.comp_row.GL_bits\[4\],19.7
core.bgc_13.comp_col.GR_bits\[5\],19.7
core.bgc_14.comp_col._07_,19.7
core.bgc_15.comp_row.pe1._03_,19.7
core.bgc_3.comp_col.GL_index\[2\],19.7
core.bgc_6.comp_row.pe1._13_,19.7
core.bgc_8.comp_row.pe2._14_,19.7
core.bgc_9.lfsr_row.seed_mem\[0\],19.7
core.adder_tree._0307_,19.65
core.bgc_0.final_counter._00_\[3\],19.65
core.bgc_1.comp_col.pe1._15_,19.65
core.bgc_10.lfsr_row.seed_mem\[9\],19.65
core.bgc_10.prev_step_output\[4\],19.65
core.bgc_11.comp_col.GL_bits\[2\],19.65
core.bgc_11.final_counter._19_,19.65
core.bgc_12.comp_col.A\[11\],19.65
core.bgc_12.comp_col.GL_bits\[5\],19.65
core.bgc_12.comp_row._12_,19.65
core.bgc_14.comp_row.GL_bits\[4\],19.65
core.bgc_15.col_reg._021_,19.65
core.bgc_15.comp_col.GR_bits\[2\],19.65
core.bgc_15.comp_row.pe1._15_,19.65
core.bgc_2.comp_col.pe1._06_,19.65
core.bgc_2.final_counter._00_\[10\],19.65
core.bgc_5.comp_col.pe2._12_,19.65
core.bgc_7.comp_row.GR_bits\[3\],19.65
core.bgc_9.comp_row.pe1._15_,19.65
core.dec_inst.en_out\[1\],19.65
core.res_mem_inst.slot\[6\].slot_reg._000_\[1\],19.65
net587,19.6
core.adder_tree._0481_,19.6
core.adder_tree._0622_,19.6
core.bgc_0.comp_row.GL_bits\[6\],19.6
core.bgc_1.col_reg._024_,19.6
core.bgc_10.comp_col.GR_bits\[2\],19.6
core.bgc_10.final_counter._21_,19.6
core.bgc_10.row_reg._000_\[1\],19.6
core.bgc_11.comp_row.pe2._09_,19.6
core.bgc_12.col_reg._000_\[3\],19.6
core.bgc_12.comp_row._08_,19.6
core.bgc_12.comp_row.pe1._12_,19.6
core.bgc_14.lfsr_row._15_,19.6
core.bgc_14.row_reg._038_,19.6
core.bgc_15.comp_row.pe1._10_,19.6
core.bgc_3.comp_col.pe1._03_,19.6
core.bgc_3.comp_row.GL_bits\[1\],19.6
core.bgc_5.comp_col.GL_bits\[0\],19.6
core.bgc_5.comp_col._04_,19.6
core.bgc_5.comp_col._12_,19.6
core.bgc_5.comp_col.pe2._03_,19.6
core.bgc_5.comp_row.pe1._15_,19.6
core.bgc_6.comp_row._04_,19.6
core.bgc_6.comp_row._13_,19.6
core.bgc_8.comp_row.GR_bits\[4\],19.6
core.bgc_8.comp_row._10_,19.6
core.bgc_9.comp_col.A\[1\],19.6
core.bgc_0.comp_col.GL_bits\[5\],19.19
core.bgc_1.col_reg.mode\[1\],19.19
core.bgc_12.col_reg._026_,19.19
core.bgc_12.comp_col.GL_index\[2\],19.19
core.bgc_3.comp_row.GL_bits\[5\],19.19
core.bgc_5.comp_col.GR_bits\[4\],19.19
core.bgc_7.comp_col.GR_bits\[11\],19.19
core.bgc_9.comp_row.GL_bits\[6\],19.19
core.adder_tree._0215_,19.14
core.adder_tree._0487_,19.14
core.adder_tree._0574_,19.14
core.bgc_1.comp_col.pe1._14_,19.14
core.bgc_10.comp_col.GL_bits\[11\],19.14
core.bgc_11.col_reg.mode\[0\],19.14
core.bgc_11.comp_col.GR_bits\[2\],19.14
core.bgc_11.comp_row.GR_bits\[8\],19.14
core.bgc_12.comp_row.GL_bits\[2\],19.14
core.bgc_13.comp_row.GR_bits\[6\],19.14
core.bgc_14.comp_row._12_,19.14
core.bgc_14.lfsr_col.seed_mem\[11\],19.14
core.bgc_15.comp_col.GL_bits\[3\],19.14
core.bgc_15.comp_row.GL_bits\[6\],19.14
core.bgc_2.comp_row.GR_bits\[5\],19.14
core.bgc_2.comp_row.GR_bits\[6\],19.14
core.bgc_4.comp_col._05_,19.14
core.bgc_4.comp_row.pe1._15_,19.14
core.bgc_8.comp_row.pe1._12_,19.14
core.bgc_9.comp_col.GL_bits\[9\],19.14
core.bgc_9.comp_col._07_,19.14
core.bgc_9.lfsr_col.seed_mem\[11\],19.14
net1377,19.09
core.adder_tree._0013_,19.09
core.adder_tree._0021_,19.09
core.adder_tree._0054_,19.09
core.adder_tree._0192_,19.09
core.bgc_0.comp_row.GR_bits\[11\],19.09
core.bgc_0.comp_row.pe1._12_,19.09
core.bgc_0.final_counter._04_,19.09
core.bgc_1.comp_col.GL_bits\[3\],19.09
core.bgc_1.comp_col.pe2._09_,19.09
core.bgc_1.comp_row.GL_index\[1\],19.09
core.bgc_10.col_reg._000_\[3\],19.09
core.bgc_10.lfsr_col._00_\[6\],19.09
core.bgc_11.comp_row.pe2._12_,19.09
core.bgc_12.col_reg._001_,19.09
core.bgc_12.col_reg._008_,19.09
core.bgc_12.comp_col.pe2._14_,19.09
core.bgc_12.final_counter._14_,19.09
core.bgc_13.col_reg.mode\[1\],19.09
core.bgc_13.comp_col.GL_index\[2\],19.09
core.bgc_13.comp_col.pe1._10_,19.09
core.bgc_13.comp_col.pe1._15_,19.09
core.bgc_14.col_reg._028_,19.09
core.bgc_14.comp_col.pe1._12_,19.09
core.bgc_14.lfsr_row._00_\[11\],19.09
core.bgc_15.comp_row._07_,19.09
core.bgc_2.comp_col.pe2._07_,19.09
core.bgc_2.comp_row._03_,19.09
core.bgc_2.final_counter._20_,19.09
core.bgc_3.col_reg.mode\[0\],19.09
core.bgc_3.comp_row.GL_index\[1\],19.09
core.bgc_4.col_reg._016_,19.09
core.bgc_4.comp_col.pe2._15_,19.09
core.bgc_5.comp_col._10_,19.09
core.bgc_5.comp_col.pe1._12_,19.09
core.bgc_6.comp_row.A\[1\],19.09
core.bgc_6.comp_row.pe1._12_,19.09
core.bgc_8.col_reg._016_,19.09
core.bgc_8.comp_col.GL_bits\[9\],19.09
core.bgc_8.comp_row.pe2._12_,19.09
core.res_mem_inst._001_\[4\],19.09
core.res_mem_inst.slot\[11\].slot_reg._023_,19.09
core.res_mem_inst.slot\[12\].slot_reg._000_\[6\],19.09
core.res_mem_inst.slot\[13\].slot_reg._016_,19.09
core.res_mem_inst.slot\[1\].slot_reg._000_\[1\],19.09
core.res_mem_inst.slot\[9\].slot_reg._000_\[2\],19.09
core.res_mem_inst.slot\[9\].slot_reg._010_,19.09
core.adder_tree._0212_,19.04
core.adder_tree._0539_,19.04
core.adder_tree._0600_,19.04
core.bgc_0.comp_col.pe1._12_,19.04
core.bgc_0.row_reg._021_,19.04
core.bgc_1.comp_row.GL_bits\[3\],19.04
core.bgc_1.prev_step_output\[4\],19.04
core.bgc_10.comp_row.pe2._16_,19.04
core.bgc_11.comp_col.GL_index\[1\],19.04
core.bgc_13.row_reg.mode\[1\],19.04
core.bgc_14.col_reg._040_,19.04
core.bgc_14.comp_row.A\[0\],19.04
core.bgc_14.final_counter._14_,19.04
core.bgc_14.lfsr_row._00_\[2\],19.04
core.bgc_14.lfsr_row._17_,19.04
core.bgc_2.comp_col._11_,19.04
core.bgc_2.comp_row.pe2._10_,19.04
core.bgc_3.comp_row.pe1._14_,19.04
core.bgc_4.comp_col.pe2._09_,19.04
core.bgc_6.comp_col.GL_index\[0\],19.04
core.bgc_7.comp_col.pe1._09_,19.04
core.bgc_7.comp_row.GL_bits\[3\],19.04
core.bgc_8.comp_col.pe2._12_,19.04
core.bgc_8.comp_row.A\[9\],19.04
core.bgc_8.lfsr_row._23_,19.04
core.bgc_8.row_reg._000_\[0\],19.04
core.bgc_9.col_reg._022_,19.04
core.bgc_9.comp_col.GL_bits\[5\],19.04
core.bgc_9.comp_row._06_,19.04
core.res_mem_inst.slot\[9\].slot_reg._001_,19.04
core.adder_tree._0280_,18.86
core.bgc_15.comp_col.GL_bits\[5\],18.68
core.res_mem_inst.shift_cycle_count\[5\],18.68
core.bgc_15.comp_col._05_,18.63
core.bgc_2.comp_row.GR_bits\[9\],18.63
core.bgc_8.comp_col.GL_bits\[7\],18.63
core.adder_tree._0679_,18.58
core.bgc_1.prev_step_output\[9\],18.58
core.bgc_11.comp_row.GR_bits\[5\],18.58
core.bgc_14.comp_row._11_,18.58
core.bgc_15.comp_col.pe1._15_,18.58
core.bgc_3.comp_row.GR_bits\[6\],18.58
core.bgc_3.comp_row.pe1._03_,18.58
core.bgc_3.final_counter._03_,18.58
core.bgc_4.comp_col.GR_bits\[5\],18.58
core.bgc_4.comp_row.GR_bits\[7\],18.58
core.bgc_5.prev_step_output\[4\],18.58
core.bgc_6.comp_row.GR_bits\[3\],18.58
core.bgc_6.comp_row.pe2._14_,18.58
core.bgc_8.comp_col._14_,18.58
core.bgc_9.comp_col._12_,18.58
core.bgc_9.comp_row.GR_bits\[6\],18.58
net1150,18.53
net629,18.53
core.adder_tree._0079_,18.53
core.adder_tree._0193_,18.53
core.adder_tree._0315_,18.53
core.adder_tree._0354_,18.53
core.adder_tree._0421_,18.53
core.adder_tree._0552_,18.53
core.bgc_0.final_counter._00_\[0\],18.53
core.bgc_1.col_reg._000_\[2\],18.53
core.bgc_1.col_reg._037_,18.53
core.bgc_1.comp_col._14_,18.53
core.bgc_1.comp_row.GR_bits\[7\],18.53
core.bgc_10.comp_col.pe1._15_,18.53
core.bgc_10.comp_row.GL_bits\[11\],18.53
core.bgc_12.comp_row.GR_bits\[6\],18.53
core.bgc_12.comp_row._10_,18.53
core.bgc_13.col_reg._040_,18.53
core.bgc_13.comp_row._15_,18.53
core.bgc_15.col_reg._000_\[4\],18.53
core.bgc_15.comp_row.A\[1\],18.53
core.bgc_15.comp_row._03_,18.53
core.bgc_2.col_data_in\[6\],18.53
core.bgc_2.comp_col._04_,18.53
core.bgc_2.comp_col.pe2._11_,18.53
core.bgc_2.final_counter._04_,18.53
core.bgc_3.col_reg._040_,18.53
core.bgc_3.comp_row._13_,18.53
core.bgc_4.comp_col._03_,18.53
core.bgc_4.row_reg._001_,18.53
core.bgc_5.comp_col.pe2._16_,18.53
core.bgc_5.comp_row._12_,18.53
core.bgc_6.comp_col.pe1._12_,18.53
core.bgc_6.comp_row.pe1._09_,18.53
core.bgc_6.lfsr_row.seed_mem\[0\],18.53
core.bgc_7.comp_row.GR_bits\[6\],18.53
core.bgc_7.comp_row.pe1._03_,18.53
core.bgc_7.final_counter._03_,18.53
core.bgc_7.final_counter._06_,18.53
core.bgc_8.col_reg._006_,18.53
core.bgc_8.col_reg._029_,18.53
core.bgc_8.comp_row.pe1._14_,18.53
core.bgc_8.row_reg.mode\[0\],18.53
core.bgc_9.comp_col.GR_bits\[1\],18.53
core.bgc_9.comp_col._05_,18.53
core.bgc_9.comp_row.GR_bits\[2\],18.53
core.res_mem_inst.slot\[2\].slot_reg._000_\[2\],18.53
core.timer_inst._27_,18.53
net1037,18.48
net331,18.48
net446,18.48
core.adder_tree._0061_,18.48
core.adder_tree._0086_,18.48
core.adder_tree._0709_,18.48
core.bgc_0.col_reg._000_\[1\],18.48
core.bgc_10.comp_row._15_,18.48
core.bgc_11.final_counter._00_\[9\],18.48
core.bgc_11.lfsr_row._26_,18.48
core.bgc_12.col_reg.mode\[1\],18.48
core.bgc_12.comp_col.pe1._09_,18.48
core.bgc_13.col_reg._019_,18.48
core.bgc_13.comp_col.pe2._08_,18.48
core.bgc_14.comp_col.GR_bits\[1\],18.48
core.bgc_14.comp_row.GL_index\[2\],18.48
core.bgc_15.comp_col._14_,18.48
core.bgc_15.comp_col.pe1._10_,18.48
core.bgc_15.comp_col.pe2._17_,18.48
core.bgc_15.comp_row.GL_index\[2\],18.48
core.bgc_3.comp_row.pe2._08_,18.48
core.bgc_4.row_reg._000_\[0\],18.48
core.bgc_5.comp_col._09_,18.48
core.bgc_5.comp_row.pe2._10_,18.48
core.bgc_5.lfsr_col._22_,18.48
core.bgc_7.comp_col.pe2._12_,18.48
core.bgc_7.comp_row._12_,18.48
core.bgc_8.comp_col.GL_bits\[3\],18.48
core.bgc_9.comp_col.GL_index\[0\],18.48
core.bgc_9.final_counter._00_\[4\],18.48
core.res_mem_inst._001_\[1\],18.48
core.res_mem_inst.slot\[1\].slot_reg._000_\[2\],18.48
core.res_mem_inst.slot\[2\].slot_reg.mode\[0\],18.48
core.res_mem_inst.slot\[6\].slot_reg._016_,18.48
core.timer_inst.cycle_cnt\[3\],18.48
core.bgc_6.row_reg.mode\[1\],18.12
core.bgc_4.final_counter._04_,18.07
core.bgc_5.comp_col.GL_bits\[5\],18.07
core.bgc_9.comp_col._08_,18.07
core.bgc_9.comp_col.pe1._16_,18.07
core.adder_tree._0278_,18.02
core.adder_tree._0381_,18.02
core.adder_tree._0413_,18.02
core.bgc_0.comp_col._03_,18.02
core.bgc_0.final_counter._03_,18.02
core.bgc_1.prev_step_output\[3\],18.02
core.bgc_10.comp_row.GR_bits\[6\],18.02
core.bgc_11.row_reg._016_,18.02
core.bgc_12.comp_col.GL_bits\[4\],18.02
core.bgc_12.comp_col.GL_index\[1\],18.02
core.bgc_12.final_counter._04_,18.02
core.bgc_13.comp_col.A\[0\],18.02
core.bgc_13.comp_col._03_,18.02
core.bgc_14.comp_col.pe2._12_,18.02
core.bgc_14.comp_row.GR_bits\[3\],18.02
core.bgc_15.comp_col.GR_bits\[6\],18.02
core.bgc_15.comp_col._06_,18.02
core.bgc_15.comp_row._13_,18.02
core.bgc_3.comp_row.pe1._06_,18.02
core.bgc_4.comp_col.GR_bits\[8\],18.02
core.bgc_4.comp_row._05_,18.02
core.bgc_6.prev_step_output\[7\],18.02
core.bgc_9.comp_col.GR_bits\[3\],18.02
core.res_mem_inst.shift_cycle_count\[4\],18.02
net1494,17.97
net324,17.97
net819,17.97
core.bgc_0.col_reg._016_,17.97
core.bgc_0.lfsr_row._26_,17.97
core.bgc_1.comp_row.A\[9\],17.97
core.bgc_1.comp_row.GL_bits\[6\],17.97
core.bgc_1.row_reg._001_,17.97
core.bgc_10.row_reg._000_\[0\],17.97
core.bgc_11.comp_row.A\[0\],17.97
core.bgc_11.comp_row.pe2._16_,17.97
core.bgc_14.col_reg._015_,17.97
core.bgc_14.col_reg._020_,17.97
core.bgc_14.comp_row.pe2._15_,17.97
core.bgc_2.col_reg._026_,17.97
core.bgc_2.comp_col.pe1._12_,17.97
core.bgc_3.comp_col.GR_bits\[2\],17.97
core.bgc_3.comp_row.GL_bits\[10\],17.97
core.bgc_4.col_reg._000_\[10\],17.97
core.bgc_4.col_reg._032_,17.97
core.bgc_4.comp_col._11_,17.97
core.bgc_4.comp_row._07_,17.97
core.bgc_4.lfsr_row._26_,17.97
core.bgc_5.comp_col.GL_bits\[3\],17.97
core.bgc_6.comp_row.GL_bits\[4\],17.97
core.bgc_8.comp_col.GL_bits\[6\],17.97
core.bgc_8.comp_col.pe2._16_,17.97
core.res_mem_inst.shift_cycle_count\[3\],17.97
core.res_mem_inst.slot\[0\].slot_reg._046_,17.97
core.res_mem_inst.slot\[10\].slot_reg._000_\[1\],17.97
core.res_mem_inst.slot\[11\].slot_reg._019_,17.97
core.res_mem_inst.slot\[14\].slot_reg._000_\[1\],17.97
core.res_mem_inst.slot\[15\].slot_reg._039_,17.97
core.res_mem_inst.slot\[9\].slot_reg.mode\[0\],17.97
core.timer_inst.cycle_cnt\[2\],17.97
net910,17.92
core.adder_tree._0195_,17.92
core.adder_tree._0261_,17.92
core.bgc_0.comp_col.pe2._16_,17.92
core.bgc_1.comp_row.pe2._03_,17.92
core.bgc_10.comp_col.pe2._15_,17.92
core.bgc_10.comp_row.GR_bits\[2\],17.92
core.bgc_11.col_reg._030_,17.92
core.bgc_11.comp_col.pe1._17_,17.92
core.bgc_11.comp_row._13_,17.92
core.bgc_12.comp_row._13_,17.92
core.bgc_12.prev_step_output\[5\],17.92
core.bgc_13.col_reg._000_\[3\],17.92
core.bgc_13.comp_col.pe2._14_,17.92
core.bgc_14.comp_col.GL_bits\[10\],17.92
core.bgc_14.comp_row.GL_bits\[10\],17.92
core.bgc_15.comp_row.GR_index\[3\],17.92
core.bgc_4.comp_row.pe1._04_,17.92
core.bgc_5.final_counter._00_\[10\],17.92
core.bgc_5.lfsr_row._19_,17.92
core.bgc_5.row_reg._000_\[0\],17.92
core.bgc_6.col_reg._029_,17.92
core.bgc_6.comp_col.GR_bits\[3\],17.92
core.bgc_6.comp_row.pe2._07_,17.92
core.bgc_7.col_reg._023_,17.92
core.bgc_7.col_reg._047_,17.92
core.bgc_7.comp_row.pe2._12_,17.92
core.bgc_8.comp_col.pe1._16_,17.92
core.bgc_9.comp_col.pe1._12_,17.92
core.timer_inst.cycle_cnt\[8\],17.92
core.bgc_14.comp_col._04_,17.64
core.bgc_10.comp_row._16_,17.61
core.bgc_13.comp_row._04_,17.51
core.bgc_2.comp_col.GL_bits\[3\],17.51
core.bgc_3.comp_col.GR_bits\[6\],17.51
core.bgc_8.comp_col.pe2._13_,17.51
core.res_mem_inst._038_,17.51
core.adder_tree._0010_,17.46
core.adder_tree._0025_,17.46
core.adder_tree._0037_,17.46
core.adder_tree._0621_,17.46
core.bgc_0.comp_row.pe2._15_,17.46
core.bgc_10.comp_col.GR_bits\[3\],17.46
core.bgc_11.comp_row.GR_bits\[4\],17.46
core.bgc_11.row_reg.mode\[1\],17.46
core.bgc_13.comp_row.GL_bits\[6\],17.46
core.bgc_13.comp_row.GR_bits\[3\],17.46
core.bgc_13.comp_row.GR_bits\[4\],17.46
core.bgc_13.comp_row._12_,17.46
core.bgc_13.lfsr_row.seed_mem\[0\],17.46
core.bgc_14.comp_col.GR_bits\[5\],17.46
core.bgc_15.comp_row.pe2._03_,17.46
core.bgc_2.comp_col.GL_bits\[4\],17.46
core.bgc_3.comp_col.GL_bits\[4\],17.46
core.bgc_5.row_reg._016_,17.46
core.bgc_6.comp_row._15_,17.46
core.bgc_8.comp_row.GR_bits\[5\],17.46
core.res_mem_inst.slot\[12\].slot_reg._016_,17.46
net922,17.41
net1462,17.41
core.adder_tree._0179_,17.41
core.adder_tree._0377_,17.41
core.bgc_0.final_counter._28_,17.41
core.bgc_11.comp_col.GR_bits\[4\],17.41
core.bgc_12.col_reg._000_\[11\],17.41
core.bgc_12.row_reg._000_\[6\],17.41
core.bgc_13.comp_row.GL_bits\[5\],17.41
core.bgc_14.row_reg._000_\[1\],17.41
core.bgc_15.col_reg.mode\[1\],17.41
core.bgc_2.comp_col.GL_bits\[8\],17.41
core.bgc_2.comp_row.GR_index\[0\],17.41
core.bgc_2.comp_row.pe2._15_,17.41
core.bgc_3.col_reg._020_,17.41
core.bgc_3.comp_col._03_,17.41
core.bgc_4.col_reg._004_,17.41
core.bgc_4.comp_col.pe1._11_,17.41
core.bgc_4.comp_row.pe2._07_,17.41
core.bgc_4.final_counter._00_\[0\],17.41
core.bgc_4.row_reg._002_,17.41
core.bgc_5.comp_row.GL_bits\[7\],17.41
core.bgc_7.col_reg._026_,17.41
core.bgc_7.col_reg._028_,17.41
core.bgc_7.row_reg._030_,17.41
core.bgc_8.col_reg._028_,17.41
core.bgc_9.comp_row.GL_bits\[10\],17.41
core.bgc_9.comp_row.GL_bits\[5\],17.41
core.bgc_9.comp_row.pe2._12_,17.41
core.bgc_9.final_counter._15_,17.41
core.lfsr_enabler.row_load_count\[0\],17.41
core.res_mem_inst.slot\[15\].slot_reg._000_\[11\],17.41
net128,17.36
net416,17.36
core.adder_tree._0140_,17.36
core.adder_tree._0216_,17.36
core.adder_tree._0419_,17.36
core.bgc_0.comp_row.GR_bits\[6\],17.36
core.bgc_0.comp_row._02_,17.36
core.bgc_0.comp_row._03_,17.36
core.bgc_0.lfsr_col._00_\[1\],17.36
core.bgc_1.comp_row.GL_bits\[11\],17.36
core.bgc_1.final_counter._23_,17.36
core.bgc_1.lfsr_col._10_,17.36
core.bgc_1.lfsr_col._23_,17.36
core.bgc_1.row_reg._000_\[10\],17.36
core.bgc_10.comp_col.GR_bits\[11\],17.36
core.bgc_10.final_counter._00_\[10\],17.36
core.bgc_12.col_data_in\[8\],17.36
core.bgc_12.comp_col.pe1._03_,17.36
core.bgc_13.col_reg._003_,17.36
core.bgc_13.row_reg._016_,17.36
core.bgc_14.comp_row.pe2._09_,17.36
core.bgc_15.comp_col.A\[10\],17.36
core.bgc_2.comp_col._10_,17.36
core.bgc_3.comp_row.GL_bits\[6\],17.36
core.bgc_3.comp_row.pe1._09_,17.36
core.bgc_3.comp_row.pe2._12_,17.36
core.bgc_4.comp_col.GL_bits\[4\],17.36
core.bgc_6.comp_col.GL_bits\[6\],17.36
core.bgc_6.comp_row.GR_bits\[4\],17.36
core.bgc_7.comp_col.A\[1\],17.36
core.bgc_7.row_reg.mode\[0\],17.36
core.bgc_8.lfsr_col._00_\[3\],17.36
core.bgc_9.comp_row.pe2._09_,17.36
core.res_mem_inst.slot\[1\].slot_reg._015_,17.36
core.bgc_10.comp_col.GL_bits\[2\],17
core.bgc_9.comp_row.GL_bits\[3\],17
core.bgc_12.comp_row.A\[0\],16.95
core.bgc_12.final_counter._12_,16.95
core.bgc_15.comp_col._08_,16.95
core.bgc_15.final_counter._22_,16.95
core.bgc_4.comp_col.GL_bits\[6\],16.95
core.bgc_4.final_counter._03_,16.95
core.bgc_6.comp_col.GL_bits\[3\],16.95
core.bgc_9.comp_col.GR_bits\[4\],16.95
core.bgc_9.comp_row.GL_bits\[4\],16.95
core.adder_tree._0067_,16.9
core.adder_tree._0325_,16.9
core.adder_tree._0549_,16.9
core.adder_tree._0589_,16.9
core.bgc_0.comp_col._16_,16.9
core.bgc_0.comp_row.GL_bits\[5\],16.9
core.bgc_1.comp_col.GL_bits\[5\],16.9
core.bgc_1.prev_step_output\[0\],16.9
core.bgc_12.comp_row.pe2._10_,16.9
core.bgc_12.row_reg._000_\[3\],16.9
core.bgc_13.col_reg.mode\[0\],16.9
core.bgc_14.comp_col.GL_bits\[11\],16.9
core.bgc_14.comp_col.pe1._15_,16.9
core.bgc_2.lfsr_col._26_,16.9
core.bgc_4.comp_row.pe2._06_,16.9
core.bgc_5.comp_row.GR_bits\[6\],16.9
core.bgc_7.comp_col.GL_bits\[3\],16.9
core.bgc_8.comp_row.GL_bits\[4\],16.9
core.bgc_9.final_counter._00_\[2\],16.9
net1103,16.85
core.adder_tree._0108_,16.85
core.adder_tree._0139_,16.85
core.adder_tree._0323_,16.85
core.adder_tree._0344_,16.85
core.adder_tree._0660_,16.85
core.adder_tree._0685_,16.85
core.bgc_0.comp_row.pe2._07_,16.85
core.bgc_1.comp_row._10_,16.85
core.bgc_10.comp_col.GL_bits\[9\],16.85
core.bgc_10.comp_col.pe2._08_,16.85
core.bgc_11.comp_col._14_,16.85
core.bgc_11.comp_row.pe1._14_,16.85
core.bgc_11.final_counter._00_\[2\],16.85
core.bgc_11.row_reg._000_\[8\],16.85
core.bgc_12.comp_row.pe2._08_,16.85
core.bgc_12.comp_row.pe2._12_,16.85
core.bgc_12.row_reg._000_\[4\],16.85
core.bgc_13.comp_row.GR_bits\[0\],16.85
core.bgc_13.row_reg._006_,16.85
core.bgc_14.comp_row.pe1._09_,16.85
core.bgc_15.comp_col.GR_bits\[5\],16.85
core.bgc_3.comp_col.GR_bits\[9\],16.85
core.bgc_4.comp_col.pe1._15_,16.85
core.bgc_6.comp_col.A\[10\],16.85
core.bgc_6.comp_col.pe1._15_,16.85
core.bgc_6.comp_row.GR_bits\[11\],16.85
core.bgc_7.comp_col.GL_bits\[4\],16.85
core.bgc_7.lfsr_row._00_\[0\],16.85
core.bgc_9.comp_row.pe2._07_,16.85
core.bgc_9.comp_row.pe2._16_,16.85
core.res_mem_inst.slot\[0\].slot_reg._024_,16.85
core.res_mem_inst.slot\[13\].slot_reg._023_,16.85
core.res_mem_inst.slot\[9\].slot_reg._025_,16.85
net690,16.85
net695,16.8
core.adder_tree._0097_,16.8
core.adder_tree._0291_,16.8
core.adder_tree._0295_,16.8
core.adder_tree._0333_,16.8
core.bgc_0.comp_col.GR_bits\[9\],16.8
core.bgc_0.comp_row.pe2._09_,16.8
core.bgc_1.comp_col._00_,16.8
core.bgc_10.comp_col.pe1._07_,16.8
core.bgc_11.row_reg._022_,16.8
core.bgc_12.comp_row.pe1._15_,16.8
core.bgc_12.comp_row.pe2._09_,16.8
core.bgc_13.final_counter._17_,16.8
core.bgc_14.comp_col.A\[10\],16.8
core.bgc_14.comp_col.pe1._14_,16.8
core.bgc_15.comp_col.GL_bits\[2\],16.8
core.bgc_2.comp_row.GL_bits\[5\],16.8
core.bgc_2.final_counter._06_,16.8
core.bgc_2.lfsr_col._04_,16.8
core.bgc_2.row_reg._000_\[10\],16.8
core.bgc_3.comp_col.GL_bits\[11\],16.8
core.bgc_3.comp_row.GL_bits\[2\],16.8
core.bgc_3.final_counter._00_\[6\],16.8
core.bgc_4.comp_row.GL_bits\[2\],16.8
core.bgc_4.comp_row.GR_bits\[8\],16.8
core.bgc_4.comp_row.pe1._07_,16.8
core.bgc_5.comp_col._06_,16.8
core.bgc_5.comp_row.GR_bits\[4\],16.8
core.bgc_6.final_counter._03_,16.8
core.bgc_7.comp_col.pe2._14_,16.8
core.bgc_7.comp_row.GL_bits\[5\],16.8
core.bgc_7.comp_row.pe1._12_,16.8
core.bgc_7.lfsr_col._00_\[7\],16.8
core.bgc_8.comp_row.GL_bits\[5\],16.8
core.bgc_9.prev_step_output\[2\],16.8
core.res_mem_inst.slot\[15\].slot_reg._028_,16.8
core.res_mem_inst.slot\[8\].slot_reg._000_\[5\],16.8
core.timer_inst._01_\[8\],16.8
core.bgc_10.final_counter._04_,16.44
core.lfsr_enabler._06_,16.44
core.adder_tree._0152_,16.39
core.bgc_10.final_counter._19_,16.39
core.bgc_14.comp_col.GR_bits\[6\],16.39
core.bgc_2.comp_row.GL_bits\[11\],16.39
core.bgc_2.comp_row.GR_bits\[4\],16.39
core.bgc_2.prev_step_output\[11\],16.39
core.bgc_7.comp_row.GR_bits\[11\],16.39
core.bgc_8.col_reg.mode\[1\],16.39
core.bgc_8.comp_col.GR_bits\[4\],16.39
core.bgc_1.comp_row.GL_bits\[4\],16.34
core.bgc_14.comp_col.GL_bits\[9\],16.34
core.bgc_14.comp_row.GL_index\[1\],16.34
core.bgc_14.comp_row.GR_bits\[11\],16.34
core.bgc_15.comp_col.A\[0\],16.34
core.bgc_15.comp_col.pe2._15_,16.34
core.bgc_2.comp_row._09_,16.34
core.bgc_3.comp_col.GR_bits\[7\],16.34
core.bgc_6.col_reg.mode\[1\],16.34
core.bgc_9.prev_step_output\[5\],16.34
core.dec_inst.en_out\[0\],16.34
core.res_mem_inst.shift_cycle_count\[1\],16.34
core.res_mem_inst.slot\[1\].slot_reg._004_,16.34
net901,16.29
net1206,16.29
net1524,16.29
net246,16.29
net804,16.29
core.adder_tree._0202_,16.29
core.adder_tree._0429_,16.29
core.adder_tree._0468_,16.29
core.adder_tree._0696_,16.29
core.bgc_0.col_reg._000_\[11\],16.29
core.bgc_1.col_reg.mode\[0\],16.29
core.bgc_1.comp_col.GL_index\[1\],16.29
core.bgc_1.comp_row.GL_index\[2\],16.29
core.bgc_1.comp_row._05_,16.29
core.bgc_1.comp_row.pe2._12_,16.29
core.bgc_11.col_data_in\[6\],16.29
core.bgc_11.col_reg._020_,16.29
core.bgc_11.lfsr_col._00_\[0\],16.29
core.bgc_12.col_data_in\[7\],16.29
core.bgc_12.comp_row.pe1._01_,16.29
core.bgc_12.final_counter._03_,16.29
core.bgc_13.comp_row.pe2._07_,16.29
core.bgc_14.lfsr_col._00_\[3\],16.29
core.bgc_14.row_reg._037_,16.29
core.bgc_15.col_reg._046_,16.29
core.bgc_15.comp_row.GL_bits\[3\],16.29
core.bgc_15.comp_row.pe2._11_,16.29
core.bgc_2.comp_col.pe2._16_,16.29
core.bgc_2.comp_row.GL_bits\[4\],16.29
core.bgc_2.final_counter._00_\[4\],16.29
core.bgc_2.final_counter._07_,16.29
core.bgc_3.comp_row.pe2._10_,16.29
core.bgc_4.comp_col.GL_bits\[7\],16.29
core.bgc_4.final_counter._00_\[7\],16.29
core.bgc_4.row_reg.mode\[1\],16.29
core.bgc_6.comp_row.GR_index\[1\],16.29
core.bgc_6.final_counter._00_\[5\],16.29
core.bgc_6.row_reg._000_\[2\],16.29
core.bgc_7.col_reg._024_,16.29
core.bgc_7.comp_row._18_,16.29
core.bgc_7.comp_row.pe2._07_,16.29
core.bgc_8.comp_col.pe2._07_,16.29
core.bgc_8.row_reg._000_\[2\],16.29
core.bgc_9.final_counter._06_,16.29
core.res_mem_inst._007_,16.29
core.res_mem_inst.slot\[15\].slot_reg._049_,16.29
core.res_mem_inst.slot\[4\].slot_reg._000_\[4\],16.29
core.res_mem_inst.slot\[5\].slot_reg._017_,16.29
core.res_mem_inst.slot\[8\].slot_reg.mode\[0\],16.29
core.res_mem_inst.slot\[9\].slot_reg._012_,16.29
core.timer_inst._19_,16.29
net892,16.24
net1062,16.24
net1287,16.24
net1372,16.24
net118,16.24
core.bgc_0.comp_row.GL_bits\[11\],16.24
core.bgc_0.final_counter._00_\[7\],16.24
core.bgc_1.comp_row.pe1._10_,16.24
core.bgc_11.col_data_in\[3\],16.24
core.bgc_12.comp_row._05_,16.24
core.bgc_13.comp_row._09_,16.24
core.bgc_13.final_counter._28_,16.24
core.bgc_13.row_reg.mode\[0\],16.24
core.bgc_14.comp_row._05_,16.24
core.bgc_15.comp_row.pe1._08_,16.24
core.bgc_2.comp_row.GL_index\[1\],16.24
core.bgc_2.comp_row.pe2._03_,16.24
core.bgc_2.comp_row.pe2._08_,16.24
core.bgc_2.lfsr_col._00_\[1\],16.24
core.bgc_3.col_reg._036_,16.24
core.bgc_4.comp_col.pe1._12_,16.24
core.bgc_4.comp_row.GL_bits\[6\],16.24
core.bgc_4.comp_row.pe1._03_,16.24
core.bgc_4.lfsr_col._08_,16.24
core.bgc_4.lfsr_row._00_\[7\],16.24
core.bgc_5.comp_col.pe2._00_,16.24
core.bgc_5.comp_row.GL_bits\[11\],16.24
core.bgc_6.col_reg._022_,16.24
core.bgc_6.comp_col.GR_bits\[5\],16.24
core.bgc_6.comp_row.pe2._09_,16.24
core.bgc_7.comp_col.pe2._09_,16.24
core.bgc_8.comp_col._10_,16.24
core.bgc_8.final_counter._00_\[1\],16.24
core.bgc_9.lfsr_col._13_,16.24
core.lfsr_enabler._24_,16.24
core.lfsr_enabler.row_load_count\[2\],16.24
core.res_mem_inst.slot\[1\].slot_reg._020_,16.24
core.res_mem_inst.slot\[5\].slot_reg._016_,16.24
clknet_leaf_126_clk,15.96
spi_in3,15.95
core.bgc_6.lfsr_col.seed_mem\[9\],15.93
core.bgc_8.comp_row.GR_bits\[3\],15.88
core.adder_tree._0014_,15.83
core.adder_tree._0569_,15.83
core.bgc_0.col_reg._008_,15.78
core.bgc_1.row_reg._008_,15.78
core.bgc_10.comp_row._10_,15.78
core.bgc_11.comp_col.GL_bits\[4\],15.78
core.bgc_11.comp_row.GL_bits\[1\],15.78
core.bgc_11.row_reg._000_\[9\],15.78
core.bgc_12.comp_row.GR_bits\[11\],15.78
core.bgc_13.comp_row.pe2._03_,15.78
core.bgc_13.row_reg._004_,15.78
core.bgc_13.row_reg._005_,15.78
core.bgc_15.comp_row.GL_bits\[9\],15.78
core.bgc_3.comp_col.GL_bits\[6\],15.78
core.bgc_4.col_reg._010_,15.78
core.bgc_4.comp_col.GR_bits\[6\],15.78
core.bgc_4.comp_row.GL_bits\[8\],15.78
core.bgc_5.col_reg._004_,15.78
core.bgc_5.row_reg._010_,15.78
core.bgc_7.comp_col.A\[0\],15.78
core.bgc_7.comp_col.GL_bits\[5\],15.78
core.bgc_7.comp_col._03_,15.78
core.bgc_7.comp_row._08_,15.78
core.bgc_8.col_reg._004_,15.78
core.bgc_8.comp_col.GR_bits\[6\],15.78
core.bgc_8.row_reg._006_,15.78
core.res_mem_inst.slot\[10\].slot_reg._003_,15.78
core.res_mem_inst.slot\[13\].slot_reg._010_,15.78
core.res_mem_inst.slot\[4\].slot_reg._007_,15.78
core.timer_inst._06_,15.78
net1328,15.73
net322,15.73
net489,15.73
core.adder_tree._0148_,15.73
core.adder_tree._0484_,15.73
core.bgc_0.comp_row.pe1._08_,15.73
core.bgc_1.comp_col.GR_bits\[2\],15.73
core.bgc_1.comp_row._02_,15.73
core.bgc_10.comp_col.GL_bits\[5\],15.73
core.bgc_10.comp_col.GR_bits\[6\],15.73
core.bgc_10.comp_col.pe2._11_,15.73
core.bgc_11.comp_row.pe1._12_,15.73
core.bgc_12.comp_col.pe1._16_,15.73
core.bgc_13.final_counter._00_\[4\],15.73
core.bgc_13.lfsr_row._26_,15.73
core.bgc_13.row_reg._000_\[11\],15.73
core.bgc_14.comp_col.pe1._03_,15.73
core.bgc_15.col_reg._000_\[7\],15.73
core.bgc_15.comp_col._16_,15.73
core.bgc_3.comp_row.GR_bits\[2\],15.73
core.bgc_4.comp_row.pe2._12_,15.73
core.bgc_5.col_reg._033_,15.73
core.bgc_5.comp_row.pe2._06_,15.73
core.bgc_6.col_reg._000_\[0\],15.73
core.bgc_6.comp_col._12_,15.73
core.bgc_6.comp_col.pe2._09_,15.73
core.bgc_6.comp_row.GL_index\[3\],15.73
core.bgc_6.comp_row.pe1._08_,15.73
core.bgc_7.comp_row.pe1._06_,15.73
core.bgc_7.final_counter._25_,15.73
core.bgc_7.row_reg._004_,15.73
core.bgc_8.col_reg._020_,15.73
core.bgc_8.col_reg._050_,15.73
core.bgc_8.comp_row.GL_bits\[6\],15.73
core.bgc_9.comp_col.GL_bits\[8\],15.73
core.res_mem_inst.slot\[6\].slot_reg._000_\[3\],15.73
net1053,15.68
net1088,15.68
net1210,15.68
net1444,15.68
core.adder_tree._0138_,15.68
core.adder_tree._0162_,15.68
core.adder_tree._0225_,15.68
core.adder_tree._0294_,15.68
core.adder_tree._0477_,15.68
core.adder_tree._0541_,15.68
core.bgc_0.comp_row.GR_bits\[8\],15.68
core.bgc_0.comp_row.GR_bits\[9\],15.68
core.bgc_0.row_reg._022_,15.68
core.bgc_1.comp_col.pe1._09_,15.68
core.bgc_1.comp_row.pe1._12_,15.68
core.bgc_10.comp_col.GL_index\[2\],15.68
core.bgc_11.comp_row._16_,15.68
core.bgc_12.col_reg._000_\[4\],15.68
core.bgc_12.lfsr_row._00_\[5\],15.68
core.bgc_12.row_reg._007_,15.68
core.bgc_13.comp_row.pe1._12_,15.68
core.bgc_13.comp_row.pe2._16_,15.68
core.bgc_14.comp_col.A\[5\],15.68
core.bgc_14.comp_row.pe2._06_,15.68
core.bgc_14.final_counter._20_,15.68
core.bgc_15.comp_row.pe2._09_,15.68
core.bgc_15.comp_row.pe2._14_,15.68
core.bgc_15.row_reg._018_,15.68
core.bgc_2.final_counter._14_,15.68
core.bgc_3.comp_row.A\[11\],15.68
core.bgc_4.comp_col.GL_index\[1\],15.68
core.bgc_6.col_reg._050_,15.68
core.bgc_6.comp_col._13_,15.68
core.bgc_6.comp_row._10_,15.68
core.bgc_6.comp_row.pe2._12_,15.68
core.bgc_7.col_reg._016_,15.68
core.bgc_8.comp_col._06_,15.68
core.bgc_8.comp_row._04_,15.68
core.bgc_8.lfsr_col._26_,15.68
core.bgc_9.col_reg._001_,15.68
core.bgc_9.comp_col.GL_index\[3\],15.68
core.bgc_9.comp_row.GR_bits\[0\],15.68
core.bgc_9.final_counter._27_,15.68
core.bgc_9.lfsr_row._00_\[11\],15.68
core.lfsr_enabler._22_,15.68
core.res_mem_inst.slot\[1\].slot_reg._039_,15.68
net681,15.52
core.bgc_15.comp_row.GL_bits\[10\],15.4
core.bgc_10.comp_row.GL_bits\[3\],15.27
core.bgc_12.comp_col.GL_bits\[11\],15.27
core.bgc_15.comp_row._16_,15.27
core.bgc_3.comp_row.GR_bits\[10\],15.27
core.bgc_4.comp_col.GL_bits\[5\],15.27
core.bgc_5.comp_col.GL_bits\[6\],15.27
core.adder_tree._0088_,15.22
core.adder_tree._0099_,15.22
core.adder_tree._0418_,15.22
core.adder_tree._0591_,15.22
core.bgc_0.comp_row.GR_bits\[5\],15.22
core.bgc_13.comp_col._15_,15.22
core.bgc_13.comp_row.GR_bits\[2\],15.22
core.bgc_13.comp_row._10_,15.22
core.bgc_15.comp_col.GL_index\[2\],15.22
core.bgc_15.comp_col.pe1._03_,15.22
core.bgc_2.comp_row.pe1._15_,15.22
core.bgc_3.comp_col.A\[0\],15.22
core.bgc_4.comp_col.GL_bits\[11\],15.22
core.bgc_4.comp_col._04_,15.22
core.bgc_5.comp_row.GL_bits\[5\],15.22
core.bgc_7.comp_col.GL_bits\[7\],15.22
core.bgc_8.comp_row.GL_index\[1\],15.22
core.bgc_8.comp_row.GR_bits\[11\],15.22
core.bgc_9.row_reg.mode\[0\],15.22
net886,15.17
net914,15.17
net1052,15.17
net1131,15.17
net1201,15.17
net1213,15.17
net1503,15.17
net222,15.17
core.adder_tree._0078_,15.17
core.adder_tree._0136_,15.17
core.adder_tree._0237_,15.17
core.adder_tree._0416_,15.17
core.adder_tree._0625_,15.17
core.bgc_0.col_reg._007_,15.17
core.bgc_1.comp_col.GL_bits\[9\],15.17
core.bgc_1.comp_col._11_,15.17
core.bgc_1.comp_row.A\[1\],15.17
core.bgc_1.row_reg._025_,15.17
core.bgc_10.row_reg._005_,15.17
core.bgc_11.comp_row._19_,15.17
core.bgc_12.col_reg._021_,15.17
core.bgc_12.col_reg._030_,15.17
core.bgc_12.comp_row._02_,15.17
core.bgc_12.final_counter._20_,15.17
core.bgc_12.lfsr_col._00_\[11\],15.17
core.bgc_13.col_reg._006_,15.17
core.bgc_14.comp_col._17_,15.17
core.bgc_14.comp_row.pe1._07_,15.17
core.bgc_15.final_counter._00_\[6\],15.17
core.bgc_2.col_reg._016_,15.17
core.bgc_2.comp_row.pe2._07_,15.17
core.bgc_3.col_data_in\[10\],15.17
core.bgc_3.col_reg._039_,15.17
core.bgc_3.comp_row.GL_bits\[9\],15.17
core.bgc_3.row_reg._013_,15.17
core.bgc_4.col_reg._038_,15.17
core.bgc_4.final_counter._10_,15.17
core.bgc_5.comp_col.pe1._06_,15.17
core.bgc_5.comp_row.pe2._08_,15.17
core.bgc_5.final_counter._00_\[3\],15.17
core.bgc_6.comp_col._03_,15.17
core.bgc_6.comp_col.pe1._08_,15.17
core.bgc_7.comp_col.GR_bits\[5\],15.17
core.bgc_8.comp_col.pe2._08_,15.17
core.bgc_8.comp_col.pe2._14_,15.17
core.bgc_8.comp_row.GL_index\[2\],15.17
core.bgc_8.final_counter._00_\[7\],15.17
core.bgc_9.comp_row.GR_bits\[11\],15.17
core.bgc_9.comp_row.pe1._07_,15.17
core.res_mem_inst.slot\[5\].slot_reg._000_\[6\],15.17
core.res_mem_inst.slot\[9\].slot_reg._000_\[9\],15.17
net916,15.12
net104,15.12
net438,15.12
net497,15.12
core.adder_tree._0051_,15.12
core.adder_tree._0100_,15.12
core.adder_tree._0455_,15.12
core.adder_tree._0590_,15.12
core.adder_tree._0601_,15.12
core.bgc_0.comp_col._10_,15.12
core.bgc_1.comp_col.GR_bits\[6\],15.12
core.bgc_1.comp_col.pe1._11_,15.12
core.bgc_1.comp_col.pe2._08_,15.12
core.bgc_1.comp_row.pe1._03_,15.12
core.bgc_1.comp_row.pe2._16_,15.12
core.bgc_10.comp_col.A\[4\],15.12
core.bgc_10.comp_row.GL_index\[3\],15.12
core.bgc_10.lfsr_col._00_\[3\],15.12
core.bgc_11.comp_col.GL_bits\[10\],15.12
core.bgc_12.row_reg._015_,15.12
core.bgc_13.col_reg._020_,15.12
core.bgc_13.comp_col.GR_bits\[2\],15.12
core.bgc_13.final_counter._18_,15.12
core.bgc_13.final_counter._20_,15.12
core.bgc_14.comp_col._12_,15.12
core.bgc_14.final_counter._00_\[1\],15.12
core.bgc_14.lfsr_col._05_,15.12
core.bgc_15.comp_row._17_,15.12
core.bgc_15.comp_row.pe2._07_,15.12
core.bgc_15.lfsr_col._00_\[5\],15.12
core.bgc_2.comp_row.GL_bits\[6\],15.12
core.bgc_3.col_reg._000_\[2\],15.12
core.bgc_3.comp_col._07_,15.12
core.bgc_3.comp_row.pe1._12_,15.12
core.bgc_3.lfsr_col._06_,15.12
core.bgc_5.comp_row.GL_index\[1\],15.12
core.bgc_6.col_reg._030_,15.12
core.bgc_6.comp_row.GR_index\[3\],15.12
core.bgc_7.comp_col.pe1._10_,15.12
core.bgc_7.comp_row.pe2._08_,15.12
core.bgc_7.lfsr_col._16_,15.12
core.bgc_8.comp_col._15_,15.12
core.bgc_8.comp_row.pe2._10_,15.12
core.bgc_9.col_data_in\[4\],15.12
core.bgc_9.comp_col._03_,15.12
core.bgc_9.comp_row.GL_bits\[8\],15.12
core.bgc_9.final_counter._17_,15.12
core.bgc_9.row_reg._036_,15.12
core.res_mem_inst._031_,15.12
core.res_mem_inst.slot\[3\].slot_reg._028_,15.12
core.res_mem_inst.slot\[6\].slot_reg._000_\[0\],15.12
core.res_mem_inst.slot\[8\].slot_reg._032_,15.12
net663,15.12
core.bgc_8.comp_row._14_,14.84
core.adder_tree._0517_,14.76
core.bgc_1.col_reg._032_,14.76
core.bgc_6.comp_row.GL_bits\[3\],14.76
net672,14.72
core.adder_tree._0492_,14.71
core.bgc_0.comp_col.GL_index\[2\],14.71
core.bgc_1.comp_row.GR_bits\[4\],14.71
core.bgc_11.comp_col.GL_bits\[6\],14.71
core.bgc_4.comp_col.GL_bits\[8\],14.71
core.bgc_4.comp_col.GL_index\[2\],14.71
core.bgc_5.comp_row.GL_bits\[9\],14.71
core.bgc_5.comp_row.GR_bits\[5\],14.71
core.bgc_6.comp_col.GR_bits\[4\],14.71
core.bgc_8.comp_row._13_,14.71
core.bgc_9.comp_row.GR_bits\[5\],14.71
core.adder_tree._0036_,14.66
core.adder_tree._0056_,14.66
core.adder_tree._0246_,14.66
core.adder_tree._0482_,14.66
core.bgc_0.comp_col.GL_index\[1\],14.66
core.bgc_1.final_counter._19_,14.66
core.bgc_10.comp_row.A\[8\],14.66
core.bgc_11.comp_col._16_,14.66
core.bgc_12.comp_col.pe2._06_,14.66
core.bgc_12.comp_col.pe2._11_,14.66
core.bgc_12.row_reg.mode\[1\],14.66
core.bgc_13.comp_col.GR_bits\[8\],14.66
core.bgc_13.comp_col._09_,14.66
core.bgc_14.comp_col.GL_bits\[6\],14.66
core.bgc_14.comp_row.pe1._03_,14.66
core.bgc_15.comp_col.pe2._03_,14.66
core.bgc_15.comp_row.GR_bits\[6\],14.66
core.bgc_15.row_reg._016_,14.66
core.bgc_2.comp_col.GR_bits\[11\],14.66
core.bgc_2.comp_row.GL_bits\[9\],14.66
core.bgc_2.row_reg._039_,14.66
core.bgc_4.comp_col.GL_index\[3\],14.66
core.bgc_4.comp_col.pe2._03_,14.66
core.bgc_4.comp_row.GR_bits\[9\],14.66
core.bgc_5.col_reg._016_,14.66
core.bgc_5.comp_row._03_,14.66
core.bgc_5.final_counter._04_,14.66
core.bgc_6.comp_col.GR_index\[3\],14.66
core.bgc_6.comp_col.pe2._03_,14.66
core.bgc_7.comp_row.GL_bits\[2\],14.66
core.bgc_8.row_reg._016_,14.66
core.bgc_9.comp_col.GR_bits\[9\],14.66
core.res_mem_inst._045_,14.66
core.res_mem_inst.slot\[11\].slot_reg.mode\[0\],14.66
net1348,14.61
net1381,14.61
net223,14.61
net455,14.61
net515,14.61
net523,14.61
net809,14.61
core.adder_tree._0259_,14.61
core.adder_tree._0401_,14.61
core.adder_tree._0485_,14.61
core.bgc_0.col_reg._000_\[4\],14.61
core.bgc_0.col_reg._006_,14.61
core.bgc_0.comp_col.A\[5\],14.61
core.bgc_0.comp_col.GL_bits\[7\],14.61
core.bgc_0.final_counter._02_,14.61
core.bgc_0.lfsr_row._23_,14.61
core.bgc_1.col_reg._039_,14.61
core.bgc_1.comp_col.GR_index\[3\],14.61
core.bgc_1.row_reg._011_,14.61
core.bgc_10.col_reg._016_,14.61
core.bgc_10.comp_col.GR_index\[1\],14.61
core.bgc_10.comp_row._14_,14.61
core.bgc_12.col_reg._020_,14.61
core.bgc_12.comp_col.GL_index\[0\],14.61
core.bgc_12.comp_col.pe2._16_,14.61
core.bgc_12.comp_row._04_,14.61
core.bgc_12.row_reg._016_,14.61
core.bgc_13.comp_col.GL_bits\[8\],14.61
core.bgc_13.row_reg._000_\[9\],14.61
core.bgc_14.lfsr_row._00_\[0\],14.61
core.bgc_14.row_reg._014_,14.61
core.bgc_14.row_reg._016_,14.61
core.bgc_15.comp_row.pe2._15_,14.61
core.bgc_2.comp_col._14_,14.61
core.bgc_2.comp_row.GR_bits\[11\],14.61
core.bgc_2.row_reg._016_,14.61
core.bgc_3.lfsr_row._26_,14.61
core.bgc_4.col_reg._009_,14.61
core.bgc_4.final_counter._08_,14.61
core.bgc_4.lfsr_col._12_,14.61
core.bgc_4.row_reg._003_,14.61
core.bgc_6.comp_col.pe2._07_,14.61
core.bgc_6.comp_col.pe2._17_,14.61
core.bgc_6.final_counter._20_,14.61
core.bgc_6.row_reg._037_,14.61
core.bgc_7.comp_col.GR_index\[2\],14.61
core.bgc_7.comp_col.pe1._06_,14.61
core.bgc_7.comp_row._00_,14.61
core.bgc_7.final_counter._26_,14.61
core.bgc_7.row_reg._031_,14.61
core.bgc_8.comp_col.GR_bits\[3\],14.61
core.bgc_8.comp_row.GR_bits\[2\],14.61
core.bgc_8.comp_row.pe1._03_,14.61
core.bgc_8.final_counter._07_,14.61
core.bgc_9.col_reg._009_,14.61
core.lfsr_enabler._12_,14.61
core.res_mem_inst.slot\[13\].slot_reg._000_\[4\],14.61
core.res_mem_inst.slot\[14\].slot_reg._026_,14.61
core.res_mem_inst.slot\[1\].slot_reg._016_,14.61
net940,14.56
net985,14.56
net1042,14.56
net1101,14.56
net1152,14.56
net1190,14.56
net1300,14.56
net630,14.56
net718,14.56
core.adder_tree._0070_,14.56
core.adder_tree._0194_,14.56
core.adder_tree._0433_,14.56
core.bgc_1.comp_col._05_,14.56
core.bgc_1.final_counter._13_,14.56
core.bgc_1.final_counter._15_,14.56
core.bgc_10.comp_col.GL_bits\[7\],14.56
core.bgc_10.comp_row.pe1._15_,14.56
core.bgc_10.lfsr_col._16_,14.56
core.bgc_10.lfsr_row._00_\[7\],14.56
core.bgc_11.col_reg._023_,14.56
core.bgc_11.col_reg._040_,14.56
core.bgc_11.comp_row.GR_index\[2\],14.56
core.bgc_11.comp_row.pe1._09_,14.56
core.bgc_13.comp_row.GL_bits\[3\],14.56
core.bgc_13.comp_row.pe2._12_,14.56
core.bgc_13.comp_row.pe2._14_,14.56
core.bgc_13.lfsr_col._00_\[0\],14.56
core.bgc_13.lfsr_row._00_\[10\],14.56
core.bgc_13.lfsr_row._22_,14.56
core.bgc_14.comp_col.pe2._10_,14.56
core.bgc_14.comp_row.GL_bits\[11\],14.56
core.bgc_15.col_reg._000_\[3\],14.56
core.bgc_15.comp_col.GR_index\[2\],14.56
core.bgc_15.comp_row.GL_bits\[8\],14.56
core.bgc_2.comp_col.GL_index\[3\],14.56
core.bgc_3.comp_row._01_,14.56
core.bgc_3.comp_row._11_,14.56
core.bgc_3.final_counter._02_,14.56
core.bgc_3.row_reg._000_\[9\],14.56
core.bgc_4.comp_row.pe1._09_,14.56
core.bgc_4.comp_row.pe1._16_,14.56
core.bgc_4.lfsr_col._07_,14.56
core.bgc_5.comp_col.A\[7\],14.56
core.bgc_5.comp_col.GR_bits\[9\],14.56
core.bgc_5.comp_row._18_,14.56
core.bgc_6.comp_row.GR_bits\[9\],14.56
core.bgc_6.comp_row._16_,14.56
core.bgc_7.final_counter._00_\[4\],14.56
core.bgc_8.comp_col.GL_index\[0\],14.56
core.bgc_8.row_reg._000_\[6\],14.56
core.bgc_9.comp_row.GL_index\[2\],14.56
core.bgc_9.lfsr_col._00_\[0\],14.56
core.bgc_9.lfsr_row._24_,14.56
core.res_mem_inst.slot\[0\].slot_reg._037_,14.56
core.res_mem_inst.slot\[4\].slot_reg._016_,14.56
core.res_mem_inst.slot\[5\].slot_reg._029_,14.56
core.bgc_14.comp_row.GR_bits\[6\],14.2
core.adder_tree._0182_,14.15
core.bgc_1.final_counter._14_,14.15
core.bgc_11.comp_row.pe2._06_,14.15
core.bgc_13.comp_col.GL_index\[1\],14.15
core.bgc_2.comp_row._14_,14.15
core.bgc_5.col_reg.mode\[0\],14.15
core.bgc_6.comp_row.pe2._15_,14.15
core.bgc_7.comp_col._06_,14.15
net559,14.1
core.adder_tree._0161_,14.1
core.adder_tree._0488_,14.1
core.adder_tree._0526_,14.1
core.adder_tree._0650_,14.1
core.bgc_1.final_counter._03_,14.1
core.bgc_11.col_reg.mode\[1\],14.1
core.bgc_11.comp_row.pe1._07_,14.1
core.bgc_11.comp_row.pe1._10_,14.1
core.bgc_12.comp_row.GL_bits\[4\],14.1
core.bgc_12.comp_row.pe1._03_,14.1
core.bgc_13.comp_col.GL_bits\[6\],14.1
core.bgc_13.comp_row.GR_bits\[5\],14.1
core.bgc_2.comp_col.GR_index\[3\],14.1
core.bgc_2.comp_row._13_,14.1
core.bgc_2.row_reg.mode\[1\],14.1
core.bgc_3.col_data_in\[2\],14.1
core.bgc_3.comp_row.GR_bits\[9\],14.1
core.bgc_5.comp_col.GR_bits\[6\],14.1
core.bgc_6.comp_col.GL_bits\[5\],14.1
core.bgc_6.comp_col.pe1._10_,14.1
core.bgc_6.comp_row.GL_bits\[6\],14.1
core.bgc_7.comp_col.GL_bits\[10\],14.1
core.bgc_7.comp_row.GL_bits\[6\],14.1
core.bgc_7.comp_row.GL_bits\[9\],14.1
core.bgc_7.comp_row.GL_index\[3\],14.1
core.bgc_9.comp_col.pe2._03_,14.1
core.bgc_9.comp_row._15_,14.1
net881,14.05
net261,14.05
net499,14.05
net747,14.05
core.adder_tree._0406_,14.05
core.adder_tree._0422_,14.05
core.adder_tree._0628_,14.05
core.bgc_0.comp_col.GR_bits\[10\],14.05
core.bgc_0.comp_col._05_,14.05
core.bgc_1.col_reg._023_,14.05
core.bgc_1.comp_col._18_,14.05
core.bgc_1.comp_row._15_,14.05
core.bgc_10.comp_row.GL_bits\[8\],14.05
core.bgc_10.final_counter._00_\[9\],14.05
core.bgc_10.lfsr_col._26_,14.05
core.bgc_10.row_reg._000_\[4\],14.05
core.bgc_10.row_reg._003_,14.05
core.bgc_10.row_reg._015_,14.05
core.bgc_11.comp_col._18_,14.05
core.bgc_11.comp_col.pe2._08_,14.05
core.bgc_11.comp_row.GL_bits\[3\],14.05
core.bgc_11.comp_row.pe2._13_,14.05
core.bgc_12.comp_col.GL_bits\[3\],14.05
core.bgc_12.comp_row.GL_bits\[11\],14.05
core.bgc_13.col_reg._010_,14.05
core.bgc_13.comp_col.pe1._08_,14.05
core.bgc_13.final_counter._00_\[8\],14.05
core.bgc_13.final_counter._26_,14.05
core.bgc_14.col_reg._035_,14.05
core.bgc_14.comp_row._18_,14.05
core.bgc_14.comp_row.pe1._12_,14.05
core.bgc_14.final_counter._00_\[8\],14.05
core.bgc_15.comp_col.x,14.05
core.bgc_3.col_reg._000_\[7\],14.05
core.bgc_3.final_counter._17_,14.05
core.bgc_4.comp_row.GL_bits\[9\],14.05
core.bgc_4.comp_row._14_,14.05
core.bgc_4.lfsr_col._00_\[5\],14.05
core.bgc_4.row_reg.mode\[0\],14.05
core.bgc_5.col_reg._006_,14.05
core.bgc_5.comp_col.pe1._07_,14.05
core.bgc_5.comp_row._11_,14.05
core.bgc_5.final_counter._03_,14.05
core.bgc_6.comp_col.GR_bits\[10\],14.05
core.bgc_6.row_reg._014_,14.05
core.bgc_6.row_reg._038_,14.05
core.bgc_7.comp_col.x,14.05
core.bgc_7.comp_row._01_,14.05
core.bgc_8.col_reg._000_\[5\],14.05
core.bgc_9.col_data_in\[10\],14.05
core.bgc_9.col_reg._000_\[0\],14.05
core.res_mem_inst.slot\[12\].slot_reg._003_,14.05
core.res_mem_inst.slot\[12\].slot_reg._010_,14.05
core.res_mem_inst.slot\[3\].slot_reg._016_,14.05
core.res_mem_inst.slot\[7\].slot_reg._004_,14.05
net920,14
net942,14
net954,14
net1077,14
net1126,14
net1260,14
net1523,14
net513,14
net790,14
net826,14
core.adder_tree._0180_,14
core.adder_tree._0387_,14
core.adder_tree._0398_,14
core.adder_tree._0507_,14
core.adder_tree._0643_,14
core.bgc_0.comp_col.pe1._03_,14
core.bgc_0.comp_row.pe2._03_,14
core.bgc_0.lfsr_col._21_,14
core.bgc_1.lfsr_row._23_,14
core.bgc_1.row_reg._035_,14
core.bgc_10.comp_col.pe1._12_,14
core.bgc_10.lfsr_col._08_,14
core.bgc_11.lfsr_col._01_,14
core.bgc_13.final_counter._06_,14
core.bgc_14.comp_row._16_,14
core.bgc_14.row_reg.mode\[1\],14
core.bgc_15.comp_row.GR_bits\[3\],14
core.bgc_15.row_reg._000_\[0\],14
core.bgc_2.final_counter._23_,14
core.bgc_3.final_counter._10_,14
core.bgc_3.row_reg._036_,14
core.bgc_4.comp_row.GL_index\[0\],14
core.bgc_4.comp_row.pe2._16_,14
core.bgc_4.row_reg._000_\[3\],14
core.bgc_5.col_data_in\[6\],14
core.bgc_5.comp_col._11_,14
core.bgc_5.comp_row.pe1._12_,14
core.bgc_5.comp_row.pe1._16_,14
core.bgc_5.comp_row.pe2._12_,14
core.bgc_5.comp_row.pe2._14_,14
core.bgc_7.comp_col.pe2._07_,14
core.bgc_7.comp_col.pe2._16_,14
core.bgc_7.row_reg._000_\[9\],14
core.bgc_7.row_reg.mode\[1\],14
core.bgc_8.comp_row.A\[0\],14
core.bgc_8.comp_row.GL_bits\[2\],14
core.bgc_9.comp_col.A\[7\],14
core.bgc_9.comp_col.pe1._14_,14
core.bgc_9.row_reg._016_,14
core.lfsr_enabler._01_\[0\],14
core.res_mem_inst.slot\[3\].slot_reg._000_\[5\],14
core.res_mem_inst.slot\[4\].slot_reg._021_,14
core.res_mem_inst.slot\[4\].slot_reg._039_,14
core.bgc_0.comp_col.GL_bits\[9\],13.59
core.bgc_1.comp_row.GL_bits\[2\],13.59
core.bgc_1.final_counter._04_,13.59
core.bgc_10.comp_col._14_,13.59
core.bgc_12.comp_col._12_,13.59
core.bgc_13.comp_col.GR_bits\[7\],13.59
core.bgc_13.comp_row.pe2._06_,13.59
core.bgc_2.comp_col._16_,13.59
core.bgc_2.comp_row._15_,13.59
core.bgc_4.comp_col.GR_bits\[11\],13.59
core.bgc_5.comp_row.GR_bits\[9\],13.59
core.adder_tree._0024_,13.54
core.bgc_0.prev_step_output\[8\],13.54
core.bgc_1.comp_col.GR_bits\[8\],13.54
core.bgc_10.comp_row.pe2._06_,13.54
core.bgc_11.comp_col.GR_bits\[3\],13.54
core.bgc_12.comp_row.GL_index\[1\],13.54
core.bgc_13.comp_col.GR_bits\[9\],13.54
core.bgc_14.comp_row.GL_bits\[3\],13.54
core.bgc_3.comp_row.GR_bits\[11\],13.54
core.bgc_4.comp_col._12_,13.54
core.bgc_4.comp_row._13_,13.54
core.bgc_5.comp_col.GL_bits\[8\],13.54
core.bgc_5.comp_col.pe2._14_,13.54
core.bgc_6.comp_row.GR_bits\[2\],13.54
core.bgc_6.comp_row.GR_bits\[8\],13.54
core.bgc_8.col_reg.mode\[0\],13.54
core.bgc_8.comp_row.GL_bits\[3\],13.54
core.bgc_9.prev_step_output\[11\],13.54
core.res_mem_inst._001_\[3\],13.54
core.res_mem_inst.slot\[0\].slot_reg.mode\[0\],13.54
net883,13.49
net1005,13.49
net1026,13.49
net1188,13.49
net1204,13.49
net1480,13.49
net136,13.49
net170,13.49
net323,13.49
net411,13.49
net805,13.49
core.adder_tree._0050_,13.49
core.adder_tree._0074_,13.49
core.adder_tree._0104_,13.49
core.adder_tree._0236_,13.49
core.adder_tree._0370_,13.49
core.adder_tree._0439_,13.49
core.adder_tree._0553_,13.49
core.bgc_0.col_reg._000_\[5\],13.49
core.bgc_0.comp_col.pe1._09_,13.49
core.bgc_0.comp_row.pe1._11_,13.49
core.bgc_1.col_reg._000_\[5\],13.49
core.bgc_1.comp_row.pe2._06_,13.49
core.bgc_1.final_counter._00_\[2\],13.49
core.bgc_1.lfsr_row._00_\[0\],13.49
core.bgc_10.comp_col.A\[0\],13.49
core.bgc_10.comp_col.GR_bits\[9\],13.49
core.bgc_10.comp_col._03_,13.49
core.bgc_10.comp_col._15_,13.49
core.bgc_10.comp_row._04_,13.49
core.bgc_10.comp_row.pe1._10_,13.49
core.bgc_10.comp_row.pe1._12_,13.49
core.bgc_11.col_reg._010_,13.49
core.bgc_11.final_counter._00_\[3\],13.49
core.bgc_11.final_counter._00_\[8\],13.49
core.bgc_11.row_reg._000_\[6\],13.49
core.bgc_11.row_reg._009_,13.49
core.bgc_12.comp_row.pe2._07_,13.49
core.bgc_13.col_reg._018_,13.49
core.bgc_13.row_reg._000_\[4\],13.49
core.bgc_14.col_reg._000_\[8\],13.49
core.bgc_14.col_reg._000_\[9\],13.49
core.bgc_14.comp_row._04_,13.49
core.bgc_14.comp_row.pe1._06_,13.49
core.bgc_14.lfsr_col._23_,13.49
core.bgc_14.lfsr_col._24_,13.49
core.bgc_15.comp_col.GR_bits\[9\],13.49
core.bgc_2.col_reg._000_\[6\],13.49
core.bgc_2.col_reg._023_,13.49
core.bgc_2.col_reg._052_,13.49
core.bgc_2.comp_col.A\[0\],13.49
core.bgc_2.comp_col.GR_bits\[6\],13.49
core.bgc_2.comp_col.GR_bits\[7\],13.49
core.bgc_3.comp_col.pe1._09_,13.49
core.bgc_3.comp_col.pe2._16_,13.49
core.bgc_4.col_reg._011_,13.49
core.bgc_4.comp_row.GR_bits\[3\],13.49
core.bgc_5.comp_col.GL_index\[0\],13.49
core.bgc_5.comp_row.GL_bits\[8\],13.49
core.bgc_5.comp_row.pe1._09_,13.49
core.bgc_5.final_counter._20_,13.49
core.bgc_6.col_reg._021_,13.49
core.bgc_6.final_counter._00_\[3\],13.49
core.bgc_7.col_reg._008_,13.49
core.bgc_7.comp_row.GR_bits\[5\],13.49
core.bgc_7.comp_row.pe1._11_,13.49
core.bgc_7.final_counter._00_\[5\],13.49
core.bgc_8.col_reg._007_,13.49
core.bgc_9.col_reg._010_,13.49
core.bgc_9.comp_col.pe2._01_,13.49
core.bgc_9.comp_row.A\[2\],13.49
core.bgc_9.row_reg._000_\[8\],13.49
core.bgc_9.row_reg._004_,13.49
core.bgc_9.row_reg._005_,13.49
core.lfsr_enabler._14_,13.49
core.res_mem_inst._001_\[5\],13.49
core.res_mem_inst.slot\[13\].slot_reg._013_,13.49
core.res_mem_inst.slot\[2\].slot_reg._033_,13.49
core.res_mem_inst.slot\[2\].slot_reg._034_,13.49
core.res_mem_inst.slot\[4\].slot_reg._040_,13.49
core.res_mem_inst.slot\[9\].slot_reg._022_,13.49
core.timer_inst._12_,13.49
net913,13.44
net1156,13.44
net1412,13.44
net138,13.44
net211,13.44
net275,13.44
net363,13.44
net709,13.44
net721,13.44
core.adder_tree._0083_,13.44
core.adder_tree._0103_,13.44
core.adder_tree._0234_,13.44
core.adder_tree._0335_,13.44
core.adder_tree._0671_,13.44
core.bgc_0.comp_row.pe1._10_,13.44
core.bgc_0.row_reg._049_,13.44
core.bgc_1.comp_col.GR_bits\[5\],13.44
core.bgc_1.comp_col.pe1._08_,13.44
core.bgc_1.comp_row.pe1._09_,13.44
core.bgc_1.comp_row.pe1._15_,13.44
core.bgc_10.comp_row.A\[3\],13.44
core.bgc_10.comp_row.GL_bits\[6\],13.44
core.bgc_10.lfsr_row._01_,13.44
core.bgc_10.lfsr_row._08_,13.44
core.bgc_11.col_reg._000_\[6\],13.44
core.bgc_12.col_reg._009_,13.44
core.bgc_12.comp_row.GL_bits\[10\],13.44
core.bgc_13.col_reg._000_\[8\],13.44
core.bgc_13.col_reg._016_,13.44
core.bgc_13.comp_row.GR_bits\[8\],13.44
core.bgc_13.final_counter._00_\[5\],13.44
core.bgc_13.lfsr_col._26_,13.44
core.bgc_13.row_reg._034_,13.44
core.bgc_14.comp_col.GR_index\[2\],13.44
core.bgc_14.comp_col._01_,13.44
core.bgc_14.comp_col._13_,13.44
core.bgc_14.comp_col.pe2._08_,13.44
core.bgc_15.comp_col.pe1._08_,13.44
core.bgc_15.row_reg._021_,13.44
core.bgc_2.comp_col.GL_bits\[5\],13.44
core.bgc_2.comp_col._09_,13.44
core.bgc_2.comp_row.pe1._12_,13.44
core.bgc_2.comp_row.pe2._12_,13.44
core.bgc_2.lfsr_col._17_,13.44
core.bgc_2.row_reg._027_,13.44
core.bgc_3.comp_row.GL_index\[2\],13.44
core.bgc_3.comp_row.GR_bits\[4\],13.44
core.bgc_4.comp_col.GL_bits\[9\],13.44
core.bgc_4.comp_col._16_,13.44
core.bgc_4.comp_col.pe1._03_,13.44
core.bgc_6.comp_col.GL_bits\[11\],13.44
core.bgc_6.comp_col.GL_index\[1\],13.44
core.bgc_6.comp_row.pe1._01_,13.44
core.bgc_6.final_counter._04_,13.44
core.bgc_7.comp_col.GR_bits\[1\],13.44
core.bgc_7.comp_col.pe1._12_,13.44
core.bgc_7.comp_row.pe2._10_,13.44
core.bgc_8.col_reg._019_,13.44
core.bgc_8.comp_col.pe2._01_,13.44
core.bgc_8.comp_row.pe1._10_,13.44
core.bgc_8.final_counter._00_\[10\],13.44
core.bgc_8.lfsr_col._22_,13.44
core.bgc_8.row_reg._047_,13.44
core.bgc_9.comp_col.pe2._12_,13.44
core.res_mem_inst.slot\[0\].slot_reg._000_\[8\],13.44
core.res_mem_inst.slot\[11\].slot_reg._020_,13.44
core.res_mem_inst.slot\[13\].slot_reg._015_,13.44
core.res_mem_inst.slot\[2\].slot_reg._000_\[0\],13.44
core.res_mem_inst.slot\[4\].slot_reg._000_\[3\],13.44
core.res_mem_inst.slot\[7\].slot_reg._000_\[3\],13.44
core.res_mem_inst.slot\[8\].slot_reg._031_,13.44
core.res_mem_inst.slot\[8\].slot_reg._051_,13.44
core.res_mem_inst.slot\[9\].slot_reg._000_\[0\],13.44
core.bgc_14.comp_row.GL_bits\[5\],13.21
core.bgc_1.comp_col.GR_bits\[4\],13.03
core.bgc_10.comp_row.pe2._03_,13.03
core.bgc_11.comp_col.GR_index\[1\],13.03
core.bgc_12.final_counter._06_,13.03
core.bgc_3.comp_row._14_,13.03
core.adder_tree._0035_,12.98
core.adder_tree._0052_,12.98
core.adder_tree._0391_,12.98
core.bgc_0.comp_col.GL_bits\[6\],12.98
core.bgc_0.comp_row.GL_bits\[2\],12.98
core.bgc_10.comp_row._18_,12.98
core.bgc_10.comp_row.pe1._03_,12.98
core.bgc_10.row_reg.mode\[1\],12.98
core.bgc_11.comp_col.GR_bits\[5\],12.98
core.bgc_12.comp_col.GR_index\[3\],12.98
core.bgc_12.comp_col._15_,12.98
core.bgc_13.comp_col.GL_bits\[11\],12.98
core.bgc_13.comp_row._16_,12.98
core.bgc_2.comp_row.GL_bits\[10\],12.98
core.bgc_2.comp_row.GR_bits\[10\],12.98
core.bgc_2.comp_row._06_,12.98
core.bgc_2.comp_row.pe1._06_,12.98
core.bgc_3.comp_row.GR_bits\[5\],12.98
core.bgc_3.row_reg.mode\[1\],12.98
core.bgc_5.comp_col.GR_bits\[7\],12.98
core.bgc_5.comp_row._15_,12.98
core.bgc_5.row_reg.mode\[0\],12.98
core.bgc_6.comp_col._02_,12.98
core.bgc_7.col_reg._000_\[6\],12.98
core.res_mem_inst._047_,12.98
input_ready,12.97
net882,12.93
net972,12.93
net1158,12.93
net1394,12.93
net1401,12.93
net190,12.93
net333,12.93
net351,12.93
net442,12.93
net868,12.93
core.adder_tree._0575_,12.93
core.adder_tree._0587_,12.93
core.adder_tree._0627_,12.93
core.bgc_0.comp_col.GR_bits\[1\],12.93
core.bgc_0.comp_col.GR_bits\[2\],12.93
core.bgc_0.row_reg._009_,12.93
core.bgc_1.comp_row.pe1._05_,12.93
core.bgc_10.comp_col.A\[2\],12.93
core.bgc_10.comp_row.GR_index\[0\],12.93
core.bgc_10.comp_row._12_,12.93
core.bgc_10.comp_row.pe2._15_,12.93
core.bgc_10.final_counter._11_,12.93
core.bgc_10.row_reg._000_\[5\],12.93
core.bgc_11.comp_col.pe1._08_,12.93
core.bgc_11.comp_col.pe1._12_,12.93
core.bgc_11.comp_col.pe2._12_,12.93
core.bgc_11.comp_col.pe2._15_,12.93
core.bgc_11.comp_row.pe2._14_,12.93
core.bgc_11.final_counter._00_\[0\],12.93
core.bgc_11.row_reg._007_,12.93
core.bgc_11.row_reg._021_,12.93
core.bgc_12.comp_col.pe1._12_,12.93
core.bgc_12.comp_row.pe2._03_,12.93
core.bgc_12.lfsr_col._04_,12.93
core.bgc_12.row_reg._005_,12.93
core.bgc_12.row_reg._018_,12.93
core.bgc_13.col_reg._009_,12.93
core.bgc_14.col_reg._000_\[2\],12.93
core.bgc_14.comp_col.GL_bits\[1\],12.93
core.bgc_14.comp_col.GL_bits\[4\],12.93
core.bgc_14.comp_col.GR_bits\[2\],12.93
core.bgc_14.comp_col.pe2._07_,12.93
core.bgc_14.comp_row.pe2._08_,12.93
core.bgc_15.comp_col.pe2._11_,12.93
core.bgc_15.final_counter._00_\[2\],12.93
core.bgc_15.final_counter._06_,12.93
core.bgc_15.final_counter._10_,12.93
core.bgc_2.col_reg._008_,12.93
core.bgc_2.row_reg._032_,12.93
core.bgc_3.comp_col.GR_index\[3\],12.93
core.bgc_3.comp_row.pe2._06_,12.93
core.bgc_3.row_reg.mode\[0\],12.93
core.bgc_4.col_reg._000_\[4\],12.93
core.bgc_4.col_reg._000_\[6\],12.93
core.bgc_4.col_reg._006_,12.93
core.bgc_4.col_reg._007_,12.93
core.bgc_4.comp_col._10_,12.93
core.bgc_4.comp_row.GR_index\[3\],12.93
core.bgc_5.col_reg._000_\[5\],12.93
core.bgc_5.final_counter._14_,12.93
core.bgc_5.lfsr_row._20_,12.93
core.bgc_6.comp_row.A\[0\],12.93
core.bgc_6.row_reg._000_\[10\],12.93
core.bgc_7.comp_col.GL_index\[0\],12.93
core.bgc_7.comp_col._02_,12.93
core.bgc_8.col_reg._001_,12.93
core.bgc_8.comp_col._00_,12.93
core.bgc_8.comp_col.pe1._03_,12.93
core.bgc_8.row_reg._026_,12.93
core.bgc_9.col_reg._000_\[5\],12.93
core.bgc_9.col_reg._006_,12.93
core.bgc_9.comp_col.GR_bits\[8\],12.93
core.bgc_9.comp_col._13_,12.93
core.bgc_9.comp_row.A\[7\],12.93
core.bgc_9.row_reg._008_,12.93
core.res_mem_inst._001_\[0\],12.93
core.res_mem_inst.slot\[10\].slot_reg._018_,12.93
core.res_mem_inst.slot\[4\].slot_reg._047_,12.93
core.res_mem_inst.slot\[6\].slot_reg._008_,12.93
net927,12.88
net939,12.88
net944,12.88
net951,12.88
net1089,12.88
net1175,12.88
net1219,12.88
net1272,12.88
net1346,12.88
net1343,12.88
net304,12.88
net582,12.88
net714,12.88
core.adder_tree._0167_,12.88
core.adder_tree._0211_,12.88
core.adder_tree._0310_,12.88
core.adder_tree._0350_,12.88
core.adder_tree._0471_,12.88
core.adder_tree._0545_,12.88
core.adder_tree._0555_,12.88
core.bgc_0.comp_col.A\[1\],12.88
core.bgc_0.comp_row.GL_bits\[1\],12.88
core.bgc_0.final_counter._12_,12.88
core.bgc_1.row_reg._049_,12.88
core.bgc_10.col_reg._000_\[2\],12.88
core.bgc_10.comp_col.pe2._06_,12.88
core.bgc_10.lfsr_row._02_,12.88
core.bgc_10.row_reg._006_,12.88
core.bgc_11.col_data_in\[8\],12.88
core.bgc_11.col_reg._000_\[4\],12.88
core.bgc_11.comp_col.A\[0\],12.88
core.bgc_11.comp_col._09_,12.88
core.bgc_11.lfsr_col._07_,12.88
core.bgc_11.lfsr_col._18_,12.88
core.bgc_12.col_reg._000_\[2\],12.88
core.bgc_12.col_reg._034_,12.88
core.bgc_12.comp_col.GR_bits\[3\],12.88
core.bgc_12.comp_col._18_,12.88
core.bgc_12.row_reg.mode\[0\],12.88
core.bgc_13.comp_col.pe1._09_,12.88
core.bgc_13.lfsr_col._14_,12.88
core.bgc_14.lfsr_row._16_,12.88
core.bgc_15.col_data_in\[3\],12.88
core.bgc_15.comp_col.pe2._06_,12.88
core.bgc_15.comp_row.A\[9\],12.88
core.bgc_15.row_reg._002_,12.88
core.bgc_2.comp_col.pe1._09_,12.88
core.bgc_2.comp_row.pe1._09_,12.88
core.bgc_3.col_reg._015_,12.88
core.bgc_3.comp_col.GL_index\[1\],12.88
core.bgc_3.comp_row.pe1._10_,12.88
core.bgc_3.lfsr_col._17_,12.88
core.bgc_4.col_data_in\[0\],12.88
core.bgc_4.comp_row.GL_bits\[10\],12.88
core.bgc_4.final_counter._27_,12.88
core.bgc_5.col_reg._028_,12.88
core.bgc_5.col_reg.mode\[1\],12.88
core.bgc_5.comp_col.A\[9\],12.88
core.bgc_5.comp_col.GL_index\[1\],12.88
core.bgc_5.comp_col.GR_bits\[10\],12.88
core.bgc_5.comp_row.pe1._10_,12.88
core.bgc_5.comp_row.pe2._16_,12.88
core.bgc_5.lfsr_row._23_,12.88
core.bgc_6.col_reg._007_,12.88
core.bgc_6.comp_row._09_,12.88
core.bgc_6.final_counter._14_,12.88
core.bgc_6.lfsr_col._00_\[2\],12.88
core.bgc_6.row_reg._013_,12.88
core.bgc_9.col_reg._000_\[9\],12.88
core.bgc_9.comp_col.pe2._08_,12.88
core.bgc_9.comp_row.A\[6\],12.88
core.bgc_9.comp_row.GL_index\[3\],12.88
core.res_mem_inst.slot\[0\].slot_reg._026_,12.88
core.res_mem_inst.slot\[10\].slot_reg._025_,12.88
core.res_mem_inst.slot\[12\].slot_reg._000_\[5\],12.88
core.res_mem_inst.slot\[12\].slot_reg._018_,12.88
core.res_mem_inst.slot\[13\].slot_reg._032_,12.88
core.res_mem_inst.slot\[14\].slot_reg._050_,12.88
core.res_mem_inst.slot\[3\].slot_reg._014_,12.88
core.res_mem_inst.slot\[4\].slot_reg._000_\[6\],12.88
core.bgc_4.comp_col._15_,12.52
core.bgc_4.comp_row._16_,12.52
core.bgc_10.final_counter._03_,12.47
core.bgc_12.comp_col._14_,12.47
core.bgc_3.comp_row._04_,12.47
core.bgc_6.prev_step_output\[1\],12.47
core.bgc_8.final_counter._12_,12.47
core.bgc_9.comp_col.pe1._06_,12.47
net658,12.45
core.adder_tree._0240_,12.42
core.adder_tree._0305_,12.42
core.adder_tree._0435_,12.42
core.adder_tree._0630_,12.42
core.bgc_0.comp_col._08_,12.42
core.bgc_0.comp_row.pe1._09_,12.42
core.bgc_1.comp_col.GL_bits\[4\],12.42
core.bgc_1.comp_row.GR_bits\[2\],12.42
core.bgc_1.comp_row.GR_bits\[5\],12.42
core.bgc_10.comp_col.GL_bits\[6\],12.42
core.bgc_11.final_counter._06_,12.42
core.bgc_12.comp_col.GL_bits\[8\],12.42
core.bgc_12.comp_row.GL_bits\[5\],12.42
core.bgc_12.comp_row._11_,12.42
core.bgc_13.comp_col.GL_bits\[4\],12.42
core.bgc_15.col_reg._000_\[8\],12.42
core.bgc_15.comp_row._04_,12.42
core.bgc_3.col_reg._000_\[6\],12.42
core.bgc_3.comp_col.GL_bits\[10\],12.42
core.bgc_3.comp_col.GR_bits\[5\],12.42
core.bgc_4.comp_col.GL_bits\[2\],12.42
core.bgc_5.comp_col.GR_bits\[3\],12.42
core.bgc_5.comp_row.GR_bits\[2\],12.42
core.bgc_5.comp_row.GR_bits\[8\],12.42
core.bgc_5.comp_row.pe1._06_,12.42
core.bgc_6.comp_col._16_,12.42
core.bgc_6.row_reg.mode\[0\],12.42
core.bgc_7.comp_row.GR_bits\[10\],12.42
core.bgc_7.final_counter._04_,12.42
net1285,12.37
net1397,12.37
net1416,12.37
net125,12.37
net205,12.37
net381,12.37
net445,12.37
net601,12.37
net749,12.37
net853,12.37
core.adder_tree._0122_,12.37
core.adder_tree._0596_,12.37
core.adder_tree._0646_,12.37
core.bgc_0.comp_row.GL_bits\[8\],12.37
core.bgc_0.lfsr_row._24_,12.37
core.bgc_0.row_reg._011_,12.37
core.bgc_1.col_reg._000_\[4\],12.37
core.bgc_1.col_reg._033_,12.37
core.bgc_1.comp_col.pe1._07_,12.37
core.bgc_1.comp_row.GR_index\[1\],12.37
core.bgc_1.final_counter._00_\[1\],12.37
core.bgc_1.row_reg._048_,12.37
core.bgc_10.comp_col.pe2._12_,12.37
core.bgc_10.comp_row.GL_bits\[9\],12.37
core.bgc_10.comp_row.GR_index\[1\],12.37
core.bgc_11.comp_row.pe1._06_,12.37
core.bgc_11.row_reg._020_,12.37
core.bgc_12.comp_col.GR_bits\[6\],12.37
core.bgc_12.comp_col.pe1._14_,12.37
core.bgc_12.comp_col.pe2._12_,12.37
core.bgc_12.comp_row.GR_bits\[1\],12.37
core.bgc_12.comp_row._18_,12.37
core.bgc_12.comp_row.pe1._08_,12.37
core.bgc_13.comp_col.GL_index\[0\],12.37
core.bgc_13.comp_col._10_,12.37
core.bgc_13.comp_col._11_,12.37
core.bgc_13.comp_col.pe2._11_,12.37
core.bgc_14.comp_row._02_,12.37
core.bgc_14.comp_row.pe2._10_,12.37
core.bgc_14.lfsr_row._23_,12.37
core.bgc_15.lfsr_col._00_\[2\],12.37
core.bgc_15.lfsr_row._08_,12.37
core.bgc_2.comp_col.GL_bits\[1\],12.37
core.bgc_2.comp_col.GR_index\[1\],12.37
core.bgc_3.col_reg._018_,12.37
core.bgc_3.comp_col.pe1._11_,12.37
core.bgc_3.comp_col.pe2._14_,12.37
core.bgc_3.lfsr_row._10_,12.37
core.bgc_3.row_reg._034_,12.37
core.bgc_4.col_reg._000_\[9\],12.37
core.bgc_4.col_reg._022_,12.37
core.bgc_6.comp_col.A\[1\],12.37
core.bgc_6.comp_col.pe1._07_,12.37
core.bgc_6.comp_row.GL_bits\[8\],12.37
core.bgc_6.comp_row.GL_bits\[9\],12.37
core.bgc_6.row_reg._035_,12.37
core.bgc_7.col_reg._052_,12.37
core.bgc_7.comp_col.pe2._01_,12.37
core.bgc_8.col_reg._000_\[0\],12.37
core.bgc_8.col_reg._026_,12.37
core.bgc_8.comp_row._15_,12.37
core.bgc_8.final_counter._05_,12.37
core.dec_inst.en_out\[3\],12.37
core.res_mem_inst.slot\[10\].slot_reg._048_,12.37
core.res_mem_inst.slot\[12\].slot_reg._000_\[2\],12.37
core.res_mem_inst.slot\[12\].slot_reg._036_,12.37
core.res_mem_inst.slot\[14\].slot_reg._000_\[3\],12.37
core.res_mem_inst.slot\[1\].slot_reg._000_\[11\],12.37
core.res_mem_inst.slot\[1\].slot_reg._000_\[4\],12.37
core.res_mem_inst.slot\[2\].slot_reg._000_\[3\],12.37
core.res_mem_inst.slot\[4\].slot_reg._024_,12.37
core.res_mem_inst.slot\[5\].slot_reg._021_,12.37
core.res_mem_inst.slot\[9\].slot_reg._000_\[11\],12.37
net953,12.32
net968,12.32
net994,12.32
net1054,12.32
net1111,12.32
net1122,12.32
net1320,12.32
net1420,12.32
net1495,12.32
net185,12.32
net231,12.32
net250,12.32
net354,12.32
net449,12.32
net495,12.32
net544,12.32
net563,12.32
net700,12.32
net748,12.32
core.adder_tree._0147_,12.32
core.adder_tree._0324_,12.32
core.adder_tree._0427_,12.32
core.adder_tree._0458_,12.32
core.adder_tree._0544_,12.32
core.adder_tree._0561_,12.32
core.adder_tree._0683_,12.32
core.bgc_0.col_reg._000_\[0\],12.32
core.bgc_0.comp_row.pe1._02_,12.32
core.bgc_0.final_counter._27_,12.32
core.bgc_0.lfsr_row._07_,12.32
core.bgc_1.comp_col.A\[7\],12.32
core.bgc_1.comp_col.GR_bits\[10\],12.32
core.bgc_10.col_data_in\[4\],12.32
core.bgc_10.col_reg._021_,12.32
core.bgc_10.comp_col.GL_index\[3\],12.32
core.bgc_10.comp_col.pe2._09_,12.32
core.bgc_10.row_reg._044_,12.32
core.bgc_11.col_reg._027_,12.32
core.bgc_11.comp_col.GL_index\[0\],12.32
core.bgc_11.comp_row.GR_bits\[2\],12.32
core.bgc_11.comp_row._18_,12.32
core.bgc_11.comp_row.pe2._03_,12.32
core.bgc_11.comp_row.pe2._17_,12.32
core.bgc_12.col_reg._016_,12.32
core.bgc_12.col_reg._038_,12.32
core.bgc_12.comp_row._14_,12.32
core.bgc_13.col_reg._000_\[1\],12.32
core.bgc_13.comp_row._18_,12.32
core.bgc_13.comp_row.pe1._09_,12.32
core.bgc_13.comp_row.pe2._09_,12.32
core.bgc_14.col_reg.mode\[0\],12.32
core.bgc_14.comp_col._11_,12.32
core.bgc_14.comp_row.GR_index\[2\],12.32
core.bgc_15.col_reg._038_,12.32
core.bgc_15.comp_row.pe1._07_,12.32
core.bgc_15.final_counter._20_,12.32
core.bgc_15.final_counter._25_,12.32
core.bgc_15.lfsr_col._00_\[1\],12.32
core.bgc_15.row_reg.mode\[0\],12.32
core.bgc_2.col_reg._021_,12.32
core.bgc_2.col_reg._029_,12.32
core.bgc_2.comp_col.A\[4\],12.32
core.bgc_2.comp_col.pe1._04_,12.32
core.bgc_2.final_counter._25_,12.32
core.bgc_3.col_reg._037_,12.32
core.bgc_3.comp_col.pe1._06_,12.32
core.bgc_3.lfsr_col._03_,12.32
core.bgc_3.row_reg._017_,12.32
core.bgc_3.row_reg._044_,12.32
core.bgc_4.comp_row.GR_index\[2\],12.32
core.bgc_5.col_data_in\[5\],12.32
core.bgc_5.col_reg._031_,12.32
core.bgc_5.comp_col.pe2._07_,12.32
core.bgc_5.row_reg._036_,12.32
core.bgc_6.comp_col.GR_bits\[7\],12.32
core.bgc_6.comp_col._18_,12.32
core.bgc_6.comp_col.pe1._03_,12.32
core.bgc_7.col_reg._000_\[9\],12.32
core.bgc_7.comp_row.pe2._03_,12.32
core.bgc_7.comp_row.pe2._09_,12.32
core.bgc_8.comp_col.GL_index\[1\],12.32
core.bgc_9.comp_row._11_,12.32
core.bgc_9.comp_row._16_,12.32
core.bgc_9.lfsr_row._20_,12.32
core.bgc_9.lfsr_row._23_,12.32
core.lfsr_enabler._01_\[1\],12.32
core.res_mem_inst._040_,12.32
core.res_mem_inst.out_dec_inst._01_,12.32
core.res_mem_inst.slot\[11\].slot_reg._040_,12.32
core.res_mem_inst.slot\[11\].slot_reg._046_,12.32
core.res_mem_inst.slot\[12\].slot_reg._052_,12.32
core.res_mem_inst.slot\[1\].slot_reg._013_,12.32
core.res_mem_inst.slot\[2\].slot_reg._036_,12.32
core.res_mem_inst.slot\[3\].slot_reg._027_,12.32
core.res_mem_inst.slot\[3\].slot_reg._045_,12.32
core.res_mem_inst.slot\[4\].slot_reg._032_,12.32
core.res_mem_inst.slot\[5\].slot_reg._032_,12.32
core.res_mem_inst.slot\[6\].slot_reg._000_\[10\],12.32
core.res_mem_inst.slot\[7\].slot_reg._044_,12.32
core.res_mem_inst.slot\[8\].slot_reg._025_,12.32
core.timer_inst._11_,12.32
core.bgc_15.comp_col.GR_bits\[8\],12.04
core.bgc_13.comp_col._05_,11.91
core.bgc_14.comp_col.GL_index\[3\],11.91
core.adder_tree._0121_,11.86
core.adder_tree._0469_,11.86
core.bgc_0.col_reg._018_,11.86
core.bgc_0.comp_col._15_,11.86
core.bgc_0.comp_row.pe1._03_,11.86
core.bgc_11.col_reg._016_,11.86
core.bgc_11.comp_row.pe2._10_,11.86
core.bgc_11.prev_step_output\[7\],11.86
core.bgc_12.comp_row._15_,11.86
core.bgc_13.comp_row.GR_bits\[10\],11.86
core.bgc_13.comp_row._14_,11.86
core.bgc_13.comp_row.pe1._03_,11.86
core.bgc_14.comp_row.pe1._14_,11.86
core.bgc_15.comp_col._07_,11.86
core.bgc_3.comp_row.pe2._03_,11.86
core.bgc_4.comp_row.GR_bits\[2\],11.86
core.bgc_5.comp_col.pe2._06_,11.86
core.bgc_5.comp_row._09_,11.86
core.bgc_6.col_data_in\[2\],11.86
core.bgc_6.comp_col._15_,11.86
core.bgc_6.comp_row.GL_bits\[10\],11.86
core.bgc_6.comp_row.pe2._10_,11.86
core.bgc_8.comp_col.GR_bits\[5\],11.86
core.res_mem_inst.slot\[9\].slot_reg._000_\[6\],11.86
net931,11.81
net285,11.81
net377,11.81
net443,11.81
net468,11.81
net521,11.81
net525,11.81
net555,11.81
net603,11.81
net616,11.81
net723,11.81
net736,11.81
net796,11.81
net835,11.81
net863,11.81
core.adder_tree._0049_,11.81
core.adder_tree._0076_,11.81
core.adder_tree._0256_,11.81
core.adder_tree._0297_,11.81
core.adder_tree._0424_,11.81
core.adder_tree._0437_,11.81
core.adder_tree._0554_,11.81
core.adder_tree._0661_,11.81
core.adder_tree._0684_,11.81
core.bgc_0.col_reg._000_\[6\],11.81
core.bgc_0.final_counter._00_\[9\],11.81
core.bgc_0.lfsr_col._08_,11.81
core.bgc_1.col_reg._016_,11.81
core.bgc_10.col_reg._000_\[7\],11.81
core.bgc_10.col_reg._049_,11.81
core.bgc_10.comp_col.GR_bits\[7\],11.81
core.bgc_10.comp_row.GR_bits\[0\],11.81
core.bgc_10.comp_row.pe2._14_,11.81
core.bgc_10.final_counter._00_\[11\],11.81
core.bgc_11.comp_col.A\[3\],11.81
core.bgc_11.comp_row.GL_bits\[6\],11.81
core.bgc_12.comp_col.GL_bits\[7\],11.81
core.bgc_12.comp_col._11_,11.81
core.bgc_12.comp_row.GL_bits\[0\],11.81
core.bgc_12.row_reg._036_,11.81
core.bgc_13.col_reg._039_,11.81
core.bgc_13.comp_col.A\[11\],11.81
core.bgc_14.col_reg._009_,11.81
core.bgc_14.col_reg._045_,11.81
core.bgc_14.comp_row.pe2._07_,11.81
core.bgc_14.lfsr_col._12_,11.81
core.bgc_14.lfsr_row._00_\[8\],11.81
core.bgc_14.row_reg._000_\[10\],11.81
core.bgc_15.comp_row.pe2._08_,11.81
core.bgc_2.comp_col.pe1._07_,11.81
core.bgc_2.comp_row.GL_index\[0\],11.81
core.bgc_2.row_reg._024_,11.81
core.bgc_3.col_reg._046_,11.81
core.bgc_3.comp_row._17_,11.81
core.bgc_3.row_reg._001_,11.81
core.bgc_4.col_reg._002_,11.81
core.bgc_4.row_reg._000_\[2\],11.81
core.bgc_5.comp_col.pe2._08_,11.81
core.bgc_6.col_reg._000_\[6\],11.81
core.bgc_6.comp_col.pe2._08_,11.81
core.bgc_6.comp_row.pe2._16_,11.81
core.bgc_7.comp_row._03_,11.81
core.bgc_7.comp_row._19_,11.81
core.bgc_7.lfsr_row._00_\[11\],11.81
core.bgc_8.col_reg._011_,11.81
core.bgc_8.comp_row.pe2._07_,11.81
core.bgc_8.comp_row.pe2._08_,11.81
core.bgc_9.col_reg._008_,11.81
core.bgc_9.comp_col.GR_bits\[7\],11.81
core.bgc_9.comp_row._09_,11.81
core.bgc_9.row_reg._009_,11.81
core.bgc_9.row_reg._033_,11.81
core.res_mem_inst.slot\[10\].slot_reg._006_,11.81
core.res_mem_inst.slot\[1\].slot_reg._000_\[3\],11.81
core.res_mem_inst.slot\[2\].slot_reg._052_,11.81
core.res_mem_inst.slot\[5\].slot_reg._040_,11.81
core.res_mem_inst.slot\[6\].slot_reg._000_\[7\],11.81
core.res_mem_inst.slot\[8\].slot_reg._011_,11.81
core.res_mem_inst.slot\[9\].slot_reg._000_\[3\],11.81
core.timer_inst._01_\[3\],11.81
core.timer_inst.cycle_cnt\[5\],11.81
net1012,11.76
net1055,11.76
net1056,11.76
net1075,11.76
net1083,11.76
net1090,11.76
net1182,11.76
net1197,11.76
net1208,11.76
net1302,11.76
net1435,11.76
net1448,11.76
net91,11.76
net239,11.76
net251,11.76
net297,11.76
net335,11.76
net366,11.76
net485,11.76
net556,11.76
net618,11.76
net730,11.76
core.adder_tree._0005_,11.76
core.adder_tree._0102_,11.76
core.adder_tree._0105_,11.76
core.adder_tree._0155_,11.76
core.adder_tree._0356_,11.76
core.adder_tree._0462_,11.76
core.adder_tree._0580_,11.76
core.adder_tree._0698_,11.76
core.adder_tree._0706_,11.76
core.bgc_0.col_data_in\[0\],11.76
core.bgc_0.comp_row.A\[1\],11.76
core.bgc_0.lfsr_col._02_,11.76
core.bgc_0.lfsr_row._11_,11.76
core.bgc_1.col_data_in\[2\],11.76
core.bgc_1.col_reg._001_,11.76
core.bgc_1.comp_col._04_,11.76
core.bgc_1.comp_row.pe1._07_,11.76
core.bgc_1.comp_row.pe2._14_,11.76
core.bgc_10.col_reg._000_\[0\],11.76
core.bgc_10.comp_row.pe2._08_,11.76
core.bgc_11.col_reg._046_,11.76
core.bgc_11.comp_row.GL_bits\[10\],11.76
core.bgc_11.comp_row.GR_bits\[11\],11.76
core.bgc_11.final_counter._00_\[4\],11.76
core.bgc_12.comp_col.A\[7\],11.76
core.bgc_12.lfsr_row._02_,11.76
core.bgc_13.comp_col.pe2._06_,11.76
core.bgc_13.row_reg._052_,11.76
core.bgc_14.col_reg._013_,11.76
core.bgc_14.comp_col.GR_bits\[8\],11.76
core.bgc_14.comp_row.GR_bits\[5\],11.76
core.bgc_14.comp_row.pe1._05_,11.76
core.bgc_15.col_reg._019_,11.76
core.bgc_15.comp_col.pe1._07_,11.76
core.bgc_15.comp_row._14_,11.76
core.bgc_15.final_counter._00_\[7\],11.76
core.bgc_15.final_counter._03_,11.76
core.bgc_15.final_counter._23_,11.76
core.bgc_2.col_reg._050_,11.76
core.bgc_2.comp_row.pe1._10_,11.76
core.bgc_3.comp_row._00_,11.76
core.bgc_3.lfsr_col._00_\[3\],11.76
core.bgc_3.lfsr_row._04_,11.76
core.bgc_4.comp_col.GR_index\[2\],11.76
core.bgc_4.comp_col._09_,11.76
core.bgc_4.lfsr_col._14_,11.76
core.bgc_4.row_reg._004_,11.76
core.bgc_5.col_reg._000_\[7\],11.76
core.bgc_5.comp_col.GR_bits\[5\],11.76
core.bgc_5.comp_row.GL_bits\[10\],11.76
core.bgc_5.row_reg._001_,11.76
core.bgc_6.col_reg.mode\[0\],11.76
core.bgc_6.comp_row.pe1._06_,11.76
core.bgc_7.col_reg._039_,11.76
core.bgc_7.final_counter._00_\[7\],11.76
core.bgc_7.lfsr_col._15_,11.76
core.bgc_7.lfsr_row._24_,11.76
core.bgc_8.comp_row._16_,11.76
core.bgc_8.final_counter._17_,11.76
core.bgc_9.comp_col._16_,11.76
core.bgc_9.lfsr_col._14_,11.76
core.bgc_9.lfsr_row._00_\[2\],11.76
core.bgc_9.row_reg._013_,11.76
core.bgc_9.row_reg._024_,11.76
core.res_mem_inst.slot\[11\].slot_reg._000_\[3\],11.76
core.res_mem_inst.slot\[12\].slot_reg._046_,11.76
core.res_mem_inst.slot\[13\].slot_reg._005_,11.76
core.res_mem_inst.slot\[14\].slot_reg._000_\[11\],11.76
core.res_mem_inst.slot\[14\].slot_reg._037_,11.76
core.res_mem_inst.slot\[1\].slot_reg._037_,11.76
core.res_mem_inst.slot\[2\].slot_reg._030_,11.76
core.res_mem_inst.slot\[5\].slot_reg.mode\[0\],11.76
core.res_mem_inst.slot\[7\].slot_reg._039_,11.76
net664,11.695
net666,11.57
net1355,11.46
core.bgc_0.comp_col.GL_bits\[8\],11.35
core.bgc_1.comp_col.GL_bits\[6\],11.35
core.bgc_5.comp_row.GL_bits\[6\],11.35
core.bgc_9.comp_row.GR_bits\[4\],11.35
core.adder_tree._0077_,11.3
core.adder_tree._0573_,11.3
core.adder_tree._0659_,11.3
core.bgc_0.prev_step_output\[2\],11.3
core.bgc_1.comp_row.pe1._11_,11.3
core.bgc_10.comp_row.GL_index\[1\],11.3
core.bgc_10.comp_row._07_,11.3
core.bgc_10.row_reg.mode\[0\],11.3
core.bgc_12.col_reg.mode\[0\],11.3
core.bgc_12.comp_row.GR_bits\[4\],11.3
core.bgc_15.final_counter._19_,11.3
core.bgc_2.col_reg.mode\[1\],11.3
core.bgc_2.comp_row.GR_bits\[7\],11.3
core.bgc_3.comp_col._14_,11.3
core.bgc_3.comp_col.pe2._11_,11.3
core.bgc_4.comp_row.GL_index\[1\],11.3
core.bgc_5.comp_col.GL_bits\[4\],11.3
core.bgc_6.comp_col.GR_bits\[11\],11.3
core.bgc_6.comp_col.GR_bits\[9\],11.3
core.bgc_6.comp_col.pe1._09_,11.3
core.bgc_6.comp_row.pe1._10_,11.3
core.bgc_6.final_counter._11_,11.3
core.bgc_8.col_reg._008_,11.3
core.bgc_8.comp_col.pe2._03_,11.3
core.bgc_9.comp_col._14_,11.3
core.bgc_9.comp_col._15_,11.3
core.bgc_9.comp_row.GL_bits\[9\],11.3
net919,11.25
net988,11.25
net1112,11.25
net1325,11.25
net1364,11.25
net1375,11.25
net1411,11.25
net1434,11.25
net89,11.25
net267,11.25
net306,11.25
net404,11.25
net414,11.25
net626,11.25
net746,11.25
net782,11.25
net841,11.25
net845,11.25
core.adder_tree._0141_,11.25
core.adder_tree._0299_,11.25
core.adder_tree._0426_,11.25
core.adder_tree._0483_,11.25
core.adder_tree._0509_,11.25
core.adder_tree._0707_,11.25
core.bgc_0.col_reg._001_,11.25
core.bgc_0.row_reg._000_\[8\],11.25
core.bgc_10.col_reg._031_,11.25
core.bgc_10.comp_col.pe1._09_,11.25
core.bgc_10.comp_col.x,11.25
core.bgc_10.comp_row.pe2._09_,11.25
core.bgc_10.final_counter._00_\[8\],11.25
core.bgc_10.lfsr_row._00_\[0\],11.25
core.bgc_11.col_reg._033_,11.25
core.bgc_12.comp_col.pe1._02_,11.25
core.bgc_12.comp_col.pe1._04_,11.25
core.bgc_12.comp_row.pe1._10_,11.25
core.bgc_12.row_reg._029_,11.25
core.bgc_12.row_reg._047_,11.25
core.bgc_13.col_reg._000_\[9\],11.25
core.bgc_13.col_reg._048_,11.25
core.bgc_13.comp_row.pe1._06_,11.25
core.bgc_13.final_counter._02_,11.25
core.bgc_13.lfsr_col._00_\[3\],11.25
core.bgc_14.col_data_in\[2\],11.25
core.bgc_14.row_reg._026_,11.25
core.bgc_15.comp_col.A\[8\],11.25
core.bgc_15.comp_col.GL_index\[1\],11.25
core.bgc_15.comp_row.pe1._00_,11.25
core.bgc_15.comp_row.pe1._17_,11.25
core.bgc_2.comp_col.GR_bits\[2\],11.25
core.bgc_2.comp_row.GR_index\[3\],11.25
core.bgc_2.comp_row.pe1._11_,11.25
core.bgc_2.lfsr_col._06_,11.25
core.bgc_3.comp_col.GR_index\[2\],11.25
core.bgc_3.comp_row.pe1._02_,11.25
core.bgc_3.comp_row.pe1._11_,11.25
core.bgc_3.lfsr_row._00_\[4\],11.25
core.bgc_4.col_reg._030_,11.25
core.bgc_4.comp_col.A\[8\],11.25
core.bgc_4.comp_row.A\[5\],11.25
core.bgc_4.comp_row._02_,11.25
core.bgc_5.col_reg._000_\[3\],11.25
core.bgc_5.col_reg._019_,11.25
core.bgc_5.comp_row.pe1._05_,11.25
core.bgc_5.final_counter._00_\[1\],11.25
core.bgc_6.col_reg._040_,11.25
core.bgc_6.comp_col.pe2._11_,11.25
core.bgc_6.comp_row.pe1._07_,11.25
core.bgc_6.final_counter._00_\[2\],11.25
core.bgc_6.lfsr_col._00_\[1\],11.25
core.bgc_7.comp_col.pe1._03_,11.25
core.bgc_7.comp_row.GR_bits\[8\],11.25
core.bgc_7.comp_row._11_,11.25
core.bgc_7.row_reg._051_,11.25
core.bgc_8.row_reg._001_,11.25
core.bgc_8.row_reg._038_,11.25
core.bgc_9.col_reg._000_\[11\],11.25
core.bgc_9.col_reg._007_,11.25
core.bgc_9.comp_col.GR_index\[2\],11.25
core.bgc_9.comp_col.pe1._03_,11.25
core.bgc_9.comp_row.GR_index\[1\],11.25
core.bgc_9.final_counter._20_,11.25
core.bgc_9.row_reg._051_,11.25
core.dec_inst._00_\[0\],11.25
core.dec_inst.en_out\[2\],11.25
core.res_mem_inst.slot\[0\].slot_reg._031_,11.25
core.res_mem_inst.slot\[13\].slot_reg._040_,11.25
core.res_mem_inst.slot\[15\].slot_reg._021_,11.25
core.res_mem_inst.slot\[15\].slot_reg._044_,11.25
core.res_mem_inst.slot\[1\].slot_reg._033_,11.25
core.res_mem_inst.slot\[1\].slot_reg._034_,11.25
core.res_mem_inst.slot\[3\].slot_reg._025_,11.25
core.res_mem_inst.slot\[7\].slot_reg._030_,11.25
core.res_mem_inst.slot\[8\].slot_reg._006_,11.25
core.res_mem_inst.slot\[8\].slot_reg._014_,11.25
core.res_mem_inst.slot\[9\].slot_reg._048_,11.25
net1067,11.2
net1069,11.2
net1104,11.2
net1151,11.2
net1185,11.2
net1245,11.2
net1266,11.2
net1307,11.2
net1331,11.2
net1422,11.2
net140,11.2
net156,11.2
net192,11.2
net307,11.2
net338,11.2
net457,11.2
net698,11.2
net741,11.2
net755,11.2
net877,11.2
core.adder_tree._0073_,11.2
core.adder_tree._0163_,11.2
core.adder_tree._0181_,11.2
core.adder_tree._0227_,11.2
core.adder_tree._0348_,11.2
core.adder_tree._0368_,11.2
core.adder_tree._0444_,11.2
core.adder_tree._0582_,11.2
core.adder_tree._0633_,11.2
core.adder_tree._0665_,11.2
core.bgc_0.comp_row._18_,11.2
core.bgc_0.final_counter._11_,11.2
core.bgc_0.lfsr_col._00_\[10\],11.2
core.bgc_0.row_reg._030_,11.2
core.bgc_1.col_reg._000_\[9\],11.2
core.bgc_1.col_reg._031_,11.2
core.bgc_1.col_reg._035_,11.2
core.bgc_1.col_reg._051_,11.2
core.bgc_1.comp_col.GL_bits\[10\],11.2
core.bgc_1.comp_col.pe2._06_,11.2
core.bgc_1.comp_row._00_,11.2
core.bgc_10.comp_col.GL_bits\[0\],11.2
core.bgc_10.comp_row.GL_bits\[2\],11.2
core.bgc_10.comp_row.GL_index\[2\],11.2
core.bgc_10.final_counter._00_\[6\],11.2
core.bgc_10.lfsr_col._07_,11.2
core.bgc_11.col_reg._025_,11.2
core.bgc_11.comp_col._10_,11.2
core.bgc_11.comp_col.pe1._04_,11.2
core.bgc_11.comp_row._15_,11.2
core.bgc_11.lfsr_row._08_,11.2
core.bgc_11.row_reg._017_,11.2
core.bgc_11.row_reg._026_,11.2
core.bgc_12.comp_row.A\[11\],11.2
core.bgc_12.row_reg._000_\[7\],11.2
core.bgc_13.col_reg._001_,11.2
core.bgc_13.comp_col.pe2._03_,11.2
core.bgc_13.comp_col.pe2._07_,11.2
core.bgc_13.comp_col.pe2._16_,11.2
core.bgc_13.lfsr_row._04_,11.2
core.bgc_13.row_reg._009_,11.2
core.bgc_14.col_data_in\[5\],11.2
core.bgc_14.comp_row.GL_bits\[7\],11.2
core.bgc_14.lfsr_row._18_,11.2
core.bgc_15.comp_col.A\[1\],11.2
core.bgc_15.comp_col.GL_bits\[1\],11.2
core.bgc_15.comp_col.GL_bits\[9\],11.2
core.bgc_15.comp_row.GR_index\[2\],11.2
core.bgc_15.final_counter._00_\[9\],11.2
core.bgc_2.comp_col.GR_bits\[9\],11.2
core.bgc_2.comp_col.pe1._11_,11.2
core.bgc_2.comp_row.pe2._09_,11.2
core.bgc_2.final_counter._15_,11.2
core.bgc_3.col_data_in\[0\],11.2
core.bgc_3.col_reg._014_,11.2
core.bgc_3.comp_col.pe2._07_,11.2
core.bgc_4.comp_col.GR_bits\[10\],11.2
core.bgc_4.comp_col._01_,11.2
core.bgc_4.comp_col._14_,11.2
core.bgc_5.col_reg._000_\[2\],11.2
core.bgc_5.col_reg._026_,11.2
core.bgc_5.comp_col.GR_bits\[8\],11.2
core.bgc_5.comp_col.GR_index\[2\],11.2
core.bgc_5.comp_row.GL_bits\[0\],11.2
core.bgc_5.lfsr_col._00_\[10\],11.2
core.bgc_5.lfsr_col._21_,11.2
core.bgc_6.comp_col.GR_bits\[6\],11.2
core.bgc_6.comp_col.pe2._15_,11.2
core.bgc_6.lfsr_col._06_,11.2
core.bgc_6.row_reg._036_,11.2
core.bgc_7.comp_col.pe1._07_,11.2
core.bgc_7.comp_row.pe1._01_,11.2
core.bgc_7.row_reg._000_\[10\],11.2
core.bgc_8.comp_col._11_,11.2
core.bgc_8.row_reg._014_,11.2
core.bgc_8.row_reg._023_,11.2
core.bgc_9.comp_row.pe1._03_,11.2
core.bgc_9.comp_row.pe2._11_,11.2
core.bgc_9.lfsr_col._00_\[6\],11.2
core.bgc_9.row_reg._035_,11.2
core.res_mem_inst.slot\[12\].slot_reg._034_,11.2
core.res_mem_inst.slot\[13\].slot_reg._050_,11.2
core.res_mem_inst.slot\[14\].slot_reg._028_,11.2
core.res_mem_inst.slot\[2\].slot_reg._018_,11.2
core.res_mem_inst.slot\[3\].slot_reg._000_\[1\],11.2
core.res_mem_inst.slot\[8\].slot_reg._000_\[11\],11.2
core.timer_inst.cycle_cnt\[9\],11.2
net680,11.055
net671,10.815
core.adder_tree._0379_,10.79
core.bgc_13.comp_row.GL_bits\[7\],10.79
core.bgc_14.comp_row.GR_bits\[8\],10.79
core.bgc_15.comp_row.GR_bits\[9\],10.79
core.bgc_8.final_counter._06_,10.79
core.adder_tree._0053_,10.74
core.adder_tree._0450_,10.74
core.adder_tree._0516_,10.74
core.adder_tree._0641_,10.74
core.bgc_0.comp_col._11_,10.74
core.bgc_0.comp_row._12_,10.74
core.bgc_1.comp_col.GL_bits\[2\],10.74
core.bgc_1.comp_col.pe2._07_,10.74
core.bgc_13.comp_row.GL_bits\[9\],10.74
core.bgc_14.comp_col.GL_index\[1\],10.74
core.bgc_14.comp_col._15_,10.74
core.bgc_14.comp_row.GR_bits\[9\],10.74
core.bgc_15.comp_col._15_,10.74
core.bgc_2.comp_col.GR_index\[2\],10.74
core.bgc_2.comp_row.GL_bits\[7\],10.74
core.bgc_4.final_counter._02_,10.74
core.bgc_5.comp_col.pe2._10_,10.74
core.bgc_6.final_counter._06_,10.74
core.bgc_7.col_data_in\[1\],10.74
core.bgc_8.comp_col.GR_bits\[8\],10.74
core.bgc_8.comp_col.pe1._08_,10.74
core.bgc_9.comp_col.GL_bits\[11\],10.74
core.bgc_9.comp_row._18_,10.74
core.res_mem_inst.slot\[3\].slot_reg._049_,10.74
net688,10.735
net998,10.69
net1009,10.69
net1033,10.69
net1079,10.69
net1123,10.69
net1127,10.69
net1183,10.69
net1225,10.69
net1309,10.69
net1410,10.69
net1498,10.69
net154,10.69
net174,10.69
net258,10.69
net263,10.69
net318,10.69
net355,10.69
net599,10.69
net757,10.69
net770,10.69
net778,10.69
net675,10.69
core.adder_tree._0060_,10.69
core.adder_tree._0126_,10.69
core.adder_tree._0318_,10.69
core.adder_tree._0396_,10.69
core.adder_tree._0411_,10.69
core.adder_tree._0449_,10.69
core.adder_tree._0460_,10.69
core.adder_tree._0648_,10.69
core.bgc_0.comp_col.GR_bits\[7\],10.69
core.bgc_0.comp_row._16_,10.69
core.bgc_0.final_counter._23_,10.69
core.bgc_1.comp_col.GL_bits\[8\],10.69
core.bgc_1.comp_col.pe2._11_,10.69
core.bgc_1.row_reg._039_,10.69
core.bgc_10.comp_col._01_,10.69
core.bgc_10.comp_col.pe2._07_,10.69
core.bgc_11.col_reg._021_,10.69
core.bgc_11.row_reg._010_,10.69
core.bgc_11.row_reg._044_,10.69
core.bgc_12.col_reg._000_\[1\],10.69
core.bgc_12.comp_row.GL_bits\[9\],10.69
core.bgc_12.final_counter._13_,10.69
core.bgc_13.comp_col._18_,10.69
core.bgc_13.comp_row.GR_index\[2\],10.69
core.bgc_13.comp_row.pe1._15_,10.69
core.bgc_13.final_counter._25_,10.69
core.bgc_13.lfsr_col._00_\[2\],10.69
core.bgc_14.comp_col.GR_bits\[4\],10.69
core.bgc_14.comp_col.GR_bits\[9\],10.69
core.bgc_14.comp_col._18_,10.69
core.bgc_14.final_counter._00_\[5\],10.69
core.bgc_15.comp_col.pe1._06_,10.69
core.bgc_15.comp_row.GR_bits\[0\],10.69
core.bgc_15.row_reg._000_\[3\],10.69
core.bgc_2.col_reg._000_\[8\],10.69
core.bgc_2.comp_col._12_,10.69
core.bgc_2.comp_col._18_,10.69
core.bgc_2.comp_row.pe1._00_,10.69
core.bgc_2.row_reg._047_,10.69
core.bgc_3.comp_row.pe1._01_,10.69
core.bgc_3.final_counter._23_,10.69
core.bgc_3.lfsr_row._09_,10.69
core.bgc_4.comp_col.pe2._04_,10.69
core.bgc_4.comp_row.pe1._14_,10.69
core.bgc_4.final_counter._07_,10.69
core.bgc_4.row_reg._000_\[1\],10.69
core.bgc_5.col_reg._047_,10.69
core.bgc_5.comp_col.GR_index\[1\],10.69
core.bgc_5.comp_row.GR_bits\[7\],10.69
core.bgc_5.lfsr_row._22_,10.69
core.bgc_6.col_reg._000_\[4\],10.69
core.bgc_6.row_reg._032_,10.69
core.bgc_7.comp_col.GL_bits\[11\],10.69
core.bgc_7.comp_row.GR_index\[0\],10.69
core.bgc_8.comp_col.pe1._00_,10.69
core.bgc_8.comp_row.pe1._09_,10.69
core.bgc_8.row_reg._017_,10.69
core.bgc_9.col_reg._019_,10.69
core.bgc_9.col_reg._047_,10.69
core.bgc_9.comp_col.GR_index\[1\],10.69
core.bgc_9.comp_row.A\[9\],10.69
core.bgc_9.comp_row.GR_bits\[10\],10.69
core.bgc_9.row_reg._030_,10.69
core.res_mem_inst.slot\[10\].slot_reg._001_,10.69
core.res_mem_inst.slot\[10\].slot_reg._044_,10.69
core.res_mem_inst.slot\[12\].slot_reg._000_\[9\],10.69
core.res_mem_inst.slot\[13\].slot_reg._036_,10.69
core.res_mem_inst.slot\[15\].slot_reg._029_,10.69
core.res_mem_inst.slot\[2\].slot_reg._000_\[11\],10.69
core.res_mem_inst.slot\[4\].slot_reg._031_,10.69
core.res_mem_inst.slot\[4\].slot_reg._037_,10.69
core.res_mem_inst.slot\[8\].slot_reg._039_,10.69
core.timer_inst._01_\[9\],10.69
net18,10.69
spi_in2,10.67
net929,10.64
net963,10.64
net1016,10.64
net1066,10.64
net1068,10.64
net1074,10.64
net1094,10.64
net1128,10.64
net1154,10.64
net1232,10.64
net1235,10.64
net1236,10.64
net1264,10.64
net1289,10.64
net1292,10.64
net94,10.64
net198,10.64
net346,10.64
net384,10.64
net517,10.64
net536,10.64
net590,10.64
net596,10.64
net738,10.64
net781,10.64
net812,10.64
net824,10.64
net832,10.64
core.adder_tree._0080_,10.64
core.adder_tree._0160_,10.64
core.adder_tree._0196_,10.64
core.adder_tree._0296_,10.64
core.adder_tree._0448_,10.64
core.adder_tree._0502_,10.64
core.adder_tree._0503_,10.64
core.adder_tree._0534_,10.64
core.adder_tree._0618_,10.64
core.bgc_0.col_reg._002_,10.64
core.bgc_0.comp_col.pe2._07_,10.64
core.bgc_0.final_counter._26_,10.64
core.bgc_1.col_reg._013_,10.64
core.bgc_1.comp_col.GL_bits\[7\],10.64
core.bgc_1.lfsr_row._05_,10.64
core.bgc_1.lfsr_row._06_,10.64
core.bgc_1.row_reg._000_\[7\],10.64
core.bgc_1.row_reg._050_,10.64
core.bgc_10.comp_col.GL_bits\[1\],10.64
core.bgc_10.comp_row.pe1._11_,10.64
core.bgc_11.col_reg._000_\[9\],10.64
core.bgc_11.col_reg._034_,10.64
core.bgc_11.col_reg._049_,10.64
core.bgc_11.comp_col.A\[4\],10.64
core.bgc_11.comp_col.A\[8\],10.64
core.bgc_11.comp_col.GR_index\[3\],10.64
core.bgc_11.comp_row.A\[8\],10.64
core.bgc_11.lfsr_col._12_,10.64
core.bgc_11.row_reg._033_,10.64
core.bgc_12.comp_col.A\[10\],10.64
core.bgc_12.row_reg._000_\[11\],10.64
core.bgc_13.col_data_in\[6\],10.64
core.bgc_13.col_reg._044_,10.64
core.bgc_13.comp_col.pe1._12_,10.64
core.bgc_13.comp_row.GL_bits\[8\],10.64
core.bgc_13.comp_row._01_,10.64
core.bgc_13.final_counter._00_\[6\],10.64
core.bgc_13.lfsr_row._21_,10.64
core.bgc_14.col_data_in\[1\],10.64
core.bgc_14.col_reg._019_,10.64
core.bgc_14.lfsr_row._10_,10.64
core.bgc_14.lfsr_row._26_,10.64
core.bgc_15.col_reg._000_\[5\],10.64
core.bgc_15.col_reg._014_,10.64
core.bgc_15.col_reg._018_,10.64
core.bgc_15.comp_row.pe1._12_,10.64
core.bgc_15.row_reg._017_,10.64
core.bgc_2.comp_row.GL_bits\[2\],10.64
core.bgc_2.comp_row.GR_index\[1\],10.64
core.bgc_3.col_reg._044_,10.64
core.bgc_3.comp_col.A\[9\],10.64
core.bgc_3.comp_col._18_,10.64
core.bgc_3.comp_row.pe1._08_,10.64
core.bgc_3.lfsr_col._00_\[2\],10.64
core.bgc_3.lfsr_col._05_,10.64
core.bgc_3.row_reg._018_,10.64
core.bgc_3.row_reg._035_,10.64
core.bgc_3.row_reg._038_,10.64
core.bgc_5.comp_row._14_,10.64
core.bgc_6.col_reg._016_,10.64
core.bgc_6.col_reg._027_,10.64
core.bgc_6.comp_row.A\[10\],10.64
core.bgc_6.final_counter._26_,10.64
core.bgc_6.lfsr_col._01_,10.64
core.bgc_7.col_reg._000_\[3\],10.64
core.bgc_7.col_reg._000_\[8\],10.64
core.bgc_7.col_reg._045_,10.64
core.bgc_7.final_counter._10_,10.64
core.bgc_7.final_counter._14_,10.64
core.bgc_7.lfsr_col._09_,10.64
core.bgc_8.comp_col.pe2._06_,10.64
core.bgc_8.final_counter._08_,10.64
core.bgc_9.comp_col.A\[10\],10.64
core.bgc_9.lfsr_col._20_,10.64
core.bgc_9.row_reg._039_,10.64
core.lfsr_enabler._21_,10.64
core.res_mem_inst._030_,10.64
core.res_mem_inst.slot\[0\].slot_reg._017_,10.64
core.res_mem_inst.slot\[11\].slot_reg._026_,10.64
core.res_mem_inst.slot\[12\].slot_reg._000_\[8\],10.64
core.res_mem_inst.slot\[12\].slot_reg._022_,10.64
core.res_mem_inst.slot\[13\].slot_reg._030_,10.64
core.res_mem_inst.slot\[14\].slot_reg._035_,10.64
core.res_mem_inst.slot\[14\].slot_reg._036_,10.64
core.res_mem_inst.slot\[2\].slot_reg._000_\[1\],10.64
core.res_mem_inst.slot\[3\].slot_reg._018_,10.64
core.res_mem_inst.slot\[4\].slot_reg._000_\[2\],10.64
core.res_mem_inst.slot\[4\].slot_reg._000_\[7\],10.64
core.res_mem_inst.slot\[7\].slot_reg._016_,10.64
core.res_mem_inst.slot\[8\].slot_reg._015_,10.64
core.res_mem_inst.slot\[8\].slot_reg._040_,10.64
core.res_mem_inst.slot\[9\].slot_reg._049_,10.64
net661,10.6
net683,10.37
core.adder_tree._0513_,10.36
core.bgc_0.comp_col.GR_bits\[6\],10.36
net644,10.345
core.bgc_0.comp_row.GR_bits\[4\],10.23
core.bgc_13.comp_col.GR_bits\[10\],10.23
core.bgc_3.row_reg._016_,10.23
net635,10.22
core.adder_tree._0132_,10.18
core.adder_tree._0607_,10.18
core.bgc_0.comp_row.GL_bits\[9\],10.18
core.bgc_0.comp_row.GL_index\[1\],10.18
core.bgc_1.comp_row.GR_bits\[9\],10.18
core.bgc_10.comp_col.GL_bits\[10\],10.18
core.bgc_10.comp_col.GL_bits\[8\],10.18
core.bgc_10.comp_col.GR_bits\[8\],10.18
core.bgc_12.row_reg._031_,10.18
core.bgc_13.comp_col.GL_bits\[9\],10.18
core.bgc_14.comp_col.pe1._07_,10.18
core.bgc_14.comp_col.pe1._09_,10.18
core.bgc_15.col_reg._000_\[11\],10.18
core.bgc_15.comp_col._18_,10.18
core.bgc_2.comp_col._15_,10.18
core.bgc_2.comp_row._16_,10.18
core.bgc_3.col_reg._000_\[9\],10.18
core.bgc_6.comp_col.GL_bits\[10\],10.18
core.lfsr_enabler.row_load_count\[1\],10.18
net966,10.13
net1283,10.13
net1295,10.13
net1431,10.13
net1475,10.13
net1497,10.13
net1504,10.13
net88,10.13
net135,10.13
net264,10.13
net444,10.13
net634,10.13
net774,10.13
net807,10.13
core.adder_tree._0096_,10.13
core.adder_tree._0106_,10.13
core.adder_tree._0687_,10.13
core.bgc_0.comp_col.GR_index\[2\],10.13
core.bgc_1.comp_col.A\[1\],10.13
core.bgc_1.comp_row._17_,10.13
core.bgc_1.final_counter._25_,10.13
core.bgc_1.lfsr_col._00_\[11\],10.13
core.bgc_10.col_data_in\[3\],10.13
core.bgc_10.comp_row.GL_bits\[7\],10.13
core.bgc_10.comp_row._13_,10.13
core.bgc_10.comp_row.pe1._05_,10.13
core.bgc_10.lfsr_col.seed_mem\[11\],10.13
core.bgc_11.comp_col.GL_bits\[7\],10.13
core.bgc_11.comp_col.GR_bits\[9\],10.13
core.bgc_11.row_reg._034_,10.13
core.bgc_12.comp_row.A\[4\],10.13
core.bgc_12.comp_row.pe1._07_,10.13
core.bgc_12.final_counter._00_\[9\],10.13
core.bgc_13.col_reg._017_,10.13
core.bgc_13.comp_col.pe1._06_,10.13
core.bgc_13.final_counter._14_,10.13
core.bgc_13.row_reg._000_\[5\],10.13
core.bgc_14.comp_col.GR_index\[0\],10.13
core.bgc_14.comp_col.pe1._02_,10.13
core.bgc_14.comp_col.pe2._02_,10.13
core.bgc_14.comp_row.GL_bits\[0\],10.13
core.bgc_14.lfsr_row._24_,10.13
core.bgc_14.row_reg._022_,10.13
core.bgc_14.row_reg._028_,10.13
core.bgc_15.col_data_in\[5\],10.13
core.bgc_15.comp_row.GR_index\[0\],10.13
core.bgc_15.final_counter._00_\[8\],10.13
core.bgc_15.row_reg._000_\[7\],10.13
core.bgc_15.row_reg._011_,10.13
core.bgc_3.col_data_in\[5\],10.13
core.bgc_3.col_reg._031_,10.13
core.bgc_3.comp_col.A\[1\],10.13
core.bgc_3.final_counter._20_,10.13
core.bgc_4.comp_row._09_,10.13
core.bgc_4.comp_row._10_,10.13
core.bgc_5.col_reg._008_,10.13
core.bgc_5.comp_col.A\[6\],10.13
core.bgc_5.comp_col.pe1._16_,10.13
core.bgc_5.final_counter._00_\[6\],10.13
core.bgc_5.lfsr_col._00_\[4\],10.13
core.bgc_5.row_reg._029_,10.13
core.bgc_6.final_counter._00_\[8\],10.13
core.bgc_6.lfsr_col._17_,10.13
core.bgc_6.row_reg._000_\[7\],10.13
core.bgc_7.final_counter._19_,10.13
core.bgc_8.col_reg._039_,10.13
core.bgc_8.col_reg._040_,10.13
core.bgc_8.col_reg._044_,10.13
core.bgc_8.comp_row.GL_index\[0\],10.13
core.bgc_8.row_reg._000_\[10\],10.13
core.bgc_8.row_reg._000_\[4\],10.13
core.bgc_9.comp_row.GR_bits\[9\],10.13
core.bgc_9.comp_row.pe1._08_,10.13
core.bgc_9.final_counter._00_\[1\],10.13
core.res_mem_inst._042_,10.13
core.res_mem_inst.slot\[0\].slot_reg._000_\[10\],10.13
core.res_mem_inst.slot\[10\].slot_reg._026_,10.13
core.res_mem_inst.slot\[14\].slot_reg._003_,10.13
core.res_mem_inst.slot\[14\].slot_reg._030_,10.13
core.res_mem_inst.slot\[14\].slot_reg._033_,10.13
core.res_mem_inst.slot\[5\].slot_reg._033_,10.13
core.res_mem_inst.slot\[6\].slot_reg._024_,10.13
core.res_mem_inst.slot\[8\].slot_reg._050_,10.13
net642,10.12
net888,10.08
net971,10.08
net974,10.08
net1050,10.08
net1071,10.08
net1102,10.08
net1113,10.08
net1257,10.08
net1334,10.08
net1341,10.08
net1378,10.08
net1479,10.08
net1496,10.08
net1500,10.08
net98,10.08
net107,10.08
net119,10.08
net204,10.08
net216,10.08
net230,10.08
net240,10.08
net280,10.08
net301,10.08
net328,10.08
net413,10.08
net431,10.08
net520,10.08
net542,10.08
net545,10.08
net572,10.08
net579,10.08
core.adder_tree._0039_,10.08
core.adder_tree._0112_,10.08
core.adder_tree._0190_,10.08
core.adder_tree._0262_,10.08
core.adder_tree._0369_,10.08
core.adder_tree._0531_,10.08
core.adder_tree._0548_,10.08
core.adder_tree._0565_,10.08
core.bgc_0.comp_row.pe1._15_,10.08
core.bgc_0.row_reg._036_,10.08
core.bgc_1.col_data_in\[1\],10.08
core.bgc_1.comp_row.pe1._08_,10.08
core.bgc_1.final_counter._24_,10.08
core.bgc_1.row_reg._023_,10.08
core.bgc_10.col_reg._046_,10.08
core.bgc_10.comp_col._06_,10.08
core.bgc_10.comp_col.pe1._11_,10.08
core.bgc_10.comp_row._11_,10.08
core.bgc_10.comp_row.pe1._07_,10.08
core.bgc_10.final_counter._00_\[2\],10.08
core.bgc_11.col_reg._000_\[10\],10.08
core.bgc_11.col_reg._032_,10.08
core.bgc_11.comp_col.pe1._16_,10.08
core.bgc_11.comp_row.pe1._04_,10.08
core.bgc_11.lfsr_row._16_,10.08
core.bgc_11.row_reg._005_,10.08
core.bgc_12.col_reg._037_,10.08
core.bgc_12.comp_col.pe2._07_,10.08
core.bgc_12.comp_col.pe2._17_,10.08
core.bgc_12.comp_row.GR_bits\[7\],10.08
core.bgc_12.final_counter._00_\[10\],10.08
core.bgc_12.lfsr_row._08_,10.08
core.bgc_13.col_reg._000_\[11\],10.08
core.bgc_13.lfsr_col._16_,10.08
core.bgc_13.row_reg._000_\[10\],10.08
core.bgc_14.col_reg._000_\[7\],10.08
core.bgc_14.comp_row.pe2._05_,10.08
core.bgc_14.lfsr_col._04_,10.08
core.bgc_14.lfsr_row._04_,10.08
core.bgc_14.row_reg._000_\[7\],10.08
core.bgc_15.col_reg._000_\[1\],10.08
core.bgc_15.col_reg._048_,10.08
core.bgc_15.comp_col.GL_index\[0\],10.08
core.bgc_15.lfsr_row._10_,10.08
core.bgc_15.row_reg._029_,10.08
core.bgc_2.col_reg._019_,10.08
core.bgc_2.comp_row.GR_bits\[2\],10.08
core.bgc_2.lfsr_row._16_,10.08
core.bgc_3.col_reg._029_,10.08
core.bgc_3.comp_row._18_,10.08
core.bgc_3.lfsr_col._08_,10.08
core.bgc_4.comp_row.pe2._17_,10.08
core.bgc_4.final_counter._05_,10.08
core.bgc_4.final_counter._18_,10.08
core.bgc_5.col_reg._050_,10.08
core.bgc_5.comp_col.GL_bits\[7\],10.08
core.bgc_5.row_reg._002_,10.08
core.bgc_5.row_reg._044_,10.08
core.bgc_6.col_reg._000_\[5\],10.08
core.bgc_6.col_reg._047_,10.08
core.bgc_6.comp_col.GR_index\[1\],10.08
core.bgc_6.comp_row.pe1._11_,10.08
core.bgc_6.row_reg._000_\[9\],10.08
core.bgc_7.col_data_in\[0\],10.08
core.bgc_7.col_reg._010_,10.08
core.bgc_7.final_counter._00_\[9\],10.08
core.bgc_7.final_counter._27_,10.08
core.bgc_7.row_reg._016_,10.08
core.bgc_8.comp_row.GR_bits\[8\],10.08
core.bgc_9.comp_col.pe2._16_,10.08
core.bgc_9.comp_row.GR_bits\[7\],10.08
core.bgc_9.comp_row._10_,10.08
core.bgc_9.comp_row.pe1._01_,10.08
core.bgc_9.final_counter._05_,10.08
core.bgc_9.row_reg._000_\[9\],10.08
core.bgc_9.row_reg._015_,10.08
core.res_mem_inst._034_,10.08
core.res_mem_inst.slot\[11\].slot_reg._025_,10.08
core.res_mem_inst.slot\[11\].slot_reg._039_,10.08
core.res_mem_inst.slot\[11\].slot_reg._047_,10.08
core.res_mem_inst.slot\[12\].slot_reg._044_,10.08
core.res_mem_inst.slot\[13\].slot_reg._000_\[1\],10.08
core.res_mem_inst.slot\[14\].slot_reg._001_,10.08
core.res_mem_inst.slot\[14\].slot_reg._004_,10.08
core.res_mem_inst.slot\[14\].slot_reg._017_,10.08
core.res_mem_inst.slot\[14\].slot_reg._029_,10.08
core.res_mem_inst.slot\[1\].slot_reg._038_,10.08
core.res_mem_inst.slot\[1\].slot_reg._050_,10.08
core.res_mem_inst.slot\[2\].slot_reg._025_,10.08
core.res_mem_inst.slot\[3\].slot_reg._052_,10.08
core.res_mem_inst.slot\[4\].slot_reg._038_,10.08
core.res_mem_inst.slot\[8\].slot_reg._033_,10.08
core.res_mem_inst.slot\[9\].slot_reg._040_,10.08
core.timer_inst._01_\[1\],10.08
net673,10.08
net678,9.96
rst_n,9.94
spi_in0,9.88
net639,9.73
net669,9.72
net643,9.71
output_ready_OUT,9.69
core.adder_tree._0101_,9.67
core.bgc_3.comp_row._16_,9.67
core.bgc_6.comp_col.GL_bits\[9\],9.67
core.bgc_6.comp_row.GL_index\[2\],9.67
net686,9.64
core.adder_tree._0338_,9.62
core.adder_tree._0519_,9.62
core.bgc_0.comp_row.pe1._06_,9.62
core.bgc_1.comp_row.GL_bits\[7\],9.62
core.bgc_10.comp_col.pe2._03_,9.62
core.bgc_10.comp_row.pe1._14_,9.62
core.bgc_11.comp_col.GR_bits\[8\],9.62
core.bgc_11.comp_row.GL_bits\[2\],9.62
core.bgc_11.comp_row.pe2._07_,9.62
core.bgc_12.comp_col._16_,9.62
core.bgc_13.comp_col.GR_bits\[1\],9.62
core.bgc_13.comp_col._12_,9.62
core.bgc_13.comp_row.GR_bits\[9\],9.62
core.bgc_14.comp_col.pe1._08_,9.62
core.bgc_2.comp_col.pe2._14_,9.62
core.bgc_4.comp_col.GR_bits\[1\],9.62
core.bgc_4.comp_row._03_,9.62
core.bgc_4.comp_row.pe1._06_,9.62
core.bgc_4.comp_row.pe2._14_,9.62
core.bgc_7.comp_col.GL_bits\[9\],9.62
core.bgc_7.comp_row.GL_index\[1\],9.62
core.bgc_8.col_reg._000_\[10\],9.62
core.bgc_9.comp_row.GL_bits\[2\],9.62
core.bgc_9.comp_row._12_,9.62
core.bgc_9.comp_row.pe2._03_,9.62
net689,9.6
net668,9.58
net900,9.57
net977,9.57
net1172,9.57
net1349,9.57
net1531,9.57
net188,9.57
net480,9.57
net482,9.57
net491,9.57
net866,9.57
core.adder_tree._0029_,9.57
core.adder_tree._0042_,9.57
core.adder_tree._0207_,9.57
core.adder_tree._0248_,9.57
core.adder_tree._0249_,9.57
core.adder_tree._0342_,9.57
core.adder_tree._0523_,9.57
core.adder_tree._0644_,9.57
core.bgc_0.col_reg._000_\[9\],9.57
core.bgc_0.comp_col.GR_bits\[8\],9.57
core.bgc_0.comp_row.GR_bits\[2\],9.57
core.bgc_0.row_reg._000_\[7\],9.57
core.bgc_1.final_counter._11_,9.57
core.bgc_1.final_counter._20_,9.57
core.bgc_1.row_reg._000_\[11\],9.57
core.bgc_10.col_data_in\[9\],9.57
core.bgc_10.col_reg._020_,9.57
core.bgc_10.comp_row.pe2._12_,9.57
core.bgc_10.lfsr_row._00_\[11\],9.57
core.bgc_10.row_reg._024_,9.57
core.bgc_11.comp_col._19_,9.57
core.bgc_11.comp_col.pe1._03_,9.57
core.bgc_11.comp_row.pe2._08_,9.57
core.bgc_11.final_counter._14_,9.57
core.bgc_11.lfsr_col._02_,9.57
core.bgc_11.lfsr_row._06_,9.57
core.bgc_11.row_reg._000_\[10\],9.57
core.bgc_11.row_reg._000_\[3\],9.57
core.bgc_12.comp_row.GL_bits\[8\],9.57
core.bgc_12.comp_row.GR_bits\[2\],9.57
core.bgc_12.final_counter._02_,9.57
core.bgc_12.lfsr_col._00_\[0\],9.57
core.bgc_12.lfsr_col._03_,9.57
core.bgc_13.col_reg._038_,9.57
core.bgc_13.comp_col.GR_index\[2\],9.57
core.bgc_13.comp_row.A\[4\],9.57
core.bgc_13.final_counter._27_,9.57
core.bgc_13.row_reg._000_\[3\],9.57
core.bgc_13.row_reg._010_,9.57
core.bgc_15._03_,9.57
core.bgc_15.col_reg._000_\[0\],9.57
core.bgc_15.col_reg._000_\[6\],9.57
core.bgc_15.comp_col._04_,9.57
core.bgc_15.final_counter._27_,9.57
core.bgc_15.lfsr_col._07_,9.57
core.bgc_2.col_reg._000_\[10\],9.57
core.bgc_2.final_counter._11_,9.57
core.bgc_3.row_reg._045_,9.57
core.bgc_4.col_reg._000_\[3\],9.57
core.bgc_4.col_reg._027_,9.57
core.bgc_4.comp_col.A\[9\],9.57
core.bgc_4.comp_row.A\[2\],9.57
core.bgc_4.comp_row._01_,9.57
core.bgc_4.comp_row._18_,9.57
core.bgc_4.final_counter._15_,9.57
core.bgc_4.final_counter._25_,9.57
core.bgc_5.col_reg._000_\[4\],9.57
core.bgc_5.comp_row.GL_index\[0\],9.57
core.bgc_5.comp_row._10_,9.57
core.bgc_5.lfsr_row._00_\[9\],9.57
core.bgc_5.row_reg._018_,9.57
core.bgc_6.col_reg._046_,9.57
core.bgc_6.final_counter._00_\[9\],9.57
core.bgc_6.row_reg._000_\[4\],9.57
core.bgc_7.col_data_in\[3\],9.57
core.bgc_7.comp_row.pe1._04_,9.57
core.bgc_7.comp_row.pe2._06_,9.57
core.bgc_7.final_counter._00_\[3\],9.57
core.bgc_7.row_reg._025_,9.57
core.bgc_8.comp_col.GL_bits\[10\],9.57
core.bgc_8.comp_row.GL_bits\[8\],9.57
core.bgc_8.comp_row._18_,9.57
core.bgc_8.comp_row.pe2._03_,9.57
core.bgc_8.final_counter._00_\[8\],9.57
core.bgc_8.final_counter._02_,9.57
core.bgc_8.final_counter._10_,9.57
core.bgc_8.row_reg._000_\[5\],9.57
core.bgc_9.col_reg._000_\[10\],9.57
core.bgc_9.col_reg._000_\[8\],9.57
core.bgc_9.col_reg.mode\[0\],9.57
core.bgc_9.comp_col.A\[4\],9.57
core.bgc_9.final_counter._00_\[6\],9.57
core.bgc_9.lfsr_col._23_,9.57
core.res_mem_inst.slot\[13\].slot_reg._000_\[3\],9.57
core.res_mem_inst.slot\[14\].slot_reg._000_\[0\],9.57
core.res_mem_inst.slot\[14\].slot_reg._000_\[2\],9.57
core.res_mem_inst.slot\[2\].slot_reg._000_\[4\],9.57
core.res_mem_inst.slot\[3\].slot_reg._040_,9.57
core.res_mem_inst.slot\[9\].slot_reg._004_,9.57
core.res_mem_inst.slot\[9\].slot_reg._029_,9.57
net989,9.52
net1024,9.52
net1025,9.52
net1029,9.52
net1073,9.52
net1087,9.52
net1120,9.52
net1129,9.52
net1132,9.52
net1146,9.52
net1153,9.52
net1218,9.52
net1233,9.52
net1468,9.52
net1518,9.52
net114,9.52
net167,9.52
net175,9.52
net238,9.52
net249,9.52
net259,9.52
net283,9.52
net425,9.52
net427,9.52
net433,9.52
net434,9.52
net452,9.52
net459,9.52
net487,9.52
net611,9.52
net632,9.52
net754,9.52
net794,9.52
net797,9.52
net818,9.52
core.adder_tree._0057_,9.52
core.adder_tree._0154_,9.52
core.adder_tree._0170_,9.52
core.adder_tree._0197_,9.52
core.adder_tree._0213_,9.52
core.adder_tree._0337_,9.52
core.adder_tree._0402_,9.52
core.adder_tree._0578_,9.52
core.adder_tree._0664_,9.52
core.bgc_0.col_reg._028_,9.52
core.bgc_0.comp_col._14_,9.52
core.bgc_0.comp_row.A\[4\],9.52
core.bgc_0.comp_row.GR_bits\[7\],9.52
core.bgc_0.final_counter._00_\[1\],9.52
core.bgc_0.lfsr_row._00_\[11\],9.52
core.bgc_0.row_reg._038_,9.52
core.bgc_1.col_reg._010_,9.52
core.bgc_1.comp_row.GL_bits\[8\],9.52
core.bgc_1.comp_row._14_,9.52
core.bgc_1.comp_row.pe1._06_,9.52
core.bgc_10.col_reg._040_,9.52
core.bgc_10.comp_col.GR_bits\[10\],9.52
core.bgc_10.comp_col.GR_index\[3\],9.52
core.bgc_10.comp_row.pe2._07_,9.52
core.bgc_10.lfsr_col._00_\[5\],9.52
core.bgc_10.lfsr_col._00_\[7\],9.52
core.bgc_10.lfsr_col._02_,9.52
core.bgc_11.comp_col.pe1._00_,9.52
core.bgc_11.comp_row.pe2._05_,9.52
core.bgc_11.row_reg._046_,9.52
core.bgc_12.col_reg._013_,9.52
core.bgc_12.col_reg._032_,9.52
core.bgc_12.final_counter._19_,9.52
core.bgc_12.row_reg._026_,9.52
core.bgc_13.col_reg._013_,9.52
core.bgc_13.comp_col.GL_bits\[10\],9.52
core.bgc_13.comp_col.pe2._01_,9.52
core.bgc_14.comp_col.A\[2\],9.52
core.bgc_14.comp_col.pe1._06_,9.52
core.bgc_14.comp_row._14_,9.52
core.bgc_14.comp_row.pe2._03_,9.52
core.bgc_14.row_reg._023_,9.52
core.bgc_15.col_data_in\[1\],9.52
core.bgc_15.col_reg._000_\[10\],9.52
core.bgc_15.col_reg._004_,9.52
core.bgc_15.col_reg._010_,9.52
core.bgc_15.col_reg._023_,9.52
core.bgc_15.comp_row.GR_bits\[10\],9.52
core.bgc_15.comp_row._01_,9.52
core.bgc_15.lfsr_row._21_,9.52
core.bgc_15.row_reg._023_,9.52
core.bgc_2.comp_col.GR_index\[0\],9.52
core.bgc_2.comp_col.pe2._04_,9.52
core.bgc_2.lfsr_col._18_,9.52
core.bgc_2.row_reg._000_\[9\],9.52
core.bgc_3.comp_col.pe1._00_,9.52
core.bgc_3.comp_col.pe1._01_,9.52
core.bgc_3.comp_col.pe1._07_,9.52
core.bgc_3.comp_col.pe2._10_,9.52
core.bgc_3.comp_row.pe2._09_,9.52
core.bgc_4.col_reg._000_\[1\],9.52
core.bgc_4.comp_col.pe1._08_,9.52
core.bgc_4.comp_col.pe1._09_,9.52
core.bgc_5.col_reg._023_,9.52
core.bgc_5.comp_col.pe2._11_,9.52
core.bgc_5.row_reg._011_,9.52
core.bgc_5.row_reg._022_,9.52
core.bgc_5.row_reg._024_,9.52
core.bgc_6.col_reg._000_\[1\],9.52
core.bgc_6.comp_col.A\[8\],9.52
core.bgc_6.comp_col.GL_bits\[8\],9.52
core.bgc_6.comp_col.GR_bits\[8\],9.52
core.bgc_6.comp_col._01_,9.52
core.bgc_6.comp_col._17_,9.52
core.bgc_6.comp_row.pe2._06_,9.52
core.bgc_7.row_reg._000_\[2\],9.52
core.bgc_8.comp_row.GR_bits\[10\],9.52
core.bgc_8.comp_row.GR_bits\[7\],9.52
core.bgc_8.final_counter._00_\[3\],9.52
core.bgc_8.lfsr_col._00_\[0\],9.52
core.bgc_8.row_reg._029_,9.52
core.bgc_8.row_reg._035_,9.52
core.bgc_9._02_,9.52
core.bgc_9.col_reg._000_\[2\],9.52
core.bgc_9.col_reg._003_,9.52
core.bgc_9.comp_row._04_,9.52
core.bgc_9.row_reg._014_,9.52
core.res_mem_inst.slot\[10\].slot_reg._015_,9.52
core.res_mem_inst.slot\[10\].slot_reg._039_,9.52
core.res_mem_inst.slot\[10\].slot_reg._040_,9.52
core.res_mem_inst.slot\[11\].slot_reg._000_\[0\],9.52
core.res_mem_inst.slot\[12\].slot_reg._000_\[11\],9.52
core.res_mem_inst.slot\[12\].slot_reg._000_\[4\],9.52
core.res_mem_inst.slot\[13\].slot_reg._048_,9.52
core.res_mem_inst.slot\[15\].slot_reg._040_,9.52
core.res_mem_inst.slot\[3\].slot_reg._044_,9.52
core.res_mem_inst.slot\[4\].slot_reg._013_,9.52
core.res_mem_inst.slot\[4\].slot_reg._022_,9.52
core.res_mem_inst.slot\[4\].slot_reg._051_,9.52
core.res_mem_inst.slot\[6\].slot_reg._029_,9.52
core.res_mem_inst.slot\[7\].slot_reg._000_\[10\],9.52
core.res_mem_inst.slot\[8\].slot_reg._016_,9.52
core.res_mem_inst.slot\[8\].slot_reg._038_,9.52
core.res_mem_inst.slot\[9\].slot_reg._026_,9.52
net645,9.52
net685,9.5
net660,9.34
net665,9.32
core.bgc_6.comp_row.pe2._03_,9.21
core.bgc_11.comp_row.GL_index\[1\],9.11
core.bgc_12.comp_col.GL_bits\[2\],9.11
core.bgc_15.comp_row.GL_index\[1\],9.11
core.bgc_2.comp_col.GL_bits\[2\],9.11
core.timer_inst._14_,9.11
net662,9.07
net1311,9.06
net713,9.06
net752,9.06
core.adder_tree._0178_,9.06
core.adder_tree._0605_,9.06
core.adder_tree._0657_,9.06
core.bgc_0.comp_row.pe2._08_,9.06
core.bgc_1.comp_col.GR_bits\[11\],9.06
core.bgc_1.comp_col._15_,9.06
core.bgc_1.comp_col.pe2._03_,9.06
core.bgc_11.comp_row.GL_bits\[8\],9.06
core.bgc_11.comp_row.GR_bits\[7\],9.06
core.bgc_11.row_reg._025_,9.06
core.bgc_12.comp_col._01_,9.06
core.bgc_12.comp_col.pe2._01_,9.06
core.bgc_13.comp_col.pe1._17_,9.06
core.bgc_13.comp_col.pe2._09_,9.06
core.bgc_14.col_data_in\[6\],9.06
core.bgc_14.comp_row.GL_index\[3\],9.06
core.bgc_14.row_reg._032_,9.06
core.bgc_15.col_reg._036_,9.06
core.bgc_15.lfsr_col._06_,9.06
core.bgc_2.comp_col.pe2._08_,9.06
core.bgc_2.comp_row._02_,9.06
core.bgc_6.comp_row.A\[9\],9.06
core.bgc_7.comp_col.GR_bits\[2\],9.06
core.bgc_7.comp_col._15_,9.06
core.bgc_7.comp_col.pe1._04_,9.06
core.bgc_7.comp_col.pe2._00_,9.06
core.bgc_7.comp_col.pe2._04_,9.06
core.bgc_9.comp_col.GL_bits\[10\],9.06
core.bgc_9.comp_row._14_,9.06
core.bgc_9.comp_row.pe1._06_,9.06
core.bgc_9.comp_row.pe1._09_,9.06
core.res_mem_inst.slot\[15\].slot_reg._034_,9.06
core.res_mem_inst.slot\[6\].slot_reg._028_,9.06
net889,9.01
net904,9.01
net917,9.01
net1177,9.01
net1215,9.01
net1344,9.01
net1373,9.01
net1454,9.01
net85,9.01
net112,9.01
net141,9.01
net142,9.01
net184,9.01
net295,9.01
net332,9.01
net375,9.01
net609,9.01
net773,9.01
net810,9.01
net860,9.01
core.adder_tree._0116_,9.01
core.adder_tree._0164_,9.01
core.adder_tree._0386_,9.01
core.adder_tree._0506_,9.01
core.adder_tree._0677_,9.01
core.bgc_0.lfsr_col._22_,9.01
core.bgc_0.row_reg._010_,9.01
core.bgc_1.col_data_in\[3\],9.01
core.bgc_1.col_reg._006_,9.01
core.bgc_1.row_reg._000_\[8\],9.01
core.bgc_10.col_reg._008_,9.01
core.bgc_10.comp_col.pe2._14_,9.01
core.bgc_10.final_counter._00_\[1\],9.01
core.bgc_10.final_counter._14_,9.01
core.bgc_11.col_reg._036_,9.01
core.bgc_11.col_reg._050_,9.01
core.bgc_11.row_reg._000_\[4\],9.01
core.bgc_11.row_reg._000_\[7\],9.01
core.bgc_12.col_reg._025_,9.01
core.bgc_12.comp_row.GR_bits\[0\],9.01
core.bgc_12.comp_row.GR_bits\[9\],9.01
core.bgc_13.comp_col.A\[7\],9.01
core.bgc_13.comp_col.pe1._05_,9.01
core.bgc_13.comp_row.GL_bits\[0\],9.01
core.bgc_13.final_counter._00_\[1\],9.01
core.bgc_13.lfsr_row._00_\[11\],9.01
core.bgc_13.row_reg._014_,9.01
core.bgc_14.comp_col.A\[6\],9.01
core.bgc_14.comp_col.GL_bits\[8\],9.01
core.bgc_14.comp_col.GL_index\[0\],9.01
core.bgc_15.lfsr_row._16_,9.01
core.bgc_2.comp_col.GR_bits\[10\],9.01
core.bgc_2.final_counter._17_,9.01
core.bgc_2.lfsr_row._05_,9.01
core.bgc_2.lfsr_row._26_,9.01
core.bgc_2.row_reg._000_\[11\],9.01
core.bgc_2.row_reg._050_,9.01
core.bgc_3.col_reg._000_\[1\],9.01
core.bgc_3.col_reg._000_\[8\],9.01
core.bgc_3.comp_row.GL_bits\[7\],9.01
core.bgc_3.comp_row.GR_bits\[8\],9.01
core.bgc_3.final_counter._00_\[10\],9.01
core.bgc_3.lfsr_col._18_,9.01
core.bgc_3.lfsr_row._21_,9.01
core.bgc_3.row_reg._022_,9.01
core.bgc_4.final_counter._00_\[9\],9.01
core.bgc_4.lfsr_col._00_\[11\],9.01
core.bgc_4.lfsr_row._12_,9.01
core.bgc_5.col_reg._000_\[6\],9.01
core.bgc_5.col_reg._021_,9.01
core.bgc_5.comp_col.GL_bits\[1\],9.01
core.bgc_5.comp_row.pe1._00_,9.01
core.bgc_5.final_counter._05_,9.01
core.bgc_5.final_counter._24_,9.01
core.bgc_5.row_reg._046_,9.01
core.bgc_7.col_reg._040_,9.01
core.bgc_7.comp_col.A\[8\],9.01
core.bgc_7.comp_row.GL_bits\[7\],9.01
core.bgc_7.lfsr_col._04_,9.01
core.bgc_7.row_reg._000_\[4\],9.01
core.bgc_8.comp_col.A\[1\],9.01
core.bgc_8.comp_col.GL_index\[3\],9.01
core.bgc_8.comp_col.GR_bits\[0\],9.01
core.bgc_8.comp_col.GR_bits\[10\],9.01
core.bgc_8.comp_col.GR_index\[1\],9.01
core.bgc_8.lfsr_row._00_\[11\],9.01
core.bgc_8.row_reg._000_\[7\],9.01
core.bgc_9.col_reg._051_,9.01
core.bgc_9.comp_col.pe2._06_,9.01
core.bgc_9.comp_row.GR_bits\[8\],9.01
core.bgc_9.final_counter._00_\[0\],9.01
core.bgc_9.row_reg._000_\[7\],9.01
core.bgc_9.row_reg._038_,9.01
core.bgc_9.row_reg._050_,9.01
core.res_mem_inst.slot\[0\].slot_reg._009_,9.01
core.res_mem_inst.slot\[10\].slot_reg._008_,9.01
core.res_mem_inst.slot\[11\].slot_reg._021_,9.01
core.res_mem_inst.slot\[12\].slot_reg._033_,9.01
core.res_mem_inst.slot\[13\].slot_reg._038_,9.01
core.res_mem_inst.slot\[13\].slot_reg.mode\[0\],9.01
core.res_mem_inst.slot\[2\].slot_reg._009_,9.01
core.res_mem_inst.slot\[3\].slot_reg._033_,9.01
core.res_mem_inst.slot\[6\].slot_reg._000_\[4\],9.01
core.res_mem_inst.slot\[6\].slot_reg._020_,9.01
core.res_mem_inst.slot\[6\].slot_reg._025_,9.01
core.res_mem_inst.slot\[8\].slot_reg._000_\[10\],9.01
net898,8.96
net909,8.96
net1187,8.96
net1296,8.96
net1297,8.96
net1299,8.96
net1322,8.96
net1354,8.96
net1376,8.96
net1408,8.96
net1426,8.96
net1443,8.96
net1488,8.96
net1511,8.96
net97,8.96
net144,8.96
net164,8.96
net244,8.96
net265,8.96
net327,8.96
net360,8.96
net362,8.96
net371,8.96
net419,8.96
net448,8.96
net470,8.96
net633,8.96
net712,8.96
net791,8.96
core.adder_tree._0044_,8.96
core.adder_tree._0151_,8.96
core.adder_tree._0169_,8.96
core.adder_tree._0210_,8.96
core.adder_tree._0263_,8.96
core.adder_tree._0303_,8.96
core.adder_tree._0341_,8.96
core.adder_tree._0380_,8.96
core.adder_tree._0457_,8.96
core.adder_tree._0472_,8.96
core.adder_tree._0577_,8.96
core.bgc_0.col_reg._024_,8.96
core.bgc_0.col_reg._033_,8.96
core.bgc_0.comp_col.A\[11\],8.96
core.bgc_0.comp_row.A\[9\],8.96
core.bgc_0.comp_row.GR_bits\[1\],8.96
core.bgc_0.comp_row._00_,8.96
core.bgc_0.comp_row.pe1._05_,8.96
core.bgc_0.lfsr_row._00_\[3\],8.96
core.bgc_0.row_reg._026_,8.96
core.bgc_1._02_,8.96
core.bgc_1.col_reg._000_\[7\],8.96
core.bgc_1.comp_col.pe1._17_,8.96
core.bgc_1.comp_row.GL_bits\[1\],8.96
core.bgc_1.final_counter._27_,8.96
core.bgc_1.lfsr_row._24_,8.96
core.bgc_1.row_reg._040_,8.96
core.bgc_10.comp_col.pe2._00_,8.96
core.bgc_11.col_reg._038_,8.96
core.bgc_11.comp_row.A\[10\],8.96
core.bgc_11.comp_row.GR_bits\[0\],8.96
core.bgc_11.lfsr_col._00_\[1\],8.96
core.bgc_11.lfsr_col._00_\[8\],8.96
core.bgc_11.lfsr_col._05_,8.96
core.bgc_11.lfsr_row._00_\[3\],8.96
core.bgc_12.comp_col.GR_bits\[8\],8.96
core.bgc_12.comp_col.GR_index\[0\],8.96
core.bgc_12.comp_col.GR_index\[1\],8.96
core.bgc_12.comp_col.GR_index\[2\],8.96
core.bgc_12.comp_row.GR_index\[2\],8.96
core.bgc_12.final_counter._23_,8.96
core.bgc_12.lfsr_col._00_\[7\],8.96
core.bgc_12.lfsr_col._05_,8.96
core.bgc_13.comp_col.A\[1\],8.96
core.bgc_13.comp_row.GL_bits\[2\],8.96
core.bgc_13.final_counter._00_\[9\],8.96
core.bgc_13.lfsr_row._00_\[6\],8.96
core.bgc_14.col_reg._049_,8.96
core.bgc_14.comp_row.GR_bits\[2\],8.96
core.bgc_14.final_counter._15_,8.96
core.bgc_14.final_counter._18_,8.96
core.bgc_14.lfsr_row._00_\[1\],8.96
core.bgc_14.lfsr_row._03_,8.96
core.bgc_15.col_reg._000_\[9\],8.96
core.bgc_15.comp_col.pe2._09_,8.96
core.bgc_2.comp_row.GL_bits\[0\],8.96
core.bgc_2.comp_row.GR_bits\[1\],8.96
core.bgc_2.comp_row._19_,8.96
core.bgc_2.final_counter._05_,8.96
core.bgc_2.final_counter._24_,8.96
core.bgc_2.lfsr_col._08_,8.96
core.bgc_2.row_reg._000_\[5\],8.96
core.bgc_2.row_reg._034_,8.96
core.bgc_3.col_reg._028_,8.96
core.bgc_3.comp_col.A\[8\],8.96
core.bgc_3.final_counter._00_\[4\],8.96
core.bgc_3.row_reg._000_\[10\],8.96
core.bgc_3.row_reg._046_,8.96
core.bgc_4.comp_row._17_,8.96
core.bgc_4.comp_row.pe2._01_,8.96
core.bgc_4.final_counter._28_,8.96
core.bgc_4.lfsr_row._10_,8.96
core.bgc_5.col_reg._009_,8.96
core.bgc_5.col_reg._038_,8.96
core.bgc_5.col_reg._051_,8.96
core.bgc_5.lfsr_col._14_,8.96
core.bgc_5.row_reg._052_,8.96
core.bgc_6.comp_col.A\[6\],8.96
core.bgc_6.comp_col.GL_bits\[1\],8.96
core.bgc_6.comp_col.GL_bits\[7\],8.96
core.bgc_6.comp_col.pe2._06_,8.96
core.bgc_6.comp_row.GR_bits\[7\],8.96
core.bgc_6.final_counter._27_,8.96
core.bgc_6.lfsr_col._18_,8.96
core.bgc_7.col_reg._032_,8.96
core.bgc_7.comp_col._09_,8.96
core.bgc_7.lfsr_col._00_\[4\],8.96
core.bgc_7.lfsr_row._00_\[6\],8.96
core.bgc_8.comp_col.A\[10\],8.96
core.bgc_8.comp_col._01_,8.96
core.bgc_8.comp_col._18_,8.96
core.bgc_8.comp_row.GL_bits\[9\],8.96
core.bgc_8.comp_row.pe2._01_,8.96
core.bgc_8.final_counter._00_\[6\],8.96
core.bgc_8.lfsr_col._06_,8.96
core.bgc_8.row_reg._000_\[3\],8.96
core.bgc_9.comp_row.GL_index\[0\],8.96
core.bgc_9.final_counter._00_\[10\],8.96
core.bgc_9.lfsr_col._18_,8.96
core.bgc_9.lfsr_row._00_\[3\],8.96
core.res_mem_inst.slot\[0\].slot_reg._000_\[3\],8.96
core.res_mem_inst.slot\[10\].slot_reg._028_,8.96
core.res_mem_inst.slot\[11\].slot_reg._015_,8.96
core.res_mem_inst.slot\[12\].slot_reg._000_\[1\],8.96
core.res_mem_inst.slot\[12\].slot_reg._051_,8.96
core.res_mem_inst.slot\[14\].slot_reg._023_,8.96
core.res_mem_inst.slot\[15\].slot_reg._014_,8.96
core.res_mem_inst.slot\[15\].slot_reg._015_,8.96
core.res_mem_inst.slot\[1\].slot_reg._000_\[10\],8.96
core.res_mem_inst.slot\[3\].slot_reg._019_,8.96
core.res_mem_inst.slot\[4\].slot_reg._000_\[1\],8.96
core.res_mem_inst.slot\[5\].slot_reg._000_\[10\],8.96
core.res_mem_inst.slot\[5\].slot_reg._000_\[7\],8.96
core.res_mem_inst.slot\[5\].slot_reg._049_,8.96
core.res_mem_inst.slot\[7\].slot_reg._000_\[11\],8.96
core.res_mem_inst.slot\[8\].slot_reg._045_,8.96
core.res_mem_inst.slot\[9\].slot_reg._039_,8.96
net641,8.86
net648,8.79
net657,8.735
spi_out1_OUT,8.73
net677,8.7
spi_out3_OUT,8.7
core.bgc_4.comp_col._18_,8.6
net674,8.59
core.bgc_15.comp_row.GR_bits\[7\],8.55
core.adder_tree._0364_,8.5
core.adder_tree._0537_,8.5
core.bgc_0.comp_col.pe1._06_,8.5
core.bgc_1.comp_col._16_,8.5
core.bgc_1.comp_row.pe1._17_,8.5
core.bgc_10.comp_col.GL_index\[1\],8.5
core.bgc_11.comp_row.GL_bits\[7\],8.5
core.bgc_12.comp_row.pe1._11_,8.5
core.bgc_13.final_counter._10_,8.5
core.bgc_15.comp_col.GR_bits\[10\],8.5
core.bgc_2.comp_row.GL_bits\[8\],8.5
core.bgc_2.comp_row.pe2._00_,8.5
core.bgc_2.final_counter._19_,8.5
core.bgc_4.comp_row._15_,8.5
core.bgc_6.comp_col.pe1._11_,8.5
core.bgc_7.comp_col.GR_bits\[10\],8.5
core.bgc_7.comp_row.GR_bits\[2\],8.5
core.bgc_7.comp_row.GR_bits\[7\],8.5
core.bgc_7.row_reg._005_,8.5
core.bgc_9.comp_col.GL_bits\[7\],8.5
core.bgc_9.comp_col.GR_bits\[10\],8.5
core.bgc_9.comp_row.GL_bits\[7\],8.5
core.bgc_9.comp_row.pe2._10_,8.5
core.res_mem_inst.slot\[6\].slot_reg._011_,8.5
core.res_mem_inst.slot\[9\].slot_reg._023_,8.5
spi_out0_OUT,8.49
net1011,8.45
net1031,8.45
net1205,8.45
net1461,8.45
net1477,8.45
net134,8.45
net187,8.45
net196,8.45
net334,8.45
net347,8.45
net357,8.45
net380,8.45
net479,8.45
net524,8.45
net592,8.45
core.adder_tree._0672_,8.45
core.adder_tree._0681_,8.45
core.bgc_0._02_,8.45
core.bgc_0.col_data_in\[4\],8.45
core.bgc_0.comp_col._18_,8.45
core.bgc_0.comp_col.pe1._08_,8.45
core.bgc_0.comp_col.pe2._03_,8.45
core.bgc_0.row_reg._035_,8.45
core.bgc_1.comp_col.A\[10\],8.45
core.bgc_1.comp_col.GL_index\[0\],8.45
core.bgc_1.lfsr_row._00_\[3\],8.45
core.bgc_10.comp_row._19_,8.45
core.bgc_11.comp_row.GL_index\[2\],8.45
core.bgc_12.row_reg._034_,8.45
core.bgc_13.comp_col.GL_bits\[7\],8.45
core.bgc_13.comp_col.GR_index\[3\],8.45
core.bgc_13.comp_col.pe1._01_,8.45
core.bgc_13.comp_row.GL_index\[0\],8.45
core.bgc_14.col_reg._000_\[1\],8.45
core.bgc_14.comp_row.GL_bits\[2\],8.45
core.bgc_14.comp_row.GR_bits\[1\],8.45
core.bgc_14.final_counter._07_,8.45
core.bgc_15.col_reg._040_,8.45
core.bgc_15.comp_col.pe1._00_,8.45
core.bgc_15.comp_row._19_,8.45
core.bgc_15.final_counter._00_\[1\],8.45
core.bgc_2.col_data_in\[9\],8.45
core.bgc_2.col_reg._040_,8.45
core.bgc_2.col_reg._047_,8.45
core.bgc_3.col_reg._021_,8.45
core.bgc_3.comp_row.GR_bits\[1\],8.45
core.bgc_3.lfsr_row._20_,8.45
core.bgc_3.row_reg._029_,8.45
core.bgc_4.comp_col.pe1._02_,8.45
core.bgc_4.comp_col.pe1._05_,8.45
core.bgc_4.comp_row.GL_bits\[1\],8.45
core.bgc_4.lfsr_row._11_,8.45
core.bgc_5.col_reg._036_,8.45
core.bgc_5.comp_col._15_,8.45
core.bgc_5.comp_col.pe1._02_,8.45
core.bgc_5.comp_col.pe1._03_,8.45
core.bgc_5.comp_col.pe1._10_,8.45
core.bgc_5.comp_col.pe1._11_,8.45
core.bgc_5.comp_row.A\[1\],8.45
core.bgc_5.final_counter._00_\[0\],8.45
core.bgc_5.row_reg._007_,8.45
core.bgc_5.row_reg._021_,8.45
core.bgc_5.row_reg._032_,8.45
core.bgc_6.col_reg._000_\[7\],8.45
core.bgc_6.comp_col.GL_bits\[2\],8.45
core.bgc_6.final_counter._00_\[0\],8.45
core.bgc_7.comp_col.GR_bits\[9\],8.45
core.bgc_7.comp_row.GL_bits\[8\],8.45
core.bgc_7.lfsr_col._01_,8.45
core.bgc_8.comp_col.pe2._11_,8.45
core.bgc_8.comp_row.GL_bits\[7\],8.45
core.bgc_8.comp_row.GR_bits\[9\],8.45
core.bgc_8.lfsr_row._00_\[2\],8.45
core.bgc_8.lfsr_row._24_,8.45
core.bgc_9.comp_col.GL_bits\[1\],8.45
core.res_mem_inst.slot\[10\].slot_reg._031_,8.45
core.res_mem_inst.slot\[11\].slot_reg._000_\[1\],8.45
core.res_mem_inst.slot\[11\].slot_reg._035_,8.45
core.res_mem_inst.slot\[12\].slot_reg._005_,8.45
core.res_mem_inst.slot\[13\].slot_reg._000_\[5\],8.45
core.res_mem_inst.slot\[15\].slot_reg._000_\[4\],8.45
core.res_mem_inst.slot\[15\].slot_reg._051_,8.45
core.res_mem_inst.slot\[1\].slot_reg._031_,8.45
core.res_mem_inst.slot\[2\].slot_reg._031_,8.45
core.res_mem_inst.slot\[5\].slot_reg._039_,8.45
core.res_mem_inst.slot\[6\].slot_reg._051_,8.45
core.res_mem_inst.slot\[7\].slot_reg._023_,8.45
net82,8.45
net679,8.43
spi_out2_OUT,8.41
net893,8.4
net899,8.4
net912,8.4
net935,8.4
net946,8.4
net955,8.4
net961,8.4
net1015,8.4
net1018,8.4
net1019,8.4
net1046,8.4
net1047,8.4
net1060,8.4
net1061,8.4
net1137,8.4
net1138,8.4
net1139,8.4
net1167,8.4
net1174,8.4
net1178,8.4
net1191,8.4
net1217,8.4
net1240,8.4
net1248,8.4
net1258,8.4
net1278,8.4
net1290,8.4
net1315,8.4
net1318,8.4
net1350,8.4
net1386,8.4
net1402,8.4
net1406,8.4
net1484,8.4
net1490,8.4
net1492,8.4
net1520,8.4
net1522,8.4
net92,8.4
net111,8.4
net117,8.4
net131,8.4
net132,8.4
net133,8.4
net151,8.4
net152,8.4
net180,8.4
net181,8.4
net200,8.4
net201,8.4
net209,8.4
net212,8.4
net217,8.4
net233,8.4
net235,8.4
net255,8.4
net256,8.4
net257,8.4
net284,8.4
net286,8.4
net288,8.4
net292,8.4
net302,8.4
net310,8.4
net321,8.4
net325,8.4
net340,8.4
net342,8.4
net358,8.4
net376,8.4
net393,8.4
net396,8.4
net458,8.4
net488,8.4
net506,8.4
net511,8.4
net539,8.4
net546,8.4
net548,8.4
net550,8.4
net567,8.4
net581,8.4
net586,8.4
net595,8.4
net702,8.4
net726,8.4
net734,8.4
net743,8.4
net795,8.4
net827,8.4
net834,8.4
net864,8.4
net873,8.4
net875,8.4
core.adder_tree._0115_,8.4
core.adder_tree._0174_,8.4
core.adder_tree._0230_,8.4
core.adder_tree._0252_,8.4
core.adder_tree._0329_,8.4
core.adder_tree._0400_,8.4
core.adder_tree._0442_,8.4
core.adder_tree._0494_,8.4
core.adder_tree._0557_,8.4
core.adder_tree._0594_,8.4
core.adder_tree._0595_,8.4
core.bgc_0.col_reg._038_,8.4
core.bgc_0.comp_col.A\[6\],8.4
core.bgc_0.comp_col.pe1._07_,8.4
core.bgc_0.comp_row.A\[10\],8.4
core.bgc_0.comp_row.A\[8\],8.4
core.bgc_0.comp_row.GL_bits\[7\],8.4
core.bgc_0.comp_row.pe1._01_,8.4
core.bgc_0.comp_row.pe2._01_,8.4
core.bgc_0.comp_row.pe2._11_,8.4
core.bgc_0.lfsr_col._00_\[2\],8.4
core.bgc_0.lfsr_col._00_\[3\],8.4
core.bgc_0.lfsr_row._00_\[1\],8.4
core.bgc_0.lfsr_row._14_,8.4
core.bgc_1.col_reg._007_,8.4
core.bgc_1.col_reg._040_,8.4
core.bgc_1.col_reg._048_,8.4
core.bgc_1.comp_row.GL_bits\[10\],8.4
core.bgc_1.comp_row._16_,8.4
core.bgc_1.lfsr_row._02_,8.4
core.bgc_1.row_reg._000_\[3\],8.4
core.bgc_1.row_reg._000_\[5\],8.4
core.bgc_1.row_reg._047_,8.4
core.bgc_1.row_reg._051_,8.4
core.bgc_10._02_,8.4
core.bgc_10.final_counter._28_,8.4
core.bgc_10.lfsr_row._15_,8.4
core.bgc_10.row_reg._016_,8.4
core.bgc_11.col_reg._000_\[0\],8.4
core.bgc_11.col_reg._005_,8.4
core.bgc_11.col_reg._009_,8.4
core.bgc_11.comp_col._15_,8.4
core.bgc_11.row_reg._051_,8.4
core.bgc_11.row_reg._052_,8.4
core.bgc_12.col_reg._031_,8.4
core.bgc_12.comp_col.pe1._06_,8.4
core.bgc_12.comp_row.A\[5\],8.4
core.bgc_12.lfsr_row._23_,8.4
core.bgc_12.row_reg._010_,8.4
core.bgc_12.row_reg._024_,8.4
core.bgc_12.row_reg._040_,8.4
core.bgc_12.row_reg._051_,8.4
core.bgc_13.comp_row.pe1._07_,8.4
core.bgc_13.comp_row.pe2._01_,8.4
core.bgc_13.comp_row.pe2._08_,8.4
core.bgc_13.lfsr_row._06_,8.4
core.bgc_13.row_reg._040_,8.4
core.bgc_14.comp_col.GR_index\[3\],8.4
core.bgc_14.comp_col.pe2._04_,8.4
core.bgc_14.comp_row.A\[4\],8.4
core.bgc_14.final_counter._00_\[10\],8.4
core.bgc_14.row_reg._000_\[6\],8.4
core.bgc_15.col_reg._049_,8.4
core.bgc_15.comp_col.GL_bits\[8\],8.4
core.bgc_15.comp_col.pe1._12_,8.4
core.bgc_15.comp_row.pe1._09_,8.4
core.bgc_15.comp_row.pe2._02_,8.4
core.bgc_15.final_counter._00_\[4\],8.4
core.bgc_15.lfsr_col._05_,8.4
core.bgc_15.lfsr_col._13_,8.4
core.bgc_15.row_reg._013_,8.4
core.bgc_2.col_reg._007_,8.4
core.bgc_2.col_reg._033_,8.4
core.bgc_2.comp_col.A\[7\],8.4
core.bgc_2.final_counter._00_\[1\],8.4
core.bgc_2.lfsr_row._00_\[6\],8.4
core.bgc_2.lfsr_row._19_,8.4
core.bgc_2.row_reg._000_\[1\],8.4
core.bgc_2.row_reg._006_,8.4
core.bgc_2.row_reg._015_,8.4
core.bgc_2.row_reg._044_,8.4
core.bgc_2.row_reg._051_,8.4
core.bgc_3.col_reg._000_\[11\],8.4
core.bgc_3.comp_row.A\[8\],8.4
core.bgc_3.comp_row._15_,8.4
core.bgc_3.comp_row.pe1._07_,8.4
core.bgc_3.comp_row.pe2._05_,8.4
core.bgc_3.lfsr_col._11_,8.4
core.bgc_3.row_reg._031_,8.4
core.bgc_4.col_reg._005_,8.4
core.bgc_4.comp_col.GR_bits\[2\],8.4
core.bgc_4.final_counter._00_\[1\],8.4
core.bgc_4.lfsr_row._00_\[8\],8.4
core.bgc_4.row_reg._025_,8.4
core.bgc_5.col_reg._025_,8.4
core.bgc_5.comp_col.A\[2\],8.4
core.bgc_5.lfsr_col._02_,8.4
core.bgc_5.lfsr_row._07_,8.4
core.bgc_5.lfsr_row._08_,8.4
core.bgc_5.row_reg._019_,8.4
core.bgc_6.col_reg._000_\[3\],8.4
core.bgc_6.col_reg._008_,8.4
core.bgc_6.comp_row.GR_index\[2\],8.4
core.bgc_6.final_counter._02_,8.4
core.bgc_6.lfsr_row._00_\[7\],8.4
core.bgc_6.lfsr_row._05_,8.4
core.bgc_6.row_reg._015_,8.4
core.bgc_7.col_reg._012_,8.4
core.bgc_7.col_reg._051_,8.4
core.bgc_7.comp_col.A\[11\],8.4
core.bgc_7.comp_col._11_,8.4
core.bgc_7.comp_row.A\[7\],8.4
core.bgc_7.comp_row._16_,8.4
core.bgc_7.final_counter._00_\[10\],8.4
core.bgc_7.lfsr_col._12_,8.4
core.bgc_7.lfsr_col._13_,8.4
core.bgc_7.row_reg._000_\[0\],8.4
core.bgc_8.col_data_in\[7\],8.4
core.bgc_8.col_reg._000_\[6\],8.4
core.bgc_8.comp_col._12_,8.4
core.bgc_8.lfsr_col._00_\[11\],8.4
core.bgc_8.lfsr_col._15_,8.4
core.bgc_8.row_reg._013_,8.4
core.bgc_8.row_reg._051_,8.4
core.bgc_9.col_reg._023_,8.4
core.bgc_9.comp_col.A\[11\],8.4
core.bgc_9.comp_col.pe1._01_,8.4
core.bgc_9.comp_row.GL_bits\[1\],8.4
core.bgc_9.final_counter._00_\[5\],8.4
core.bgc_9.final_counter._23_,8.4
core.bgc_9.lfsr_col._00_\[9\],8.4
core.bgc_9.lfsr_row._00_\[1\],8.4
core.bgc_9.lfsr_row._13_,8.4
core.res_mem_inst.slot\[0\].slot_reg._044_,8.4
core.res_mem_inst.slot\[10\].slot_reg._032_,8.4
core.res_mem_inst.slot\[11\].slot_reg._018_,8.4
core.res_mem_inst.slot\[11\].slot_reg._031_,8.4
core.res_mem_inst.slot\[13\].slot_reg._000_\[11\],8.4
core.res_mem_inst.slot\[13\].slot_reg._000_\[8\],8.4
core.res_mem_inst.slot\[13\].slot_reg._021_,8.4
core.res_mem_inst.slot\[13\].slot_reg._035_,8.4
core.res_mem_inst.slot\[14\].slot_reg._000_\[10\],8.4
core.res_mem_inst.slot\[2\].slot_reg._017_,8.4
core.res_mem_inst.slot\[2\].slot_reg._035_,8.4
core.res_mem_inst.slot\[2\].slot_reg._040_,8.4
core.res_mem_inst.slot\[2\].slot_reg._045_,8.4
core.res_mem_inst.slot\[3\].slot_reg._000_\[11\],8.4
core.res_mem_inst.slot\[4\].slot_reg._015_,8.4
core.res_mem_inst.slot\[5\].slot_reg._031_,8.4
core.res_mem_inst.slot\[6\].slot_reg._040_,8.4
core.res_mem_inst.slot\[7\].slot_reg._000_\[0\],8.4
core.res_mem_inst.slot\[7\].slot_reg._013_,8.4
core.res_mem_inst.slot\[9\].slot_reg._009_,8.4
core.res_mem_inst.slot\[9\].slot_reg._018_,8.4
net649,8.31
net651,8.31
net670,8.19
net659,8.155
output_valid,8.11
net687,8.11
net463,8.04
core.adder_tree._0446_,7.99
core.bgc_10.comp_col.pe2._02_,7.99
core.bgc_11.comp_row._14_,7.99
core.bgc_5.comp_row._16_,7.99
core.bgc_6.comp_row.GL_index\[1\],7.99
core.bgc_9.final_counter._19_,7.99
net1310,7.94
net1487,7.94
net220,7.94
net245,7.94
net833,7.94
core.adder_tree._0012_,7.94
core.adder_tree._0019_,7.94
core.adder_tree._0360_,7.94
core.adder_tree._0376_,7.94
core.adder_tree._0443_,7.94
core.adder_tree._0637_,7.94
core.bgc_0.comp_col.GL_bits\[1\],7.94
core.bgc_0.lfsr_col._06_,7.94
core.bgc_1.comp_row._11_,7.94
core.bgc_10.col_reg._027_,7.94
core.bgc_10.comp_col.pe2._10_,7.94
core.bgc_10.comp_col.pe2._17_,7.94
core.bgc_11.comp_col.GL_bits\[8\],7.94
core.bgc_11.comp_col.GL_bits\[9\],7.94
core.bgc_11.comp_col.pe2._17_,7.94
core.bgc_11.row_reg._038_,7.94
core.bgc_11.row_reg.mode\[0\],7.94
core.bgc_12.col_reg._033_,7.94
core.bgc_12.comp_col._13_,7.94
core.bgc_12.comp_col.pe2._10_,7.94
core.bgc_12.comp_row.GL_bits\[7\],7.94
core.bgc_12.comp_row.GR_bits\[10\],7.94
core.bgc_12.final_counter._00_\[3\],7.94
core.bgc_14.col_reg._029_,7.94
core.bgc_14.col_reg._033_,7.94
core.bgc_14.comp_col.GR_bits\[10\],7.94
core.bgc_14.comp_col.pe1._17_,7.94
core.bgc_14.comp_row.pe1._08_,7.94
core.bgc_15.col_reg._016_,7.94
core.bgc_15.col_reg._022_,7.94
core.bgc_15.comp_row._15_,7.94
core.bgc_15.final_counter._17_,7.94
core.bgc_2.comp_col.pe1._08_,7.94
core.bgc_2.comp_col.pe2._17_,7.94
core.bgc_2.lfsr_row._10_,7.94
core.bgc_2.row_reg._000_\[3\],7.94
core.bgc_2.row_reg._029_,7.94
core.bgc_3.col_reg._000_\[0\],7.94
core.bgc_3.col_reg._000_\[4\],7.94
core.bgc_3.comp_row.GR_bits\[7\],7.94
core.bgc_4.col_reg._024_,7.94
core.bgc_4.comp_col.GL_bits\[10\],7.94
core.bgc_4.comp_col.GR_bits\[9\],7.94
core.bgc_4.comp_row.GL_bits\[7\],7.94
core.bgc_5.comp_row.GR_index\[0\],7.94
core.bgc_5.comp_row.pe2._07_,7.94
core.bgc_7.col_reg._020_,7.94
core.bgc_8.lfsr_col._24_,7.94
core.bgc_9.comp_col.GL_bits\[2\],7.94
core.bgc_9.comp_row.GR_index\[2\],7.94
core.lfsr_enabler._20_,7.94
core.res_mem_inst.slot\[8\].slot_reg._021_,7.94
net902,7.89
net1007,7.89
net1082,7.89
net1100,7.89
net1165,7.89
net1184,7.89
net1209,7.89
net1226,7.89
net1277,7.89
net1369,7.89
net1384,7.89
net1405,7.89
net213,7.89
net276,7.89
net441,7.89
net509,7.89
net551,7.89
net568,7.89
core.adder_tree._0004_,7.89
core.adder_tree._0183_,7.89
core.adder_tree._0231_,7.89
core.adder_tree._0405_,7.89
core.adder_tree._0511_,7.89
core.adder_tree._0713_,7.89
core.bgc_0.comp_row.GR_index\[3\],7.89
core.bgc_0.final_counter._00_\[10\],7.89
core.bgc_1.comp_col.pe1._03_,7.89
core.bgc_1.comp_row.pe1._02_,7.89
core.bgc_1.comp_row.pe2._07_,7.89
core.bgc_1.final_counter._10_,7.89
core.bgc_1.lfsr_col._24_,7.89
core.bgc_1.row_reg._030_,7.89
core.bgc_10.lfsr_row._00_\[5\],7.89
core.bgc_10.row_reg._002_,7.89
core.bgc_11.comp_col.pe1._02_,7.89
core.bgc_11.comp_row.GR_bits\[1\],7.89
core.bgc_12.comp_col.pe1._00_,7.89
core.bgc_12.final_counter._00_\[1\],7.89
core.bgc_13.lfsr_col._20_,7.89
core.bgc_14.comp_row.GR_index\[0\],7.89
core.bgc_14.lfsr_row._00_\[3\],7.89
core.bgc_15._02_,7.89
core.bgc_2.comp_col.GL_bits\[0\],7.89
core.bgc_2.comp_col.GL_bits\[9\],7.89
core.bgc_2.row_reg._033_,7.89
core.bgc_3.col_reg._038_,7.89
core.bgc_3.comp_col.GR_bits\[10\],7.89
core.bgc_3.comp_col.x,7.89
core.bgc_3.final_counter._11_,7.89
core.bgc_3.lfsr_row._08_,7.89
core.bgc_4.comp_col.pe1._06_,7.89
core.bgc_4.final_counter._17_,7.89
core.bgc_4.lfsr_col._01_,7.89
core.bgc_5.comp_col._01_,7.89
core.bgc_5.comp_row.GR_index\[2\],7.89
core.bgc_5.comp_row.pe1._11_,7.89
core.bgc_5.comp_row.pe2._04_,7.89
core.bgc_5.lfsr_col._15_,7.89
core.bgc_5.row_reg._000_\[2\],7.89
core.bgc_6.col_reg._001_,7.89
core.bgc_6.comp_row.GL_bits\[0\],7.89
core.bgc_6.final_counter._08_,7.89
core.bgc_7.col_data_in\[4\],7.89
core.bgc_7.comp_col.GR_bits\[0\],7.89
core.bgc_7.comp_col.pe2._06_,7.89
core.bgc_7.comp_row.A\[4\],7.89
core.bgc_7.lfsr_col._03_,7.89
core.bgc_8.col_reg._000_\[11\],7.89
core.bgc_8.comp_col.GR_bits\[2\],7.89
core.bgc_8.comp_row.GR_index\[2\],7.89
core.bgc_8.final_counter._26_,7.89
core.bgc_8.lfsr_col._00_\[8\],7.89
core.bgc_8.row_reg._025_,7.89
core.bgc_9.col_data_in\[5\],7.89
core.bgc_9.comp_col._10_,7.89
core.bgc_9.comp_col.pe1._02_,7.89
core.bgc_9.comp_row.pe1._00_,7.89
core.bgc_9.lfsr_col._00_\[2\],7.89
core.res_mem_inst._002_\[2\],7.89
core.res_mem_inst._033_,7.89
core.res_mem_inst.slot\[0\].slot_reg._000_\[11\],7.89
core.res_mem_inst.slot\[0\].slot_reg._052_,7.89
core.res_mem_inst.slot\[10\].slot_reg._005_,7.89
core.res_mem_inst.slot\[10\].slot_reg._033_,7.89
core.res_mem_inst.slot\[12\].slot_reg._004_,7.89
core.res_mem_inst.slot\[12\].slot_reg._029_,7.89
core.res_mem_inst.slot\[13\].slot_reg._000_\[9\],7.89
core.res_mem_inst.slot\[13\].slot_reg._046_,7.89
core.res_mem_inst.slot\[14\].slot_reg._046_,7.89
core.res_mem_inst.slot\[15\].slot_reg._018_,7.89
core.res_mem_inst.slot\[15\].slot_reg._030_,7.89
core.res_mem_inst.slot\[5\].slot_reg._000_\[4\],7.89
core.res_mem_inst.slot\[5\].slot_reg._000_\[9\],7.89
core.res_mem_inst.slot\[5\].slot_reg._008_,7.89
core.res_mem_inst.slot\[7\].slot_reg._031_,7.89
core.res_mem_inst.slot\[8\].slot_reg._000_\[8\],7.89
core.timer_inst._08_,7.89
core.timer_inst._23_,7.89
net960,7.84
net996,7.84
net1017,7.84
net1040,7.84
net1224,7.84
net1267,7.84
net1329,7.84
net1380,7.84
net1399,7.84
net1485,7.84
net1486,7.84
net1509,7.84
net86,7.84
net99,7.84
net120,7.84
net123,7.84
net126,7.84
net166,7.84
net193,7.84
net242,7.84
net247,7.84
net311,7.84
net319,7.84
net365,7.84
net385,7.84
net410,7.84
net477,7.84
net522,7.84
net528,7.84
net531,7.84
net552,7.84
net557,7.84
net594,7.84
net693,7.84
net696,7.84
net711,7.84
net740,7.84
net785,7.84
net799,7.84
net858,7.84
net869,7.84
core.adder_tree._0032_,7.84
core.adder_tree._0047_,7.84
core.adder_tree._0255_,7.84
core.adder_tree._0269_,7.84
core.adder_tree._0317_,7.84
core.adder_tree._0352_,7.84
core.adder_tree._0385_,7.84
core.adder_tree._0615_,7.84
core.adder_tree._0639_,7.84
core.adder_tree._0680_,7.84
core.bgc_0.col_reg._013_,7.84
core.bgc_0.col_reg._015_,7.84
core.bgc_0.col_reg._026_,7.84
core.bgc_0.col_reg._046_,7.84
core.bgc_0.comp_row.GR_bits\[10\],7.84
core.bgc_0.comp_row.pe1._17_,7.84
core.bgc_0.final_counter._00_\[11\],7.84
core.bgc_0.final_counter._17_,7.84
core.bgc_0.lfsr_col._20_,7.84
core.bgc_0.lfsr_row._08_,7.84
core.bgc_0.row_reg._013_,7.84
core.bgc_1.col_reg._049_,7.84
core.bgc_1.comp_col.GR_index\[0\],7.84
core.bgc_1.comp_col._19_,7.84
core.bgc_1.comp_row.pe2._02_,7.84
core.bgc_1.lfsr_col._12_,7.84
core.bgc_1.lfsr_col._20_,7.84
core.bgc_10.col_reg._000_\[9\],7.84
core.bgc_10.col_reg._022_,7.84
core.bgc_10.col_reg._037_,7.84
core.bgc_10.comp_col.A\[7\],7.84
core.bgc_10.comp_row.pe2._10_,7.84
core.bgc_10.lfsr_col._00_\[10\],7.84
core.bgc_10.row_reg._000_\[9\],7.84
core.bgc_10.row_reg._019_,7.84
core.bgc_11.comp_col.A\[7\],7.84
core.bgc_11.comp_col._17_,7.84
core.bgc_11.comp_col.pe1._11_,7.84
core.bgc_11.comp_row.GL_bits\[0\],7.84
core.bgc_11.comp_row.GL_bits\[9\],7.84
core.bgc_11.comp_row.pe2._01_,7.84
core.bgc_11.final_counter._10_,7.84
core.bgc_11.final_counter._13_,7.84
core.bgc_11.lfsr_col._00_\[4\],7.84
core.bgc_11.lfsr_col._14_,7.84
core.bgc_11.lfsr_row._21_,7.84
core.bgc_11.row_reg._035_,7.84
core.bgc_12.col_reg._019_,7.84
core.bgc_12.col_reg._029_,7.84
core.bgc_12.comp_col.GL_bits\[10\],7.84
core.bgc_12.comp_row.GL_bits\[1\],7.84
core.bgc_12.final_counter._11_,7.84
core.bgc_12.lfsr_col._00_\[2\],7.84
core.bgc_13.comp_col._14_,7.84
core.bgc_13.comp_col.pe1._07_,7.84
core.bgc_13.comp_row.GR_bits\[7\],7.84
core.bgc_13.comp_row.pe1._00_,7.84
core.bgc_13.final_counter._00_\[10\],7.84
core.bgc_13.lfsr_row._23_,7.84
core.bgc_13.row_reg._015_,7.84
core.bgc_14.col_reg._046_,7.84
core.bgc_14.comp_col.A\[11\],7.84
core.bgc_14.comp_col.A\[7\],7.84
core.bgc_14.comp_row.A\[11\],7.84
core.bgc_14.comp_row.GL_bits\[8\],7.84
core.bgc_14.comp_row._00_,7.84
core.bgc_14.comp_row.pe1._01_,7.84
core.bgc_14.final_counter._00_\[11\],7.84
core.bgc_14.final_counter._00_\[7\],7.84
core.bgc_14.row_reg._048_,7.84
core.bgc_15.comp_col._00_,7.84
core.bgc_15.comp_col._01_,7.84
core.bgc_15.comp_row.A\[4\],7.84
core.bgc_15.comp_row.GL_bits\[7\],7.84
core.bgc_15.comp_row.pe1._01_,7.84
core.bgc_15.comp_row.pe2._06_,7.84
core.bgc_15.lfsr_col._01_,7.84
core.bgc_15.lfsr_col._17_,7.84
core.bgc_15.lfsr_col._19_,7.84
core.bgc_15.lfsr_row._26_,7.84
core.bgc_15.row_reg._000_\[2\],7.84
core.bgc_15.row_reg._015_,7.84
core.bgc_15.row_reg._019_,7.84
core.bgc_2.col_reg._027_,7.84
core.bgc_2.col_reg._045_,7.84
core.bgc_2.col_reg._046_,7.84
core.bgc_2.col_reg._048_,7.84
core.bgc_2.col_reg._049_,7.84
core.bgc_2.comp_col.pe2._02_,7.84
core.bgc_2.comp_row.GL_bits\[1\],7.84
core.bgc_2.lfsr_col._10_,7.84
core.bgc_2.lfsr_col._19_,7.84
core.bgc_2.lfsr_row._01_,7.84
core.bgc_2.row_reg._037_,7.84
core.bgc_2.row_reg._052_,7.84
core.bgc_2.row_reg.mode\[0\],7.84
core.bgc_3.comp_col._15_,7.84
core.bgc_3.comp_col._19_,7.84
core.bgc_3.comp_col.pe1._12_,7.84
core.bgc_3.final_counter._00_\[5\],7.84
core.bgc_3.final_counter._00_\[9\],7.84
core.bgc_3.final_counter._07_,7.84
core.bgc_3.lfsr_col._09_,7.84
core.bgc_3.lfsr_row._14_,7.84
core.bgc_3.row_reg._000_\[11\],7.84
core.bgc_3.row_reg._020_,7.84
core.bgc_4.col_reg._046_,7.84
core.bgc_4.col_reg._049_,7.84
core.bgc_4.comp_col.pe2._10_,7.84
core.bgc_4.comp_row.A\[3\],7.84
core.bgc_4.comp_row._00_,7.84
core.bgc_4.comp_row.pe1._05_,7.84
core.bgc_4.lfsr_col._00_\[8\],7.84
core.bgc_4.lfsr_col._10_,7.84
core.bgc_4.lfsr_row._18_,7.84
core.bgc_4.row_reg._047_,7.84
core.bgc_5.comp_row.A\[11\],7.84
core.bgc_5.comp_row._00_,7.84
core.bgc_5.comp_row.pe1._07_,7.84
core.bgc_5.final_counter._27_,7.84
core.bgc_5.lfsr_col._00_\[11\],7.84
core.bgc_5.lfsr_col._00_\[6\],7.84
core.bgc_5.row_reg._017_,7.84
core.bgc_5.row_reg._031_,7.84
core.bgc_6._03_,7.84
core.bgc_6.col_data_in\[10\],7.84
core.bgc_6.col_reg._028_,7.84
core.bgc_6.col_reg._045_,7.84
core.bgc_6.comp_col._00_,7.84
core.bgc_6.final_counter._05_,7.84
core.bgc_6.lfsr_col._03_,7.84
core.bgc_6.lfsr_col._15_,7.84
core.bgc_6.lfsr_row._06_,7.84
core.bgc_6.lfsr_row._10_,7.84
core.bgc_6.lfsr_row._12_,7.84
core.bgc_6.row_reg._003_,7.84
core.bgc_6.row_reg._027_,7.84
core.bgc_6.row_reg._040_,7.84
core.bgc_6.row_reg._050_,7.84
core.bgc_7.comp_col._01_,7.84
core.bgc_7.comp_col._16_,7.84
core.bgc_7.comp_col.pe2._03_,7.84
core.bgc_7.comp_row.A\[11\],7.84
core.bgc_7.comp_row.GL_bits\[10\],7.84
core.bgc_7.lfsr_col._00_\[11\],7.84
core.bgc_7.lfsr_col._26_,7.84
core.bgc_7.lfsr_row._00_\[1\],7.84
core.bgc_7.lfsr_row._06_,7.84
core.bgc_7.lfsr_row._12_,7.84
core.bgc_7.lfsr_row._22_,7.84
core.bgc_7.row_reg._000_\[5\],7.84
core.bgc_7.row_reg._018_,7.84
core.bgc_8.col_data_in\[2\],7.84
core.bgc_8.col_reg._000_\[2\],7.84
core.bgc_8.col_reg._051_,7.84
core.bgc_8.comp_col.GR_index\[3\],7.84
core.bgc_8.comp_row.A\[6\],7.84
core.bgc_8.comp_row.GL_bits\[10\],7.84
core.bgc_8.comp_row.pe1._06_,7.84
core.bgc_8.lfsr_col._00_\[7\],7.84
core.bgc_8.lfsr_col._14_,7.84
core.bgc_8.lfsr_col._16_,7.84
core.bgc_8.lfsr_row._08_,7.84
core.bgc_8.row_reg._037_,7.84
core.bgc_9.col_reg._037_,7.84
core.bgc_9.comp_col.A\[6\],7.84
core.bgc_9.comp_col.pe1._07_,7.84
core.bgc_9.comp_col.pe1._08_,7.84
core.bgc_9.comp_row._00_,7.84
core.bgc_9.comp_row.pe2._00_,7.84
core.bgc_9.final_counter._00_\[8\],7.84
core.bgc_9.lfsr_col._24_,7.84
core.bgc_9.lfsr_row._00_\[0\],7.84
core.bgc_9.lfsr_row._00_\[6\],7.84
core.bgc_9.lfsr_row._08_,7.84
core.bgc_9.lfsr_row._15_,7.84
core.bgc_9.row_reg._001_,7.84
core.bgc_9.row_reg._012_,7.84
core.lfsr_enabler._09_,7.84
core.res_mem_inst.slot\[0\].slot_reg._014_,7.84
core.res_mem_inst.slot\[0\].slot_reg._019_,7.84
core.res_mem_inst.slot\[0\].slot_reg._038_,7.84
core.res_mem_inst.slot\[10\].slot_reg._010_,7.84
core.res_mem_inst.slot\[10\].slot_reg._017_,7.84
core.res_mem_inst.slot\[10\].slot_reg._023_,7.84
core.res_mem_inst.slot\[10\].slot_reg._024_,7.84
core.res_mem_inst.slot\[12\].slot_reg._013_,7.84
core.res_mem_inst.slot\[13\].slot_reg._000_\[10\],7.84
core.res_mem_inst.slot\[13\].slot_reg._008_,7.84
core.res_mem_inst.slot\[15\].slot_reg._000_\[0\],7.84
core.res_mem_inst.slot\[15\].slot_reg._031_,7.84
core.res_mem_inst.slot\[1\].slot_reg._025_,7.84
core.res_mem_inst.slot\[1\].slot_reg._052_,7.84
core.res_mem_inst.slot\[2\].slot_reg._000_\[10\],7.84
core.res_mem_inst.slot\[2\].slot_reg._006_,7.84
core.res_mem_inst.slot\[2\].slot_reg._044_,7.84
core.res_mem_inst.slot\[3\].slot_reg._003_,7.84
core.res_mem_inst.slot\[3\].slot_reg._023_,7.84
core.res_mem_inst.slot\[3\].slot_reg._026_,7.84
core.res_mem_inst.slot\[4\].slot_reg._011_,7.84
core.res_mem_inst.slot\[4\].slot_reg._050_,7.84
core.res_mem_inst.slot\[5\].slot_reg._013_,7.84
core.res_mem_inst.slot\[5\].slot_reg._019_,7.84
core.res_mem_inst.slot\[5\].slot_reg._027_,7.84
core.res_mem_inst.slot\[7\].slot_reg._047_,7.84
core.res_mem_inst.slot\[7\].slot_reg._049_,7.84
core.res_mem_inst.slot\[9\].slot_reg._017_,7.84
core.res_mem_inst.slot\[9\].slot_reg._035_,7.84
core.res_mem_inst.slot\[9\].slot_reg._047_,7.84
core.timer_inst._01_\[2\],7.84
core.timer_inst._01_\[7\],7.84
net1360,7.84
net653,7.695
net640,7.675
net647,7.615
load_row_or_col,7.61
net652,7.58
core.bgc_10.comp_col.pe1._03_,7.56
net636,7.535
net676,7.515
net646,7.5
net656,7.5
core.bgc_15.comp_col.GL_bits\[7\],7.48
core.adder_tree._0504_,7.43
core.bgc_14.comp_col.GL_bits\[2\],7.43
core.bgc_14.comp_row._15_,7.43
core.bgc_15.comp_row.pe1._06_,7.43
core.bgc_5.comp_col.GR_index\[3\],7.43
core.bgc_8.comp_col.GR_bits\[9\],7.43
net890,7.38
core.adder_tree._0008_,7.38
core.adder_tree._0087_,7.38
core.adder_tree._0304_,7.38
core.adder_tree._0322_,7.38
core.adder_tree._0374_,7.38
core.adder_tree._0640_,7.38
core.adder_tree._0670_,7.38
core.bgc_0.comp_row.pe2._10_,7.38
core.bgc_0.final_counter._25_,7.38
core.bgc_1.comp_col.pe1._00_,7.38
core.bgc_1.comp_row.GR_bits\[10\],7.38
core.bgc_11.comp_col.GR_bits\[7\],7.38
core.bgc_11.comp_col.pe2._02_,7.38
core.bgc_12.comp_row._16_,7.38
core.bgc_13.comp_col.GR_index\[0\],7.38
core.bgc_13.comp_col.pe2._17_,7.38
core.bgc_13.comp_row.GR_bits\[1\],7.38
core.bgc_13.lfsr_col._08_,7.38
core.bgc_14.comp_col.GL_bits\[7\],7.38
core.bgc_14.comp_row.pe1._02_,7.38
core.bgc_14.row_reg._024_,7.38
core.bgc_15.comp_col.GR_bits\[7\],7.38
core.bgc_2.col_reg._015_,7.38
core.bgc_2.comp_row.pe1._03_,7.38
core.bgc_3.comp_col._16_,7.38
core.bgc_3.comp_row.pe1._17_,7.38
core.bgc_3.final_counter._06_,7.38
core.bgc_5.col_reg._044_,7.38
core.bgc_5.comp_col._14_,7.38
core.bgc_5.comp_row.pe1._03_,7.38
core.bgc_7.comp_col.GL_bits\[8\],7.38
core.bgc_7.comp_row.GL_index\[2\],7.38
core.bgc_9.comp_row.pe2._02_,7.38
net17,7.38
net655,7.375
net906,7.33
net957,7.33
net1032,7.33
net1115,7.33
net1367,7.33
net1393,7.33
net95,7.33
net294,7.33
net422,7.33
net569,7.33
net733,7.33
net870,7.33
core.adder_tree._0031_,7.33
core.adder_tree._0206_,7.33
core.adder_tree._0375_,7.33
core.adder_tree._0701_,7.33
core.bgc_0.col_reg._040_,7.33
core.bgc_0.comp_col.GL_index\[0\],7.33
core.bgc_0.final_counter._20_,7.33
core.bgc_0.lfsr_row._21_,7.33
core.bgc_1.comp_col.pe1._10_,7.33
core.bgc_1.lfsr_row._19_,7.33
core.bgc_1.row_reg._029_,7.33
core.bgc_10.comp_col.GR_index\[2\],7.33
core.bgc_10.lfsr_col._13_,7.33
core.bgc_11.col_reg._000_\[3\],7.33
core.bgc_11.col_reg._052_,7.33
core.bgc_12.comp_col.pe2._04_,7.33
core.bgc_13.comp_col._16_,7.33
core.bgc_13.comp_row.GR_index\[1\],7.33
core.bgc_13.lfsr_row._18_,7.33
core.bgc_14.col_data_in\[10\],7.33
core.bgc_14.col_reg._004_,7.33
core.bgc_14.comp_col._16_,7.33
core.bgc_14.comp_row.GR_bits\[0\],7.33
core.bgc_14.comp_row.pe1._10_,7.33
core.bgc_14.lfsr_row._20_,7.33
core.bgc_15.comp_row._00_,7.33
core.bgc_2.col_reg._000_\[1\],7.33
core.bgc_2.comp_row.GR_bits\[0\],7.33
core.bgc_2.comp_row.pe2._11_,7.33
core.bgc_2.lfsr_col._00_\[10\],7.33
core.bgc_3.comp_col.GR_bits\[1\],7.33
core.bgc_3.final_counter._00_\[0\],7.33
core.bgc_3.final_counter._08_,7.33
core.bgc_3.final_counter._26_,7.33
core.bgc_3.lfsr_row._00_\[9\],7.33
core.bgc_3.row_reg._003_,7.33
core.bgc_3.row_reg._007_,7.33
core.bgc_4.comp_col.A\[5\],7.33
core.bgc_4.lfsr_row._08_,7.33
core.bgc_4.lfsr_row._17_,7.33
core.bgc_5.comp_col.pe1._05_,7.33
core.bgc_5.final_counter._26_,7.33
core.bgc_6.col_reg._002_,7.33
core.bgc_6.lfsr_row._00_\[2\],7.33
core.bgc_7.col_data_in\[7\],7.33
core.bgc_7.col_reg._000_\[10\],7.33
core.bgc_7.comp_col.A\[3\],7.33
core.bgc_7.comp_row.A\[8\],7.33
core.bgc_7.final_counter._00_\[2\],7.33
core.bgc_7.lfsr_col._05_,7.33
core.bgc_8.comp_row.pe2._11_,7.33
core.bgc_9.col_reg._004_,7.33
core.bgc_9.col_reg._005_,7.33
core.bgc_9.col_reg._031_,7.33
core.bgc_9.lfsr_col._00_\[3\],7.33
core.bgc_9.lfsr_row._21_,7.33
core.bgc_9.row_reg._000_\[5\],7.33
core.res_mem_inst._000_,7.33
core.res_mem_inst._002_\[1\],7.33
core.res_mem_inst._044_,7.33
core.res_mem_inst.slot\[10\].slot_reg.mode\[0\],7.33
core.res_mem_inst.slot\[11\].slot_reg._000_\[6\],7.33
core.res_mem_inst.slot\[11\].slot_reg._000_\[7\],7.33
core.res_mem_inst.slot\[12\].slot_reg._050_,7.33
core.res_mem_inst.slot\[13\].slot_reg._000_\[6\],7.33
core.res_mem_inst.slot\[14\].slot_reg._031_,7.33
core.res_mem_inst.slot\[1\].slot_reg._046_,7.33
core.res_mem_inst.slot\[2\].slot_reg._038_,7.33
core.res_mem_inst.slot\[3\].slot_reg._030_,7.33
core.res_mem_inst.slot\[7\].slot_reg._019_,7.33
core.res_mem_inst.slot\[8\].slot_reg._000_\[6\],7.33
net638,7.295
net930,7.28
net949,7.28
net952,7.28
net964,7.28
net975,7.28
net978,7.28
net1030,7.28
net1099,7.28
net1202,7.28
net1216,7.28
net1273,7.28
net1284,7.28
net1340,7.28
net1379,7.28
net1395,7.28
net1396,7.28
net1429,7.28
net1433,7.28
net1472,7.28
net1508,7.28
net145,7.28
net179,7.28
net308,7.28
net309,7.28
net330,7.28
net447,7.28
net486,7.28
net514,7.28
net518,7.28
net519,7.28
net588,7.28
net719,7.28
net847,7.28
core.adder_tree._0065_,7.28
core.adder_tree._0075_,7.28
core.adder_tree._0133_,7.28
core.adder_tree._0175_,7.28
core.adder_tree._0187_,7.28
core.adder_tree._0191_,7.28
core.adder_tree._0214_,7.28
core.adder_tree._0235_,7.28
core.adder_tree._0239_,7.28
core.adder_tree._0257_,7.28
core.adder_tree._0258_,7.28
core.adder_tree._0260_,7.28
core.adder_tree._0300_,7.28
core.adder_tree._0313_,7.28
core.adder_tree._0410_,7.28
core.adder_tree._0423_,7.28
core.adder_tree._0459_,7.28
core.adder_tree._0490_,7.28
core.adder_tree._0493_,7.28
core.adder_tree._0524_,7.28
core.adder_tree._0547_,7.28
core.adder_tree._0571_,7.28
core.adder_tree._0572_,7.28
core.adder_tree._0626_,7.28
core.adder_tree._0703_,7.28
core.bgc_0.col_reg._000_\[7\],7.28
core.bgc_0.comp_col.GL_bits\[0\],7.28
core.bgc_0.comp_col._12_,7.28
core.bgc_0.comp_col._17_,7.28
core.bgc_0.comp_col.pe2._10_,7.28
core.bgc_0.comp_col.pe2._14_,7.28
core.bgc_0.comp_row.A\[3\],7.28
core.bgc_0.comp_row.A\[6\],7.28
core.bgc_0.lfsr_col._07_,7.28
core.bgc_0.lfsr_row._00_\[2\],7.28
core.bgc_0.lfsr_row._00_\[4\],7.28
core.bgc_0.lfsr_row._02_,7.28
core.bgc_0.row_reg._031_,7.28
core.bgc_0.row_reg._051_,7.28
core.bgc_1.col_reg._000_\[10\],7.28
core.bgc_1.col_reg._011_,7.28
core.bgc_1.col_reg._014_,7.28
core.bgc_1.comp_col.A\[0\],7.28
core.bgc_1.comp_col.pe1._01_,7.28
core.bgc_1.comp_col.x,7.28
core.bgc_1.comp_row.A\[10\],7.28
core.bgc_1.comp_row.pe2._04_,7.28
core.bgc_1.final_counter._00_\[6\],7.28
core.bgc_1.final_counter._17_,7.28
core.bgc_1.lfsr_col._13_,7.28
core.bgc_1.lfsr_col._15_,7.28
core.bgc_1.lfsr_row._00_\[6\],7.28
core.bgc_1.lfsr_row._15_,7.28
core.bgc_1.lfsr_row._17_,7.28
core.bgc_1.row_reg._005_,7.28
core.bgc_1.row_reg._017_,7.28
core.bgc_1.row_reg._018_,7.28
core.bgc_1.row_reg._019_,7.28
core.bgc_1.row_reg._022_,7.28
core.bgc_1.row_reg._026_,7.28
core.bgc_1.row_reg.mode\[0\],7.28
core.bgc_10.col_data_in\[0\],7.28
core.bgc_10.col_reg._000_\[5\],7.28
core.bgc_10.col_reg._033_,7.28
core.bgc_10.col_reg._048_,7.28
core.bgc_10.col_reg._050_,7.28
core.bgc_10.col_reg._052_,7.28
core.bgc_10.col_reg.mode\[0\],7.28
core.bgc_10.comp_col.A\[11\],7.28
core.bgc_10.comp_col.GL_index\[0\],7.28
core.bgc_10.comp_col.pe2._05_,7.28
core.bgc_10.comp_row.pe2._00_,7.28
core.bgc_10.comp_row.pe2._01_,7.28
core.bgc_10.final_counter._15_,7.28
core.bgc_10.lfsr_col._17_,7.28
core.bgc_10.lfsr_row._06_,7.28
core.bgc_10.row_reg._000_\[11\],7.28
core.bgc_10.row_reg._014_,7.28
core.bgc_10.row_reg._023_,7.28
core.bgc_10.row_reg._040_,7.28
core.bgc_10.row_reg._047_,7.28
core.bgc_10.row_reg._050_,7.28
core.bgc_11.col_reg._000_\[7\],7.28
core.bgc_11.col_reg._044_,7.28
core.bgc_11.comp_col.A\[9\],7.28
core.bgc_11.comp_col.GR_bits\[0\],7.28
core.bgc_11.comp_col.GR_index\[0\],7.28
core.bgc_11.comp_col.pe1._01_,7.28
core.bgc_11.comp_col.pe2._01_,7.28
core.bgc_11.comp_col.x,7.28
core.bgc_11.comp_row.A\[4\],7.28
core.bgc_11.comp_row.GR_bits\[10\],7.28
core.bgc_11.comp_row._01_,7.28
core.bgc_11.comp_row.pe1._08_,7.28
core.bgc_11.final_counter._00_\[10\],7.28
core.bgc_11.final_counter._02_,7.28
core.bgc_11.final_counter._23_,7.28
core.bgc_11.final_counter._27_,7.28
core.bgc_11.lfsr_col._00_\[7\],7.28
core.bgc_11.lfsr_col._26_,7.28
core.bgc_11.row_reg._000_\[0\],7.28
core.bgc_11.row_reg._019_,7.28
core.bgc_12._02_,7.28
core.bgc_12.col_data_in\[0\],7.28
core.bgc_12.col_reg._000_\[0\],7.28
core.bgc_12.col_reg._046_,7.28
core.bgc_12.comp_row.A\[2\],7.28
core.bgc_12.comp_row.GR_index\[0\],7.28
core.bgc_12.comp_row._01_,7.28
core.bgc_12.comp_row.pe2._00_,7.28
core.bgc_12.final_counter._18_,7.28
core.bgc_12.final_counter._28_,7.28
core.bgc_12.lfsr_row._00_\[1\],7.28
core.bgc_12.lfsr_row._00_\[4\],7.28
core.bgc_12.lfsr_row._06_,7.28
core.bgc_12.lfsr_row._07_,7.28
core.bgc_12.row_reg._025_,7.28
core.bgc_12.row_reg._035_,7.28
core.bgc_12.row_reg._044_,7.28
core.bgc_12.row_reg._048_,7.28
core.bgc_13.col_reg._031_,7.28
core.bgc_13.comp_col.A\[3\],7.28
core.bgc_13.comp_col._00_,7.28
core.bgc_13.final_counter._00_\[11\],7.28
core.bgc_13.final_counter._00_\[2\],7.28
core.bgc_13.final_counter._05_,7.28
core.bgc_13.lfsr_col._15_,7.28
core.bgc_13.row_reg._000_\[2\],7.28
core.bgc_13.row_reg._000_\[8\],7.28
core.bgc_13.row_reg._024_,7.28
core.bgc_13.row_reg._039_,7.28
core.bgc_13.row_reg._050_,7.28
core.bgc_14.col_reg._000_\[3\],7.28
core.bgc_14.col_reg._003_,7.28
core.bgc_14.comp_row.pe1._04_,7.28
core.bgc_14.final_counter._00_\[3\],7.28
core.bgc_14.final_counter._00_\[6\],7.28
core.bgc_14.final_counter._08_,7.28
core.bgc_14.final_counter._23_,7.28
core.bgc_14.lfsr_col._03_,7.28
core.bgc_14.lfsr_row._00_\[5\],7.28
core.bgc_14.lfsr_row._13_,7.28
core.bgc_14.row_reg._047_,7.28
core.bgc_15.col_reg._033_,7.28
core.bgc_15.comp_col.pe1._04_,7.28
core.bgc_15.comp_col.pe1._09_,7.28
core.bgc_15.comp_row.A\[0\],7.28
core.bgc_15.comp_row.GR_bits\[2\],7.28
core.bgc_15.comp_row.pe2._10_,7.28
core.bgc_15.final_counter._00_\[5\],7.28
core.bgc_15.final_counter._11_,7.28
core.bgc_15.final_counter._24_,7.28
core.bgc_15.lfsr_row._00_\[6\],7.28
core.bgc_15.row_reg._000_\[11\],7.28
core.bgc_15.row_reg._000_\[1\],7.28
core.bgc_15.row_reg._045_,7.28
core.bgc_2.col_reg._000_\[9\],7.28
core.bgc_2.col_reg._030_,7.28
core.bgc_2.comp_col.A\[5\],7.28
core.bgc_2.comp_col.GL_bits\[7\],7.28
core.bgc_2.comp_col.GL_index\[2\],7.28
core.bgc_2.comp_row.A\[5\],7.28
core.bgc_2.comp_row.pe1._07_,7.28
core.bgc_2.final_counter._18_,7.28
core.bgc_2.lfsr_row._00_\[0\],7.28
core.bgc_2.row_reg._049_,7.28
core.bgc_3.col_reg._045_,7.28
core.bgc_3.comp_col.pe2._06_,7.28
core.bgc_3.comp_col.pe2._17_,7.28
core.bgc_3.comp_row.A\[0\],7.28
core.bgc_3.comp_row.A\[6\],7.28
core.bgc_3.comp_row.A\[7\],7.28
core.bgc_3.final_counter._05_,7.28
core.bgc_3.final_counter._27_,7.28
core.bgc_3.lfsr_row._00_\[7\],7.28
core.bgc_3.lfsr_row._03_,7.28
core.bgc_3.row_reg._049_,7.28
core.bgc_3.row_reg._052_,7.28
core.bgc_4.col_data_in\[10\],7.28
core.bgc_4.comp_col.GR_index\[1\],7.28
core.bgc_4.comp_col.pe2._01_,7.28
core.bgc_4.lfsr_col._00_\[0\],7.28
core.bgc_4.lfsr_col._00_\[1\],7.28
core.bgc_4.lfsr_row._00_\[3\],7.28
core.bgc_4.lfsr_row._05_,7.28
core.bgc_4.lfsr_row._06_,7.28
core.bgc_4.lfsr_row._24_,7.28
core.bgc_4.row_reg._045_,7.28
core.bgc_4.row_reg._048_,7.28
core.bgc_5.col_reg._045_,7.28
core.bgc_5.comp_col.pe1._08_,7.28
core.bgc_5.comp_col.pe2._01_,7.28
core.bgc_5.comp_row.GR_index\[1\],7.28
core.bgc_5.comp_row.pe2._02_,7.28
core.bgc_5.comp_row.pe2._05_,7.28
core.bgc_5.row_reg._040_,7.28
core.bgc_6.col_data_in\[3\],7.28
core.bgc_6.col_reg._048_,7.28
core.bgc_6.comp_col.A\[5\],7.28
core.bgc_6.comp_col.pe1._06_,7.28
core.bgc_6.comp_row.A\[6\],7.28
core.bgc_6.comp_row.A\[7\],7.28
core.bgc_6.comp_row.GR_bits\[10\],7.28
core.bgc_6.comp_row._18_,7.28
core.bgc_6.comp_row.pe1._00_,7.28
core.bgc_6.comp_row.pe2._11_,7.28
core.bgc_6.final_counter._17_,7.28
core.bgc_6.final_counter._18_,7.28
core.bgc_6.final_counter._24_,7.28
core.bgc_6.lfsr_col._24_,7.28
core.bgc_6.lfsr_row._00_\[8\],7.28
core.bgc_6.row_reg._052_,7.28
core.bgc_7._02_,7.28
core.bgc_7.col_reg._046_,7.28
core.bgc_7.comp_row.GR_bits\[1\],7.28
core.bgc_7.comp_row.pe1._07_,7.28
core.bgc_7.final_counter._00_\[11\],7.28
core.bgc_7.lfsr_col._00_\[8\],7.28
core.bgc_7.row_reg._047_,7.28
core.bgc_8.col_reg._015_,7.28
core.bgc_8.comp_col._09_,7.28
core.bgc_8.comp_row.A\[4\],7.28
core.bgc_8.comp_row._17_,7.28
core.bgc_8.final_counter._00_\[5\],7.28
core.bgc_8.final_counter._20_,7.28
core.bgc_8.lfsr_col._12_,7.28
core.bgc_8.row_reg._050_,7.28
core.bgc_9.col_reg._050_,7.28
core.bgc_9.comp_col.GR_bits\[2\],7.28
core.bgc_9.comp_row.A\[4\],7.28
core.bgc_9.comp_row.GL_bits\[0\],7.28
core.bgc_9.final_counter._00_\[3\],7.28
core.bgc_9.final_counter._13_,7.28
core.bgc_9.lfsr_col._04_,7.28
core.bgc_9.lfsr_col._08_,7.28
core.bgc_9.lfsr_row._10_,7.28
core.bgc_9.row_reg._052_,7.28
core.res_mem_inst.slot\[0\].slot_reg._000_\[9\],7.28
core.res_mem_inst.slot\[0\].slot_reg._015_,7.28
core.res_mem_inst.slot\[0\].slot_reg._030_,7.28
core.res_mem_inst.slot\[10\].slot_reg._049_,7.28
core.res_mem_inst.slot\[11\].slot_reg._004_,7.28
core.res_mem_inst.slot\[11\].slot_reg._045_,7.28
core.res_mem_inst.slot\[12\].slot_reg._000_\[10\],7.28
core.res_mem_inst.slot\[12\].slot_reg._014_,7.28
core.res_mem_inst.slot\[12\].slot_reg._023_,7.28
core.res_mem_inst.slot\[12\].slot_reg._039_,7.28
core.res_mem_inst.slot\[13\].slot_reg._019_,7.28
core.res_mem_inst.slot\[13\].slot_reg._025_,7.28
core.res_mem_inst.slot\[13\].slot_reg._045_,7.28
core.res_mem_inst.slot\[14\].slot_reg._000_\[6\],7.28
core.res_mem_inst.slot\[14\].slot_reg._021_,7.28
core.res_mem_inst.slot\[14\].slot_reg._022_,7.28
core.res_mem_inst.slot\[14\].slot_reg._049_,7.28
core.res_mem_inst.slot\[15\].slot_reg._026_,7.28
core.res_mem_inst.slot\[15\].slot_reg._048_,7.28
core.res_mem_inst.slot\[1\].slot_reg._027_,7.28
core.res_mem_inst.slot\[1\].slot_reg._045_,7.28
core.res_mem_inst.slot\[2\].slot_reg._048_,7.28
core.res_mem_inst.slot\[4\].slot_reg._000_\[5\],7.28
core.res_mem_inst.slot\[4\].slot_reg._006_,7.28
core.res_mem_inst.slot\[4\].slot_reg._019_,7.28
core.res_mem_inst.slot\[5\].slot_reg._005_,7.28
core.res_mem_inst.slot\[5\].slot_reg._044_,7.28
core.res_mem_inst.slot\[6\].slot_reg._026_,7.28
core.res_mem_inst.slot\[6\].slot_reg._032_,7.28
core.res_mem_inst.slot\[6\].slot_reg._044_,7.28
core.res_mem_inst.slot\[6\].slot_reg._048_,7.28
core.res_mem_inst.slot\[6\].slot_reg._050_,7.28
core.res_mem_inst.slot\[7\].slot_reg._012_,7.28
core.res_mem_inst.slot\[7\].slot_reg._028_,7.28
core.res_mem_inst.slot\[8\].slot_reg._000_\[2\],7.28
core.res_mem_inst.slot\[8\].slot_reg._030_,7.28
core.res_mem_inst.slot\[8\].slot_reg._034_,7.28
core.res_mem_inst.slot\[8\].slot_reg._052_,7.28
core.res_mem_inst.slot\[9\].slot_reg._000_\[5\],7.28
core.res_mem_inst.slot\[9\].slot_reg._051_,7.28
net9,7.28
net667,7.275
net654,7.26
core.res_mem_inst.slot\[4\].slot_reg._000_\[0\],7.22
net684,7.195
net637,7.18
net650,7.03
net682,7.03
core.bgc_10.comp_col._02_,7
net1321,6.87
core.bgc_0.comp_col._09_,6.87
core.bgc_15.comp_row.pe2._17_,6.87
net84,6.82
net290,6.82
net370,6.82
net405,6.82
net494,6.82
net507,6.82
net537,6.82
net538,6.82
core.bgc_0.comp_row._14_,6.82
core.bgc_0.row_reg._029_,6.82
core.bgc_1.row_reg._031_,6.82
core.bgc_10.comp_col.pe1._06_,6.82
core.bgc_10.comp_row.pe1._08_,6.82
core.bgc_11.col_reg._013_,6.82
core.bgc_11.final_counter._00_\[11\],6.82
core.bgc_12.final_counter._00_\[11\],6.82
core.bgc_13.comp_col.pe1._03_,6.82
core.bgc_13.comp_row._13_,6.82
core.bgc_13.lfsr_col._04_,6.82
core.bgc_14.comp_col.GR_bits\[7\],6.82
core.bgc_14.comp_row.GL_bits\[1\],6.82
core.bgc_14.comp_row.GL_bits\[9\],6.82
core.bgc_14.comp_row.GR_bits\[10\],6.82
core.bgc_14.comp_row.pe1._11_,6.82
core.bgc_15.row_reg._033_,6.82
core.bgc_2.comp_col.GL_index\[1\],6.82
core.bgc_2.comp_row.pe2._06_,6.82
core.bgc_3.lfsr_col._04_,6.82
core.bgc_4.final_counter._06_,6.82
core.bgc_5.comp_col._16_,6.82
core.bgc_6.col_reg._037_,6.82
core.bgc_6.comp_row.GL_index\[0\],6.82
core.bgc_6.final_counter._00_\[11\],6.82
core.bgc_6.lfsr_col._12_,6.82
core.bgc_6.lfsr_row._14_,6.82
core.bgc_7.comp_row.GR_bits\[9\],6.82
core.bgc_7.row_reg._023_,6.82
core.dec_inst._02_,6.82
core.lfsr_enabler._15_,6.82
core.res_mem_inst.slot\[10\].slot_reg._029_,6.82
core.res_mem_inst.slot\[15\].slot_reg._023_,6.82
core.res_mem_inst.slot\[15\].slot_reg._035_,6.82
core.res_mem_inst.slot\[1\].slot_reg._029_,6.82
net897,6.77
net933,6.77
net950,6.77
net1003,6.77
net1070,6.77
net1086,6.77
net1092,6.77
net1207,6.77
net1316,6.77
net1365,6.77
net1385,6.77
net1525,6.77
net90,6.77
net121,6.77
net202,6.77
net236,6.77
net243,6.77
net337,6.77
net364,6.77
net383,6.77
net398,6.77
net456,6.77
net462,6.77
net772,6.77
net806,6.77
net878,6.77
core.adder_tree._0069_,6.77
core.bgc_0.col_reg._052_,6.77
core.bgc_0.comp_col._00_,6.77
core.bgc_0.comp_row.GR_index\[2\],6.77
core.bgc_0.comp_row._17_,6.77
core.bgc_0.comp_row.pe1._04_,6.77
core.bgc_0.lfsr_col._00_\[6\],6.77
core.bgc_0.lfsr_row._01_,6.77
core.bgc_0.row_reg._000_\[11\],6.77
core.bgc_0.row_reg._024_,6.77
core.bgc_1.comp_col.pe2._00_,6.77
core.bgc_1.comp_row.GR_index\[3\],6.77
core.bgc_1.comp_row.pe2._00_,6.77
core.bgc_1.comp_row.pe2._01_,6.77
core.bgc_1.comp_row.pe2._05_,6.77
core.bgc_1.row_reg._000_\[1\],6.77
core.bgc_10.comp_row.pe1._02_,6.77
core.bgc_10.comp_row.pe1._09_,6.77
core.bgc_10.final_counter._00_\[0\],6.77
core.bgc_10.lfsr_col._22_,6.77
core.bgc_11.col_reg._048_,6.77
core.bgc_11.comp_col.A\[5\],6.77
core.bgc_11.comp_row.pe1._00_,6.77
core.bgc_11.lfsr_row._00_\[4\],6.77
core.bgc_11.lfsr_row._00_\[6\],6.77
core.bgc_11.lfsr_row._00_\[7\],6.77
core.bgc_12.col_reg._022_,6.77
core.bgc_12.col_reg._035_,6.77
core.bgc_12.comp_col.A\[8\],6.77
core.bgc_12.row_reg._038_,6.77
core.bgc_13.col_reg._000_\[4\],6.77
core.bgc_13.col_reg._037_,6.77
core.bgc_13.comp_row.A\[2\],6.77
core.bgc_13.comp_row.GR_index\[0\],6.77
core.bgc_13.comp_row.pe1._05_,6.77
core.bgc_14.col_reg._032_,6.77
core.bgc_14.lfsr_col._00_\[10\],6.77
core.bgc_14.row_reg._034_,6.77
core.bgc_15.comp_row.GL_index\[0\],6.77
core.bgc_2.col_reg._000_\[2\],6.77
core.bgc_2.comp_row._00_,6.77
core.bgc_2.final_counter._00_\[6\],6.77
core.bgc_2.final_counter._00_\[8\],6.77
core.bgc_2.lfsr_row._00_\[1\],6.77
core.bgc_3.lfsr_col._00_\[1\],6.77
core.bgc_3.lfsr_row._02_,6.77
core.bgc_3.lfsr_row._07_,6.77
core.bgc_4.comp_col.A\[2\],6.77
core.bgc_5.comp_col.pe1._00_,6.77
core.bgc_5.comp_col.pe1._01_,6.77
core.bgc_5.comp_row.A\[4\],6.77
core.bgc_5.row_reg._000_\[6\],6.77
core.bgc_6.comp_col.pe2._00_,6.77
core.bgc_6.lfsr_row._00_\[6\],6.77
core.bgc_6.lfsr_row._04_,6.77
core.bgc_6.lfsr_row._22_,6.77
core.bgc_6.lfsr_row._26_,6.77
core.bgc_7.comp_row.GL_bits\[1\],6.77
core.bgc_8.col_reg._000_\[4\],6.77
core.bgc_8.comp_col._17_,6.77
core.bgc_8.lfsr_col._20_,6.77
core.bgc_8.row_reg._036_,6.77
core.bgc_9.lfsr_row._19_,6.77
core.res_mem_inst.slot\[0\].slot_reg._021_,6.77
core.res_mem_inst.slot\[11\].slot_reg._011_,6.77
core.res_mem_inst.slot\[13\].slot_reg._014_,6.77
core.res_mem_inst.slot\[14\].slot_reg._047_,6.77
core.res_mem_inst.slot\[15\].slot_reg._004_,6.77
core.res_mem_inst.slot\[3\].slot_reg._006_,6.77
core.res_mem_inst.slot\[4\].slot_reg._000_\[9\],6.77
core.res_mem_inst.slot\[5\].slot_reg._000_\[5\],6.77
core.res_mem_inst.slot\[6\].slot_reg._004_,6.77
net895,6.72
net908,6.72
net932,6.72
net934,6.72
net937,6.72
net1013,6.72
net1022,6.72
net1044,6.72
net1048,6.72
net1072,6.72
net1093,6.72
net1119,6.72
net1140,6.72
net1142,6.72
net1164,6.72
net1161,6.72
net1179,6.72
net1180,6.72
net1200,6.72
net1229,6.72
net1243,6.72
net1251,6.72
net1271,6.72
net1275,6.72
net1293,6.72
net1317,6.72
net1323,6.72
net1324,6.72
net1332,6.72
net1362,6.72
net1425,6.72
net1470,6.72
net1473,6.72
net1478,6.72
net1489,6.72
net103,6.72
net148,6.72
net177,6.72
net183,6.72
net182,6.72
net199,6.72
net229,6.72
net237,6.72
net252,6.72
net254,6.72
net270,6.72
net296,6.72
net341,6.72
net348,6.72
net378,6.72
net392,6.72
net395,6.72
net397,6.72
net465,6.72
net503,6.72
net574,6.72
net578,6.72
net591,6.72
net598,6.72
net622,6.72
net720,6.72
net742,6.72
net745,6.72
net776,6.72
net788,6.72
net838,6.72
net843,6.72
net859,6.72
net874,6.72
core.adder_tree._0015_,6.72
core.adder_tree._0091_,6.72
core.adder_tree._0125_,6.72
core.adder_tree._0145_,6.72
core.adder_tree._0226_,6.72
core.adder_tree._0290_,6.72
core.adder_tree._0298_,6.72
core.adder_tree._0349_,6.72
core.adder_tree._0363_,6.72
core.adder_tree._0365_,6.72
core.adder_tree._0366_,6.72
core.adder_tree._0367_,6.72
core.adder_tree._0389_,6.72
core.adder_tree._0399_,6.72
core.adder_tree._0412_,6.72
core.adder_tree._0438_,6.72
core.adder_tree._0489_,6.72
core.adder_tree._0614_,6.72
core.bgc_0.col_reg._000_\[2\],6.72
core.bgc_0.col_reg._000_\[3\],6.72
core.bgc_0.col_reg._017_,6.72
core.bgc_0.col_reg._021_,6.72
core.bgc_0.col_reg._023_,6.72
core.bgc_0.col_reg._035_,6.72
core.bgc_0.comp_col.GL_bits\[10\],6.72
core.bgc_0.comp_col._19_,6.72
core.bgc_0.comp_col.pe2._06_,6.72
core.bgc_0.comp_row.GL_index\[0\],6.72
core.bgc_0.comp_row.GR_bits\[0\],6.72
core.bgc_0.final_counter._07_,6.72
core.bgc_0.lfsr_row._06_,6.72
core.bgc_0.row_reg._000_\[5\],6.72
core.bgc_0.row_reg._015_,6.72
core.bgc_0.row_reg._046_,6.72
core.bgc_1._03_,6.72
core.bgc_1.col_reg._045_,6.72
core.bgc_1.col_reg._052_,6.72
core.bgc_1.comp_col.A\[2\],6.72
core.bgc_1.comp_row.GL_index\[0\],6.72
core.bgc_1.final_counter._00_\[10\],6.72
core.bgc_1.lfsr_col._01_,6.72
core.bgc_1.lfsr_col._22_,6.72
core.bgc_1.lfsr_row._00_\[4\],6.72
core.bgc_1.lfsr_row._00_\[5\],6.72
core.bgc_1.lfsr_row._00_\[8\],6.72
core.bgc_1.row_reg._044_,6.72
core.bgc_10.col_reg._000_\[8\],6.72
core.bgc_10.col_reg._029_,6.72
core.bgc_10.comp_col.A\[5\],6.72
core.bgc_10.comp_col._16_,6.72
core.bgc_10.comp_row.pe2._04_,6.72
core.bgc_10.lfsr_col._00_\[1\],6.72
core.bgc_10.lfsr_col._00_\[2\],6.72
core.bgc_10.lfsr_row._00_\[2\],6.72
core.bgc_10.lfsr_row._12_,6.72
core.bgc_10.row_reg._000_\[3\],6.72
core.bgc_10.row_reg._012_,6.72
core.bgc_11.comp_col.A\[11\],6.72
core.bgc_11.comp_row.GR_bits\[9\],6.72
core.bgc_11.final_counter._05_,6.72
core.bgc_11.row_reg._000_\[11\],6.72
core.bgc_11.row_reg._000_\[5\],6.72
core.bgc_11.row_reg._023_,6.72
core.bgc_11.row_reg._028_,6.72
core.bgc_12.col_reg._000_\[7\],6.72
core.bgc_12.col_reg._050_,6.72
core.bgc_12.comp_row._17_,6.72
core.bgc_12.final_counter._24_,6.72
core.bgc_12.lfsr_col._00_\[9\],6.72
core.bgc_12.lfsr_col._12_,6.72
core.bgc_12.lfsr_row._00_\[10\],6.72
core.bgc_12.lfsr_row._10_,6.72
core.bgc_12.row_reg._019_,6.72
core.bgc_12.row_reg._021_,6.72
core.bgc_12.row_reg._023_,6.72
core.bgc_12.row_reg._045_,6.72
core.bgc_13.col_data_in\[9\],6.72
core.bgc_13.col_reg._021_,6.72
core.bgc_13.comp_row.GR_index\[3\],6.72
core.bgc_13.comp_row._00_,6.72
core.bgc_13.final_counter._11_,6.72
core.bgc_13.lfsr_col._00_\[11\],6.72
core.bgc_13.lfsr_col._06_,6.72
core.bgc_13.lfsr_col._24_,6.72
core.bgc_13.lfsr_row._13_,6.72
core.bgc_13.row_reg._012_,6.72
core.bgc_13.row_reg._019_,6.72
core.bgc_13.row_reg._032_,6.72
core.bgc_13.row_reg._033_,6.72
core.bgc_13.row_reg._035_,6.72
core.bgc_13.row_reg._036_,6.72
core.bgc_14.col_reg._021_,6.72
core.bgc_14.comp_col.GR_index\[1\],6.72
core.bgc_14.comp_col._14_,6.72
core.bgc_14.comp_row._17_,6.72
core.bgc_14.comp_row._19_,6.72
core.bgc_14.comp_row.pe2._17_,6.72
core.bgc_14.final_counter._24_,6.72
core.bgc_14.lfsr_col._00_\[1\],6.72
core.bgc_14.lfsr_col._14_,6.72
core.bgc_14.lfsr_col._18_,6.72
core.bgc_14.lfsr_row._09_,6.72
core.bgc_14.row_reg._000_\[4\],6.72
core.bgc_14.row_reg._015_,6.72
core.bgc_15.col_data_in\[2\],6.72
core.bgc_15.col_reg._012_,6.72
core.bgc_15.comp_col.pe1._02_,6.72
core.bgc_15.comp_col.pe2._00_,6.72
core.bgc_15.comp_col.pe2._10_,6.72
core.bgc_15.comp_row.A\[7\],6.72
core.bgc_15.comp_row.GL_bits\[0\],6.72
core.bgc_15.comp_row.GR_bits\[1\],6.72
core.bgc_15.final_counter._05_,6.72
core.bgc_15.final_counter._08_,6.72
core.bgc_15.lfsr_col._10_,6.72
core.bgc_15.lfsr_col._12_,6.72
core.bgc_15.lfsr_col._20_,6.72
core.bgc_15.lfsr_row._00_\[7\],6.72
core.bgc_15.lfsr_row._15_,6.72
core.bgc_15.row_reg._000_\[6\],6.72
core.bgc_15.row_reg._003_,6.72
core.bgc_15.row_reg._004_,6.72
core.bgc_15.row_reg._022_,6.72
core.bgc_15.row_reg._024_,6.72
core.bgc_15.row_reg._030_,6.72
core.bgc_15.row_reg._046_,6.72
core.bgc_2.comp_col.A\[10\],6.72
core.bgc_2.comp_col.A\[8\],6.72
core.bgc_2.comp_col.GL_bits\[10\],6.72
core.bgc_2.comp_col.pe2._06_,6.72
core.bgc_2.comp_row.A\[9\],6.72
core.bgc_2.comp_row._18_,6.72
core.bgc_2.comp_row.pe1._08_,6.72
core.bgc_2.comp_row.pe2._01_,6.72
core.bgc_2.lfsr_col._05_,6.72
core.bgc_2.lfsr_row._24_,6.72
core.bgc_2.row_reg._000_\[8\],6.72
core.bgc_2.row_reg._001_,6.72
core.bgc_2.row_reg._005_,6.72
core.bgc_2.row_reg._022_,6.72
core.bgc_2.row_reg._030_,6.72
core.bgc_2.row_reg._045_,6.72
core.bgc_3.col_reg._017_,6.72
core.bgc_3.col_reg._047_,6.72
core.bgc_3.comp_col.A\[3\],6.72
core.bgc_3.comp_col.GL_bits\[0\],6.72
core.bgc_3.comp_col.GL_bits\[8\],6.72
core.bgc_3.comp_col.pe1._02_,6.72
core.bgc_3.comp_col.pe2._03_,6.72
core.bgc_3.comp_row.A\[1\],6.72
core.bgc_3.comp_row.GL_bits\[8\],6.72
core.bgc_3.comp_row._19_,6.72
core.bgc_3.final_counter._25_,6.72
core.bgc_3.lfsr_col._00_\[0\],6.72
core.bgc_3.lfsr_row._00_\[11\],6.72
core.bgc_3.row_reg._019_,6.72
core.bgc_3.row_reg._026_,6.72
core.bgc_3.row_reg._027_,6.72
core.bgc_4._02_,6.72
core.bgc_4.col_reg._000_\[5\],6.72
core.bgc_4.col_reg._021_,6.72
core.bgc_4.col_reg._029_,6.72
core.bgc_4.col_reg._040_,6.72
core.bgc_4.col_reg._047_,6.72
core.bgc_4.col_reg._051_,6.72
core.bgc_4.comp_col.GR_index\[0\],6.72
core.bgc_4.comp_col.GR_index\[3\],6.72
core.bgc_4.comp_col.pe1._07_,6.72
core.bgc_4.comp_col.pe2._06_,6.72
core.bgc_4.comp_col.pe2._07_,6.72
core.bgc_4.lfsr_col._02_,6.72
core.bgc_4.lfsr_col._11_,6.72
core.bgc_4.lfsr_col._18_,6.72
core.bgc_4.lfsr_row._00_\[0\],6.72
core.bgc_4.lfsr_row._00_\[10\],6.72
core.bgc_4.lfsr_row._03_,6.72
core.bgc_4.row_reg._020_,6.72
core.bgc_4.row_reg._036_,6.72
core.bgc_4.row_reg._038_,6.72
core.bgc_5.col_reg._000_\[8\],6.72
core.bgc_5.comp_col._00_,6.72
core.bgc_5.comp_col._03_,6.72
core.bgc_5.final_counter._00_\[8\],6.72
core.bgc_5.final_counter._00_\[9\],6.72
core.bgc_5.final_counter._18_,6.72
core.bgc_5.lfsr_col._10_,6.72
core.bgc_5.lfsr_col._17_,6.72
core.bgc_5.lfsr_row._00_\[0\],6.72
core.bgc_5.lfsr_row._00_\[10\],6.72
core.bgc_5.lfsr_row._21_,6.72
core.bgc_5.row_reg._020_,6.72
core.bgc_6.col_data_in\[8\],6.72
core.bgc_6.col_reg._031_,6.72
core.bgc_6.comp_col.GR_index\[0\],6.72
core.bgc_6.comp_col.pe2._01_,6.72
core.bgc_6.final_counter._13_,6.72
core.bgc_6.lfsr_col._00_\[0\],6.72
core.bgc_6.lfsr_col._00_\[10\],6.72
core.bgc_6.lfsr_col._00_\[3\],6.72
core.bgc_6.lfsr_row._00_\[5\],6.72
core.bgc_6.lfsr_row._20_,6.72
core.bgc_6.row_reg._030_,6.72
core.bgc_7._04_,6.72
core.bgc_7.col_reg._000_\[7\],6.72
core.bgc_7.col_reg._015_,6.72
core.bgc_7.col_reg._035_,6.72
core.bgc_7.comp_col.GL_bits\[1\],6.72
core.bgc_7.comp_col.GL_bits\[2\],6.72
core.bgc_7.comp_row.pe2._05_,6.72
core.bgc_7.final_counter._00_\[1\],6.72
core.bgc_7.lfsr_row._04_,6.72
core.bgc_7.row_reg._000_\[7\],6.72
core.bgc_7.row_reg._022_,6.72
core.bgc_7.row_reg._032_,6.72
core.bgc_7.row_reg._036_,6.72
core.bgc_8.col_reg._000_\[1\],6.72
core.bgc_8.final_counter._24_,6.72
core.bgc_8.lfsr_col._00_\[1\],6.72
core.bgc_8.lfsr_col._00_\[2\],6.72
core.bgc_8.lfsr_row._00_\[5\],6.72
core.bgc_8.lfsr_row._06_,6.72
core.bgc_8.lfsr_row._10_,6.72
core.bgc_8.lfsr_row._11_,6.72
core.bgc_8.row_reg._022_,6.72
core.bgc_8.row_reg._028_,6.72
core.bgc_8.row_reg._030_,6.72
core.bgc_8.row_reg._044_,6.72
core.bgc_9.col_data_in\[2\],6.72
core.bgc_9.comp_col.A\[3\],6.72
core.bgc_9.comp_col.GR_bits\[0\],6.72
core.bgc_9.comp_col._01_,6.72
core.bgc_9.comp_col.pe1._17_,6.72
core.bgc_9.comp_col.pe2._02_,6.72
core.bgc_9.comp_row.pe2._01_,6.72
core.bgc_9.lfsr_col._11_,6.72
core.bgc_9.lfsr_col._16_,6.72
core.bgc_9.lfsr_row._00_\[4\],6.72
core.bgc_9.row_reg._007_,6.72
core.bgc_9.row_reg._025_,6.72
core.bgc_9.row_reg._032_,6.72
core.lfsr_enabler._00_,6.72
core.lfsr_enabler._19_,6.72
core.res_mem_inst.slot\[0\].slot_reg._048_,6.72
core.res_mem_inst.slot\[0\].slot_reg._051_,6.72
core.res_mem_inst.slot\[10\].slot_reg._000_\[2\],6.72
core.res_mem_inst.slot\[10\].slot_reg._000_\[9\],6.72
core.res_mem_inst.slot\[11\].slot_reg._000_\[2\],6.72
core.res_mem_inst.slot\[11\].slot_reg._000_\[5\],6.72
core.res_mem_inst.slot\[11\].slot_reg._016_,6.72
core.res_mem_inst.slot\[11\].slot_reg._037_,6.72
core.res_mem_inst.slot\[12\].slot_reg._007_,6.72
core.res_mem_inst.slot\[12\].slot_reg._024_,6.72
core.res_mem_inst.slot\[12\].slot_reg._038_,6.72
core.res_mem_inst.slot\[12\].slot_reg._040_,6.72
core.res_mem_inst.slot\[13\].slot_reg._039_,6.72
core.res_mem_inst.slot\[14\].slot_reg._027_,6.72
core.res_mem_inst.slot\[14\].slot_reg._048_,6.72
core.res_mem_inst.slot\[15\].slot_reg._024_,6.72
core.res_mem_inst.slot\[1\].slot_reg._008_,6.72
core.res_mem_inst.slot\[1\].slot_reg._036_,6.72
core.res_mem_inst.slot\[2\].slot_reg._032_,6.72
core.res_mem_inst.slot\[3\].slot_reg._000_\[0\],6.72
core.res_mem_inst.slot\[3\].slot_reg._000_\[8\],6.72
core.res_mem_inst.slot\[3\].slot_reg._024_,6.72
core.res_mem_inst.slot\[3\].slot_reg._039_,6.72
core.res_mem_inst.slot\[3\].slot_reg._047_,6.72
core.res_mem_inst.slot\[4\].slot_reg._023_,6.72
core.res_mem_inst.slot\[4\].slot_reg._025_,6.72
core.res_mem_inst.slot\[4\].slot_reg._034_,6.72
core.res_mem_inst.slot\[4\].slot_reg._036_,6.72
core.res_mem_inst.slot\[5\].slot_reg._026_,6.72
core.res_mem_inst.slot\[6\].slot_reg._000_\[5\],6.72
core.res_mem_inst.slot\[6\].slot_reg._031_,6.72
core.res_mem_inst.slot\[7\].slot_reg._036_,6.72
core.res_mem_inst.slot\[8\].slot_reg._024_,6.72
core.res_mem_inst.slot\[8\].slot_reg._035_,6.72
core.res_mem_inst.slot\[8\].slot_reg._046_,6.72
core.res_mem_inst.slot\[9\].slot_reg._015_,6.72
core.res_mem_inst.slot\[9\].slot_reg._024_,6.72
core.res_mem_inst.slot\[9\].slot_reg._036_,6.72
core.timer_inst._01_\[11\],6.72
net1353,6.72
spi_in1,6.65
core.adder_tree._0327_,6.44
core.bgc_7.final_counter._02_,6.44
core.adder_tree._0275_,6.31
core.bgc_0.comp_row.pe2._06_,6.31
core.bgc_1.comp_col.pe1._06_,6.31
core.bgc_11.row_reg._015_,6.31
core.bgc_15.comp_col.GL_bits\[10\],6.31
net115,6.26
core.adder_tree._0244_,6.26
core.adder_tree._0466_,6.26
core.bgc_1.comp_col.GR_bits\[7\],6.26
core.bgc_1.row_reg._032_,6.26
core.bgc_10.comp_col.GR_bits\[0\],6.26
core.bgc_10.row_reg._030_,6.26
core.bgc_11.comp_row.A\[9\],6.26
core.bgc_11.comp_row.pe2._00_,6.26
core.bgc_13.comp_col.A\[4\],6.26
core.bgc_14.col_reg._010_,6.26
core.bgc_14.row_reg._020_,6.26
core.bgc_15.row_reg._026_,6.26
core.bgc_2.final_counter._27_,6.26
core.bgc_3.comp_row.GR_index\[2\],6.26
core.bgc_3.final_counter._00_\[11\],6.26
core.bgc_3.row_reg._028_,6.26
core.bgc_6.col_reg._026_,6.26
core.bgc_6.comp_row.GL_bits\[1\],6.26
core.bgc_6.comp_row.pe1._03_,6.26
core.bgc_6.row_reg._028_,6.26
core.bgc_7.col_reg._022_,6.26
core.bgc_7.row_reg._013_,6.26
core.bgc_8.comp_col.pe1._11_,6.26
core.bgc_8.comp_row.pe2._09_,6.26
core.bgc_8.row_reg._024_,6.26
core.bgc_9.comp_row.pe1._02_,6.26
core.lfsr_enabler._17_,6.26
core.res_mem_inst.slot\[11\].slot_reg._051_,6.26
core.res_mem_inst.slot\[14\].slot_reg._024_,6.26
core.res_mem_inst.slot\[1\].slot_reg._028_,6.26
core.res_mem_inst.slot\[2\].slot_reg._024_,6.26
core.res_mem_inst.slot\[3\].slot_reg._000_\[6\],6.26
core.res_mem_inst.slot\[3\].slot_reg._022_,6.26
core.res_mem_inst.slot\[4\].slot_reg._014_,6.26
core.res_mem_inst.slot\[6\].slot_reg._030_,6.26
core.res_mem_inst.slot\[9\].slot_reg._031_,6.26
net970,6.21
net353,6.21
net390,6.21
net420,6.21
net699,6.21
net802,6.21
core.adder_tree._0110_,6.21
core.adder_tree._0479_,6.21
core.bgc_0.final_counter._00_\[6\],6.21
core.bgc_0.row_reg._025_,6.21
core.bgc_1.comp_col.pe2._02_,6.21
core.bgc_1.comp_row.A\[8\],6.21
core.bgc_10.col_reg._003_,6.21
core.bgc_10.comp_col._17_,6.21
core.bgc_10.comp_row.GL_bits\[1\],6.21
core.bgc_11.col_reg._000_\[2\],6.21
core.bgc_11.comp_col.pe2._07_,6.21
core.bgc_11.comp_row.GR_index\[0\],6.21
core.bgc_11.final_counter._25_,6.21
core.bgc_11.row_reg._000_\[2\],6.21
core.bgc_12._04_,6.21
core.bgc_12.col_reg._047_,6.21
core.bgc_12.col_reg._052_,6.21
core.bgc_12.comp_row.pe2._01_,6.21
core.bgc_12.row_reg._037_,6.21
core.bgc_12.row_reg._050_,6.21
core.bgc_13.col_reg._012_,6.21
core.bgc_13.comp_row.A\[10\],6.21
core.bgc_13.comp_row.pe1._01_,6.21
core.bgc_13.comp_row.pe1._17_,6.21
core.bgc_13.final_counter._00_\[0\],6.21
core.bgc_13.final_counter._08_,6.21
core.bgc_13.lfsr_row._16_,6.21
core.bgc_14.col_data_in\[8\],6.21
core.bgc_14.comp_row.GR_bits\[7\],6.21
core.bgc_14.comp_row.pe1._00_,6.21
core.bgc_14.lfsr_col._07_,6.21
core.bgc_14.row_reg._030_,6.21
core.bgc_14.row_reg._044_,6.21
core.bgc_15.col_data_in\[4\],6.21
core.bgc_15.comp_col.A\[11\],6.21
core.bgc_15.comp_col.pe1._01_,6.21
core.bgc_15.comp_row.pe1._02_,6.21
core.bgc_15.lfsr_row._00_\[4\],6.21
core.bgc_2.comp_col.pe2._10_,6.21
core.bgc_2.comp_row.pe1._17_,6.21
core.bgc_2.final_counter._00_\[0\],6.21
core.bgc_2.lfsr_col._00_\[4\],6.21
core.bgc_2.lfsr_col._24_,6.21
core.bgc_2.lfsr_row._23_,6.21
core.bgc_3.col_data_in\[9\],6.21
core.bgc_3.col_reg._032_,6.21
core.bgc_3.comp_col.GR_index\[1\],6.21
core.bgc_4.comp_row.pe1._10_,6.21
core.bgc_4.lfsr_col._04_,6.21
core.bgc_5.comp_col.GR_bits\[2\],6.21
core.bgc_5.comp_col._18_,6.21
core.bgc_5.comp_col.pe2._04_,6.21
core.bgc_5.comp_row.pe2._01_,6.21
core.bgc_5.lfsr_row._14_,6.21
core.bgc_5.row_reg._034_,6.21
core.bgc_5.row_reg._038_,6.21
core.bgc_5.row_reg._045_,6.21
core.bgc_6.col_reg._004_,6.21
core.bgc_6.comp_col.pe1._17_,6.21
core.bgc_6.final_counter._10_,6.21
core.bgc_6.lfsr_col._00_\[8\],6.21
core.bgc_6.lfsr_row._08_,6.21
core.bgc_7.comp_row.GR_index\[2\],6.21
core.bgc_7.comp_row.pe2._01_,6.21
core.bgc_7.comp_row.pe2._02_,6.21
core.bgc_7.final_counter._00_\[0\],6.21
core.bgc_7.lfsr_row._00_\[10\],6.21
core.bgc_7.lfsr_row._26_,6.21
core.bgc_7.row_reg._024_,6.21
core.bgc_8.col_reg._010_,6.21
core.bgc_8.col_reg._012_,6.21
core.bgc_9.col_reg._014_,6.21
core.bgc_9.comp_col._17_,6.21
core.bgc_9.comp_row.A\[10\],6.21
core.bgc_9.lfsr_row._06_,6.21
core.res_mem_inst._010_,6.21
core.res_mem_inst.slot\[0\].slot_reg._000_\[2\],6.21
core.res_mem_inst.slot\[10\].slot_reg._000_\[5\],6.21
core.res_mem_inst.slot\[10\].slot_reg._012_,6.21
core.res_mem_inst.slot\[10\].slot_reg._051_,6.21
core.res_mem_inst.slot\[14\].slot_reg._034_,6.21
core.res_mem_inst.slot\[15\].slot_reg._005_,6.21
core.res_mem_inst.slot\[2\].slot_reg._037_,6.21
core.res_mem_inst.slot\[3\].slot_reg._013_,6.21
core.res_mem_inst.slot\[5\].slot_reg._000_\[8\],6.21
core.res_mem_inst.slot\[7\].slot_reg._011_,6.21
core.res_mem_inst.slot\[7\].slot_reg._018_,6.21
core.res_mem_inst.slot\[7\].slot_reg._033_,6.21
core.res_mem_inst.slot\[8\].slot_reg._000_\[1\],6.21
core.res_mem_inst.slot\[9\].slot_reg._000_\[4\],6.21
core.res_mem_inst.slot\[9\].slot_reg._006_,6.21
core.res_mem_inst.slot\[9\].slot_reg._019_,6.21
net925,6.16
net941,6.16
net1035,6.16
net1045,6.16
net1124,6.16
net1136,6.16
net1198,6.16
net1274,6.16
net1282,6.16
net1338,6.16
net1391,6.16
net1418,6.16
net1421,6.16
net1438,6.16
net1439,6.16
net1442,6.16
net1464,6.16
net1467,6.16
net1521,6.16
net105,6.16
net109,6.16
net147,6.16
net161,6.16
net173,6.16
net176,6.16
net228,6.16
net248,6.16
net287,6.16
net317,6.16
net412,6.16
net415,6.16
net478,6.16
net501,6.16
net541,6.16
net554,6.16
net608,6.16
net756,6.16
net758,6.16
net764,6.16
net765,6.16
net786,6.16
net792,6.16
net828,6.16
net840,6.16
net856,6.16
net867,6.16
core.adder_tree._0041_,6.16
core.adder_tree._0066_,6.16
core.adder_tree._0114_,6.16
core.adder_tree._0130_,6.16
core.adder_tree._0186_,6.16
core.adder_tree._0302_,6.16
core.adder_tree._0331_,6.16
core.adder_tree._0428_,6.16
core.adder_tree._0563_,6.16
core.adder_tree._0598_,6.16
core.adder_tree._0662_,6.16
core.bgc_0.col_data_in\[11\],6.16
core.bgc_0.col_data_in\[6\],6.16
core.bgc_0.col_reg._010_,6.16
core.bgc_0.col_reg._039_,6.16
core.bgc_0.comp_col.A\[10\],6.16
core.bgc_0.comp_row._15_,6.16
core.bgc_0.final_counter._06_,6.16
core.bgc_0.final_counter._10_,6.16
core.bgc_0.row_reg._023_,6.16
core.bgc_1.col_reg._000_\[0\],6.16
core.bgc_1.col_reg._025_,6.16
core.bgc_1.comp_col.GR_bits\[0\],6.16
core.bgc_1.comp_row.A\[3\],6.16
core.bgc_1.final_counter._28_,6.16
core.bgc_1.lfsr_col._00_\[8\],6.16
core.bgc_1.lfsr_row._10_,6.16
core.bgc_1.row_reg._007_,6.16
core.bgc_1.row_reg._020_,6.16
core.bgc_1.row_reg._045_,6.16
core.bgc_10.comp_row.GL_bits\[10\],6.16
core.bgc_10.final_counter._08_,6.16
core.bgc_10.lfsr_col._00_\[8\],6.16
core.bgc_10.lfsr_row._19_,6.16
core.bgc_10.lfsr_row._22_,6.16
core.bgc_10.row_reg._000_\[7\],6.16
core.bgc_11.comp_col.A\[1\],6.16
core.bgc_11.comp_col.GL_bits\[0\],6.16
core.bgc_11.comp_col.pe1._14_,6.16
core.bgc_11.comp_row.GL_index\[3\],6.16
core.bgc_11.comp_row.GR_index\[1\],6.16
core.bgc_11.comp_row.pe1._01_,6.16
core.bgc_11.comp_row.pe2._02_,6.16
core.bgc_11.lfsr_col._00_\[2\],6.16
core.bgc_11.row_reg._012_,6.16
core.bgc_11.row_reg._027_,6.16
core.bgc_11.row_reg._045_,6.16
core.bgc_12.col_data_in\[2\],6.16
core.bgc_12.col_reg._051_,6.16
core.bgc_12.comp_col.x,6.16
core.bgc_12.comp_row._19_,6.16
core.bgc_12.comp_row.pe2._06_,6.16
core.bgc_12.final_counter._00_\[8\],6.16
core.bgc_12.final_counter._17_,6.16
core.bgc_13.col_reg._000_\[5\],6.16
core.bgc_13.col_reg._049_,6.16
core.bgc_13.col_reg._051_,6.16
core.bgc_13.row_reg._025_,6.16
core.bgc_13.row_reg._028_,6.16
core.bgc_14.col_reg._048_,6.16
core.bgc_14.comp_col._00_,6.16
core.bgc_14.comp_col.pe1._01_,6.16
core.bgc_14.comp_row.A\[1\],6.16
core.bgc_14.comp_row.A\[8\],6.16
core.bgc_14.comp_row.pe2._01_,6.16
core.bgc_14.final_counter._27_,6.16
core.bgc_14.lfsr_col._00_\[2\],6.16
core.bgc_14.lfsr_row._00_\[4\],6.16
core.bgc_14.lfsr_row._06_,6.16
core.bgc_14.row_reg._000_\[2\],6.16
core.bgc_15.col_reg._017_,6.16
core.bgc_15.col_reg._027_,6.16
core.bgc_15.col_reg._030_,6.16
core.bgc_15.col_reg._034_,6.16
core.bgc_15.comp_col.A\[3\],6.16
core.bgc_15.comp_col.pe2._04_,6.16
core.bgc_15.lfsr_col._00_\[9\],6.16
core.bgc_15.row_reg._010_,6.16
core.bgc_15.row_reg._025_,6.16
core.bgc_2.col_reg._003_,6.16
core.bgc_2.col_reg._036_,6.16
core.bgc_2.col_reg._037_,6.16
core.bgc_2.comp_col.GR_bits\[8\],6.16
core.bgc_2.final_counter._00_\[2\],6.16
core.bgc_2.lfsr_col._23_,6.16
core.bgc_2.lfsr_row._00_\[5\],6.16
core.bgc_2.row_reg._017_,6.16
core.bgc_3.col_reg._026_,6.16
core.bgc_3.comp_col.GL_bits\[7\],6.16
core.bgc_3.lfsr_col._00_\[11\],6.16
core.bgc_3.lfsr_col._00_\[4\],6.16
core.bgc_3.lfsr_col._20_,6.16
core.bgc_3.row_reg._000_\[5\],6.16
core.bgc_3.row_reg._032_,6.16
core.bgc_4._03_,6.16
core.bgc_4.col_reg._008_,6.16
core.bgc_4.col_reg._048_,6.16
core.bgc_4.comp_col.A\[10\],6.16
core.bgc_4.comp_row.A\[8\],6.16
core.bgc_4.comp_row.GR_bits\[10\],6.16
core.bgc_4.final_counter._00_\[2\],6.16
core.bgc_4.final_counter._26_,6.16
core.bgc_4.lfsr_row._00_\[11\],6.16
core.bgc_5.col_reg._029_,6.16
core.bgc_5.comp_col.A\[10\],6.16
core.bgc_5.comp_col.GL_bits\[10\],6.16
core.bgc_5.comp_col.pe1._14_,6.16
core.bgc_5.comp_row.GR_bits\[10\],6.16
core.bgc_5.final_counter._13_,6.16
core.bgc_5.lfsr_col._06_,6.16
core.bgc_5.lfsr_col._12_,6.16
core.bgc_5.lfsr_row._12_,6.16
core.bgc_5.row_reg._000_\[11\],6.16
core.bgc_5.row_reg._033_,6.16
core.bgc_6._02_,6.16
core.bgc_6.col_reg._019_,6.16
core.bgc_6.comp_row.GL_bits\[2\],6.16
core.bgc_6.lfsr_col._00_\[9\],6.16
core.bgc_6.lfsr_col._10_,6.16
core.bgc_6.lfsr_col._22_,6.16
core.bgc_6.row_reg._034_,6.16
core.bgc_7.col_reg._044_,6.16
core.bgc_7.comp_col.pe1._11_,6.16
core.bgc_7.comp_row.GR_index\[1\],6.16
core.bgc_8.col_reg._002_,6.16
core.bgc_8.col_reg._046_,6.16
core.bgc_8.col_reg._048_,6.16
core.bgc_8.comp_col.A\[8\],6.16
core.bgc_8.comp_col.GL_bits\[2\],6.16
core.bgc_8.comp_col.GR_index\[0\],6.16
core.bgc_8.comp_col.pe1._12_,6.16
core.bgc_8.comp_col.pe2._05_,6.16
core.bgc_8.comp_row.A\[8\],6.16
core.bgc_8.comp_row.GR_bits\[1\],6.16
core.bgc_8.comp_row.pe1._04_,6.16
core.bgc_8.final_counter._27_,6.16
core.bgc_8.lfsr_col._02_,6.16
core.bgc_8.lfsr_col._08_,6.16
core.bgc_8.lfsr_row._00_\[10\],6.16
core.bgc_8.lfsr_row._13_,6.16
core.bgc_8.row_reg._000_\[8\],6.16
core.bgc_8.row_reg._020_,6.16
core.bgc_8.row_reg._031_,6.16
core.bgc_8.row_reg._039_,6.16
core.bgc_8.row_reg._048_,6.16
core.bgc_9.col_data_in\[9\],6.16
core.bgc_9.col_reg._000_\[1\],6.16
core.bgc_9.col_reg._000_\[4\],6.16
core.bgc_9.col_reg._036_,6.16
core.bgc_9.comp_col.pe1._11_,6.16
core.bgc_9.comp_col.pe2._05_,6.16
core.bgc_9.comp_row.A\[0\],6.16
core.bgc_9.comp_row.GL_index\[1\],6.16
core.bgc_9.comp_row.pe2._06_,6.16
core.bgc_9.final_counter._02_,6.16
core.bgc_9.lfsr_col._02_,6.16
core.bgc_9.lfsr_row._05_,6.16
core.bgc_9.row_reg._000_\[11\],6.16
core.bgc_9.row_reg._026_,6.16
core.lfsr_enabler._01_\[2\],6.16
core.lfsr_enabler._10_,6.16
core.res_mem_inst.slot\[10\].slot_reg._030_,6.16
core.res_mem_inst.slot\[11\].slot_reg._000_\[10\],6.16
core.res_mem_inst.slot\[11\].slot_reg._000_\[4\],6.16
core.res_mem_inst.slot\[11\].slot_reg._032_,6.16
core.res_mem_inst.slot\[11\].slot_reg._033_,6.16
core.res_mem_inst.slot\[11\].slot_reg._034_,6.16
core.res_mem_inst.slot\[11\].slot_reg._038_,6.16
core.res_mem_inst.slot\[11\].slot_reg._052_,6.16
core.res_mem_inst.slot\[12\].slot_reg._001_,6.16
core.res_mem_inst.slot\[12\].slot_reg._002_,6.16
core.res_mem_inst.slot\[13\].slot_reg._009_,6.16
core.res_mem_inst.slot\[13\].slot_reg._024_,6.16
core.res_mem_inst.slot\[13\].slot_reg._026_,6.16
core.res_mem_inst.slot\[13\].slot_reg._031_,6.16
core.res_mem_inst.slot\[14\].slot_reg._052_,6.16
core.res_mem_inst.slot\[15\].slot_reg._000_\[1\],6.16
core.res_mem_inst.slot\[15\].slot_reg._003_,6.16
core.res_mem_inst.slot\[15\].slot_reg._036_,6.16
core.res_mem_inst.slot\[1\].slot_reg._000_\[6\],6.16
core.res_mem_inst.slot\[1\].slot_reg._001_,6.16
core.res_mem_inst.slot\[1\].slot_reg._021_,6.16
core.res_mem_inst.slot\[1\].slot_reg._022_,6.16
core.res_mem_inst.slot\[2\].slot_reg._027_,6.16
core.res_mem_inst.slot\[2\].slot_reg._047_,6.16
core.res_mem_inst.slot\[2\].slot_reg._051_,6.16
core.res_mem_inst.slot\[4\].slot_reg._000_\[8\],6.16
core.res_mem_inst.slot\[5\].slot_reg._034_,6.16
core.res_mem_inst.slot\[5\].slot_reg._035_,6.16
core.res_mem_inst.slot\[6\].slot_reg._000_\[11\],6.16
core.res_mem_inst.slot\[7\].slot_reg._020_,6.16
core.res_mem_inst.slot\[8\].slot_reg._000_\[0\],6.16
core.res_mem_inst.slot\[8\].slot_reg._003_,6.16
core.res_mem_inst.slot\[8\].slot_reg._022_,6.16
core.res_mem_inst.slot\[8\].slot_reg._023_,6.16
core.res_mem_inst.slot\[8\].slot_reg._026_,6.16
core.res_mem_inst.slot\[8\].slot_reg._036_,6.16
core.res_mem_inst.slot\[9\].slot_reg._005_,6.16
net14,6.16
net1356,5.94
core.adder_tree._0420_,5.75
core.bgc_2.comp_col.pe2._03_,5.75
net907,5.7
net1109,5.7
net1502,5.7
net282,5.7
net336,5.7
net367,5.7
net496,5.7
net725,5.7
core.adder_tree._0568_,5.7
core.bgc_0.final_counter._14_,5.7
core.bgc_1.comp_row.A\[7\],5.7
core.bgc_1.row_reg._033_,5.7
core.bgc_10.col_reg._023_,5.7
core.bgc_10.final_counter._00_\[5\],5.7
core.bgc_10.row_reg._032_,5.7
core.bgc_11.col_reg._051_,5.7
core.bgc_11.final_counter._08_,5.7
core.bgc_12.col_reg._017_,5.7
core.bgc_13.row_reg._023_,5.7
core.bgc_14.comp_col.pe1._10_,5.7
core.bgc_14.row_reg.mode\[0\],5.7
core.bgc_3.comp_col.GR_bits\[8\],5.7
core.bgc_4.comp_row.GR_bits\[1\],5.7
core.bgc_4.comp_row.pe2._10_,5.7
core.bgc_5.col_reg._052_,5.7
core.bgc_5.comp_col.GL_bits\[2\],5.7
core.bgc_5.comp_row.A\[9\],5.7
core.bgc_5.row_reg._035_,5.7
core.bgc_6.comp_row.GR_index\[0\],5.7
core.bgc_8._03_,5.7
core.bgc_8.comp_col.pe1._17_,5.7
core.bgc_8.comp_col.pe2._02_,5.7
core.bgc_9.comp_row.GR_index\[3\],5.7
core.bgc_9.comp_row._19_,5.7
core.res_mem_inst.slot\[2\].slot_reg._000_\[6\],5.7
core.res_mem_inst.slot\[7\].slot_reg._024_,5.7
net923,5.65
net965,5.65
net967,5.65
net995,5.65
net1049,5.65
net1294,5.65
net1304,5.65
net1327,5.65
net1427,5.65
net1432,5.65
net1446,5.65
net1469,5.65
net750,5.65
core.adder_tree._0612_,5.65
core.bgc_0.col_reg._000_\[8\],5.65
core.bgc_0.col_reg._044_,5.65
core.bgc_0.comp_col.pe2._00_,5.65
core.bgc_0.lfsr_col._03_,5.65
core.bgc_0.lfsr_row._17_,5.65
core.bgc_0.row_reg._000_\[10\],5.65
core.bgc_1.col_data_in\[8\],5.65
core.bgc_10.col_data_in\[1\],5.65
core.bgc_10.lfsr_col._19_,5.65
core.bgc_10.lfsr_row._14_,5.65
core.bgc_11.final_counter._00_\[7\],5.65
core.bgc_11.row_reg._036_,5.65
core.bgc_11.row_reg._050_,5.65
core.bgc_12.col_reg._045_,5.65
core.bgc_12.comp_col.pe1._08_,5.65
core.bgc_12.lfsr_row._09_,5.65
core.bgc_12.row_reg._000_\[10\],5.65
core.bgc_12.row_reg._000_\[9\],5.65
core.bgc_13.col_reg._030_,5.65
core.bgc_13.col_reg._052_,5.65
core.bgc_13.comp_col.pe2._02_,5.65
core.bgc_13.lfsr_col._05_,5.65
core.bgc_13.lfsr_row._02_,5.65
core.bgc_13.lfsr_row._05_,5.65
core.bgc_14.comp_col.pe2._00_,5.65
core.bgc_14.lfsr_col._08_,5.65
core.bgc_14.lfsr_row._01_,5.65
core.bgc_15.col_reg._009_,5.65
core.bgc_15.comp_col._17_,5.65
core.bgc_15.comp_col.pe2._05_,5.65
core.bgc_15.comp_row.A\[3\],5.65
core.bgc_15.row_reg._031_,5.65
core.bgc_2.comp_col.pe1._02_,5.65
core.bgc_2.comp_row.pe1._01_,5.65
core.bgc_2.lfsr_row._07_,5.65
core.bgc_3.col_reg._000_\[10\],5.65
core.bgc_3.comp_col.A\[4\],5.65
core.bgc_3.comp_col.GL_index\[0\],5.65
core.bgc_3.comp_col.pe2._00_,5.65
core.bgc_3.lfsr_col._15_,5.65
core.bgc_3.lfsr_row._11_,5.65
core.bgc_3.row_reg._012_,5.65
core.bgc_3.row_reg._014_,5.65
core.bgc_4.comp_col._17_,5.65
core.bgc_4.comp_row.GR_bits\[0\],5.65
core.bgc_4.comp_row.pe2._08_,5.65
core.bgc_4.lfsr_col._24_,5.65
core.bgc_4.lfsr_row._14_,5.65
core.bgc_4.row_reg._024_,5.65
core.bgc_5.col_reg._014_,5.65
core.bgc_5.row_reg._000_\[5\],5.65
core.bgc_6.col_reg._011_,5.65
core.bgc_6.comp_col.pe2._10_,5.65
core.bgc_6.row_reg._000_\[8\],5.65
core.bgc_7.col_reg._000_\[1\],5.65
core.bgc_7.row_reg._000_\[6\],5.65
core.bgc_8.col_reg._038_,5.65
core.bgc_8.comp_col.pe1._01_,5.65
core.bgc_8.lfsr_row._07_,5.65
core.bgc_8.lfsr_row._09_,5.65
core.bgc_8.row_reg._000_\[9\],5.65
core.bgc_9.comp_row._17_,5.65
core.bgc_9.row_reg._044_,5.65
core.res_mem_inst.slot\[10\].slot_reg._052_,5.65
core.res_mem_inst.slot\[11\].slot_reg._000_\[8\],5.65
core.res_mem_inst.slot\[11\].slot_reg._044_,5.65
core.res_mem_inst.slot\[13\].slot_reg._029_,5.65
core.res_mem_inst.slot\[15\].slot_reg._000_\[6\],5.65
core.res_mem_inst.slot\[1\].slot_reg._014_,5.65
core.res_mem_inst.slot\[2\].slot_reg._000_\[8\],5.65
core.res_mem_inst.slot\[3\].slot_reg._036_,5.65
core.res_mem_inst.slot\[4\].slot_reg._000_\[10\],5.65
core.res_mem_inst.slot\[7\].slot_reg._005_,5.65
core.res_mem_inst.slot\[8\].slot_reg._049_,5.65
net973,5.6
net1020,5.6
net1057,5.6
net1058,5.6
net1097,5.6
net1149,5.6
net1157,5.6
net1238,5.6
net1319,5.6
net1366,5.6
net1387,5.6
net1449,5.6
net1452,5.6
net1457,5.6
net1517,5.6
net1514,5.6
net225,5.6
net272,5.6
net289,5.6
net303,5.6
net314,5.6
net361,5.6
net436,5.6
net466,5.6
net534,5.6
net573,5.6
net628,5.6
net872,5.6
core.adder_tree._0003_,5.6
core.adder_tree._0040_,5.6
core.adder_tree._0118_,5.6
core.adder_tree._0120_,5.6
core.adder_tree._0131_,5.6
core.adder_tree._0309_,5.6
core.adder_tree._0388_,5.6
core.adder_tree._0445_,5.6
core.adder_tree._0480_,5.6
core.adder_tree._0486_,5.6
core.adder_tree._0508_,5.6
core.adder_tree._0510_,5.6
core.adder_tree._0527_,5.6
core.bgc_0._04_,5.6
core.bgc_0.col_reg._000_\[10\],5.6
core.bgc_0.col_reg._048_,5.6
core.bgc_0.col_reg._050_,5.6
core.bgc_0.final_counter._00_\[8\],5.6
core.bgc_0.lfsr_col._00_\[4\],5.6
core.bgc_0.lfsr_col._16_,5.6
core.bgc_0.lfsr_row._22_,5.6
core.bgc_0.row_reg._048_,5.6
core.bgc_1.comp_col.GR_index\[2\],5.6
core.bgc_1.comp_row.GR_bits\[8\],5.6
core.bgc_1.final_counter._08_,5.6
core.bgc_1.lfsr_col._00_\[1\],5.6
core.bgc_1.lfsr_col._00_\[6\],5.6
core.bgc_1.lfsr_col._11_,5.6
core.bgc_1.lfsr_col._21_,5.6
core.bgc_1.lfsr_row._00_\[11\],5.6
core.bgc_1.lfsr_row._21_,5.6
core.bgc_1.row_reg._000_\[0\],5.6
core.bgc_1.row_reg._000_\[6\],5.6
core.bgc_1.row_reg._000_\[9\],5.6
core.bgc_1.row_reg._028_,5.6
core.bgc_1.row_reg._034_,5.6
core.bgc_10.col_reg._000_\[11\],5.6
core.bgc_10.col_reg._011_,5.6
core.bgc_10.col_reg._014_,5.6
core.bgc_10.col_reg._044_,5.6
core.bgc_10.comp_col.A\[9\],5.6
core.bgc_10.comp_row.pe1._06_,5.6
core.bgc_10.comp_row.pe2._02_,5.6
core.bgc_10.final_counter._05_,5.6
core.bgc_10.final_counter._07_,5.6
core.bgc_10.lfsr_col._00_\[0\],5.6
core.bgc_10.lfsr_col._03_,5.6
core.bgc_10.lfsr_col._06_,5.6
core.bgc_10.lfsr_col._15_,5.6
core.bgc_10.lfsr_row._00_\[3\],5.6
core.bgc_10.lfsr_row._00_\[6\],5.6
core.bgc_10.row_reg._013_,5.6
core.bgc_10.row_reg._027_,5.6
core.bgc_10.row_reg._036_,5.6
core.bgc_10.row_reg._051_,5.6
core.bgc_11.col_data_in\[4\],5.6
core.bgc_11.col_reg._000_\[11\],5.6
core.bgc_11.col_reg._000_\[1\],5.6
core.bgc_11.col_reg._037_,5.6
core.bgc_11.col_reg._039_,5.6
core.bgc_11.comp_row.A\[5\],5.6
core.bgc_11.comp_row.GL_index\[0\],5.6
core.bgc_11.comp_row._17_,5.6
core.bgc_11.comp_row.pe2._11_,5.6
core.bgc_11.final_counter._00_\[5\],5.6
core.bgc_11.lfsr_col._24_,5.6
core.bgc_11.lfsr_row._23_,5.6
core.bgc_11.row_reg._047_,5.6
core.bgc_12.comp_col.A\[3\],5.6
core.bgc_12.comp_col.A\[5\],5.6
core.bgc_12.comp_col.GL_bits\[0\],5.6
core.bgc_12.comp_row.A\[7\],5.6
core.bgc_12.comp_row.GR_bits\[8\],5.6
core.bgc_12.comp_row.pe1._02_,5.6
core.bgc_12.final_counter._07_,5.6
core.bgc_12.row_reg._011_,5.6
core.bgc_13.col_reg._000_\[6\],5.6
core.bgc_13.col_reg._000_\[7\],5.6
core.bgc_13.comp_row.GL_bits\[10\],5.6
core.bgc_13.final_counter._23_,5.6
core.bgc_13.lfsr_col._00_\[5\],5.6
core.bgc_14.col_reg._000_\[11\],5.6
core.bgc_14.comp_col.GL_bits\[0\],5.6
core.bgc_14.comp_col._03_,5.6
core.bgc_14.comp_col.pe1._11_,5.6
core.bgc_14.comp_col.x,5.6
core.bgc_14.final_counter._10_,5.6
core.bgc_14.lfsr_col._00_\[8\],5.6
core.bgc_14.lfsr_col._20_,5.6
core.bgc_14.lfsr_row._00_\[10\],5.6
core.bgc_14.lfsr_row._08_,5.6
core.bgc_15.col_reg._000_\[2\],5.6
core.bgc_15.col_reg._002_,5.6
core.bgc_15.col_reg._031_,5.6
core.bgc_15.comp_col.pe2._02_,5.6
core.bgc_15.comp_row.A\[2\],5.6
core.bgc_15.comp_row.A\[6\],5.6
core.bgc_15.final_counter._00_\[0\],5.6
core.bgc_15.lfsr_row._06_,5.6
core.bgc_15.lfsr_row._23_,5.6
core.bgc_15.row_reg._000_\[10\],5.6
core.bgc_15.row_reg._047_,5.6
core.bgc_15.row_reg._049_,5.6
core.bgc_2.col_data_in\[2\],5.6
core.bgc_2.col_reg._004_,5.6
core.bgc_2.comp_row._01_,5.6
core.bgc_2.comp_row.pe1._02_,5.6
core.bgc_2.lfsr_col._00_\[9\],5.6
core.bgc_2.lfsr_col._20_,5.6
core.bgc_2.lfsr_row._22_,5.6
core.bgc_2.row_reg._019_,5.6
core.bgc_3.col_reg._001_,5.6
core.bgc_3.col_reg._019_,5.6
core.bgc_3.col_reg._051_,5.6
core.bgc_3.comp_col.A\[11\],5.6
core.bgc_3.comp_col.pe2._08_,5.6
core.bgc_3.row_reg._000_\[1\],5.6
core.bgc_3.row_reg._000_\[8\],5.6
core.bgc_3.row_reg._008_,5.6
core.bgc_3.row_reg._010_,5.6
core.bgc_4.col_reg._000_\[2\],5.6
core.bgc_4.comp_col.GL_bits\[1\],5.6
core.bgc_4.comp_row.pe1._01_,5.6
core.bgc_4.comp_row.pe1._02_,5.6
core.bgc_4.comp_row.pe1._17_,5.6
core.bgc_4.final_counter._00_\[8\],5.6
core.bgc_4.final_counter._13_,5.6
core.bgc_4.lfsr_col._22_,5.6
core.bgc_4.row_reg._029_,5.6
core.bgc_4.row_reg._039_,5.6
core.bgc_5._02_,5.6
core.bgc_5.comp_row.A\[3\],5.6
core.bgc_5.comp_row.A\[6\],5.6
core.bgc_5.comp_row.pe1._01_,5.6
core.bgc_5.comp_row.pe1._17_,5.6
core.bgc_5.lfsr_col._00_\[0\],5.6
core.bgc_5.lfsr_row._00_\[3\],5.6
core.bgc_5.lfsr_row._13_,5.6
core.bgc_5.row_reg._006_,5.6
core.bgc_5.row_reg._026_,5.6
core.bgc_6.col_reg._025_,5.6
core.bgc_6.col_reg._049_,5.6
core.bgc_6.col_reg._052_,5.6
core.bgc_6.lfsr_col._20_,5.6
core.bgc_6.lfsr_row._00_\[9\],5.6
core.bgc_6.lfsr_row._21_,5.6
core.bgc_6.row_reg._000_\[11\],5.6
core.bgc_6.row_reg._025_,5.6
core.bgc_6.row_reg._047_,5.6
core.bgc_6.row_reg._051_,5.6
core.bgc_7.col_reg._002_,5.6
core.bgc_7.col_reg._031_,5.6
core.bgc_7.comp_col.A\[2\],5.6
core.bgc_7.comp_col._14_,5.6
core.bgc_7.lfsr_col._10_,5.6
core.bgc_7.lfsr_col._19_,5.6
core.bgc_7.lfsr_row._08_,5.6
core.bgc_7.row_reg._000_\[11\],5.6
core.bgc_7.row_reg._003_,5.6
core.bgc_7.row_reg._019_,5.6
core.bgc_7.row_reg._028_,5.6
core.bgc_7.row_reg._050_,5.6
core.bgc_7.row_reg._052_,5.6
core.bgc_8.col_reg._000_\[7\],5.6
core.bgc_8.comp_col.GL_index\[2\],5.6
core.bgc_8.comp_row.A\[11\],5.6
core.bgc_8.comp_row.A\[5\],5.6
core.bgc_8.final_counter._13_,5.6
core.bgc_8.lfsr_col._00_\[10\],5.6
core.bgc_8.lfsr_col._00_\[6\],5.6
core.bgc_8.lfsr_col._04_,5.6
core.bgc_8.lfsr_row._04_,5.6
core.bgc_8.row_reg._004_,5.6
core.bgc_8.row_reg._045_,5.6
core.bgc_9.col_reg._000_\[6\],5.6
core.bgc_9.col_reg._044_,5.6
core.bgc_9.lfsr_col._00_\[11\],5.6
core.bgc_9.lfsr_col._00_\[7\],5.6
core.bgc_9.row_reg._000_\[4\],5.6
core.bgc_9.row_reg._020_,5.6
core.bgc_9.row_reg._037_,5.6
core.dec_inst._00_\[1\],5.6
core.lfsr_enabler._01_\[3\],5.6
core.res_mem_inst._028_,5.6
core.res_mem_inst.slot\[0\].slot_reg._000_\[7\],5.6
core.res_mem_inst.slot\[0\].slot_reg._047_,5.6
core.res_mem_inst.slot\[0\].slot_reg._049_,5.6
core.res_mem_inst.slot\[0\].slot_reg._050_,5.6
core.res_mem_inst.slot\[10\].slot_reg._000_\[0\],5.6
core.res_mem_inst.slot\[10\].slot_reg._007_,5.6
core.res_mem_inst.slot\[10\].slot_reg._009_,5.6
core.res_mem_inst.slot\[10\].slot_reg._046_,5.6
core.res_mem_inst.slot\[11\].slot_reg._017_,5.6
core.res_mem_inst.slot\[11\].slot_reg._022_,5.6
core.res_mem_inst.slot\[11\].slot_reg._050_,5.6
core.res_mem_inst.slot\[12\].slot_reg._000_\[3\],5.6
core.res_mem_inst.slot\[12\].slot_reg._026_,5.6
core.res_mem_inst.slot\[13\].slot_reg._000_\[2\],5.6
core.res_mem_inst.slot\[14\].slot_reg._045_,5.6
core.res_mem_inst.slot\[1\].slot_reg._000_\[0\],5.6
core.res_mem_inst.slot\[1\].slot_reg._000_\[8\],5.6
core.res_mem_inst.slot\[1\].slot_reg._032_,5.6
core.res_mem_inst.slot\[1\].slot_reg._040_,5.6
core.res_mem_inst.slot\[2\].slot_reg._039_,5.6
core.res_mem_inst.slot\[3\].slot_reg._029_,5.6
core.res_mem_inst.slot\[3\].slot_reg._037_,5.6
core.res_mem_inst.slot\[4\].slot_reg._004_,5.6
core.res_mem_inst.slot\[4\].slot_reg._005_,5.6
core.res_mem_inst.slot\[4\].slot_reg._052_,5.6
core.res_mem_inst.slot\[5\].slot_reg._020_,5.6
core.res_mem_inst.slot\[5\].slot_reg._022_,5.6
core.res_mem_inst.slot\[5\].slot_reg._046_,5.6
core.res_mem_inst.slot\[5\].slot_reg._052_,5.6
core.res_mem_inst.slot\[6\].slot_reg._023_,5.6
core.res_mem_inst.slot\[6\].slot_reg._039_,5.6
core.res_mem_inst.slot\[6\].slot_reg._049_,5.6
core.res_mem_inst.slot\[7\].slot_reg._009_,5.6
core.res_mem_inst.slot\[8\].slot_reg._029_,5.6
core.timer_inst._18_,5.6
core.timer_inst._24_,5.6
core.bgc_6.row_reg._000_\[6\],5.54
core.bgc_2.comp_row.GR_bits\[8\],5.24
core.bgc_2.comp_col.pe1._03_,5.19
net116,5.14
core._04_,5.14
core.adder_tree._0023_,5.14
core.adder_tree._0409_,5.14
core.bgc_0.col_reg._012_,5.14
core.bgc_0.col_reg._049_,5.14
core.bgc_1.row_reg._009_,5.14
core.bgc_10.col_reg._045_,5.14
core.bgc_10.row_reg._038_,5.14
core.bgc_11.col_reg._015_,5.14
core.bgc_12.col_reg._005_,5.14
core.bgc_12.col_reg._007_,5.14
core.bgc_12.comp_col.GL_bits\[9\],5.14
core.bgc_13.col_reg._015_,5.14
core.bgc_14.col_reg._007_,5.14
core.bgc_14.comp_col.pe2._06_,5.14
core.bgc_15.row_reg._028_,5.14
core.bgc_3.comp_col._01_,5.14
core.bgc_4.col_reg._003_,5.14
core.bgc_4.comp_col.GR_bits\[7\],5.14
core.bgc_4.row_reg._011_,5.14
core.bgc_4.row_reg._014_,5.14
core.bgc_4.row_reg._022_,5.14
core.bgc_5.col_reg._001_,5.14
core.bgc_5.col_reg._003_,5.14
core.bgc_5.comp_col.x,5.14
core.bgc_5.final_counter._11_,5.14
core.bgc_7.comp_col._18_,5.14
core.bgc_8.col_reg._045_,5.14
core.bgc_8.row_reg._009_,5.14
core.bgc_9.comp_row.A\[11\],5.14
core.res_mem_inst.slot\[0\].slot_reg._008_,5.14
core.res_mem_inst.slot\[0\].slot_reg._032_,5.14
core.res_mem_inst.slot\[10\].slot_reg._022_,5.14
core.res_mem_inst.slot\[12\].slot_reg._047_,5.14
core.res_mem_inst.slot\[14\].slot_reg._014_,5.14
core.res_mem_inst.slot\[1\].slot_reg._047_,5.14
core.res_mem_inst.slot\[2\].slot_reg._004_,5.14
core.res_mem_inst.slot\[2\].slot_reg._005_,5.14
core.res_mem_inst.slot\[3\].slot_reg._004_,5.14
core.res_mem_inst.slot\[5\].slot_reg._009_,5.14
core.res_mem_inst.slot\[5\].slot_reg._010_,5.14
core.res_mem_inst.slot\[5\].slot_reg._048_,5.14
core.res_mem_inst.slot\[6\].slot_reg._005_,5.14
core.res_mem_inst.slot\[6\].slot_reg._015_,5.14
core.res_mem_inst.slot\[8\].slot_reg._010_,5.14
core.res_mem_inst.slot\[9\].slot_reg._020_,5.14
net1357,5.14
net1214,5.09
net1222,5.09
net1404,5.09
net1417,5.09
net210,5.09
net281,5.09
net451,5.09
net460,5.09
net553,5.09
net585,5.09
net775,5.09
core.adder_tree._0009_,5.09
core.adder_tree._0143_,5.09
core.adder_tree._0632_,5.09
core.bgc_0.col_reg._034_,5.09
core.bgc_0.final_counter._15_,5.09
core.bgc_1.col_reg._050_,5.09
core.bgc_10.col_reg._015_,5.09
core.bgc_10.comp_row._00_,5.09
core.bgc_10.comp_row._17_,5.09
core.bgc_10.lfsr_col._24_,5.09
core.bgc_10.row_reg._000_\[6\],5.09
core.bgc_10.row_reg._010_,5.09
core.bgc_11.col_reg._006_,5.09
core.bgc_11.col_reg._028_,5.09
core.bgc_11.final_counter._20_,5.09
core.bgc_12.lfsr_col._11_,5.09
core.bgc_12.row_reg._028_,5.09
core.bgc_13.row_reg._031_,5.09
core.bgc_14.col_reg._000_\[4\],5.09
core.bgc_14.row_reg._000_\[8\],5.09
core.bgc_15.col_reg._006_,5.09
core.bgc_15.col_reg._035_,5.09
core.bgc_15.row_reg._038_,5.09
core.bgc_2.comp_col.A\[9\],5.09
core.bgc_2.comp_col.GR_bits\[1\],5.09
core.bgc_2.final_counter._00_\[5\],5.09
core.bgc_2.row_reg._013_,5.09
core.bgc_2.row_reg._018_,5.09
core.bgc_3.col_reg._000_\[5\],5.09
core.bgc_3.col_reg._009_,5.09
core.bgc_3.lfsr_col._13_,5.09
core.bgc_3.row_reg._025_,5.09
core.bgc_4.col_data_in\[3\],5.09
core.bgc_4.comp_col.GL_index\[0\],5.09
core.bgc_4.comp_row.A\[6\],5.09
core.bgc_4.comp_row.GL_bits\[0\],5.09
core.bgc_5.row_reg._009_,5.09
core.bgc_7.col_reg._004_,5.09
core.bgc_7.comp_col.pe2._08_,5.09
core.bgc_7.lfsr_col._00_\[3\],5.09
core.bgc_7.lfsr_row._19_,5.09
core.bgc_7.row_reg._000_\[8\],5.09
core.bgc_7.row_reg._040_,5.09
core.bgc_9.col_reg._000_\[3\],5.09
core.bgc_9.col_reg._002_,5.09
core.bgc_9.row_reg._018_,5.09
core.res_mem_inst.slot\[0\].slot_reg._028_,5.09
core.res_mem_inst.slot\[10\].slot_reg._000_\[8\],5.09
core.res_mem_inst.slot\[10\].slot_reg._011_,5.09
core.res_mem_inst.slot\[11\].slot_reg._009_,5.09
core.res_mem_inst.slot\[14\].slot_reg._011_,5.09
core.res_mem_inst.slot\[15\].slot_reg._006_,5.09
core.res_mem_inst.slot\[7\].slot_reg._003_,5.09
core.res_mem_inst.slot\[8\].slot_reg._013_,5.09
core.res_mem_inst.slot\[9\].slot_reg._030_,5.09
core.res_mem_inst.slot\[9\].slot_reg._032_,5.09
core.res_mem_inst.slot\[9\].slot_reg._038_,5.09
net1036,5.04
net1038,5.04
net1059,5.04
net1064,5.04
net1080,5.04
net1261,5.04
net1280,5.04
net1436,5.04
net1440,5.04
net1493,5.04
net1512,5.04
net219,5.04
net278,5.04
net374,5.04
net387,5.04
net417,5.04
net421,5.04
net432,5.04
net483,5.04
net498,5.04
net500,5.04
net505,5.04
net580,5.04
net619,5.04
net621,5.04
net701,5.04
net729,5.04
net763,5.04
net793,5.04
net839,5.04
core.adder_tree._0068_,5.04
core.adder_tree._0200_,5.04
core.adder_tree._0203_,5.04
core.adder_tree._0272_,5.04
core.adder_tree._0332_,5.04
core.adder_tree._0476_,5.04
core.adder_tree._0583_,5.04
core.adder_tree._0599_,5.04
core.adder_tree._0623_,5.04
core.bgc_0.col_reg._030_,5.04
core.bgc_0.comp_col.A\[2\],5.04
core.bgc_0.comp_col.A\[7\],5.04
core.bgc_0.comp_col.A\[9\],5.04
core.bgc_0.comp_col.pe1._00_,5.04
core.bgc_0.comp_col.pe2._08_,5.04
core.bgc_0.lfsr_col._11_,5.04
core.bgc_0.lfsr_row._00_\[9\],5.04
core.bgc_0.lfsr_row._15_,5.04
core.bgc_0.lfsr_row._19_,5.04
core.bgc_0.row_reg._000_\[3\],5.04
core.bgc_0.row_reg._000_\[4\],5.04
core.bgc_0.row_reg._033_,5.04
core.bgc_1.col_reg._000_\[11\],5.04
core.bgc_1.col_reg._008_,5.04
core.bgc_1.col_reg._044_,5.04
core.bgc_1.comp_row.A\[11\],5.04
core.bgc_1.comp_row.A\[2\],5.04
core.bgc_1.comp_row.A\[6\],5.04
core.bgc_1.comp_row.GL_bits\[9\],5.04
core.bgc_1.comp_row._19_,5.04
core.bgc_1.final_counter._00_\[0\],5.04
core.bgc_1.final_counter._00_\[4\],5.04
core.bgc_1.final_counter._00_\[8\],5.04
core.bgc_1.final_counter._26_,5.04
core.bgc_1.lfsr_col._00_\[2\],5.04
core.bgc_1.lfsr_col._00_\[7\],5.04
core.bgc_1.row_reg._000_\[2\],5.04
core.bgc_1.row_reg._004_,5.04
core.bgc_10.col_reg._051_,5.04
core.bgc_10.comp_row.GR_index\[2\],5.04
core.bgc_10.final_counter._26_,5.04
core.bgc_10.lfsr_row._20_,5.04
core.bgc_10.lfsr_row._24_,5.04
core.bgc_11.col_data_in\[11\],5.04
core.bgc_11.comp_col.A\[2\],5.04
core.bgc_11.comp_col.GR_index\[2\],5.04
core.bgc_11.comp_col._01_,5.04
core.bgc_11.lfsr_col._00_\[11\],5.04
core.bgc_11.lfsr_col._09_,5.04
core.bgc_11.lfsr_col._10_,5.04
core.bgc_11.lfsr_col._17_,5.04
core.bgc_11.lfsr_row._00_\[1\],5.04
core.bgc_11.lfsr_row._04_,5.04
core.bgc_11.lfsr_row._07_,5.04
core.bgc_11.lfsr_row._24_,5.04
core.bgc_11.row_reg._002_,5.04
core.bgc_11.row_reg._014_,5.04
core.bgc_11.row_reg._024_,5.04
core.bgc_11.row_reg._031_,5.04
core.bgc_12.col_reg._023_,5.04
core.bgc_12.comp_col.A\[2\],5.04
core.bgc_12.comp_col.A\[6\],5.04
core.bgc_12.final_counter._00_\[0\],5.04
core.bgc_12.final_counter._10_,5.04
core.bgc_12.final_counter._15_,5.04
core.bgc_12.lfsr_col._00_\[4\],5.04
core.bgc_12.lfsr_col._09_,5.04
core.bgc_12.lfsr_col._20_,5.04
core.bgc_12.lfsr_col._22_,5.04
core.bgc_12.lfsr_row._14_,5.04
core.bgc_12.lfsr_row._18_,5.04
core.bgc_12.lfsr_row._21_,5.04
core.bgc_13.col_reg._011_,5.04
core.bgc_13.col_reg._023_,5.04
core.bgc_13.col_reg._025_,5.04
core.bgc_13.col_reg._046_,5.04
core.bgc_13.comp_row.A\[3\],5.04
core.bgc_13.lfsr_col._00_\[8\],5.04
core.bgc_13.lfsr_row._00_\[3\],5.04
core.bgc_13.lfsr_row._08_,5.04
core.bgc_13.row_reg._022_,5.04
core.bgc_14.col_reg._037_,5.04
core.bgc_14.col_reg._052_,5.04
core.bgc_14.comp_col.pe2._17_,5.04
core.bgc_14.comp_row.A\[3\],5.04
core.bgc_14.final_counter._00_\[0\],5.04
core.bgc_14.final_counter._25_,5.04
core.bgc_14.final_counter._26_,5.04
core.bgc_14.lfsr_col._00_\[11\],5.04
core.bgc_14.lfsr_col._00_\[4\],5.04
core.bgc_14.lfsr_col._02_,5.04
core.bgc_14.lfsr_col._11_,5.04
core.bgc_14.lfsr_col._19_,5.04
core.bgc_15.col_data_in\[10\],5.04
core.bgc_15.col_data_in\[9\],5.04
core.bgc_15.col_reg._008_,5.04
core.bgc_15.comp_col.GR_bits\[1\],5.04
core.bgc_15.comp_col.GR_index\[3\],5.04
core.bgc_15.comp_col.pe1._11_,5.04
core.bgc_15.comp_row.A\[10\],5.04
core.bgc_15.comp_row.A\[11\],5.04
core.bgc_15.comp_row.A\[8\],5.04
core.bgc_15.lfsr_col._00_\[0\],5.04
core.bgc_15.lfsr_row._00_\[0\],5.04
core.bgc_15.lfsr_row._11_,5.04
core.bgc_15.lfsr_row._17_,5.04
core.bgc_15.lfsr_row._24_,5.04
core.bgc_15.row_reg._000_\[9\],5.04
core.bgc_15.row_reg._008_,5.04
core.bgc_15.row_reg._032_,5.04
core.bgc_2.col_reg._001_,5.04
core.bgc_2.col_reg._020_,5.04
core.bgc_2.col_reg.mode\[0\],5.04
core.bgc_2.comp_col.A\[2\],5.04
core.bgc_2.comp_col.GR_bits\[0\],5.04
core.bgc_2.comp_col.pe1._01_,5.04
core.bgc_2.comp_row.GR_index\[2\],5.04
core.bgc_2.final_counter._00_\[11\],5.04
core.bgc_2.lfsr_col._00_\[7\],5.04
core.bgc_2.lfsr_row._00_\[10\],5.04
core.bgc_2.lfsr_row._04_,5.04
core.bgc_2.lfsr_row._12_,5.04
core.bgc_2.lfsr_row._13_,5.04
core.bgc_2.row_reg._000_\[6\],5.04
core.bgc_2.row_reg._000_\[7\],5.04
core.bgc_2.row_reg._025_,5.04
core.bgc_3.comp_col.A\[7\],5.04
core.bgc_3.final_counter._00_\[2\],5.04
core.bgc_3.lfsr_col._00_\[8\],5.04
core.bgc_3.lfsr_col._01_,5.04
core.bgc_3.lfsr_col._02_,5.04
core.bgc_3.lfsr_col._07_,5.04
core.bgc_3.lfsr_col._23_,5.04
core.bgc_3.lfsr_row._00_\[0\],5.04
core.bgc_3.lfsr_row._00_\[1\],5.04
core.bgc_3.lfsr_row._00_\[6\],5.04
core.bgc_3.lfsr_row._22_,5.04
core.bgc_3.row_reg._000_\[0\],5.04
core.bgc_3.row_reg._011_,5.04
core.bgc_4.col_reg._020_,5.04
core.bgc_4.comp_row.GR_index\[1\],5.04
core.bgc_4.lfsr_col._00_\[10\],5.04
core.bgc_4.lfsr_col._00_\[3\],5.04
core.bgc_4.lfsr_row._00_\[1\],5.04
core.bgc_4.lfsr_row._00_\[5\],5.04
core.bgc_4.lfsr_row._01_,5.04
core.bgc_4.row_reg._000_\[11\],5.04
core.bgc_4.row_reg._006_,5.04
core.bgc_4.row_reg._008_,5.04
core.bgc_4.row_reg._018_,5.04
core.bgc_4.row_reg._031_,5.04
core.bgc_4.row_reg._049_,5.04
core.bgc_5.col_reg._000_\[0\],5.04
core.bgc_5.comp_col.A\[3\],5.04
core.bgc_5.comp_col.pe1._17_,5.04
core.bgc_5.comp_row._01_,5.04
core.bgc_5.lfsr_col._01_,5.04
core.bgc_5.lfsr_col._09_,5.04
core.bgc_5.lfsr_col._11_,5.04
core.bgc_5.lfsr_col._24_,5.04
core.bgc_5.lfsr_row._00_\[5\],5.04
core.bgc_5.lfsr_row._01_,5.04
core.bgc_5.lfsr_row._10_,5.04
core.bgc_5.lfsr_row._15_,5.04
core.bgc_5.row_reg._000_\[1\],5.04
core.bgc_5.row_reg._000_\[4\],5.04
core.bgc_5.row_reg._028_,5.04
core.bgc_6.col_data_in\[4\],5.04
core.bgc_6.col_reg._009_,5.04
core.bgc_6.comp_col.A\[9\],5.04
core.bgc_6.comp_col.GR_bits\[0\],5.04
core.bgc_6.comp_col.GR_bits\[2\],5.04
core.bgc_6.comp_row.pe1._04_,5.04
core.bgc_6.comp_row.pe2._01_,5.04
core.bgc_6.final_counter._00_\[10\],5.04
core.bgc_6.final_counter._07_,5.04
core.bgc_6.lfsr_col._13_,5.04
core.bgc_6.row_reg._008_,5.04
core.bgc_7.col_data_in\[2\],5.04
core.bgc_7.col_reg._000_\[4\],5.04
core.bgc_7.col_reg._013_,5.04
core.bgc_7.comp_col.A\[6\],5.04
core.bgc_7.comp_col.pe1._17_,5.04
core.bgc_7.comp_col.pe2._05_,5.04
core.bgc_7.comp_row.pe1._02_,5.04
core.bgc_7.final_counter._08_,5.04
core.bgc_7.final_counter._15_,5.04
core.bgc_7.final_counter._18_,5.04
core.bgc_7.lfsr_col._00_\[5\],5.04
core.bgc_7.lfsr_col._24_,5.04
core.bgc_7.lfsr_row._00_\[3\],5.04
core.bgc_7.lfsr_row._02_,5.04
core.bgc_7.lfsr_row._07_,5.04
core.bgc_7.lfsr_row._10_,5.04
core.bgc_7.row_reg._000_\[1\],5.04
core.bgc_7.row_reg._007_,5.04
core.bgc_7.row_reg._008_,5.04
core.bgc_7.row_reg._011_,5.04
core.bgc_7.row_reg._020_,5.04
core.bgc_7.row_reg._027_,5.04
core.bgc_7.row_reg._038_,5.04
core.bgc_7.row_reg._044_,5.04
core.bgc_8.col_data_in\[1\],5.04
core.bgc_8.col_data_in\[9\],5.04
core.bgc_8.comp_col.GR_bits\[7\],5.04
core.bgc_8.comp_col._19_,5.04
core.bgc_8.comp_col.pe1._07_,5.04
core.bgc_8.comp_col.pe2._00_,5.04
core.bgc_8.comp_row.GR_bits\[0\],5.04
core.bgc_8.lfsr_col._01_,5.04
core.bgc_8.lfsr_row._00_\[1\],5.04
core.bgc_8.lfsr_row._00_\[8\],5.04
core.bgc_8.lfsr_row._14_,5.04
core.bgc_8.row_reg._000_\[11\],5.04
core.bgc_8.row_reg._012_,5.04
core.bgc_8.row_reg._034_,5.04
core.bgc_9.col_data_in\[3\],5.04
core.bgc_9.col_reg._034_,5.04
core.bgc_9.col_reg._048_,5.04
core.bgc_9.comp_col.A\[2\],5.04
core.bgc_9.comp_col.A\[5\],5.04
core.bgc_9.comp_col.pe2._04_,5.04
core.bgc_9.comp_col.pe2._17_,5.04
core.bgc_9.comp_row.A\[8\],5.04
core.bgc_9.lfsr_col._00_\[5\],5.04
core.bgc_9.lfsr_col._05_,5.04
core.bgc_9.lfsr_col._17_,5.04
core.bgc_9.lfsr_row._11_,5.04
core.bgc_9.lfsr_row._17_,5.04
core.bgc_9.row_reg._010_,5.04
core.lfsr_enabler._01_\[4\],5.04
core.lfsr_enabler._23_,5.04
core.res_mem_inst.slot\[0\].slot_reg._000_\[4\],5.04
core.res_mem_inst.slot\[0\].slot_reg._007_,5.04
core.res_mem_inst.slot\[10\].slot_reg._037_,5.04
core.res_mem_inst.slot\[11\].slot_reg._002_,5.04
core.res_mem_inst.slot\[12\].slot_reg._000_\[7\],5.04
core.res_mem_inst.slot\[12\].slot_reg._017_,5.04
core.res_mem_inst.slot\[12\].slot_reg._030_,5.04
core.res_mem_inst.slot\[14\].slot_reg._000_\[7\],5.04
core.res_mem_inst.slot\[14\].slot_reg._009_,5.04
core.res_mem_inst.slot\[14\].slot_reg._032_,5.04
core.res_mem_inst.slot\[1\].slot_reg._002_,5.04
core.res_mem_inst.slot\[1\].slot_reg._009_,5.04
core.res_mem_inst.slot\[1\].slot_reg._049_,5.04
core.res_mem_inst.slot\[1\].slot_reg._051_,5.04
core.res_mem_inst.slot\[2\].slot_reg._000_\[5\],5.04
core.res_mem_inst.slot\[2\].slot_reg._012_,5.04
core.res_mem_inst.slot\[2\].slot_reg._021_,5.04
core.res_mem_inst.slot\[3\].slot_reg._000_\[10\],5.04
core.res_mem_inst.slot\[3\].slot_reg._017_,5.04
core.res_mem_inst.slot\[3\].slot_reg._020_,5.04
core.res_mem_inst.slot\[3\].slot_reg._048_,5.04
core.res_mem_inst.slot\[5\].slot_reg._000_\[1\],5.04
core.res_mem_inst.slot\[5\].slot_reg._006_,5.04
core.res_mem_inst.slot\[5\].slot_reg._007_,5.04
core.res_mem_inst.slot\[5\].slot_reg._047_,5.04
core.res_mem_inst.slot\[6\].slot_reg._013_,5.04
core.res_mem_inst.slot\[8\].slot_reg._000_\[3\],5.04
core.res_mem_inst.slot\[9\].slot_reg._000_\[1\],5.04
core.res_mem_inst.slot\[9\].slot_reg._021_,5.04
net1352,4.98
net1359,4.9
net993,4.58
net1084,4.58
net1234,4.58
net1313,4.58
net1326,4.58
net1465,4.58
net227,4.58
net339,4.58
net401,4.58
net407,4.58
net492,4.58
net602,4.58
net604,4.58
net694,4.58
net722,4.58
net739,4.58
net779,4.58
net831,4.58
core.adder_tree._0109_,4.58
core.adder_tree._0579_,4.58
core.bgc_0.col_reg._019_,4.58
core.bgc_0.col_reg._037_,4.58
core.bgc_0.comp_col._01_,4.58
core.bgc_0.comp_row.pe1._07_,4.58
core.bgc_0.row_reg._018_,4.58
core.bgc_1.comp_row._18_,4.58
core.bgc_11.col_data_in\[2\],4.58
core.bgc_11.col_reg._045_,4.58
core.bgc_12.final_counter._27_,4.58
core.bgc_13.comp_row.A\[9\],4.58
core.bgc_14.row_reg._007_,4.58
core.bgc_15.col_data_in\[8\],4.58
core.bgc_15.row_reg._050_,4.58
core.bgc_2.col_reg._035_,4.58
core.bgc_2.row_reg._028_,4.58
core.bgc_2.row_reg._046_,4.58
core.bgc_3.col_data_in\[3\],4.58
core.bgc_3.comp_row.A\[4\],4.58
core.bgc_4.col_reg._017_,4.58
core.bgc_4.final_counter._23_,4.58
core.bgc_4.row_reg._009_,4.58
core.bgc_4.row_reg._040_,4.58
core.bgc_5.col_data_in\[0\],4.58
core.bgc_5.col_data_in\[9\],4.58
core.bgc_5.col_reg._015_,4.58
core.bgc_5.col_reg._046_,4.58
core.bgc_6.col_reg._006_,4.58
core.bgc_6.col_reg._017_,4.58
core.bgc_6.col_reg._035_,4.58
core.bgc_6.lfsr_col._00_\[5\],4.58
core.bgc_6.row_reg._011_,4.58
core.bgc_7._03_,4.58
core.bgc_7.col_data_in\[10\],4.58
core.bgc_7.col_data_in\[5\],4.58
core.bgc_7.col_reg._006_,4.58
core.bgc_7.col_reg._037_,4.58
core.bgc_8.comp_row.pe1._11_,4.58
core.bgc_8.row_reg._049_,4.58
core.bgc_9.col_reg._045_,4.58
core.bgc_9.comp_row.A\[3\],4.58
core.bgc_9.row_reg._048_,4.58
core.res_mem_inst.slot\[1\].slot_reg._030_,4.58
core.res_mem_inst.slot\[2\].slot_reg._003_,4.58
core.res_mem_inst.slot\[2\].slot_reg._022_,4.58
core.res_mem_inst.slot\[3\].slot_reg._000_\[4\],4.58
core.res_mem_inst.slot\[3\].slot_reg._000_\[9\],4.58
core.res_mem_inst.slot\[4\].slot_reg._017_,4.58
core.res_mem_inst.slot\[8\].slot_reg._009_,4.58
net956,4.53
net1147,4.53
net1163,4.53
net1471,4.53
net428,4.53
net484,4.53
net771,4.53
core.adder_tree._0676_,4.53
core.bgc_0.comp_col.pe2._02_,4.53
core.bgc_0.row_reg._047_,4.53
core.bgc_1.comp_col.pe1._02_,4.53
core.bgc_1.row_reg._024_,4.53
core.bgc_1.row_reg._052_,4.53
core.bgc_10.comp_row.pe2._11_,4.53
core.bgc_10.lfsr_row._18_,4.53
core.bgc_10.row_reg._000_\[8\],4.53
core.bgc_12.col_reg._014_,4.53
core.bgc_12.final_counter._00_\[5\],4.53
core.bgc_12.row_reg._000_\[8\],4.53
core.bgc_13.comp_col.A\[2\],4.53
core.bgc_13.comp_row.pe1._04_,4.53
core.bgc_14.col_reg._006_,4.53
core.bgc_14.col_reg._014_,4.53
core.bgc_14.row_reg._000_\[9\],4.53
core.bgc_14.row_reg._049_,4.53
core.bgc_15.final_counter._26_,4.53
core.bgc_15.lfsr_row._00_\[11\],4.53
core.bgc_15.row_reg._044_,4.53
core.bgc_2.col_data_in\[5\],4.53
core.bgc_3.row_reg._015_,4.53
core.bgc_4.col_reg._039_,4.53
core.bgc_4.lfsr_col._13_,4.53
core.bgc_5.col_reg._000_\[1\],4.53
core.bgc_5.col_reg._007_,4.53
core.bgc_5.col_reg._017_,4.53
core.bgc_6.col_reg._000_\[2\],4.53
core.bgc_7.col_reg._000_\[5\],4.53
core.bgc_8.final_counter._00_\[2\],4.53
core.bgc_8.lfsr_col._11_,4.53
core.bgc_8.row_reg._011_,4.53
core.bgc_8.row_reg._019_,4.53
core.bgc_9.col_reg._052_,4.53
core.bgc_9.comp_col.pe1._04_,4.53
core.bgc_9.comp_col.pe2._07_,4.53
core.bgc_9.final_counter._07_,4.53
core.bgc_9.lfsr_col._19_,4.53
core.bgc_9.row_reg._049_,4.53
core.res_mem_inst.slot\[0\].slot_reg._000_\[0\],4.53
core.res_mem_inst.slot\[0\].slot_reg._003_,4.53
core.res_mem_inst.slot\[0\].slot_reg._013_,4.53
core.res_mem_inst.slot\[0\].slot_reg._034_,4.53
core.res_mem_inst.slot\[14\].slot_reg._000_\[8\],4.53
core.res_mem_inst.slot\[15\].slot_reg._000_\[7\],4.53
core.res_mem_inst.slot\[15\].slot_reg._032_,4.53
core.res_mem_inst.slot\[1\].slot_reg._026_,4.53
core.res_mem_inst.slot\[2\].slot_reg._000_\[9\],4.53
core.res_mem_inst.slot\[2\].slot_reg._050_,4.53
core.res_mem_inst.slot\[3\].slot_reg._000_\[2\],4.53
core.res_mem_inst.slot\[5\].slot_reg._000_\[2\],4.53
core.res_mem_inst.slot\[5\].slot_reg._000_\[3\],4.53
core.res_mem_inst.slot\[7\].slot_reg._000_\[2\],4.53
core.res_mem_inst.slot\[7\].slot_reg._050_,4.53
core.res_mem_inst.slot\[8\].slot_reg._044_,4.53
core.res_mem_inst.slot\[9\].slot_reg._002_,4.53
core.res_mem_inst.slot\[9\].slot_reg._050_,4.53
net880,4.48
net885,4.48
net918,4.48
net924,4.48
net947,4.48
net979,4.48
net984,4.48
net987,4.48
net997,4.48
net1027,4.48
net1091,4.48
net1098,4.48
net1110,4.48
net1133,4.48
net1148,4.48
net1186,4.48
net1230,4.48
net1249,4.48
net1250,4.48
net1268,4.48
net1270,4.48
net1383,4.48
net1437,4.48
net1450,4.48
net1451,4.48
net1458,4.48
net1483,4.48
net1516,4.48
net1527,4.48
net87,4.48
net124,4.48
net146,4.48
net153,4.48
net155,4.48
net160,4.48
net163,4.48
net214,4.48
net226,4.48
net260,4.48
net277,4.48
net291,4.48
net300,4.48
net343,4.48
net344,4.48
net349,4.48
net373,4.48
net379,4.48
net426,4.48
net435,4.48
net461,4.48
net469,4.48
net508,4.48
net547,4.48
net549,4.48
net571,4.48
net597,4.48
net737,4.48
net766,4.48
net783,4.48
net814,4.48
net815,4.48
net836,4.48
net876,4.48
core.adder_tree._0055_,4.48
core.adder_tree._0082_,4.48
core.adder_tree._0119_,4.48
core.adder_tree._0156_,4.48
core.adder_tree._0173_,4.48
core.adder_tree._0345_,4.48
core.adder_tree._0373_,4.48
core.adder_tree._0382_,4.48
core.adder_tree._0540_,4.48
core.adder_tree._0645_,4.48
core.bgc_0.col_data_in\[3\],4.48
core.bgc_0.comp_col.A\[3\],4.48
core.bgc_0.comp_col.GR_index\[0\],4.48
core.bgc_0.comp_col.pe1._11_,4.48
core.bgc_0.comp_col.pe2._04_,4.48
core.bgc_0.comp_col.pe2._11_,4.48
core.bgc_0.comp_row.A\[2\],4.48
core.bgc_0.comp_row.A\[7\],4.48
core.bgc_0.comp_row.GR_index\[1\],4.48
core.bgc_0.comp_row._19_,4.48
core.bgc_0.lfsr_col._00_\[11\],4.48
core.bgc_0.lfsr_col._00_\[5\],4.48
core.bgc_0.lfsr_col._15_,4.48
core.bgc_0.lfsr_col._19_,4.48
core.bgc_0.row_reg._003_,4.48
core.bgc_0.row_reg._028_,4.48
core.bgc_1.col_reg._000_\[3\],4.48
core.bgc_1.col_reg._000_\[6\],4.48
core.bgc_1.comp_col.A\[11\],4.48
core.bgc_1.comp_col.A\[4\],4.48
core.bgc_1.comp_col.A\[8\],4.48
core.bgc_1.comp_col.GL_bits\[1\],4.48
core.bgc_1.comp_col._01_,4.48
core.bgc_1.comp_col.pe2._04_,4.48
core.bgc_1.comp_col.pe2._17_,4.48
core.bgc_1.comp_row.pe1._01_,4.48
core.bgc_1.final_counter._00_\[11\],4.48
core.bgc_1.final_counter._00_\[5\],4.48
core.bgc_1.final_counter._07_,4.48
core.bgc_1.lfsr_col._00_\[10\],4.48
core.bgc_1.lfsr_col._00_\[3\],4.48
core.bgc_1.lfsr_col._00_\[5\],4.48
core.bgc_1.lfsr_col._00_\[9\],4.48
core.bgc_1.lfsr_col._08_,4.48
core.bgc_1.lfsr_col._17_,4.48
core.bgc_1.lfsr_row._11_,4.48
core.bgc_1.row_reg._000_\[4\],4.48
core.bgc_1.row_reg._003_,4.48
core.bgc_1.row_reg._021_,4.48
core.bgc_10.col_reg._001_,4.48
core.bgc_10.col_reg._017_,4.48
core.bgc_10.comp_col.pe1._00_,4.48
core.bgc_10.comp_row.A\[7\],4.48
core.bgc_10.final_counter._00_\[7\],4.48
core.bgc_10.final_counter._10_,4.48
core.bgc_10.final_counter._17_,4.48
core.bgc_10.lfsr_col._05_,4.48
core.bgc_10.lfsr_col._09_,4.48
core.bgc_10.lfsr_col._11_,4.48
core.bgc_10.lfsr_col._21_,4.48
core.bgc_10.lfsr_row._00_\[1\],4.48
core.bgc_10.lfsr_row._00_\[4\],4.48
core.bgc_10.lfsr_row._17_,4.48
core.bgc_10.lfsr_row._21_,4.48
core.bgc_10.row_reg._029_,4.48
core.bgc_10.row_reg._046_,4.48
core.bgc_11.col_reg._007_,4.48
core.bgc_11.col_reg._017_,4.48
core.bgc_11.col_reg._022_,4.48
core.bgc_11.col_reg._047_,4.48
core.bgc_11.comp_col.pe1._05_,4.48
core.bgc_11.comp_col.pe1._07_,4.48
core.bgc_11.comp_row.A\[11\],4.48
core.bgc_11.final_counter._26_,4.48
core.bgc_11.lfsr_col._00_\[10\],4.48
core.bgc_11.lfsr_col._00_\[3\],4.48
core.bgc_11.lfsr_col._13_,4.48
core.bgc_11.lfsr_col._16_,4.48
core.bgc_11.lfsr_col._19_,4.48
core.bgc_11.lfsr_row._01_,4.48
core.bgc_11.lfsr_row._17_,4.48
core.bgc_11.lfsr_row._18_,4.48
core.bgc_11.lfsr_row._19_,4.48
core.bgc_11.row_reg._008_,4.48
core.bgc_11.row_reg._013_,4.48
core.bgc_12.col_data_in\[5\],4.48
core.bgc_12.col_reg._015_,4.48
core.bgc_12.comp_col.A\[9\],4.48
core.bgc_12.comp_col._00_,4.48
core.bgc_12.comp_col._17_,4.48
core.bgc_12.comp_col.pe1._17_,4.48
core.bgc_12.comp_col.pe2._05_,4.48
core.bgc_12.comp_row.A\[6\],4.48
core.bgc_12.comp_row.A\[8\],4.48
core.bgc_12.comp_row.GR_index\[1\],4.48
core.bgc_12.comp_row.pe1._04_,4.48
core.bgc_12.comp_row.pe1._06_,4.48
core.bgc_12.comp_row.pe2._17_,4.48
core.bgc_12.final_counter._26_,4.48
core.bgc_12.lfsr_col._00_\[3\],4.48
core.bgc_12.lfsr_col._17_,4.48
core.bgc_12.lfsr_col._18_,4.48
core.bgc_12.lfsr_col._23_,4.48
core.bgc_12.lfsr_col._24_,4.48
core.bgc_12.lfsr_row._00_\[2\],4.48
core.bgc_12.lfsr_row._00_\[8\],4.48
core.bgc_12.lfsr_row._05_,4.48
core.bgc_12.lfsr_row._16_,4.48
core.bgc_12.lfsr_row._19_,4.48
core.bgc_12.row_reg._027_,4.48
core.bgc_13.col_data_in\[10\],4.48
core.bgc_13.col_reg._033_,4.48
core.bgc_13.col_reg._050_,4.48
core.bgc_13.comp_col.A\[10\],4.48
core.bgc_13.comp_col.A\[6\],4.48
core.bgc_13.comp_col.A\[8\],4.48
core.bgc_13.comp_col.GL_bits\[2\],4.48
core.bgc_13.comp_col._17_,4.48
core.bgc_13.comp_col.pe1._11_,4.48
core.bgc_13.comp_row.A\[11\],4.48
core.bgc_13.lfsr_col._00_\[9\],4.48
core.bgc_13.lfsr_col._07_,4.48
core.bgc_13.lfsr_col._19_,4.48
core.bgc_13.lfsr_col._23_,4.48
core.bgc_13.lfsr_row._00_\[2\],4.48
core.bgc_13.lfsr_row._00_\[4\],4.48
core.bgc_13.lfsr_row._00_\[9\],4.48
core.bgc_13.lfsr_row._09_,4.48
core.bgc_13.lfsr_row._10_,4.48
core.bgc_13.lfsr_row._11_,4.48
core.bgc_13.lfsr_row._19_,4.48
core.bgc_13.row_reg._045_,4.48
core.bgc_14.col_reg._000_\[10\],4.48
core.bgc_14.col_reg._000_\[6\],4.48
core.bgc_14.col_reg._005_,4.48
core.bgc_14.col_reg._008_,4.48
core.bgc_14.comp_col.A\[8\],4.48
core.bgc_14.comp_row.GR_index\[3\],4.48
core.bgc_14.final_counter._00_\[9\],4.48
core.bgc_14.lfsr_col._15_,4.48
core.bgc_14.lfsr_col._17_,4.48
core.bgc_14.lfsr_col._21_,4.48
core.bgc_14.lfsr_row._11_,4.48
core.bgc_14.lfsr_row._12_,4.48
core.bgc_14.lfsr_row._14_,4.48
core.bgc_14.lfsr_row._19_,4.48
core.bgc_14.row_reg._000_\[11\],4.48
core.bgc_14.row_reg._040_,4.48
core.bgc_15.col_reg._005_,4.48
core.bgc_15.comp_col.A\[9\],4.48
core.bgc_15.comp_col.GR_index\[1\],4.48
core.bgc_15.comp_row.pe2._00_,4.48
core.bgc_15.lfsr_col._03_,4.48
core.bgc_15.lfsr_col._09_,4.48
core.bgc_15.lfsr_col._15_,4.48
core.bgc_15.lfsr_col._21_,4.48
core.bgc_15.lfsr_row._07_,4.48
core.bgc_15.lfsr_row._09_,4.48
core.bgc_15.lfsr_row._19_,4.48
core.bgc_15.row_reg._000_\[5\],4.48
core.bgc_15.row_reg._001_,4.48
core.bgc_15.row_reg._051_,4.48
core.bgc_15.row_reg._052_,4.48
core.bgc_2.col_reg._000_\[4\],4.48
core.bgc_2.col_reg._044_,4.48
core.bgc_2.comp_col.A\[3\],4.48
core.bgc_2.comp_col.A\[6\],4.48
core.bgc_2.comp_col.x,4.48
core.bgc_2.comp_row.A\[10\],4.48
core.bgc_2.comp_row.A\[11\],4.48
core.bgc_2.final_counter._02_,4.48
core.bgc_2.final_counter._26_,4.48
core.bgc_2.final_counter._28_,4.48
core.bgc_2.lfsr_col._00_\[3\],4.48
core.bgc_2.lfsr_col._07_,4.48
core.bgc_2.lfsr_col._09_,4.48
core.bgc_2.lfsr_col._21_,4.48
core.bgc_2.lfsr_row._02_,4.48
core.bgc_2.lfsr_row._03_,4.48
core.bgc_2.lfsr_row._15_,4.48
core.bgc_2.row_reg._000_\[2\],4.48
core.bgc_2.row_reg._010_,4.48
core.bgc_3.col_data_in\[1\],4.48
core.bgc_3.col_reg._004_,4.48
core.bgc_3.col_reg._008_,4.48
core.bgc_3.col_reg._030_,4.48
core.bgc_3.comp_col.A\[10\],4.48
core.bgc_3.comp_col.A\[2\],4.48
core.bgc_3.comp_col.A\[6\],4.48
core.bgc_3.comp_col.GL_bits\[9\],4.48
core.bgc_3.comp_col._00_,4.48
core.bgc_3.comp_col.pe1._08_,4.48
core.bgc_3.comp_col.pe2._02_,4.48
core.bgc_3.comp_row.pe2._00_,4.48
core.bgc_3.final_counter._00_\[7\],4.48
core.bgc_3.lfsr_col._00_\[9\],4.48
core.bgc_3.lfsr_col._14_,4.48
core.bgc_3.lfsr_col._16_,4.48
core.bgc_3.lfsr_col._21_,4.48
core.bgc_3.lfsr_col._22_,4.48
core.bgc_3.lfsr_row._00_\[3\],4.48
core.bgc_3.lfsr_row._13_,4.48
core.bgc_3.row_reg._000_\[4\],4.48
core.bgc_3.row_reg._000_\[6\],4.48
core.bgc_3.row_reg._000_\[7\],4.48
core.bgc_3.row_reg._004_,4.48
core.bgc_3.row_reg._023_,4.48
core.bgc_4.col_reg._000_\[11\],4.48
core.bgc_4.col_reg._000_\[7\],4.48
core.bgc_4.col_reg._015_,4.48
core.bgc_4.comp_col.GR_bits\[0\],4.48
core.bgc_4.comp_col._00_,4.48
core.bgc_4.comp_row._19_,4.48
core.bgc_4.comp_row.pe1._00_,4.48
core.bgc_4.comp_row.pe1._08_,4.48
core.bgc_4.lfsr_col._17_,4.48
core.bgc_4.row_reg._000_\[10\],4.48
core.bgc_4.row_reg._000_\[6\],4.48
core.bgc_4.row_reg._000_\[7\],4.48
core.bgc_4.row_reg._035_,4.48
core.bgc_5.col_reg._000_\[11\],4.48
core.bgc_5.col_reg._005_,4.48
core.bgc_5.col_reg._037_,4.48
core.bgc_5.comp_col.GR_bits\[0\],4.48
core.bgc_5.comp_row.A\[2\],4.48
core.bgc_5.comp_row._19_,4.48
core.bgc_5.final_counter._00_\[2\],4.48
core.bgc_5.final_counter._00_\[4\],4.48
core.bgc_5.final_counter._00_\[5\],4.48
core.bgc_5.lfsr_col._00_\[3\],4.48
core.bgc_5.lfsr_col._00_\[5\],4.48
core.bgc_5.lfsr_col._19_,4.48
core.bgc_5.lfsr_row._00_\[6\],4.48
core.bgc_5.lfsr_row._06_,4.48
core.bgc_5.row_reg._000_\[9\],4.48
core.bgc_5.row_reg._003_,4.48
core.bgc_5.row_reg._049_,4.48
core.bgc_6.col_reg._000_\[10\],4.48
core.bgc_6.col_reg._003_,4.48
core.bgc_6.comp_col.A\[4\],4.48
core.bgc_6.comp_col._14_,4.48
core.bgc_6.comp_col.pe1._02_,4.48
core.bgc_6.comp_row.A\[4\],4.48
core.bgc_6.comp_row.A\[8\],4.48
core.bgc_6.comp_row.GR_bits\[0\],4.48
core.bgc_6.comp_row._01_,4.48
core.bgc_6.lfsr_col._05_,4.48
core.bgc_6.lfsr_col._19_,4.48
core.bgc_6.lfsr_col._21_,4.48
core.bgc_6.lfsr_col._26_,4.48
core.bgc_6.lfsr_row._00_\[10\],4.48
core.bgc_6.lfsr_row._11_,4.48
core.bgc_6.lfsr_row._18_,4.48
core.bgc_6.lfsr_row._19_,4.48
core.bgc_6.row_reg._000_\[3\],4.48
core.bgc_7.col_reg._000_\[11\],4.48
core.bgc_7.col_reg._000_\[2\],4.48
core.bgc_7.col_reg._003_,4.48
core.bgc_7.col_reg._048_,4.48
core.bgc_7.col_reg._049_,4.48
core.bgc_7.comp_col.A\[5\],4.48
core.bgc_7.comp_col.GR_bits\[8\],4.48
core.bgc_7.comp_row.A\[3\],4.48
core.bgc_7.comp_row.pe2._04_,4.48
core.bgc_7.comp_row.pe2._11_,4.48
core.bgc_7.final_counter._00_\[6\],4.48
core.bgc_7.lfsr_col._02_,4.48
core.bgc_7.lfsr_col._07_,4.48
core.bgc_7.lfsr_col._14_,4.48
core.bgc_7.lfsr_col._21_,4.48
core.bgc_7.lfsr_row._00_\[2\],4.48
core.bgc_7.lfsr_row._09_,4.48
core.bgc_7.lfsr_row._17_,4.48
core.bgc_7.row_reg._001_,4.48
core.bgc_7.row_reg._010_,4.48
core.bgc_7.row_reg._026_,4.48
core.bgc_8.comp_col.A\[9\],4.48
core.bgc_8.comp_col.GR_index\[2\],4.48
core.bgc_8.comp_col.x,4.48
core.bgc_8.comp_row.GL_bits\[0\],4.48
core.bgc_8.comp_row._00_,4.48
core.bgc_8.comp_row.pe2._04_,4.48
core.bgc_8.comp_row.pe2._05_,4.48
core.bgc_8.comp_row.pe2._06_,4.48
core.bgc_8.lfsr_col._03_,4.48
core.bgc_8.lfsr_col._05_,4.48
core.bgc_8.lfsr_col._09_,4.48
core.bgc_8.lfsr_col._10_,4.48
core.bgc_8.lfsr_col._17_,4.48
core.bgc_8.lfsr_col._18_,4.48
core.bgc_8.lfsr_row._03_,4.48
core.bgc_8.lfsr_row._17_,4.48
core.bgc_8.row_reg._010_,4.48
core.bgc_8.row_reg._040_,4.48
core.bgc_8.row_reg._046_,4.48
core.bgc_9.comp_col.A\[9\],4.48
core.bgc_9.comp_col.pe2._00_,4.48
core.bgc_9.comp_row.A\[5\],4.48
core.bgc_9.lfsr_col._01_,4.48
core.bgc_9.lfsr_col._06_,4.48
core.bgc_9.lfsr_row._00_\[10\],4.48
core.bgc_9.lfsr_row._09_,4.48
core.bgc_9.row_reg._000_\[6\],4.48
core.bgc_9.row_reg._011_,4.48
core.bgc_9.row_reg._047_,4.48
core.res_mem_inst.out_dec_inst._02_,4.48
core.res_mem_inst.slot\[0\].slot_reg._027_,4.48
core.res_mem_inst.slot\[10\].slot_reg._000_\[10\],4.48
core.res_mem_inst.slot\[10\].slot_reg._000_\[11\],4.48
core.res_mem_inst.slot\[10\].slot_reg._000_\[6\],4.48
core.res_mem_inst.slot\[11\].slot_reg._000_\[9\],4.48
core.res_mem_inst.slot\[12\].slot_reg._000_\[0\],4.48
core.res_mem_inst.slot\[13\].slot_reg._000_\[7\],4.48
core.res_mem_inst.slot\[13\].slot_reg._044_,4.48
core.res_mem_inst.slot\[14\].slot_reg._008_,4.48
core.res_mem_inst.slot\[14\].slot_reg._013_,4.48
core.res_mem_inst.slot\[14\].slot_reg._051_,4.48
core.res_mem_inst.slot\[15\].slot_reg._000_\[5\],4.48
core.res_mem_inst.slot\[15\].slot_reg._000_\[8\],4.48
core.res_mem_inst.slot\[1\].slot_reg._000_\[5\],4.48
core.res_mem_inst.slot\[1\].slot_reg._000_\[7\],4.48
core.res_mem_inst.slot\[1\].slot_reg._000_\[9\],4.48
core.res_mem_inst.slot\[1\].slot_reg._010_,4.48
core.res_mem_inst.slot\[4\].slot_reg._020_,4.48
core.res_mem_inst.slot\[5\].slot_reg._000_\[11\],4.48
core.res_mem_inst.slot\[5\].slot_reg._024_,4.48
core.res_mem_inst.slot\[6\].slot_reg._000_\[6\],4.48
core.res_mem_inst.slot\[6\].slot_reg._009_,4.48
core.res_mem_inst.slot\[6\].slot_reg._027_,4.48
core.res_mem_inst.slot\[6\].slot_reg._037_,4.48
core.res_mem_inst.slot\[7\].slot_reg._000_\[7\],4.48
core.res_mem_inst.slot\[7\].slot_reg._000_\[9\],4.48
core.res_mem_inst.slot\[7\].slot_reg._045_,4.48
core.res_mem_inst.slot\[8\].slot_reg._005_,4.48
core.res_mem_inst.slot\[8\].slot_reg._048_,4.48
core.res_mem_inst.slot\[9\].slot_reg._000_\[10\],4.48
core.res_mem_inst.slot\[9\].slot_reg._037_,4.48
core.res_mem_inst.slot\[9\].slot_reg._046_,4.48
core.bgc_9.col_reg._021_,4.07
net162,4.02
net186,4.02
core.adder_tree._0273_,4.02
core.bgc_0.col_reg._005_,4.02
core.bgc_0.col_reg._047_,4.02
core.bgc_0.comp_col.A\[4\],4.02
core.bgc_1.row_reg._010_,4.02
core.bgc_10.row_reg._001_,4.02
core.bgc_10.row_reg._009_,4.02
core.bgc_10.row_reg._011_,4.02
core.bgc_11.col_reg._008_,4.02
core.bgc_11.col_reg._011_,4.02
core.bgc_11.col_reg._012_,4.02
core.bgc_11.col_reg._014_,4.02
core.bgc_11.final_counter._18_,4.02
core.bgc_11.row_reg._004_,4.02
core.bgc_11.row_reg._006_,4.02
core.bgc_12.comp_col.pe2._02_,4.02
core.bgc_12.row_reg._009_,4.02
core.bgc_13.col_reg._008_,4.02
core.bgc_13.comp_row.A\[6\],4.02
core.bgc_13.row_reg._007_,4.02
core.bgc_13.row_reg._008_,4.02
core.bgc_13.row_reg._044_,4.02
core.bgc_13.row_reg._046_,4.02
core.bgc_13.row_reg._047_,4.02
core.bgc_14.col_data_in\[11\],4.02
core.bgc_14.col_reg._002_,4.02
core.bgc_14.col_reg._044_,4.02
core.bgc_14.col_reg._050_,4.02
core.bgc_14.final_counter._05_,4.02
core.bgc_14.final_counter._17_,4.02
core.bgc_14.row_reg._004_,4.02
core.bgc_14.row_reg._011_,4.02
core.bgc_14.row_reg._046_,4.02
core.bgc_15.col_reg._007_,4.02
core.bgc_15.col_reg._015_,4.02
core.bgc_15.col_reg._045_,4.02
core.bgc_15.row_reg._048_,4.02
core.bgc_2.col_data_in\[10\],4.02
core.bgc_2.col_reg._002_,4.02
core.bgc_2.col_reg._011_,4.02
core.bgc_2.col_reg._014_,4.02
core.bgc_2.row_reg._007_,4.02
core.bgc_2.row_reg._011_,4.02
core.bgc_3.col_reg._003_,4.02
core.bgc_3.col_reg._005_,4.02
core.bgc_3.col_reg._006_,4.02
core.bgc_3.col_reg._010_,4.02
core.bgc_3.col_reg._011_,4.02
core.bgc_4.comp_row.A\[11\],4.02
core.bgc_4.comp_row.pe1._11_,4.02
core.bgc_5.col_reg._013_,4.02
core.bgc_5.comp_row.pe1._02_,4.02
core.bgc_5.row_reg._012_,4.02
core.bgc_5.row_reg._013_,4.02
core.bgc_6.col_reg._005_,4.02
core.bgc_6.row_reg._049_,4.02
core.bgc_7.col_reg._007_,4.02
core.bgc_7.col_reg._011_,4.02
core.bgc_7.comp_row.GR_bits\[0\],4.02
core.bgc_7.comp_row._17_,4.02
core.bgc_7.row_reg._015_,4.02
core.bgc_7.row_reg._046_,4.02
core.bgc_8.comp_row._19_,4.02
core.bgc_8.comp_row.pe1._01_,4.02
core.bgc_8.final_counter._15_,4.02
core.bgc_8.row_reg._007_,4.02
core.bgc_9.col_reg._046_,4.02
core.bgc_9.final_counter._24_,4.02
core.bgc_9.row_reg._031_,4.02
core.res_mem_inst._029_,4.02
core.res_mem_inst.slot\[0\].slot_reg._004_,4.02
core.res_mem_inst.slot\[0\].slot_reg._011_,4.02
core.res_mem_inst.slot\[0\].slot_reg._045_,4.02
core.res_mem_inst.slot\[10\].slot_reg._002_,4.02
core.res_mem_inst.slot\[10\].slot_reg._045_,4.02
core.res_mem_inst.slot\[10\].slot_reg._047_,4.02
core.res_mem_inst.slot\[11\].slot_reg._014_,4.02
core.res_mem_inst.slot\[11\].slot_reg._049_,4.02
core.res_mem_inst.slot\[12\].slot_reg._037_,4.02
core.res_mem_inst.slot\[12\].slot_reg._049_,4.02
core.res_mem_inst.slot\[13\].slot_reg._012_,4.02
core.res_mem_inst.slot\[13\].slot_reg._047_,4.02
core.res_mem_inst.slot\[13\].slot_reg._052_,4.02
core.res_mem_inst.slot\[1\].slot_reg._006_,4.02
core.res_mem_inst.slot\[2\].slot_reg._001_,4.02
core.res_mem_inst.slot\[2\].slot_reg._010_,4.02
core.res_mem_inst.slot\[2\].slot_reg._014_,4.02
core.res_mem_inst.slot\[2\].slot_reg._046_,4.02
core.res_mem_inst.slot\[3\].slot_reg._005_,4.02
core.res_mem_inst.slot\[3\].slot_reg._008_,4.02
core.res_mem_inst.slot\[3\].slot_reg._015_,4.02
core.res_mem_inst.slot\[4\].slot_reg._012_,4.02
core.res_mem_inst.slot\[4\].slot_reg._035_,4.02
core.res_mem_inst.slot\[5\].slot_reg._003_,4.02
core.res_mem_inst.slot\[5\].slot_reg._004_,4.02
core.res_mem_inst.slot\[5\].slot_reg._012_,4.02
core.res_mem_inst.slot\[5\].slot_reg._014_,4.02
core.res_mem_inst.slot\[5\].slot_reg._051_,4.02
core.res_mem_inst.slot\[6\].slot_reg._014_,4.02
core.res_mem_inst.slot\[7\].slot_reg._006_,4.02
core.res_mem_inst.slot\[7\].slot_reg._014_,4.02
core.res_mem_inst.slot\[7\].slot_reg._032_,4.02
core.res_mem_inst.slot\[7\].slot_reg._034_,4.02
core.res_mem_inst.slot\[8\].slot_reg._002_,4.02
core.res_mem_inst.slot\[8\].slot_reg._008_,4.02
core.res_mem_inst.slot\[8\].slot_reg._012_,4.02
core.res_mem_inst.slot\[8\].slot_reg._037_,4.02
core.res_mem_inst.slot\[9\].slot_reg._014_,4.02
net980,3.97
net1000,3.97
net1162,3.97
net1314,3.97
net178,3.97
net532,3.97
net577,3.97
net854,3.97
core.adder_tree._0072_,3.97
core.adder_tree._0233_,3.97
core.bgc_0.final_counter._18_,3.97
core.bgc_0.row_reg._032_,3.97
core.bgc_10.row_reg._037_,3.97
core.bgc_11.comp_col.pe1._10_,3.97
core.bgc_13.row_reg._048_,3.97
core.bgc_3.comp_col.pe2._04_,3.97
core.bgc_3.comp_row.GR_index\[0\],3.97
core.bgc_4.comp_col.pe2._02_,3.97
core.bgc_4.comp_col.pe2._05_,3.97
core.bgc_4.row_reg._023_,3.97
core.bgc_5.comp_row.pe1._04_,3.97
core.bgc_5.row_reg._039_,3.97
core.bgc_6.row_reg._046_,3.97
core.bgc_7.final_counter._07_,3.97
core.bgc_8.comp_col.GL_bits\[1\],3.97
core.bgc_9.comp_col._18_,3.97
core.bgc_9.comp_row.pe2._08_,3.97
core.bgc_9.row_reg._019_,3.97
core.res_mem_inst.slot\[10\].slot_reg._050_,3.97
core.res_mem_inst.slot\[15\].slot_reg._010_,3.97
core.res_mem_inst.slot\[15\].slot_reg._020_,3.97
core.res_mem_inst.slot\[1\].slot_reg._044_,3.97
core.res_mem_inst.slot\[2\].slot_reg._015_,3.97
net891,3.92
net926,3.92
net928,3.92
net943,3.92
net945,3.92
net976,3.92
net990,3.92
net1028,3.92
net1081,3.92
net1125,3.92
net1145,3.92
net1176,3.92
net1228,3.92
net1242,3.92
net1252,3.92
net1254,3.92
net1279,3.92
net1291,3.92
net1298,3.92
net1308,3.92
net1333,3.92
net1390,3.92
net1413,3.92
net1419,3.92
net1447,3.92
net1455,3.92
net1460,3.92
net1481,3.92
net1482,3.92
net1499,3.92
net96,3.92
net106,3.92
net157,3.92
net171,3.92
net221,3.92
net232,3.92
net274,3.92
net329,3.92
net359,3.92
net399,3.92
net526,3.92
net535,3.92
net575,3.92
net612,3.92
net615,3.92
net767,3.92
net784,3.92
net789,3.92
net820,3.92
net844,3.92
net861,3.92
core._05_,3.92
core.adder_tree._0002_,3.92
core.adder_tree._0007_,3.92
core.adder_tree._0135_,3.92
core.adder_tree._0285_,3.92
core.adder_tree._0606_,3.92
core.bgc_0._03_,3.92
core.bgc_0.col_data_in\[9\],3.92
core.bgc_0.col_reg._003_,3.92
core.bgc_0.col_reg._011_,3.92
core.bgc_0.comp_row._01_,3.92
core.bgc_0.lfsr_col._04_,3.92
core.bgc_0.lfsr_col._10_,3.92
core.bgc_0.lfsr_col._23_,3.92
core.bgc_0.lfsr_col._24_,3.92
core.bgc_0.lfsr_row._00_\[0\],3.92
core.bgc_0.lfsr_row._00_\[5\],3.92
core.bgc_0.lfsr_row._00_\[6\],3.92
core.bgc_0.lfsr_row._00_\[7\],3.92
core.bgc_0.lfsr_row._00_\[8\],3.92
core.bgc_0.lfsr_row._04_,3.92
core.bgc_0.lfsr_row._10_,3.92
core.bgc_0.lfsr_row._12_,3.92
core.bgc_0.row_reg._000_\[6\],3.92
core.bgc_0.row_reg._001_,3.92
core.bgc_0.row_reg._002_,3.92
core.bgc_0.row_reg._004_,3.92
core.bgc_0.row_reg._005_,3.92
core.bgc_0.row_reg._008_,3.92
core.bgc_1.col_data_in\[0\],3.92
core.bgc_1.col_reg._027_,3.92
core.bgc_1.col_reg._047_,3.92
core.bgc_1.comp_col.GR_bits\[1\],3.92
core.bgc_1.comp_col.GR_index\[1\],3.92
core.bgc_1.comp_col._17_,3.92
core.bgc_1.comp_col.pe1._05_,3.92
core.bgc_1.comp_row.pe1._00_,3.92
core.bgc_1.comp_row.pe2._11_,3.92
core.bgc_1.final_counter._05_,3.92
core.bgc_1.lfsr_col._03_,3.92
core.bgc_1.lfsr_col._05_,3.92
core.bgc_1.lfsr_col._07_,3.92
core.bgc_1.lfsr_col._09_,3.92
core.bgc_1.lfsr_col._18_,3.92
core.bgc_1.lfsr_col._19_,3.92
core.bgc_1.lfsr_row._00_\[1\],3.92
core.bgc_1.lfsr_row._00_\[7\],3.92
core.bgc_1.lfsr_row._03_,3.92
core.bgc_1.lfsr_row._08_,3.92
core.bgc_1.lfsr_row._22_,3.92
core.bgc_1.row_reg._015_,3.92
core.bgc_1.row_reg._038_,3.92
core.bgc_10.col_data_in\[6\],3.92
core.bgc_10.col_reg._002_,3.92
core.bgc_10.col_reg._004_,3.92
core.bgc_10.col_reg._006_,3.92
core.bgc_10.col_reg._007_,3.92
core.bgc_10.comp_col.A\[3\],3.92
core.bgc_10.comp_col.GR_index\[0\],3.92
core.bgc_10.comp_col._18_,3.92
core.bgc_10.comp_col.pe1._01_,3.92
core.bgc_10.comp_row.pe1._01_,3.92
core.bgc_10.comp_row.pe2._17_,3.92
core.bgc_10.final_counter._00_\[3\],3.92
core.bgc_10.final_counter._00_\[4\],3.92
core.bgc_10.final_counter._13_,3.92
core.bgc_10.lfsr_col._00_\[4\],3.92
core.bgc_10.lfsr_col._10_,3.92
core.bgc_10.lfsr_col._12_,3.92
core.bgc_10.lfsr_col._18_,3.92
core.bgc_10.lfsr_col._20_,3.92
core.bgc_10.lfsr_row._00_\[10\],3.92
core.bgc_10.row_reg._007_,3.92
core.bgc_10.row_reg._033_,3.92
core.bgc_10.row_reg._034_,3.92
core.bgc_10.row_reg._052_,3.92
core.bgc_11.col_data_in\[0\],3.92
core.bgc_11.col_data_in\[1\],3.92
core.bgc_11.col_reg._002_,3.92
core.bgc_11.col_reg._003_,3.92
core.bgc_11.col_reg._004_,3.92
core.bgc_11.comp_col.pe2._06_,3.92
core.bgc_11.comp_col.pe2._11_,3.92
core.bgc_11.comp_row.A\[2\],3.92
core.bgc_11.comp_row.A\[3\],3.92
core.bgc_11.comp_row.pe1._05_,3.92
core.bgc_11.comp_row.pe1._11_,3.92
core.bgc_11.final_counter._28_,3.92
core.bgc_11.lfsr_col._04_,3.92
core.bgc_11.lfsr_col._06_,3.92
core.bgc_11.lfsr_row._00_\[0\],3.92
core.bgc_11.lfsr_row._02_,3.92
core.bgc_11.row_reg._011_,3.92
core.bgc_11.row_reg._037_,3.92
core.bgc_11.row_reg._039_,3.92
core.bgc_12._03_,3.92
core.bgc_12.col_data_in\[1\],3.92
core.bgc_12.col_reg._006_,3.92
core.bgc_12.col_reg._044_,3.92
core.bgc_12.comp_col.A\[1\],3.92
core.bgc_12.comp_col.pe1._07_,3.92
core.bgc_12.comp_row.pe2._11_,3.92
core.bgc_12.final_counter._08_,3.92
core.bgc_12.lfsr_col._01_,3.92
core.bgc_12.lfsr_col._07_,3.92
core.bgc_12.lfsr_col._13_,3.92
core.bgc_12.lfsr_col._19_,3.92
core.bgc_12.lfsr_row._00_\[7\],3.92
core.bgc_12.lfsr_row._12_,3.92
core.bgc_12.lfsr_row._24_,3.92
core.bgc_12.row_reg._000_\[5\],3.92
core.bgc_12.row_reg._001_,3.92
core.bgc_12.row_reg._002_,3.92
core.bgc_12.row_reg._012_,3.92
core.bgc_13.col_data_in\[3\],3.92
core.bgc_13.col_data_in\[5\],3.92
core.bgc_13.col_reg._000_\[0\],3.92
core.bgc_13.col_reg._000_\[10\],3.92
core.bgc_13.col_reg._035_,3.92
core.bgc_13.comp_col.GL_bits\[0\],3.92
core.bgc_13.comp_col._01_,3.92
core.bgc_13.comp_col.pe1._02_,3.92
core.bgc_13.comp_row.pe2._02_,3.92
core.bgc_13.comp_row.pe2._04_,3.92
core.bgc_13.final_counter._13_,3.92
core.bgc_13.lfsr_col._00_\[4\],3.92
core.bgc_13.lfsr_col._00_\[7\],3.92
core.bgc_13.lfsr_col._02_,3.92
core.bgc_13.lfsr_col._12_,3.92
core.bgc_13.lfsr_col._17_,3.92
core.bgc_13.lfsr_col._22_,3.92
core.bgc_13.lfsr_row._00_\[5\],3.92
core.bgc_13.row_reg._000_\[7\],3.92
core.bgc_13.row_reg._003_,3.92
core.bgc_13.row_reg._011_,3.92
core.bgc_13.row_reg._013_,3.92
core.bgc_14._02_,3.92
core.bgc_14.col_reg._017_,3.92
core.bgc_14.col_reg._025_,3.92
core.bgc_14.col_reg._031_,3.92
core.bgc_14.comp_row.A\[7\],3.92
core.bgc_14.final_counter._13_,3.92
core.bgc_14.lfsr_col._00_\[9\],3.92
core.bgc_14.lfsr_col._10_,3.92
core.bgc_14.lfsr_col._13_,3.92
core.bgc_14.lfsr_col._22_,3.92
core.bgc_14.lfsr_row._00_\[7\],3.92
core.bgc_14.lfsr_row._00_\[9\],3.92
core.bgc_14.lfsr_row._02_,3.92
core.bgc_14.lfsr_row._22_,3.92
core.bgc_14.row_reg._000_\[3\],3.92
core.bgc_14.row_reg._012_,3.92
core.bgc_14.row_reg._019_,3.92
core.bgc_14.row_reg._027_,3.92
core.bgc_14.row_reg._033_,3.92
core.bgc_15.col_data_in\[11\],3.92
core.bgc_15.col_reg._011_,3.92
core.bgc_15.col_reg._025_,3.92
core.bgc_15.col_reg._044_,3.92
core.bgc_15.col_reg._050_,3.92
core.bgc_15.col_reg._052_,3.92
core.bgc_15.comp_col.A\[7\],3.92
core.bgc_15.comp_row.A\[5\],3.92
core.bgc_15.lfsr_col._02_,3.92
core.bgc_15.lfsr_col._22_,3.92
core.bgc_15.lfsr_col._23_,3.92
core.bgc_15.lfsr_row._03_,3.92
core.bgc_15.lfsr_row._04_,3.92
core.bgc_15.lfsr_row._14_,3.92
core.bgc_15.lfsr_row._22_,3.92
core.bgc_15.row_reg._009_,3.92
core.bgc_2.col_reg._000_\[3\],3.92
core.bgc_2.col_reg._000_\[5\],3.92
core.bgc_2.col_reg._009_,3.92
core.bgc_2.col_reg._028_,3.92
core.bgc_2.comp_col.A\[1\],3.92
core.bgc_2.comp_col.GL_index\[0\],3.92
core.bgc_2.comp_col._01_,3.92
core.bgc_2.comp_col.pe1._00_,3.92
core.bgc_2.comp_row.A\[7\],3.92
core.bgc_2.lfsr_col._00_\[0\],3.92
core.bgc_2.lfsr_col._00_\[2\],3.92
core.bgc_2.lfsr_col._02_,3.92
core.bgc_2.lfsr_col._12_,3.92
core.bgc_2.lfsr_col._15_,3.92
core.bgc_2.lfsr_col._22_,3.92
core.bgc_2.lfsr_row._00_\[2\],3.92
core.bgc_2.lfsr_row._00_\[7\],3.92
core.bgc_2.lfsr_row._08_,3.92
core.bgc_2.lfsr_row._14_,3.92
core.bgc_2.lfsr_row._17_,3.92
core.bgc_2.lfsr_row._20_,3.92
core.bgc_2.row_reg._004_,3.92
core.bgc_2.row_reg._008_,3.92
core.bgc_3._03_,3.92
core.bgc_3.col_reg._007_,3.92
core.bgc_3.col_reg._012_,3.92
core.bgc_3.col_reg._013_,3.92
core.bgc_3.col_reg._024_,3.92
core.bgc_3.comp_col.A\[5\],3.92
core.bgc_3.comp_col.pe1._04_,3.92
core.bgc_3.comp_row.A\[5\],3.92
core.bgc_3.comp_row.GL_index\[0\],3.92
core.bgc_3.comp_row.GR_index\[3\],3.92
core.bgc_3.final_counter._00_\[1\],3.92
core.bgc_3.lfsr_col._10_,3.92
core.bgc_3.lfsr_col._26_,3.92
core.bgc_3.lfsr_row._00_\[2\],3.92
core.bgc_3.lfsr_row._01_,3.92
core.bgc_3.lfsr_row._06_,3.92
core.bgc_3.lfsr_row._15_,3.92
core.bgc_3.lfsr_row._16_,3.92
core.bgc_3.lfsr_row._18_,3.92
core.bgc_3.lfsr_row._23_,3.92
core.bgc_3.row_reg._000_\[2\],3.92
core.bgc_3.row_reg._000_\[3\],3.92
core.bgc_3.row_reg._006_,3.92
core.bgc_4.col_data_in\[5\],3.92
core.bgc_4.col_data_in\[7\],3.92
core.bgc_4.col_reg._012_,3.92
core.bgc_4.col_reg._019_,3.92
core.bgc_4.col_reg._037_,3.92
core.bgc_4.comp_col.GL_bits\[0\],3.92
core.bgc_4.comp_col.pe2._17_,3.92
core.bgc_4.comp_row.pe2._04_,3.92
core.bgc_4.comp_row.pe2._05_,3.92
core.bgc_4.final_counter._00_\[6\],3.92
core.bgc_4.lfsr_col._06_,3.92
core.bgc_4.lfsr_col._15_,3.92
core.bgc_4.lfsr_col._20_,3.92
core.bgc_4.lfsr_row._02_,3.92
core.bgc_4.lfsr_row._04_,3.92
core.bgc_4.lfsr_row._16_,3.92
core.bgc_4.lfsr_row._20_,3.92
core.bgc_4.lfsr_row._22_,3.92
core.bgc_4.row_reg._000_\[4\],3.92
core.bgc_4.row_reg._000_\[5\],3.92
core.bgc_4.row_reg._000_\[9\],3.92
core.bgc_4.row_reg._007_,3.92
core.bgc_4.row_reg._010_,3.92
core.bgc_4.row_reg._012_,3.92
core.bgc_5.col_data_in\[2\],3.92
core.bgc_5.col_reg._010_,3.92
core.bgc_5.col_reg._022_,3.92
core.bgc_5.col_reg._039_,3.92
core.bgc_5.comp_col.A\[11\],3.92
core.bgc_5.comp_col._17_,3.92
core.bgc_5.comp_row.GR_bits\[1\],3.92
core.bgc_5.comp_row.GR_index\[3\],3.92
core.bgc_5.comp_row._17_,3.92
core.bgc_5.final_counter._07_,3.92
core.bgc_5.final_counter._25_,3.92
core.bgc_5.lfsr_col._07_,3.92
core.bgc_5.lfsr_col._13_,3.92
core.bgc_5.lfsr_col._16_,3.92
core.bgc_5.lfsr_row._03_,3.92
core.bgc_5.lfsr_row._05_,3.92
core.bgc_5.lfsr_row._11_,3.92
core.bgc_5.lfsr_row._17_,3.92
core.bgc_5.lfsr_row._18_,3.92
core.bgc_5.row_reg._004_,3.92
core.bgc_5.row_reg._008_,3.92
core.bgc_5.row_reg._014_,3.92
core.bgc_6.col_reg._000_\[8\],3.92
core.bgc_6.comp_col.A\[2\],3.92
core.bgc_6.comp_col.A\[3\],3.92
core.bgc_6.comp_col.GL_bits\[0\],3.92
core.bgc_6.comp_row.A\[11\],3.92
core.bgc_6.comp_row._00_,3.92
core.bgc_6.comp_row.pe2._02_,3.92
core.bgc_6.comp_row.pe2._08_,3.92
core.bgc_6.comp_row.pe2._17_,3.92
core.bgc_6.final_counter._00_\[6\],3.92
core.bgc_6.lfsr_col._04_,3.92
core.bgc_6.lfsr_col._07_,3.92
core.bgc_6.lfsr_col._14_,3.92
core.bgc_6.lfsr_col._16_,3.92
core.bgc_6.lfsr_row._01_,3.92
core.bgc_6.lfsr_row._16_,3.92
core.bgc_6.lfsr_row._23_,3.92
core.bgc_6.row_reg._001_,3.92
core.bgc_6.row_reg._004_,3.92
core.bgc_6.row_reg._006_,3.92
core.bgc_6.row_reg._009_,3.92
core.bgc_6.row_reg._010_,3.92
core.bgc_6.row_reg._023_,3.92
core.bgc_6.row_reg._039_,3.92
core.bgc_7.col_data_in\[6\],3.92
core.bgc_7.col_data_in\[8\],3.92
core.bgc_7.col_reg._005_,3.92
core.bgc_7.comp_col._00_,3.92
core.bgc_7.comp_col._19_,3.92
core.bgc_7.comp_col.pe1._01_,3.92
core.bgc_7.comp_col.pe2._11_,3.92
core.bgc_7.comp_row.A\[6\],3.92
core.bgc_7.comp_row.A\[9\],3.92
core.bgc_7.comp_row.GL_bits\[0\],3.92
core.bgc_7.final_counter._28_,3.92
core.bgc_7.lfsr_col._00_\[6\],3.92
core.bgc_7.lfsr_col._06_,3.92
core.bgc_7.lfsr_col._17_,3.92
core.bgc_7.lfsr_col._18_,3.92
core.bgc_7.lfsr_col._22_,3.92
core.bgc_7.lfsr_row._00_\[4\],3.92
core.bgc_7.lfsr_row._00_\[8\],3.92
core.bgc_7.lfsr_row._13_,3.92
core.bgc_7.lfsr_row._14_,3.92
core.bgc_7.lfsr_row._18_,3.92
core.bgc_7.row_reg._014_,3.92
core.bgc_7.row_reg._033_,3.92
core.bgc_8.col_reg._037_,3.92
core.bgc_8.col_reg._049_,3.92
core.bgc_8.comp_col.A\[2\],3.92
core.bgc_8.comp_col.GR_bits\[1\],3.92
core.bgc_8.comp_col.pe1._04_,3.92
core.bgc_8.comp_col.pe1._06_,3.92
core.bgc_8.comp_row.A\[3\],3.92
core.bgc_8.comp_row.GL_bits\[1\],3.92
core.bgc_8.comp_row.GR_index\[1\],3.92
core.bgc_8.comp_row.pe1._00_,3.92
core.bgc_8.comp_row.pe1._07_,3.92
core.bgc_8.comp_row.pe1._17_,3.92
core.bgc_8.comp_row.pe2._17_,3.92
core.bgc_8.final_counter._00_\[0\],3.92
core.bgc_8.final_counter._00_\[11\],3.92
core.bgc_8.final_counter._00_\[4\],3.92
core.bgc_8.lfsr_col._23_,3.92
core.bgc_8.lfsr_row._05_,3.92
core.bgc_8.lfsr_row._16_,3.92
core.bgc_8.lfsr_row._18_,3.92
core.bgc_8.lfsr_row._19_,3.92
core.bgc_8.lfsr_row._20_,3.92
core.bgc_8.lfsr_row._22_,3.92
core.bgc_8.row_reg._003_,3.92
core.bgc_8.row_reg._018_,3.92
core.bgc_9.col_data_in\[1\],3.92
core.bgc_9.col_reg._011_,3.92
core.bgc_9.col_reg._029_,3.92
core.bgc_9.col_reg._033_,3.92
core.bgc_9.comp_col.GR_index\[3\],3.92
core.bgc_9.comp_col._00_,3.92
core.bgc_9.comp_col._19_,3.92
core.bgc_9.comp_col.pe1._10_,3.92
core.bgc_9.comp_col.pe2._11_,3.92
core.bgc_9.comp_row.pe1._11_,3.92
core.bgc_9.final_counter._00_\[9\],3.92
core.bgc_9.lfsr_col._07_,3.92
core.bgc_9.lfsr_col._21_,3.92
core.bgc_9.lfsr_col._22_,3.92
core.bgc_9.lfsr_row._00_\[9\],3.92
core.bgc_9.lfsr_row._03_,3.92
core.bgc_9.lfsr_row._14_,3.92
core.bgc_9.lfsr_row._22_,3.92
core.bgc_9.row_reg._006_,3.92
core.bgc_9.row_reg._023_,3.92
core.lfsr_enabler._01_\[5\],3.92
core.res_mem_inst.slot\[0\].slot_reg._000_\[1\],3.92
core.res_mem_inst.slot\[0\].slot_reg._005_,3.92
core.res_mem_inst.slot\[0\].slot_reg._006_,3.92
core.res_mem_inst.slot\[0\].slot_reg._010_,3.92
core.res_mem_inst.slot\[10\].slot_reg._019_,3.92
core.res_mem_inst.slot\[11\].slot_reg._005_,3.92
core.res_mem_inst.slot\[11\].slot_reg._006_,3.92
core.res_mem_inst.slot\[11\].slot_reg._007_,3.92
core.res_mem_inst.slot\[11\].slot_reg._010_,3.92
core.res_mem_inst.slot\[11\].slot_reg._012_,3.92
core.res_mem_inst.slot\[11\].slot_reg._048_,3.92
core.res_mem_inst.slot\[12\].slot_reg._006_,3.92
core.res_mem_inst.slot\[12\].slot_reg._025_,3.92
core.res_mem_inst.slot\[12\].slot_reg._028_,3.92
core.res_mem_inst.slot\[13\].slot_reg._003_,3.92
core.res_mem_inst.slot\[13\].slot_reg._004_,3.92
core.res_mem_inst.slot\[13\].slot_reg._007_,3.92
core.res_mem_inst.slot\[14\].slot_reg._002_,3.92
core.res_mem_inst.slot\[14\].slot_reg._005_,3.92
core.res_mem_inst.slot\[14\].slot_reg._007_,3.92
core.res_mem_inst.slot\[14\].slot_reg._012_,3.92
core.res_mem_inst.slot\[14\].slot_reg._019_,3.92
core.res_mem_inst.slot\[15\].slot_reg._001_,3.92
core.res_mem_inst.slot\[15\].slot_reg._002_,3.92
core.res_mem_inst.slot\[15\].slot_reg._008_,3.92
core.res_mem_inst.slot\[15\].slot_reg._013_,3.92
core.res_mem_inst.slot\[15\].slot_reg._037_,3.92
core.res_mem_inst.slot\[15\].slot_reg._047_,3.92
core.res_mem_inst.slot\[15\].slot_reg._050_,3.92
core.res_mem_inst.slot\[1\].slot_reg._003_,3.92
core.res_mem_inst.slot\[1\].slot_reg._011_,3.92
core.res_mem_inst.slot\[1\].slot_reg._024_,3.92
core.res_mem_inst.slot\[2\].slot_reg._007_,3.92
core.res_mem_inst.slot\[3\].slot_reg._002_,3.92
core.res_mem_inst.slot\[3\].slot_reg._009_,3.92
core.res_mem_inst.slot\[4\].slot_reg._002_,3.92
core.res_mem_inst.slot\[4\].slot_reg._010_,3.92
core.res_mem_inst.slot\[4\].slot_reg._026_,3.92
core.res_mem_inst.slot\[4\].slot_reg._028_,3.92
core.res_mem_inst.slot\[4\].slot_reg._045_,3.92
core.res_mem_inst.slot\[5\].slot_reg._037_,3.92
core.res_mem_inst.slot\[6\].slot_reg._006_,3.92
core.res_mem_inst.slot\[6\].slot_reg._007_,3.92
core.res_mem_inst.slot\[6\].slot_reg._012_,3.92
core.res_mem_inst.slot\[6\].slot_reg._035_,3.92
core.res_mem_inst.slot\[6\].slot_reg._047_,3.92
core.res_mem_inst.slot\[7\].slot_reg._000_\[8\],3.92
core.res_mem_inst.slot\[7\].slot_reg._008_,3.92
core.res_mem_inst.slot\[7\].slot_reg._010_,3.92
core.res_mem_inst.slot\[7\].slot_reg._017_,3.92
core.res_mem_inst.slot\[7\].slot_reg._037_,3.92
core.res_mem_inst.slot\[8\].slot_reg._000_\[7\],3.92
core.res_mem_inst.slot\[8\].slot_reg._004_,3.92
core.res_mem_inst.slot\[8\].slot_reg._007_,3.92
core.res_mem_inst.slot\[8\].slot_reg._020_,3.92
core.res_mem_inst.slot\[8\].slot_reg._027_,3.92
core.res_mem_inst.slot\[9\].slot_reg._000_\[7\],3.92
core.res_mem_inst.slot\[9\].slot_reg._000_\[8\],3.92
core.res_mem_inst.slot\[9\].slot_reg._011_,3.92
core.timer_inst._01_\[0\],3.92
net1358,3.92
core.bgc_6.comp_col._19_,3.51
net450,3.46
core.bgc_0.col_reg._045_,3.46
core.bgc_0.row_reg._044_,3.46
core.bgc_1.col_reg._038_,3.46
core.bgc_1.comp_row.pe2._17_,3.46
core.bgc_10.comp_col.GR_bits\[1\],3.46
core.bgc_10.comp_col.pe1._08_,3.46
core.bgc_11.final_counter._07_,3.46
core.bgc_12.comp_col.A\[4\],3.46
core.bgc_12.comp_row.pe1._17_,3.46
core.bgc_13.col_reg._014_,3.46
core.bgc_13.comp_row.A\[7\],3.46
core.bgc_13.row_reg._026_,3.46
core.bgc_14.comp_row.pe2._02_,3.46
core.bgc_14.row_reg._052_,3.46
core.bgc_15.col_data_in\[0\],3.46
core.bgc_2.comp_col.pe1._05_,3.46
core.bgc_2.comp_row._17_,3.46
core.bgc_2.final_counter._13_,3.46
core.bgc_2.row_reg._014_,3.46
core.bgc_3.comp_col.pe2._01_,3.46
core.bgc_4.comp_col.A\[4\],3.46
core.bgc_4.comp_col.A\[6\],3.46
core.bgc_4.comp_row.A\[4\],3.46
core.bgc_4.row_reg._046_,3.46
core.bgc_5.comp_col.GR_index\[0\],3.46
core.bgc_6.col_reg._044_,3.46
core.bgc_6.row_reg._048_,3.46
core.bgc_7.col_reg._014_,3.46
core.bgc_8._04_,3.46
core.bgc_8.comp_col.A\[4\],3.46
core.bgc_8.row_reg._032_,3.46
core.bgc_8.row_reg._052_,3.46
core.bgc_9.comp_row.GR_bits\[1\],3.46
core.bgc_9.row_reg._040_,3.46
core.res_mem_inst.slot\[10\].slot_reg._014_,3.46
core.res_mem_inst.slot\[13\].slot_reg._022_,3.46
core.res_mem_inst.slot\[7\].slot_reg._048_,3.46
core.res_mem_inst.slot\[9\].slot_reg._052_,3.46
core.timer_inst._09_,3.46
net1169,3.41
net1168,3.41
net1223,3.41
net1269,3.41
core.bgc_0.comp_col.pe2._01_,3.41
core.bgc_1.row_reg._046_,3.41
core.bgc_10.final_counter._25_,3.41
core.bgc_10.final_counter._27_,3.41
core.bgc_10.row_reg._045_,3.41
core.bgc_12.comp_row.pe2._02_,3.41
core.bgc_13.comp_row.A\[1\],3.41
core.bgc_13.row_reg._051_,3.41
core.bgc_14.comp_col.pe2._01_,3.41
core.bgc_15.final_counter._07_,3.41
core.bgc_3.comp_col.pe2._05_,3.41
core.bgc_3.comp_row.pe1._00_,3.41
core.bgc_6.col_reg._013_,3.41
core.bgc_6.comp_col.pe2._02_,3.41
core.bgc_6.final_counter._25_,3.41
core.bgc_7.row_reg._045_,3.41
core.bgc_7.row_reg._049_,3.41
core.res_mem_inst.slot\[11\].slot_reg._036_,3.41
core.res_mem_inst.slot\[15\].slot_reg._046_,3.41
core.res_mem_inst.slot\[1\].slot_reg._019_,3.41
core.res_mem_inst.slot\[4\].slot_reg._044_,3.41
net903,3.36
net911,3.36
net921,3.36
net969,3.36
net982,3.36
net986,3.36
net991,3.36
net992,3.36
net999,3.36
net1006,3.36
net1008,3.36
net1010,3.36
net1023,3.36
net1051,3.36
net1076,3.36
net1078,3.36
net1106,3.36
net1107,3.36
net1108,3.36
net1166,3.36
net1170,3.36
net1171,3.36
net1195,3.36
net1194,3.36
net1203,3.36
net1227,3.36
net1231,3.36
net1253,3.36
net1255,3.36
net1256,3.36
net1276,3.36
net1281,3.36
net1288,3.36
net1301,3.36
net1339,3.36
net1347,3.36
net1363,3.36
net1368,3.36
net1370,3.36
net1371,3.36
net1388,3.36
net1389,3.36
net1392,3.36
net1409,3.36
net1424,3.36
net1430,3.36
net1456,3.36
net1459,3.36
net1476,3.36
net1513,3.36
net1515,3.36
net1519,3.36
net129,3.36
net158,3.36
net298,3.36
net316,3.36
net391,3.36
net403,3.36
net406,3.36
net439,3.36
net481,3.36
net493,3.36
net527,3.36
net566,3.36
net570,3.36
net583,3.36
net584,3.36
net631,3.36
net692,3.36
net703,3.36
net705,3.36
net724,3.36
net732,3.36
net803,3.36
net817,3.36
net822,3.36
net829,3.36
net848,3.36
net879,3.36
core.adder_tree._0000_,3.36
core.adder_tree._0001_,3.36
core.adder_tree._0006_,3.36
core.adder_tree._0033_,3.36
core.adder_tree._0045_,3.36
core.adder_tree._0129_,3.36
core.adder_tree._0221_,3.36
core.adder_tree._0279_,3.36
core.adder_tree._0283_,3.36
core.adder_tree._0346_,3.36
core.adder_tree._0393_,3.36
core.adder_tree._0533_,3.36
core.adder_tree._0550_,3.36
core.adder_tree._0576_,3.36
core.adder_tree._0586_,3.36
core.adder_tree._0688_,3.36
core.bgc_0.col_reg._027_,3.36
core.bgc_0.comp_col.GR_index\[3\],3.36
core.bgc_0.comp_col.pe1._01_,3.36
core.bgc_0.comp_col.pe2._05_,3.36
core.bgc_0.final_counter._00_\[2\],3.36
core.bgc_0.final_counter._00_\[5\],3.36
core.bgc_0.lfsr_col._00_\[9\],3.36
core.bgc_0.lfsr_col._01_,3.36
core.bgc_0.lfsr_col._05_,3.36
core.bgc_0.lfsr_col._09_,3.36
core.bgc_0.lfsr_col._14_,3.36
core.bgc_0.lfsr_row._00_\[10\],3.36
core.bgc_0.lfsr_row._20_,3.36
core.bgc_0.row_reg._014_,3.36
core.bgc_0.row_reg._050_,3.36
core.bgc_1.col_data_in\[6\],3.36
core.bgc_1.col_reg._015_,3.36
core.bgc_1.col_reg._046_,3.36
core.bgc_1.comp_col.A\[3\],3.36
core.bgc_1.comp_col.A\[5\],3.36
core.bgc_1.comp_col.A\[6\],3.36
core.bgc_1.comp_col.pe2._10_,3.36
core.bgc_1.comp_row._01_,3.36
core.bgc_1.comp_row.pe2._09_,3.36
core.bgc_1.final_counter._00_\[7\],3.36
core.bgc_1.final_counter._00_\[9\],3.36
core.bgc_1.lfsr_col._04_,3.36
core.bgc_1.lfsr_col._16_,3.36
core.bgc_1.lfsr_row._00_\[10\],3.36
core.bgc_1.lfsr_row._01_,3.36
core.bgc_1.lfsr_row._04_,3.36
core.bgc_1.lfsr_row._09_,3.36
core.bgc_1.lfsr_row._14_,3.36
core.bgc_1.lfsr_row._18_,3.36
core.bgc_1.row_reg._014_,3.36
core.bgc_10.col_data_in\[5\],3.36
core.bgc_10.col_reg._000_\[10\],3.36
core.bgc_10.col_reg._000_\[1\],3.36
core.bgc_10.col_reg._000_\[6\],3.36
core.bgc_10.col_reg._005_,3.36
core.bgc_10.col_reg._039_,3.36
core.bgc_10.col_reg._047_,3.36
core.bgc_10.comp_col.A\[10\],3.36
core.bgc_10.comp_col._00_,3.36
core.bgc_10.comp_col.pe1._02_,3.36
core.bgc_10.comp_col.pe1._17_,3.36
core.bgc_10.comp_row.A\[6\],3.36
core.bgc_10.comp_row._01_,3.36
core.bgc_10.comp_row.pe1._00_,3.36
core.bgc_10.lfsr_col._14_,3.36
core.bgc_10.lfsr_col._23_,3.36
core.bgc_10.lfsr_row._00_\[8\],3.36
core.bgc_10.lfsr_row._00_\[9\],3.36
core.bgc_10.lfsr_row._03_,3.36
core.bgc_10.lfsr_row._05_,3.36
core.bgc_10.lfsr_row._16_,3.36
core.bgc_10.row_reg._000_\[10\],3.36
core.bgc_10.row_reg._000_\[2\],3.36
core.bgc_10.row_reg._021_,3.36
core.bgc_10.row_reg._025_,3.36
core.bgc_11.col_data_in\[5\],3.36
core.bgc_11.col_reg._019_,3.36
core.bgc_11.col_reg._024_,3.36
core.bgc_11.comp_col.A\[10\],3.36
core.bgc_11.comp_col.A\[6\],3.36
core.bgc_11.comp_col.pe2._10_,3.36
core.bgc_11.comp_row.A\[6\],3.36
core.bgc_11.comp_row.A\[7\],3.36
core.bgc_11.comp_row._00_,3.36
core.bgc_11.comp_row.pe1._17_,3.36
core.bgc_11.final_counter._00_\[6\],3.36
core.bgc_11.lfsr_col._00_\[5\],3.36
core.bgc_11.lfsr_col._00_\[6\],3.36
core.bgc_11.lfsr_col._00_\[9\],3.36
core.bgc_11.lfsr_col._03_,3.36
core.bgc_11.lfsr_col._11_,3.36
core.bgc_11.lfsr_col._21_,3.36
core.bgc_11.lfsr_row._00_\[10\],3.36
core.bgc_11.lfsr_row._00_\[11\],3.36
core.bgc_11.lfsr_row._00_\[2\],3.36
core.bgc_11.lfsr_row._00_\[8\],3.36
core.bgc_11.lfsr_row._09_,3.36
core.bgc_11.lfsr_row._13_,3.36
core.bgc_11.lfsr_row._15_,3.36
core.bgc_11.lfsr_row._22_,3.36
core.bgc_11.row_reg._001_,3.36
core.bgc_11.row_reg._030_,3.36
core.bgc_11.row_reg._048_,3.36
core.bgc_11.row_reg._049_,3.36
core.bgc_12.col_data_in\[4\],3.36
core.bgc_12.col_reg._011_,3.36
core.bgc_12.comp_col.GR_bits\[1\],3.36
core.bgc_12.comp_col._19_,3.36
core.bgc_12.comp_col.pe1._01_,3.36
core.bgc_12.comp_row.pe2._05_,3.36
core.bgc_12.lfsr_col._00_\[5\],3.36
core.bgc_12.lfsr_col._00_\[6\],3.36
core.bgc_12.lfsr_col._00_\[8\],3.36
core.bgc_12.lfsr_col._08_,3.36
core.bgc_12.lfsr_col._14_,3.36
core.bgc_12.lfsr_col._16_,3.36
core.bgc_12.lfsr_row._00_\[0\],3.36
core.bgc_12.lfsr_row._00_\[3\],3.36
core.bgc_12.lfsr_row._00_\[6\],3.36
core.bgc_12.lfsr_row._01_,3.36
core.bgc_12.lfsr_row._13_,3.36
core.bgc_12.lfsr_row._15_,3.36
core.bgc_12.lfsr_row._17_,3.36
core.bgc_12.row_reg._004_,3.36
core.bgc_12.row_reg._014_,3.36
core.bgc_12.row_reg._030_,3.36
core.bgc_13.col_reg._000_\[2\],3.36
core.bgc_13.col_reg._004_,3.36
core.bgc_13.comp_col._19_,3.36
core.bgc_13.comp_col.pe1._00_,3.36
core.bgc_13.comp_col.pe2._00_,3.36
core.bgc_13.final_counter._00_\[7\],3.36
core.bgc_13.final_counter._07_,3.36
core.bgc_13.lfsr_col._00_\[10\],3.36
core.bgc_13.lfsr_col._00_\[1\],3.36
core.bgc_13.lfsr_col._01_,3.36
core.bgc_13.lfsr_col._11_,3.36
core.bgc_13.lfsr_col._21_,3.36
core.bgc_13.lfsr_row._00_\[0\],3.36
core.bgc_13.lfsr_row._00_\[7\],3.36
core.bgc_13.lfsr_row._07_,3.36
core.bgc_13.lfsr_row._15_,3.36
core.bgc_13.lfsr_row._24_,3.36
core.bgc_13.row_reg._000_\[6\],3.36
core.bgc_14.col_reg._000_\[5\],3.36
core.bgc_14.col_reg._012_,3.36
core.bgc_14.col_reg._047_,3.36
core.bgc_14.comp_row.A\[2\],3.36
core.bgc_14.comp_row.A\[5\],3.36
core.bgc_14.comp_row.A\[6\],3.36
core.bgc_14.comp_row._01_,3.36
core.bgc_14.comp_row.pe2._00_,3.36
core.bgc_14.comp_row.pe2._11_,3.36
core.bgc_14.lfsr_col._00_\[6\],3.36
core.bgc_14.lfsr_col._00_\[7\],3.36
core.bgc_14.lfsr_col._06_,3.36
core.bgc_14.lfsr_col._09_,3.36
core.bgc_14.lfsr_row._05_,3.36
core.bgc_14.lfsr_row._07_,3.36
core.bgc_14.row_reg._000_\[5\],3.36
core.bgc_14.row_reg._003_,3.36
core.bgc_14.row_reg._017_,3.36
core.bgc_14.row_reg._039_,3.36
core.bgc_14.row_reg._050_,3.36
core.bgc_14.row_reg._051_,3.36
core.bgc_15.col_reg._047_,3.36
core.bgc_15.comp_col.A\[4\],3.36
core.bgc_15.comp_col.A\[6\],3.36
core.bgc_15.comp_col.GL_bits\[0\],3.36
core.bgc_15.comp_col._19_,3.36
core.bgc_15.comp_col.pe2._07_,3.36
core.bgc_15.final_counter._00_\[10\],3.36
core.bgc_15.lfsr_col._00_\[10\],3.36
core.bgc_15.lfsr_col._00_\[4\],3.36
core.bgc_15.lfsr_col._00_\[6\],3.36
core.bgc_15.lfsr_col._00_\[7\],3.36
core.bgc_15.lfsr_col._04_,3.36
core.bgc_15.lfsr_col._08_,3.36
core.bgc_15.lfsr_col._11_,3.36
core.bgc_15.lfsr_row._00_\[2\],3.36
core.bgc_15.lfsr_row._00_\[3\],3.36
core.bgc_15.lfsr_row._00_\[5\],3.36
core.bgc_15.lfsr_row._00_\[9\],3.36
core.bgc_15.lfsr_row._13_,3.36
core.bgc_15.row_reg._000_\[8\],3.36
core.bgc_15.row_reg._007_,3.36
core.bgc_15.row_reg._020_,3.36
core.bgc_15.row_reg._035_,3.36
core.bgc_2._03_,3.36
core.bgc_2.col_data_in\[4\],3.36
core.bgc_2.col_reg._013_,3.36
core.bgc_2.col_reg._039_,3.36
core.bgc_2.comp_col._00_,3.36
core.bgc_2.comp_col._17_,3.36
core.bgc_2.comp_col.pe2._01_,3.36
core.bgc_2.comp_row.A\[8\],3.36
core.bgc_2.final_counter._10_,3.36
core.bgc_2.lfsr_col._00_\[6\],3.36
core.bgc_2.lfsr_col._13_,3.36
core.bgc_2.lfsr_row._00_\[11\],3.36
core.bgc_2.lfsr_row._00_\[3\],3.36
core.bgc_2.lfsr_row._00_\[8\],3.36
core.bgc_2.lfsr_row._06_,3.36
core.bgc_2.lfsr_row._11_,3.36
core.bgc_2.lfsr_row._18_,3.36
core.bgc_2.lfsr_row._21_,3.36
core.bgc_2.row_reg._000_\[0\],3.36
core.bgc_2.row_reg._009_,3.36
core.bgc_3.col_reg._002_,3.36
core.bgc_3.comp_col.GR_index\[0\],3.36
core.bgc_3.comp_col.pe1._05_,3.36
core.bgc_3.comp_row.pe2._01_,3.36
core.bgc_3.final_counter._28_,3.36
core.bgc_3.lfsr_col._00_\[10\],3.36
core.bgc_3.lfsr_col._00_\[5\],3.36
core.bgc_3.lfsr_col._00_\[6\],3.36
core.bgc_3.lfsr_col._00_\[7\],3.36
core.bgc_3.lfsr_row._12_,3.36
core.bgc_3.lfsr_row._19_,3.36
core.bgc_3.row_reg._040_,3.36
core.bgc_3.row_reg._050_,3.36
core.bgc_3.row_reg._051_,3.36
core.bgc_4.col_data_in\[4\],3.36
core.bgc_4.col_reg._000_\[8\],3.36
core.bgc_4.col_reg._001_,3.36
core.bgc_4.col_reg._018_,3.36
core.bgc_4.comp_col.A\[3\],3.36
core.bgc_4.comp_col.A\[7\],3.36
core.bgc_4.comp_col._19_,3.36
core.bgc_4.comp_col.pe1._00_,3.36
core.bgc_4.comp_col.pe2._00_,3.36
core.bgc_4.comp_col.pe2._11_,3.36
core.bgc_4.comp_row.A\[9\],3.36
core.bgc_4.comp_row.GR_index\[0\],3.36
core.bgc_4.final_counter._20_,3.36
core.bgc_4.lfsr_col._00_\[2\],3.36
core.bgc_4.lfsr_col._00_\[6\],3.36
core.bgc_4.lfsr_col._09_,3.36
core.bgc_4.lfsr_col._19_,3.36
core.bgc_4.lfsr_row._00_\[4\],3.36
core.bgc_4.lfsr_row._00_\[6\],3.36
core.bgc_4.lfsr_row._15_,3.36
core.bgc_4.lfsr_row._23_,3.36
core.bgc_4.row_reg._000_\[8\],3.36
core.bgc_4.row_reg._013_,3.36
core.bgc_4.row_reg._015_,3.36
core.bgc_4.row_reg._028_,3.36
core.bgc_5.col_data_in\[7\],3.36
core.bgc_5.col_reg._048_,3.36
core.bgc_5.comp_col.A\[4\],3.36
core.bgc_5.comp_col.pe2._02_,3.36
core.bgc_5.comp_col.pe2._05_,3.36
core.bgc_5.comp_col.pe2._17_,3.36
core.bgc_5.comp_row.A\[5\],3.36
core.bgc_5.comp_row.GL_bits\[1\],3.36
core.bgc_5.comp_row.pe1._08_,3.36
core.bgc_5.final_counter._08_,3.36
core.bgc_5.final_counter._17_,3.36
core.bgc_5.lfsr_col._00_\[8\],3.36
core.bgc_5.lfsr_col._00_\[9\],3.36
core.bgc_5.lfsr_col._03_,3.36
core.bgc_5.lfsr_col._04_,3.36
core.bgc_5.lfsr_col._05_,3.36
core.bgc_5.lfsr_col._20_,3.36
core.bgc_5.lfsr_row._00_\[2\],3.36
core.bgc_5.lfsr_row._00_\[4\],3.36
core.bgc_5.lfsr_row._00_\[7\],3.36
core.bgc_5.lfsr_row._00_\[8\],3.36
core.bgc_5.lfsr_row._09_,3.36
core.bgc_5.row_reg._000_\[7\],3.36
core.bgc_5.row_reg._000_\[8\],3.36
core.bgc_5.row_reg._030_,3.36
core.bgc_5.row_reg._047_,3.36
core.bgc_6.col_reg._000_\[11\],3.36
core.bgc_6.col_reg._000_\[9\],3.36
core.bgc_6.col_reg._010_,3.36
core.bgc_6.comp_col.A\[7\],3.36
core.bgc_6.comp_col.GR_index\[2\],3.36
core.bgc_6.comp_col.pe1._00_,3.36
core.bgc_6.comp_row.A\[2\],3.36
core.bgc_6.comp_row._19_,3.36
core.bgc_6.comp_row.pe1._05_,3.36
core.bgc_6.comp_row.pe1._17_,3.36
core.bgc_6.lfsr_col._09_,3.36
core.bgc_6.lfsr_col._11_,3.36
core.bgc_6.lfsr_row._00_\[0\],3.36
core.bgc_6.lfsr_row._03_,3.36
core.bgc_6.lfsr_row._07_,3.36
core.bgc_6.lfsr_row._13_,3.36
core.bgc_6.lfsr_row._17_,3.36
core.bgc_6.row_reg._000_\[5\],3.36
core.bgc_6.row_reg._019_,3.36
core.bgc_7.col_reg._000_\[0\],3.36
core.bgc_7.col_reg._021_,3.36
core.bgc_7.col_reg._029_,3.36
core.bgc_7.comp_col.pe2._02_,3.36
core.bgc_7.comp_row.A\[5\],3.36
core.bgc_7.comp_row.pe1._00_,3.36
core.bgc_7.comp_row.pe2._00_,3.36
core.bgc_7.final_counter._00_\[8\],3.36
core.bgc_7.lfsr_col._00_\[10\],3.36
core.bgc_7.lfsr_col._00_\[1\],3.36
core.bgc_7.lfsr_col._00_\[2\],3.36
core.bgc_7.lfsr_col._00_\[9\],3.36
core.bgc_7.lfsr_col._11_,3.36
core.bgc_7.lfsr_col._20_,3.36
core.bgc_7.lfsr_row._00_\[7\],3.36
core.bgc_7.lfsr_row._00_\[9\],3.36
core.bgc_7.lfsr_row._05_,3.36
core.bgc_7.lfsr_row._11_,3.36
core.bgc_7.lfsr_row._16_,3.36
core.bgc_7.lfsr_row._21_,3.36
core.bgc_7.row_reg._029_,3.36
core.bgc_7.row_reg._037_,3.36
core.bgc_8.col_data_in\[4\],3.36
core.bgc_8.col_reg._000_\[3\],3.36
core.bgc_8.col_reg._014_,3.36
core.bgc_8.comp_col.A\[3\],3.36
core.bgc_8.comp_col.A\[5\],3.36
core.bgc_8.comp_col.pe1._10_,3.36
core.bgc_8.comp_col.pe2._10_,3.36
core.bgc_8.comp_col.pe2._17_,3.36
core.bgc_8.comp_row.A\[2\],3.36
core.bgc_8.comp_row.A\[7\],3.36
core.bgc_8.comp_row._01_,3.36
core.bgc_8.comp_row.pe1._02_,3.36
core.bgc_8.comp_row.pe2._00_,3.36
core.bgc_8.final_counter._00_\[9\],3.36
core.bgc_8.final_counter._25_,3.36
core.bgc_8.lfsr_col._00_\[5\],3.36
core.bgc_8.lfsr_col._07_,3.36
core.bgc_8.lfsr_col._13_,3.36
core.bgc_8.lfsr_col._19_,3.36
core.bgc_8.lfsr_row._00_\[4\],3.36
core.bgc_8.lfsr_row._00_\[6\],3.36
core.bgc_8.lfsr_row._00_\[7\],3.36
core.bgc_8.lfsr_row._01_,3.36
core.bgc_8.lfsr_row._21_,3.36
core.bgc_8.row_reg._021_,3.36
core.bgc_8.row_reg._027_,3.36
core.bgc_9.col_reg._012_,3.36
core.bgc_9.col_reg._020_,3.36
core.bgc_9.comp_col.pe2._14_,3.36
core.bgc_9.comp_row.GR_index\[0\],3.36
core.bgc_9.comp_row.pe2._14_,3.36
core.bgc_9.comp_row.pe2._17_,3.36
core.bgc_9.final_counter._00_\[7\],3.36
core.bgc_9.final_counter._11_,3.36
core.bgc_9.final_counter._25_,3.36
core.bgc_9.lfsr_col._00_\[10\],3.36
core.bgc_9.lfsr_col._00_\[4\],3.36
core.bgc_9.lfsr_col._00_\[8\],3.36
core.bgc_9.lfsr_col._09_,3.36
core.bgc_9.lfsr_col._10_,3.36
core.bgc_9.lfsr_col._12_,3.36
core.bgc_9.lfsr_row._00_\[5\],3.36
core.bgc_9.lfsr_row._00_\[7\],3.36
core.bgc_9.lfsr_row._04_,3.36
core.bgc_9.lfsr_row._07_,3.36
core.bgc_9.lfsr_row._12_,3.36
core.bgc_9.lfsr_row._26_,3.36
core.bgc_9.row_reg._000_\[10\],3.36
core.bgc_9.row_reg._000_\[3\],3.36
core.bgc_9.row_reg._027_,3.36
core.bgc_9.row_reg._034_,3.36
core.lfsr_enabler._08_,3.36
core.lfsr_enabler._18_,3.36
core.res_mem_inst._002_\[0\],3.36
core.res_mem_inst._002_\[3\],3.36
core.res_mem_inst._020_,3.36
core.res_mem_inst._043_,3.36
core.res_mem_inst.out_dec_inst._00_\[0\],3.36
core.res_mem_inst.slot\[0\].slot_reg._000_\[5\],3.36
core.res_mem_inst.slot\[0\].slot_reg._000_\[6\],3.36
core.res_mem_inst.slot\[10\].slot_reg._020_,3.36
core.res_mem_inst.slot\[11\].slot_reg._003_,3.36
core.res_mem_inst.slot\[11\].slot_reg._008_,3.36
core.res_mem_inst.slot\[11\].slot_reg._029_,3.36
core.res_mem_inst.slot\[12\].slot_reg._020_,3.36
core.res_mem_inst.slot\[13\].slot_reg._006_,3.36
core.res_mem_inst.slot\[13\].slot_reg._017_,3.36
core.res_mem_inst.slot\[13\].slot_reg._034_,3.36
core.res_mem_inst.slot\[14\].slot_reg._000_\[4\],3.36
core.res_mem_inst.slot\[14\].slot_reg._000_\[5\],3.36
core.res_mem_inst.slot\[14\].slot_reg._000_\[9\],3.36
core.res_mem_inst.slot\[14\].slot_reg._038_,3.36
core.res_mem_inst.slot\[15\].slot_reg._000_\[10\],3.36
core.res_mem_inst.slot\[15\].slot_reg._052_,3.36
core.res_mem_inst.slot\[1\].slot_reg._012_,3.36
core.res_mem_inst.slot\[2\].slot_reg._000_\[7\],3.36
core.res_mem_inst.slot\[3\].slot_reg._010_,3.36
core.res_mem_inst.slot\[3\].slot_reg._050_,3.36
core.res_mem_inst.slot\[3\].slot_reg._051_,3.36
core.res_mem_inst.slot\[5\].slot_reg._015_,3.36
core.res_mem_inst.slot\[5\].slot_reg._030_,3.36
core.res_mem_inst.slot\[5\].slot_reg._038_,3.36
core.res_mem_inst.slot\[6\].slot_reg._000_\[8\],3.36
core.res_mem_inst.slot\[6\].slot_reg._000_\[9\],3.36
core.res_mem_inst.slot\[6\].slot_reg._001_,3.36
core.res_mem_inst.slot\[6\].slot_reg._002_,3.36
core.res_mem_inst.slot\[6\].slot_reg._038_,3.36
core.res_mem_inst.slot\[7\].slot_reg._000_\[1\],3.36
core.res_mem_inst.slot\[7\].slot_reg._000_\[5\],3.36
core.res_mem_inst.slot\[7\].slot_reg._001_,3.36
core.res_mem_inst.slot\[7\].slot_reg._022_,3.36
core.res_mem_inst.slot\[7\].slot_reg._025_,3.36
core.res_mem_inst.slot\[7\].slot_reg._035_,3.36
core.res_mem_inst.slot\[7\].slot_reg._038_,3.36
core.res_mem_inst.slot\[8\].slot_reg._000_\[4\],3.36
core.res_mem_inst.slot\[8\].slot_reg._000_\[9\],3.36
core.res_mem_inst.slot\[8\].slot_reg._001_,3.36
core.res_mem_inst.slot\[8\].slot_reg._019_,3.36
core.res_mem_inst.slot\[8\].slot_reg._047_,3.36
core.res_mem_inst.slot\[9\].slot_reg._013_,3.36
core.timer_inst._01_\[10\],3.36
core.timer_inst._01_\[4\],3.36
core.timer_inst._17_,3.36
core.timer_inst._21_,3.36
net605,2.9
core.bgc_0.col_reg._014_,2.9
core.bgc_0.comp_col.pe1._02_,2.9
core.bgc_0.comp_row.pe1._00_,2.9
core.bgc_0.comp_row.pe2._02_,2.9
core.bgc_1.comp_col.pe2._01_,2.9
core.bgc_1.comp_row.GR_index\[0\],2.9
core.bgc_10.comp_row.A\[4\],2.9
core.bgc_11._03_,2.9
core.bgc_11.comp_row.pe1._02_,2.9
core.bgc_12.comp_col.pe2._00_,2.9
core.bgc_12.row_reg._013_,2.9
core.bgc_12.row_reg._049_,2.9
core.bgc_13.comp_row.pe2._00_,2.9
core.bgc_14._04_,2.9
core.bgc_14.col_reg._027_,2.9
core.bgc_14.row_reg._013_,2.9
core.bgc_15.col_reg._013_,2.9
core.bgc_15.comp_col.pe2._01_,2.9
core.bgc_2.col_data_in\[3\],2.9
core.bgc_2.col_reg._051_,2.9
core.bgc_2.row_reg._040_,2.9
core.bgc_3.row_reg._039_,2.9
core.bgc_3.row_reg._047_,2.9
core.bgc_4.col_reg._013_,2.9
core.bgc_4.col_reg._045_,2.9
core.bgc_4.col_reg._052_,2.9
core.bgc_5.comp_row.A\[8\],2.9
core.bgc_5.comp_row.pe2._00_,2.9
core.bgc_6.col_reg._051_,2.9
core.bgc_6.comp_col.pe1._01_,2.9
core.bgc_6.comp_row.pe1._02_,2.9
core.bgc_7.comp_col.pe1._00_,2.9
core.bgc_8.col_reg._023_,2.9
core.bgc_8.comp_col.A\[6\],2.9
core.bgc_8.comp_col.pe1._02_,2.9
core.bgc_8.comp_row.pe2._02_,2.9
core.bgc_8.final_counter._18_,2.9
core.bgc_9.col_reg._049_,2.9
core.lfsr_enabler._02_,2.9
core.res_mem_inst.slot\[10\].slot_reg._027_,2.9
core.res_mem_inst.slot\[14\].slot_reg._015_,2.9
core.res_mem_inst.slot\[14\].slot_reg._025_,2.9
core.res_mem_inst.slot\[4\].slot_reg._046_,2.9
core.res_mem_inst.slot\[5\].slot_reg._045_,2.9
core.timer_inst._20_,2.9
net1041,2.85
net1196,2.85
net1220,2.85
net1528,2.85
net150,2.85
net430,2.85
net454,2.85
net593,2.85
core.bgc_11.comp_col._00_,2.85
core.bgc_15.final_counter._02_,2.85
core.res_mem_inst.slot\[10\].slot_reg._038_,2.85
core.res_mem_inst.slot\[15\].slot_reg._027_,2.85
core.res_mem_inst.slot\[2\].slot_reg._029_,2.85
net894,2.8
net896,2.8
net905,2.8
net915,2.8
net936,2.8
net938,2.8
net948,2.8
net958,2.8
net959,2.8
net962,2.8
net981,2.8
net983,2.8
net1001,2.8
net1002,2.8
net1004,2.8
net1021,2.8
net1039,2.8
net1043,2.8
net1095,2.8
net1096,2.8
net1105,2.8
net1116,2.8
net1117,2.8
net1118,2.8
net1121,2.8
net1130,2.8
net1135,2.8
net1141,2.8
net1143,2.8
net1144,2.8
net1159,2.8
net1160,2.8
net1192,2.8
net1193,2.8
net1199,2.8
net1221,2.8
net1241,2.8
net1244,2.8
net1246,2.8
net1247,2.8
net1262,2.8
net1263,2.8
net1337,2.8
net1342,2.8
net1351,2.8
net1361,2.8
net1382,2.8
net1403,2.8
net1407,2.8
net1415,2.8
net1423,2.8
net1428,2.8
net1441,2.8
net1453,2.8
net1474,2.8
net1491,2.8
net1506,2.8
net1507,2.8
net1510,2.8
net1526,2.8
net1529,2.8
net93,2.8
net127,2.8
net130,2.8
net139,2.8
net149,2.8
net159,2.8
net169,2.8
net191,2.8
net194,2.8
net197,2.8
net195,2.8
net208,2.8
net218,2.8
net234,2.8
net253,2.8
net293,2.8
net326,2.8
net345,2.8
net352,2.8
net356,2.8
net369,2.8
net382,2.8
net394,2.8
net400,2.8
net424,2.8
net437,2.8
net453,2.8
net490,2.8
net502,2.8
net504,2.8
net510,2.8
net530,2.8
net533,2.8
net540,2.8
net561,2.8
net562,2.8
net606,2.8
net614,2.8
net624,2.8
net708,2.8
net710,2.8
net727,2.8
net728,2.8
net731,2.8
net744,2.8
net751,2.8
net753,2.8
net760,2.8
net761,2.8
net768,2.8
net769,2.8
net811,2.8
net816,2.8
net837,2.8
net851,2.8
net871,2.8
core._03_,2.8
core.adder_tree._0011_,2.8
core.adder_tree._0071_,2.8
core.adder_tree._0146_,2.8
core.adder_tree._0241_,2.8
core.adder_tree._0253_,2.8
core.adder_tree._0287_,2.8
core.adder_tree._0321_,2.8
core.adder_tree._0326_,2.8
core.adder_tree._0355_,2.8
core.adder_tree._0361_,2.8
core.adder_tree._0390_,2.8
core.adder_tree._0395_,2.8
core.adder_tree._0514_,2.8
core.adder_tree._0558_,2.8
core.adder_tree._0559_,2.8
core.adder_tree._0631_,2.8
core.adder_tree._0652_,2.8
core.adder_tree._0653_,2.8
core.adder_tree._0656_,2.8
core.adder_tree._0691_,2.8
core.adder_tree._0693_,2.8
core.bgc_0.col_data_in\[2\],2.8
core.bgc_0.col_reg._025_,2.8
core.bgc_0.comp_col.pe1._05_,2.8
core.bgc_0.comp_row.A\[11\],2.8
core.bgc_0.comp_row.A\[5\],2.8
core.bgc_0.comp_row.GL_bits\[0\],2.8
core.bgc_0.comp_row.GR_index\[0\],2.8
core.bgc_0.comp_row.pe2._00_,2.8
core.bgc_0.comp_row.pe2._04_,2.8
core.bgc_0.comp_row.pe2._05_,2.8
core.bgc_0.lfsr_col._00_\[8\],2.8
core.bgc_0.lfsr_col._12_,2.8
core.bgc_0.lfsr_col._13_,2.8
core.bgc_0.lfsr_col._17_,2.8
core.bgc_0.lfsr_col._18_,2.8
core.bgc_0.lfsr_row._03_,2.8
core.bgc_0.lfsr_row._05_,2.8
core.bgc_0.lfsr_row._09_,2.8
core.bgc_0.lfsr_row._13_,2.8
core.bgc_0.lfsr_row._16_,2.8
core.bgc_0.lfsr_row._18_,2.8
core.bgc_0.row_reg._019_,2.8
core.bgc_0.row_reg._045_,2.8
core.bgc_1.col_data_in\[4\],2.8
core.bgc_1.col_data_in\[5\],2.8
core.bgc_1.col_reg._000_\[8\],2.8
core.bgc_1.col_reg._009_,2.8
core.bgc_1.comp_row.A\[5\],2.8
core.bgc_1.comp_row.GR_index\[2\],2.8
core.bgc_1.final_counter._02_,2.8
core.bgc_1.lfsr_col._00_\[0\],2.8
core.bgc_1.lfsr_col._00_\[4\],2.8
core.bgc_1.lfsr_col._02_,2.8
core.bgc_1.lfsr_col._06_,2.8
core.bgc_1.lfsr_col._14_,2.8
core.bgc_1.lfsr_row._00_\[2\],2.8
core.bgc_1.lfsr_row._00_\[9\],2.8
core.bgc_1.lfsr_row._07_,2.8
core.bgc_1.lfsr_row._12_,2.8
core.bgc_1.lfsr_row._13_,2.8
core.bgc_1.lfsr_row._16_,2.8
core.bgc_1.lfsr_row._20_,2.8
core.bgc_1.row_reg._013_,2.8
core.bgc_1.row_reg._027_,2.8
core.bgc_10._04_,2.8
core.bgc_10.col_data_in\[2\],2.8
core.bgc_10.col_data_in\[7\],2.8
core.bgc_10.col_reg._019_,2.8
core.bgc_10.col_reg._038_,2.8
core.bgc_10.comp_col.pe1._05_,2.8
core.bgc_10.comp_col.pe2._01_,2.8
core.bgc_10.comp_col.pe2._04_,2.8
core.bgc_10.comp_row.A\[2\],2.8
core.bgc_10.comp_row.GL_index\[0\],2.8
core.bgc_10.comp_row.pe1._04_,2.8
core.bgc_10.comp_row.pe2._05_,2.8
core.bgc_10.final_counter._18_,2.8
core.bgc_10.final_counter._24_,2.8
core.bgc_10.lfsr_col._00_\[9\],2.8
core.bgc_10.lfsr_col._01_,2.8
core.bgc_10.lfsr_col._04_,2.8
core.bgc_10.lfsr_row._04_,2.8
core.bgc_10.lfsr_row._07_,2.8
core.bgc_10.lfsr_row._09_,2.8
core.bgc_10.lfsr_row._10_,2.8
core.bgc_10.lfsr_row._11_,2.8
core.bgc_10.lfsr_row._13_,2.8
core.bgc_10.lfsr_row._23_,2.8
core.bgc_10.row_reg._017_,2.8
core.bgc_10.row_reg._020_,2.8
core.bgc_10.row_reg._031_,2.8
core.bgc_10.row_reg._048_,2.8
core.bgc_10.row_reg._049_,2.8
core.bgc_11._02_,2.8
core.bgc_11.col_data_in\[10\],2.8
core.bgc_11.col_reg._000_\[5\],2.8
core.bgc_11.comp_col.pe2._00_,2.8
core.bgc_11.comp_row.pe2._04_,2.8
core.bgc_11.final_counter._00_\[1\],2.8
core.bgc_11.final_counter._11_,2.8
core.bgc_11.final_counter._15_,2.8
core.bgc_11.lfsr_col._08_,2.8
core.bgc_11.lfsr_col._15_,2.8
core.bgc_11.lfsr_col._20_,2.8
core.bgc_11.lfsr_col._22_,2.8
core.bgc_11.lfsr_col._23_,2.8
core.bgc_11.lfsr_row._00_\[5\],2.8
core.bgc_11.lfsr_row._00_\[9\],2.8
core.bgc_11.lfsr_row._03_,2.8
core.bgc_11.lfsr_row._05_,2.8
core.bgc_11.lfsr_row._10_,2.8
core.bgc_11.lfsr_row._11_,2.8
core.bgc_11.lfsr_row._12_,2.8
core.bgc_11.lfsr_row._14_,2.8
core.bgc_11.lfsr_row._20_,2.8
core.bgc_11.row_reg._000_\[1\],2.8
core.bgc_12.col_reg._000_\[6\],2.8
core.bgc_12.col_reg._004_,2.8
core.bgc_12.comp_col.GL_bits\[1\],2.8
core.bgc_12.comp_col.pe1._10_,2.8
core.bgc_12.comp_row.A\[9\],2.8
core.bgc_12.comp_row._00_,2.8
core.bgc_12.final_counter._00_\[2\],2.8
core.bgc_12.final_counter._00_\[4\],2.8
core.bgc_12.final_counter._00_\[6\],2.8
core.bgc_12.final_counter._05_,2.8
core.bgc_12.lfsr_col._00_\[1\],2.8
core.bgc_12.lfsr_col._02_,2.8
core.bgc_12.lfsr_col._06_,2.8
core.bgc_12.lfsr_col._10_,2.8
core.bgc_12.lfsr_col._15_,2.8
core.bgc_12.lfsr_col._21_,2.8
core.bgc_12.lfsr_row._00_\[9\],2.8
core.bgc_12.lfsr_row._03_,2.8
core.bgc_12.lfsr_row._04_,2.8
core.bgc_12.lfsr_row._11_,2.8
core.bgc_12.lfsr_row._20_,2.8
core.bgc_12.lfsr_row._22_,2.8
core.bgc_12.row_reg._032_,2.8
core.bgc_12.row_reg._052_,2.8
core.bgc_13._04_,2.8
core.bgc_13.comp_col.A\[9\],2.8
core.bgc_13.comp_col.GL_bits\[1\],2.8
core.bgc_13.comp_col.pe2._04_,2.8
core.bgc_13.comp_row._17_,2.8
core.bgc_13.comp_row.pe1._02_,2.8
core.bgc_13.comp_row.pe1._08_,2.8
core.bgc_13.comp_row.pe2._11_,2.8
core.bgc_13.final_counter._15_,2.8
core.bgc_13.lfsr_col._00_\[6\],2.8
core.bgc_13.lfsr_col._03_,2.8
core.bgc_13.lfsr_col._09_,2.8
core.bgc_13.lfsr_col._10_,2.8
core.bgc_13.lfsr_col._13_,2.8
core.bgc_13.lfsr_col._18_,2.8
core.bgc_13.lfsr_row._00_\[8\],2.8
core.bgc_13.lfsr_row._01_,2.8
core.bgc_13.lfsr_row._03_,2.8
core.bgc_13.lfsr_row._12_,2.8
core.bgc_13.lfsr_row._14_,2.8
core.bgc_13.lfsr_row._17_,2.8
core.bgc_13.lfsr_row._20_,2.8
core.bgc_13.row_reg._018_,2.8
core.bgc_13.row_reg._027_,2.8
core.bgc_13.row_reg._029_,2.8
core.bgc_13.row_reg._038_,2.8
core.bgc_13.row_reg._049_,2.8
core.bgc_14.col_data_in\[0\],2.8
core.bgc_14.col_data_in\[9\],2.8
core.bgc_14.comp_col.pe1._00_,2.8
core.bgc_14.comp_col.pe2._05_,2.8
core.bgc_14.comp_row.GR_index\[1\],2.8
core.bgc_14.comp_row.pe2._04_,2.8
core.bgc_14.final_counter._00_\[2\],2.8
core.bgc_14.final_counter._00_\[4\],2.8
core.bgc_14.lfsr_col._00_\[0\],2.8
core.bgc_14.lfsr_col._00_\[5\],2.8
core.bgc_14.lfsr_col._01_,2.8
core.bgc_14.lfsr_col._16_,2.8
core.bgc_14.lfsr_row._00_\[6\],2.8
core.bgc_14.lfsr_row._21_,2.8
core.bgc_14.row_reg._018_,2.8
core.bgc_14.row_reg._029_,2.8
core.bgc_14.row_reg._035_,2.8
core.bgc_15.col_data_in\[6\],2.8
core.bgc_15.col_reg._024_,2.8
core.bgc_15.col_reg._026_,2.8
core.bgc_15.col_reg._032_,2.8
core.bgc_15.comp_col.A\[5\],2.8
core.bgc_15.comp_col.GR_index\[0\],2.8
core.bgc_15.comp_row._18_,2.8
core.bgc_15.comp_row.pe2._04_,2.8
core.bgc_15.final_counter._00_\[11\],2.8
core.bgc_15.final_counter._00_\[3\],2.8
core.bgc_15.final_counter._13_,2.8
core.bgc_15.final_counter._18_,2.8
core.bgc_15.lfsr_col._00_\[11\],2.8
core.bgc_15.lfsr_col._00_\[3\],2.8
core.bgc_15.lfsr_col._00_\[8\],2.8
core.bgc_15.lfsr_col._14_,2.8
core.bgc_15.lfsr_col._16_,2.8
core.bgc_15.lfsr_col._18_,2.8
core.bgc_15.lfsr_col._24_,2.8
core.bgc_15.lfsr_col._26_,2.8
core.bgc_15.lfsr_row._00_\[10\],2.8
core.bgc_15.lfsr_row._00_\[1\],2.8
core.bgc_15.lfsr_row._00_\[8\],2.8
core.bgc_15.lfsr_row._01_,2.8
core.bgc_15.lfsr_row._02_,2.8
core.bgc_15.lfsr_row._05_,2.8
core.bgc_15.lfsr_row._12_,2.8
core.bgc_15.lfsr_row._18_,2.8
core.bgc_15.lfsr_row._20_,2.8
core.bgc_15.row_reg._000_\[4\],2.8
core.bgc_15.row_reg._034_,2.8
core.bgc_2.col_data_in\[8\],2.8
core.bgc_2.col_reg._000_\[11\],2.8
core.bgc_2.comp_col.pe2._00_,2.8
core.bgc_2.comp_col.pe2._05_,2.8
core.bgc_2.comp_row.A\[3\],2.8
core.bgc_2.comp_row.pe1._05_,2.8
core.bgc_2.comp_row.pe2._02_,2.8
core.bgc_2.comp_row.pe2._04_,2.8
core.bgc_2.final_counter._08_,2.8
core.bgc_2.lfsr_col._00_\[5\],2.8
core.bgc_2.lfsr_col._00_\[8\],2.8
core.bgc_2.lfsr_col._01_,2.8
core.bgc_2.lfsr_col._03_,2.8
core.bgc_2.lfsr_col._11_,2.8
core.bgc_2.lfsr_col._14_,2.8
core.bgc_2.lfsr_col._16_,2.8
core.bgc_2.lfsr_row._00_\[4\],2.8
core.bgc_2.lfsr_row._00_\[9\],2.8
core.bgc_2.lfsr_row._09_,2.8
core.bgc_2.row_reg._035_,2.8
core.bgc_2.row_reg._038_,2.8
core.bgc_2.row_reg._048_,2.8
core.bgc_3.col_data_in\[4\],2.8
core.bgc_3.col_data_in\[8\],2.8
core.bgc_3.col_reg._000_\[3\],2.8
core.bgc_3.col_reg._033_,2.8
core.bgc_3.col_reg._048_,2.8
core.bgc_3.col_reg._050_,2.8
core.bgc_3.comp_col.GR_bits\[0\],2.8
core.bgc_3.comp_col._17_,2.8
core.bgc_3.comp_row.GR_index\[1\],2.8
core.bgc_3.comp_row.pe2._02_,2.8
core.bgc_3.comp_row.pe2._04_,2.8
core.bgc_3.comp_row.pe2._11_,2.8
core.bgc_3.final_counter._00_\[8\],2.8
core.bgc_3.lfsr_col._12_,2.8
core.bgc_3.lfsr_col._19_,2.8
core.bgc_3.lfsr_col._24_,2.8
core.bgc_3.lfsr_row._00_\[10\],2.8
core.bgc_3.lfsr_row._00_\[5\],2.8
core.bgc_3.lfsr_row._00_\[8\],2.8
core.bgc_3.lfsr_row._05_,2.8
core.bgc_3.lfsr_row._17_,2.8
core.bgc_3.lfsr_row._24_,2.8
core.bgc_3.row_reg._002_,2.8
core.bgc_3.row_reg._048_,2.8
core.bgc_4.col_data_in\[8\],2.8
core.bgc_4.col_reg._033_,2.8
core.bgc_4.col_reg._035_,2.8
core.bgc_4.col_reg._044_,2.8
core.bgc_4.comp_col.pe1._04_,2.8
core.bgc_4.comp_row.A\[10\],2.8
core.bgc_4.comp_row.pe2._00_,2.8
core.bgc_4.comp_row.pe2._02_,2.8
core.bgc_4.comp_row.pe2._11_,2.8
core.bgc_4.final_counter._00_\[4\],2.8
core.bgc_4.final_counter._00_\[5\],2.8
core.bgc_4.final_counter._24_,2.8
core.bgc_4.lfsr_col._00_\[4\],2.8
core.bgc_4.lfsr_col._00_\[9\],2.8
core.bgc_4.lfsr_col._03_,2.8
core.bgc_4.lfsr_col._05_,2.8
core.bgc_4.lfsr_col._16_,2.8
core.bgc_4.lfsr_col._21_,2.8
core.bgc_4.lfsr_col._23_,2.8
core.bgc_4.lfsr_row._00_\[2\],2.8
core.bgc_4.lfsr_row._00_\[9\],2.8
core.bgc_4.lfsr_row._07_,2.8
core.bgc_4.lfsr_row._09_,2.8
core.bgc_4.lfsr_row._13_,2.8
core.bgc_4.lfsr_row._19_,2.8
core.bgc_4.lfsr_row._21_,2.8
core.bgc_4.row_reg._005_,2.8
core.bgc_4.row_reg._021_,2.8
core.bgc_4.row_reg._026_,2.8
core.bgc_4.row_reg._044_,2.8
core.bgc_4.row_reg._051_,2.8
core.bgc_4.row_reg._052_,2.8
core.bgc_5._03_,2.8
core.bgc_5.col_reg._049_,2.8
core.bgc_5.comp_col.A\[5\],2.8
core.bgc_5.comp_col.GR_bits\[1\],2.8
core.bgc_5.comp_row.A\[10\],2.8
core.bgc_5.final_counter._15_,2.8
core.bgc_5.final_counter._23_,2.8
core.bgc_5.final_counter._28_,2.8
core.bgc_5.lfsr_col._00_\[1\],2.8
core.bgc_5.lfsr_col._00_\[2\],2.8
core.bgc_5.lfsr_col._00_\[7\],2.8
core.bgc_5.lfsr_col._08_,2.8
core.bgc_5.lfsr_col._18_,2.8
core.bgc_5.lfsr_col._23_,2.8
core.bgc_5.lfsr_row._00_\[11\],2.8
core.bgc_5.lfsr_row._00_\[1\],2.8
core.bgc_5.lfsr_row._02_,2.8
core.bgc_5.lfsr_row._04_,2.8
core.bgc_5.lfsr_row._16_,2.8
core.bgc_5.row_reg._000_\[3\],2.8
core.bgc_5.row_reg._025_,2.8
core.bgc_5.row_reg._050_,2.8
core.bgc_5.row_reg._051_,2.8
core.bgc_6._04_,2.8
core.bgc_6.col_data_in\[0\],2.8
core.bgc_6.col_data_in\[1\],2.8
core.bgc_6.col_data_in\[7\],2.8
core.bgc_6.col_reg._024_,2.8
core.bgc_6.comp_col.GR_bits\[1\],2.8
core.bgc_6.comp_col.pe1._04_,2.8
core.bgc_6.comp_col.pe2._04_,2.8
core.bgc_6.comp_col.pe2._05_,2.8
core.bgc_6.comp_row.pe2._00_,2.8
core.bgc_6.comp_row.pe2._04_,2.8
core.bgc_6.final_counter._15_,2.8
core.bgc_6.final_counter._23_,2.8
core.bgc_6.final_counter._28_,2.8
core.bgc_6.lfsr_col._00_\[11\],2.8
core.bgc_6.lfsr_col._00_\[4\],2.8
core.bgc_6.lfsr_col._00_\[6\],2.8
core.bgc_6.lfsr_col._00_\[7\],2.8
core.bgc_6.lfsr_col._02_,2.8
core.bgc_6.lfsr_col._08_,2.8
core.bgc_6.lfsr_col._23_,2.8
core.bgc_6.lfsr_row._00_\[11\],2.8
core.bgc_6.lfsr_row._00_\[3\],2.8
core.bgc_6.lfsr_row._00_\[4\],2.8
core.bgc_6.lfsr_row._02_,2.8
core.bgc_6.lfsr_row._09_,2.8
core.bgc_6.lfsr_row._15_,2.8
core.bgc_6.lfsr_row._24_,2.8
core.bgc_6.row_reg._017_,2.8
core.bgc_6.row_reg._022_,2.8
core.bgc_7.col_data_in\[9\],2.8
core.bgc_7.col_reg._019_,2.8
core.bgc_7.col_reg._050_,2.8
core.bgc_7.comp_col.A\[7\],2.8
core.bgc_7.comp_col.GL_bits\[0\],2.8
core.bgc_7.comp_col.GR_index\[0\],2.8
core.bgc_7.comp_col.pe1._08_,2.8
core.bgc_7.comp_row.A\[10\],2.8
core.bgc_7.comp_row.A\[2\],2.8
core.bgc_7.comp_row.GL_index\[0\],2.8
core.bgc_7.comp_row.pe1._05_,2.8
core.bgc_7.comp_row.pe1._08_,2.8
core.bgc_7.final_counter._05_,2.8
core.bgc_7.final_counter._20_,2.8
core.bgc_7.final_counter._23_,2.8
core.bgc_7.lfsr_col._00_\[0\],2.8
core.bgc_7.lfsr_col._08_,2.8
core.bgc_7.lfsr_col._23_,2.8
core.bgc_7.lfsr_row._00_\[5\],2.8
core.bgc_7.lfsr_row._01_,2.8
core.bgc_7.lfsr_row._03_,2.8
core.bgc_7.lfsr_row._15_,2.8
core.bgc_7.lfsr_row._20_,2.8
core.bgc_7.lfsr_row._23_,2.8
core.bgc_7.row_reg._000_\[3\],2.8
core.bgc_7.row_reg._002_,2.8
core.bgc_8.col_data_in\[3\],2.8
core.bgc_8.col_data_in\[6\],2.8
core.bgc_8.col_data_in\[8\],2.8
core.bgc_8.col_reg._017_,2.8
core.bgc_8.col_reg._031_,2.8
core.bgc_8.col_reg._047_,2.8
core.bgc_8.comp_col.A\[7\],2.8
core.bgc_8.comp_col.pe1._05_,2.8
core.bgc_8.comp_row.GR_index\[0\],2.8
core.bgc_8.lfsr_col._00_\[4\],2.8
core.bgc_8.lfsr_col._00_\[9\],2.8
core.bgc_8.lfsr_col._21_,2.8
core.bgc_8.lfsr_row._00_\[0\],2.8
core.bgc_8.lfsr_row._00_\[3\],2.8
core.bgc_8.lfsr_row._00_\[9\],2.8
core.bgc_8.lfsr_row._02_,2.8
core.bgc_8.lfsr_row._12_,2.8
core.bgc_8.lfsr_row._15_,2.8
core.bgc_8.row_reg._015_,2.8
core.bgc_8.row_reg._033_,2.8
core.bgc_9._03_,2.8
core.bgc_9._04_,2.8
core.bgc_9.col_data_in\[7\],2.8
core.bgc_9.comp_col.GL_bits\[0\],2.8
core.bgc_9.comp_col.GR_index\[0\],2.8
core.bgc_9.comp_col.pe1._00_,2.8
core.bgc_9.comp_row.A\[1\],2.8
core.bgc_9.comp_row._01_,2.8
core.bgc_9.comp_row.pe1._04_,2.8
core.bgc_9.comp_row.pe2._04_,2.8
core.bgc_9.final_counter._18_,2.8
core.bgc_9.final_counter._26_,2.8
core.bgc_9.lfsr_col._00_\[1\],2.8
core.bgc_9.lfsr_col._03_,2.8
core.bgc_9.lfsr_col._15_,2.8
core.bgc_9.lfsr_row._00_\[8\],2.8
core.bgc_9.lfsr_row._01_,2.8
core.bgc_9.lfsr_row._02_,2.8
core.bgc_9.lfsr_row._16_,2.8
core.bgc_9.lfsr_row._18_,2.8
core.bgc_9.row_reg._017_,2.8
core.bgc_9.row_reg._021_,2.8
core.bgc_9.row_reg._022_,2.8
core.res_mem_inst._001_\[2\],2.8
core.res_mem_inst._003_,2.8
core.res_mem_inst._026_,2.8
core.res_mem_inst.out_dec_inst._00_\[1\],2.8
core.res_mem_inst.slot\[0\].slot_reg._020_,2.8
core.res_mem_inst.slot\[10\].slot_reg._000_\[7\],2.8
core.res_mem_inst.slot\[10\].slot_reg._013_,2.8
core.res_mem_inst.slot\[11\].slot_reg._000_\[11\],2.8
core.res_mem_inst.slot\[11\].slot_reg._013_,2.8
core.res_mem_inst.slot\[12\].slot_reg._015_,2.8
core.res_mem_inst.slot\[12\].slot_reg._021_,2.8
core.res_mem_inst.slot\[12\].slot_reg._048_,2.8
core.res_mem_inst.slot\[13\].slot_reg._000_\[0\],2.8
core.res_mem_inst.slot\[13\].slot_reg._049_,2.8
core.res_mem_inst.slot\[15\].slot_reg._000_\[2\],2.8
core.res_mem_inst.slot\[15\].slot_reg._000_\[3\],2.8
core.res_mem_inst.slot\[15\].slot_reg._000_\[9\],2.8
core.res_mem_inst.slot\[1\].slot_reg._007_,2.8
core.res_mem_inst.slot\[1\].slot_reg._018_,2.8
core.res_mem_inst.slot\[1\].slot_reg._048_,2.8
core.res_mem_inst.slot\[3\].slot_reg._000_\[3\],2.8
core.res_mem_inst.slot\[3\].slot_reg._000_\[7\],2.8
core.res_mem_inst.slot\[3\].slot_reg._007_,2.8
core.res_mem_inst.slot\[3\].slot_reg._031_,2.8
core.res_mem_inst.slot\[3\].slot_reg._035_,2.8
core.res_mem_inst.slot\[3\].slot_reg._038_,2.8
core.res_mem_inst.slot\[3\].slot_reg._046_,2.8
core.res_mem_inst.slot\[4\].slot_reg._000_\[11\],2.8
core.res_mem_inst.slot\[4\].slot_reg._029_,2.8
core.res_mem_inst.slot\[4\].slot_reg._048_,2.8
core.res_mem_inst.slot\[4\].slot_reg._049_,2.8
core.res_mem_inst.slot\[6\].slot_reg._018_,2.8
core.res_mem_inst.slot\[6\].slot_reg._034_,2.8
core.res_mem_inst.slot\[6\].slot_reg._045_,2.8
core.res_mem_inst.slot\[6\].slot_reg._046_,2.8
core.res_mem_inst.slot\[7\].slot_reg._000_\[4\],2.8
core.res_mem_inst.slot\[7\].slot_reg._000_\[6\],2.8
core.res_mem_inst.slot\[7\].slot_reg._015_,2.8
core.res_mem_inst.slot\[7\].slot_reg._021_,2.8
core.res_mem_inst.slot\[7\].slot_reg._027_,2.8
core.res_mem_inst.slot\[7\].slot_reg._029_,2.8
core.res_mem_inst.slot\[7\].slot_reg._040_,2.8
core.res_mem_inst.slot\[7\].slot_reg._046_,2.8
core.res_mem_inst.slot\[8\].slot_reg._017_,2.8
core.res_mem_inst.slot\[9\].slot_reg._027_,2.8
core.res_mem_inst.slot\[9\].slot_reg._044_,2.8
net83,2.34
net100,2.34
net224,2.34
net350,2.34
net476,2.34
net691,2.34
net787,2.34
net823,2.34
core.bgc_0.comp_col.GR_bits\[0\],2.34
core.bgc_0.final_counter._13_,2.34
core.bgc_1.final_counter._18_,2.34
core.bgc_1.row_reg._036_,2.34
core.bgc_10.final_counter._20_,2.34
core.bgc_11.final_counter._17_,2.34
core.bgc_11.final_counter._24_,2.34
core.bgc_13.comp_col.GR_index\[1\],2.34
core.bgc_14.final_counter._02_,2.34
core.bgc_15.col_data_in\[7\],2.34
core.bgc_3.row_reg._024_,2.34
core.bgc_4.row_reg._032_,2.34
core.bgc_7.final_counter._24_,2.34
core.res_mem_inst.slot\[0\].slot_reg._022_,2.34
core.res_mem_inst.slot\[3\].slot_reg._032_,2.34
net16,2.34
net884,2.24
net1265,2.24
net1303,2.24
net1505,2.24
net101,2.24
net102,2.24
net108,2.24
net110,2.24
net165,2.24
net203,2.24
net206,2.24
net207,2.24
net241,2.24
net262,2.24
net266,2.24
net279,2.24
net313,2.24
net315,2.24
net320,2.24
net386,2.24
net402,2.24
net408,2.24
net440,2.24
net464,2.24
net473,2.24
net516,2.24
net560,2.24
net589,2.24
net600,2.24
net607,2.24
net610,2.24
net623,2.24
net704,2.24
net716,2.24
net717,2.24
net735,2.24
net759,2.24
net762,2.24
net780,2.24
net800,2.24
net801,2.24
net821,2.24
net825,2.24
net842,2.24
net846,2.24
net849,2.24
net850,2.24
net855,2.24
net857,2.24
core.adder_tree._0028_,2.24
core.adder_tree._0063_,2.24
core.adder_tree._0277_,2.24
core.adder_tree._0308_,2.24
core.adder_tree._0475_,2.24
core.adder_tree._0495_,2.24
core.adder_tree._0610_,2.24
core.adder_tree._0617_,2.24
core.adder_tree._0675_,2.24
core.adder_tree._0678_,2.24
core.bgc_0.col_data_in\[1\],2.24
core.bgc_0.col_data_in\[8\],2.24
core.bgc_0.col_reg._036_,2.24
core.bgc_0.col_reg._051_,2.24
core.bgc_0.comp_col.A\[8\],2.24
core.bgc_0.comp_col.GR_index\[1\],2.24
core.bgc_0.comp_col.pe1._17_,2.24
core.bgc_0.comp_row.pe2._17_,2.24
core.bgc_0.final_counter._05_,2.24
core.bgc_0.final_counter._24_,2.24
core.bgc_0.row_reg._034_,2.24
core.bgc_0.row_reg._052_,2.24
core.bgc_1.col_reg._021_,2.24
core.bgc_1.col_reg._029_,2.24
core.bgc_1.col_reg._036_,2.24
core.bgc_1.comp_row.A\[4\],2.24
core.bgc_1.comp_row.GL_bits\[0\],2.24
core.bgc_1.comp_row.GR_bits\[1\],2.24
core.bgc_10.col_data_in\[8\],2.24
core.bgc_10.col_reg._013_,2.24
core.bgc_10.comp_col.A\[1\],2.24
core.bgc_10.comp_col.A\[8\],2.24
core.bgc_10.comp_col._19_,2.24
core.bgc_10.final_counter._02_,2.24
core.bgc_10.row_reg._018_,2.24
core.bgc_10.row_reg._022_,2.24
core.bgc_10.row_reg._026_,2.24
core.bgc_10.row_reg._028_,2.24
core.bgc_11._04_,2.24
core.bgc_11.comp_col.GL_bits\[1\],2.24
core.bgc_11.comp_col.GR_bits\[1\],2.24
core.bgc_11.row_reg._018_,2.24
core.bgc_11.row_reg._032_,2.24
core.bgc_11.row_reg._040_,2.24
core.bgc_12.col_data_in\[10\],2.24
core.bgc_12.col_data_in\[11\],2.24
core.bgc_12.col_data_in\[3\],2.24
core.bgc_12.col_data_in\[6\],2.24
core.bgc_12.col_data_in\[9\],2.24
core.bgc_12.col_reg._003_,2.24
core.bgc_12.col_reg._012_,2.24
core.bgc_12.col_reg._039_,2.24
core.bgc_12.col_reg._048_,2.24
core.bgc_12.comp_col.pe2._08_,2.24
core.bgc_12.comp_row.A\[1\],2.24
core.bgc_12.comp_row.A\[3\],2.24
core.bgc_12.comp_row.GL_index\[0\],2.24
core.bgc_12.comp_row.GR_index\[3\],2.24
core.bgc_12.comp_row.pe1._00_,2.24
core.bgc_12.row_reg._006_,2.24
core.bgc_12.row_reg._022_,2.24
core.bgc_12.row_reg._046_,2.24
core.bgc_13._03_,2.24
core.bgc_13.col_reg._002_,2.24
core.bgc_13.col_reg._007_,2.24
core.bgc_13.comp_col.GR_bits\[0\],2.24
core.bgc_13.comp_col.x,2.24
core.bgc_13.comp_row.A\[8\],2.24
core.bgc_13.comp_row._19_,2.24
core.bgc_13.comp_row.pe1._11_,2.24
core.bgc_13.comp_row.pe2._17_,2.24
core.bgc_13.final_counter._24_,2.24
core.bgc_13.row_reg._001_,2.24
core.bgc_13.row_reg._020_,2.24
core.bgc_13.row_reg._037_,2.24
core.bgc_14.col_data_in\[3\],2.24
core.bgc_14.col_data_in\[4\],2.24
core.bgc_14.col_reg._023_,2.24
core.bgc_14.comp_col.A\[4\],2.24
core.bgc_14.comp_col.GR_bits\[0\],2.24
core.bgc_14.comp_col.pe2._11_,2.24
core.bgc_14.comp_row.GL_index\[0\],2.24
core.bgc_14.final_counter._11_,2.24
core.bgc_14.final_counter._28_,2.24
core.bgc_14.row_reg._001_,2.24
core.bgc_14.row_reg._031_,2.24
core.bgc_14.row_reg._036_,2.24
core.bgc_14.row_reg._045_,2.24
core.bgc_15.col_reg._028_,2.24
core.bgc_15.col_reg._029_,2.24
core.bgc_15.comp_col.A\[2\],2.24
core.bgc_15.comp_row.GL_bits\[1\],2.24
core.bgc_15.comp_row.pe1._11_,2.24
core.bgc_15.comp_row.pe2._01_,2.24
core.bgc_15.final_counter._15_,2.24
core.bgc_15.row_reg._040_,2.24
core.bgc_2.col_reg._022_,2.24
core.bgc_2.col_reg._025_,2.24
core.bgc_2.comp_col.A\[11\],2.24
core.bgc_2.comp_col._19_,2.24
core.bgc_2.comp_col.pe1._17_,2.24
core.bgc_2.row_reg._020_,2.24
core.bgc_2.row_reg._023_,2.24
core.bgc_2.row_reg._026_,2.24
core.bgc_2.row_reg._036_,2.24
core.bgc_3._02_,2.24
core.bgc_3.col_reg._022_,2.24
core.bgc_3.col_reg._027_,2.24
core.bgc_3.col_reg._049_,2.24
core.bgc_3.col_reg._052_,2.24
core.bgc_3.comp_row.A\[3\],2.24
core.bgc_3.final_counter._13_,2.24
core.bgc_3.final_counter._15_,2.24
core.bgc_3.final_counter._18_,2.24
core.bgc_3.final_counter._24_,2.24
core.bgc_3.row_reg._009_,2.24
core.bgc_4._04_,2.24
core.bgc_4.col_data_in\[6\],2.24
core.bgc_4.col_data_in\[9\],2.24
core.bgc_4.col_reg._014_,2.24
core.bgc_4.col_reg._031_,2.24
core.bgc_4.col_reg._050_,2.24
core.bgc_4.comp_col.pe1._01_,2.24
core.bgc_4.final_counter._11_,2.24
core.bgc_4.row_reg._034_,2.24
core.bgc_4.row_reg._050_,2.24
core.bgc_5.col_data_in\[3\],2.24
core.bgc_5.col_data_in\[4\],2.24
core.bgc_5.col_data_in\[8\],2.24
core.bgc_5.col_reg._002_,2.24
core.bgc_5.col_reg._011_,2.24
core.bgc_5.col_reg._012_,2.24
core.bgc_5.col_reg._030_,2.24
core.bgc_5.col_reg._040_,2.24
core.bgc_5.comp_col.A\[8\],2.24
core.bgc_5.comp_col._19_,2.24
core.bgc_5.comp_row.GR_bits\[0\],2.24
core.bgc_5.row_reg._015_,2.24
core.bgc_5.row_reg._027_,2.24
core.bgc_6.col_data_in\[5\],2.24
core.bgc_6.col_data_in\[6\],2.24
core.bgc_6.col_data_in\[9\],2.24
core.bgc_6.col_reg._014_,2.24
core.bgc_6.col_reg._015_,2.24
core.bgc_6.comp_col.pe1._05_,2.24
core.bgc_6.comp_row.A\[3\],2.24
core.bgc_6.row_reg._018_,2.24
core.bgc_6.row_reg._033_,2.24
core.bgc_6.row_reg._045_,2.24
core.bgc_7.col_data_in\[11\],2.24
core.bgc_7.col_reg._001_,2.24
core.bgc_7.col_reg._030_,2.24
core.bgc_7.col_reg._033_,2.24
core.bgc_7.comp_col.GR_index\[1\],2.24
core.bgc_7.comp_col._17_,2.24
core.bgc_7.comp_col.pe1._02_,2.24
core.bgc_7.comp_row.pe2._17_,2.24
core.bgc_7.final_counter._13_,2.24
core.bgc_7.final_counter._17_,2.24
core.bgc_7.row_reg._006_,2.24
core.bgc_7.row_reg._034_,2.24
core.bgc_8.col_data_in\[0\],2.24
core.bgc_8.col_data_in\[5\],2.24
core.bgc_8.col_reg._005_,2.24
core.bgc_8.col_reg._013_,2.24
core.bgc_8.col_reg._052_,2.24
core.bgc_8.comp_col.A\[11\],2.24
core.bgc_8.comp_col.GL_bits\[0\],2.24
core.bgc_8.comp_row.A\[10\],2.24
core.bgc_8.comp_row.GR_index\[3\],2.24
core.bgc_8.final_counter._11_,2.24
core.bgc_8.final_counter._23_,2.24
core.bgc_8.row_reg._005_,2.24
core.bgc_9.col_data_in\[8\],2.24
core.bgc_9.comp_col.pe2._10_,2.24
core.bgc_9.final_counter._08_,2.24
core.bgc_9.lfsr_col._26_,2.24
core.bgc_9.row_reg._029_,2.24
core.bgc_9.row_reg._045_,2.24
core.bgc_9.row_reg._046_,2.24
core.lfsr_enabler._13_,2.24
core.res_mem_inst.slot\[0\].slot_reg._002_,2.24
core.res_mem_inst.slot\[0\].slot_reg._018_,2.24
core.res_mem_inst.slot\[0\].slot_reg._029_,2.24
core.res_mem_inst.slot\[0\].slot_reg._033_,2.24
core.res_mem_inst.slot\[0\].slot_reg._035_,2.24
core.res_mem_inst.slot\[0\].slot_reg._036_,2.24
core.res_mem_inst.slot\[0\].slot_reg._039_,2.24
core.res_mem_inst.slot\[0\].slot_reg._040_,2.24
core.res_mem_inst.slot\[10\].slot_reg._004_,2.24
core.res_mem_inst.slot\[10\].slot_reg._034_,2.24
core.res_mem_inst.slot\[10\].slot_reg._036_,2.24
core.res_mem_inst.slot\[11\].slot_reg._028_,2.24
core.res_mem_inst.slot\[11\].slot_reg._030_,2.24
core.res_mem_inst.slot\[12\].slot_reg._045_,2.24
core.res_mem_inst.slot\[13\].slot_reg._020_,2.24
core.res_mem_inst.slot\[13\].slot_reg._028_,2.24
core.res_mem_inst.slot\[14\].slot_reg._018_,2.24
core.res_mem_inst.slot\[14\].slot_reg._020_,2.24
core.res_mem_inst.slot\[14\].slot_reg._040_,2.24
core.res_mem_inst.slot\[14\].slot_reg._044_,2.24
core.res_mem_inst.slot\[15\].slot_reg._007_,2.24
core.res_mem_inst.slot\[15\].slot_reg._011_,2.24
core.res_mem_inst.slot\[15\].slot_reg._012_,2.24
core.res_mem_inst.slot\[15\].slot_reg._022_,2.24
core.res_mem_inst.slot\[15\].slot_reg._033_,2.24
core.res_mem_inst.slot\[15\].slot_reg._038_,2.24
core.res_mem_inst.slot\[15\].slot_reg._045_,2.24
core.res_mem_inst.slot\[2\].slot_reg._013_,2.24
core.res_mem_inst.slot\[2\].slot_reg._020_,2.24
core.res_mem_inst.slot\[2\].slot_reg._023_,2.24
core.res_mem_inst.slot\[3\].slot_reg._021_,2.24
core.res_mem_inst.slot\[4\].slot_reg._003_,2.24
core.res_mem_inst.slot\[4\].slot_reg._018_,2.24
core.res_mem_inst.slot\[5\].slot_reg._028_,2.24
core.res_mem_inst.slot\[5\].slot_reg._050_,2.24
core.res_mem_inst.slot\[6\].slot_reg._010_,2.24
core.res_mem_inst.slot\[6\].slot_reg._017_,2.24
core.res_mem_inst.slot\[6\].slot_reg._036_,2.24
core.res_mem_inst.slot\[6\].slot_reg._052_,2.24
core.res_mem_inst.slot\[7\].slot_reg._051_,2.24
core.res_mem_inst.slot\[9\].slot_reg._045_,2.24
net1336,1.78
net215,1.78
net852,1.78
core.adder_tree._0229_,1.78
core.bgc_0.row_reg._027_,1.78
core.bgc_12.row_reg._033_,1.78
core.bgc_13.col_reg._029_,1.78
core.bgc_3.row_reg._033_,1.78
core.bgc_5.comp_row.A\[7\],1.78
core.bgc_6.row_reg._021_,1.78
core.bgc_6.row_reg._024_,1.78
core.bgc_7.row_reg._039_,1.78
core.res_mem_inst.slot\[4\].slot_reg._033_,1.78
core.res_mem_inst.slot\[5\].slot_reg._025_,1.78
net887,1.68
net1014,1.68
net1034,1.68
net1063,1.68
net1065,1.68
net1085,1.68
net1114,1.68
net1134,1.68
net1155,1.68
net1173,1.68
net1189,1.68
net1211,1.68
net1212,1.68
net1237,1.68
net1239,1.68
net1259,1.68
net1286,1.68
net1305,1.68
net1306,1.68
net1312,1.68
net1330,1.68
net1335,1.68
net1345,1.68
net1374,1.68
net1398,1.68
net1400,1.68
net1414,1.68
net1445,1.68
net1463,1.68
net1466,1.68
net1501,1.68
net1530,1.68
net113,1.68
net122,1.68
net143,1.68
net172,1.68
net189,1.68
net268,1.68
net269,1.68
net271,1.68
net273,1.68
net299,1.68
net305,1.68
net312,1.68
net368,1.68
net372,1.68
net388,1.68
net389,1.68
net409,1.68
net418,1.68
net423,1.68
net429,1.68
net467,1.68
net475,1.68
net471,1.68
net472,1.68
net474,1.68
net512,1.68
net529,1.68
net543,1.68
net558,1.68
net565,1.68
net576,1.68
net613,1.68
net617,1.68
net620,1.68
net625,1.68
net697,1.68
net706,1.68
net707,1.68
net777,1.68
net798,1.68
net808,1.68
net813,1.68
net830,1.68
net862,1.68
net865,1.68
core._02_,1.68
core.adder_tree._0282_,1.68
core.adder_tree._0334_,1.68
core.adder_tree._0359_,1.68
core.adder_tree._0536_,1.68
core.adder_tree._0562_,1.68
core.bgc_0.col_data_in\[10\],1.68
core.bgc_0.col_data_in\[5\],1.68
core.bgc_0.col_data_in\[7\],1.68
core.bgc_0.col_reg._004_,1.68
core.bgc_0.col_reg._009_,1.68
core.bgc_0.col_reg._029_,1.68
core.bgc_0.col_reg._031_,1.68
core.bgc_0.comp_col.pe1._04_,1.68
core.bgc_0.row_reg._006_,1.68
core.bgc_0.row_reg._007_,1.68
core.bgc_0.row_reg._012_,1.68
core.bgc_0.row_reg._017_,1.68
core.bgc_0.row_reg._020_,1.68
core.bgc_0.row_reg._037_,1.68
core.bgc_0.row_reg._039_,1.68
core.bgc_0.row_reg._040_,1.68
core.bgc_1._04_,1.68
core.bgc_1.col_data_in\[7\],1.68
core.bgc_1.col_reg._002_,1.68
core.bgc_1.col_reg._003_,1.68
core.bgc_1.col_reg._004_,1.68
core.bgc_1.col_reg._005_,1.68
core.bgc_1.col_reg._012_,1.68
core.bgc_1.col_reg._017_,1.68
core.bgc_1.col_reg._019_,1.68
core.bgc_1.comp_col.GL_bits\[0\],1.68
core.bgc_1.row_reg._002_,1.68
core.bgc_1.row_reg._006_,1.68
core.bgc_1.row_reg._012_,1.68
core.bgc_1.row_reg._037_,1.68
core.bgc_10._03_,1.68
core.bgc_10.col_reg._009_,1.68
core.bgc_10.col_reg._010_,1.68
core.bgc_10.col_reg._012_,1.68
core.bgc_10.col_reg._025_,1.68
core.bgc_10.col_reg._035_,1.68
core.bgc_10.comp_col.A\[6\],1.68
core.bgc_10.comp_row.A\[1\],1.68
core.bgc_10.comp_row.GL_bits\[0\],1.68
core.bgc_10.comp_row.GR_index\[3\],1.68
core.bgc_10.comp_row.pe1._17_,1.68
core.bgc_10.row_reg._004_,1.68
core.bgc_10.row_reg._008_,1.68
core.bgc_10.row_reg._035_,1.68
core.bgc_10.row_reg._039_,1.68
core.bgc_11.col_reg._001_,1.68
core.bgc_11.col_reg._029_,1.68
core.bgc_11.col_reg._031_,1.68
core.bgc_11.col_reg._035_,1.68
core.bgc_11.comp_col.pe2._05_,1.68
core.bgc_11.row_reg._003_,1.68
core.bgc_11.row_reg._029_,1.68
core.bgc_12.col_reg._010_,1.68
core.bgc_12.col_reg._027_,1.68
core.bgc_12.col_reg._049_,1.68
core.bgc_12.comp_row.A\[10\],1.68
core.bgc_12.comp_row.pe1._05_,1.68
core.bgc_12.final_counter._25_,1.68
core.bgc_12.row_reg._003_,1.68
core.bgc_12.row_reg._008_,1.68
core.bgc_12.row_reg._017_,1.68
core.bgc_12.row_reg._020_,1.68
core.bgc_12.row_reg._039_,1.68
core.bgc_13._02_,1.68
core.bgc_13.col_data_in\[2\],1.68
core.bgc_13.col_data_in\[4\],1.68
core.bgc_13.col_data_in\[7\],1.68
core.bgc_13.col_data_in\[8\],1.68
core.bgc_13.col_reg._027_,1.68
core.bgc_13.col_reg._047_,1.68
core.bgc_13.comp_col.A\[5\],1.68
core.bgc_13.comp_row.A\[5\],1.68
core.bgc_13.comp_row.GL_bits\[1\],1.68
core.bgc_13.comp_row.pe2._05_,1.68
core.bgc_13.row_reg._002_,1.68
core.bgc_13.row_reg._017_,1.68
core.bgc_13.row_reg._021_,1.68
core.bgc_13.row_reg._030_,1.68
core.bgc_14._03_,1.68
core.bgc_14.col_reg._001_,1.68
core.bgc_14.col_reg._011_,1.68
core.bgc_14.col_reg._039_,1.68
core.bgc_14.col_reg._051_,1.68
core.bgc_14.comp_col._19_,1.68
core.bgc_14.comp_col.pe1._04_,1.68
core.bgc_14.comp_row.pe1._17_,1.68
core.bgc_14.row_reg._002_,1.68
core.bgc_14.row_reg._005_,1.68
core.bgc_14.row_reg._006_,1.68
core.bgc_14.row_reg._008_,1.68
core.bgc_14.row_reg._009_,1.68
core.bgc_14.row_reg._010_,1.68
core.bgc_14.row_reg._021_,1.68
core.bgc_14.row_reg._025_,1.68
core.bgc_15._04_,1.68
core.bgc_15.col_reg._001_,1.68
core.bgc_15.col_reg._003_,1.68
core.bgc_15.col_reg._037_,1.68
core.bgc_15.col_reg._039_,1.68
core.bgc_15.col_reg._051_,1.68
core.bgc_15.comp_col.pe1._05_,1.68
core.bgc_15.comp_row.pe2._05_,1.68
core.bgc_15.row_reg._005_,1.68
core.bgc_15.row_reg._006_,1.68
core.bgc_15.row_reg._012_,1.68
core.bgc_15.row_reg._014_,1.68
core.bgc_15.row_reg._027_,1.68
core.bgc_15.row_reg._036_,1.68
core.bgc_15.row_reg._037_,1.68
core.bgc_15.row_reg._039_,1.68
core.bgc_2._02_,1.68
core.bgc_2._04_,1.68
core.bgc_2.col_data_in\[0\],1.68
core.bgc_2.col_data_in\[7\],1.68
core.bgc_2.col_reg._005_,1.68
core.bgc_2.col_reg._006_,1.68
core.bgc_2.col_reg._010_,1.68
core.bgc_2.col_reg._012_,1.68
core.bgc_2.col_reg._017_,1.68
core.bgc_2.col_reg._031_,1.68
core.bgc_2.comp_row.A\[2\],1.68
core.bgc_2.comp_row.A\[4\],1.68
core.bgc_2.comp_row.A\[6\],1.68
core.bgc_2.comp_row.pe2._05_,1.68
core.bgc_2.row_reg._002_,1.68
core.bgc_2.row_reg._003_,1.68
core.bgc_2.row_reg._012_,1.68
core.bgc_2.row_reg._021_,1.68
core.bgc_2.row_reg._031_,1.68
core.bgc_3._04_,1.68
core.bgc_3.col_data_in\[6\],1.68
core.bgc_3.col_data_in\[7\],1.68
core.bgc_3.col_reg._023_,1.68
core.bgc_3.col_reg._025_,1.68
core.bgc_3.col_reg._035_,1.68
core.bgc_3.comp_row.A\[2\],1.68
core.bgc_3.comp_row.GL_bits\[0\],1.68
core.bgc_3.comp_row.pe1._05_,1.68
core.bgc_3.row_reg._005_,1.68
core.bgc_3.row_reg._021_,1.68
core.bgc_3.row_reg._030_,1.68
core.bgc_3.row_reg._037_,1.68
core.bgc_4.col_data_in\[2\],1.68
core.bgc_4.col_reg._023_,1.68
core.bgc_4.col_reg._025_,1.68
core.bgc_4.comp_col.A\[11\],1.68
core.bgc_4.comp_row.A\[7\],1.68
core.bgc_4.row_reg._017_,1.68
core.bgc_4.row_reg._019_,1.68
core.bgc_4.row_reg._027_,1.68
core.bgc_4.row_reg._030_,1.68
core.bgc_4.row_reg._033_,1.68
core.bgc_4.row_reg._037_,1.68
core.bgc_5._04_,1.68
core.bgc_5.col_reg._024_,1.68
core.bgc_5.col_reg._027_,1.68
core.bgc_5.col_reg._035_,1.68
core.bgc_5.final_counter._02_,1.68
core.bgc_5.row_reg._005_,1.68
core.bgc_5.row_reg._023_,1.68
core.bgc_5.row_reg._037_,1.68
core.bgc_5.row_reg._048_,1.68
core.bgc_6.col_reg._012_,1.68
core.bgc_6.col_reg._023_,1.68
core.bgc_6.col_reg._033_,1.68
core.bgc_6.col_reg._039_,1.68
core.bgc_6.comp_col.A\[11\],1.68
core.bgc_6.comp_row.A\[5\],1.68
core.bgc_6.comp_row.GR_bits\[1\],1.68
core.bgc_6.row_reg._002_,1.68
core.bgc_6.row_reg._005_,1.68
core.bgc_6.row_reg._007_,1.68
core.bgc_6.row_reg._012_,1.68
core.bgc_6.row_reg._020_,1.68
core.bgc_6.row_reg._026_,1.68
core.bgc_6.row_reg._029_,1.68
core.bgc_6.row_reg._031_,1.68
core.bgc_6.row_reg._044_,1.68
core.bgc_7.col_reg._009_,1.68
core.bgc_7.col_reg._017_,1.68
core.bgc_7.col_reg._025_,1.68
core.bgc_7.col_reg._027_,1.68
core.bgc_7.comp_col.A\[4\],1.68
core.bgc_7.row_reg._009_,1.68
core.bgc_7.row_reg._012_,1.68
core.bgc_7.row_reg._017_,1.68
core.bgc_7.row_reg._021_,1.68
core.bgc_7.row_reg._035_,1.68
core.bgc_7.row_reg._048_,1.68
core.bgc_8._02_,1.68
core.bgc_8.col_reg._003_,1.68
core.bgc_8.col_reg._009_,1.68
core.bgc_8.col_reg._021_,1.68
core.bgc_8.col_reg._025_,1.68
core.bgc_8.col_reg._027_,1.68
core.bgc_8.col_reg._033_,1.68
core.bgc_8.col_reg._035_,1.68
core.bgc_8.comp_row.pe1._05_,1.68
core.bgc_8.row_reg._002_,1.68
core.bgc_8.row_reg._008_,1.68
core.bgc_9.col_data_in\[0\],1.68
core.bgc_9.col_data_in\[11\],1.68
core.bgc_9.col_data_in\[6\],1.68
core.bgc_9.col_reg._013_,1.68
core.bgc_9.col_reg._015_,1.68
core.bgc_9.col_reg._017_,1.68
core.bgc_9.col_reg._025_,1.68
core.bgc_9.col_reg._027_,1.68
core.bgc_9.col_reg._035_,1.68
core.bgc_9.col_reg._039_,1.68
core.bgc_9.final_counter._28_,1.68
core.bgc_9.row_reg._002_,1.68
core.bgc_9.row_reg._003_,1.68
core.bgc_9.row_reg._028_,1.68
core.lfsr_enabler._16_,1.68
core.res_mem_inst._035_,1.68
core.res_mem_inst.slot\[0\].slot_reg._001_,1.68
core.res_mem_inst.slot\[0\].slot_reg._012_,1.68
core.res_mem_inst.slot\[0\].slot_reg._023_,1.68
core.res_mem_inst.slot\[0\].slot_reg._025_,1.68
core.res_mem_inst.slot\[10\].slot_reg._021_,1.68
core.res_mem_inst.slot\[10\].slot_reg._035_,1.68
core.res_mem_inst.slot\[11\].slot_reg._001_,1.68
core.res_mem_inst.slot\[11\].slot_reg._024_,1.68
core.res_mem_inst.slot\[11\].slot_reg._027_,1.68
core.res_mem_inst.slot\[12\].slot_reg._008_,1.68
core.res_mem_inst.slot\[12\].slot_reg._009_,1.68
core.res_mem_inst.slot\[12\].slot_reg._011_,1.68
core.res_mem_inst.slot\[12\].slot_reg._012_,1.68
core.res_mem_inst.slot\[12\].slot_reg._019_,1.68
core.res_mem_inst.slot\[12\].slot_reg._027_,1.68
core.res_mem_inst.slot\[12\].slot_reg._031_,1.68
core.res_mem_inst.slot\[12\].slot_reg._032_,1.68
core.res_mem_inst.slot\[12\].slot_reg._035_,1.68
core.res_mem_inst.slot\[13\].slot_reg._001_,1.68
core.res_mem_inst.slot\[13\].slot_reg._002_,1.68
core.res_mem_inst.slot\[13\].slot_reg._011_,1.68
core.res_mem_inst.slot\[13\].slot_reg._018_,1.68
core.res_mem_inst.slot\[13\].slot_reg._027_,1.68
core.res_mem_inst.slot\[13\].slot_reg._033_,1.68
core.res_mem_inst.slot\[13\].slot_reg._037_,1.68
core.res_mem_inst.slot\[13\].slot_reg._051_,1.68
core.res_mem_inst.slot\[14\].slot_reg._006_,1.68
core.res_mem_inst.slot\[14\].slot_reg._010_,1.68
core.res_mem_inst.slot\[15\].slot_reg._009_,1.68
core.res_mem_inst.slot\[15\].slot_reg._017_,1.68
core.res_mem_inst.slot\[15\].slot_reg._019_,1.68
core.res_mem_inst.slot\[15\].slot_reg._025_,1.68
core.res_mem_inst.slot\[1\].slot_reg._017_,1.68
core.res_mem_inst.slot\[1\].slot_reg._023_,1.68
core.res_mem_inst.slot\[1\].slot_reg._035_,1.68
core.res_mem_inst.slot\[2\].slot_reg._002_,1.68
core.res_mem_inst.slot\[2\].slot_reg._008_,1.68
core.res_mem_inst.slot\[2\].slot_reg._011_,1.68
core.res_mem_inst.slot\[2\].slot_reg._019_,1.68
core.res_mem_inst.slot\[2\].slot_reg._026_,1.68
core.res_mem_inst.slot\[2\].slot_reg._028_,1.68
core.res_mem_inst.slot\[2\].slot_reg._049_,1.68
core.res_mem_inst.slot\[3\].slot_reg._001_,1.68
core.res_mem_inst.slot\[3\].slot_reg._011_,1.68
core.res_mem_inst.slot\[3\].slot_reg._012_,1.68
core.res_mem_inst.slot\[3\].slot_reg._034_,1.68
core.res_mem_inst.slot\[4\].slot_reg._001_,1.68
core.res_mem_inst.slot\[4\].slot_reg._008_,1.68
core.res_mem_inst.slot\[4\].slot_reg._009_,1.68
core.res_mem_inst.slot\[4\].slot_reg._027_,1.68
core.res_mem_inst.slot\[4\].slot_reg._030_,1.68
core.res_mem_inst.slot\[5\].slot_reg._002_,1.68
core.res_mem_inst.slot\[5\].slot_reg._011_,1.68
core.res_mem_inst.slot\[5\].slot_reg._023_,1.68
core.res_mem_inst.slot\[5\].slot_reg._036_,1.68
core.res_mem_inst.slot\[6\].slot_reg._003_,1.68
core.res_mem_inst.slot\[6\].slot_reg._019_,1.68
core.res_mem_inst.slot\[6\].slot_reg._021_,1.68
core.res_mem_inst.slot\[6\].slot_reg._022_,1.68
core.res_mem_inst.slot\[6\].slot_reg._033_,1.68
core.res_mem_inst.slot\[7\].slot_reg._002_,1.68
core.res_mem_inst.slot\[7\].slot_reg._007_,1.68
core.res_mem_inst.slot\[7\].slot_reg._026_,1.68
core.res_mem_inst.slot\[7\].slot_reg._052_,1.68
core.res_mem_inst.slot\[8\].slot_reg._018_,1.68
core.res_mem_inst.slot\[8\].slot_reg._028_,1.68
core.res_mem_inst.slot\[9\].slot_reg._003_,1.68
core.res_mem_inst.slot\[9\].slot_reg._007_,1.68
core.res_mem_inst.slot\[9\].slot_reg._008_,1.68
core.res_mem_inst.slot\[9\].slot_reg._028_,1.68
core.res_mem_inst.slot\[9\].slot_reg._033_,1.68
core.res_mem_inst.slot\[9\].slot_reg._034_,1.68
core.timer_inst._22_,1.68
core.timer_inst._25_,1.68
core.timer_inst._26_,1.68
core.bgc_1.comp_row.pe1._04_,1.22
core.res_mem_inst._013_,1.22
core.adder_tree._0092_,1.12
core.adder_tree._0128_,1.12
core.adder_tree._0168_,1.12
core.adder_tree._0189_,1.12
core.adder_tree._0199_,1.12
core.adder_tree._0499_,1.12
core.adder_tree._0520_,1.12
core.adder_tree._0522_,1.12
core.adder_tree._0564_,1.12
core.adder_tree._0592_,1.12
core.adder_tree._0611_,1.12
core.adder_tree._0636_,1.12
core.adder_tree._0649_,1.12
core.adder_tree._0666_,1.12
core.bgc_0.comp_col.pe2._17_,1.12
core.bgc_0.final_counter._08_,1.12
core.bgc_1.comp_col.pe1._04_,1.12
core.bgc_1.comp_col.pe2._05_,1.12
core.bgc_1.comp_row.GR_bits\[0\],1.12
core.bgc_10.comp_col.pe1._04_,1.12
core.bgc_11.comp_col.pe2._04_,1.12
core.bgc_12.comp_col.pe1._05_,1.12
core.bgc_12.comp_row.pe2._04_,1.12
core.bgc_13.comp_col.pe1._04_,1.12
core.bgc_13.comp_col.pe2._05_,1.12
core.bgc_14.comp_col.pe1._05_,1.12
core.bgc_15.comp_col.GR_bits\[0\],1.12
core.bgc_15.comp_col.pe1._17_,1.12
core.bgc_15.comp_row.pe1._04_,1.12
core.bgc_15.comp_row.pe1._05_,1.12
core.bgc_15.final_counter._28_,1.12
core.bgc_2.comp_row.pe1._04_,1.12
core.bgc_2.comp_row.pe2._17_,1.12
core.bgc_3.comp_col.pe1._17_,1.12
core.bgc_3.comp_row.GR_bits\[0\],1.12
core.bgc_3.comp_row.pe1._04_,1.12
core.bgc_3.comp_row.pe2._17_,1.12
core.bgc_4.comp_col.pe1._17_,1.12
core.bgc_5.comp_col.pe1._04_,1.12
core.bgc_5.comp_row.pe2._17_,1.12
core.bgc_5.final_counter._10_,1.12
core.bgc_6.comp_row.pe2._05_,1.12
core.bgc_7.comp_col.GR_index\[3\],1.12
core.bgc_7.comp_col.pe1._05_,1.12
core.bgc_7.comp_col.pe2._17_,1.12
core.bgc_7.comp_row.pe1._17_,1.12
core.bgc_7.final_counter._11_,1.12
core.bgc_8.comp_col.pe2._04_,1.12
core.bgc_8.final_counter._28_,1.12
core.bgc_9.comp_col.pe1._05_,1.12
core.bgc_9.comp_row.pe1._05_,1.12
core.bgc_9.comp_row.pe1._17_,1.12
core.bgc_9.comp_row.pe2._05_,1.12
core.bgc_9.final_counter._10_,1.12
core.timer_inst._05_,1.12
