
===========================================================================
report_checks -unconstrained
===========================================================================
======================= Typical Corner ===================================

Startpoint: rst_n (input port clocked by clk)
Endpoint: res_mem_inst.slot[13].slot_reg._126_
          (recovery check against rising-edge clock clk)
Path Group: asynchronous
Path Type: max

Fanout     Cap    Slew   Delay    Time   Description
-----------------------------------------------------------------------------
                          0.00    0.00   clock clk (rise edge)
                          0.00    0.00   clock network delay (propagated)
                          5.71    5.71 ^ input external delay
                  0.21    0.10    5.82 ^ rst_n (in)
     1    0.01                           rst_n (net)
                  0.21    0.00    5.82 ^ input4/I (gf180mcu_fd_sc_mcu7t5v0__buf_2)
                  0.40    0.39    6.21 ^ input4/Z (gf180mcu_fd_sc_mcu7t5v0__buf_2)
     1    0.05                           net4 (net)
                  0.40    0.00    6.21 ^ fanout75/I (gf180mcu_fd_sc_mcu7t5v0__buf_16)
                  0.31    0.35    6.56 ^ fanout75/Z (gf180mcu_fd_sc_mcu7t5v0__buf_16)
    19    0.25                           net75 (net)
                  0.31    0.00    6.56 ^ fanout64/I (gf180mcu_fd_sc_mcu7t5v0__buf_8)
                  0.43    0.41    6.97 ^ fanout64/Z (gf180mcu_fd_sc_mcu7t5v0__buf_8)
    27    0.20                           net64 (net)
                  0.43    0.01    6.98 ^ res_mem_inst._063_/I (gf180mcu_fd_sc_mcu7t5v0__clkinv_3)
                  0.35    0.31    7.29 v res_mem_inst._063_/ZN (gf180mcu_fd_sc_mcu7t5v0__clkinv_3)
     3    0.06                           res_mem_inst._003_ (net)
                  0.35    0.00    7.30 v fanout31/I (gf180mcu_fd_sc_mcu7t5v0__clkbuf_8)
                  0.36    0.51    7.81 v fanout31/Z (gf180mcu_fd_sc_mcu7t5v0__clkbuf_8)
    16    0.15                           net31 (net)
                  0.36    0.00    7.81 v fanout29/I (gf180mcu_fd_sc_mcu7t5v0__buf_8)
                  0.22    0.39    8.20 v fanout29/Z (gf180mcu_fd_sc_mcu7t5v0__buf_8)
    32    0.15                           net29 (net)
                  0.22    0.00    8.20 v fanout28/I (gf180mcu_fd_sc_mcu7t5v0__buf_8)
                  0.21    0.34    8.54 v fanout28/Z (gf180mcu_fd_sc_mcu7t5v0__buf_8)
    32    0.13                           net28 (net)
                  0.21    0.00    8.54 v res_mem_inst.slot[13].slot_reg._115_/I (gf180mcu_fd_sc_mcu7t5v0__clkinv_1)
                  0.20    0.17    8.72 ^ res_mem_inst.slot[13].slot_reg._115_/ZN (gf180mcu_fd_sc_mcu7t5v0__clkinv_1)
     1    0.01                           res_mem_inst.slot[13].slot_reg._010_ (net)
                  0.20    0.00    8.72 ^ res_mem_inst.slot[13].slot_reg._126_/RN (gf180mcu_fd_sc_mcu7t5v0__dffrnq_1)
                                  8.72   data arrival time

                         28.57   28.57   clock clk (rise edge)
                          0.00   28.57   clock source latency
                  0.13    0.05   28.62 ^ clk (in)
     1    0.02                           clk (net)
                  0.13    0.00   28.62 ^ clkbuf_0_clk/I (gf180mcu_fd_sc_mcu7t5v0__clkbuf_16)
                  0.15    0.26   28.89 ^ clkbuf_0_clk/Z (gf180mcu_fd_sc_mcu7t5v0__clkbuf_16)
     8    0.09                           clknet_0_clk (net)
                  0.15    0.00   28.89 ^ clkbuf_3_4_0_clk/I (gf180mcu_fd_sc_mcu7t5v0__clkbuf_8)
                  0.17    0.28   29.16 ^ clkbuf_3_4_0_clk/Z (gf180mcu_fd_sc_mcu7t5v0__clkbuf_8)
     2    0.06                           clknet_3_4_0_clk (net)
                  0.17    0.00   29.16 ^ clkbuf_4_9__f_clk/I (gf180mcu_fd_sc_mcu7t5v0__clkbuf_16)
                  0.34    0.38   29.55 ^ clkbuf_4_9__f_clk/Z (gf180mcu_fd_sc_mcu7t5v0__clkbuf_16)
    11    0.30                           clknet_4_9__leaf_clk (net)
                  0.34    0.00   29.55 ^ clkbuf_leaf_156_clk/I (gf180mcu_fd_sc_mcu7t5v0__clkbuf_16)
                  0.09    0.26   29.82 ^ clkbuf_leaf_156_clk/Z (gf180mcu_fd_sc_mcu7t5v0__clkbuf_16)
     4    0.02                           clknet_leaf_156_clk (net)
                  0.09    0.00   29.82 ^ res_mem_inst.slot[13].slot_reg._126_/CLK (gf180mcu_fd_sc_mcu7t5v0__dffrnq_1)
                         -0.25   29.57   clock uncertainty
                          0.00   29.57   clock reconvergence pessimism
                          0.22   29.78   library recovery time
                                 29.78   data required time
-----------------------------------------------------------------------------
                                 29.78   data required time
                                 -8.72   data arrival time
-----------------------------------------------------------------------------
                                 21.07   slack (MET)


Startpoint: bgc_13.final_counter._72_
            (rising edge-triggered flip-flop clocked by clk)
Endpoint: res_mem_inst.slot[13].slot_reg._128_
          (rising edge-triggered flip-flop clocked by clk)
Path Group: clk
Path Type: max

Fanout     Cap    Slew   Delay    Time   Description
-----------------------------------------------------------------------------
                          0.00    0.00   clock clk (rise edge)
                          0.00    0.00   clock source latency
                  0.13    0.06    0.06 ^ clk (in)
     1    0.02                           clk (net)
                  0.13    0.00    0.06 ^ clkbuf_0_clk/I (gf180mcu_fd_sc_mcu7t5v0__clkbuf_16)
                  0.15    0.29    0.35 ^ clkbuf_0_clk/Z (gf180mcu_fd_sc_mcu7t5v0__clkbuf_16)
     8    0.09                           clknet_0_clk (net)
                  0.15    0.00    0.35 ^ clkbuf_3_0_0_clk/I (gf180mcu_fd_sc_mcu7t5v0__clkbuf_8)
                  0.17    0.30    0.65 ^ clkbuf_3_0_0_clk/Z (gf180mcu_fd_sc_mcu7t5v0__clkbuf_8)
     2    0.06                           clknet_3_0_0_clk (net)
                  0.17    0.00    0.66 ^ clkbuf_4_1__f_clk/I (gf180mcu_fd_sc_mcu7t5v0__clkbuf_16)
                  0.36    0.44    1.09 ^ clkbuf_4_1__f_clk/Z (gf180mcu_fd_sc_mcu7t5v0__clkbuf_16)
    12    0.32                           clknet_4_1__leaf_clk (net)
                  0.36    0.01    1.11 ^ clkbuf_leaf_15_clk/I (gf180mcu_fd_sc_mcu7t5v0__clkbuf_16)
                  0.10    0.30    1.40 ^ clkbuf_leaf_15_clk/Z (gf180mcu_fd_sc_mcu7t5v0__clkbuf_16)
     5    0.02                           clknet_leaf_15_clk (net)
                  0.10    0.00    1.40 ^ bgc_13.final_counter._72_/CLK (gf180mcu_fd_sc_mcu7t5v0__dffrnq_1)
                  0.49    1.14    2.54 ^ bgc_13.final_counter._72_/Q (gf180mcu_fd_sc_mcu7t5v0__dffrnq_1)
     5    0.03                           adder_tree.r[13][3] (net)
                  0.49    0.00    2.54 ^ adder_tree._0871_/A1 (gf180mcu_fd_sc_mcu7t5v0__xor2_1)
                  0.80    0.69    3.24 ^ adder_tree._0871_/Z (gf180mcu_fd_sc_mcu7t5v0__xor2_1)
     2    0.02                           adder_tree._0155_ (net)
                  0.80    0.00    3.24 ^ adder_tree._0872_/A2 (gf180mcu_fd_sc_mcu7t5v0__xor2_1)
                  0.40    0.41    3.65 ^ adder_tree._0872_/Z (gf180mcu_fd_sc_mcu7t5v0__xor2_1)
     1    0.01                           adder_tree._0156_ (net)
                  0.40    0.00    3.65 ^ adder_tree._0873_/I (gf180mcu_fd_sc_mcu7t5v0__clkinv_1)
                  0.30    0.27    3.92 v adder_tree._0873_/ZN (gf180mcu_fd_sc_mcu7t5v0__clkinv_1)
     2    0.01                           adder_tree._0157_ (net)
                  0.30    0.00    3.92 v adder_tree._0881_/A1 (gf180mcu_fd_sc_mcu7t5v0__xor3_1)
                  0.47    1.26    5.18 v adder_tree._0881_/Z (gf180mcu_fd_sc_mcu7t5v0__xor3_1)
     3    0.02                           adder_tree._0165_ (net)
                  0.47    0.00    5.18 v adder_tree._0886_/A2 (gf180mcu_fd_sc_mcu7t5v0__xor3_1)
                  0.40    1.31    6.50 v adder_tree._0886_/Z (gf180mcu_fd_sc_mcu7t5v0__xor3_1)
     2    0.02                           adder_tree._0170_ (net)
                  0.40    0.00    6.50 v adder_tree._0917_/A1 (gf180mcu_fd_sc_mcu7t5v0__xnor3_1)
                  0.44    1.09    7.59 v adder_tree._0917_/ZN (gf180mcu_fd_sc_mcu7t5v0__xnor3_1)
     3    0.01                           adder_tree._0201_ (net)
                  0.44    0.00    7.59 v adder_tree._0925_/A2 (gf180mcu_fd_sc_mcu7t5v0__xor3_1)
                  0.46    1.31    8.90 v adder_tree._0925_/Z (gf180mcu_fd_sc_mcu7t5v0__xor3_1)
     3    0.02                           adder_tree._0209_ (net)
                  0.46    0.00    8.90 v adder_tree._0928_/A3 (gf180mcu_fd_sc_mcu7t5v0__xnor3_1)
                  0.80    0.62    9.52 ^ adder_tree._0928_/ZN (gf180mcu_fd_sc_mcu7t5v0__xnor3_1)
     3    0.02                           adder_tree._0212_ (net)
                  0.80    0.00    9.52 ^ adder_tree._0929_/A2 (gf180mcu_fd_sc_mcu7t5v0__nor2_1)
                  0.36    0.26    9.78 v adder_tree._0929_/ZN (gf180mcu_fd_sc_mcu7t5v0__nor2_1)
     1    0.01                           adder_tree._0213_ (net)
                  0.36    0.00    9.78 v adder_tree._0932_/A2 (gf180mcu_fd_sc_mcu7t5v0__oai21_2)
                  0.46    0.38   10.16 ^ adder_tree._0932_/ZN (gf180mcu_fd_sc_mcu7t5v0__oai21_2)
     2    0.02                           adder_tree._0215_ (net)
                  0.46    0.00   10.16 ^ adder_tree._1002_/A1 (gf180mcu_fd_sc_mcu7t5v0__aoi21_2)
                  0.32    0.26   10.43 v adder_tree._1002_/ZN (gf180mcu_fd_sc_mcu7t5v0__aoi21_2)
     2    0.03                           adder_tree._0284_ (net)
                  0.32    0.00   10.43 v adder_tree._1134_/A1 (gf180mcu_fd_sc_mcu7t5v0__oai21_4)
                  0.42    0.34   10.77 ^ adder_tree._1134_/ZN (gf180mcu_fd_sc_mcu7t5v0__oai21_4)
     3    0.03                           adder_tree._0415_ (net)
                  0.42    0.00   10.77 ^ adder_tree._1270_/A2 (gf180mcu_fd_sc_mcu7t5v0__aoi221_4)
                  0.41    0.16   10.93 v adder_tree._1270_/ZN (gf180mcu_fd_sc_mcu7t5v0__aoi221_4)
     2    0.01                           adder_tree._0549_ (net)
                  0.41    0.00   10.93 v adder_tree._1273_/A3 (gf180mcu_fd_sc_mcu7t5v0__oai31_2)
                  0.68    0.54   11.46 ^ adder_tree._1273_/ZN (gf180mcu_fd_sc_mcu7t5v0__oai31_2)
     2    0.02                           adder_tree._0551_ (net)
                  0.68    0.00   11.46 ^ adder_tree._1342_/A1 (gf180mcu_fd_sc_mcu7t5v0__aoi21_1)
                  0.34    0.25   11.71 v adder_tree._1342_/ZN (gf180mcu_fd_sc_mcu7t5v0__aoi21_1)
     2    0.01                           adder_tree._0619_ (net)
                  0.34    0.00   11.71 v adder_tree._1409_/A1 (gf180mcu_fd_sc_mcu7t5v0__oai21_1)
                  0.32    0.29   12.00 ^ adder_tree._1409_/ZN (gf180mcu_fd_sc_mcu7t5v0__oai21_1)
     1    0.01                           adder_tree._0685_ (net)
                  0.32    0.00   12.01 ^ adder_tree._1439_/A1 (gf180mcu_fd_sc_mcu7t5v0__xor3_4)
                  0.70    1.65   13.65 ^ adder_tree._1439_/Z (gf180mcu_fd_sc_mcu7t5v0__xor3_4)
    16    0.16                           adder_tree.sum_out[11] (net)
                  0.70    0.02   13.68 ^ res_mem_inst.slot[13].slot_reg._078_/I (gf180mcu_fd_sc_mcu7t5v0__clkinv_1)
                  0.27    0.22   13.90 v res_mem_inst.slot[13].slot_reg._078_/ZN (gf180mcu_fd_sc_mcu7t5v0__clkinv_1)
     1    0.01                           res_mem_inst.slot[13].slot_reg._040_ (net)
                  0.27    0.00   13.90 v res_mem_inst.slot[13].slot_reg._105_/A1 (gf180mcu_fd_sc_mcu7t5v0__oai221_1)
                  0.45    0.29   14.18 ^ res_mem_inst.slot[13].slot_reg._105_/ZN (gf180mcu_fd_sc_mcu7t5v0__oai221_1)
     1    0.00                           res_mem_inst.slot[13].slot_reg._000_[11] (net)
                  0.45    0.00   14.18 ^ res_mem_inst.slot[13].slot_reg._128_/D (gf180mcu_fd_sc_mcu7t5v0__dffrnq_1)
                                 14.18   data arrival time

                         28.57   28.57   clock clk (rise edge)
                          0.00   28.57   clock source latency
                  0.13    0.05   28.62 ^ clk (in)
     1    0.02                           clk (net)
                  0.13    0.00   28.62 ^ clkbuf_0_clk/I (gf180mcu_fd_sc_mcu7t5v0__clkbuf_16)
                  0.15    0.26   28.89 ^ clkbuf_0_clk/Z (gf180mcu_fd_sc_mcu7t5v0__clkbuf_16)
     8    0.09                           clknet_0_clk (net)
                  0.15    0.00   28.89 ^ clkbuf_3_4_0_clk/I (gf180mcu_fd_sc_mcu7t5v0__clkbuf_8)
                  0.17    0.28   29.16 ^ clkbuf_3_4_0_clk/Z (gf180mcu_fd_sc_mcu7t5v0__clkbuf_8)
     2    0.06                           clknet_3_4_0_clk (net)
                  0.17    0.00   29.16 ^ clkbuf_4_9__f_clk/I (gf180mcu_fd_sc_mcu7t5v0__clkbuf_16)
                  0.34    0.38   29.55 ^ clkbuf_4_9__f_clk/Z (gf180mcu_fd_sc_mcu7t5v0__clkbuf_16)
    11    0.30                           clknet_4_9__leaf_clk (net)
                  0.34    0.01   29.56 ^ clkbuf_leaf_116_clk/I (gf180mcu_fd_sc_mcu7t5v0__clkbuf_16)
                  0.13    0.29   29.84 ^ clkbuf_leaf_116_clk/Z (gf180mcu_fd_sc_mcu7t5v0__clkbuf_16)
    12    0.06                           clknet_leaf_116_clk (net)
                  0.13    0.00   29.84 ^ res_mem_inst.slot[13].slot_reg._128_/CLK (gf180mcu_fd_sc_mcu7t5v0__dffrnq_1)
                         -0.25   29.59   clock uncertainty
                          0.03   29.63   clock reconvergence pessimism
                         -0.36   29.27   library setup time
                                 29.27   data required time
-----------------------------------------------------------------------------
                                 29.27   data required time
                                -14.18   data arrival time
-----------------------------------------------------------------------------
                                 15.09   slack (MET)




===========================================================================
report_checks --slack_max -0.01
============================================================================
======================= Typical Corner ===================================

No paths found.


===========================================================================
 report_check_types -max_slew -max_cap -max_fanout -violators
============================================================================
======================= Typical Corner ===================================



===========================================================================
report_parasitic_annotation -report_unannotated
============================================================================
Found 12291 unannotated drivers.
 clk
 input_ready
 load_row_or_col
 output_valid
 rst_n
 spi_in0
 spi_in1
 spi_in2
 spi_in3
 _07_/ZN
 _08_/ZN
 _09_/ZN
 _10_/ZN
 _11_/ZN
 _12_/Z
 _13_/Z
 _14_/ZN
 _15_/Z
 _16_/ZN
 _17_/Z
 _18_/ZN
 _19_/Z
 _20_/ZN
 _21_/Z
 adder_tree._0715_/ZN
 adder_tree._0716_/ZN
 adder_tree._0717_/ZN
 adder_tree._0718_/ZN
 adder_tree._0719_/ZN
 adder_tree._0720_/ZN
 adder_tree._0721_/ZN
 adder_tree._0722_/ZN
 adder_tree._0723_/ZN
 adder_tree._0724_/ZN
 adder_tree._0725_/ZN
 adder_tree._0726_/ZN
 adder_tree._0727_/ZN
 adder_tree._0728_/Z
 adder_tree._0729_/Z
 adder_tree._0730_/Z
 adder_tree._0731_/Z
 adder_tree._0732_/Z
 adder_tree._0733_/Z
 adder_tree._0734_/Z
 adder_tree._0735_/Z
 adder_tree._0736_/ZN
 adder_tree._0737_/Z
 adder_tree._0738_/Z
 adder_tree._0739_/Z
 adder_tree._0740_/Z
 adder_tree._0741_/ZN
 adder_tree._0742_/Z
 adder_tree._0743_/ZN
 adder_tree._0744_/ZN
 adder_tree._0745_/Z
 adder_tree._0746_/ZN
 adder_tree._0747_/Z
 adder_tree._0748_/ZN
 adder_tree._0749_/Z
 adder_tree._0750_/ZN
 adder_tree._0751_/Z
 adder_tree._0752_/ZN
 adder_tree._0753_/Z
 adder_tree._0754_/ZN
 adder_tree._0755_/ZN
 adder_tree._0756_/ZN
 adder_tree._0757_/ZN
 adder_tree._0758_/Z
 adder_tree._0759_/ZN
 adder_tree._0760_/ZN
 adder_tree._0761_/Z
 adder_tree._0762_/Z
 adder_tree._0763_/Z
 adder_tree._0764_/Z
 adder_tree._0765_/ZN
 adder_tree._0766_/Z
 adder_tree._0767_/ZN
 adder_tree._0768_/Z
 adder_tree._0769_/ZN
 adder_tree._0770_/Z
 adder_tree._0771_/Z
 adder_tree._0772_/Z
 adder_tree._0773_/ZN
 adder_tree._0774_/ZN
 adder_tree._0775_/Z
 adder_tree._0776_/Z
 adder_tree._0777_/Z
 adder_tree._0778_/Z
 adder_tree._0779_/ZN
 adder_tree._0780_/ZN
 adder_tree._0781_/ZN
 adder_tree._0782_/ZN
 adder_tree._0783_/ZN
 adder_tree._0784_/ZN
 adder_tree._0785_/Z
 adder_tree._0786_/ZN
 adder_tree._0787_/ZN
 adder_tree._0788_/Z
 adder_tree._0789_/Z
 adder_tree._0790_/Z
 adder_tree._0791_/ZN
 adder_tree._0792_/Z
 adder_tree._0793_/Z
 adder_tree._0794_/ZN
 adder_tree._0795_/ZN
 adder_tree._0796_/Z
 adder_tree._0797_/Z
 adder_tree._0798_/ZN
 adder_tree._0799_/ZN
 adder_tree._0800_/ZN
 adder_tree._0801_/ZN
 adder_tree._0802_/ZN
 adder_tree._0803_/ZN
 adder_tree._0804_/ZN
 adder_tree._0805_/ZN
 adder_tree._0806_/ZN
 adder_tree._0807_/ZN
 adder_tree._0808_/ZN
 adder_tree._0809_/ZN
 adder_tree._0810_/ZN
 adder_tree._0811_/Z
 adder_tree._0812_/Z
 adder_tree._0813_/Z
 adder_tree._0814_/ZN
 adder_tree._0815_/ZN
 adder_tree._0816_/Z
 adder_tree._0817_/ZN
 adder_tree._0818_/Z
 adder_tree._0819_/ZN
 adder_tree._0820_/Z
 adder_tree._0821_/ZN
 adder_tree._0822_/ZN
 adder_tree._0823_/ZN
 adder_tree._0824_/ZN
 adder_tree._0825_/ZN
 adder_tree._0826_/Z
 adder_tree._0827_/ZN
 adder_tree._0828_/ZN
 adder_tree._0829_/ZN
 adder_tree._0830_/Z
 adder_tree._0831_/ZN
 adder_tree._0832_/Z
 adder_tree._0833_/ZN
 adder_tree._0834_/ZN
 adder_tree._0835_/ZN
 adder_tree._0836_/Z
 adder_tree._0837_/ZN
 adder_tree._0838_/ZN
 adder_tree._0839_/ZN
 adder_tree._0840_/ZN
 adder_tree._0841_/ZN
 adder_tree._0842_/Z
 adder_tree._0843_/ZN
 adder_tree._0844_/ZN
 adder_tree._0845_/Z
 adder_tree._0846_/Z
 adder_tree._0847_/Z
 adder_tree._0848_/ZN
 adder_tree._0849_/Z
 adder_tree._0850_/ZN
 adder_tree._0851_/ZN
 adder_tree._0852_/Z
 adder_tree._0853_/ZN
 adder_tree._0854_/Z
 adder_tree._0855_/ZN
 adder_tree._0856_/Z
 adder_tree._0857_/Z
 adder_tree._0858_/Z
 adder_tree._0859_/Z
 adder_tree._0860_/ZN
 adder_tree._0861_/ZN
 adder_tree._0862_/ZN
 adder_tree._0863_/ZN
 adder_tree._0864_/Z
 adder_tree._0865_/ZN
 adder_tree._0866_/ZN
 adder_tree._0867_/ZN
 adder_tree._0868_/ZN
 adder_tree._0869_/ZN
 adder_tree._0870_/Z
 adder_tree._0871_/Z
 adder_tree._0872_/Z
 adder_tree._0873_/ZN
 adder_tree._0874_/ZN
 adder_tree._0875_/ZN
 adder_tree._0876_/Z
 adder_tree._0877_/ZN
 adder_tree._0878_/Z
 adder_tree._0879_/ZN
 adder_tree._0880_/ZN
 adder_tree._0881_/Z
 adder_tree._0882_/ZN
 adder_tree._0883_/ZN
 adder_tree._0884_/ZN
 adder_tree._0885_/ZN
 adder_tree._0886_/Z
 adder_tree._0887_/ZN
 adder_tree._0888_/ZN
 adder_tree._0889_/ZN
 adder_tree._0890_/Z
 adder_tree._0891_/ZN
 adder_tree._0892_/Z
 adder_tree._0893_/ZN
 adder_tree._0894_/ZN
 adder_tree._0895_/ZN
 adder_tree._0896_/ZN
 adder_tree._0897_/ZN
 adder_tree._0898_/Z
 adder_tree._0899_/ZN
 adder_tree._0900_/ZN
 adder_tree._0901_/ZN
 adder_tree._0902_/ZN
 adder_tree._0903_/ZN
 adder_tree._0904_/Z
 adder_tree._0905_/ZN
 adder_tree._0906_/ZN
 adder_tree._0907_/Z
 adder_tree._0908_/Z
 adder_tree._0909_/Z
 adder_tree._0910_/ZN
 adder_tree._0911_/Z
 adder_tree._0912_/ZN
 adder_tree._0913_/ZN
 adder_tree._0914_/Z
 adder_tree._0915_/ZN
 adder_tree._0916_/ZN
 adder_tree._0917_/ZN
 adder_tree._0918_/Z
 adder_tree._0919_/Z
 adder_tree._0920_/ZN
 adder_tree._0921_/ZN
 adder_tree._0922_/ZN
 adder_tree._0923_/ZN
 adder_tree._0924_/Z
 adder_tree._0925_/Z
 adder_tree._0926_/ZN
 adder_tree._0927_/ZN
 adder_tree._0928_/ZN
 adder_tree._0929_/ZN
 adder_tree._0930_/ZN
 adder_tree._0931_/ZN
 adder_tree._0932_/ZN
 adder_tree._0933_/ZN
 adder_tree._0934_/ZN
 adder_tree._0935_/ZN
 adder_tree._0936_/ZN
 adder_tree._0937_/ZN
 adder_tree._0938_/Z
 adder_tree._0939_/Z
 adder_tree._0940_/Z
 adder_tree._0941_/ZN
 adder_tree._0942_/ZN
 adder_tree._0943_/Z
 adder_tree._0944_/ZN
 adder_tree._0945_/Z
 adder_tree._0946_/ZN
 adder_tree._0947_/Z
 adder_tree._0948_/ZN
 adder_tree._0949_/ZN
 adder_tree._0950_/ZN
 adder_tree._0951_/ZN
 adder_tree._0952_/ZN
 adder_tree._0953_/ZN
 adder_tree._0954_/ZN
 adder_tree._0955_/ZN
 adder_tree._0956_/ZN
 adder_tree._0957_/Z
 adder_tree._0958_/ZN
 adder_tree._0959_/Z
 adder_tree._0960_/ZN
 adder_tree._0961_/ZN
 adder_tree._0962_/ZN
 adder_tree._0963_/ZN
 adder_tree._0964_/ZN
 adder_tree._0965_/Z
 adder_tree._0966_/ZN
 adder_tree._0967_/ZN
 adder_tree._0968_/ZN
 adder_tree._0969_/ZN
 adder_tree._0970_/ZN
 adder_tree._0971_/Z
 adder_tree._0972_/ZN
 adder_tree._0973_/ZN
 adder_tree._0974_/Z
 adder_tree._0975_/Z
 adder_tree._0976_/Z
 adder_tree._0977_/ZN
 adder_tree._0978_/Z
 adder_tree._0979_/ZN
 adder_tree._0980_/ZN
 adder_tree._0981_/Z
 adder_tree._0982_/ZN
 adder_tree._0983_/ZN
 adder_tree._0984_/Z
 adder_tree._0985_/Z
 adder_tree._0986_/Z
 adder_tree._0987_/ZN
 adder_tree._0988_/ZN
 adder_tree._0989_/ZN
 adder_tree._0990_/ZN
 adder_tree._0991_/Z
 adder_tree._0992_/Z
 adder_tree._0993_/Z
 adder_tree._0994_/ZN
 adder_tree._0995_/ZN
 adder_tree._0996_/Z
 adder_tree._0997_/ZN
 adder_tree._0998_/Z
 adder_tree._0999_/Z
 adder_tree._1000_/Z
 adder_tree._1001_/Z
 adder_tree._1002_/ZN
 adder_tree._1003_/ZN
 adder_tree._1004_/ZN
 adder_tree._1005_/ZN
 adder_tree._1006_/ZN
 adder_tree._1007_/ZN
 adder_tree._1008_/Z
 adder_tree._1009_/Z
 adder_tree._1010_/Z
 adder_tree._1011_/ZN
 adder_tree._1012_/ZN
 adder_tree._1013_/Z
 adder_tree._1014_/ZN
 adder_tree._1015_/Z
 adder_tree._1016_/ZN
 adder_tree._1017_/Z
 adder_tree._1018_/ZN
 adder_tree._1019_/ZN
 adder_tree._1020_/ZN
 adder_tree._1021_/ZN
 adder_tree._1022_/ZN
 adder_tree._1023_/ZN
 adder_tree._1024_/ZN
 adder_tree._1025_/ZN
 adder_tree._1026_/ZN
 adder_tree._1027_/Z
 adder_tree._1028_/ZN
 adder_tree._1029_/Z
 adder_tree._1030_/ZN
 adder_tree._1031_/ZN
 adder_tree._1032_/ZN
 adder_tree._1033_/ZN
 adder_tree._1034_/ZN
 adder_tree._1035_/Z
 adder_tree._1036_/ZN
 adder_tree._1037_/ZN
 adder_tree._1038_/ZN
 adder_tree._1039_/ZN
 adder_tree._1040_/ZN
 adder_tree._1041_/Z
 adder_tree._1042_/ZN
 adder_tree._1043_/Z
 adder_tree._1044_/Z
 adder_tree._1045_/Z
 adder_tree._1046_/Z
 adder_tree._1047_/ZN
 adder_tree._1048_/Z
 adder_tree._1049_/ZN
 adder_tree._1050_/ZN
 adder_tree._1051_/Z
 adder_tree._1052_/ZN
 adder_tree._1053_/ZN
 adder_tree._1054_/Z
 adder_tree._1055_/Z
 adder_tree._1056_/Z
 adder_tree._1057_/ZN
 adder_tree._1058_/ZN
 adder_tree._1059_/ZN
 adder_tree._1060_/ZN
 adder_tree._1061_/Z
 adder_tree._1062_/Z
 adder_tree._1063_/ZN
 adder_tree._1064_/ZN
 adder_tree._1065_/Z
 adder_tree._1066_/ZN
 adder_tree._1067_/ZN
 adder_tree._1068_/Z
 adder_tree._1069_/ZN
 adder_tree._1070_/ZN
 adder_tree._1071_/ZN
 adder_tree._1072_/ZN
 adder_tree._1073_/ZN
 adder_tree._1074_/Z
 adder_tree._1075_/Z
 adder_tree._1076_/Z
 adder_tree._1077_/ZN
 adder_tree._1078_/ZN
 adder_tree._1079_/Z
 adder_tree._1080_/ZN
 adder_tree._1081_/Z
 adder_tree._1082_/ZN
 adder_tree._1083_/Z
 adder_tree._1084_/ZN
 adder_tree._1085_/ZN
 adder_tree._1086_/ZN
 adder_tree._1087_/ZN
 adder_tree._1088_/ZN
 adder_tree._1089_/ZN
 adder_tree._1090_/ZN
 adder_tree._1091_/ZN
 adder_tree._1092_/ZN
 adder_tree._1093_/Z
 adder_tree._1094_/ZN
 adder_tree._1095_/Z
 adder_tree._1096_/ZN
 adder_tree._1097_/ZN
 adder_tree._1098_/Z
 adder_tree._1099_/ZN
 adder_tree._1100_/Z
 adder_tree._1101_/ZN
 adder_tree._1102_/ZN
 adder_tree._1103_/ZN
 adder_tree._1104_/ZN
 adder_tree._1105_/ZN
 adder_tree._1106_/Z
 adder_tree._1107_/ZN
 adder_tree._1108_/ZN
 adder_tree._1109_/Z
 adder_tree._1110_/Z
 adder_tree._1111_/Z
 adder_tree._1112_/ZN
 adder_tree._1113_/Z
 adder_tree._1114_/ZN
 adder_tree._1115_/ZN
 adder_tree._1116_/Z
 adder_tree._1117_/ZN
 adder_tree._1118_/ZN
 adder_tree._1119_/Z
 adder_tree._1120_/Z
 adder_tree._1121_/Z
 adder_tree._1122_/ZN
 adder_tree._1123_/ZN
 adder_tree._1124_/ZN
 adder_tree._1125_/ZN
 adder_tree._1126_/Z
 adder_tree._1127_/Z
 adder_tree._1128_/ZN
 adder_tree._1129_/Z
 adder_tree._1130_/Z
 adder_tree._1131_/Z
 adder_tree._1132_/Z
 adder_tree._1133_/Z
 adder_tree._1134_/ZN
 adder_tree._1135_/Z
 adder_tree._1136_/ZN
 adder_tree._1137_/ZN
 adder_tree._1138_/ZN
 adder_tree._1139_/ZN
 adder_tree._1140_/ZN
 adder_tree._1141_/ZN
 adder_tree._1142_/ZN
 adder_tree._1143_/Z
 adder_tree._1144_/Z
 adder_tree._1145_/Z
 adder_tree._1146_/ZN
 adder_tree._1147_/ZN
 adder_tree._1148_/Z
 adder_tree._1149_/ZN
 adder_tree._1150_/Z
 adder_tree._1151_/ZN
 adder_tree._1152_/Z
 adder_tree._1153_/ZN
 adder_tree._1154_/ZN
 adder_tree._1155_/ZN
 adder_tree._1156_/ZN
 adder_tree._1157_/Z
 adder_tree._1158_/Z
 adder_tree._1159_/Z
 adder_tree._1160_/ZN
 adder_tree._1161_/ZN
 adder_tree._1162_/ZN
 adder_tree._1163_/Z
 adder_tree._1164_/ZN
 adder_tree._1165_/Z
 adder_tree._1166_/ZN
 adder_tree._1167_/ZN
 adder_tree._1168_/Z
 adder_tree._1169_/ZN
 adder_tree._1170_/Z
 adder_tree._1171_/ZN
 adder_tree._1172_/ZN
 adder_tree._1173_/ZN
 adder_tree._1174_/Z
 adder_tree._1175_/ZN
 adder_tree._1176_/Z
 adder_tree._1177_/ZN
 adder_tree._1178_/ZN
 adder_tree._1179_/Z
 adder_tree._1180_/Z
 adder_tree._1181_/Z
 adder_tree._1182_/ZN
 adder_tree._1183_/Z
 adder_tree._1184_/ZN
 adder_tree._1185_/Z
 adder_tree._1186_/ZN
 adder_tree._1187_/Z
 adder_tree._1188_/ZN
 adder_tree._1189_/ZN
 adder_tree._1190_/Z
 adder_tree._1191_/Z
 adder_tree._1192_/Z
 adder_tree._1193_/ZN
 adder_tree._1194_/ZN
 adder_tree._1195_/ZN
 adder_tree._1196_/Z
 adder_tree._1197_/Z
 adder_tree._1198_/Z
 adder_tree._1199_/ZN
 adder_tree._1200_/ZN
 adder_tree._1201_/Z
 adder_tree._1202_/ZN
 adder_tree._1203_/ZN
 adder_tree._1204_/ZN
 adder_tree._1205_/ZN
 adder_tree._1206_/ZN
 adder_tree._1207_/ZN
 adder_tree._1208_/ZN
 adder_tree._1209_/ZN
 adder_tree._1210_/Z
 adder_tree._1211_/Z
 adder_tree._1212_/Z
 adder_tree._1213_/ZN
 adder_tree._1214_/ZN
 adder_tree._1215_/Z
 adder_tree._1216_/ZN
 adder_tree._1217_/Z
 adder_tree._1218_/ZN
 adder_tree._1219_/Z
 adder_tree._1220_/ZN
 adder_tree._1221_/Z
 adder_tree._1222_/ZN
 adder_tree._1223_/Z
 adder_tree._1224_/Z
 adder_tree._1225_/ZN
 adder_tree._1226_/ZN
 adder_tree._1227_/ZN
 adder_tree._1228_/ZN
 adder_tree._1229_/Z
 adder_tree._1230_/ZN
 adder_tree._1231_/Z
 adder_tree._1232_/ZN
 adder_tree._1233_/ZN
 adder_tree._1234_/Z
 adder_tree._1235_/ZN
 adder_tree._1236_/Z
 adder_tree._1237_/ZN
 adder_tree._1238_/ZN
 adder_tree._1239_/ZN
 adder_tree._1240_/Z
 adder_tree._1241_/ZN
 adder_tree._1242_/Z
 adder_tree._1243_/ZN
 adder_tree._1244_/ZN
 adder_tree._1245_/Z
 adder_tree._1246_/Z
 adder_tree._1247_/Z
 adder_tree._1248_/ZN
 adder_tree._1249_/Z
 adder_tree._1250_/ZN
 adder_tree._1251_/Z
 adder_tree._1252_/ZN
 adder_tree._1253_/Z
 adder_tree._1254_/ZN
 adder_tree._1255_/ZN
 adder_tree._1256_/Z
 adder_tree._1257_/Z
 adder_tree._1258_/Z
 adder_tree._1259_/ZN
 adder_tree._1260_/ZN
 adder_tree._1261_/ZN
 adder_tree._1262_/Z
 adder_tree._1263_/Z
 adder_tree._1264_/Z
 adder_tree._1265_/ZN
 adder_tree._1266_/Z
 adder_tree._1267_/Z
 adder_tree._1268_/ZN
 adder_tree._1269_/ZN
 adder_tree._1270_/ZN
 adder_tree._1271_/ZN
 adder_tree._1272_/ZN
 adder_tree._1273_/ZN
 adder_tree._1274_/ZN
 adder_tree._1275_/ZN
 adder_tree._1276_/ZN
 adder_tree._1277_/ZN
 adder_tree._1278_/ZN
 adder_tree._1279_/ZN
 adder_tree._1280_/Z
 adder_tree._1281_/Z
 adder_tree._1282_/Z
 adder_tree._1283_/ZN
 adder_tree._1284_/ZN
 adder_tree._1285_/Z
 adder_tree._1286_/ZN
 adder_tree._1287_/Z
 adder_tree._1288_/ZN
 adder_tree._1289_/Z
 adder_tree._1290_/ZN
 adder_tree._1291_/Z
 adder_tree._1292_/ZN
 adder_tree._1293_/Z
 adder_tree._1294_/Z
 adder_tree._1295_/ZN
 adder_tree._1296_/ZN
 adder_tree._1297_/ZN
 adder_tree._1298_/ZN
 adder_tree._1299_/Z
 adder_tree._1300_/ZN
 adder_tree._1301_/Z
 adder_tree._1302_/ZN
 adder_tree._1303_/ZN
 adder_tree._1304_/Z
 adder_tree._1305_/ZN
 adder_tree._1306_/Z
 adder_tree._1307_/ZN
 adder_tree._1308_/Z
 adder_tree._1309_/Z
 adder_tree._1310_/Z
 adder_tree._1311_/ZN
 adder_tree._1312_/ZN
 adder_tree._1313_/Z
 adder_tree._1314_/ZN
 adder_tree._1315_/Z
 adder_tree._1316_/ZN
 adder_tree._1317_/Z
 adder_tree._1318_/ZN
 adder_tree._1319_/ZN
 adder_tree._1320_/ZN
 adder_tree._1321_/ZN
 adder_tree._1322_/Z
 adder_tree._1323_/ZN
 adder_tree._1324_/Z
 adder_tree._1325_/ZN
 adder_tree._1326_/ZN
 adder_tree._1327_/Z
 adder_tree._1328_/Z
 adder_tree._1329_/Z
 adder_tree._1330_/ZN
 adder_tree._1331_/ZN
 adder_tree._1332_/ZN
 adder_tree._1333_/ZN
 adder_tree._1334_/Z
 adder_tree._1335_/Z
 adder_tree._1336_/ZN
 adder_tree._1337_/ZN
 adder_tree._1338_/Z
 adder_tree._1339_/Z
 adder_tree._1340_/Z
 adder_tree._1341_/Z
 adder_tree._1342_/ZN
 adder_tree._1343_/ZN
 adder_tree._1344_/ZN
 adder_tree._1345_/ZN
 adder_tree._1346_/ZN
 adder_tree._1347_/ZN
 adder_tree._1348_/ZN
 adder_tree._1349_/ZN
 adder_tree._1350_/ZN
 adder_tree._1351_/ZN
 adder_tree._1352_/Z
 adder_tree._1353_/ZN
 adder_tree._1354_/ZN
 adder_tree._1355_/ZN
 adder_tree._1356_/Z
 adder_tree._1357_/ZN
 adder_tree._1358_/Z
 adder_tree._1359_/ZN
 adder_tree._1360_/Z
 adder_tree._1361_/ZN
 adder_tree._1362_/ZN
 adder_tree._1363_/ZN
 adder_tree._1364_/Z
 adder_tree._1365_/ZN
 adder_tree._1366_/ZN
 adder_tree._1367_/ZN
 adder_tree._1368_/ZN
 adder_tree._1369_/Z
 adder_tree._1370_/ZN
 adder_tree._1371_/ZN
 adder_tree._1372_/ZN
 adder_tree._1373_/Z
 adder_tree._1374_/ZN
 adder_tree._1375_/ZN
 adder_tree._1376_/ZN
 adder_tree._1377_/Z
 adder_tree._1378_/ZN
 adder_tree._1379_/ZN
 adder_tree._1380_/ZN
 adder_tree._1381_/Z
 adder_tree._1382_/ZN
 adder_tree._1383_/Z
 adder_tree._1384_/ZN
 adder_tree._1385_/ZN
 adder_tree._1386_/ZN
 adder_tree._1387_/ZN
 adder_tree._1388_/Z
 adder_tree._1389_/ZN
 adder_tree._1390_/Z
 adder_tree._1391_/ZN
 adder_tree._1392_/ZN
 adder_tree._1393_/Z
 adder_tree._1394_/ZN
 adder_tree._1395_/Z
 adder_tree._1396_/ZN
 adder_tree._1397_/ZN
 adder_tree._1398_/ZN
 adder_tree._1399_/ZN
 adder_tree._1400_/Z
 adder_tree._1401_/ZN
 adder_tree._1402_/Z
 adder_tree._1403_/ZN
 adder_tree._1404_/ZN
 adder_tree._1405_/Z
 adder_tree._1406_/ZN
 adder_tree._1407_/ZN
 adder_tree._1408_/ZN
 adder_tree._1409_/ZN
 adder_tree._1410_/ZN
 adder_tree._1411_/ZN
 adder_tree._1412_/ZN
 adder_tree._1413_/ZN
 adder_tree._1414_/ZN
 adder_tree._1415_/Z
 adder_tree._1416_/Z
 adder_tree._1417_/Z
 adder_tree._1418_/ZN
 adder_tree._1419_/Z
 adder_tree._1420_/Z
 adder_tree._1421_/Z
 adder_tree._1422_/ZN
 adder_tree._1423_/Z
 adder_tree._1424_/ZN
 adder_tree._1425_/ZN
 adder_tree._1426_/Z
 adder_tree._1427_/Z
 adder_tree._1428_/Z
 adder_tree._1429_/ZN
 adder_tree._1430_/ZN
 adder_tree._1431_/Z
 adder_tree._1432_/Z
 adder_tree._1433_/ZN
 adder_tree._1434_/ZN
 adder_tree._1435_/ZN
 adder_tree._1436_/Z
 adder_tree._1437_/Z
 adder_tree._1438_/Z
 adder_tree._1439_/Z
 adder_tree._1440_/Z
 adder_tree._1441_/Z
 bgc_0._05_/ZN
 bgc_0._06_/ZN
 bgc_0._07_/ZN
 bgc_0._07__762/ZN
 bgc_0._08_/ZN
 bgc_0._09_/Z
 bgc_0._10_/ZN
 bgc_0._11_/Z
 bgc_0._11__771/ZN
 bgc_0._12_/Z
 bgc_0._13_/Z
 bgc_0._14_/Z
 bgc_0._15_/Z
 bgc_0._16_/Z
 bgc_0._17_/Z
 bgc_0._18_/Z
 bgc_0._19_/Z
 bgc_0._20_/Z
 bgc_0._21_/Z
 bgc_0._22_/Z
 bgc_0._23_/Z
 bgc_0._24_/ZN
 bgc_0._25_/ZN
 bgc_0.col_reg._053_/ZN
 bgc_0.col_reg._054_/ZN
 bgc_0.col_reg._055_/ZN
 bgc_0.col_reg._056_/ZN
 bgc_0.col_reg._057_/ZN
 bgc_0.col_reg._058_/ZN
 bgc_0.col_reg._059_/ZN
 bgc_0.col_reg._060_/ZN
 bgc_0.col_reg._061_/ZN
 bgc_0.col_reg._062_/ZN
 bgc_0.col_reg._063_/ZN
 bgc_0.col_reg._064_/ZN
 bgc_0.col_reg._065_/ZN
 bgc_0.col_reg._066_/ZN
 bgc_0.col_reg._067_/ZN
 bgc_0.col_reg._068_/ZN
 bgc_0.col_reg._069_/ZN
 bgc_0.col_reg._070_/ZN
 bgc_0.col_reg._071_/ZN
 bgc_0.col_reg._072_/ZN
 bgc_0.col_reg._073_/ZN
 bgc_0.col_reg._074_/ZN
 bgc_0.col_reg._075_/ZN
 bgc_0.col_reg._076_/ZN
 bgc_0.col_reg._077_/ZN
 bgc_0.col_reg._078_/ZN
 bgc_0.col_reg._079_/ZN
 bgc_0.col_reg._080_/Z
 bgc_0.col_reg._081_/ZN
 bgc_0.col_reg._082_/ZN
 bgc_0.col_reg._083_/ZN
 bgc_0.col_reg._084_/ZN
 bgc_0.col_reg._085_/ZN
 bgc_0.col_reg._086_/ZN
 bgc_0.col_reg._087_/ZN
 bgc_0.col_reg._088_/ZN
 bgc_0.col_reg._089_/ZN
 bgc_0.col_reg._090_/ZN
 bgc_0.col_reg._091_/ZN
 bgc_0.col_reg._092_/ZN
 bgc_0.col_reg._093_/ZN
 bgc_0.col_reg._094_/ZN
 bgc_0.col_reg._095_/ZN
 bgc_0.col_reg._096_/ZN
 bgc_0.col_reg._097_/ZN
 bgc_0.col_reg._098_/ZN
 bgc_0.col_reg._099_/ZN
 bgc_0.col_reg._100_/ZN
 bgc_0.col_reg._101_/ZN
 bgc_0.col_reg._102_/ZN
 bgc_0.col_reg._103_/ZN
 bgc_0.col_reg._104_/ZN
 bgc_0.col_reg._105_/ZN
 bgc_0.col_reg._106_/ZN
 bgc_0.col_reg._107_/ZN
 bgc_0.col_reg._108_/ZN
 bgc_0.col_reg._109_/ZN
 bgc_0.col_reg._110_/ZN
 bgc_0.col_reg._111_/ZN
 bgc_0.col_reg._112_/ZN
 bgc_0.col_reg._113_/ZN
 bgc_0.col_reg._114_/ZN
 bgc_0.col_reg._115_/ZN
 bgc_0.col_reg._116_/ZN
 bgc_0.col_reg._117_/Q
 bgc_0.col_reg._118_/Q
 bgc_0.col_reg._119_/Q
 bgc_0.col_reg._120_/Q
 bgc_0.col_reg._121_/Q
 bgc_0.col_reg._122_/Q
 bgc_0.col_reg._123_/Q
 bgc_0.col_reg._124_/Q
 bgc_0.col_reg._125_/Q
 bgc_0.col_reg._126_/Q
 bgc_0.col_reg._127_/Q
 bgc_0.col_reg._128_/Q
 bgc_0.comp_col._20_/ZN
 bgc_0.comp_col._21_/ZN
 bgc_0.comp_col._22_/ZN
 bgc_0.comp_col._23_/ZN
 bgc_0.comp_col._24_/ZN
 bgc_0.comp_col._25_/ZN
 bgc_0.comp_col._26_/ZN
 bgc_0.comp_col._27_/ZN
 bgc_0.comp_col._28_/ZN
 bgc_0.comp_col._29_/ZN
 bgc_0.comp_col._30_/ZN
 bgc_0.comp_col._31_/ZN
 bgc_0.comp_col._32_/ZN
 bgc_0.comp_col._33_/ZN
 bgc_0.comp_col._34_/ZN
 bgc_0.comp_col._35_/ZN
 bgc_0.comp_col._36_/ZN
 bgc_0.comp_col._37_/ZN
 bgc_0.comp_col._38_/ZN
 bgc_0.comp_col._39_/ZN
 bgc_0.comp_col._40_/ZN
 bgc_0.comp_col._41_/ZN
 bgc_0.comp_col._42_/ZN
 bgc_0.comp_col._43_/ZN
 bgc_0.comp_col._44_/ZN
 bgc_0.comp_col._45_/ZN
 bgc_0.comp_col._46_/ZN
 bgc_0.comp_col._47_/ZN
 bgc_0.comp_col._48_/Z
 bgc_0.comp_col._49_/Z
 bgc_0.comp_col._50_/Z
 bgc_0.comp_col._51_/Z
 bgc_0.comp_col._52_/Z
 bgc_0.comp_col._53_/Z
 bgc_0.comp_col._54_/Z
 bgc_0.comp_col._55_/Z
 bgc_0.comp_col._56_/Z
 bgc_0.comp_col._57_/Z
 bgc_0.comp_col._58_/Z
 bgc_0.comp_col._59_/Z
 bgc_0.comp_col._60_/ZN
 bgc_0.comp_col._61_/ZN
 bgc_0.comp_col._62_/ZN
 bgc_0.comp_col._63_/ZN
 bgc_0.comp_col._64_/ZN
 bgc_0.comp_col.pe1._18_/ZN
 bgc_0.comp_col.pe1._19_/ZN
 bgc_0.comp_col.pe1._20_/ZN
 bgc_0.comp_col.pe1._21_/ZN
 bgc_0.comp_col.pe1._22_/ZN
 bgc_0.comp_col.pe1._23_/ZN
 bgc_0.comp_col.pe1._24_/ZN
 bgc_0.comp_col.pe1._25_/ZN
 bgc_0.comp_col.pe1._26_/ZN
 bgc_0.comp_col.pe1._27_/ZN
 bgc_0.comp_col.pe1._28_/ZN
 bgc_0.comp_col.pe1._29_/ZN
 bgc_0.comp_col.pe1._30_/ZN
 bgc_0.comp_col.pe1._31_/ZN
 bgc_0.comp_col.pe1._32_/ZN
 bgc_0.comp_col.pe1._33_/ZN
 bgc_0.comp_col.pe1._34_/ZN
 bgc_0.comp_col.pe1._35_/ZN
 bgc_0.comp_col.pe1._36_/ZN
 bgc_0.comp_col.pe1._37_/ZN
 bgc_0.comp_col.pe1._38_/ZN
 bgc_0.comp_col.pe1._39_/ZN
 bgc_0.comp_col.pe2._18_/ZN
 bgc_0.comp_col.pe2._19_/ZN
 bgc_0.comp_col.pe2._20_/ZN
 bgc_0.comp_col.pe2._21_/ZN
 bgc_0.comp_col.pe2._22_/ZN
 bgc_0.comp_col.pe2._23_/ZN
 bgc_0.comp_col.pe2._24_/ZN
 bgc_0.comp_col.pe2._25_/ZN
 bgc_0.comp_col.pe2._26_/ZN
 bgc_0.comp_col.pe2._27_/ZN
 bgc_0.comp_col.pe2._28_/ZN
 bgc_0.comp_col.pe2._29_/ZN
 bgc_0.comp_col.pe2._30_/ZN
 bgc_0.comp_col.pe2._31_/ZN
 bgc_0.comp_col.pe2._32_/ZN
 bgc_0.comp_col.pe2._33_/ZN
 bgc_0.comp_col.pe2._34_/ZN
 bgc_0.comp_col.pe2._35_/ZN
 bgc_0.comp_col.pe2._36_/ZN
 bgc_0.comp_col.pe2._37_/ZN
 bgc_0.comp_col.pe2._38_/ZN
 bgc_0.comp_col.pe2._39_/ZN
 bgc_0.comp_row._20_/ZN
 bgc_0.comp_row._21_/ZN
 bgc_0.comp_row._22_/ZN
 bgc_0.comp_row._23_/ZN
 bgc_0.comp_row._24_/ZN
 bgc_0.comp_row._25_/ZN
 bgc_0.comp_row._26_/ZN
 bgc_0.comp_row._27_/ZN
 bgc_0.comp_row._28_/ZN
 bgc_0.comp_row._29_/ZN
 bgc_0.comp_row._30_/ZN
 bgc_0.comp_row._31_/ZN
 bgc_0.comp_row._32_/ZN
 bgc_0.comp_row._33_/ZN
 bgc_0.comp_row._34_/ZN
 bgc_0.comp_row._35_/ZN
 bgc_0.comp_row._36_/ZN
 bgc_0.comp_row._37_/ZN
 bgc_0.comp_row._38_/ZN
 bgc_0.comp_row._39_/ZN
 bgc_0.comp_row._40_/ZN
 bgc_0.comp_row._41_/ZN
 bgc_0.comp_row._42_/ZN
 bgc_0.comp_row._43_/ZN
 bgc_0.comp_row._44_/ZN
 bgc_0.comp_row._45_/ZN
 bgc_0.comp_row._46_/ZN
 bgc_0.comp_row._47_/ZN
 bgc_0.comp_row._48_/Z
 bgc_0.comp_row._49_/Z
 bgc_0.comp_row._50_/Z
 bgc_0.comp_row._51_/Z
 bgc_0.comp_row._52_/Z
 bgc_0.comp_row._53_/Z
 bgc_0.comp_row._54_/Z
 bgc_0.comp_row._55_/Z
 bgc_0.comp_row._56_/Z
 bgc_0.comp_row._57_/Z
 bgc_0.comp_row._58_/Z
 bgc_0.comp_row._59_/Z
 bgc_0.comp_row._60_/ZN
 bgc_0.comp_row._61_/ZN
 bgc_0.comp_row._62_/ZN
 bgc_0.comp_row._63_/ZN
 bgc_0.comp_row._64_/ZN
 bgc_0.comp_row.pe1._18_/ZN
 bgc_0.comp_row.pe1._19_/ZN
 bgc_0.comp_row.pe1._20_/ZN
 bgc_0.comp_row.pe1._21_/ZN
 bgc_0.comp_row.pe1._22_/ZN
 bgc_0.comp_row.pe1._23_/ZN
 bgc_0.comp_row.pe1._24_/ZN
 bgc_0.comp_row.pe1._25_/ZN
 bgc_0.comp_row.pe1._26_/ZN
 bgc_0.comp_row.pe1._27_/ZN
 bgc_0.comp_row.pe1._28_/ZN
 bgc_0.comp_row.pe1._29_/ZN
 bgc_0.comp_row.pe1._30_/ZN
 bgc_0.comp_row.pe1._31_/ZN
 bgc_0.comp_row.pe1._32_/ZN
 bgc_0.comp_row.pe1._33_/ZN
 bgc_0.comp_row.pe1._34_/ZN
 bgc_0.comp_row.pe1._35_/ZN
 bgc_0.comp_row.pe1._36_/ZN
 bgc_0.comp_row.pe1._37_/ZN
 bgc_0.comp_row.pe1._38_/ZN
 bgc_0.comp_row.pe1._39_/ZN
 bgc_0.comp_row.pe2._18_/ZN
 bgc_0.comp_row.pe2._19_/ZN
 bgc_0.comp_row.pe2._20_/ZN
 bgc_0.comp_row.pe2._21_/ZN
 bgc_0.comp_row.pe2._22_/ZN
 bgc_0.comp_row.pe2._23_/ZN
 bgc_0.comp_row.pe2._24_/ZN
 bgc_0.comp_row.pe2._25_/ZN
 bgc_0.comp_row.pe2._26_/ZN
 bgc_0.comp_row.pe2._27_/ZN
 bgc_0.comp_row.pe2._28_/ZN
 bgc_0.comp_row.pe2._29_/ZN
 bgc_0.comp_row.pe2._30_/ZN
 bgc_0.comp_row.pe2._31_/ZN
 bgc_0.comp_row.pe2._32_/ZN
 bgc_0.comp_row.pe2._33_/ZN
 bgc_0.comp_row.pe2._34_/ZN
 bgc_0.comp_row.pe2._35_/ZN
 bgc_0.comp_row.pe2._36_/ZN
 bgc_0.comp_row.pe2._37_/ZN
 bgc_0.comp_row.pe2._38_/ZN
 bgc_0.comp_row.pe2._39_/ZN
 bgc_0.final_counter._29_/ZN
 bgc_0.final_counter._30_/ZN
 bgc_0.final_counter._31_/ZN
 bgc_0.final_counter._32_/ZN
 bgc_0.final_counter._33_/ZN
 bgc_0.final_counter._34_/ZN
 bgc_0.final_counter._35_/ZN
 bgc_0.final_counter._36_/ZN
 bgc_0.final_counter._37_/ZN
 bgc_0.final_counter._38_/ZN
 bgc_0.final_counter._39_/Z
 bgc_0.final_counter._40_/ZN
 bgc_0.final_counter._41_/ZN
 bgc_0.final_counter._42_/ZN
 bgc_0.final_counter._43_/Z
 bgc_0.final_counter._44_/ZN
 bgc_0.final_counter._45_/ZN
 bgc_0.final_counter._46_/Z
 bgc_0.final_counter._47_/ZN
 bgc_0.final_counter._48_/ZN
 bgc_0.final_counter._49_/Z
 bgc_0.final_counter._50_/ZN
 bgc_0.final_counter._51_/ZN
 bgc_0.final_counter._52_/ZN
 bgc_0.final_counter._53_/ZN
 bgc_0.final_counter._54_/Z
 bgc_0.final_counter._55_/ZN
 bgc_0.final_counter._56_/ZN
 bgc_0.final_counter._57_/Z
 bgc_0.final_counter._58_/ZN
 bgc_0.final_counter._59_/ZN
 bgc_0.final_counter._60_/ZN
 bgc_0.final_counter._61_/ZN
 bgc_0.final_counter._62_/ZN
 bgc_0.final_counter._63_/ZN
 bgc_0.final_counter._64_/ZN
 bgc_0.final_counter._65_/ZN
 bgc_0.final_counter._66_/ZN
 bgc_0.final_counter._67_/Z
 bgc_0.final_counter._68_/ZN
 bgc_0.final_counter._69_/Q
 bgc_0.final_counter._70_/Q
 bgc_0.final_counter._71_/Q
 bgc_0.final_counter._72_/Q
 bgc_0.final_counter._73_/Q
 bgc_0.final_counter._74_/Q
 bgc_0.final_counter._75_/Q
 bgc_0.final_counter._76_/Q
 bgc_0.final_counter._77_/Q
 bgc_0.final_counter._78_/Q
 bgc_0.final_counter._79_/Q
 bgc_0.final_counter._80_/Q
 bgc_0.lfsr_col._27_/ZN
 bgc_0.lfsr_col._28_/ZN
 bgc_0.lfsr_col._28__777/ZN
 bgc_0.lfsr_col._29_/Z
 bgc_0.lfsr_col._29__783/ZN
 bgc_0.lfsr_col._30_/Z
 bgc_0.lfsr_col._30__788/ZN
 bgc_0.lfsr_col._31_/Z
 bgc_0.lfsr_col._31__1456/Z
 bgc_0.lfsr_col._32_/Z
 bgc_0.lfsr_col._32__1458/Z
 bgc_0.lfsr_col._33_/Z
 bgc_0.lfsr_col._33__813/ZN
 bgc_0.lfsr_col._34_/Z
 bgc_0.lfsr_col._34__76/ZN
 bgc_0.lfsr_col._35_/Z
 bgc_0.lfsr_col._35__825/Z
 bgc_0.lfsr_col._36_/Z
 bgc_0.lfsr_col._36__830/Z
 bgc_0.lfsr_col._37_/Z
 bgc_0.lfsr_col._37__837/Z
 bgc_0.lfsr_col._38_/Z
 bgc_0.lfsr_col._38__97/ZN
 bgc_0.lfsr_col._39_/Z
 bgc_0.lfsr_col._39__846/Z
 bgc_0.lfsr_col._40_/Z
 bgc_0.lfsr_col._40__847/Z
 bgc_0.lfsr_col._41_/Z
 bgc_0.lfsr_col._42_/Z
 bgc_0.lfsr_col._43_/Z
 bgc_0.lfsr_col._44_/Z
 bgc_0.lfsr_col._44__851/Z
 bgc_0.lfsr_col._45_/Z
 bgc_0.lfsr_col._45__858/Z
 bgc_0.lfsr_col._46_/Z
 bgc_0.lfsr_col._46__132/ZN
 bgc_0.lfsr_col._47_/Z
 bgc_0.lfsr_col._47__868/Z
 bgc_0.lfsr_col._48_/Z
 bgc_0.lfsr_col._48__874/Z
 bgc_0.lfsr_col._49_/Z
 bgc_0.lfsr_col._49__881/Z
 bgc_0.lfsr_col._50_/Z
 bgc_0.lfsr_col._50__151/ZN
 bgc_0.lfsr_col._51_/Z
 bgc_0.lfsr_col._51__161/ZN
 bgc_0.lfsr_col._52_/Z
 bgc_0.lfsr_col._52__893/Z
 bgc_0.lfsr_col._53_/Z
 bgc_0.lfsr_col._53__898/Z
 bgc_0.lfsr_col._54_/Z
 bgc_0.lfsr_col._54__178/ZN
 bgc_0.lfsr_col._55_/Z
 bgc_0.lfsr_col._55__184/ZN
 bgc_0.lfsr_col._56_/Z
 bgc_0.lfsr_col._57_/Z
 bgc_0.lfsr_col._58_/Z
 bgc_0.lfsr_col._59_/Z
 bgc_0.lfsr_col._60_/Z
 bgc_0.lfsr_col._61_/Z
 bgc_0.lfsr_col._62_/Z
 bgc_0.lfsr_col._63_/Z
 bgc_0.lfsr_col._64_/Z
 bgc_0.lfsr_col._65_/Z
 bgc_0.lfsr_col._66_/ZN
 bgc_0.lfsr_col._66__915/Z
 bgc_0.lfsr_col._67_/ZN
 bgc_0.lfsr_col._67__924/Z
 bgc_0.lfsr_col._68_/ZN
 bgc_0.lfsr_col._68__198/ZN
 bgc_0.lfsr_col._69_/ZN
 bgc_0.lfsr_col._69__932/Z
 bgc_0.lfsr_col._70_/ZN
 bgc_0.lfsr_col._70__933/Z
 bgc_0.lfsr_col._71_/ZN
 bgc_0.lfsr_col._71__939/Z
 bgc_0.lfsr_col._72_/ZN
 bgc_0.lfsr_col._72__227/ZN
 bgc_0.lfsr_col._73_/ZN
 bgc_0.lfsr_col._73__233/ZN
 bgc_0.lfsr_col._74_/ZN
 bgc_0.lfsr_col._74__953/Z
 bgc_0.lfsr_col._75_/ZN
 bgc_0.lfsr_col._75__959/Z
 bgc_0.lfsr_col._76_/ZN
 bgc_0.lfsr_col._76__251/ZN
 bgc_0.lfsr_col._77_/Q
 bgc_0.lfsr_col._78_/Q
 bgc_0.lfsr_col._79_/Q
 bgc_0.lfsr_col._80_/Q
 bgc_0.lfsr_col._81_/Q
 bgc_0.lfsr_col._82_/Q
 bgc_0.lfsr_col._83_/Q
 bgc_0.lfsr_col._84_/Q
 bgc_0.lfsr_col._85_/Q
 bgc_0.lfsr_col._86_/Q
 bgc_0.lfsr_col._87_/Q
 bgc_0.lfsr_col._88_/Q
 bgc_0.lfsr_row._27_/ZN
 bgc_0.lfsr_row._28_/ZN
 bgc_0.lfsr_row._28__968/Z
 bgc_0.lfsr_row._29_/Z
 bgc_0.lfsr_row._29__971/Z
 bgc_0.lfsr_row._30_/Z
 bgc_0.lfsr_row._30__276/ZN
 bgc_0.lfsr_row._31_/Z
 bgc_0.lfsr_row._31__980/Z
 bgc_0.lfsr_row._32_/Z
 bgc_0.lfsr_row._32__280/ZN
 bgc_0.lfsr_row._33_/Z
 bgc_0.lfsr_row._33__997/Z
 bgc_0.lfsr_row._34_/Z
 bgc_0.lfsr_row._34__287/ZN
 bgc_0.lfsr_row._35_/Z
 bgc_0.lfsr_row._35__292/ZN
 bgc_0.lfsr_row._36_/Z
 bgc_0.lfsr_row._36__1017/Z
 bgc_0.lfsr_row._37_/Z
 bgc_0.lfsr_row._37__299/ZN
 bgc_0.lfsr_row._38_/Z
 bgc_0.lfsr_row._38__1026/Z
 bgc_0.lfsr_row._39_/Z
 bgc_0.lfsr_row._39__1030/Z
 bgc_0.lfsr_row._40_/Z
 bgc_0.lfsr_row._40__322/ZN
 bgc_0.lfsr_row._41_/Z
 bgc_0.lfsr_row._42_/Z
 bgc_0.lfsr_row._43_/Z
 bgc_0.lfsr_row._44_/Z
 bgc_0.lfsr_row._44__327/ZN
 bgc_0.lfsr_row._45_/Z
 bgc_0.lfsr_row._45__1049/Z
 bgc_0.lfsr_row._46_/Z
 bgc_0.lfsr_row._46__1057/Z
 bgc_0.lfsr_row._47_/Z
 bgc_0.lfsr_row._47__339/ZN
 bgc_0.lfsr_row._48_/Z
 bgc_0.lfsr_row._48__1069/Z
 bgc_0.lfsr_row._49_/Z
 bgc_0.lfsr_row._49__351/ZN
 bgc_0.lfsr_row._50_/Z
 bgc_0.lfsr_row._50__362/ZN
 bgc_0.lfsr_row._51_/Z
 bgc_0.lfsr_row._51__1080/Z
 bgc_0.lfsr_row._52_/Z
 bgc_0.lfsr_row._52__373/ZN
 bgc_0.lfsr_row._53_/Z
 bgc_0.lfsr_row._53__1088/Z
 bgc_0.lfsr_row._54_/Z
 bgc_0.lfsr_row._54__384/ZN
 bgc_0.lfsr_row._55_/Z
 bgc_0.lfsr_row._55__1100/Z
 bgc_0.lfsr_row._56_/Z
 bgc_0.lfsr_row._57_/Z
 bgc_0.lfsr_row._58_/Z
 bgc_0.lfsr_row._59_/Z
 bgc_0.lfsr_row._60_/Z
 bgc_0.lfsr_row._61_/Z
 bgc_0.lfsr_row._62_/Z
 bgc_0.lfsr_row._63_/Z
 bgc_0.lfsr_row._64_/Z
 bgc_0.lfsr_row._65_/Z
 bgc_0.lfsr_row._66_/ZN
 bgc_0.lfsr_row._66__395/ZN
 bgc_0.lfsr_row._67_/ZN
 bgc_0.lfsr_row._67__1112/Z
 bgc_0.lfsr_row._68_/ZN
 bgc_0.lfsr_row._68__1113/Z
 bgc_0.lfsr_row._69_/ZN
 bgc_0.lfsr_row._69__417/ZN
 bgc_0.lfsr_row._70_/ZN
 bgc_0.lfsr_row._70__1119/Z
 bgc_0.lfsr_row._71_/ZN
 bgc_0.lfsr_row._71__433/ZN
 bgc_0.lfsr_row._72_/ZN
 bgc_0.lfsr_row._72__441/ZN
 bgc_0.lfsr_row._73_/ZN
 bgc_0.lfsr_row._73__1129/Z
 bgc_0.lfsr_row._74_/ZN
 bgc_0.lfsr_row._74__449/ZN
 bgc_0.lfsr_row._75_/ZN
 bgc_0.lfsr_row._75__1145/Z
 bgc_0.lfsr_row._76_/ZN
 bgc_0.lfsr_row._76__461/ZN
 bgc_0.lfsr_row._77_/Q
 bgc_0.lfsr_row._78_/Q
 bgc_0.lfsr_row._79_/Q
 bgc_0.lfsr_row._80_/Q
 bgc_0.lfsr_row._81_/Q
 bgc_0.lfsr_row._82_/Q
 bgc_0.lfsr_row._83_/Q
 bgc_0.lfsr_row._84_/Q
 bgc_0.lfsr_row._85_/Q
 bgc_0.lfsr_row._86_/Q
 bgc_0.lfsr_row._87_/Q
 bgc_0.lfsr_row._88_/Q
 bgc_0.row_reg._053_/ZN
 bgc_0.row_reg._054_/ZN
 bgc_0.row_reg._055_/ZN
 bgc_0.row_reg._056_/ZN
 bgc_0.row_reg._056__472/ZN
 bgc_0.row_reg._057_/ZN
 bgc_0.row_reg._058_/ZN
 bgc_0.row_reg._058__479/ZN
 bgc_0.row_reg._059_/ZN
 bgc_0.row_reg._060_/ZN
 bgc_0.row_reg._060__482/ZN
 bgc_0.row_reg._061_/ZN
 bgc_0.row_reg._062_/ZN
 bgc_0.row_reg._062__487/ZN
 bgc_0.row_reg._063_/ZN
 bgc_0.row_reg._064_/ZN
 bgc_0.row_reg._064__492/ZN
 bgc_0.row_reg._065_/ZN
 bgc_0.row_reg._066_/ZN
 bgc_0.row_reg._066__495/ZN
 bgc_0.row_reg._067_/ZN
 bgc_0.row_reg._068_/ZN
 bgc_0.row_reg._068__498/ZN
 bgc_0.row_reg._069_/ZN
 bgc_0.row_reg._070_/ZN
 bgc_0.row_reg._070__501/ZN
 bgc_0.row_reg._071_/ZN
 bgc_0.row_reg._072_/ZN
 bgc_0.row_reg._072__509/ZN
 bgc_0.row_reg._073_/ZN
 bgc_0.row_reg._074_/ZN
 bgc_0.row_reg._074__520/ZN
 bgc_0.row_reg._075_/ZN
 bgc_0.row_reg._076_/ZN
 bgc_0.row_reg._076__524/ZN
 bgc_0.row_reg._077_/ZN
 bgc_0.row_reg._078_/ZN
 bgc_0.row_reg._078__528/ZN
 bgc_0.row_reg._079_/ZN
 bgc_0.row_reg._080_/Z
 bgc_0.row_reg._081_/ZN
 bgc_0.row_reg._082_/ZN
 bgc_0.row_reg._083_/ZN
 bgc_0.row_reg._084_/ZN
 bgc_0.row_reg._085_/ZN
 bgc_0.row_reg._086_/ZN
 bgc_0.row_reg._087_/ZN
 bgc_0.row_reg._088_/ZN
 bgc_0.row_reg._089_/ZN
 bgc_0.row_reg._090_/ZN
 bgc_0.row_reg._091_/ZN
 bgc_0.row_reg._092_/ZN
 bgc_0.row_reg._093_/ZN
 bgc_0.row_reg._094_/ZN
 bgc_0.row_reg._095_/ZN
 bgc_0.row_reg._096_/ZN
 bgc_0.row_reg._097_/ZN
 bgc_0.row_reg._098_/ZN
 bgc_0.row_reg._099_/ZN
 bgc_0.row_reg._100_/ZN
 bgc_0.row_reg._101_/ZN
 bgc_0.row_reg._102_/ZN
 bgc_0.row_reg._103_/ZN
 bgc_0.row_reg._104_/ZN
 bgc_0.row_reg._105_/ZN
 bgc_0.row_reg._106_/ZN
 bgc_0.row_reg._107_/ZN
 bgc_0.row_reg._108_/ZN
 bgc_0.row_reg._109_/ZN
 bgc_0.row_reg._110_/ZN
 bgc_0.row_reg._111_/ZN
 bgc_0.row_reg._112_/ZN
 bgc_0.row_reg._113_/ZN
 bgc_0.row_reg._114_/ZN
 bgc_0.row_reg._115_/ZN
 bgc_0.row_reg._116_/ZN
 bgc_0.row_reg._117_/Q
 bgc_0.row_reg._118_/Q
 bgc_0.row_reg._119_/Q
 bgc_0.row_reg._120_/Q
 bgc_0.row_reg._121_/Q
 bgc_0.row_reg._122_/Q
 bgc_0.row_reg._123_/Q
 bgc_0.row_reg._124_/Q
 bgc_0.row_reg._125_/Q
 bgc_0.row_reg._126_/Q
 bgc_0.row_reg._127_/Q
 bgc_0.row_reg._128_/Q
 bgc_1._05_/ZN
 bgc_1._06_/ZN
 bgc_1._07_/ZN
 bgc_1._07__532/ZN
 bgc_1._08_/ZN
 bgc_1._09_/Z
 bgc_1._10_/ZN
 bgc_1._11_/Z
 bgc_1._11__537/ZN
 bgc_1._12_/Z
 bgc_1._13_/Z
 bgc_1._14_/Z
 bgc_1._15_/Z
 bgc_1._16_/Z
 bgc_1._17_/Z
 bgc_1._18_/Z
 bgc_1._19_/Z
 bgc_1._20_/Z
 bgc_1._21_/Z
 bgc_1._22_/Z
 bgc_1._23_/Z
 bgc_1._24_/ZN
 bgc_1._25_/ZN
 bgc_1.col_reg._053_/ZN
 bgc_1.col_reg._054_/ZN
 bgc_1.col_reg._055_/ZN
 bgc_1.col_reg._056_/ZN
 bgc_1.col_reg._057_/ZN
 bgc_1.col_reg._058_/ZN
 bgc_1.col_reg._059_/ZN
 bgc_1.col_reg._060_/ZN
 bgc_1.col_reg._061_/ZN
 bgc_1.col_reg._062_/ZN
 bgc_1.col_reg._063_/ZN
 bgc_1.col_reg._064_/ZN
 bgc_1.col_reg._065_/ZN
 bgc_1.col_reg._066_/ZN
 bgc_1.col_reg._067_/ZN
 bgc_1.col_reg._068_/ZN
 bgc_1.col_reg._069_/ZN
 bgc_1.col_reg._070_/ZN
 bgc_1.col_reg._071_/ZN
 bgc_1.col_reg._072_/ZN
 bgc_1.col_reg._073_/ZN
 bgc_1.col_reg._074_/ZN
 bgc_1.col_reg._075_/ZN
 bgc_1.col_reg._076_/ZN
 bgc_1.col_reg._077_/ZN
 bgc_1.col_reg._078_/ZN
 bgc_1.col_reg._079_/ZN
 bgc_1.col_reg._080_/Z
 bgc_1.col_reg._081_/ZN
 bgc_1.col_reg._082_/ZN
 bgc_1.col_reg._083_/ZN
 bgc_1.col_reg._084_/ZN
 bgc_1.col_reg._085_/ZN
 bgc_1.col_reg._086_/ZN
 bgc_1.col_reg._087_/ZN
 bgc_1.col_reg._088_/ZN
 bgc_1.col_reg._089_/ZN
 bgc_1.col_reg._090_/ZN
 bgc_1.col_reg._091_/ZN
 bgc_1.col_reg._092_/ZN
 bgc_1.col_reg._093_/ZN
 bgc_1.col_reg._094_/ZN
 bgc_1.col_reg._095_/ZN
 bgc_1.col_reg._096_/ZN
 bgc_1.col_reg._097_/ZN
 bgc_1.col_reg._098_/ZN
 bgc_1.col_reg._099_/ZN
 bgc_1.col_reg._100_/ZN
 bgc_1.col_reg._101_/ZN
 bgc_1.col_reg._102_/ZN
 bgc_1.col_reg._103_/ZN
 bgc_1.col_reg._104_/ZN
 bgc_1.col_reg._105_/ZN
 bgc_1.col_reg._106_/ZN
 bgc_1.col_reg._107_/ZN
 bgc_1.col_reg._108_/ZN
 bgc_1.col_reg._109_/ZN
 bgc_1.col_reg._110_/ZN
 bgc_1.col_reg._111_/ZN
 bgc_1.col_reg._112_/ZN
 bgc_1.col_reg._113_/ZN
 bgc_1.col_reg._114_/ZN
 bgc_1.col_reg._115_/ZN
 bgc_1.col_reg._116_/ZN
 bgc_1.col_reg._117_/Q
 bgc_1.col_reg._118_/Q
 bgc_1.col_reg._119_/Q
 bgc_1.col_reg._120_/Q
 bgc_1.col_reg._121_/Q
 bgc_1.col_reg._122_/Q
 bgc_1.col_reg._123_/Q
 bgc_1.col_reg._124_/Q
 bgc_1.col_reg._125_/Q
 bgc_1.col_reg._126_/Q
 bgc_1.col_reg._127_/Q
 bgc_1.col_reg._128_/Q
 bgc_1.comp_col._20_/ZN
 bgc_1.comp_col._21_/ZN
 bgc_1.comp_col._22_/ZN
 bgc_1.comp_col._23_/ZN
 bgc_1.comp_col._24_/ZN
 bgc_1.comp_col._25_/ZN
 bgc_1.comp_col._26_/ZN
 bgc_1.comp_col._27_/ZN
 bgc_1.comp_col._28_/ZN
 bgc_1.comp_col._29_/ZN
 bgc_1.comp_col._30_/ZN
 bgc_1.comp_col._31_/ZN
 bgc_1.comp_col._32_/ZN
 bgc_1.comp_col._33_/ZN
 bgc_1.comp_col._34_/ZN
 bgc_1.comp_col._35_/ZN
 bgc_1.comp_col._36_/ZN
 bgc_1.comp_col._37_/ZN
 bgc_1.comp_col._38_/ZN
 bgc_1.comp_col._39_/ZN
 bgc_1.comp_col._40_/ZN
 bgc_1.comp_col._41_/ZN
 bgc_1.comp_col._42_/ZN
 bgc_1.comp_col._43_/ZN
 bgc_1.comp_col._44_/ZN
 bgc_1.comp_col._45_/ZN
 bgc_1.comp_col._46_/ZN
 bgc_1.comp_col._47_/ZN
 bgc_1.comp_col._48_/Z
 bgc_1.comp_col._49_/Z
 bgc_1.comp_col._50_/Z
 bgc_1.comp_col._51_/Z
 bgc_1.comp_col._52_/Z
 bgc_1.comp_col._53_/Z
 bgc_1.comp_col._54_/Z
 bgc_1.comp_col._55_/Z
 bgc_1.comp_col._56_/Z
 bgc_1.comp_col._57_/Z
 bgc_1.comp_col._58_/Z
 bgc_1.comp_col._59_/Z
 bgc_1.comp_col._60_/ZN
 bgc_1.comp_col._61_/ZN
 bgc_1.comp_col._62_/ZN
 bgc_1.comp_col._63_/ZN
 bgc_1.comp_col._64_/ZN
 bgc_1.comp_col.pe1._18_/ZN
 bgc_1.comp_col.pe1._19_/ZN
 bgc_1.comp_col.pe1._20_/ZN
 bgc_1.comp_col.pe1._21_/ZN
 bgc_1.comp_col.pe1._22_/ZN
 bgc_1.comp_col.pe1._23_/ZN
 bgc_1.comp_col.pe1._24_/ZN
 bgc_1.comp_col.pe1._25_/ZN
 bgc_1.comp_col.pe1._26_/ZN
 bgc_1.comp_col.pe1._27_/ZN
 bgc_1.comp_col.pe1._28_/ZN
 bgc_1.comp_col.pe1._29_/ZN
 bgc_1.comp_col.pe1._30_/ZN
 bgc_1.comp_col.pe1._31_/ZN
 bgc_1.comp_col.pe1._32_/ZN
 bgc_1.comp_col.pe1._33_/ZN
 bgc_1.comp_col.pe1._34_/ZN
 bgc_1.comp_col.pe1._35_/ZN
 bgc_1.comp_col.pe1._36_/ZN
 bgc_1.comp_col.pe1._37_/ZN
 bgc_1.comp_col.pe1._38_/ZN
 bgc_1.comp_col.pe1._39_/ZN
 bgc_1.comp_col.pe2._18_/ZN
 bgc_1.comp_col.pe2._19_/ZN
 bgc_1.comp_col.pe2._20_/ZN
 bgc_1.comp_col.pe2._21_/ZN
 bgc_1.comp_col.pe2._22_/ZN
 bgc_1.comp_col.pe2._23_/ZN
 bgc_1.comp_col.pe2._24_/ZN
 bgc_1.comp_col.pe2._25_/ZN
 bgc_1.comp_col.pe2._26_/ZN
 bgc_1.comp_col.pe2._27_/ZN
 bgc_1.comp_col.pe2._28_/ZN
 bgc_1.comp_col.pe2._29_/ZN
 bgc_1.comp_col.pe2._30_/ZN
 bgc_1.comp_col.pe2._31_/ZN
 bgc_1.comp_col.pe2._32_/ZN
 bgc_1.comp_col.pe2._33_/ZN
 bgc_1.comp_col.pe2._34_/ZN
 bgc_1.comp_col.pe2._35_/ZN
 bgc_1.comp_col.pe2._36_/ZN
 bgc_1.comp_col.pe2._37_/ZN
 bgc_1.comp_col.pe2._38_/ZN
 bgc_1.comp_col.pe2._39_/ZN
 bgc_1.comp_row._20_/ZN
 bgc_1.comp_row._21_/ZN
 bgc_1.comp_row._22_/ZN
 bgc_1.comp_row._23_/ZN
 bgc_1.comp_row._24_/ZN
 bgc_1.comp_row._25_/ZN
 bgc_1.comp_row._26_/ZN
 bgc_1.comp_row._27_/ZN
 bgc_1.comp_row._28_/ZN
 bgc_1.comp_row._29_/ZN
 bgc_1.comp_row._30_/ZN
 bgc_1.comp_row._31_/ZN
 bgc_1.comp_row._32_/ZN
 bgc_1.comp_row._33_/ZN
 bgc_1.comp_row._34_/ZN
 bgc_1.comp_row._35_/ZN
 bgc_1.comp_row._36_/ZN
 bgc_1.comp_row._37_/ZN
 bgc_1.comp_row._38_/ZN
 bgc_1.comp_row._39_/ZN
 bgc_1.comp_row._40_/ZN
 bgc_1.comp_row._41_/ZN
 bgc_1.comp_row._42_/ZN
 bgc_1.comp_row._43_/ZN
 bgc_1.comp_row._44_/ZN
 bgc_1.comp_row._45_/ZN
 bgc_1.comp_row._46_/ZN
 bgc_1.comp_row._47_/ZN
 bgc_1.comp_row._48_/Z
 bgc_1.comp_row._49_/Z
 bgc_1.comp_row._50_/Z
 bgc_1.comp_row._51_/Z
 bgc_1.comp_row._52_/Z
 bgc_1.comp_row._53_/Z
 bgc_1.comp_row._54_/Z
 bgc_1.comp_row._55_/Z
 bgc_1.comp_row._56_/Z
 bgc_1.comp_row._57_/Z
 bgc_1.comp_row._58_/Z
 bgc_1.comp_row._59_/Z
 bgc_1.comp_row._60_/ZN
 bgc_1.comp_row._61_/ZN
 bgc_1.comp_row._62_/ZN
 bgc_1.comp_row._63_/ZN
 bgc_1.comp_row._64_/ZN
 bgc_1.comp_row.pe1._18_/ZN
 bgc_1.comp_row.pe1._19_/ZN
 bgc_1.comp_row.pe1._20_/ZN
 bgc_1.comp_row.pe1._21_/ZN
 bgc_1.comp_row.pe1._22_/ZN
 bgc_1.comp_row.pe1._23_/ZN
 bgc_1.comp_row.pe1._24_/ZN
 bgc_1.comp_row.pe1._25_/ZN
 bgc_1.comp_row.pe1._26_/ZN
 bgc_1.comp_row.pe1._27_/ZN
 bgc_1.comp_row.pe1._28_/ZN
 bgc_1.comp_row.pe1._29_/ZN
 bgc_1.comp_row.pe1._30_/ZN
 bgc_1.comp_row.pe1._31_/ZN
 bgc_1.comp_row.pe1._32_/ZN
 bgc_1.comp_row.pe1._33_/ZN
 bgc_1.comp_row.pe1._34_/ZN
 bgc_1.comp_row.pe1._35_/ZN
 bgc_1.comp_row.pe1._36_/ZN
 bgc_1.comp_row.pe1._37_/ZN
 bgc_1.comp_row.pe1._38_/ZN
 bgc_1.comp_row.pe1._39_/ZN
 bgc_1.comp_row.pe2._18_/ZN
 bgc_1.comp_row.pe2._19_/ZN
 bgc_1.comp_row.pe2._20_/ZN
 bgc_1.comp_row.pe2._21_/ZN
 bgc_1.comp_row.pe2._22_/ZN
 bgc_1.comp_row.pe2._23_/ZN
 bgc_1.comp_row.pe2._24_/ZN
 bgc_1.comp_row.pe2._25_/ZN
 bgc_1.comp_row.pe2._26_/ZN
 bgc_1.comp_row.pe2._27_/ZN
 bgc_1.comp_row.pe2._28_/ZN
 bgc_1.comp_row.pe2._29_/ZN
 bgc_1.comp_row.pe2._30_/ZN
 bgc_1.comp_row.pe2._31_/ZN
 bgc_1.comp_row.pe2._32_/ZN
 bgc_1.comp_row.pe2._33_/ZN
 bgc_1.comp_row.pe2._34_/ZN
 bgc_1.comp_row.pe2._35_/ZN
 bgc_1.comp_row.pe2._36_/ZN
 bgc_1.comp_row.pe2._37_/ZN
 bgc_1.comp_row.pe2._38_/ZN
 bgc_1.comp_row.pe2._39_/ZN
 bgc_1.final_counter._29_/ZN
 bgc_1.final_counter._30_/ZN
 bgc_1.final_counter._31_/ZN
 bgc_1.final_counter._32_/ZN
 bgc_1.final_counter._33_/ZN
 bgc_1.final_counter._34_/ZN
 bgc_1.final_counter._35_/ZN
 bgc_1.final_counter._36_/ZN
 bgc_1.final_counter._37_/ZN
 bgc_1.final_counter._38_/ZN
 bgc_1.final_counter._39_/Z
 bgc_1.final_counter._40_/ZN
 bgc_1.final_counter._41_/ZN
 bgc_1.final_counter._42_/ZN
 bgc_1.final_counter._43_/Z
 bgc_1.final_counter._44_/ZN
 bgc_1.final_counter._45_/ZN
 bgc_1.final_counter._46_/Z
 bgc_1.final_counter._47_/ZN
 bgc_1.final_counter._48_/ZN
 bgc_1.final_counter._49_/Z
 bgc_1.final_counter._50_/ZN
 bgc_1.final_counter._51_/ZN
 bgc_1.final_counter._52_/ZN
 bgc_1.final_counter._53_/ZN
 bgc_1.final_counter._54_/Z
 bgc_1.final_counter._55_/ZN
 bgc_1.final_counter._56_/ZN
 bgc_1.final_counter._57_/Z
 bgc_1.final_counter._58_/ZN
 bgc_1.final_counter._59_/ZN
 bgc_1.final_counter._60_/ZN
 bgc_1.final_counter._61_/ZN
 bgc_1.final_counter._62_/ZN
 bgc_1.final_counter._63_/ZN
 bgc_1.final_counter._64_/ZN
 bgc_1.final_counter._65_/ZN
 bgc_1.final_counter._66_/ZN
 bgc_1.final_counter._67_/Z
 bgc_1.final_counter._68_/ZN
 bgc_1.final_counter._69_/Q
 bgc_1.final_counter._70_/Q
 bgc_1.final_counter._71_/Q
 bgc_1.final_counter._72_/Q
 bgc_1.final_counter._73_/Q
 bgc_1.final_counter._74_/Q
 bgc_1.final_counter._75_/Q
 bgc_1.final_counter._76_/Q
 bgc_1.final_counter._77_/Q
 bgc_1.final_counter._78_/Q
 bgc_1.final_counter._79_/Q
 bgc_1.final_counter._80_/Q
 bgc_1.lfsr_col._27_/ZN
 bgc_1.lfsr_col._28_/ZN
 bgc_1.lfsr_col._28__541/ZN
 bgc_1.lfsr_col._29_/Z
 bgc_1.lfsr_col._29__546/ZN
 bgc_1.lfsr_col._30_/Z
 bgc_1.lfsr_col._30__1246/Z
 bgc_1.lfsr_col._31_/Z
 bgc_1.lfsr_col._31__1247/Z
 bgc_1.lfsr_col._32_/Z
 bgc_1.lfsr_col._32__1250/Z
 bgc_1.lfsr_col._33_/Z
 bgc_1.lfsr_col._33__1258/Z
 bgc_1.lfsr_col._34_/Z
 bgc_1.lfsr_col._34__578/ZN
 bgc_1.lfsr_col._35_/Z
 bgc_1.lfsr_col._35__582/ZN
 bgc_1.lfsr_col._36_/Z
 bgc_1.lfsr_col._36__1275/Z
 bgc_1.lfsr_col._37_/Z
 bgc_1.lfsr_col._37__1283/Z
 bgc_1.lfsr_col._38_/Z
 bgc_1.lfsr_col._38__596/ZN
 bgc_1.lfsr_col._39_/Z
 bgc_1.lfsr_col._39__1291/Z
 bgc_1.lfsr_col._40_/Z
 bgc_1.lfsr_col._40__1292/Z
 bgc_1.lfsr_col._41_/Z
 bgc_1.lfsr_col._42_/Z
 bgc_1.lfsr_col._43_/Z
 bgc_1.lfsr_col._44_/Z
 bgc_1.lfsr_col._44__1293/Z
 bgc_1.lfsr_col._45_/Z
 bgc_1.lfsr_col._45__1294/Z
 bgc_1.lfsr_col._46_/Z
 bgc_1.lfsr_col._46__630/ZN
 bgc_1.lfsr_col._47_/Z
 bgc_1.lfsr_col._47__1295/Z
 bgc_1.lfsr_col._48_/Z
 bgc_1.lfsr_col._48__1296/Z
 bgc_1.lfsr_col._49_/Z
 bgc_1.lfsr_col._49__631/ZN
 bgc_1.lfsr_col._50_/Z
 bgc_1.lfsr_col._50__632/ZN
 bgc_1.lfsr_col._51_/Z
 bgc_1.lfsr_col._51__1297/Z
 bgc_1.lfsr_col._52_/Z
 bgc_1.lfsr_col._52__1298/Z
 bgc_1.lfsr_col._53_/Z
 bgc_1.lfsr_col._53__1299/Z
 bgc_1.lfsr_col._54_/Z
 bgc_1.lfsr_col._54__1300/Z
 bgc_1.lfsr_col._55_/Z
 bgc_1.lfsr_col._55__633/ZN
 bgc_1.lfsr_col._56_/Z
 bgc_1.lfsr_col._57_/Z
 bgc_1.lfsr_col._58_/Z
 bgc_1.lfsr_col._59_/Z
 bgc_1.lfsr_col._60_/Z
 bgc_1.lfsr_col._61_/Z
 bgc_1.lfsr_col._62_/Z
 bgc_1.lfsr_col._63_/Z
 bgc_1.lfsr_col._64_/Z
 bgc_1.lfsr_col._65_/Z
 bgc_1.lfsr_col._66_/ZN
 bgc_1.lfsr_col._66__1301/Z
 bgc_1.lfsr_col._67_/ZN
 bgc_1.lfsr_col._67__1302/Z
 bgc_1.lfsr_col._68_/ZN
 bgc_1.lfsr_col._68__634/ZN
 bgc_1.lfsr_col._69_/ZN
 bgc_1.lfsr_col._69__1303/Z
 bgc_1.lfsr_col._70_/ZN
 bgc_1.lfsr_col._70__1304/Z
 bgc_1.lfsr_col._71_/ZN
 bgc_1.lfsr_col._71__635/ZN
 bgc_1.lfsr_col._72_/ZN
 bgc_1.lfsr_col._72__636/ZN
 bgc_1.lfsr_col._73_/ZN
 bgc_1.lfsr_col._73__1305/Z
 bgc_1.lfsr_col._74_/ZN
 bgc_1.lfsr_col._74__1306/Z
 bgc_1.lfsr_col._75_/ZN
 bgc_1.lfsr_col._75__1307/Z
 bgc_1.lfsr_col._76_/ZN
 bgc_1.lfsr_col._76__1308/Z
 bgc_1.lfsr_col._77_/Q
 bgc_1.lfsr_col._78_/Q
 bgc_1.lfsr_col._79_/Q
 bgc_1.lfsr_col._80_/Q
 bgc_1.lfsr_col._81_/Q
 bgc_1.lfsr_col._82_/Q
 bgc_1.lfsr_col._83_/Q
 bgc_1.lfsr_col._84_/Q
 bgc_1.lfsr_col._85_/Q
 bgc_1.lfsr_col._86_/Q
 bgc_1.lfsr_col._87_/Q
 bgc_1.lfsr_col._88_/Q
 bgc_1.lfsr_row._27_/ZN
 bgc_1.lfsr_row._28_/ZN
 bgc_1.lfsr_row._28__1309/Z
 bgc_1.lfsr_row._29_/Z
 bgc_1.lfsr_row._29__1310/Z
 bgc_1.lfsr_row._30_/Z
 bgc_1.lfsr_row._30__637/ZN
 bgc_1.lfsr_row._31_/Z
 bgc_1.lfsr_row._31__1311/Z
 bgc_1.lfsr_row._32_/Z
 bgc_1.lfsr_row._32__638/ZN
 bgc_1.lfsr_row._33_/Z
 bgc_1.lfsr_row._33__1312/Z
 bgc_1.lfsr_row._34_/Z
 bgc_1.lfsr_row._34__639/ZN
 bgc_1.lfsr_row._35_/Z
 bgc_1.lfsr_row._35__1313/Z
 bgc_1.lfsr_row._36_/Z
 bgc_1.lfsr_row._36__1314/Z
 bgc_1.lfsr_row._37_/Z
 bgc_1.lfsr_row._37__640/ZN
 bgc_1.lfsr_row._38_/Z
 bgc_1.lfsr_row._38__1315/Z
 bgc_1.lfsr_row._39_/Z
 bgc_1.lfsr_row._39__1316/Z
 bgc_1.lfsr_row._40_/Z
 bgc_1.lfsr_row._40__1317/Z
 bgc_1.lfsr_row._41_/Z
 bgc_1.lfsr_row._42_/Z
 bgc_1.lfsr_row._43_/Z
 bgc_1.lfsr_row._44_/Z
 bgc_1.lfsr_row._44__1318/Z
 bgc_1.lfsr_row._45_/Z
 bgc_1.lfsr_row._45__1319/Z
 bgc_1.lfsr_row._46_/Z
 bgc_1.lfsr_row._46__1320/Z
 bgc_1.lfsr_row._47_/Z
 bgc_1.lfsr_row._47__641/ZN
 bgc_1.lfsr_row._48_/Z
 bgc_1.lfsr_row._48__1321/Z
 bgc_1.lfsr_row._49_/Z
 bgc_1.lfsr_row._49__1322/Z
 bgc_1.lfsr_row._50_/Z
 bgc_1.lfsr_row._50__642/ZN
 bgc_1.lfsr_row._51_/Z
 bgc_1.lfsr_row._51__1323/Z
 bgc_1.lfsr_row._52_/Z
 bgc_1.lfsr_row._52__643/ZN
 bgc_1.lfsr_row._53_/Z
 bgc_1.lfsr_row._53__1324/Z
 bgc_1.lfsr_row._54_/Z
 bgc_1.lfsr_row._54__644/ZN
 bgc_1.lfsr_row._55_/Z
 bgc_1.lfsr_row._55__1325/Z
 bgc_1.lfsr_row._56_/Z
 bgc_1.lfsr_row._57_/Z
 bgc_1.lfsr_row._58_/Z
 bgc_1.lfsr_row._59_/Z
 bgc_1.lfsr_row._60_/Z
 bgc_1.lfsr_row._61_/Z
 bgc_1.lfsr_row._62_/Z
 bgc_1.lfsr_row._63_/Z
 bgc_1.lfsr_row._64_/Z
 bgc_1.lfsr_row._65_/Z
 bgc_1.lfsr_row._66_/ZN
 bgc_1.lfsr_row._66__1326/Z
 bgc_1.lfsr_row._67_/ZN
 bgc_1.lfsr_row._67__1327/Z
 bgc_1.lfsr_row._68_/ZN
 bgc_1.lfsr_row._68__1328/Z
 bgc_1.lfsr_row._69_/ZN
 bgc_1.lfsr_row._69__645/ZN
 bgc_1.lfsr_row._70_/ZN
 bgc_1.lfsr_row._70__1329/Z
 bgc_1.lfsr_row._71_/ZN
 bgc_1.lfsr_row._71__1330/Z
 bgc_1.lfsr_row._72_/ZN
 bgc_1.lfsr_row._72__646/ZN
 bgc_1.lfsr_row._73_/ZN
 bgc_1.lfsr_row._73__1331/Z
 bgc_1.lfsr_row._74_/ZN
 bgc_1.lfsr_row._74__647/ZN
 bgc_1.lfsr_row._75_/ZN
 bgc_1.lfsr_row._75__1332/Z
 bgc_1.lfsr_row._76_/ZN
 bgc_1.lfsr_row._76__648/ZN
 bgc_1.lfsr_row._77_/Q
 bgc_1.lfsr_row._78_/Q
 bgc_1.lfsr_row._79_/Q
 bgc_1.lfsr_row._80_/Q
 bgc_1.lfsr_row._81_/Q
 bgc_1.lfsr_row._82_/Q
 bgc_1.lfsr_row._83_/Q
 bgc_1.lfsr_row._84_/Q
 bgc_1.lfsr_row._85_/Q
 bgc_1.lfsr_row._86_/Q
 bgc_1.lfsr_row._87_/Q
 bgc_1.lfsr_row._88_/Q
 bgc_1.row_reg._053_/ZN
 bgc_1.row_reg._054_/ZN
 bgc_1.row_reg._055_/ZN
 bgc_1.row_reg._056_/ZN
 bgc_1.row_reg._056__649/ZN
 bgc_1.row_reg._057_/ZN
 bgc_1.row_reg._058_/ZN
 bgc_1.row_reg._058__650/ZN
 bgc_1.row_reg._059_/ZN
 bgc_1.row_reg._060_/ZN
 bgc_1.row_reg._060__651/ZN
 bgc_1.row_reg._061_/ZN
 bgc_1.row_reg._062_/ZN
 bgc_1.row_reg._062__652/ZN
 bgc_1.row_reg._063_/ZN
 bgc_1.row_reg._064_/ZN
 bgc_1.row_reg._064__653/ZN
 bgc_1.row_reg._065_/ZN
 bgc_1.row_reg._066_/ZN
 bgc_1.row_reg._066__654/ZN
 bgc_1.row_reg._067_/ZN
 bgc_1.row_reg._068_/ZN
 bgc_1.row_reg._068__655/ZN
 bgc_1.row_reg._069_/ZN
 bgc_1.row_reg._070_/ZN
 bgc_1.row_reg._070__656/ZN
 bgc_1.row_reg._071_/ZN
 bgc_1.row_reg._072_/ZN
 bgc_1.row_reg._072__657/ZN
 bgc_1.row_reg._073_/ZN
 bgc_1.row_reg._074_/ZN
 bgc_1.row_reg._074__658/ZN
 bgc_1.row_reg._075_/ZN
 bgc_1.row_reg._076_/ZN
 bgc_1.row_reg._076__659/ZN
 bgc_1.row_reg._077_/ZN
 bgc_1.row_reg._078_/ZN
 bgc_1.row_reg._078__660/ZN
 bgc_1.row_reg._079_/ZN
 bgc_1.row_reg._080_/Z
 bgc_1.row_reg._081_/ZN
 bgc_1.row_reg._082_/ZN
 bgc_1.row_reg._083_/ZN
 bgc_1.row_reg._084_/ZN
 bgc_1.row_reg._085_/ZN
 bgc_1.row_reg._086_/ZN
 bgc_1.row_reg._087_/ZN
 bgc_1.row_reg._088_/ZN
 bgc_1.row_reg._089_/ZN
 bgc_1.row_reg._090_/ZN
 bgc_1.row_reg._091_/ZN
 bgc_1.row_reg._092_/ZN
 bgc_1.row_reg._093_/ZN
 bgc_1.row_reg._094_/ZN
 bgc_1.row_reg._095_/ZN
 bgc_1.row_reg._096_/ZN
 bgc_1.row_reg._097_/ZN
 bgc_1.row_reg._098_/ZN
 bgc_1.row_reg._099_/ZN
 bgc_1.row_reg._100_/ZN
 bgc_1.row_reg._101_/ZN
 bgc_1.row_reg._102_/ZN
 bgc_1.row_reg._103_/ZN
 bgc_1.row_reg._104_/ZN
 bgc_1.row_reg._105_/ZN
 bgc_1.row_reg._106_/ZN
 bgc_1.row_reg._107_/ZN
 bgc_1.row_reg._108_/ZN
 bgc_1.row_reg._109_/ZN
 bgc_1.row_reg._110_/ZN
 bgc_1.row_reg._111_/ZN
 bgc_1.row_reg._112_/ZN
 bgc_1.row_reg._113_/ZN
 bgc_1.row_reg._114_/ZN
 bgc_1.row_reg._115_/ZN
 bgc_1.row_reg._116_/ZN
 bgc_1.row_reg._117_/Q
 bgc_1.row_reg._118_/Q
 bgc_1.row_reg._119_/Q
 bgc_1.row_reg._120_/Q
 bgc_1.row_reg._121_/Q
 bgc_1.row_reg._122_/Q
 bgc_1.row_reg._123_/Q
 bgc_1.row_reg._124_/Q
 bgc_1.row_reg._125_/Q
 bgc_1.row_reg._126_/Q
 bgc_1.row_reg._127_/Q
 bgc_1.row_reg._128_/Q
 bgc_10._05_/ZN
 bgc_10._06_/ZN
 bgc_10._07_/ZN
 bgc_10._07__661/ZN
 bgc_10._08_/ZN
 bgc_10._09_/Z
 bgc_10._10_/ZN
 bgc_10._11_/Z
 bgc_10._11__662/ZN
 bgc_10._12_/Z
 bgc_10._13_/Z
 bgc_10._14_/Z
 bgc_10._15_/Z
 bgc_10._16_/Z
 bgc_10._17_/Z
 bgc_10._18_/Z
 bgc_10._19_/Z
 bgc_10._20_/Z
 bgc_10._21_/Z
 bgc_10._22_/Z
 bgc_10._23_/Z
 bgc_10._24_/ZN
 bgc_10._25_/ZN
 bgc_10.col_reg._053_/ZN
 bgc_10.col_reg._054_/ZN
 bgc_10.col_reg._055_/ZN
 bgc_10.col_reg._056_/ZN
 bgc_10.col_reg._057_/ZN
 bgc_10.col_reg._058_/ZN
 bgc_10.col_reg._059_/ZN
 bgc_10.col_reg._060_/ZN
 bgc_10.col_reg._061_/ZN
 bgc_10.col_reg._062_/ZN
 bgc_10.col_reg._063_/ZN
 bgc_10.col_reg._064_/ZN
 bgc_10.col_reg._065_/ZN
 bgc_10.col_reg._066_/ZN
 bgc_10.col_reg._067_/ZN
 bgc_10.col_reg._068_/ZN
 bgc_10.col_reg._069_/ZN
 bgc_10.col_reg._070_/ZN
 bgc_10.col_reg._071_/ZN
 bgc_10.col_reg._072_/ZN
 bgc_10.col_reg._073_/ZN
 bgc_10.col_reg._074_/ZN
 bgc_10.col_reg._075_/ZN
 bgc_10.col_reg._076_/ZN
 bgc_10.col_reg._077_/ZN
 bgc_10.col_reg._078_/ZN
 bgc_10.col_reg._079_/ZN
 bgc_10.col_reg._080_/Z
 bgc_10.col_reg._081_/ZN
 bgc_10.col_reg._082_/ZN
 bgc_10.col_reg._083_/ZN
 bgc_10.col_reg._084_/ZN
 bgc_10.col_reg._085_/ZN
 bgc_10.col_reg._086_/ZN
 bgc_10.col_reg._087_/ZN
 bgc_10.col_reg._088_/ZN
 bgc_10.col_reg._089_/ZN
 bgc_10.col_reg._090_/ZN
 bgc_10.col_reg._091_/ZN
 bgc_10.col_reg._092_/ZN
 bgc_10.col_reg._093_/ZN
 bgc_10.col_reg._094_/ZN
 bgc_10.col_reg._095_/ZN
 bgc_10.col_reg._096_/ZN
 bgc_10.col_reg._097_/ZN
 bgc_10.col_reg._098_/ZN
 bgc_10.col_reg._099_/ZN
 bgc_10.col_reg._100_/ZN
 bgc_10.col_reg._101_/ZN
 bgc_10.col_reg._102_/ZN
 bgc_10.col_reg._103_/ZN
 bgc_10.col_reg._104_/ZN
 bgc_10.col_reg._105_/ZN
 bgc_10.col_reg._106_/ZN
 bgc_10.col_reg._107_/ZN
 bgc_10.col_reg._108_/ZN
 bgc_10.col_reg._109_/ZN
 bgc_10.col_reg._110_/ZN
 bgc_10.col_reg._111_/ZN
 bgc_10.col_reg._112_/ZN
 bgc_10.col_reg._113_/ZN
 bgc_10.col_reg._114_/ZN
 bgc_10.col_reg._115_/ZN
 bgc_10.col_reg._116_/ZN
 bgc_10.col_reg._117_/Q
 bgc_10.col_reg._118_/Q
 bgc_10.col_reg._119_/Q
 bgc_10.col_reg._120_/Q
 bgc_10.col_reg._121_/Q
 bgc_10.col_reg._122_/Q
 bgc_10.col_reg._123_/Q
 bgc_10.col_reg._124_/Q
 bgc_10.col_reg._125_/Q
 bgc_10.col_reg._126_/Q
 bgc_10.col_reg._127_/Q
 bgc_10.col_reg._128_/Q
 bgc_10.comp_col._20_/ZN
 bgc_10.comp_col._21_/ZN
 bgc_10.comp_col._22_/ZN
 bgc_10.comp_col._23_/ZN
 bgc_10.comp_col._24_/ZN
 bgc_10.comp_col._25_/ZN
 bgc_10.comp_col._26_/ZN
 bgc_10.comp_col._27_/ZN
 bgc_10.comp_col._28_/ZN
 bgc_10.comp_col._29_/ZN
 bgc_10.comp_col._30_/ZN
 bgc_10.comp_col._31_/ZN
 bgc_10.comp_col._32_/ZN
 bgc_10.comp_col._33_/ZN
 bgc_10.comp_col._34_/ZN
 bgc_10.comp_col._35_/ZN
 bgc_10.comp_col._36_/ZN
 bgc_10.comp_col._37_/ZN
 bgc_10.comp_col._38_/ZN
 bgc_10.comp_col._39_/ZN
 bgc_10.comp_col._40_/ZN
 bgc_10.comp_col._41_/ZN
 bgc_10.comp_col._42_/ZN
 bgc_10.comp_col._43_/ZN
 bgc_10.comp_col._44_/ZN
 bgc_10.comp_col._45_/ZN
 bgc_10.comp_col._46_/ZN
 bgc_10.comp_col._47_/ZN
 bgc_10.comp_col._48_/Z
 bgc_10.comp_col._49_/Z
 bgc_10.comp_col._50_/Z
 bgc_10.comp_col._51_/Z
 bgc_10.comp_col._52_/Z
 bgc_10.comp_col._53_/Z
 bgc_10.comp_col._54_/Z
 bgc_10.comp_col._55_/Z
 bgc_10.comp_col._56_/Z
 bgc_10.comp_col._57_/Z
 bgc_10.comp_col._58_/Z
 bgc_10.comp_col._59_/Z
 bgc_10.comp_col._60_/ZN
 bgc_10.comp_col._61_/ZN
 bgc_10.comp_col._62_/ZN
 bgc_10.comp_col._63_/ZN
 bgc_10.comp_col._64_/ZN
 bgc_10.comp_col.pe1._18_/ZN
 bgc_10.comp_col.pe1._19_/ZN
 bgc_10.comp_col.pe1._20_/ZN
 bgc_10.comp_col.pe1._21_/ZN
 bgc_10.comp_col.pe1._22_/ZN
 bgc_10.comp_col.pe1._23_/ZN
 bgc_10.comp_col.pe1._24_/ZN
 bgc_10.comp_col.pe1._25_/ZN
 bgc_10.comp_col.pe1._26_/ZN
 bgc_10.comp_col.pe1._27_/ZN
 bgc_10.comp_col.pe1._28_/ZN
 bgc_10.comp_col.pe1._29_/ZN
 bgc_10.comp_col.pe1._30_/ZN
 bgc_10.comp_col.pe1._31_/ZN
 bgc_10.comp_col.pe1._32_/ZN
 bgc_10.comp_col.pe1._33_/ZN
 bgc_10.comp_col.pe1._34_/ZN
 bgc_10.comp_col.pe1._35_/ZN
 bgc_10.comp_col.pe1._36_/ZN
 bgc_10.comp_col.pe1._37_/ZN
 bgc_10.comp_col.pe1._38_/ZN
 bgc_10.comp_col.pe1._39_/ZN
 bgc_10.comp_col.pe2._18_/ZN
 bgc_10.comp_col.pe2._19_/ZN
 bgc_10.comp_col.pe2._20_/ZN
 bgc_10.comp_col.pe2._21_/ZN
 bgc_10.comp_col.pe2._22_/ZN
 bgc_10.comp_col.pe2._23_/ZN
 bgc_10.comp_col.pe2._24_/ZN
 bgc_10.comp_col.pe2._25_/ZN
 bgc_10.comp_col.pe2._26_/ZN
 bgc_10.comp_col.pe2._27_/ZN
 bgc_10.comp_col.pe2._28_/ZN
 bgc_10.comp_col.pe2._29_/ZN
 bgc_10.comp_col.pe2._30_/ZN
 bgc_10.comp_col.pe2._31_/ZN
 bgc_10.comp_col.pe2._32_/ZN
 bgc_10.comp_col.pe2._33_/ZN
 bgc_10.comp_col.pe2._34_/ZN
 bgc_10.comp_col.pe2._35_/ZN
 bgc_10.comp_col.pe2._36_/ZN
 bgc_10.comp_col.pe2._37_/ZN
 bgc_10.comp_col.pe2._38_/ZN
 bgc_10.comp_col.pe2._39_/ZN
 bgc_10.comp_row._20_/ZN
 bgc_10.comp_row._21_/ZN
 bgc_10.comp_row._22_/ZN
 bgc_10.comp_row._23_/ZN
 bgc_10.comp_row._24_/ZN
 bgc_10.comp_row._25_/ZN
 bgc_10.comp_row._26_/ZN
 bgc_10.comp_row._27_/ZN
 bgc_10.comp_row._28_/ZN
 bgc_10.comp_row._29_/ZN
 bgc_10.comp_row._30_/ZN
 bgc_10.comp_row._31_/ZN
 bgc_10.comp_row._32_/ZN
 bgc_10.comp_row._33_/ZN
 bgc_10.comp_row._34_/ZN
 bgc_10.comp_row._35_/ZN
 bgc_10.comp_row._36_/ZN
 bgc_10.comp_row._37_/ZN
 bgc_10.comp_row._38_/ZN
 bgc_10.comp_row._39_/ZN
 bgc_10.comp_row._40_/ZN
 bgc_10.comp_row._41_/ZN
 bgc_10.comp_row._42_/ZN
 bgc_10.comp_row._43_/ZN
 bgc_10.comp_row._44_/ZN
 bgc_10.comp_row._45_/ZN
 bgc_10.comp_row._46_/ZN
 bgc_10.comp_row._47_/ZN
 bgc_10.comp_row._48_/Z
 bgc_10.comp_row._49_/Z
 bgc_10.comp_row._50_/Z
 bgc_10.comp_row._51_/Z
 bgc_10.comp_row._52_/Z
 bgc_10.comp_row._53_/Z
 bgc_10.comp_row._54_/Z
 bgc_10.comp_row._55_/Z
 bgc_10.comp_row._56_/Z
 bgc_10.comp_row._57_/Z
 bgc_10.comp_row._58_/Z
 bgc_10.comp_row._59_/Z
 bgc_10.comp_row._60_/ZN
 bgc_10.comp_row._61_/ZN
 bgc_10.comp_row._62_/ZN
 bgc_10.comp_row._63_/ZN
 bgc_10.comp_row._64_/ZN
 bgc_10.comp_row.pe1._18_/ZN
 bgc_10.comp_row.pe1._19_/ZN
 bgc_10.comp_row.pe1._20_/ZN
 bgc_10.comp_row.pe1._21_/ZN
 bgc_10.comp_row.pe1._22_/ZN
 bgc_10.comp_row.pe1._23_/ZN
 bgc_10.comp_row.pe1._24_/ZN
 bgc_10.comp_row.pe1._25_/ZN
 bgc_10.comp_row.pe1._26_/ZN
 bgc_10.comp_row.pe1._27_/ZN
 bgc_10.comp_row.pe1._28_/ZN
 bgc_10.comp_row.pe1._29_/ZN
 bgc_10.comp_row.pe1._30_/ZN
 bgc_10.comp_row.pe1._31_/ZN
 bgc_10.comp_row.pe1._32_/ZN
 bgc_10.comp_row.pe1._33_/ZN
 bgc_10.comp_row.pe1._34_/ZN
 bgc_10.comp_row.pe1._35_/ZN
 bgc_10.comp_row.pe1._36_/ZN
 bgc_10.comp_row.pe1._37_/ZN
 bgc_10.comp_row.pe1._38_/ZN
 bgc_10.comp_row.pe1._39_/ZN
 bgc_10.comp_row.pe2._18_/ZN
 bgc_10.comp_row.pe2._19_/ZN
 bgc_10.comp_row.pe2._20_/ZN
 bgc_10.comp_row.pe2._21_/ZN
 bgc_10.comp_row.pe2._22_/ZN
 bgc_10.comp_row.pe2._23_/ZN
 bgc_10.comp_row.pe2._24_/ZN
 bgc_10.comp_row.pe2._25_/ZN
 bgc_10.comp_row.pe2._26_/ZN
 bgc_10.comp_row.pe2._27_/ZN
 bgc_10.comp_row.pe2._28_/ZN
 bgc_10.comp_row.pe2._29_/ZN
 bgc_10.comp_row.pe2._30_/ZN
 bgc_10.comp_row.pe2._31_/ZN
 bgc_10.comp_row.pe2._32_/ZN
 bgc_10.comp_row.pe2._33_/ZN
 bgc_10.comp_row.pe2._34_/ZN
 bgc_10.comp_row.pe2._35_/ZN
 bgc_10.comp_row.pe2._36_/ZN
 bgc_10.comp_row.pe2._37_/ZN
 bgc_10.comp_row.pe2._38_/ZN
 bgc_10.comp_row.pe2._39_/ZN
 bgc_10.final_counter._29_/ZN
 bgc_10.final_counter._30_/ZN
 bgc_10.final_counter._31_/ZN
 bgc_10.final_counter._32_/ZN
 bgc_10.final_counter._33_/ZN
 bgc_10.final_counter._34_/ZN
 bgc_10.final_counter._35_/ZN
 bgc_10.final_counter._36_/ZN
 bgc_10.final_counter._37_/ZN
 bgc_10.final_counter._38_/ZN
 bgc_10.final_counter._39_/Z
 bgc_10.final_counter._40_/ZN
 bgc_10.final_counter._41_/ZN
 bgc_10.final_counter._42_/ZN
 bgc_10.final_counter._43_/Z
 bgc_10.final_counter._44_/ZN
 bgc_10.final_counter._45_/ZN
 bgc_10.final_counter._46_/Z
 bgc_10.final_counter._47_/ZN
 bgc_10.final_counter._48_/ZN
 bgc_10.final_counter._49_/Z
 bgc_10.final_counter._50_/ZN
 bgc_10.final_counter._51_/ZN
 bgc_10.final_counter._52_/ZN
 bgc_10.final_counter._53_/ZN
 bgc_10.final_counter._54_/Z
 bgc_10.final_counter._55_/ZN
 bgc_10.final_counter._56_/ZN
 bgc_10.final_counter._57_/Z
 bgc_10.final_counter._58_/ZN
 bgc_10.final_counter._59_/ZN
 bgc_10.final_counter._60_/ZN
 bgc_10.final_counter._61_/ZN
 bgc_10.final_counter._62_/ZN
 bgc_10.final_counter._63_/ZN
 bgc_10.final_counter._64_/ZN
 bgc_10.final_counter._65_/ZN
 bgc_10.final_counter._66_/ZN
 bgc_10.final_counter._67_/Z
 bgc_10.final_counter._68_/ZN
 bgc_10.final_counter._69_/Q
 bgc_10.final_counter._70_/Q
 bgc_10.final_counter._71_/Q
 bgc_10.final_counter._72_/Q
 bgc_10.final_counter._73_/Q
 bgc_10.final_counter._74_/Q
 bgc_10.final_counter._75_/Q
 bgc_10.final_counter._76_/Q
 bgc_10.final_counter._77_/Q
 bgc_10.final_counter._78_/Q
 bgc_10.final_counter._79_/Q
 bgc_10.final_counter._80_/Q
 bgc_10.lfsr_col._27_/ZN
 bgc_10.lfsr_col._28_/ZN
 bgc_10.lfsr_col._28__1333/Z
 bgc_10.lfsr_col._29_/Z
 bgc_10.lfsr_col._29__1334/Z
 bgc_10.lfsr_col._30_/Z
 bgc_10.lfsr_col._30__663/ZN
 bgc_10.lfsr_col._31_/Z
 bgc_10.lfsr_col._31__1335/Z
 bgc_10.lfsr_col._32_/Z
 bgc_10.lfsr_col._32__664/ZN
 bgc_10.lfsr_col._33_/Z
 bgc_10.lfsr_col._33__665/ZN
 bgc_10.lfsr_col._34_/Z
 bgc_10.lfsr_col._34__666/ZN
 bgc_10.lfsr_col._35_/Z
 bgc_10.lfsr_col._35__1336/Z
 bgc_10.lfsr_col._36_/Z
 bgc_10.lfsr_col._36__1337/Z
 bgc_10.lfsr_col._37_/Z
 bgc_10.lfsr_col._37__667/ZN
 bgc_10.lfsr_col._38_/Z
 bgc_10.lfsr_col._38__1338/Z
 bgc_10.lfsr_col._39_/Z
 bgc_10.lfsr_col._39__1339/Z
 bgc_10.lfsr_col._40_/Z
 bgc_10.lfsr_col._40__668/ZN
 bgc_10.lfsr_col._41_/Z
 bgc_10.lfsr_col._42_/Z
 bgc_10.lfsr_col._43_/Z
 bgc_10.lfsr_col._44_/Z
 bgc_10.lfsr_col._44__669/ZN
 bgc_10.lfsr_col._45_/Z
 bgc_10.lfsr_col._45__1340/Z
 bgc_10.lfsr_col._46_/Z
 bgc_10.lfsr_col._46__1341/Z
 bgc_10.lfsr_col._47_/Z
 bgc_10.lfsr_col._47__670/ZN
 bgc_10.lfsr_col._48_/Z
 bgc_10.lfsr_col._48__1342/Z
 bgc_10.lfsr_col._49_/Z
 bgc_10.lfsr_col._49__1343/Z
 bgc_10.lfsr_col._50_/Z
 bgc_10.lfsr_col._50__671/ZN
 bgc_10.lfsr_col._51_/Z
 bgc_10.lfsr_col._51__672/ZN
 bgc_10.lfsr_col._52_/Z
 bgc_10.lfsr_col._52__673/ZN
 bgc_10.lfsr_col._53_/Z
 bgc_10.lfsr_col._53__1344/Z
 bgc_10.lfsr_col._54_/Z
 bgc_10.lfsr_col._54__674/ZN
 bgc_10.lfsr_col._55_/Z
 bgc_10.lfsr_col._55__1345/Z
 bgc_10.lfsr_col._56_/Z
 bgc_10.lfsr_col._57_/Z
 bgc_10.lfsr_col._58_/Z
 bgc_10.lfsr_col._59_/Z
 bgc_10.lfsr_col._60_/Z
 bgc_10.lfsr_col._61_/Z
 bgc_10.lfsr_col._62_/Z
 bgc_10.lfsr_col._63_/Z
 bgc_10.lfsr_col._64_/Z
 bgc_10.lfsr_col._65_/Z
 bgc_10.lfsr_col._66_/ZN
 bgc_10.lfsr_col._66__675/ZN
 bgc_10.lfsr_col._67_/ZN
 bgc_10.lfsr_col._67__1346/Z
 bgc_10.lfsr_col._68_/ZN
 bgc_10.lfsr_col._68__1347/Z
 bgc_10.lfsr_col._69_/ZN
 bgc_10.lfsr_col._69__676/ZN
 bgc_10.lfsr_col._70_/ZN
 bgc_10.lfsr_col._70__1348/Z
 bgc_10.lfsr_col._71_/ZN
 bgc_10.lfsr_col._71__1349/Z
 bgc_10.lfsr_col._72_/ZN
 bgc_10.lfsr_col._72__677/ZN
 bgc_10.lfsr_col._73_/ZN
 bgc_10.lfsr_col._73__678/ZN
 bgc_10.lfsr_col._74_/ZN
 bgc_10.lfsr_col._74__679/ZN
 bgc_10.lfsr_col._75_/ZN
 bgc_10.lfsr_col._75__1350/Z
 bgc_10.lfsr_col._76_/ZN
 bgc_10.lfsr_col._76__680/ZN
 bgc_10.lfsr_col._77_/Q
 bgc_10.lfsr_col._78_/Q
 bgc_10.lfsr_col._79_/Q
 bgc_10.lfsr_col._80_/Q
 bgc_10.lfsr_col._81_/Q
 bgc_10.lfsr_col._82_/Q
 bgc_10.lfsr_col._83_/Q
 bgc_10.lfsr_col._84_/Q
 bgc_10.lfsr_col._85_/Q
 bgc_10.lfsr_col._86_/Q
 bgc_10.lfsr_col._87_/Q
 bgc_10.lfsr_col._88_/Q
 bgc_10.lfsr_row._27_/ZN
 bgc_10.lfsr_row._28_/ZN
 bgc_10.lfsr_row._28__1351/Z
 bgc_10.lfsr_row._29_/Z
 bgc_10.lfsr_row._29__1352/Z
 bgc_10.lfsr_row._30_/Z
 bgc_10.lfsr_row._30__1353/Z
 bgc_10.lfsr_row._31_/Z
 bgc_10.lfsr_row._31__1354/Z
 bgc_10.lfsr_row._32_/Z
 bgc_10.lfsr_row._32__681/ZN
 bgc_10.lfsr_row._33_/Z
 bgc_10.lfsr_row._33__682/ZN
 bgc_10.lfsr_row._34_/Z
 bgc_10.lfsr_row._34__683/ZN
 bgc_10.lfsr_row._35_/Z
 bgc_10.lfsr_row._35__1355/Z
 bgc_10.lfsr_row._36_/Z
 bgc_10.lfsr_row._36__1356/Z
 bgc_10.lfsr_row._37_/Z
 bgc_10.lfsr_row._37__684/ZN
 bgc_10.lfsr_row._38_/Z
 bgc_10.lfsr_row._38__1357/Z
 bgc_10.lfsr_row._39_/Z
 bgc_10.lfsr_row._39__1358/Z
 bgc_10.lfsr_row._40_/Z
 bgc_10.lfsr_row._40__1359/Z
 bgc_10.lfsr_row._41_/Z
 bgc_10.lfsr_row._42_/Z
 bgc_10.lfsr_row._43_/Z
 bgc_10.lfsr_row._44_/Z
 bgc_10.lfsr_row._44__1360/Z
 bgc_10.lfsr_row._45_/Z
 bgc_10.lfsr_row._45__1361/Z
 bgc_10.lfsr_row._46_/Z
 bgc_10.lfsr_row._46__1362/Z
 bgc_10.lfsr_row._47_/Z
 bgc_10.lfsr_row._47__685/ZN
 bgc_10.lfsr_row._48_/Z
 bgc_10.lfsr_row._48__1363/Z
 bgc_10.lfsr_row._49_/Z
 bgc_10.lfsr_row._49__1364/Z
 bgc_10.lfsr_row._50_/Z
 bgc_10.lfsr_row._50__686/ZN
 bgc_10.lfsr_row._51_/Z
 bgc_10.lfsr_row._51__687/ZN
 bgc_10.lfsr_row._52_/Z
 bgc_10.lfsr_row._52__688/ZN
 bgc_10.lfsr_row._53_/Z
 bgc_10.lfsr_row._53__1365/Z
 bgc_10.lfsr_row._54_/Z
 bgc_10.lfsr_row._54__1366/Z
 bgc_10.lfsr_row._55_/Z
 bgc_10.lfsr_row._55__1367/Z
 bgc_10.lfsr_row._56_/Z
 bgc_10.lfsr_row._57_/Z
 bgc_10.lfsr_row._58_/Z
 bgc_10.lfsr_row._59_/Z
 bgc_10.lfsr_row._60_/Z
 bgc_10.lfsr_row._61_/Z
 bgc_10.lfsr_row._62_/Z
 bgc_10.lfsr_row._63_/Z
 bgc_10.lfsr_row._64_/Z
 bgc_10.lfsr_row._65_/Z
 bgc_10.lfsr_row._66_/ZN
 bgc_10.lfsr_row._66__1368/Z
 bgc_10.lfsr_row._67_/ZN
 bgc_10.lfsr_row._67__1369/Z
 bgc_10.lfsr_row._68_/ZN
 bgc_10.lfsr_row._68__1370/Z
 bgc_10.lfsr_row._69_/ZN
 bgc_10.lfsr_row._69__689/ZN
 bgc_10.lfsr_row._70_/ZN
 bgc_10.lfsr_row._70__1371/Z
 bgc_10.lfsr_row._71_/ZN
 bgc_10.lfsr_row._71__1372/Z
 bgc_10.lfsr_row._72_/ZN
 bgc_10.lfsr_row._72__690/ZN
 bgc_10.lfsr_row._73_/ZN
 bgc_10.lfsr_row._73__691/ZN
 bgc_10.lfsr_row._74_/ZN
 bgc_10.lfsr_row._74__692/ZN
 bgc_10.lfsr_row._75_/ZN
 bgc_10.lfsr_row._75__1373/Z
 bgc_10.lfsr_row._76_/ZN
 bgc_10.lfsr_row._76__1374/Z
 bgc_10.lfsr_row._77_/Q
 bgc_10.lfsr_row._78_/Q
 bgc_10.lfsr_row._79_/Q
 bgc_10.lfsr_row._80_/Q
 bgc_10.lfsr_row._81_/Q
 bgc_10.lfsr_row._82_/Q
 bgc_10.lfsr_row._83_/Q
 bgc_10.lfsr_row._84_/Q
 bgc_10.lfsr_row._85_/Q
 bgc_10.lfsr_row._86_/Q
 bgc_10.lfsr_row._87_/Q
 bgc_10.lfsr_row._88_/Q
 bgc_10.row_reg._053_/ZN
 bgc_10.row_reg._054_/ZN
 bgc_10.row_reg._055_/ZN
 bgc_10.row_reg._056_/ZN
 bgc_10.row_reg._056__693/ZN
 bgc_10.row_reg._057_/ZN
 bgc_10.row_reg._058_/ZN
 bgc_10.row_reg._058__694/ZN
 bgc_10.row_reg._059_/ZN
 bgc_10.row_reg._060_/ZN
 bgc_10.row_reg._060__695/ZN
 bgc_10.row_reg._061_/ZN
 bgc_10.row_reg._062_/ZN
 bgc_10.row_reg._062__696/ZN
 bgc_10.row_reg._063_/ZN
 bgc_10.row_reg._064_/ZN
 bgc_10.row_reg._064__697/ZN
 bgc_10.row_reg._065_/ZN
 bgc_10.row_reg._066_/ZN
 bgc_10.row_reg._066__698/ZN
 bgc_10.row_reg._067_/ZN
 bgc_10.row_reg._068_/ZN
 bgc_10.row_reg._068__699/ZN
 bgc_10.row_reg._069_/ZN
 bgc_10.row_reg._070_/ZN
 bgc_10.row_reg._070__700/ZN
 bgc_10.row_reg._071_/ZN
 bgc_10.row_reg._072_/ZN
 bgc_10.row_reg._072__701/ZN
 bgc_10.row_reg._073_/ZN
 bgc_10.row_reg._074_/ZN
 bgc_10.row_reg._074__702/ZN
 bgc_10.row_reg._075_/ZN
 bgc_10.row_reg._076_/ZN
 bgc_10.row_reg._076__703/ZN
 bgc_10.row_reg._077_/ZN
 bgc_10.row_reg._078_/ZN
 bgc_10.row_reg._078__704/ZN
 bgc_10.row_reg._079_/ZN
 bgc_10.row_reg._080_/Z
 bgc_10.row_reg._081_/ZN
 bgc_10.row_reg._082_/ZN
 bgc_10.row_reg._083_/ZN
 bgc_10.row_reg._084_/ZN
 bgc_10.row_reg._085_/ZN
 bgc_10.row_reg._086_/ZN
 bgc_10.row_reg._087_/ZN
 bgc_10.row_reg._088_/ZN
 bgc_10.row_reg._089_/ZN
 bgc_10.row_reg._090_/ZN
 bgc_10.row_reg._091_/ZN
 bgc_10.row_reg._092_/ZN
 bgc_10.row_reg._093_/ZN
 bgc_10.row_reg._094_/ZN
 bgc_10.row_reg._095_/ZN
 bgc_10.row_reg._096_/ZN
 bgc_10.row_reg._097_/ZN
 bgc_10.row_reg._098_/ZN
 bgc_10.row_reg._099_/ZN
 bgc_10.row_reg._100_/ZN
 bgc_10.row_reg._101_/ZN
 bgc_10.row_reg._102_/ZN
 bgc_10.row_reg._103_/ZN
 bgc_10.row_reg._104_/ZN
 bgc_10.row_reg._105_/ZN
 bgc_10.row_reg._106_/ZN
 bgc_10.row_reg._107_/ZN
 bgc_10.row_reg._108_/ZN
 bgc_10.row_reg._109_/ZN
 bgc_10.row_reg._110_/ZN
 bgc_10.row_reg._111_/ZN
 bgc_10.row_reg._112_/ZN
 bgc_10.row_reg._113_/ZN
 bgc_10.row_reg._114_/ZN
 bgc_10.row_reg._115_/ZN
 bgc_10.row_reg._116_/ZN
 bgc_10.row_reg._117_/Q
 bgc_10.row_reg._118_/Q
 bgc_10.row_reg._119_/Q
 bgc_10.row_reg._120_/Q
 bgc_10.row_reg._121_/Q
 bgc_10.row_reg._122_/Q
 bgc_10.row_reg._123_/Q
 bgc_10.row_reg._124_/Q
 bgc_10.row_reg._125_/Q
 bgc_10.row_reg._126_/Q
 bgc_10.row_reg._127_/Q
 bgc_10.row_reg._128_/Q
 bgc_11._05_/ZN
 bgc_11._06_/ZN
 bgc_11._07_/ZN
 bgc_11._07__705/ZN
 bgc_11._08_/ZN
 bgc_11._09_/Z
 bgc_11._10_/ZN
 bgc_11._11_/Z
 bgc_11._11__706/ZN
 bgc_11._12_/Z
 bgc_11._13_/Z
 bgc_11._14_/Z
 bgc_11._15_/Z
 bgc_11._16_/Z
 bgc_11._17_/Z
 bgc_11._18_/Z
 bgc_11._19_/Z
 bgc_11._20_/Z
 bgc_11._21_/Z
 bgc_11._22_/Z
 bgc_11._23_/Z
 bgc_11._24_/ZN
 bgc_11._25_/ZN
 bgc_11.col_reg._053_/ZN
 bgc_11.col_reg._054_/ZN
 bgc_11.col_reg._055_/ZN
 bgc_11.col_reg._056_/ZN
 bgc_11.col_reg._057_/ZN
 bgc_11.col_reg._058_/ZN
 bgc_11.col_reg._059_/ZN
 bgc_11.col_reg._060_/ZN
 bgc_11.col_reg._061_/ZN
 bgc_11.col_reg._062_/ZN
 bgc_11.col_reg._063_/ZN
 bgc_11.col_reg._064_/ZN
 bgc_11.col_reg._065_/ZN
 bgc_11.col_reg._066_/ZN
 bgc_11.col_reg._067_/ZN
 bgc_11.col_reg._068_/ZN
 bgc_11.col_reg._069_/ZN
 bgc_11.col_reg._070_/ZN
 bgc_11.col_reg._071_/ZN
 bgc_11.col_reg._072_/ZN
 bgc_11.col_reg._073_/ZN
 bgc_11.col_reg._074_/ZN
 bgc_11.col_reg._075_/ZN
 bgc_11.col_reg._076_/ZN
 bgc_11.col_reg._077_/ZN
 bgc_11.col_reg._078_/ZN
 bgc_11.col_reg._079_/ZN
 bgc_11.col_reg._080_/Z
 bgc_11.col_reg._081_/ZN
 bgc_11.col_reg._082_/ZN
 bgc_11.col_reg._083_/ZN
 bgc_11.col_reg._084_/ZN
 bgc_11.col_reg._085_/ZN
 bgc_11.col_reg._086_/ZN
 bgc_11.col_reg._087_/ZN
 bgc_11.col_reg._088_/ZN
 bgc_11.col_reg._089_/ZN
 bgc_11.col_reg._090_/ZN
 bgc_11.col_reg._091_/ZN
 bgc_11.col_reg._092_/ZN
 bgc_11.col_reg._093_/ZN
 bgc_11.col_reg._094_/ZN
 bgc_11.col_reg._095_/ZN
 bgc_11.col_reg._096_/ZN
 bgc_11.col_reg._097_/ZN
 bgc_11.col_reg._098_/ZN
 bgc_11.col_reg._099_/ZN
 bgc_11.col_reg._100_/ZN
 bgc_11.col_reg._101_/ZN
 bgc_11.col_reg._102_/ZN
 bgc_11.col_reg._103_/ZN
 bgc_11.col_reg._104_/ZN
 bgc_11.col_reg._105_/ZN
 bgc_11.col_reg._106_/ZN
 bgc_11.col_reg._107_/ZN
 bgc_11.col_reg._108_/ZN
 bgc_11.col_reg._109_/ZN
 bgc_11.col_reg._110_/ZN
 bgc_11.col_reg._111_/ZN
 bgc_11.col_reg._112_/ZN
 bgc_11.col_reg._113_/ZN
 bgc_11.col_reg._114_/ZN
 bgc_11.col_reg._115_/ZN
 bgc_11.col_reg._116_/ZN
 bgc_11.col_reg._117_/Q
 bgc_11.col_reg._118_/Q
 bgc_11.col_reg._119_/Q
 bgc_11.col_reg._120_/Q
 bgc_11.col_reg._121_/Q
 bgc_11.col_reg._122_/Q
 bgc_11.col_reg._123_/Q
 bgc_11.col_reg._124_/Q
 bgc_11.col_reg._125_/Q
 bgc_11.col_reg._126_/Q
 bgc_11.col_reg._127_/Q
 bgc_11.col_reg._128_/Q
 bgc_11.comp_col._20_/ZN
 bgc_11.comp_col._21_/ZN
 bgc_11.comp_col._22_/ZN
 bgc_11.comp_col._23_/ZN
 bgc_11.comp_col._24_/ZN
 bgc_11.comp_col._25_/ZN
 bgc_11.comp_col._26_/ZN
 bgc_11.comp_col._27_/ZN
 bgc_11.comp_col._28_/ZN
 bgc_11.comp_col._29_/ZN
 bgc_11.comp_col._30_/ZN
 bgc_11.comp_col._31_/ZN
 bgc_11.comp_col._32_/ZN
 bgc_11.comp_col._33_/ZN
 bgc_11.comp_col._34_/ZN
 bgc_11.comp_col._35_/ZN
 bgc_11.comp_col._36_/ZN
 bgc_11.comp_col._37_/ZN
 bgc_11.comp_col._38_/ZN
 bgc_11.comp_col._39_/ZN
 bgc_11.comp_col._40_/ZN
 bgc_11.comp_col._41_/ZN
 bgc_11.comp_col._42_/ZN
 bgc_11.comp_col._43_/ZN
 bgc_11.comp_col._44_/ZN
 bgc_11.comp_col._45_/ZN
 bgc_11.comp_col._46_/ZN
 bgc_11.comp_col._47_/ZN
 bgc_11.comp_col._48_/Z
 bgc_11.comp_col._49_/Z
 bgc_11.comp_col._50_/Z
 bgc_11.comp_col._51_/Z
 bgc_11.comp_col._52_/Z
 bgc_11.comp_col._53_/Z
 bgc_11.comp_col._54_/Z
 bgc_11.comp_col._55_/Z
 bgc_11.comp_col._56_/Z
 bgc_11.comp_col._57_/Z
 bgc_11.comp_col._58_/Z
 bgc_11.comp_col._59_/Z
 bgc_11.comp_col._60_/ZN
 bgc_11.comp_col._61_/ZN
 bgc_11.comp_col._62_/ZN
 bgc_11.comp_col._63_/ZN
 bgc_11.comp_col._64_/ZN
 bgc_11.comp_col.pe1._18_/ZN
 bgc_11.comp_col.pe1._19_/ZN
 bgc_11.comp_col.pe1._20_/ZN
 bgc_11.comp_col.pe1._21_/ZN
 bgc_11.comp_col.pe1._22_/ZN
 bgc_11.comp_col.pe1._23_/ZN
 bgc_11.comp_col.pe1._24_/ZN
 bgc_11.comp_col.pe1._25_/ZN
 bgc_11.comp_col.pe1._26_/ZN
 bgc_11.comp_col.pe1._27_/ZN
 bgc_11.comp_col.pe1._28_/ZN
 bgc_11.comp_col.pe1._29_/ZN
 bgc_11.comp_col.pe1._30_/ZN
 bgc_11.comp_col.pe1._31_/ZN
 bgc_11.comp_col.pe1._32_/ZN
 bgc_11.comp_col.pe1._33_/ZN
 bgc_11.comp_col.pe1._34_/ZN
 bgc_11.comp_col.pe1._35_/ZN
 bgc_11.comp_col.pe1._36_/ZN
 bgc_11.comp_col.pe1._37_/ZN
 bgc_11.comp_col.pe1._38_/ZN
 bgc_11.comp_col.pe1._39_/ZN
 bgc_11.comp_col.pe2._18_/ZN
 bgc_11.comp_col.pe2._19_/ZN
 bgc_11.comp_col.pe2._20_/ZN
 bgc_11.comp_col.pe2._21_/ZN
 bgc_11.comp_col.pe2._22_/ZN
 bgc_11.comp_col.pe2._23_/ZN
 bgc_11.comp_col.pe2._24_/ZN
 bgc_11.comp_col.pe2._25_/ZN
 bgc_11.comp_col.pe2._26_/ZN
 bgc_11.comp_col.pe2._27_/ZN
 bgc_11.comp_col.pe2._28_/ZN
 bgc_11.comp_col.pe2._29_/ZN
 bgc_11.comp_col.pe2._30_/ZN
 bgc_11.comp_col.pe2._31_/ZN
 bgc_11.comp_col.pe2._32_/ZN
 bgc_11.comp_col.pe2._33_/ZN
 bgc_11.comp_col.pe2._34_/ZN
 bgc_11.comp_col.pe2._35_/ZN
 bgc_11.comp_col.pe2._36_/ZN
 bgc_11.comp_col.pe2._37_/ZN
 bgc_11.comp_col.pe2._38_/ZN
 bgc_11.comp_col.pe2._39_/ZN
 bgc_11.comp_row._20_/ZN
 bgc_11.comp_row._21_/ZN
 bgc_11.comp_row._22_/ZN
 bgc_11.comp_row._23_/ZN
 bgc_11.comp_row._24_/ZN
 bgc_11.comp_row._25_/ZN
 bgc_11.comp_row._26_/ZN
 bgc_11.comp_row._27_/ZN
 bgc_11.comp_row._28_/ZN
 bgc_11.comp_row._29_/ZN
 bgc_11.comp_row._30_/ZN
 bgc_11.comp_row._31_/ZN
 bgc_11.comp_row._32_/ZN
 bgc_11.comp_row._33_/ZN
 bgc_11.comp_row._34_/ZN
 bgc_11.comp_row._35_/ZN
 bgc_11.comp_row._36_/ZN
 bgc_11.comp_row._37_/ZN
 bgc_11.comp_row._38_/ZN
 bgc_11.comp_row._39_/ZN
 bgc_11.comp_row._40_/ZN
 bgc_11.comp_row._41_/ZN
 bgc_11.comp_row._42_/ZN
 bgc_11.comp_row._43_/ZN
 bgc_11.comp_row._44_/ZN
 bgc_11.comp_row._45_/ZN
 bgc_11.comp_row._46_/ZN
 bgc_11.comp_row._47_/ZN
 bgc_11.comp_row._48_/Z
 bgc_11.comp_row._49_/Z
 bgc_11.comp_row._50_/Z
 bgc_11.comp_row._51_/Z
 bgc_11.comp_row._52_/Z
 bgc_11.comp_row._53_/Z
 bgc_11.comp_row._54_/Z
 bgc_11.comp_row._55_/Z
 bgc_11.comp_row._56_/Z
 bgc_11.comp_row._57_/Z
 bgc_11.comp_row._58_/Z
 bgc_11.comp_row._59_/Z
 bgc_11.comp_row._60_/ZN
 bgc_11.comp_row._61_/ZN
 bgc_11.comp_row._62_/ZN
 bgc_11.comp_row._63_/ZN
 bgc_11.comp_row._64_/ZN
 bgc_11.comp_row.pe1._18_/ZN
 bgc_11.comp_row.pe1._19_/ZN
 bgc_11.comp_row.pe1._20_/ZN
 bgc_11.comp_row.pe1._21_/ZN
 bgc_11.comp_row.pe1._22_/ZN
 bgc_11.comp_row.pe1._23_/ZN
 bgc_11.comp_row.pe1._24_/ZN
 bgc_11.comp_row.pe1._25_/ZN
 bgc_11.comp_row.pe1._26_/ZN
 bgc_11.comp_row.pe1._27_/ZN
 bgc_11.comp_row.pe1._28_/ZN
 bgc_11.comp_row.pe1._29_/ZN
 bgc_11.comp_row.pe1._30_/ZN
 bgc_11.comp_row.pe1._31_/ZN
 bgc_11.comp_row.pe1._32_/ZN
 bgc_11.comp_row.pe1._33_/ZN
 bgc_11.comp_row.pe1._34_/ZN
 bgc_11.comp_row.pe1._35_/ZN
 bgc_11.comp_row.pe1._36_/ZN
 bgc_11.comp_row.pe1._37_/ZN
 bgc_11.comp_row.pe1._38_/ZN
 bgc_11.comp_row.pe1._39_/ZN
 bgc_11.comp_row.pe2._18_/ZN
 bgc_11.comp_row.pe2._19_/ZN
 bgc_11.comp_row.pe2._20_/ZN
 bgc_11.comp_row.pe2._21_/ZN
 bgc_11.comp_row.pe2._22_/ZN
 bgc_11.comp_row.pe2._23_/ZN
 bgc_11.comp_row.pe2._24_/ZN
 bgc_11.comp_row.pe2._25_/ZN
 bgc_11.comp_row.pe2._26_/ZN
 bgc_11.comp_row.pe2._27_/ZN
 bgc_11.comp_row.pe2._28_/ZN
 bgc_11.comp_row.pe2._29_/ZN
 bgc_11.comp_row.pe2._30_/ZN
 bgc_11.comp_row.pe2._31_/ZN
 bgc_11.comp_row.pe2._32_/ZN
 bgc_11.comp_row.pe2._33_/ZN
 bgc_11.comp_row.pe2._34_/ZN
 bgc_11.comp_row.pe2._35_/ZN
 bgc_11.comp_row.pe2._36_/ZN
 bgc_11.comp_row.pe2._37_/ZN
 bgc_11.comp_row.pe2._38_/ZN
 bgc_11.comp_row.pe2._39_/ZN
 bgc_11.final_counter._29_/ZN
 bgc_11.final_counter._30_/ZN
 bgc_11.final_counter._31_/ZN
 bgc_11.final_counter._32_/ZN
 bgc_11.final_counter._33_/ZN
 bgc_11.final_counter._34_/ZN
 bgc_11.final_counter._35_/ZN
 bgc_11.final_counter._36_/ZN
 bgc_11.final_counter._37_/ZN
 bgc_11.final_counter._38_/ZN
 bgc_11.final_counter._39_/Z
 bgc_11.final_counter._40_/ZN
 bgc_11.final_counter._41_/ZN
 bgc_11.final_counter._42_/ZN
 bgc_11.final_counter._43_/Z
 bgc_11.final_counter._44_/ZN
 bgc_11.final_counter._45_/ZN
 bgc_11.final_counter._46_/Z
 bgc_11.final_counter._47_/ZN
 bgc_11.final_counter._48_/ZN
 bgc_11.final_counter._49_/Z
 bgc_11.final_counter._50_/ZN
 bgc_11.final_counter._51_/ZN
 bgc_11.final_counter._52_/ZN
 bgc_11.final_counter._53_/ZN
 bgc_11.final_counter._54_/Z
 bgc_11.final_counter._55_/ZN
 bgc_11.final_counter._56_/ZN
 bgc_11.final_counter._57_/Z
 bgc_11.final_counter._58_/ZN
 bgc_11.final_counter._59_/ZN
 bgc_11.final_counter._60_/ZN
 bgc_11.final_counter._61_/ZN
 bgc_11.final_counter._62_/ZN
 bgc_11.final_counter._63_/ZN
 bgc_11.final_counter._64_/ZN
 bgc_11.final_counter._65_/ZN
 bgc_11.final_counter._66_/ZN
 bgc_11.final_counter._67_/Z
 bgc_11.final_counter._68_/ZN
 bgc_11.final_counter._69_/Q
 bgc_11.final_counter._70_/Q
 bgc_11.final_counter._71_/Q
 bgc_11.final_counter._72_/Q
 bgc_11.final_counter._73_/Q
 bgc_11.final_counter._74_/Q
 bgc_11.final_counter._75_/Q
 bgc_11.final_counter._76_/Q
 bgc_11.final_counter._77_/Q
 bgc_11.final_counter._78_/Q
 bgc_11.final_counter._79_/Q
 bgc_11.final_counter._80_/Q
 bgc_11.lfsr_col._27_/ZN
 bgc_11.lfsr_col._28_/ZN
 bgc_11.lfsr_col._28__1375/Z
 bgc_11.lfsr_col._29_/Z
 bgc_11.lfsr_col._29__1376/Z
 bgc_11.lfsr_col._30_/Z
 bgc_11.lfsr_col._30__1377/Z
 bgc_11.lfsr_col._31_/Z
 bgc_11.lfsr_col._31__707/ZN
 bgc_11.lfsr_col._32_/Z
 bgc_11.lfsr_col._32__708/ZN
 bgc_11.lfsr_col._33_/Z
 bgc_11.lfsr_col._33__709/ZN
 bgc_11.lfsr_col._34_/Z
 bgc_11.lfsr_col._34__1378/Z
 bgc_11.lfsr_col._35_/Z
 bgc_11.lfsr_col._35__1379/Z
 bgc_11.lfsr_col._36_/Z
 bgc_11.lfsr_col._36__1380/Z
 bgc_11.lfsr_col._37_/Z
 bgc_11.lfsr_col._37__1381/Z
 bgc_11.lfsr_col._38_/Z
 bgc_11.lfsr_col._38__1382/Z
 bgc_11.lfsr_col._39_/Z
 bgc_11.lfsr_col._39__710/ZN
 bgc_11.lfsr_col._40_/Z
 bgc_11.lfsr_col._40__1383/Z
 bgc_11.lfsr_col._41_/Z
 bgc_11.lfsr_col._42_/Z
 bgc_11.lfsr_col._43_/Z
 bgc_11.lfsr_col._44_/Z
 bgc_11.lfsr_col._44__1384/Z
 bgc_11.lfsr_col._45_/Z
 bgc_11.lfsr_col._45__711/ZN
 bgc_11.lfsr_col._46_/Z
 bgc_11.lfsr_col._46__1385/Z
 bgc_11.lfsr_col._47_/Z
 bgc_11.lfsr_col._47__1386/Z
 bgc_11.lfsr_col._48_/Z
 bgc_11.lfsr_col._48__1387/Z
 bgc_11.lfsr_col._49_/Z
 bgc_11.lfsr_col._49__1388/Z
 bgc_11.lfsr_col._50_/Z
 bgc_11.lfsr_col._50__1389/Z
 bgc_11.lfsr_col._51_/Z
 bgc_11.lfsr_col._51__712/ZN
 bgc_11.lfsr_col._52_/Z
 bgc_11.lfsr_col._52__713/ZN
 bgc_11.lfsr_col._53_/Z
 bgc_11.lfsr_col._53__714/ZN
 bgc_11.lfsr_col._54_/Z
 bgc_11.lfsr_col._54__1390/Z
 bgc_11.lfsr_col._55_/Z
 bgc_11.lfsr_col._55__1391/Z
 bgc_11.lfsr_col._56_/Z
 bgc_11.lfsr_col._57_/Z
 bgc_11.lfsr_col._58_/Z
 bgc_11.lfsr_col._59_/Z
 bgc_11.lfsr_col._60_/Z
 bgc_11.lfsr_col._61_/Z
 bgc_11.lfsr_col._62_/Z
 bgc_11.lfsr_col._63_/Z
 bgc_11.lfsr_col._64_/Z
 bgc_11.lfsr_col._65_/Z
 bgc_11.lfsr_col._66_/ZN
 bgc_11.lfsr_col._66__1392/Z
 bgc_11.lfsr_col._67_/ZN
 bgc_11.lfsr_col._67__715/ZN
 bgc_11.lfsr_col._68_/ZN
 bgc_11.lfsr_col._68__1393/Z
 bgc_11.lfsr_col._69_/ZN
 bgc_11.lfsr_col._69__1394/Z
 bgc_11.lfsr_col._70_/ZN
 bgc_11.lfsr_col._70__1395/Z
 bgc_11.lfsr_col._71_/ZN
 bgc_11.lfsr_col._71__1396/Z
 bgc_11.lfsr_col._72_/ZN
 bgc_11.lfsr_col._72__1397/Z
 bgc_11.lfsr_col._73_/ZN
 bgc_11.lfsr_col._73__716/ZN
 bgc_11.lfsr_col._74_/ZN
 bgc_11.lfsr_col._74__717/ZN
 bgc_11.lfsr_col._75_/ZN
 bgc_11.lfsr_col._75__718/ZN
 bgc_11.lfsr_col._76_/ZN
 bgc_11.lfsr_col._76__1398/Z
 bgc_11.lfsr_col._77_/Q
 bgc_11.lfsr_col._78_/Q
 bgc_11.lfsr_col._79_/Q
 bgc_11.lfsr_col._80_/Q
 bgc_11.lfsr_col._81_/Q
 bgc_11.lfsr_col._82_/Q
 bgc_11.lfsr_col._83_/Q
 bgc_11.lfsr_col._84_/Q
 bgc_11.lfsr_col._85_/Q
 bgc_11.lfsr_col._86_/Q
 bgc_11.lfsr_col._87_/Q
 bgc_11.lfsr_col._88_/Q
 bgc_11.lfsr_row._27_/ZN
 bgc_11.lfsr_row._28_/ZN
 bgc_11.lfsr_row._28__1399/Z
 bgc_11.lfsr_row._29_/Z
 bgc_11.lfsr_row._29__1400/Z
 bgc_11.lfsr_row._30_/Z
 bgc_11.lfsr_row._30__1401/Z
 bgc_11.lfsr_row._31_/Z
 bgc_11.lfsr_row._31__1402/Z
 bgc_11.lfsr_row._32_/Z
 bgc_11.lfsr_row._32__719/ZN
 bgc_11.lfsr_row._33_/Z
 bgc_11.lfsr_row._33__720/ZN
 bgc_11.lfsr_row._34_/Z
 bgc_11.lfsr_row._34__721/ZN
 bgc_11.lfsr_row._35_/Z
 bgc_11.lfsr_row._35__722/ZN
 bgc_11.lfsr_row._36_/Z
 bgc_11.lfsr_row._36__1403/Z
 bgc_11.lfsr_row._37_/Z
 bgc_11.lfsr_row._37__723/ZN
 bgc_11.lfsr_row._38_/Z
 bgc_11.lfsr_row._38__1404/Z
 bgc_11.lfsr_row._39_/Z
 bgc_11.lfsr_row._39__1405/Z
 bgc_11.lfsr_row._40_/Z
 bgc_11.lfsr_row._40__1406/Z
 bgc_11.lfsr_row._41_/Z
 bgc_11.lfsr_row._42_/Z
 bgc_11.lfsr_row._43_/Z
 bgc_11.lfsr_row._44_/Z
 bgc_11.lfsr_row._44__1407/Z
 bgc_11.lfsr_row._45_/Z
 bgc_11.lfsr_row._45__1408/Z
 bgc_11.lfsr_row._46_/Z
 bgc_11.lfsr_row._46__1409/Z
 bgc_11.lfsr_row._47_/Z
 bgc_11.lfsr_row._47__724/ZN
 bgc_11.lfsr_row._48_/Z
 bgc_11.lfsr_row._48__1410/Z
 bgc_11.lfsr_row._49_/Z
 bgc_11.lfsr_row._49__725/ZN
 bgc_11.lfsr_row._50_/Z
 bgc_11.lfsr_row._50__726/ZN
 bgc_11.lfsr_row._51_/Z
 bgc_11.lfsr_row._51__727/ZN
 bgc_11.lfsr_row._52_/Z
 bgc_11.lfsr_row._52__728/ZN
 bgc_11.lfsr_row._53_/Z
 bgc_11.lfsr_row._53__1411/Z
 bgc_11.lfsr_row._54_/Z
 bgc_11.lfsr_row._54__1412/Z
 bgc_11.lfsr_row._55_/Z
 bgc_11.lfsr_row._55__1413/Z
 bgc_11.lfsr_row._56_/Z
 bgc_11.lfsr_row._57_/Z
 bgc_11.lfsr_row._58_/Z
 bgc_11.lfsr_row._59_/Z
 bgc_11.lfsr_row._60_/Z
 bgc_11.lfsr_row._61_/Z
 bgc_11.lfsr_row._62_/Z
 bgc_11.lfsr_row._63_/Z
 bgc_11.lfsr_row._64_/Z
 bgc_11.lfsr_row._65_/Z
 bgc_11.lfsr_row._66_/ZN
 bgc_11.lfsr_row._66__1414/Z
 bgc_11.lfsr_row._67_/ZN
 bgc_11.lfsr_row._67__1415/Z
 bgc_11.lfsr_row._68_/ZN
 bgc_11.lfsr_row._68__1416/Z
 bgc_11.lfsr_row._69_/ZN
 bgc_11.lfsr_row._69__729/ZN
 bgc_11.lfsr_row._70_/ZN
 bgc_11.lfsr_row._70__1417/Z
 bgc_11.lfsr_row._71_/ZN
 bgc_11.lfsr_row._71__730/ZN
 bgc_11.lfsr_row._72_/ZN
 bgc_11.lfsr_row._72__731/ZN
 bgc_11.lfsr_row._73_/ZN
 bgc_11.lfsr_row._73__732/ZN
 bgc_11.lfsr_row._74_/ZN
 bgc_11.lfsr_row._74__733/ZN
 bgc_11.lfsr_row._75_/ZN
 bgc_11.lfsr_row._75__1418/Z
 bgc_11.lfsr_row._76_/ZN
 bgc_11.lfsr_row._76__1419/Z
 bgc_11.lfsr_row._77_/Q
 bgc_11.lfsr_row._78_/Q
 bgc_11.lfsr_row._79_/Q
 bgc_11.lfsr_row._80_/Q
 bgc_11.lfsr_row._81_/Q
 bgc_11.lfsr_row._82_/Q
 bgc_11.lfsr_row._83_/Q
 bgc_11.lfsr_row._84_/Q
 bgc_11.lfsr_row._85_/Q
 bgc_11.lfsr_row._86_/Q
 bgc_11.lfsr_row._87_/Q
 bgc_11.lfsr_row._88_/Q
 bgc_11.row_reg._053_/ZN
 bgc_11.row_reg._054_/ZN
 bgc_11.row_reg._055_/ZN
 bgc_11.row_reg._056_/ZN
 bgc_11.row_reg._056__734/ZN
 bgc_11.row_reg._057_/ZN
 bgc_11.row_reg._058_/ZN
 bgc_11.row_reg._058__735/ZN
 bgc_11.row_reg._059_/ZN
 bgc_11.row_reg._060_/ZN
 bgc_11.row_reg._060__736/ZN
 bgc_11.row_reg._061_/ZN
 bgc_11.row_reg._062_/ZN
 bgc_11.row_reg._062__737/ZN
 bgc_11.row_reg._063_/ZN
 bgc_11.row_reg._064_/ZN
 bgc_11.row_reg._064__738/ZN
 bgc_11.row_reg._065_/ZN
 bgc_11.row_reg._066_/ZN
 bgc_11.row_reg._066__739/ZN
 bgc_11.row_reg._067_/ZN
 bgc_11.row_reg._068_/ZN
 bgc_11.row_reg._068__740/ZN
 bgc_11.row_reg._069_/ZN
 bgc_11.row_reg._070_/ZN
 bgc_11.row_reg._070__741/ZN
 bgc_11.row_reg._071_/ZN
 bgc_11.row_reg._072_/ZN
 bgc_11.row_reg._072__742/ZN
 bgc_11.row_reg._073_/ZN
 bgc_11.row_reg._074_/ZN
 bgc_11.row_reg._074__743/ZN
 bgc_11.row_reg._075_/ZN
 bgc_11.row_reg._076_/ZN
 bgc_11.row_reg._076__744/ZN
 bgc_11.row_reg._077_/ZN
 bgc_11.row_reg._078_/ZN
 bgc_11.row_reg._078__745/ZN
 bgc_11.row_reg._079_/ZN
 bgc_11.row_reg._080_/Z
 bgc_11.row_reg._081_/ZN
 bgc_11.row_reg._082_/ZN
 bgc_11.row_reg._083_/ZN
 bgc_11.row_reg._084_/ZN
 bgc_11.row_reg._085_/ZN
 bgc_11.row_reg._086_/ZN
 bgc_11.row_reg._087_/ZN
 bgc_11.row_reg._088_/ZN
 bgc_11.row_reg._089_/ZN
 bgc_11.row_reg._090_/ZN
 bgc_11.row_reg._091_/ZN
 bgc_11.row_reg._092_/ZN
 bgc_11.row_reg._093_/ZN
 bgc_11.row_reg._094_/ZN
 bgc_11.row_reg._095_/ZN
 bgc_11.row_reg._096_/ZN
 bgc_11.row_reg._097_/ZN
 bgc_11.row_reg._098_/ZN
 bgc_11.row_reg._099_/ZN
 bgc_11.row_reg._100_/ZN
 bgc_11.row_reg._101_/ZN
 bgc_11.row_reg._102_/ZN
 bgc_11.row_reg._103_/ZN
 bgc_11.row_reg._104_/ZN
 bgc_11.row_reg._105_/ZN
 bgc_11.row_reg._106_/ZN
 bgc_11.row_reg._107_/ZN
 bgc_11.row_reg._108_/ZN
 bgc_11.row_reg._109_/ZN
 bgc_11.row_reg._110_/ZN
 bgc_11.row_reg._111_/ZN
 bgc_11.row_reg._112_/ZN
 bgc_11.row_reg._113_/ZN
 bgc_11.row_reg._114_/ZN
 bgc_11.row_reg._115_/ZN
 bgc_11.row_reg._116_/ZN
 bgc_11.row_reg._117_/Q
 bgc_11.row_reg._118_/Q
 bgc_11.row_reg._119_/Q
 bgc_11.row_reg._120_/Q
 bgc_11.row_reg._121_/Q
 bgc_11.row_reg._122_/Q
 bgc_11.row_reg._123_/Q
 bgc_11.row_reg._124_/Q
 bgc_11.row_reg._125_/Q
 bgc_11.row_reg._126_/Q
 bgc_11.row_reg._127_/Q
 bgc_11.row_reg._128_/Q
 bgc_12._05_/ZN
 bgc_12._06_/ZN
 bgc_12._07_/ZN
 bgc_12._07__746/ZN
 bgc_12._08_/ZN
 bgc_12._09_/Z
 bgc_12._10_/ZN
 bgc_12._11_/Z
 bgc_12._11__747/ZN
 bgc_12._12_/Z
 bgc_12._13_/Z
 bgc_12._14_/Z
 bgc_12._15_/Z
 bgc_12._16_/Z
 bgc_12._17_/Z
 bgc_12._18_/Z
 bgc_12._19_/Z
 bgc_12._20_/Z
 bgc_12._21_/Z
 bgc_12._22_/Z
 bgc_12._23_/Z
 bgc_12._24_/ZN
 bgc_12._25_/ZN
 bgc_12.col_reg._053_/ZN
 bgc_12.col_reg._054_/ZN
 bgc_12.col_reg._055_/ZN
 bgc_12.col_reg._056_/ZN
 bgc_12.col_reg._057_/ZN
 bgc_12.col_reg._058_/ZN
 bgc_12.col_reg._059_/ZN
 bgc_12.col_reg._060_/ZN
 bgc_12.col_reg._061_/ZN
 bgc_12.col_reg._062_/ZN
 bgc_12.col_reg._063_/ZN
 bgc_12.col_reg._064_/ZN
 bgc_12.col_reg._065_/ZN
 bgc_12.col_reg._066_/ZN
 bgc_12.col_reg._067_/ZN
 bgc_12.col_reg._068_/ZN
 bgc_12.col_reg._069_/ZN
 bgc_12.col_reg._070_/ZN
 bgc_12.col_reg._071_/ZN
 bgc_12.col_reg._072_/ZN
 bgc_12.col_reg._073_/ZN
 bgc_12.col_reg._074_/ZN
 bgc_12.col_reg._075_/ZN
 bgc_12.col_reg._076_/ZN
 bgc_12.col_reg._077_/ZN
 bgc_12.col_reg._078_/ZN
 bgc_12.col_reg._079_/ZN
 bgc_12.col_reg._080_/Z
 bgc_12.col_reg._081_/ZN
 bgc_12.col_reg._082_/ZN
 bgc_12.col_reg._083_/ZN
 bgc_12.col_reg._084_/ZN
 bgc_12.col_reg._085_/ZN
 bgc_12.col_reg._086_/ZN
 bgc_12.col_reg._087_/ZN
 bgc_12.col_reg._088_/ZN
 bgc_12.col_reg._089_/ZN
 bgc_12.col_reg._090_/ZN
 bgc_12.col_reg._091_/ZN
 bgc_12.col_reg._092_/ZN
 bgc_12.col_reg._093_/ZN
 bgc_12.col_reg._094_/ZN
 bgc_12.col_reg._095_/ZN
 bgc_12.col_reg._096_/ZN
 bgc_12.col_reg._097_/ZN
 bgc_12.col_reg._098_/ZN
 bgc_12.col_reg._099_/ZN
 bgc_12.col_reg._100_/ZN
 bgc_12.col_reg._101_/ZN
 bgc_12.col_reg._102_/ZN
 bgc_12.col_reg._103_/ZN
 bgc_12.col_reg._104_/ZN
 bgc_12.col_reg._105_/ZN
 bgc_12.col_reg._106_/ZN
 bgc_12.col_reg._107_/ZN
 bgc_12.col_reg._108_/ZN
 bgc_12.col_reg._109_/ZN
 bgc_12.col_reg._110_/ZN
 bgc_12.col_reg._111_/ZN
 bgc_12.col_reg._112_/ZN
 bgc_12.col_reg._113_/ZN
 bgc_12.col_reg._114_/ZN
 bgc_12.col_reg._115_/ZN
 bgc_12.col_reg._116_/ZN
 bgc_12.col_reg._117_/Q
 bgc_12.col_reg._118_/Q
 bgc_12.col_reg._119_/Q
 bgc_12.col_reg._120_/Q
 bgc_12.col_reg._121_/Q
 bgc_12.col_reg._122_/Q
 bgc_12.col_reg._123_/Q
 bgc_12.col_reg._124_/Q
 bgc_12.col_reg._125_/Q
 bgc_12.col_reg._126_/Q
 bgc_12.col_reg._127_/Q
 bgc_12.col_reg._128_/Q
 bgc_12.comp_col._20_/ZN
 bgc_12.comp_col._21_/ZN
 bgc_12.comp_col._22_/ZN
 bgc_12.comp_col._23_/ZN
 bgc_12.comp_col._24_/ZN
 bgc_12.comp_col._25_/ZN
 bgc_12.comp_col._26_/ZN
 bgc_12.comp_col._27_/ZN
 bgc_12.comp_col._28_/ZN
 bgc_12.comp_col._29_/ZN
 bgc_12.comp_col._30_/ZN
 bgc_12.comp_col._31_/ZN
 bgc_12.comp_col._32_/ZN
 bgc_12.comp_col._33_/ZN
 bgc_12.comp_col._34_/ZN
 bgc_12.comp_col._35_/ZN
 bgc_12.comp_col._36_/ZN
 bgc_12.comp_col._37_/ZN
 bgc_12.comp_col._38_/ZN
 bgc_12.comp_col._39_/ZN
 bgc_12.comp_col._40_/ZN
 bgc_12.comp_col._41_/ZN
 bgc_12.comp_col._42_/ZN
 bgc_12.comp_col._43_/ZN
 bgc_12.comp_col._44_/ZN
 bgc_12.comp_col._45_/ZN
 bgc_12.comp_col._46_/ZN
 bgc_12.comp_col._47_/ZN
 bgc_12.comp_col._48_/Z
 bgc_12.comp_col._49_/Z
 bgc_12.comp_col._50_/Z
 bgc_12.comp_col._51_/Z
 bgc_12.comp_col._52_/Z
 bgc_12.comp_col._53_/Z
 bgc_12.comp_col._54_/Z
 bgc_12.comp_col._55_/Z
 bgc_12.comp_col._56_/Z
 bgc_12.comp_col._57_/Z
 bgc_12.comp_col._58_/Z
 bgc_12.comp_col._59_/Z
 bgc_12.comp_col._60_/ZN
 bgc_12.comp_col._61_/ZN
 bgc_12.comp_col._62_/ZN
 bgc_12.comp_col._63_/ZN
 bgc_12.comp_col._64_/ZN
 bgc_12.comp_col.pe1._18_/ZN
 bgc_12.comp_col.pe1._19_/ZN
 bgc_12.comp_col.pe1._20_/ZN
 bgc_12.comp_col.pe1._21_/ZN
 bgc_12.comp_col.pe1._22_/ZN
 bgc_12.comp_col.pe1._23_/ZN
 bgc_12.comp_col.pe1._24_/ZN
 bgc_12.comp_col.pe1._25_/ZN
 bgc_12.comp_col.pe1._26_/ZN
 bgc_12.comp_col.pe1._27_/ZN
 bgc_12.comp_col.pe1._28_/ZN
 bgc_12.comp_col.pe1._29_/ZN
 bgc_12.comp_col.pe1._30_/ZN
 bgc_12.comp_col.pe1._31_/ZN
 bgc_12.comp_col.pe1._32_/ZN
 bgc_12.comp_col.pe1._33_/ZN
 bgc_12.comp_col.pe1._34_/ZN
 bgc_12.comp_col.pe1._35_/ZN
 bgc_12.comp_col.pe1._36_/ZN
 bgc_12.comp_col.pe1._37_/ZN
 bgc_12.comp_col.pe1._38_/ZN
 bgc_12.comp_col.pe1._39_/ZN
 bgc_12.comp_col.pe2._18_/ZN
 bgc_12.comp_col.pe2._19_/ZN
 bgc_12.comp_col.pe2._20_/ZN
 bgc_12.comp_col.pe2._21_/ZN
 bgc_12.comp_col.pe2._22_/ZN
 bgc_12.comp_col.pe2._23_/ZN
 bgc_12.comp_col.pe2._24_/ZN
 bgc_12.comp_col.pe2._25_/ZN
 bgc_12.comp_col.pe2._26_/ZN
 bgc_12.comp_col.pe2._27_/ZN
 bgc_12.comp_col.pe2._28_/ZN
 bgc_12.comp_col.pe2._29_/ZN
 bgc_12.comp_col.pe2._30_/ZN
 bgc_12.comp_col.pe2._31_/ZN
 bgc_12.comp_col.pe2._32_/ZN
 bgc_12.comp_col.pe2._33_/ZN
 bgc_12.comp_col.pe2._34_/ZN
 bgc_12.comp_col.pe2._35_/ZN
 bgc_12.comp_col.pe2._36_/ZN
 bgc_12.comp_col.pe2._37_/ZN
 bgc_12.comp_col.pe2._38_/ZN
 bgc_12.comp_col.pe2._39_/ZN
 bgc_12.comp_row._20_/ZN
 bgc_12.comp_row._21_/ZN
 bgc_12.comp_row._22_/ZN
 bgc_12.comp_row._23_/ZN
 bgc_12.comp_row._24_/ZN
 bgc_12.comp_row._25_/ZN
 bgc_12.comp_row._26_/ZN
 bgc_12.comp_row._27_/ZN
 bgc_12.comp_row._28_/ZN
 bgc_12.comp_row._29_/ZN
 bgc_12.comp_row._30_/ZN
 bgc_12.comp_row._31_/ZN
 bgc_12.comp_row._32_/ZN
 bgc_12.comp_row._33_/ZN
 bgc_12.comp_row._34_/ZN
 bgc_12.comp_row._35_/ZN
 bgc_12.comp_row._36_/ZN
 bgc_12.comp_row._37_/ZN
 bgc_12.comp_row._38_/ZN
 bgc_12.comp_row._39_/ZN
 bgc_12.comp_row._40_/ZN
 bgc_12.comp_row._41_/ZN
 bgc_12.comp_row._42_/ZN
 bgc_12.comp_row._43_/ZN
 bgc_12.comp_row._44_/ZN
 bgc_12.comp_row._45_/ZN
 bgc_12.comp_row._46_/ZN
 bgc_12.comp_row._47_/ZN
 bgc_12.comp_row._48_/Z
 bgc_12.comp_row._49_/Z
 bgc_12.comp_row._50_/Z
 bgc_12.comp_row._51_/Z
 bgc_12.comp_row._52_/Z
 bgc_12.comp_row._53_/Z
 bgc_12.comp_row._54_/Z
 bgc_12.comp_row._55_/Z
 bgc_12.comp_row._56_/Z
 bgc_12.comp_row._57_/Z
 bgc_12.comp_row._58_/Z
 bgc_12.comp_row._59_/Z
 bgc_12.comp_row._60_/ZN
 bgc_12.comp_row._61_/ZN
 bgc_12.comp_row._62_/ZN
 bgc_12.comp_row._63_/ZN
 bgc_12.comp_row._64_/ZN
 bgc_12.comp_row.pe1._18_/ZN
 bgc_12.comp_row.pe1._19_/ZN
 bgc_12.comp_row.pe1._20_/ZN
 bgc_12.comp_row.pe1._21_/ZN
 bgc_12.comp_row.pe1._22_/ZN
 bgc_12.comp_row.pe1._23_/ZN
 bgc_12.comp_row.pe1._24_/ZN
 bgc_12.comp_row.pe1._25_/ZN
 bgc_12.comp_row.pe1._26_/ZN
 bgc_12.comp_row.pe1._27_/ZN
 bgc_12.comp_row.pe1._28_/ZN
 bgc_12.comp_row.pe1._29_/ZN
 bgc_12.comp_row.pe1._30_/ZN
 bgc_12.comp_row.pe1._31_/ZN
 bgc_12.comp_row.pe1._32_/ZN
 bgc_12.comp_row.pe1._33_/ZN
 bgc_12.comp_row.pe1._34_/ZN
 bgc_12.comp_row.pe1._35_/ZN
 bgc_12.comp_row.pe1._36_/ZN
 bgc_12.comp_row.pe1._37_/ZN
 bgc_12.comp_row.pe1._38_/ZN
 bgc_12.comp_row.pe1._39_/ZN
 bgc_12.comp_row.pe2._18_/ZN
 bgc_12.comp_row.pe2._19_/ZN
 bgc_12.comp_row.pe2._20_/ZN
 bgc_12.comp_row.pe2._21_/ZN
 bgc_12.comp_row.pe2._22_/ZN
 bgc_12.comp_row.pe2._23_/ZN
 bgc_12.comp_row.pe2._24_/ZN
 bgc_12.comp_row.pe2._25_/ZN
 bgc_12.comp_row.pe2._26_/ZN
 bgc_12.comp_row.pe2._27_/ZN
 bgc_12.comp_row.pe2._28_/ZN
 bgc_12.comp_row.pe2._29_/ZN
 bgc_12.comp_row.pe2._30_/ZN
 bgc_12.comp_row.pe2._31_/ZN
 bgc_12.comp_row.pe2._32_/ZN
 bgc_12.comp_row.pe2._33_/ZN
 bgc_12.comp_row.pe2._34_/ZN
 bgc_12.comp_row.pe2._35_/ZN
 bgc_12.comp_row.pe2._36_/ZN
 bgc_12.comp_row.pe2._37_/ZN
 bgc_12.comp_row.pe2._38_/ZN
 bgc_12.comp_row.pe2._39_/ZN
 bgc_12.final_counter._29_/ZN
 bgc_12.final_counter._30_/ZN
 bgc_12.final_counter._31_/ZN
 bgc_12.final_counter._32_/ZN
 bgc_12.final_counter._33_/ZN
 bgc_12.final_counter._34_/ZN
 bgc_12.final_counter._35_/ZN
 bgc_12.final_counter._36_/ZN
 bgc_12.final_counter._37_/ZN
 bgc_12.final_counter._38_/ZN
 bgc_12.final_counter._39_/Z
 bgc_12.final_counter._40_/ZN
 bgc_12.final_counter._41_/ZN
 bgc_12.final_counter._42_/ZN
 bgc_12.final_counter._43_/Z
 bgc_12.final_counter._44_/ZN
 bgc_12.final_counter._45_/ZN
 bgc_12.final_counter._46_/Z
 bgc_12.final_counter._47_/ZN
 bgc_12.final_counter._48_/ZN
 bgc_12.final_counter._49_/Z
 bgc_12.final_counter._50_/ZN
 bgc_12.final_counter._51_/ZN
 bgc_12.final_counter._52_/ZN
 bgc_12.final_counter._53_/ZN
 bgc_12.final_counter._54_/Z
 bgc_12.final_counter._55_/ZN
 bgc_12.final_counter._56_/ZN
 bgc_12.final_counter._57_/Z
 bgc_12.final_counter._58_/ZN
 bgc_12.final_counter._59_/ZN
 bgc_12.final_counter._60_/ZN
 bgc_12.final_counter._61_/ZN
 bgc_12.final_counter._62_/ZN
 bgc_12.final_counter._63_/ZN
 bgc_12.final_counter._64_/ZN
 bgc_12.final_counter._65_/ZN
 bgc_12.final_counter._66_/ZN
 bgc_12.final_counter._67_/Z
 bgc_12.final_counter._68_/ZN
 bgc_12.final_counter._69_/Q
 bgc_12.final_counter._70_/Q
 bgc_12.final_counter._71_/Q
 bgc_12.final_counter._72_/Q
 bgc_12.final_counter._73_/Q
 bgc_12.final_counter._74_/Q
 bgc_12.final_counter._75_/Q
 bgc_12.final_counter._76_/Q
 bgc_12.final_counter._77_/Q
 bgc_12.final_counter._78_/Q
 bgc_12.final_counter._79_/Q
 bgc_12.final_counter._80_/Q
 bgc_12.lfsr_col._27_/ZN
 bgc_12.lfsr_col._28_/ZN
 bgc_12.lfsr_col._28__1420/Z
 bgc_12.lfsr_col._29_/Z
 bgc_12.lfsr_col._29__1421/Z
 bgc_12.lfsr_col._30_/Z
 bgc_12.lfsr_col._30__748/ZN
 bgc_12.lfsr_col._31_/Z
 bgc_12.lfsr_col._31__749/ZN
 bgc_12.lfsr_col._32_/Z
 bgc_12.lfsr_col._32__750/ZN
 bgc_12.lfsr_col._33_/Z
 bgc_12.lfsr_col._33__751/ZN
 bgc_12.lfsr_col._34_/Z
 bgc_12.lfsr_col._34__1422/Z
 bgc_12.lfsr_col._35_/Z
 bgc_12.lfsr_col._35__1423/Z
 bgc_12.lfsr_col._36_/Z
 bgc_12.lfsr_col._36__1424/Z
 bgc_12.lfsr_col._37_/Z
 bgc_12.lfsr_col._37__1425/Z
 bgc_12.lfsr_col._38_/Z
 bgc_12.lfsr_col._38__1426/Z
 bgc_12.lfsr_col._39_/Z
 bgc_12.lfsr_col._39__752/ZN
 bgc_12.lfsr_col._40_/Z
 bgc_12.lfsr_col._40__753/ZN
 bgc_12.lfsr_col._41_/Z
 bgc_12.lfsr_col._42_/Z
 bgc_12.lfsr_col._43_/Z
 bgc_12.lfsr_col._44_/Z
 bgc_12.lfsr_col._44__754/ZN
 bgc_12.lfsr_col._45_/Z
 bgc_12.lfsr_col._45__755/ZN
 bgc_12.lfsr_col._46_/Z
 bgc_12.lfsr_col._46__1427/Z
 bgc_12.lfsr_col._47_/Z
 bgc_12.lfsr_col._47__1428/Z
 bgc_12.lfsr_col._48_/Z
 bgc_12.lfsr_col._48__1429/Z
 bgc_12.lfsr_col._49_/Z
 bgc_12.lfsr_col._49__1430/Z
 bgc_12.lfsr_col._50_/Z
 bgc_12.lfsr_col._50__1431/Z
 bgc_12.lfsr_col._51_/Z
 bgc_12.lfsr_col._51__756/ZN
 bgc_12.lfsr_col._52_/Z
 bgc_12.lfsr_col._52__757/ZN
 bgc_12.lfsr_col._53_/Z
 bgc_12.lfsr_col._53__758/ZN
 bgc_12.lfsr_col._54_/Z
 bgc_12.lfsr_col._54__759/ZN
 bgc_12.lfsr_col._55_/Z
 bgc_12.lfsr_col._55__1432/Z
 bgc_12.lfsr_col._56_/Z
 bgc_12.lfsr_col._57_/Z
 bgc_12.lfsr_col._58_/Z
 bgc_12.lfsr_col._59_/Z
 bgc_12.lfsr_col._60_/Z
 bgc_12.lfsr_col._61_/Z
 bgc_12.lfsr_col._62_/Z
 bgc_12.lfsr_col._63_/Z
 bgc_12.lfsr_col._64_/Z
 bgc_12.lfsr_col._65_/Z
 bgc_12.lfsr_col._66_/ZN
 bgc_12.lfsr_col._66__760/ZN
 bgc_12.lfsr_col._67_/ZN
 bgc_12.lfsr_col._67__761/ZN
 bgc_12.lfsr_col._68_/ZN
 bgc_12.lfsr_col._68__1433/Z
 bgc_12.lfsr_col._69_/ZN
 bgc_12.lfsr_col._69__1434/Z
 bgc_12.lfsr_col._70_/ZN
 bgc_12.lfsr_col._70__1435/Z
 bgc_12.lfsr_col._71_/ZN
 bgc_12.lfsr_col._71__1436/Z
 bgc_12.lfsr_col._72_/ZN
 bgc_12.lfsr_col._72__1437/Z
 bgc_12.lfsr_col._73_/ZN
 bgc_12.lfsr_col._73__763/ZN
 bgc_12.lfsr_col._74_/ZN
 bgc_12.lfsr_col._74__764/ZN
 bgc_12.lfsr_col._75_/ZN
 bgc_12.lfsr_col._75__765/ZN
 bgc_12.lfsr_col._76_/ZN
 bgc_12.lfsr_col._76__766/ZN
 bgc_12.lfsr_col._77_/Q
 bgc_12.lfsr_col._78_/Q
 bgc_12.lfsr_col._79_/Q
 bgc_12.lfsr_col._80_/Q
 bgc_12.lfsr_col._81_/Q
 bgc_12.lfsr_col._82_/Q
 bgc_12.lfsr_col._83_/Q
 bgc_12.lfsr_col._84_/Q
 bgc_12.lfsr_col._85_/Q
 bgc_12.lfsr_col._86_/Q
 bgc_12.lfsr_col._87_/Q
 bgc_12.lfsr_col._88_/Q
 bgc_12.lfsr_row._27_/ZN
 bgc_12.lfsr_row._28_/ZN
 bgc_12.lfsr_row._28__767/ZN
 bgc_12.lfsr_row._29_/Z
 bgc_12.lfsr_row._29__768/ZN
 bgc_12.lfsr_row._30_/Z
 bgc_12.lfsr_row._30__1438/Z
 bgc_12.lfsr_row._31_/Z
 bgc_12.lfsr_row._31__769/ZN
 bgc_12.lfsr_row._32_/Z
 bgc_12.lfsr_row._32__1439/Z
 bgc_12.lfsr_row._33_/Z
 bgc_12.lfsr_row._33__770/ZN
 bgc_12.lfsr_row._34_/Z
 bgc_12.lfsr_row._34__1440/Z
 bgc_12.lfsr_row._35_/Z
 bgc_12.lfsr_row._35__1441/Z
 bgc_12.lfsr_row._36_/Z
 bgc_12.lfsr_row._36__1442/Z
 bgc_12.lfsr_row._37_/Z
 bgc_12.lfsr_row._37__772/ZN
 bgc_12.lfsr_row._38_/Z
 bgc_12.lfsr_row._38__1443/Z
 bgc_12.lfsr_row._39_/Z
 bgc_12.lfsr_row._39__773/ZN
 bgc_12.lfsr_row._40_/Z
 bgc_12.lfsr_row._40__774/ZN
 bgc_12.lfsr_row._41_/Z
 bgc_12.lfsr_row._42_/Z
 bgc_12.lfsr_row._43_/Z
 bgc_12.lfsr_row._44_/Z
 bgc_12.lfsr_row._44__775/ZN
 bgc_12.lfsr_row._45_/Z
 bgc_12.lfsr_row._45__776/ZN
 bgc_12.lfsr_row._46_/Z
 bgc_12.lfsr_row._46__1444/Z
 bgc_12.lfsr_row._47_/Z
 bgc_12.lfsr_row._47__778/ZN
 bgc_12.lfsr_row._48_/Z
 bgc_12.lfsr_row._48__1445/Z
 bgc_12.lfsr_row._49_/Z
 bgc_12.lfsr_row._49__1446/Z
 bgc_12.lfsr_row._50_/Z
 bgc_12.lfsr_row._50__1447/Z
 bgc_12.lfsr_row._51_/Z
 bgc_12.lfsr_row._51__779/ZN
 bgc_12.lfsr_row._52_/Z
 bgc_12.lfsr_row._52__1448/Z
 bgc_12.lfsr_row._53_/Z
 bgc_12.lfsr_row._53__780/ZN
 bgc_12.lfsr_row._54_/Z
 bgc_12.lfsr_row._54__1449/Z
 bgc_12.lfsr_row._55_/Z
 bgc_12.lfsr_row._55__781/ZN
 bgc_12.lfsr_row._56_/Z
 bgc_12.lfsr_row._57_/Z
 bgc_12.lfsr_row._58_/Z
 bgc_12.lfsr_row._59_/Z
 bgc_12.lfsr_row._60_/Z
 bgc_12.lfsr_row._61_/Z
 bgc_12.lfsr_row._62_/Z
 bgc_12.lfsr_row._63_/Z
 bgc_12.lfsr_row._64_/Z
 bgc_12.lfsr_row._65_/Z
 bgc_12.lfsr_row._66_/ZN
 bgc_12.lfsr_row._66__782/ZN
 bgc_12.lfsr_row._67_/ZN
 bgc_12.lfsr_row._67__784/ZN
 bgc_12.lfsr_row._68_/ZN
 bgc_12.lfsr_row._68__1450/Z
 bgc_12.lfsr_row._69_/ZN
 bgc_12.lfsr_row._69__785/ZN
 bgc_12.lfsr_row._70_/ZN
 bgc_12.lfsr_row._70__1451/Z
 bgc_12.lfsr_row._71_/ZN
 bgc_12.lfsr_row._71__1452/Z
 bgc_12.lfsr_row._72_/ZN
 bgc_12.lfsr_row._72__1453/Z
 bgc_12.lfsr_row._73_/ZN
 bgc_12.lfsr_row._73__786/ZN
 bgc_12.lfsr_row._74_/ZN
 bgc_12.lfsr_row._74__1454/Z
 bgc_12.lfsr_row._75_/ZN
 bgc_12.lfsr_row._75__787/ZN
 bgc_12.lfsr_row._76_/ZN
 bgc_12.lfsr_row._76__1455/Z
 bgc_12.lfsr_row._77_/Q
 bgc_12.lfsr_row._78_/Q
 bgc_12.lfsr_row._79_/Q
 bgc_12.lfsr_row._80_/Q
 bgc_12.lfsr_row._81_/Q
 bgc_12.lfsr_row._82_/Q
 bgc_12.lfsr_row._83_/Q
 bgc_12.lfsr_row._84_/Q
 bgc_12.lfsr_row._85_/Q
 bgc_12.lfsr_row._86_/Q
 bgc_12.lfsr_row._87_/Q
 bgc_12.lfsr_row._88_/Q
 bgc_12.row_reg._053_/ZN
 bgc_12.row_reg._054_/ZN
 bgc_12.row_reg._055_/ZN
 bgc_12.row_reg._056_/ZN
 bgc_12.row_reg._056__789/ZN
 bgc_12.row_reg._057_/ZN
 bgc_12.row_reg._058_/ZN
 bgc_12.row_reg._058__790/ZN
 bgc_12.row_reg._059_/ZN
 bgc_12.row_reg._060_/ZN
 bgc_12.row_reg._060__791/ZN
 bgc_12.row_reg._061_/ZN
 bgc_12.row_reg._062_/ZN
 bgc_12.row_reg._062__792/ZN
 bgc_12.row_reg._063_/ZN
 bgc_12.row_reg._064_/ZN
 bgc_12.row_reg._064__793/ZN
 bgc_12.row_reg._065_/ZN
 bgc_12.row_reg._066_/ZN
 bgc_12.row_reg._066__794/ZN
 bgc_12.row_reg._067_/ZN
 bgc_12.row_reg._068_/ZN
 bgc_12.row_reg._068__795/ZN
 bgc_12.row_reg._069_/ZN
 bgc_12.row_reg._070_/ZN
 bgc_12.row_reg._070__796/ZN
 bgc_12.row_reg._071_/ZN
 bgc_12.row_reg._072_/ZN
 bgc_12.row_reg._072__797/ZN
 bgc_12.row_reg._073_/ZN
 bgc_12.row_reg._074_/ZN
 bgc_12.row_reg._074__798/ZN
 bgc_12.row_reg._075_/ZN
 bgc_12.row_reg._076_/ZN
 bgc_12.row_reg._076__799/ZN
 bgc_12.row_reg._077_/ZN
 bgc_12.row_reg._078_/ZN
 bgc_12.row_reg._078__800/ZN
 bgc_12.row_reg._079_/ZN
 bgc_12.row_reg._080_/Z
 bgc_12.row_reg._081_/ZN
 bgc_12.row_reg._082_/ZN
 bgc_12.row_reg._083_/ZN
 bgc_12.row_reg._084_/ZN
 bgc_12.row_reg._085_/ZN
 bgc_12.row_reg._086_/ZN
 bgc_12.row_reg._087_/ZN
 bgc_12.row_reg._088_/ZN
 bgc_12.row_reg._089_/ZN
 bgc_12.row_reg._090_/ZN
 bgc_12.row_reg._091_/ZN
 bgc_12.row_reg._092_/ZN
 bgc_12.row_reg._093_/ZN
 bgc_12.row_reg._094_/ZN
 bgc_12.row_reg._095_/ZN
 bgc_12.row_reg._096_/ZN
 bgc_12.row_reg._097_/ZN
 bgc_12.row_reg._098_/ZN
 bgc_12.row_reg._099_/ZN
 bgc_12.row_reg._100_/ZN
 bgc_12.row_reg._101_/ZN
 bgc_12.row_reg._102_/ZN
 bgc_12.row_reg._103_/ZN
 bgc_12.row_reg._104_/ZN
 bgc_12.row_reg._105_/ZN
 bgc_12.row_reg._106_/ZN
 bgc_12.row_reg._107_/ZN
 bgc_12.row_reg._108_/ZN
 bgc_12.row_reg._109_/ZN
 bgc_12.row_reg._110_/ZN
 bgc_12.row_reg._111_/ZN
 bgc_12.row_reg._112_/ZN
 bgc_12.row_reg._113_/ZN
 bgc_12.row_reg._114_/ZN
 bgc_12.row_reg._115_/ZN
 bgc_12.row_reg._116_/ZN
 bgc_12.row_reg._117_/Q
 bgc_12.row_reg._118_/Q
 bgc_12.row_reg._119_/Q
 bgc_12.row_reg._120_/Q
 bgc_12.row_reg._121_/Q
 bgc_12.row_reg._122_/Q
 bgc_12.row_reg._123_/Q
 bgc_12.row_reg._124_/Q
 bgc_12.row_reg._125_/Q
 bgc_12.row_reg._126_/Q
 bgc_12.row_reg._127_/Q
 bgc_12.row_reg._128_/Q
 bgc_13._05_/ZN
 bgc_13._06_/ZN
 bgc_13._07_/ZN
 bgc_13._07__801/ZN
 bgc_13._08_/ZN
 bgc_13._09_/Z
 bgc_13._10_/ZN
 bgc_13._11_/Z
 bgc_13._11__802/ZN
 bgc_13._12_/Z
 bgc_13._13_/Z
 bgc_13._14_/Z
 bgc_13._15_/Z
 bgc_13._16_/Z
 bgc_13._17_/Z
 bgc_13._18_/Z
 bgc_13._19_/Z
 bgc_13._20_/Z
 bgc_13._21_/Z
 bgc_13._22_/Z
 bgc_13._23_/Z
 bgc_13._24_/ZN
 bgc_13._25_/ZN
 bgc_13.col_reg._053_/ZN
 bgc_13.col_reg._054_/ZN
 bgc_13.col_reg._055_/ZN
 bgc_13.col_reg._056_/ZN
 bgc_13.col_reg._057_/ZN
 bgc_13.col_reg._058_/ZN
 bgc_13.col_reg._059_/ZN
 bgc_13.col_reg._060_/ZN
 bgc_13.col_reg._061_/ZN
 bgc_13.col_reg._062_/ZN
 bgc_13.col_reg._063_/ZN
 bgc_13.col_reg._064_/ZN
 bgc_13.col_reg._065_/ZN
 bgc_13.col_reg._066_/ZN
 bgc_13.col_reg._067_/ZN
 bgc_13.col_reg._068_/ZN
 bgc_13.col_reg._069_/ZN
 bgc_13.col_reg._070_/ZN
 bgc_13.col_reg._071_/ZN
 bgc_13.col_reg._072_/ZN
 bgc_13.col_reg._073_/ZN
 bgc_13.col_reg._074_/ZN
 bgc_13.col_reg._075_/ZN
 bgc_13.col_reg._076_/ZN
 bgc_13.col_reg._077_/ZN
 bgc_13.col_reg._078_/ZN
 bgc_13.col_reg._079_/ZN
 bgc_13.col_reg._080_/Z
 bgc_13.col_reg._081_/ZN
 bgc_13.col_reg._082_/ZN
 bgc_13.col_reg._083_/ZN
 bgc_13.col_reg._084_/ZN
 bgc_13.col_reg._085_/ZN
 bgc_13.col_reg._086_/ZN
 bgc_13.col_reg._087_/ZN
 bgc_13.col_reg._088_/ZN
 bgc_13.col_reg._089_/ZN
 bgc_13.col_reg._090_/ZN
 bgc_13.col_reg._091_/ZN
 bgc_13.col_reg._092_/ZN
 bgc_13.col_reg._093_/ZN
 bgc_13.col_reg._094_/ZN
 bgc_13.col_reg._095_/ZN
 bgc_13.col_reg._096_/ZN
 bgc_13.col_reg._097_/ZN
 bgc_13.col_reg._098_/ZN
 bgc_13.col_reg._099_/ZN
 bgc_13.col_reg._100_/ZN
 bgc_13.col_reg._101_/ZN
 bgc_13.col_reg._102_/ZN
 bgc_13.col_reg._103_/ZN
 bgc_13.col_reg._104_/ZN
 bgc_13.col_reg._105_/ZN
 bgc_13.col_reg._106_/ZN
 bgc_13.col_reg._107_/ZN
 bgc_13.col_reg._108_/ZN
 bgc_13.col_reg._109_/ZN
 bgc_13.col_reg._110_/ZN
 bgc_13.col_reg._111_/ZN
 bgc_13.col_reg._112_/ZN
 bgc_13.col_reg._113_/ZN
 bgc_13.col_reg._114_/ZN
 bgc_13.col_reg._115_/ZN
 bgc_13.col_reg._116_/ZN
 bgc_13.col_reg._117_/Q
 bgc_13.col_reg._118_/Q
 bgc_13.col_reg._119_/Q
 bgc_13.col_reg._120_/Q
 bgc_13.col_reg._121_/Q
 bgc_13.col_reg._122_/Q
 bgc_13.col_reg._123_/Q
 bgc_13.col_reg._124_/Q
 bgc_13.col_reg._125_/Q
 bgc_13.col_reg._126_/Q
 bgc_13.col_reg._127_/Q
 bgc_13.col_reg._128_/Q
 bgc_13.comp_col._20_/ZN
 bgc_13.comp_col._21_/ZN
 bgc_13.comp_col._22_/ZN
 bgc_13.comp_col._23_/ZN
 bgc_13.comp_col._24_/ZN
 bgc_13.comp_col._25_/ZN
 bgc_13.comp_col._26_/ZN
 bgc_13.comp_col._27_/ZN
 bgc_13.comp_col._28_/ZN
 bgc_13.comp_col._29_/ZN
 bgc_13.comp_col._30_/ZN
 bgc_13.comp_col._31_/ZN
 bgc_13.comp_col._32_/ZN
 bgc_13.comp_col._33_/ZN
 bgc_13.comp_col._34_/ZN
 bgc_13.comp_col._35_/ZN
 bgc_13.comp_col._36_/ZN
 bgc_13.comp_col._37_/ZN
 bgc_13.comp_col._38_/ZN
 bgc_13.comp_col._39_/ZN
 bgc_13.comp_col._40_/ZN
 bgc_13.comp_col._41_/ZN
 bgc_13.comp_col._42_/ZN
 bgc_13.comp_col._43_/ZN
 bgc_13.comp_col._44_/ZN
 bgc_13.comp_col._45_/ZN
 bgc_13.comp_col._46_/ZN
 bgc_13.comp_col._47_/ZN
 bgc_13.comp_col._48_/Z
 bgc_13.comp_col._49_/Z
 bgc_13.comp_col._50_/Z
 bgc_13.comp_col._51_/Z
 bgc_13.comp_col._52_/Z
 bgc_13.comp_col._53_/Z
 bgc_13.comp_col._54_/Z
 bgc_13.comp_col._55_/Z
 bgc_13.comp_col._56_/Z
 bgc_13.comp_col._57_/Z
 bgc_13.comp_col._58_/Z
 bgc_13.comp_col._59_/Z
 bgc_13.comp_col._60_/ZN
 bgc_13.comp_col._61_/ZN
 bgc_13.comp_col._62_/ZN
 bgc_13.comp_col._63_/ZN
 bgc_13.comp_col._64_/ZN
 bgc_13.comp_col.pe1._18_/ZN
 bgc_13.comp_col.pe1._19_/ZN
 bgc_13.comp_col.pe1._20_/ZN
 bgc_13.comp_col.pe1._21_/ZN
 bgc_13.comp_col.pe1._22_/ZN
 bgc_13.comp_col.pe1._23_/ZN
 bgc_13.comp_col.pe1._24_/ZN
 bgc_13.comp_col.pe1._25_/ZN
 bgc_13.comp_col.pe1._26_/ZN
 bgc_13.comp_col.pe1._27_/ZN
 bgc_13.comp_col.pe1._28_/ZN
 bgc_13.comp_col.pe1._29_/ZN
 bgc_13.comp_col.pe1._30_/ZN
 bgc_13.comp_col.pe1._31_/ZN
 bgc_13.comp_col.pe1._32_/ZN
 bgc_13.comp_col.pe1._33_/ZN
 bgc_13.comp_col.pe1._34_/ZN
 bgc_13.comp_col.pe1._35_/ZN
 bgc_13.comp_col.pe1._36_/ZN
 bgc_13.comp_col.pe1._37_/ZN
 bgc_13.comp_col.pe1._38_/ZN
 bgc_13.comp_col.pe1._39_/ZN
 bgc_13.comp_col.pe2._18_/ZN
 bgc_13.comp_col.pe2._19_/ZN
 bgc_13.comp_col.pe2._20_/ZN
 bgc_13.comp_col.pe2._21_/ZN
 bgc_13.comp_col.pe2._22_/ZN
 bgc_13.comp_col.pe2._23_/ZN
 bgc_13.comp_col.pe2._24_/ZN
 bgc_13.comp_col.pe2._25_/ZN
 bgc_13.comp_col.pe2._26_/ZN
 bgc_13.comp_col.pe2._27_/ZN
 bgc_13.comp_col.pe2._28_/ZN
 bgc_13.comp_col.pe2._29_/ZN
 bgc_13.comp_col.pe2._30_/ZN
 bgc_13.comp_col.pe2._31_/ZN
 bgc_13.comp_col.pe2._32_/ZN
 bgc_13.comp_col.pe2._33_/ZN
 bgc_13.comp_col.pe2._34_/ZN
 bgc_13.comp_col.pe2._35_/ZN
 bgc_13.comp_col.pe2._36_/ZN
 bgc_13.comp_col.pe2._37_/ZN
 bgc_13.comp_col.pe2._38_/ZN
 bgc_13.comp_col.pe2._39_/ZN
 bgc_13.comp_row._20_/ZN
 bgc_13.comp_row._21_/ZN
 bgc_13.comp_row._22_/ZN
 bgc_13.comp_row._23_/ZN
 bgc_13.comp_row._24_/ZN
 bgc_13.comp_row._25_/ZN
 bgc_13.comp_row._26_/ZN
 bgc_13.comp_row._27_/ZN
 bgc_13.comp_row._28_/ZN
 bgc_13.comp_row._29_/ZN
 bgc_13.comp_row._30_/ZN
 bgc_13.comp_row._31_/ZN
 bgc_13.comp_row._32_/ZN
 bgc_13.comp_row._33_/ZN
 bgc_13.comp_row._34_/ZN
 bgc_13.comp_row._35_/ZN
 bgc_13.comp_row._36_/ZN
 bgc_13.comp_row._37_/ZN
 bgc_13.comp_row._38_/ZN
 bgc_13.comp_row._39_/ZN
 bgc_13.comp_row._40_/ZN
 bgc_13.comp_row._41_/ZN
 bgc_13.comp_row._42_/ZN
 bgc_13.comp_row._43_/ZN
 bgc_13.comp_row._44_/ZN
 bgc_13.comp_row._45_/ZN
 bgc_13.comp_row._46_/ZN
 bgc_13.comp_row._47_/ZN
 bgc_13.comp_row._48_/Z
 bgc_13.comp_row._49_/Z
 bgc_13.comp_row._50_/Z
 bgc_13.comp_row._51_/Z
 bgc_13.comp_row._52_/Z
 bgc_13.comp_row._53_/Z
 bgc_13.comp_row._54_/Z
 bgc_13.comp_row._55_/Z
 bgc_13.comp_row._56_/Z
 bgc_13.comp_row._57_/Z
 bgc_13.comp_row._58_/Z
 bgc_13.comp_row._59_/Z
 bgc_13.comp_row._60_/ZN
 bgc_13.comp_row._61_/ZN
 bgc_13.comp_row._62_/ZN
 bgc_13.comp_row._63_/ZN
 bgc_13.comp_row._64_/ZN
 bgc_13.comp_row.pe1._18_/ZN
 bgc_13.comp_row.pe1._19_/ZN
 bgc_13.comp_row.pe1._20_/ZN
 bgc_13.comp_row.pe1._21_/ZN
 bgc_13.comp_row.pe1._22_/ZN
 bgc_13.comp_row.pe1._23_/ZN
 bgc_13.comp_row.pe1._24_/ZN
 bgc_13.comp_row.pe1._25_/ZN
 bgc_13.comp_row.pe1._26_/ZN
 bgc_13.comp_row.pe1._27_/ZN
 bgc_13.comp_row.pe1._28_/ZN
 bgc_13.comp_row.pe1._29_/ZN
 bgc_13.comp_row.pe1._30_/ZN
 bgc_13.comp_row.pe1._31_/ZN
 bgc_13.comp_row.pe1._32_/ZN
 bgc_13.comp_row.pe1._33_/ZN
 bgc_13.comp_row.pe1._34_/ZN
 bgc_13.comp_row.pe1._35_/ZN
 bgc_13.comp_row.pe1._36_/ZN
 bgc_13.comp_row.pe1._37_/ZN
 bgc_13.comp_row.pe1._38_/ZN
 bgc_13.comp_row.pe1._39_/ZN
 bgc_13.comp_row.pe2._18_/ZN
 bgc_13.comp_row.pe2._19_/ZN
 bgc_13.comp_row.pe2._20_/ZN
 bgc_13.comp_row.pe2._21_/ZN
 bgc_13.comp_row.pe2._22_/ZN
 bgc_13.comp_row.pe2._23_/ZN
 bgc_13.comp_row.pe2._24_/ZN
 bgc_13.comp_row.pe2._25_/ZN
 bgc_13.comp_row.pe2._26_/ZN
 bgc_13.comp_row.pe2._27_/ZN
 bgc_13.comp_row.pe2._28_/ZN
 bgc_13.comp_row.pe2._29_/ZN
 bgc_13.comp_row.pe2._30_/ZN
 bgc_13.comp_row.pe2._31_/ZN
 bgc_13.comp_row.pe2._32_/ZN
 bgc_13.comp_row.pe2._33_/ZN
 bgc_13.comp_row.pe2._34_/ZN
 bgc_13.comp_row.pe2._35_/ZN
 bgc_13.comp_row.pe2._36_/ZN
 bgc_13.comp_row.pe2._37_/ZN
 bgc_13.comp_row.pe2._38_/ZN
 bgc_13.comp_row.pe2._39_/ZN
 bgc_13.final_counter._29_/ZN
 bgc_13.final_counter._30_/ZN
 bgc_13.final_counter._31_/ZN
 bgc_13.final_counter._32_/ZN
 bgc_13.final_counter._33_/ZN
 bgc_13.final_counter._34_/ZN
 bgc_13.final_counter._35_/ZN
 bgc_13.final_counter._36_/ZN
 bgc_13.final_counter._37_/ZN
 bgc_13.final_counter._38_/ZN
 bgc_13.final_counter._39_/Z
 bgc_13.final_counter._40_/ZN
 bgc_13.final_counter._41_/ZN
 bgc_13.final_counter._42_/ZN
 bgc_13.final_counter._43_/Z
 bgc_13.final_counter._44_/ZN
 bgc_13.final_counter._45_/ZN
 bgc_13.final_counter._46_/Z
 bgc_13.final_counter._47_/ZN
 bgc_13.final_counter._48_/ZN
 bgc_13.final_counter._49_/Z
 bgc_13.final_counter._50_/ZN
 bgc_13.final_counter._51_/ZN
 bgc_13.final_counter._52_/ZN
 bgc_13.final_counter._53_/ZN
 bgc_13.final_counter._54_/Z
 bgc_13.final_counter._55_/ZN
 bgc_13.final_counter._56_/ZN
 bgc_13.final_counter._57_/Z
 bgc_13.final_counter._58_/ZN
 bgc_13.final_counter._59_/ZN
 bgc_13.final_counter._60_/ZN
 bgc_13.final_counter._61_/ZN
 bgc_13.final_counter._62_/ZN
 bgc_13.final_counter._63_/ZN
 bgc_13.final_counter._64_/ZN
 bgc_13.final_counter._65_/ZN
 bgc_13.final_counter._66_/ZN
 bgc_13.final_counter._67_/Z
 bgc_13.final_counter._68_/ZN
 bgc_13.final_counter._69_/Q
 bgc_13.final_counter._70_/Q
 bgc_13.final_counter._71_/Q
 bgc_13.final_counter._72_/Q
 bgc_13.final_counter._73_/Q
 bgc_13.final_counter._74_/Q
 bgc_13.final_counter._75_/Q
 bgc_13.final_counter._76_/Q
 bgc_13.final_counter._77_/Q
 bgc_13.final_counter._78_/Q
 bgc_13.final_counter._79_/Q
 bgc_13.final_counter._80_/Q
 bgc_13.lfsr_col._27_/ZN
 bgc_13.lfsr_col._28_/ZN
 bgc_13.lfsr_col._28__803/ZN
 bgc_13.lfsr_col._29_/Z
 bgc_13.lfsr_col._29__804/ZN
 bgc_13.lfsr_col._30_/Z
 bgc_13.lfsr_col._30__805/ZN
 bgc_13.lfsr_col._31_/Z
 bgc_13.lfsr_col._31__806/ZN
 bgc_13.lfsr_col._32_/Z
 bgc_13.lfsr_col._32__1457/Z
 bgc_13.lfsr_col._33_/Z
 bgc_13.lfsr_col._33__807/ZN
 bgc_13.lfsr_col._34_/Z
 bgc_13.lfsr_col._34__1459/Z
 bgc_13.lfsr_col._35_/Z
 bgc_13.lfsr_col._35__1460/Z
 bgc_13.lfsr_col._36_/Z
 bgc_13.lfsr_col._36__1461/Z
 bgc_13.lfsr_col._37_/Z
 bgc_13.lfsr_col._37__808/ZN
 bgc_13.lfsr_col._38_/Z
 bgc_13.lfsr_col._38__1462/Z
 bgc_13.lfsr_col._39_/Z
 bgc_13.lfsr_col._39__809/ZN
 bgc_13.lfsr_col._40_/Z
 bgc_13.lfsr_col._40__810/ZN
 bgc_13.lfsr_col._41_/Z
 bgc_13.lfsr_col._42_/Z
 bgc_13.lfsr_col._43_/Z
 bgc_13.lfsr_col._44_/Z
 bgc_13.lfsr_col._44__811/ZN
 bgc_13.lfsr_col._45_/Z
 bgc_13.lfsr_col._45__812/ZN
 bgc_13.lfsr_col._46_/Z
 bgc_13.lfsr_col._46__1463/Z
 bgc_13.lfsr_col._47_/Z
 bgc_13.lfsr_col._47__814/ZN
 bgc_13.lfsr_col._48_/Z
 bgc_13.lfsr_col._48__1464/Z
 bgc_13.lfsr_col._49_/Z
 bgc_13.lfsr_col._49__1465/Z
 bgc_13.lfsr_col._50_/Z
 bgc_13.lfsr_col._50__1466/Z
 bgc_13.lfsr_col._51_/Z
 bgc_13.lfsr_col._51__815/ZN
 bgc_13.lfsr_col._52_/Z
 bgc_13.lfsr_col._52__1467/Z
 bgc_13.lfsr_col._53_/Z
 bgc_13.lfsr_col._53__816/ZN
 bgc_13.lfsr_col._54_/Z
 bgc_13.lfsr_col._54__817/ZN
 bgc_13.lfsr_col._55_/Z
 bgc_13.lfsr_col._55__818/ZN
 bgc_13.lfsr_col._56_/Z
 bgc_13.lfsr_col._57_/Z
 bgc_13.lfsr_col._58_/Z
 bgc_13.lfsr_col._59_/Z
 bgc_13.lfsr_col._60_/Z
 bgc_13.lfsr_col._61_/Z
 bgc_13.lfsr_col._62_/Z
 bgc_13.lfsr_col._63_/Z
 bgc_13.lfsr_col._64_/Z
 bgc_13.lfsr_col._65_/Z
 bgc_13.lfsr_col._66_/ZN
 bgc_13.lfsr_col._66__819/ZN
 bgc_13.lfsr_col._67_/ZN
 bgc_13.lfsr_col._67__77/ZN
 bgc_13.lfsr_col._68_/ZN
 bgc_13.lfsr_col._68__820/Z
 bgc_13.lfsr_col._69_/ZN
 bgc_13.lfsr_col._69__78/ZN
 bgc_13.lfsr_col._70_/ZN
 bgc_13.lfsr_col._70__821/Z
 bgc_13.lfsr_col._71_/ZN
 bgc_13.lfsr_col._71__822/Z
 bgc_13.lfsr_col._72_/ZN
 bgc_13.lfsr_col._72__823/Z
 bgc_13.lfsr_col._73_/ZN
 bgc_13.lfsr_col._73__79/ZN
 bgc_13.lfsr_col._74_/ZN
 bgc_13.lfsr_col._74__824/Z
 bgc_13.lfsr_col._75_/ZN
 bgc_13.lfsr_col._75__80/ZN
 bgc_13.lfsr_col._76_/ZN
 bgc_13.lfsr_col._76__81/ZN
 bgc_13.lfsr_col._77_/Q
 bgc_13.lfsr_col._78_/Q
 bgc_13.lfsr_col._79_/Q
 bgc_13.lfsr_col._80_/Q
 bgc_13.lfsr_col._81_/Q
 bgc_13.lfsr_col._82_/Q
 bgc_13.lfsr_col._83_/Q
 bgc_13.lfsr_col._84_/Q
 bgc_13.lfsr_col._85_/Q
 bgc_13.lfsr_col._86_/Q
 bgc_13.lfsr_col._87_/Q
 bgc_13.lfsr_col._88_/Q
 bgc_13.lfsr_row._27_/ZN
 bgc_13.lfsr_row._28_/ZN
 bgc_13.lfsr_row._28__82/ZN
 bgc_13.lfsr_row._29_/Z
 bgc_13.lfsr_row._29__83/ZN
 bgc_13.lfsr_row._30_/Z
 bgc_13.lfsr_row._30__826/Z
 bgc_13.lfsr_row._31_/Z
 bgc_13.lfsr_row._31__84/ZN
 bgc_13.lfsr_row._32_/Z
 bgc_13.lfsr_row._32__827/Z
 bgc_13.lfsr_row._33_/Z
 bgc_13.lfsr_row._33__85/ZN
 bgc_13.lfsr_row._34_/Z
 bgc_13.lfsr_row._34__828/Z
 bgc_13.lfsr_row._35_/Z
 bgc_13.lfsr_row._35__86/ZN
 bgc_13.lfsr_row._36_/Z
 bgc_13.lfsr_row._36__829/Z
 bgc_13.lfsr_row._37_/Z
 bgc_13.lfsr_row._37__87/ZN
 bgc_13.lfsr_row._38_/Z
 bgc_13.lfsr_row._38__831/Z
 bgc_13.lfsr_row._39_/Z
 bgc_13.lfsr_row._39__88/ZN
 bgc_13.lfsr_row._40_/Z
 bgc_13.lfsr_row._40__832/Z
 bgc_13.lfsr_row._41_/Z
 bgc_13.lfsr_row._42_/Z
 bgc_13.lfsr_row._43_/Z
 bgc_13.lfsr_row._44_/Z
 bgc_13.lfsr_row._44__833/Z
 bgc_13.lfsr_row._45_/Z
 bgc_13.lfsr_row._45__89/ZN
 bgc_13.lfsr_row._46_/Z
 bgc_13.lfsr_row._46__834/Z
 bgc_13.lfsr_row._47_/Z
 bgc_13.lfsr_row._47__90/ZN
 bgc_13.lfsr_row._48_/Z
 bgc_13.lfsr_row._48__835/Z
 bgc_13.lfsr_row._49_/Z
 bgc_13.lfsr_row._49__91/ZN
 bgc_13.lfsr_row._50_/Z
 bgc_13.lfsr_row._50__836/Z
 bgc_13.lfsr_row._51_/Z
 bgc_13.lfsr_row._51__92/ZN
 bgc_13.lfsr_row._52_/Z
 bgc_13.lfsr_row._52__838/Z
 bgc_13.lfsr_row._53_/Z
 bgc_13.lfsr_row._53__93/ZN
 bgc_13.lfsr_row._54_/Z
 bgc_13.lfsr_row._54__839/Z
 bgc_13.lfsr_row._55_/Z
 bgc_13.lfsr_row._55__94/ZN
 bgc_13.lfsr_row._56_/Z
 bgc_13.lfsr_row._57_/Z
 bgc_13.lfsr_row._58_/Z
 bgc_13.lfsr_row._59_/Z
 bgc_13.lfsr_row._60_/Z
 bgc_13.lfsr_row._61_/Z
 bgc_13.lfsr_row._62_/Z
 bgc_13.lfsr_row._63_/Z
 bgc_13.lfsr_row._64_/Z
 bgc_13.lfsr_row._65_/Z
 bgc_13.lfsr_row._66_/ZN
 bgc_13.lfsr_row._66__840/Z
 bgc_13.lfsr_row._67_/ZN
 bgc_13.lfsr_row._67__95/ZN
 bgc_13.lfsr_row._68_/ZN
 bgc_13.lfsr_row._68__841/Z
 bgc_13.lfsr_row._69_/ZN
 bgc_13.lfsr_row._69__96/ZN
 bgc_13.lfsr_row._70_/ZN
 bgc_13.lfsr_row._70__842/Z
 bgc_13.lfsr_row._71_/ZN
 bgc_13.lfsr_row._71__98/ZN
 bgc_13.lfsr_row._72_/ZN
 bgc_13.lfsr_row._72__843/Z
 bgc_13.lfsr_row._73_/ZN
 bgc_13.lfsr_row._73__99/ZN
 bgc_13.lfsr_row._74_/ZN
 bgc_13.lfsr_row._74__844/Z
 bgc_13.lfsr_row._75_/ZN
 bgc_13.lfsr_row._75__100/ZN
 bgc_13.lfsr_row._76_/ZN
 bgc_13.lfsr_row._76__845/Z
 bgc_13.lfsr_row._77_/Q
 bgc_13.lfsr_row._78_/Q
 bgc_13.lfsr_row._79_/Q
 bgc_13.lfsr_row._80_/Q
 bgc_13.lfsr_row._81_/Q
 bgc_13.lfsr_row._82_/Q
 bgc_13.lfsr_row._83_/Q
 bgc_13.lfsr_row._84_/Q
 bgc_13.lfsr_row._85_/Q
 bgc_13.lfsr_row._86_/Q
 bgc_13.lfsr_row._87_/Q
 bgc_13.lfsr_row._88_/Q
 bgc_13.row_reg._053_/ZN
 bgc_13.row_reg._054_/ZN
 bgc_13.row_reg._055_/ZN
 bgc_13.row_reg._056_/ZN
 bgc_13.row_reg._056__101/ZN
 bgc_13.row_reg._057_/ZN
 bgc_13.row_reg._058_/ZN
 bgc_13.row_reg._058__102/ZN
 bgc_13.row_reg._059_/ZN
 bgc_13.row_reg._060_/ZN
 bgc_13.row_reg._060__103/ZN
 bgc_13.row_reg._061_/ZN
 bgc_13.row_reg._062_/ZN
 bgc_13.row_reg._062__104/ZN
 bgc_13.row_reg._063_/ZN
 bgc_13.row_reg._064_/ZN
 bgc_13.row_reg._064__105/ZN
 bgc_13.row_reg._065_/ZN
 bgc_13.row_reg._066_/ZN
 bgc_13.row_reg._066__106/ZN
 bgc_13.row_reg._067_/ZN
 bgc_13.row_reg._068_/ZN
 bgc_13.row_reg._068__107/ZN
 bgc_13.row_reg._069_/ZN
 bgc_13.row_reg._070_/ZN
 bgc_13.row_reg._070__108/ZN
 bgc_13.row_reg._071_/ZN
 bgc_13.row_reg._072_/ZN
 bgc_13.row_reg._072__109/ZN
 bgc_13.row_reg._073_/ZN
 bgc_13.row_reg._074_/ZN
 bgc_13.row_reg._074__110/ZN
 bgc_13.row_reg._075_/ZN
 bgc_13.row_reg._076_/ZN
 bgc_13.row_reg._076__111/ZN
 bgc_13.row_reg._077_/ZN
 bgc_13.row_reg._078_/ZN
 bgc_13.row_reg._078__112/ZN
 bgc_13.row_reg._079_/ZN
 bgc_13.row_reg._080_/Z
 bgc_13.row_reg._081_/ZN
 bgc_13.row_reg._082_/ZN
 bgc_13.row_reg._083_/ZN
 bgc_13.row_reg._084_/ZN
 bgc_13.row_reg._085_/ZN
 bgc_13.row_reg._086_/ZN
 bgc_13.row_reg._087_/ZN
 bgc_13.row_reg._088_/ZN
 bgc_13.row_reg._089_/ZN
 bgc_13.row_reg._090_/ZN
 bgc_13.row_reg._091_/ZN
 bgc_13.row_reg._092_/ZN
 bgc_13.row_reg._093_/ZN
 bgc_13.row_reg._094_/ZN
 bgc_13.row_reg._095_/ZN
 bgc_13.row_reg._096_/ZN
 bgc_13.row_reg._097_/ZN
 bgc_13.row_reg._098_/ZN
 bgc_13.row_reg._099_/ZN
 bgc_13.row_reg._100_/ZN
 bgc_13.row_reg._101_/ZN
 bgc_13.row_reg._102_/ZN
 bgc_13.row_reg._103_/ZN
 bgc_13.row_reg._104_/ZN
 bgc_13.row_reg._105_/ZN
 bgc_13.row_reg._106_/ZN
 bgc_13.row_reg._107_/ZN
 bgc_13.row_reg._108_/ZN
 bgc_13.row_reg._109_/ZN
 bgc_13.row_reg._110_/ZN
 bgc_13.row_reg._111_/ZN
 bgc_13.row_reg._112_/ZN
 bgc_13.row_reg._113_/ZN
 bgc_13.row_reg._114_/ZN
 bgc_13.row_reg._115_/ZN
 bgc_13.row_reg._116_/ZN
 bgc_13.row_reg._117_/Q
 bgc_13.row_reg._118_/Q
 bgc_13.row_reg._119_/Q
 bgc_13.row_reg._120_/Q
 bgc_13.row_reg._121_/Q
 bgc_13.row_reg._122_/Q
 bgc_13.row_reg._123_/Q
 bgc_13.row_reg._124_/Q
 bgc_13.row_reg._125_/Q
 bgc_13.row_reg._126_/Q
 bgc_13.row_reg._127_/Q
 bgc_13.row_reg._128_/Q
 bgc_14._05_/ZN
 bgc_14._06_/ZN
 bgc_14._07_/ZN
 bgc_14._07__113/ZN
 bgc_14._08_/ZN
 bgc_14._09_/Z
 bgc_14._10_/ZN
 bgc_14._11_/Z
 bgc_14._11__114/ZN
 bgc_14._12_/Z
 bgc_14._13_/Z
 bgc_14._14_/Z
 bgc_14._15_/Z
 bgc_14._16_/Z
 bgc_14._17_/Z
 bgc_14._18_/Z
 bgc_14._19_/Z
 bgc_14._20_/Z
 bgc_14._21_/Z
 bgc_14._22_/Z
 bgc_14._23_/Z
 bgc_14._24_/ZN
 bgc_14._25_/ZN
 bgc_14.col_reg._053_/ZN
 bgc_14.col_reg._054_/ZN
 bgc_14.col_reg._055_/ZN
 bgc_14.col_reg._056_/ZN
 bgc_14.col_reg._057_/ZN
 bgc_14.col_reg._058_/ZN
 bgc_14.col_reg._059_/ZN
 bgc_14.col_reg._060_/ZN
 bgc_14.col_reg._061_/ZN
 bgc_14.col_reg._062_/ZN
 bgc_14.col_reg._063_/ZN
 bgc_14.col_reg._064_/ZN
 bgc_14.col_reg._065_/ZN
 bgc_14.col_reg._066_/ZN
 bgc_14.col_reg._067_/ZN
 bgc_14.col_reg._068_/ZN
 bgc_14.col_reg._069_/ZN
 bgc_14.col_reg._070_/ZN
 bgc_14.col_reg._071_/ZN
 bgc_14.col_reg._072_/ZN
 bgc_14.col_reg._073_/ZN
 bgc_14.col_reg._074_/ZN
 bgc_14.col_reg._075_/ZN
 bgc_14.col_reg._076_/ZN
 bgc_14.col_reg._077_/ZN
 bgc_14.col_reg._078_/ZN
 bgc_14.col_reg._079_/ZN
 bgc_14.col_reg._080_/Z
 bgc_14.col_reg._081_/ZN
 bgc_14.col_reg._082_/ZN
 bgc_14.col_reg._083_/ZN
 bgc_14.col_reg._084_/ZN
 bgc_14.col_reg._085_/ZN
 bgc_14.col_reg._086_/ZN
 bgc_14.col_reg._087_/ZN
 bgc_14.col_reg._088_/ZN
 bgc_14.col_reg._089_/ZN
 bgc_14.col_reg._090_/ZN
 bgc_14.col_reg._091_/ZN
 bgc_14.col_reg._092_/ZN
 bgc_14.col_reg._093_/ZN
 bgc_14.col_reg._094_/ZN
 bgc_14.col_reg._095_/ZN
 bgc_14.col_reg._096_/ZN
 bgc_14.col_reg._097_/ZN
 bgc_14.col_reg._098_/ZN
 bgc_14.col_reg._099_/ZN
 bgc_14.col_reg._100_/ZN
 bgc_14.col_reg._101_/ZN
 bgc_14.col_reg._102_/ZN
 bgc_14.col_reg._103_/ZN
 bgc_14.col_reg._104_/ZN
 bgc_14.col_reg._105_/ZN
 bgc_14.col_reg._106_/ZN
 bgc_14.col_reg._107_/ZN
 bgc_14.col_reg._108_/ZN
 bgc_14.col_reg._109_/ZN
 bgc_14.col_reg._110_/ZN
 bgc_14.col_reg._111_/ZN
 bgc_14.col_reg._112_/ZN
 bgc_14.col_reg._113_/ZN
 bgc_14.col_reg._114_/ZN
 bgc_14.col_reg._115_/ZN
 bgc_14.col_reg._116_/ZN
 bgc_14.col_reg._117_/Q
 bgc_14.col_reg._118_/Q
 bgc_14.col_reg._119_/Q
 bgc_14.col_reg._120_/Q
 bgc_14.col_reg._121_/Q
 bgc_14.col_reg._122_/Q
 bgc_14.col_reg._123_/Q
 bgc_14.col_reg._124_/Q
 bgc_14.col_reg._125_/Q
 bgc_14.col_reg._126_/Q
 bgc_14.col_reg._127_/Q
 bgc_14.col_reg._128_/Q
 bgc_14.comp_col._20_/ZN
 bgc_14.comp_col._21_/ZN
 bgc_14.comp_col._22_/ZN
 bgc_14.comp_col._23_/ZN
 bgc_14.comp_col._24_/ZN
 bgc_14.comp_col._25_/ZN
 bgc_14.comp_col._26_/ZN
 bgc_14.comp_col._27_/ZN
 bgc_14.comp_col._28_/ZN
 bgc_14.comp_col._29_/ZN
 bgc_14.comp_col._30_/ZN
 bgc_14.comp_col._31_/ZN
 bgc_14.comp_col._32_/ZN
 bgc_14.comp_col._33_/ZN
 bgc_14.comp_col._34_/ZN
 bgc_14.comp_col._35_/ZN
 bgc_14.comp_col._36_/ZN
 bgc_14.comp_col._37_/ZN
 bgc_14.comp_col._38_/ZN
 bgc_14.comp_col._39_/ZN
 bgc_14.comp_col._40_/ZN
 bgc_14.comp_col._41_/ZN
 bgc_14.comp_col._42_/ZN
 bgc_14.comp_col._43_/ZN
 bgc_14.comp_col._44_/ZN
 bgc_14.comp_col._45_/ZN
 bgc_14.comp_col._46_/ZN
 bgc_14.comp_col._47_/ZN
 bgc_14.comp_col._48_/Z
 bgc_14.comp_col._49_/Z
 bgc_14.comp_col._50_/Z
 bgc_14.comp_col._51_/Z
 bgc_14.comp_col._52_/Z
 bgc_14.comp_col._53_/Z
 bgc_14.comp_col._54_/Z
 bgc_14.comp_col._55_/Z
 bgc_14.comp_col._56_/Z
 bgc_14.comp_col._57_/Z
 bgc_14.comp_col._58_/Z
 bgc_14.comp_col._59_/Z
 bgc_14.comp_col._60_/ZN
 bgc_14.comp_col._61_/ZN
 bgc_14.comp_col._62_/ZN
 bgc_14.comp_col._63_/ZN
 bgc_14.comp_col._64_/ZN
 bgc_14.comp_col.pe1._18_/ZN
 bgc_14.comp_col.pe1._19_/ZN
 bgc_14.comp_col.pe1._20_/ZN
 bgc_14.comp_col.pe1._21_/ZN
 bgc_14.comp_col.pe1._22_/ZN
 bgc_14.comp_col.pe1._23_/ZN
 bgc_14.comp_col.pe1._24_/ZN
 bgc_14.comp_col.pe1._25_/ZN
 bgc_14.comp_col.pe1._26_/ZN
 bgc_14.comp_col.pe1._27_/ZN
 bgc_14.comp_col.pe1._28_/ZN
 bgc_14.comp_col.pe1._29_/ZN
 bgc_14.comp_col.pe1._30_/ZN
 bgc_14.comp_col.pe1._31_/ZN
 bgc_14.comp_col.pe1._32_/ZN
 bgc_14.comp_col.pe1._33_/ZN
 bgc_14.comp_col.pe1._34_/ZN
 bgc_14.comp_col.pe1._35_/ZN
 bgc_14.comp_col.pe1._36_/ZN
 bgc_14.comp_col.pe1._37_/ZN
 bgc_14.comp_col.pe1._38_/ZN
 bgc_14.comp_col.pe1._39_/ZN
 bgc_14.comp_col.pe2._18_/ZN
 bgc_14.comp_col.pe2._19_/ZN
 bgc_14.comp_col.pe2._20_/ZN
 bgc_14.comp_col.pe2._21_/ZN
 bgc_14.comp_col.pe2._22_/ZN
 bgc_14.comp_col.pe2._23_/ZN
 bgc_14.comp_col.pe2._24_/ZN
 bgc_14.comp_col.pe2._25_/ZN
 bgc_14.comp_col.pe2._26_/ZN
 bgc_14.comp_col.pe2._27_/ZN
 bgc_14.comp_col.pe2._28_/ZN
 bgc_14.comp_col.pe2._29_/ZN
 bgc_14.comp_col.pe2._30_/ZN
 bgc_14.comp_col.pe2._31_/ZN
 bgc_14.comp_col.pe2._32_/ZN
 bgc_14.comp_col.pe2._33_/ZN
 bgc_14.comp_col.pe2._34_/ZN
 bgc_14.comp_col.pe2._35_/ZN
 bgc_14.comp_col.pe2._36_/ZN
 bgc_14.comp_col.pe2._37_/ZN
 bgc_14.comp_col.pe2._38_/ZN
 bgc_14.comp_col.pe2._39_/ZN
 bgc_14.comp_row._20_/ZN
 bgc_14.comp_row._21_/ZN
 bgc_14.comp_row._22_/ZN
 bgc_14.comp_row._23_/ZN
 bgc_14.comp_row._24_/ZN
 bgc_14.comp_row._25_/ZN
 bgc_14.comp_row._26_/ZN
 bgc_14.comp_row._27_/ZN
 bgc_14.comp_row._28_/ZN
 bgc_14.comp_row._29_/ZN
 bgc_14.comp_row._30_/ZN
 bgc_14.comp_row._31_/ZN
 bgc_14.comp_row._32_/ZN
 bgc_14.comp_row._33_/ZN
 bgc_14.comp_row._34_/ZN
 bgc_14.comp_row._35_/ZN
 bgc_14.comp_row._36_/ZN
 bgc_14.comp_row._37_/ZN
 bgc_14.comp_row._38_/ZN
 bgc_14.comp_row._39_/ZN
 bgc_14.comp_row._40_/ZN
 bgc_14.comp_row._41_/ZN
 bgc_14.comp_row._42_/ZN
 bgc_14.comp_row._43_/ZN
 bgc_14.comp_row._44_/ZN
 bgc_14.comp_row._45_/ZN
 bgc_14.comp_row._46_/ZN
 bgc_14.comp_row._47_/ZN
 bgc_14.comp_row._48_/Z
 bgc_14.comp_row._49_/Z
 bgc_14.comp_row._50_/Z
 bgc_14.comp_row._51_/Z
 bgc_14.comp_row._52_/Z
 bgc_14.comp_row._53_/Z
 bgc_14.comp_row._54_/Z
 bgc_14.comp_row._55_/Z
 bgc_14.comp_row._56_/Z
 bgc_14.comp_row._57_/Z
 bgc_14.comp_row._58_/Z
 bgc_14.comp_row._59_/Z
 bgc_14.comp_row._60_/ZN
 bgc_14.comp_row._61_/ZN
 bgc_14.comp_row._62_/ZN
 bgc_14.comp_row._63_/ZN
 bgc_14.comp_row._64_/ZN
 bgc_14.comp_row.pe1._18_/ZN
 bgc_14.comp_row.pe1._19_/ZN
 bgc_14.comp_row.pe1._20_/ZN
 bgc_14.comp_row.pe1._21_/ZN
 bgc_14.comp_row.pe1._22_/ZN
 bgc_14.comp_row.pe1._23_/ZN
 bgc_14.comp_row.pe1._24_/ZN
 bgc_14.comp_row.pe1._25_/ZN
 bgc_14.comp_row.pe1._26_/ZN
 bgc_14.comp_row.pe1._27_/ZN
 bgc_14.comp_row.pe1._28_/ZN
 bgc_14.comp_row.pe1._29_/ZN
 bgc_14.comp_row.pe1._30_/ZN
 bgc_14.comp_row.pe1._31_/ZN
 bgc_14.comp_row.pe1._32_/ZN
 bgc_14.comp_row.pe1._33_/ZN
 bgc_14.comp_row.pe1._34_/ZN
 bgc_14.comp_row.pe1._35_/ZN
 bgc_14.comp_row.pe1._36_/ZN
 bgc_14.comp_row.pe1._37_/ZN
 bgc_14.comp_row.pe1._38_/ZN
 bgc_14.comp_row.pe1._39_/ZN
 bgc_14.comp_row.pe2._18_/ZN
 bgc_14.comp_row.pe2._19_/ZN
 bgc_14.comp_row.pe2._20_/ZN
 bgc_14.comp_row.pe2._21_/ZN
 bgc_14.comp_row.pe2._22_/ZN
 bgc_14.comp_row.pe2._23_/ZN
 bgc_14.comp_row.pe2._24_/ZN
 bgc_14.comp_row.pe2._25_/ZN
 bgc_14.comp_row.pe2._26_/ZN
 bgc_14.comp_row.pe2._27_/ZN
 bgc_14.comp_row.pe2._28_/ZN
 bgc_14.comp_row.pe2._29_/ZN
 bgc_14.comp_row.pe2._30_/ZN
 bgc_14.comp_row.pe2._31_/ZN
 bgc_14.comp_row.pe2._32_/ZN
 bgc_14.comp_row.pe2._33_/ZN
 bgc_14.comp_row.pe2._34_/ZN
 bgc_14.comp_row.pe2._35_/ZN
 bgc_14.comp_row.pe2._36_/ZN
 bgc_14.comp_row.pe2._37_/ZN
 bgc_14.comp_row.pe2._38_/ZN
 bgc_14.comp_row.pe2._39_/ZN
 bgc_14.final_counter._29_/ZN
 bgc_14.final_counter._30_/ZN
 bgc_14.final_counter._31_/ZN
 bgc_14.final_counter._32_/ZN
 bgc_14.final_counter._33_/ZN
 bgc_14.final_counter._34_/ZN
 bgc_14.final_counter._35_/ZN
 bgc_14.final_counter._36_/ZN
 bgc_14.final_counter._37_/ZN
 bgc_14.final_counter._38_/ZN
 bgc_14.final_counter._39_/Z
 bgc_14.final_counter._40_/ZN
 bgc_14.final_counter._41_/ZN
 bgc_14.final_counter._42_/ZN
 bgc_14.final_counter._43_/Z
 bgc_14.final_counter._44_/ZN
 bgc_14.final_counter._45_/ZN
 bgc_14.final_counter._46_/Z
 bgc_14.final_counter._47_/ZN
 bgc_14.final_counter._48_/ZN
 bgc_14.final_counter._49_/Z
 bgc_14.final_counter._50_/ZN
 bgc_14.final_counter._51_/ZN
 bgc_14.final_counter._52_/ZN
 bgc_14.final_counter._53_/ZN
 bgc_14.final_counter._54_/Z
 bgc_14.final_counter._55_/ZN
 bgc_14.final_counter._56_/ZN
 bgc_14.final_counter._57_/Z
 bgc_14.final_counter._58_/ZN
 bgc_14.final_counter._59_/ZN
 bgc_14.final_counter._60_/ZN
 bgc_14.final_counter._61_/ZN
 bgc_14.final_counter._62_/ZN
 bgc_14.final_counter._63_/ZN
 bgc_14.final_counter._64_/ZN
 bgc_14.final_counter._65_/ZN
 bgc_14.final_counter._66_/ZN
 bgc_14.final_counter._67_/Z
 bgc_14.final_counter._68_/ZN
 bgc_14.final_counter._69_/Q
 bgc_14.final_counter._70_/Q
 bgc_14.final_counter._71_/Q
 bgc_14.final_counter._72_/Q
 bgc_14.final_counter._73_/Q
 bgc_14.final_counter._74_/Q
 bgc_14.final_counter._75_/Q
 bgc_14.final_counter._76_/Q
 bgc_14.final_counter._77_/Q
 bgc_14.final_counter._78_/Q
 bgc_14.final_counter._79_/Q
 bgc_14.final_counter._80_/Q
 bgc_14.lfsr_col._27_/ZN
 bgc_14.lfsr_col._28_/ZN
 bgc_14.lfsr_col._28__115/ZN
 bgc_14.lfsr_col._29_/Z
 bgc_14.lfsr_col._29__116/ZN
 bgc_14.lfsr_col._30_/Z
 bgc_14.lfsr_col._30__117/ZN
 bgc_14.lfsr_col._31_/Z
 bgc_14.lfsr_col._31__118/ZN
 bgc_14.lfsr_col._32_/Z
 bgc_14.lfsr_col._32__848/Z
 bgc_14.lfsr_col._33_/Z
 bgc_14.lfsr_col._33__119/ZN
 bgc_14.lfsr_col._34_/Z
 bgc_14.lfsr_col._34__849/Z
 bgc_14.lfsr_col._35_/Z
 bgc_14.lfsr_col._35__120/ZN
 bgc_14.lfsr_col._36_/Z
 bgc_14.lfsr_col._36__850/Z
 bgc_14.lfsr_col._37_/Z
 bgc_14.lfsr_col._37__121/ZN
 bgc_14.lfsr_col._38_/Z
 bgc_14.lfsr_col._38__852/Z
 bgc_14.lfsr_col._39_/Z
 bgc_14.lfsr_col._39__122/ZN
 bgc_14.lfsr_col._40_/Z
 bgc_14.lfsr_col._40__853/Z
 bgc_14.lfsr_col._41_/Z
 bgc_14.lfsr_col._42_/Z
 bgc_14.lfsr_col._43_/Z
 bgc_14.lfsr_col._44_/Z
 bgc_14.lfsr_col._44__854/Z
 bgc_14.lfsr_col._45_/Z
 bgc_14.lfsr_col._45__123/ZN
 bgc_14.lfsr_col._46_/Z
 bgc_14.lfsr_col._46__855/Z
 bgc_14.lfsr_col._47_/Z
 bgc_14.lfsr_col._47__124/ZN
 bgc_14.lfsr_col._48_/Z
 bgc_14.lfsr_col._48__856/Z
 bgc_14.lfsr_col._49_/Z
 bgc_14.lfsr_col._49__125/ZN
 bgc_14.lfsr_col._50_/Z
 bgc_14.lfsr_col._50__857/Z
 bgc_14.lfsr_col._51_/Z
 bgc_14.lfsr_col._51__126/ZN
 bgc_14.lfsr_col._52_/Z
 bgc_14.lfsr_col._52__859/Z
 bgc_14.lfsr_col._53_/Z
 bgc_14.lfsr_col._53__127/ZN
 bgc_14.lfsr_col._54_/Z
 bgc_14.lfsr_col._54__128/ZN
 bgc_14.lfsr_col._55_/Z
 bgc_14.lfsr_col._55__129/ZN
 bgc_14.lfsr_col._56_/Z
 bgc_14.lfsr_col._57_/Z
 bgc_14.lfsr_col._58_/Z
 bgc_14.lfsr_col._59_/Z
 bgc_14.lfsr_col._60_/Z
 bgc_14.lfsr_col._61_/Z
 bgc_14.lfsr_col._62_/Z
 bgc_14.lfsr_col._63_/Z
 bgc_14.lfsr_col._64_/Z
 bgc_14.lfsr_col._65_/Z
 bgc_14.lfsr_col._66_/ZN
 bgc_14.lfsr_col._66__860/Z
 bgc_14.lfsr_col._67_/ZN
 bgc_14.lfsr_col._67__130/ZN
 bgc_14.lfsr_col._68_/ZN
 bgc_14.lfsr_col._68__861/Z
 bgc_14.lfsr_col._69_/ZN
 bgc_14.lfsr_col._69__131/ZN
 bgc_14.lfsr_col._70_/ZN
 bgc_14.lfsr_col._70__862/Z
 bgc_14.lfsr_col._71_/ZN
 bgc_14.lfsr_col._71__133/ZN
 bgc_14.lfsr_col._72_/ZN
 bgc_14.lfsr_col._72__863/Z
 bgc_14.lfsr_col._73_/ZN
 bgc_14.lfsr_col._73__134/ZN
 bgc_14.lfsr_col._74_/ZN
 bgc_14.lfsr_col._74__864/Z
 bgc_14.lfsr_col._75_/ZN
 bgc_14.lfsr_col._75__135/ZN
 bgc_14.lfsr_col._76_/ZN
 bgc_14.lfsr_col._76__136/ZN
 bgc_14.lfsr_col._77_/Q
 bgc_14.lfsr_col._78_/Q
 bgc_14.lfsr_col._79_/Q
 bgc_14.lfsr_col._80_/Q
 bgc_14.lfsr_col._81_/Q
 bgc_14.lfsr_col._82_/Q
 bgc_14.lfsr_col._83_/Q
 bgc_14.lfsr_col._84_/Q
 bgc_14.lfsr_col._85_/Q
 bgc_14.lfsr_col._86_/Q
 bgc_14.lfsr_col._87_/Q
 bgc_14.lfsr_col._88_/Q
 bgc_14.lfsr_row._27_/ZN
 bgc_14.lfsr_row._28_/ZN
 bgc_14.lfsr_row._28__865/Z
 bgc_14.lfsr_row._29_/Z
 bgc_14.lfsr_row._29__866/Z
 bgc_14.lfsr_row._30_/Z
 bgc_14.lfsr_row._30__867/Z
 bgc_14.lfsr_row._31_/Z
 bgc_14.lfsr_row._31__137/ZN
 bgc_14.lfsr_row._32_/Z
 bgc_14.lfsr_row._32__138/ZN
 bgc_14.lfsr_row._33_/Z
 bgc_14.lfsr_row._33__139/ZN
 bgc_14.lfsr_row._34_/Z
 bgc_14.lfsr_row._34__869/Z
 bgc_14.lfsr_row._35_/Z
 bgc_14.lfsr_row._35__870/Z
 bgc_14.lfsr_row._36_/Z
 bgc_14.lfsr_row._36__871/Z
 bgc_14.lfsr_row._37_/Z
 bgc_14.lfsr_row._37__872/Z
 bgc_14.lfsr_row._38_/Z
 bgc_14.lfsr_row._38__873/Z
 bgc_14.lfsr_row._39_/Z
 bgc_14.lfsr_row._39__140/ZN
 bgc_14.lfsr_row._40_/Z
 bgc_14.lfsr_row._40__141/ZN
 bgc_14.lfsr_row._41_/Z
 bgc_14.lfsr_row._42_/Z
 bgc_14.lfsr_row._43_/Z
 bgc_14.lfsr_row._44_/Z
 bgc_14.lfsr_row._44__142/ZN
 bgc_14.lfsr_row._45_/Z
 bgc_14.lfsr_row._45__143/ZN
 bgc_14.lfsr_row._46_/Z
 bgc_14.lfsr_row._46__875/Z
 bgc_14.lfsr_row._47_/Z
 bgc_14.lfsr_row._47__876/Z
 bgc_14.lfsr_row._48_/Z
 bgc_14.lfsr_row._48__877/Z
 bgc_14.lfsr_row._49_/Z
 bgc_14.lfsr_row._49__878/Z
 bgc_14.lfsr_row._50_/Z
 bgc_14.lfsr_row._50__879/Z
 bgc_14.lfsr_row._51_/Z
 bgc_14.lfsr_row._51__144/ZN
 bgc_14.lfsr_row._52_/Z
 bgc_14.lfsr_row._52__145/ZN
 bgc_14.lfsr_row._53_/Z
 bgc_14.lfsr_row._53__146/ZN
 bgc_14.lfsr_row._54_/Z
 bgc_14.lfsr_row._54__880/Z
 bgc_14.lfsr_row._55_/Z
 bgc_14.lfsr_row._55__882/Z
 bgc_14.lfsr_row._56_/Z
 bgc_14.lfsr_row._57_/Z
 bgc_14.lfsr_row._58_/Z
 bgc_14.lfsr_row._59_/Z
 bgc_14.lfsr_row._60_/Z
 bgc_14.lfsr_row._61_/Z
 bgc_14.lfsr_row._62_/Z
 bgc_14.lfsr_row._63_/Z
 bgc_14.lfsr_row._64_/Z
 bgc_14.lfsr_row._65_/Z
 bgc_14.lfsr_row._66_/ZN
 bgc_14.lfsr_row._66__147/ZN
 bgc_14.lfsr_row._67_/ZN
 bgc_14.lfsr_row._67__148/ZN
 bgc_14.lfsr_row._68_/ZN
 bgc_14.lfsr_row._68__883/Z
 bgc_14.lfsr_row._69_/ZN
 bgc_14.lfsr_row._69__884/Z
 bgc_14.lfsr_row._70_/ZN
 bgc_14.lfsr_row._70__885/Z
 bgc_14.lfsr_row._71_/ZN
 bgc_14.lfsr_row._71__886/Z
 bgc_14.lfsr_row._72_/ZN
 bgc_14.lfsr_row._72__887/Z
 bgc_14.lfsr_row._73_/ZN
 bgc_14.lfsr_row._73__149/ZN
 bgc_14.lfsr_row._74_/ZN
 bgc_14.lfsr_row._74__150/ZN
 bgc_14.lfsr_row._75_/ZN
 bgc_14.lfsr_row._75__152/ZN
 bgc_14.lfsr_row._76_/ZN
 bgc_14.lfsr_row._76__888/Z
 bgc_14.lfsr_row._77_/Q
 bgc_14.lfsr_row._78_/Q
 bgc_14.lfsr_row._79_/Q
 bgc_14.lfsr_row._80_/Q
 bgc_14.lfsr_row._81_/Q
 bgc_14.lfsr_row._82_/Q
 bgc_14.lfsr_row._83_/Q
 bgc_14.lfsr_row._84_/Q
 bgc_14.lfsr_row._85_/Q
 bgc_14.lfsr_row._86_/Q
 bgc_14.lfsr_row._87_/Q
 bgc_14.lfsr_row._88_/Q
 bgc_14.row_reg._053_/ZN
 bgc_14.row_reg._054_/ZN
 bgc_14.row_reg._055_/ZN
 bgc_14.row_reg._056_/ZN
 bgc_14.row_reg._056__153/ZN
 bgc_14.row_reg._057_/ZN
 bgc_14.row_reg._058_/ZN
 bgc_14.row_reg._058__154/ZN
 bgc_14.row_reg._059_/ZN
 bgc_14.row_reg._060_/ZN
 bgc_14.row_reg._060__155/ZN
 bgc_14.row_reg._061_/ZN
 bgc_14.row_reg._062_/ZN
 bgc_14.row_reg._062__156/ZN
 bgc_14.row_reg._063_/ZN
 bgc_14.row_reg._064_/ZN
 bgc_14.row_reg._064__157/ZN
 bgc_14.row_reg._065_/ZN
 bgc_14.row_reg._066_/ZN
 bgc_14.row_reg._066__158/ZN
 bgc_14.row_reg._067_/ZN
 bgc_14.row_reg._068_/ZN
 bgc_14.row_reg._068__159/ZN
 bgc_14.row_reg._069_/ZN
 bgc_14.row_reg._070_/ZN
 bgc_14.row_reg._070__160/ZN
 bgc_14.row_reg._071_/ZN
 bgc_14.row_reg._072_/ZN
 bgc_14.row_reg._072__162/ZN
 bgc_14.row_reg._073_/ZN
 bgc_14.row_reg._074_/ZN
 bgc_14.row_reg._074__163/ZN
 bgc_14.row_reg._075_/ZN
 bgc_14.row_reg._076_/ZN
 bgc_14.row_reg._076__164/ZN
 bgc_14.row_reg._077_/ZN
 bgc_14.row_reg._078_/ZN
 bgc_14.row_reg._078__165/ZN
 bgc_14.row_reg._079_/ZN
 bgc_14.row_reg._080_/Z
 bgc_14.row_reg._081_/ZN
 bgc_14.row_reg._082_/ZN
 bgc_14.row_reg._083_/ZN
 bgc_14.row_reg._084_/ZN
 bgc_14.row_reg._085_/ZN
 bgc_14.row_reg._086_/ZN
 bgc_14.row_reg._087_/ZN
 bgc_14.row_reg._088_/ZN
 bgc_14.row_reg._089_/ZN
 bgc_14.row_reg._090_/ZN
 bgc_14.row_reg._091_/ZN
 bgc_14.row_reg._092_/ZN
 bgc_14.row_reg._093_/ZN
 bgc_14.row_reg._094_/ZN
 bgc_14.row_reg._095_/ZN
 bgc_14.row_reg._096_/ZN
 bgc_14.row_reg._097_/ZN
 bgc_14.row_reg._098_/ZN
 bgc_14.row_reg._099_/ZN
 bgc_14.row_reg._100_/ZN
 bgc_14.row_reg._101_/ZN
 bgc_14.row_reg._102_/ZN
 bgc_14.row_reg._103_/ZN
 bgc_14.row_reg._104_/ZN
 bgc_14.row_reg._105_/ZN
 bgc_14.row_reg._106_/ZN
 bgc_14.row_reg._107_/ZN
 bgc_14.row_reg._108_/ZN
 bgc_14.row_reg._109_/ZN
 bgc_14.row_reg._110_/ZN
 bgc_14.row_reg._111_/ZN
 bgc_14.row_reg._112_/ZN
 bgc_14.row_reg._113_/ZN
 bgc_14.row_reg._114_/ZN
 bgc_14.row_reg._115_/ZN
 bgc_14.row_reg._116_/ZN
 bgc_14.row_reg._117_/Q
 bgc_14.row_reg._118_/Q
 bgc_14.row_reg._119_/Q
 bgc_14.row_reg._120_/Q
 bgc_14.row_reg._121_/Q
 bgc_14.row_reg._122_/Q
 bgc_14.row_reg._123_/Q
 bgc_14.row_reg._124_/Q
 bgc_14.row_reg._125_/Q
 bgc_14.row_reg._126_/Q
 bgc_14.row_reg._127_/Q
 bgc_14.row_reg._128_/Q
 bgc_15._05_/ZN
 bgc_15._06_/ZN
 bgc_15._07_/ZN
 bgc_15._07__166/ZN
 bgc_15._08_/ZN
 bgc_15._09_/Z
 bgc_15._10_/ZN
 bgc_15._11_/Z
 bgc_15._11__167/ZN
 bgc_15._12_/Z
 bgc_15._13_/Z
 bgc_15._14_/Z
 bgc_15._15_/Z
 bgc_15._16_/Z
 bgc_15._17_/Z
 bgc_15._18_/Z
 bgc_15._19_/Z
 bgc_15._20_/Z
 bgc_15._21_/Z
 bgc_15._22_/Z
 bgc_15._23_/Z
 bgc_15._24_/ZN
 bgc_15._25_/ZN
 bgc_15.col_reg._053_/ZN
 bgc_15.col_reg._054_/ZN
 bgc_15.col_reg._055_/ZN
 bgc_15.col_reg._056_/ZN
 bgc_15.col_reg._057_/ZN
 bgc_15.col_reg._058_/ZN
 bgc_15.col_reg._059_/ZN
 bgc_15.col_reg._060_/ZN
 bgc_15.col_reg._061_/ZN
 bgc_15.col_reg._062_/ZN
 bgc_15.col_reg._063_/ZN
 bgc_15.col_reg._064_/ZN
 bgc_15.col_reg._065_/ZN
 bgc_15.col_reg._066_/ZN
 bgc_15.col_reg._067_/ZN
 bgc_15.col_reg._068_/ZN
 bgc_15.col_reg._069_/ZN
 bgc_15.col_reg._070_/ZN
 bgc_15.col_reg._071_/ZN
 bgc_15.col_reg._072_/ZN
 bgc_15.col_reg._073_/ZN
 bgc_15.col_reg._074_/ZN
 bgc_15.col_reg._075_/ZN
 bgc_15.col_reg._076_/ZN
 bgc_15.col_reg._077_/ZN
 bgc_15.col_reg._078_/ZN
 bgc_15.col_reg._079_/ZN
 bgc_15.col_reg._080_/Z
 bgc_15.col_reg._081_/ZN
 bgc_15.col_reg._082_/ZN
 bgc_15.col_reg._083_/ZN
 bgc_15.col_reg._084_/ZN
 bgc_15.col_reg._085_/ZN
 bgc_15.col_reg._086_/ZN
 bgc_15.col_reg._087_/ZN
 bgc_15.col_reg._088_/ZN
 bgc_15.col_reg._089_/ZN
 bgc_15.col_reg._090_/ZN
 bgc_15.col_reg._091_/ZN
 bgc_15.col_reg._092_/ZN
 bgc_15.col_reg._093_/ZN
 bgc_15.col_reg._094_/ZN
 bgc_15.col_reg._095_/ZN
 bgc_15.col_reg._096_/ZN
 bgc_15.col_reg._097_/ZN
 bgc_15.col_reg._098_/ZN
 bgc_15.col_reg._099_/ZN
 bgc_15.col_reg._100_/ZN
 bgc_15.col_reg._101_/ZN
 bgc_15.col_reg._102_/ZN
 bgc_15.col_reg._103_/ZN
 bgc_15.col_reg._104_/ZN
 bgc_15.col_reg._105_/ZN
 bgc_15.col_reg._106_/ZN
 bgc_15.col_reg._107_/ZN
 bgc_15.col_reg._108_/ZN
 bgc_15.col_reg._109_/ZN
 bgc_15.col_reg._110_/ZN
 bgc_15.col_reg._111_/ZN
 bgc_15.col_reg._112_/ZN
 bgc_15.col_reg._113_/ZN
 bgc_15.col_reg._114_/ZN
 bgc_15.col_reg._115_/ZN
 bgc_15.col_reg._116_/ZN
 bgc_15.col_reg._117_/Q
 bgc_15.col_reg._118_/Q
 bgc_15.col_reg._119_/Q
 bgc_15.col_reg._120_/Q
 bgc_15.col_reg._121_/Q
 bgc_15.col_reg._122_/Q
 bgc_15.col_reg._123_/Q
 bgc_15.col_reg._124_/Q
 bgc_15.col_reg._125_/Q
 bgc_15.col_reg._126_/Q
 bgc_15.col_reg._127_/Q
 bgc_15.col_reg._128_/Q
 bgc_15.comp_col._20_/ZN
 bgc_15.comp_col._21_/ZN
 bgc_15.comp_col._22_/ZN
 bgc_15.comp_col._23_/ZN
 bgc_15.comp_col._24_/ZN
 bgc_15.comp_col._25_/ZN
 bgc_15.comp_col._26_/ZN
 bgc_15.comp_col._27_/ZN
 bgc_15.comp_col._28_/ZN
 bgc_15.comp_col._29_/ZN
 bgc_15.comp_col._30_/ZN
 bgc_15.comp_col._31_/ZN
 bgc_15.comp_col._32_/ZN
 bgc_15.comp_col._33_/ZN
 bgc_15.comp_col._34_/ZN
 bgc_15.comp_col._35_/ZN
 bgc_15.comp_col._36_/ZN
 bgc_15.comp_col._37_/ZN
 bgc_15.comp_col._38_/ZN
 bgc_15.comp_col._39_/ZN
 bgc_15.comp_col._40_/ZN
 bgc_15.comp_col._41_/ZN
 bgc_15.comp_col._42_/ZN
 bgc_15.comp_col._43_/ZN
 bgc_15.comp_col._44_/ZN
 bgc_15.comp_col._45_/ZN
 bgc_15.comp_col._46_/ZN
 bgc_15.comp_col._47_/ZN
 bgc_15.comp_col._48_/Z
 bgc_15.comp_col._49_/Z
 bgc_15.comp_col._50_/Z
 bgc_15.comp_col._51_/Z
 bgc_15.comp_col._52_/Z
 bgc_15.comp_col._53_/Z
 bgc_15.comp_col._54_/Z
 bgc_15.comp_col._55_/Z
 bgc_15.comp_col._56_/Z
 bgc_15.comp_col._57_/Z
 bgc_15.comp_col._58_/Z
 bgc_15.comp_col._59_/Z
 bgc_15.comp_col._60_/ZN
 bgc_15.comp_col._61_/ZN
 bgc_15.comp_col._62_/ZN
 bgc_15.comp_col._63_/ZN
 bgc_15.comp_col._64_/ZN
 bgc_15.comp_col.pe1._18_/ZN
 bgc_15.comp_col.pe1._19_/ZN
 bgc_15.comp_col.pe1._20_/ZN
 bgc_15.comp_col.pe1._21_/ZN
 bgc_15.comp_col.pe1._22_/ZN
 bgc_15.comp_col.pe1._23_/ZN
 bgc_15.comp_col.pe1._24_/ZN
 bgc_15.comp_col.pe1._25_/ZN
 bgc_15.comp_col.pe1._26_/ZN
 bgc_15.comp_col.pe1._27_/ZN
 bgc_15.comp_col.pe1._28_/ZN
 bgc_15.comp_col.pe1._29_/ZN
 bgc_15.comp_col.pe1._30_/ZN
 bgc_15.comp_col.pe1._31_/ZN
 bgc_15.comp_col.pe1._32_/ZN
 bgc_15.comp_col.pe1._33_/ZN
 bgc_15.comp_col.pe1._34_/ZN
 bgc_15.comp_col.pe1._35_/ZN
 bgc_15.comp_col.pe1._36_/ZN
 bgc_15.comp_col.pe1._37_/ZN
 bgc_15.comp_col.pe1._38_/ZN
 bgc_15.comp_col.pe1._39_/ZN
 bgc_15.comp_col.pe2._18_/ZN
 bgc_15.comp_col.pe2._19_/ZN
 bgc_15.comp_col.pe2._20_/ZN
 bgc_15.comp_col.pe2._21_/ZN
 bgc_15.comp_col.pe2._22_/ZN
 bgc_15.comp_col.pe2._23_/ZN
 bgc_15.comp_col.pe2._24_/ZN
 bgc_15.comp_col.pe2._25_/ZN
 bgc_15.comp_col.pe2._26_/ZN
 bgc_15.comp_col.pe2._27_/ZN
 bgc_15.comp_col.pe2._28_/ZN
 bgc_15.comp_col.pe2._29_/ZN
 bgc_15.comp_col.pe2._30_/ZN
 bgc_15.comp_col.pe2._31_/ZN
 bgc_15.comp_col.pe2._32_/ZN
 bgc_15.comp_col.pe2._33_/ZN
 bgc_15.comp_col.pe2._34_/ZN
 bgc_15.comp_col.pe2._35_/ZN
 bgc_15.comp_col.pe2._36_/ZN
 bgc_15.comp_col.pe2._37_/ZN
 bgc_15.comp_col.pe2._38_/ZN
 bgc_15.comp_col.pe2._39_/ZN
 bgc_15.comp_row._20_/ZN
 bgc_15.comp_row._21_/ZN
 bgc_15.comp_row._22_/ZN
 bgc_15.comp_row._23_/ZN
 bgc_15.comp_row._24_/ZN
 bgc_15.comp_row._25_/ZN
 bgc_15.comp_row._26_/ZN
 bgc_15.comp_row._27_/ZN
 bgc_15.comp_row._28_/ZN
 bgc_15.comp_row._29_/ZN
 bgc_15.comp_row._30_/ZN
 bgc_15.comp_row._31_/ZN
 bgc_15.comp_row._32_/ZN
 bgc_15.comp_row._33_/ZN
 bgc_15.comp_row._34_/ZN
 bgc_15.comp_row._35_/ZN
 bgc_15.comp_row._36_/ZN
 bgc_15.comp_row._37_/ZN
 bgc_15.comp_row._38_/ZN
 bgc_15.comp_row._39_/ZN
 bgc_15.comp_row._40_/ZN
 bgc_15.comp_row._41_/ZN
 bgc_15.comp_row._42_/ZN
 bgc_15.comp_row._43_/ZN
 bgc_15.comp_row._44_/ZN
 bgc_15.comp_row._45_/ZN
 bgc_15.comp_row._46_/ZN
 bgc_15.comp_row._47_/ZN
 bgc_15.comp_row._48_/Z
 bgc_15.comp_row._49_/Z
 bgc_15.comp_row._50_/Z
 bgc_15.comp_row._51_/Z
 bgc_15.comp_row._52_/Z
 bgc_15.comp_row._53_/Z
 bgc_15.comp_row._54_/Z
 bgc_15.comp_row._55_/Z
 bgc_15.comp_row._56_/Z
 bgc_15.comp_row._57_/Z
 bgc_15.comp_row._58_/Z
 bgc_15.comp_row._59_/Z
 bgc_15.comp_row._60_/ZN
 bgc_15.comp_row._61_/ZN
 bgc_15.comp_row._62_/ZN
 bgc_15.comp_row._63_/ZN
 bgc_15.comp_row._64_/ZN
 bgc_15.comp_row.pe1._18_/ZN
 bgc_15.comp_row.pe1._19_/ZN
 bgc_15.comp_row.pe1._20_/ZN
 bgc_15.comp_row.pe1._21_/ZN
 bgc_15.comp_row.pe1._22_/ZN
 bgc_15.comp_row.pe1._23_/ZN
 bgc_15.comp_row.pe1._24_/ZN
 bgc_15.comp_row.pe1._25_/ZN
 bgc_15.comp_row.pe1._26_/ZN
 bgc_15.comp_row.pe1._27_/ZN
 bgc_15.comp_row.pe1._28_/ZN
 bgc_15.comp_row.pe1._29_/ZN
 bgc_15.comp_row.pe1._30_/ZN
 bgc_15.comp_row.pe1._31_/ZN
 bgc_15.comp_row.pe1._32_/ZN
 bgc_15.comp_row.pe1._33_/ZN
 bgc_15.comp_row.pe1._34_/ZN
 bgc_15.comp_row.pe1._35_/ZN
 bgc_15.comp_row.pe1._36_/ZN
 bgc_15.comp_row.pe1._37_/ZN
 bgc_15.comp_row.pe1._38_/ZN
 bgc_15.comp_row.pe1._39_/ZN
 bgc_15.comp_row.pe2._18_/ZN
 bgc_15.comp_row.pe2._19_/ZN
 bgc_15.comp_row.pe2._20_/ZN
 bgc_15.comp_row.pe2._21_/ZN
 bgc_15.comp_row.pe2._22_/ZN
 bgc_15.comp_row.pe2._23_/ZN
 bgc_15.comp_row.pe2._24_/ZN
 bgc_15.comp_row.pe2._25_/ZN
 bgc_15.comp_row.pe2._26_/ZN
 bgc_15.comp_row.pe2._27_/ZN
 bgc_15.comp_row.pe2._28_/ZN
 bgc_15.comp_row.pe2._29_/ZN
 bgc_15.comp_row.pe2._30_/ZN
 bgc_15.comp_row.pe2._31_/ZN
 bgc_15.comp_row.pe2._32_/ZN
 bgc_15.comp_row.pe2._33_/ZN
 bgc_15.comp_row.pe2._34_/ZN
 bgc_15.comp_row.pe2._35_/ZN
 bgc_15.comp_row.pe2._36_/ZN
 bgc_15.comp_row.pe2._37_/ZN
 bgc_15.comp_row.pe2._38_/ZN
 bgc_15.comp_row.pe2._39_/ZN
 bgc_15.final_counter._29_/ZN
 bgc_15.final_counter._30_/ZN
 bgc_15.final_counter._31_/ZN
 bgc_15.final_counter._32_/ZN
 bgc_15.final_counter._33_/ZN
 bgc_15.final_counter._34_/ZN
 bgc_15.final_counter._35_/ZN
 bgc_15.final_counter._36_/ZN
 bgc_15.final_counter._37_/ZN
 bgc_15.final_counter._38_/ZN
 bgc_15.final_counter._39_/Z
 bgc_15.final_counter._40_/ZN
 bgc_15.final_counter._41_/ZN
 bgc_15.final_counter._42_/ZN
 bgc_15.final_counter._43_/Z
 bgc_15.final_counter._44_/ZN
 bgc_15.final_counter._45_/ZN
 bgc_15.final_counter._46_/Z
 bgc_15.final_counter._47_/ZN
 bgc_15.final_counter._48_/ZN
 bgc_15.final_counter._49_/Z
 bgc_15.final_counter._50_/ZN
 bgc_15.final_counter._51_/ZN
 bgc_15.final_counter._52_/ZN
 bgc_15.final_counter._53_/ZN
 bgc_15.final_counter._54_/Z
 bgc_15.final_counter._55_/ZN
 bgc_15.final_counter._56_/ZN
 bgc_15.final_counter._57_/Z
 bgc_15.final_counter._58_/ZN
 bgc_15.final_counter._59_/ZN
 bgc_15.final_counter._60_/ZN
 bgc_15.final_counter._61_/ZN
 bgc_15.final_counter._62_/ZN
 bgc_15.final_counter._63_/ZN
 bgc_15.final_counter._64_/ZN
 bgc_15.final_counter._65_/ZN
 bgc_15.final_counter._66_/ZN
 bgc_15.final_counter._67_/Z
 bgc_15.final_counter._68_/ZN
 bgc_15.final_counter._69_/Q
 bgc_15.final_counter._70_/Q
 bgc_15.final_counter._71_/Q
 bgc_15.final_counter._72_/Q
 bgc_15.final_counter._73_/Q
 bgc_15.final_counter._74_/Q
 bgc_15.final_counter._75_/Q
 bgc_15.final_counter._76_/Q
 bgc_15.final_counter._77_/Q
 bgc_15.final_counter._78_/Q
 bgc_15.final_counter._79_/Q
 bgc_15.final_counter._80_/Q
 bgc_15.lfsr_col._27_/ZN
 bgc_15.lfsr_col._28_/ZN
 bgc_15.lfsr_col._28__889/Z
 bgc_15.lfsr_col._29_/Z
 bgc_15.lfsr_col._29__890/Z
 bgc_15.lfsr_col._30_/Z
 bgc_15.lfsr_col._30__891/Z
 bgc_15.lfsr_col._31_/Z
 bgc_15.lfsr_col._31__892/Z
 bgc_15.lfsr_col._32_/Z
 bgc_15.lfsr_col._32__168/ZN
 bgc_15.lfsr_col._33_/Z
 bgc_15.lfsr_col._33__169/ZN
 bgc_15.lfsr_col._34_/Z
 bgc_15.lfsr_col._34__170/ZN
 bgc_15.lfsr_col._35_/Z
 bgc_15.lfsr_col._35__894/Z
 bgc_15.lfsr_col._36_/Z
 bgc_15.lfsr_col._36__895/Z
 bgc_15.lfsr_col._37_/Z
 bgc_15.lfsr_col._37__171/ZN
 bgc_15.lfsr_col._38_/Z
 bgc_15.lfsr_col._38__896/Z
 bgc_15.lfsr_col._39_/Z
 bgc_15.lfsr_col._39__897/Z
 bgc_15.lfsr_col._40_/Z
 bgc_15.lfsr_col._40__172/ZN
 bgc_15.lfsr_col._41_/Z
 bgc_15.lfsr_col._42_/Z
 bgc_15.lfsr_col._43_/Z
 bgc_15.lfsr_col._44_/Z
 bgc_15.lfsr_col._44__173/ZN
 bgc_15.lfsr_col._45_/Z
 bgc_15.lfsr_col._45__899/Z
 bgc_15.lfsr_col._46_/Z
 bgc_15.lfsr_col._46__900/Z
 bgc_15.lfsr_col._47_/Z
 bgc_15.lfsr_col._47__174/ZN
 bgc_15.lfsr_col._48_/Z
 bgc_15.lfsr_col._48__901/Z
 bgc_15.lfsr_col._49_/Z
 bgc_15.lfsr_col._49__902/Z
 bgc_15.lfsr_col._50_/Z
 bgc_15.lfsr_col._50__175/ZN
 bgc_15.lfsr_col._51_/Z
 bgc_15.lfsr_col._51__176/ZN
 bgc_15.lfsr_col._52_/Z
 bgc_15.lfsr_col._52__177/ZN
 bgc_15.lfsr_col._53_/Z
 bgc_15.lfsr_col._53__903/Z
 bgc_15.lfsr_col._54_/Z
 bgc_15.lfsr_col._54__904/Z
 bgc_15.lfsr_col._55_/Z
 bgc_15.lfsr_col._55__905/Z
 bgc_15.lfsr_col._56_/Z
 bgc_15.lfsr_col._57_/Z
 bgc_15.lfsr_col._58_/Z
 bgc_15.lfsr_col._59_/Z
 bgc_15.lfsr_col._60_/Z
 bgc_15.lfsr_col._61_/Z
 bgc_15.lfsr_col._62_/Z
 bgc_15.lfsr_col._63_/Z
 bgc_15.lfsr_col._64_/Z
 bgc_15.lfsr_col._65_/Z
 bgc_15.lfsr_col._66_/ZN
 bgc_15.lfsr_col._66__179/ZN
 bgc_15.lfsr_col._67_/ZN
 bgc_15.lfsr_col._67__906/Z
 bgc_15.lfsr_col._68_/ZN
 bgc_15.lfsr_col._68__907/Z
 bgc_15.lfsr_col._69_/ZN
 bgc_15.lfsr_col._69__180/ZN
 bgc_15.lfsr_col._70_/ZN
 bgc_15.lfsr_col._70__908/Z
 bgc_15.lfsr_col._71_/ZN
 bgc_15.lfsr_col._71__909/Z
 bgc_15.lfsr_col._72_/ZN
 bgc_15.lfsr_col._72__181/ZN
 bgc_15.lfsr_col._73_/ZN
 bgc_15.lfsr_col._73__182/ZN
 bgc_15.lfsr_col._74_/ZN
 bgc_15.lfsr_col._74__183/ZN
 bgc_15.lfsr_col._75_/ZN
 bgc_15.lfsr_col._75__910/Z
 bgc_15.lfsr_col._76_/ZN
 bgc_15.lfsr_col._76__911/Z
 bgc_15.lfsr_col._77_/Q
 bgc_15.lfsr_col._78_/Q
 bgc_15.lfsr_col._79_/Q
 bgc_15.lfsr_col._80_/Q
 bgc_15.lfsr_col._81_/Q
 bgc_15.lfsr_col._82_/Q
 bgc_15.lfsr_col._83_/Q
 bgc_15.lfsr_col._84_/Q
 bgc_15.lfsr_col._85_/Q
 bgc_15.lfsr_col._86_/Q
 bgc_15.lfsr_col._87_/Q
 bgc_15.lfsr_col._88_/Q
 bgc_15.lfsr_row._27_/ZN
 bgc_15.lfsr_row._28_/ZN
 bgc_15.lfsr_row._28__912/Z
 bgc_15.lfsr_row._29_/Z
 bgc_15.lfsr_row._29__913/Z
 bgc_15.lfsr_row._30_/Z
 bgc_15.lfsr_row._30__185/ZN
 bgc_15.lfsr_row._31_/Z
 bgc_15.lfsr_row._31__186/ZN
 bgc_15.lfsr_row._32_/Z
 bgc_15.lfsr_row._32__187/ZN
 bgc_15.lfsr_row._33_/Z
 bgc_15.lfsr_row._33__188/ZN
 bgc_15.lfsr_row._34_/Z
 bgc_15.lfsr_row._34__914/Z
 bgc_15.lfsr_row._35_/Z
 bgc_15.lfsr_row._35__189/ZN
 bgc_15.lfsr_row._36_/Z
 bgc_15.lfsr_row._36__916/Z
 bgc_15.lfsr_row._37_/Z
 bgc_15.lfsr_row._37__917/Z
 bgc_15.lfsr_row._38_/Z
 bgc_15.lfsr_row._38__918/Z
 bgc_15.lfsr_row._39_/Z
 bgc_15.lfsr_row._39__190/ZN
 bgc_15.lfsr_row._40_/Z
 bgc_15.lfsr_row._40__919/Z
 bgc_15.lfsr_row._41_/Z
 bgc_15.lfsr_row._42_/Z
 bgc_15.lfsr_row._43_/Z
 bgc_15.lfsr_row._44_/Z
 bgc_15.lfsr_row._44__920/Z
 bgc_15.lfsr_row._45_/Z
 bgc_15.lfsr_row._45__191/ZN
 bgc_15.lfsr_row._46_/Z
 bgc_15.lfsr_row._46__921/Z
 bgc_15.lfsr_row._47_/Z
 bgc_15.lfsr_row._47__922/Z
 bgc_15.lfsr_row._48_/Z
 bgc_15.lfsr_row._48__923/Z
 bgc_15.lfsr_row._49_/Z
 bgc_15.lfsr_row._49__192/ZN
 bgc_15.lfsr_row._50_/Z
 bgc_15.lfsr_row._50__925/Z
 bgc_15.lfsr_row._51_/Z
 bgc_15.lfsr_row._51__193/ZN
 bgc_15.lfsr_row._52_/Z
 bgc_15.lfsr_row._52__194/ZN
 bgc_15.lfsr_row._53_/Z
 bgc_15.lfsr_row._53__195/ZN
 bgc_15.lfsr_row._54_/Z
 bgc_15.lfsr_row._54__196/ZN
 bgc_15.lfsr_row._55_/Z
 bgc_15.lfsr_row._55__926/Z
 bgc_15.lfsr_row._56_/Z
 bgc_15.lfsr_row._57_/Z
 bgc_15.lfsr_row._58_/Z
 bgc_15.lfsr_row._59_/Z
 bgc_15.lfsr_row._60_/Z
 bgc_15.lfsr_row._61_/Z
 bgc_15.lfsr_row._62_/Z
 bgc_15.lfsr_row._63_/Z
 bgc_15.lfsr_row._64_/Z
 bgc_15.lfsr_row._65_/Z
 bgc_15.lfsr_row._66_/ZN
 bgc_15.lfsr_row._66__927/Z
 bgc_15.lfsr_row._67_/ZN
 bgc_15.lfsr_row._67__197/ZN
 bgc_15.lfsr_row._68_/ZN
 bgc_15.lfsr_row._68__928/Z
 bgc_15.lfsr_row._69_/ZN
 bgc_15.lfsr_row._69__929/Z
 bgc_15.lfsr_row._70_/ZN
 bgc_15.lfsr_row._70__930/Z
 bgc_15.lfsr_row._71_/ZN
 bgc_15.lfsr_row._71__199/ZN
 bgc_15.lfsr_row._72_/ZN
 bgc_15.lfsr_row._72__931/Z
 bgc_15.lfsr_row._73_/ZN
 bgc_15.lfsr_row._73__200/ZN
 bgc_15.lfsr_row._74_/ZN
 bgc_15.lfsr_row._74__201/ZN
 bgc_15.lfsr_row._75_/ZN
 bgc_15.lfsr_row._75__202/ZN
 bgc_15.lfsr_row._76_/ZN
 bgc_15.lfsr_row._76__203/ZN
 bgc_15.lfsr_row._77_/Q
 bgc_15.lfsr_row._78_/Q
 bgc_15.lfsr_row._79_/Q
 bgc_15.lfsr_row._80_/Q
 bgc_15.lfsr_row._81_/Q
 bgc_15.lfsr_row._82_/Q
 bgc_15.lfsr_row._83_/Q
 bgc_15.lfsr_row._84_/Q
 bgc_15.lfsr_row._85_/Q
 bgc_15.lfsr_row._86_/Q
 bgc_15.lfsr_row._87_/Q
 bgc_15.lfsr_row._88_/Q
 bgc_15.row_reg._053_/ZN
 bgc_15.row_reg._054_/ZN
 bgc_15.row_reg._055_/ZN
 bgc_15.row_reg._056_/ZN
 bgc_15.row_reg._056__204/ZN
 bgc_15.row_reg._057_/ZN
 bgc_15.row_reg._058_/ZN
 bgc_15.row_reg._058__205/ZN
 bgc_15.row_reg._059_/ZN
 bgc_15.row_reg._060_/ZN
 bgc_15.row_reg._060__206/ZN
 bgc_15.row_reg._061_/ZN
 bgc_15.row_reg._062_/ZN
 bgc_15.row_reg._062__207/ZN
 bgc_15.row_reg._063_/ZN
 bgc_15.row_reg._064_/ZN
 bgc_15.row_reg._064__208/ZN
 bgc_15.row_reg._065_/ZN
 bgc_15.row_reg._066_/ZN
 bgc_15.row_reg._066__209/ZN
 bgc_15.row_reg._067_/ZN
 bgc_15.row_reg._068_/ZN
 bgc_15.row_reg._068__210/ZN
 bgc_15.row_reg._069_/ZN
 bgc_15.row_reg._070_/ZN
 bgc_15.row_reg._070__211/ZN
 bgc_15.row_reg._071_/ZN
 bgc_15.row_reg._072_/ZN
 bgc_15.row_reg._072__212/ZN
 bgc_15.row_reg._073_/ZN
 bgc_15.row_reg._074_/ZN
 bgc_15.row_reg._074__213/ZN
 bgc_15.row_reg._075_/ZN
 bgc_15.row_reg._076_/ZN
 bgc_15.row_reg._076__214/ZN
 bgc_15.row_reg._077_/ZN
 bgc_15.row_reg._078_/ZN
 bgc_15.row_reg._078__215/ZN
 bgc_15.row_reg._079_/ZN
 bgc_15.row_reg._080_/Z
 bgc_15.row_reg._081_/ZN
 bgc_15.row_reg._082_/ZN
 bgc_15.row_reg._083_/ZN
 bgc_15.row_reg._084_/ZN
 bgc_15.row_reg._085_/ZN
 bgc_15.row_reg._086_/ZN
 bgc_15.row_reg._087_/ZN
 bgc_15.row_reg._088_/ZN
 bgc_15.row_reg._089_/ZN
 bgc_15.row_reg._090_/ZN
 bgc_15.row_reg._091_/ZN
 bgc_15.row_reg._092_/ZN
 bgc_15.row_reg._093_/ZN
 bgc_15.row_reg._094_/ZN
 bgc_15.row_reg._095_/ZN
 bgc_15.row_reg._096_/ZN
 bgc_15.row_reg._097_/ZN
 bgc_15.row_reg._098_/ZN
 bgc_15.row_reg._099_/ZN
 bgc_15.row_reg._100_/ZN
 bgc_15.row_reg._101_/ZN
 bgc_15.row_reg._102_/ZN
 bgc_15.row_reg._103_/ZN
 bgc_15.row_reg._104_/ZN
 bgc_15.row_reg._105_/ZN
 bgc_15.row_reg._106_/ZN
 bgc_15.row_reg._107_/ZN
 bgc_15.row_reg._108_/ZN
 bgc_15.row_reg._109_/ZN
 bgc_15.row_reg._110_/ZN
 bgc_15.row_reg._111_/ZN
 bgc_15.row_reg._112_/ZN
 bgc_15.row_reg._113_/ZN
 bgc_15.row_reg._114_/ZN
 bgc_15.row_reg._115_/ZN
 bgc_15.row_reg._116_/ZN
 bgc_15.row_reg._117_/Q
 bgc_15.row_reg._118_/Q
 bgc_15.row_reg._119_/Q
 bgc_15.row_reg._120_/Q
 bgc_15.row_reg._121_/Q
 bgc_15.row_reg._122_/Q
 bgc_15.row_reg._123_/Q
 bgc_15.row_reg._124_/Q
 bgc_15.row_reg._125_/Q
 bgc_15.row_reg._126_/Q
 bgc_15.row_reg._127_/Q
 bgc_15.row_reg._128_/Q
 bgc_2._05_/ZN
 bgc_2._06_/ZN
 bgc_2._07_/ZN
 bgc_2._07__216/ZN
 bgc_2._08_/ZN
 bgc_2._09_/Z
 bgc_2._10_/ZN
 bgc_2._11_/Z
 bgc_2._11__217/ZN
 bgc_2._12_/Z
 bgc_2._13_/Z
 bgc_2._14_/Z
 bgc_2._15_/Z
 bgc_2._16_/Z
 bgc_2._17_/Z
 bgc_2._18_/Z
 bgc_2._19_/Z
 bgc_2._20_/Z
 bgc_2._21_/Z
 bgc_2._22_/Z
 bgc_2._23_/Z
 bgc_2._24_/ZN
 bgc_2._25_/ZN
 bgc_2.col_reg._053_/ZN
 bgc_2.col_reg._054_/ZN
 bgc_2.col_reg._055_/ZN
 bgc_2.col_reg._056_/ZN
 bgc_2.col_reg._057_/ZN
 bgc_2.col_reg._058_/ZN
 bgc_2.col_reg._059_/ZN
 bgc_2.col_reg._060_/ZN
 bgc_2.col_reg._061_/ZN
 bgc_2.col_reg._062_/ZN
 bgc_2.col_reg._063_/ZN
 bgc_2.col_reg._064_/ZN
 bgc_2.col_reg._065_/ZN
 bgc_2.col_reg._066_/ZN
 bgc_2.col_reg._067_/ZN
 bgc_2.col_reg._068_/ZN
 bgc_2.col_reg._069_/ZN
 bgc_2.col_reg._070_/ZN
 bgc_2.col_reg._071_/ZN
 bgc_2.col_reg._072_/ZN
 bgc_2.col_reg._073_/ZN
 bgc_2.col_reg._074_/ZN
 bgc_2.col_reg._075_/ZN
 bgc_2.col_reg._076_/ZN
 bgc_2.col_reg._077_/ZN
 bgc_2.col_reg._078_/ZN
 bgc_2.col_reg._079_/ZN
 bgc_2.col_reg._080_/Z
 bgc_2.col_reg._081_/ZN
 bgc_2.col_reg._082_/ZN
 bgc_2.col_reg._083_/ZN
 bgc_2.col_reg._084_/ZN
 bgc_2.col_reg._085_/ZN
 bgc_2.col_reg._086_/ZN
 bgc_2.col_reg._087_/ZN
 bgc_2.col_reg._088_/ZN
 bgc_2.col_reg._089_/ZN
 bgc_2.col_reg._090_/ZN
 bgc_2.col_reg._091_/ZN
 bgc_2.col_reg._092_/ZN
 bgc_2.col_reg._093_/ZN
 bgc_2.col_reg._094_/ZN
 bgc_2.col_reg._095_/ZN
 bgc_2.col_reg._096_/ZN
 bgc_2.col_reg._097_/ZN
 bgc_2.col_reg._098_/ZN
 bgc_2.col_reg._099_/ZN
 bgc_2.col_reg._100_/ZN
 bgc_2.col_reg._101_/ZN
 bgc_2.col_reg._102_/ZN
 bgc_2.col_reg._103_/ZN
 bgc_2.col_reg._104_/ZN
 bgc_2.col_reg._105_/ZN
 bgc_2.col_reg._106_/ZN
 bgc_2.col_reg._107_/ZN
 bgc_2.col_reg._108_/ZN
 bgc_2.col_reg._109_/ZN
 bgc_2.col_reg._110_/ZN
 bgc_2.col_reg._111_/ZN
 bgc_2.col_reg._112_/ZN
 bgc_2.col_reg._113_/ZN
 bgc_2.col_reg._114_/ZN
 bgc_2.col_reg._115_/ZN
 bgc_2.col_reg._116_/ZN
 bgc_2.col_reg._117_/Q
 bgc_2.col_reg._118_/Q
 bgc_2.col_reg._119_/Q
 bgc_2.col_reg._120_/Q
 bgc_2.col_reg._121_/Q
 bgc_2.col_reg._122_/Q
 bgc_2.col_reg._123_/Q
 bgc_2.col_reg._124_/Q
 bgc_2.col_reg._125_/Q
 bgc_2.col_reg._126_/Q
 bgc_2.col_reg._127_/Q
 bgc_2.col_reg._128_/Q
 bgc_2.comp_col._20_/ZN
 bgc_2.comp_col._21_/ZN
 bgc_2.comp_col._22_/ZN
 bgc_2.comp_col._23_/ZN
 bgc_2.comp_col._24_/ZN
 bgc_2.comp_col._25_/ZN
 bgc_2.comp_col._26_/ZN
 bgc_2.comp_col._27_/ZN
 bgc_2.comp_col._28_/ZN
 bgc_2.comp_col._29_/ZN
 bgc_2.comp_col._30_/ZN
 bgc_2.comp_col._31_/ZN
 bgc_2.comp_col._32_/ZN
 bgc_2.comp_col._33_/ZN
 bgc_2.comp_col._34_/ZN
 bgc_2.comp_col._35_/ZN
 bgc_2.comp_col._36_/ZN
 bgc_2.comp_col._37_/ZN
 bgc_2.comp_col._38_/ZN
 bgc_2.comp_col._39_/ZN
 bgc_2.comp_col._40_/ZN
 bgc_2.comp_col._41_/ZN
 bgc_2.comp_col._42_/ZN
 bgc_2.comp_col._43_/ZN
 bgc_2.comp_col._44_/ZN
 bgc_2.comp_col._45_/ZN
 bgc_2.comp_col._46_/ZN
 bgc_2.comp_col._47_/ZN
 bgc_2.comp_col._48_/Z
 bgc_2.comp_col._49_/Z
 bgc_2.comp_col._50_/Z
 bgc_2.comp_col._51_/Z
 bgc_2.comp_col._52_/Z
 bgc_2.comp_col._53_/Z
 bgc_2.comp_col._54_/Z
 bgc_2.comp_col._55_/Z
 bgc_2.comp_col._56_/Z
 bgc_2.comp_col._57_/Z
 bgc_2.comp_col._58_/Z
 bgc_2.comp_col._59_/Z
 bgc_2.comp_col._60_/ZN
 bgc_2.comp_col._61_/ZN
 bgc_2.comp_col._62_/ZN
 bgc_2.comp_col._63_/ZN
 bgc_2.comp_col._64_/ZN
 bgc_2.comp_col.pe1._18_/ZN
 bgc_2.comp_col.pe1._19_/ZN
 bgc_2.comp_col.pe1._20_/ZN
 bgc_2.comp_col.pe1._21_/ZN
 bgc_2.comp_col.pe1._22_/ZN
 bgc_2.comp_col.pe1._23_/ZN
 bgc_2.comp_col.pe1._24_/ZN
 bgc_2.comp_col.pe1._25_/ZN
 bgc_2.comp_col.pe1._26_/ZN
 bgc_2.comp_col.pe1._27_/ZN
 bgc_2.comp_col.pe1._28_/ZN
 bgc_2.comp_col.pe1._29_/ZN
 bgc_2.comp_col.pe1._30_/ZN
 bgc_2.comp_col.pe1._31_/ZN
 bgc_2.comp_col.pe1._32_/ZN
 bgc_2.comp_col.pe1._33_/ZN
 bgc_2.comp_col.pe1._34_/ZN
 bgc_2.comp_col.pe1._35_/ZN
 bgc_2.comp_col.pe1._36_/ZN
 bgc_2.comp_col.pe1._37_/ZN
 bgc_2.comp_col.pe1._38_/ZN
 bgc_2.comp_col.pe1._39_/ZN
 bgc_2.comp_col.pe2._18_/ZN
 bgc_2.comp_col.pe2._19_/ZN
 bgc_2.comp_col.pe2._20_/ZN
 bgc_2.comp_col.pe2._21_/ZN
 bgc_2.comp_col.pe2._22_/ZN
 bgc_2.comp_col.pe2._23_/ZN
 bgc_2.comp_col.pe2._24_/ZN
 bgc_2.comp_col.pe2._25_/ZN
 bgc_2.comp_col.pe2._26_/ZN
 bgc_2.comp_col.pe2._27_/ZN
 bgc_2.comp_col.pe2._28_/ZN
 bgc_2.comp_col.pe2._29_/ZN
 bgc_2.comp_col.pe2._30_/ZN
 bgc_2.comp_col.pe2._31_/ZN
 bgc_2.comp_col.pe2._32_/ZN
 bgc_2.comp_col.pe2._33_/ZN
 bgc_2.comp_col.pe2._34_/ZN
 bgc_2.comp_col.pe2._35_/ZN
 bgc_2.comp_col.pe2._36_/ZN
 bgc_2.comp_col.pe2._37_/ZN
 bgc_2.comp_col.pe2._38_/ZN
 bgc_2.comp_col.pe2._39_/ZN
 bgc_2.comp_row._20_/ZN
 bgc_2.comp_row._21_/ZN
 bgc_2.comp_row._22_/ZN
 bgc_2.comp_row._23_/ZN
 bgc_2.comp_row._24_/ZN
 bgc_2.comp_row._25_/ZN
 bgc_2.comp_row._26_/ZN
 bgc_2.comp_row._27_/ZN
 bgc_2.comp_row._28_/ZN
 bgc_2.comp_row._29_/ZN
 bgc_2.comp_row._30_/ZN
 bgc_2.comp_row._31_/ZN
 bgc_2.comp_row._32_/ZN
 bgc_2.comp_row._33_/ZN
 bgc_2.comp_row._34_/ZN
 bgc_2.comp_row._35_/ZN
 bgc_2.comp_row._36_/ZN
 bgc_2.comp_row._37_/ZN
 bgc_2.comp_row._38_/ZN
 bgc_2.comp_row._39_/ZN
 bgc_2.comp_row._40_/ZN
 bgc_2.comp_row._41_/ZN
 bgc_2.comp_row._42_/ZN
 bgc_2.comp_row._43_/ZN
 bgc_2.comp_row._44_/ZN
 bgc_2.comp_row._45_/ZN
 bgc_2.comp_row._46_/ZN
 bgc_2.comp_row._47_/ZN
 bgc_2.comp_row._48_/Z
 bgc_2.comp_row._49_/Z
 bgc_2.comp_row._50_/Z
 bgc_2.comp_row._51_/Z
 bgc_2.comp_row._52_/Z
 bgc_2.comp_row._53_/Z
 bgc_2.comp_row._54_/Z
 bgc_2.comp_row._55_/Z
 bgc_2.comp_row._56_/Z
 bgc_2.comp_row._57_/Z
 bgc_2.comp_row._58_/Z
 bgc_2.comp_row._59_/Z
 bgc_2.comp_row._60_/ZN
 bgc_2.comp_row._61_/ZN
 bgc_2.comp_row._62_/ZN
 bgc_2.comp_row._63_/ZN
 bgc_2.comp_row._64_/ZN
 bgc_2.comp_row.pe1._18_/ZN
 bgc_2.comp_row.pe1._19_/ZN
 bgc_2.comp_row.pe1._20_/ZN
 bgc_2.comp_row.pe1._21_/ZN
 bgc_2.comp_row.pe1._22_/ZN
 bgc_2.comp_row.pe1._23_/ZN
 bgc_2.comp_row.pe1._24_/ZN
 bgc_2.comp_row.pe1._25_/ZN
 bgc_2.comp_row.pe1._26_/ZN
 bgc_2.comp_row.pe1._27_/ZN
 bgc_2.comp_row.pe1._28_/ZN
 bgc_2.comp_row.pe1._29_/ZN
 bgc_2.comp_row.pe1._30_/ZN
 bgc_2.comp_row.pe1._31_/ZN
 bgc_2.comp_row.pe1._32_/ZN
 bgc_2.comp_row.pe1._33_/ZN
 bgc_2.comp_row.pe1._34_/ZN
 bgc_2.comp_row.pe1._35_/ZN
 bgc_2.comp_row.pe1._36_/ZN
 bgc_2.comp_row.pe1._37_/ZN
 bgc_2.comp_row.pe1._38_/ZN
 bgc_2.comp_row.pe1._39_/ZN
 bgc_2.comp_row.pe2._18_/ZN
 bgc_2.comp_row.pe2._19_/ZN
 bgc_2.comp_row.pe2._20_/ZN
 bgc_2.comp_row.pe2._21_/ZN
 bgc_2.comp_row.pe2._22_/ZN
 bgc_2.comp_row.pe2._23_/ZN
 bgc_2.comp_row.pe2._24_/ZN
 bgc_2.comp_row.pe2._25_/ZN
 bgc_2.comp_row.pe2._26_/ZN
 bgc_2.comp_row.pe2._27_/ZN
 bgc_2.comp_row.pe2._28_/ZN
 bgc_2.comp_row.pe2._29_/ZN
 bgc_2.comp_row.pe2._30_/ZN
 bgc_2.comp_row.pe2._31_/ZN
 bgc_2.comp_row.pe2._32_/ZN
 bgc_2.comp_row.pe2._33_/ZN
 bgc_2.comp_row.pe2._34_/ZN
 bgc_2.comp_row.pe2._35_/ZN
 bgc_2.comp_row.pe2._36_/ZN
 bgc_2.comp_row.pe2._37_/ZN
 bgc_2.comp_row.pe2._38_/ZN
 bgc_2.comp_row.pe2._39_/ZN
 bgc_2.final_counter._29_/ZN
 bgc_2.final_counter._30_/ZN
 bgc_2.final_counter._31_/ZN
 bgc_2.final_counter._32_/ZN
 bgc_2.final_counter._33_/ZN
 bgc_2.final_counter._34_/ZN
 bgc_2.final_counter._35_/ZN
 bgc_2.final_counter._36_/ZN
 bgc_2.final_counter._37_/ZN
 bgc_2.final_counter._38_/ZN
 bgc_2.final_counter._39_/Z
 bgc_2.final_counter._40_/ZN
 bgc_2.final_counter._41_/ZN
 bgc_2.final_counter._42_/ZN
 bgc_2.final_counter._43_/Z
 bgc_2.final_counter._44_/ZN
 bgc_2.final_counter._45_/ZN
 bgc_2.final_counter._46_/Z
 bgc_2.final_counter._47_/ZN
 bgc_2.final_counter._48_/ZN
 bgc_2.final_counter._49_/Z
 bgc_2.final_counter._50_/ZN
 bgc_2.final_counter._51_/ZN
 bgc_2.final_counter._52_/ZN
 bgc_2.final_counter._53_/ZN
 bgc_2.final_counter._54_/Z
 bgc_2.final_counter._55_/ZN
 bgc_2.final_counter._56_/ZN
 bgc_2.final_counter._57_/Z
 bgc_2.final_counter._58_/ZN
 bgc_2.final_counter._59_/ZN
 bgc_2.final_counter._60_/ZN
 bgc_2.final_counter._61_/ZN
 bgc_2.final_counter._62_/ZN
 bgc_2.final_counter._63_/ZN
 bgc_2.final_counter._64_/ZN
 bgc_2.final_counter._65_/ZN
 bgc_2.final_counter._66_/ZN
 bgc_2.final_counter._67_/Z
 bgc_2.final_counter._68_/ZN
 bgc_2.final_counter._69_/Q
 bgc_2.final_counter._70_/Q
 bgc_2.final_counter._71_/Q
 bgc_2.final_counter._72_/Q
 bgc_2.final_counter._73_/Q
 bgc_2.final_counter._74_/Q
 bgc_2.final_counter._75_/Q
 bgc_2.final_counter._76_/Q
 bgc_2.final_counter._77_/Q
 bgc_2.final_counter._78_/Q
 bgc_2.final_counter._79_/Q
 bgc_2.final_counter._80_/Q
 bgc_2.lfsr_col._27_/ZN
 bgc_2.lfsr_col._28_/ZN
 bgc_2.lfsr_col._28__934/Z
 bgc_2.lfsr_col._29_/Z
 bgc_2.lfsr_col._29__935/Z
 bgc_2.lfsr_col._30_/Z
 bgc_2.lfsr_col._30__218/ZN
 bgc_2.lfsr_col._31_/Z
 bgc_2.lfsr_col._31__936/Z
 bgc_2.lfsr_col._32_/Z
 bgc_2.lfsr_col._32__219/ZN
 bgc_2.lfsr_col._33_/Z
 bgc_2.lfsr_col._33__937/Z
 bgc_2.lfsr_col._34_/Z
 bgc_2.lfsr_col._34__220/ZN
 bgc_2.lfsr_col._35_/Z
 bgc_2.lfsr_col._35__938/Z
 bgc_2.lfsr_col._36_/Z
 bgc_2.lfsr_col._36__940/Z
 bgc_2.lfsr_col._37_/Z
 bgc_2.lfsr_col._37__221/ZN
 bgc_2.lfsr_col._38_/Z
 bgc_2.lfsr_col._38__222/ZN
 bgc_2.lfsr_col._39_/Z
 bgc_2.lfsr_col._39__941/Z
 bgc_2.lfsr_col._40_/Z
 bgc_2.lfsr_col._40__223/ZN
 bgc_2.lfsr_col._41_/Z
 bgc_2.lfsr_col._42_/Z
 bgc_2.lfsr_col._43_/Z
 bgc_2.lfsr_col._44_/Z
 bgc_2.lfsr_col._44__224/ZN
 bgc_2.lfsr_col._45_/Z
 bgc_2.lfsr_col._45__942/Z
 bgc_2.lfsr_col._46_/Z
 bgc_2.lfsr_col._46__225/ZN
 bgc_2.lfsr_col._47_/Z
 bgc_2.lfsr_col._47__226/ZN
 bgc_2.lfsr_col._48_/Z
 bgc_2.lfsr_col._48__943/Z
 bgc_2.lfsr_col._49_/Z
 bgc_2.lfsr_col._49__944/Z
 bgc_2.lfsr_col._50_/Z
 bgc_2.lfsr_col._50__228/ZN
 bgc_2.lfsr_col._51_/Z
 bgc_2.lfsr_col._51__945/Z
 bgc_2.lfsr_col._52_/Z
 bgc_2.lfsr_col._52__229/ZN
 bgc_2.lfsr_col._53_/Z
 bgc_2.lfsr_col._53__946/Z
 bgc_2.lfsr_col._54_/Z
 bgc_2.lfsr_col._54__230/ZN
 bgc_2.lfsr_col._55_/Z
 bgc_2.lfsr_col._55__947/Z
 bgc_2.lfsr_col._56_/Z
 bgc_2.lfsr_col._57_/Z
 bgc_2.lfsr_col._58_/Z
 bgc_2.lfsr_col._59_/Z
 bgc_2.lfsr_col._60_/Z
 bgc_2.lfsr_col._61_/Z
 bgc_2.lfsr_col._62_/Z
 bgc_2.lfsr_col._63_/Z
 bgc_2.lfsr_col._64_/Z
 bgc_2.lfsr_col._65_/Z
 bgc_2.lfsr_col._66_/ZN
 bgc_2.lfsr_col._66__231/ZN
 bgc_2.lfsr_col._67_/ZN
 bgc_2.lfsr_col._67__948/Z
 bgc_2.lfsr_col._68_/ZN
 bgc_2.lfsr_col._68__232/ZN
 bgc_2.lfsr_col._69_/ZN
 bgc_2.lfsr_col._69__234/ZN
 bgc_2.lfsr_col._70_/ZN
 bgc_2.lfsr_col._70__949/Z
 bgc_2.lfsr_col._71_/ZN
 bgc_2.lfsr_col._71__950/Z
 bgc_2.lfsr_col._72_/ZN
 bgc_2.lfsr_col._72__235/ZN
 bgc_2.lfsr_col._73_/ZN
 bgc_2.lfsr_col._73__951/Z
 bgc_2.lfsr_col._74_/ZN
 bgc_2.lfsr_col._74__236/ZN
 bgc_2.lfsr_col._75_/ZN
 bgc_2.lfsr_col._75__952/Z
 bgc_2.lfsr_col._76_/ZN
 bgc_2.lfsr_col._76__237/ZN
 bgc_2.lfsr_col._77_/Q
 bgc_2.lfsr_col._78_/Q
 bgc_2.lfsr_col._79_/Q
 bgc_2.lfsr_col._80_/Q
 bgc_2.lfsr_col._81_/Q
 bgc_2.lfsr_col._82_/Q
 bgc_2.lfsr_col._83_/Q
 bgc_2.lfsr_col._84_/Q
 bgc_2.lfsr_col._85_/Q
 bgc_2.lfsr_col._86_/Q
 bgc_2.lfsr_col._87_/Q
 bgc_2.lfsr_col._88_/Q
 bgc_2.lfsr_row._27_/ZN
 bgc_2.lfsr_row._28_/ZN
 bgc_2.lfsr_row._28__238/ZN
 bgc_2.lfsr_row._29_/Z
 bgc_2.lfsr_row._29__239/ZN
 bgc_2.lfsr_row._30_/Z
 bgc_2.lfsr_row._30__240/ZN
 bgc_2.lfsr_row._31_/Z
 bgc_2.lfsr_row._31__954/Z
 bgc_2.lfsr_row._32_/Z
 bgc_2.lfsr_row._32__955/Z
 bgc_2.lfsr_row._33_/Z
 bgc_2.lfsr_row._33__241/ZN
 bgc_2.lfsr_row._34_/Z
 bgc_2.lfsr_row._34__242/ZN
 bgc_2.lfsr_row._35_/Z
 bgc_2.lfsr_row._35__243/ZN
 bgc_2.lfsr_row._36_/Z
 bgc_2.lfsr_row._36__956/Z
 bgc_2.lfsr_row._37_/Z
 bgc_2.lfsr_row._37__957/Z
 bgc_2.lfsr_row._38_/Z
 bgc_2.lfsr_row._38__244/ZN
 bgc_2.lfsr_row._39_/Z
 bgc_2.lfsr_row._39__958/Z
 bgc_2.lfsr_row._40_/Z
 bgc_2.lfsr_row._40__245/ZN
 bgc_2.lfsr_row._41_/Z
 bgc_2.lfsr_row._42_/Z
 bgc_2.lfsr_row._43_/Z
 bgc_2.lfsr_row._44_/Z
 bgc_2.lfsr_row._44__246/ZN
 bgc_2.lfsr_row._45_/Z
 bgc_2.lfsr_row._45__960/Z
 bgc_2.lfsr_row._46_/Z
 bgc_2.lfsr_row._46__247/ZN
 bgc_2.lfsr_row._47_/Z
 bgc_2.lfsr_row._47__961/Z
 bgc_2.lfsr_row._48_/Z
 bgc_2.lfsr_row._48__962/Z
 bgc_2.lfsr_row._49_/Z
 bgc_2.lfsr_row._49__248/ZN
 bgc_2.lfsr_row._50_/Z
 bgc_2.lfsr_row._50__249/ZN
 bgc_2.lfsr_row._51_/Z
 bgc_2.lfsr_row._51__250/ZN
 bgc_2.lfsr_row._52_/Z
 bgc_2.lfsr_row._52__963/Z
 bgc_2.lfsr_row._53_/Z
 bgc_2.lfsr_row._53__964/Z
 bgc_2.lfsr_row._54_/Z
 bgc_2.lfsr_row._54__252/ZN
 bgc_2.lfsr_row._55_/Z
 bgc_2.lfsr_row._55__253/ZN
 bgc_2.lfsr_row._56_/Z
 bgc_2.lfsr_row._57_/Z
 bgc_2.lfsr_row._58_/Z
 bgc_2.lfsr_row._59_/Z
 bgc_2.lfsr_row._60_/Z
 bgc_2.lfsr_row._61_/Z
 bgc_2.lfsr_row._62_/Z
 bgc_2.lfsr_row._63_/Z
 bgc_2.lfsr_row._64_/Z
 bgc_2.lfsr_row._65_/Z
 bgc_2.lfsr_row._66_/ZN
 bgc_2.lfsr_row._66__254/ZN
 bgc_2.lfsr_row._67_/ZN
 bgc_2.lfsr_row._67__965/Z
 bgc_2.lfsr_row._68_/ZN
 bgc_2.lfsr_row._68__255/ZN
 bgc_2.lfsr_row._69_/ZN
 bgc_2.lfsr_row._69__966/Z
 bgc_2.lfsr_row._70_/ZN
 bgc_2.lfsr_row._70__967/Z
 bgc_2.lfsr_row._71_/ZN
 bgc_2.lfsr_row._71__256/ZN
 bgc_2.lfsr_row._72_/ZN
 bgc_2.lfsr_row._72__257/ZN
 bgc_2.lfsr_row._73_/ZN
 bgc_2.lfsr_row._73__258/ZN
 bgc_2.lfsr_row._74_/ZN
 bgc_2.lfsr_row._74__969/Z
 bgc_2.lfsr_row._75_/ZN
 bgc_2.lfsr_row._75__970/Z
 bgc_2.lfsr_row._76_/ZN
 bgc_2.lfsr_row._76__259/ZN
 bgc_2.lfsr_row._77_/Q
 bgc_2.lfsr_row._78_/Q
 bgc_2.lfsr_row._79_/Q
 bgc_2.lfsr_row._80_/Q
 bgc_2.lfsr_row._81_/Q
 bgc_2.lfsr_row._82_/Q
 bgc_2.lfsr_row._83_/Q
 bgc_2.lfsr_row._84_/Q
 bgc_2.lfsr_row._85_/Q
 bgc_2.lfsr_row._86_/Q
 bgc_2.lfsr_row._87_/Q
 bgc_2.lfsr_row._88_/Q
 bgc_2.row_reg._053_/ZN
 bgc_2.row_reg._054_/ZN
 bgc_2.row_reg._055_/ZN
 bgc_2.row_reg._056_/ZN
 bgc_2.row_reg._056__260/ZN
 bgc_2.row_reg._057_/ZN
 bgc_2.row_reg._058_/ZN
 bgc_2.row_reg._058__261/ZN
 bgc_2.row_reg._059_/ZN
 bgc_2.row_reg._060_/ZN
 bgc_2.row_reg._060__262/ZN
 bgc_2.row_reg._061_/ZN
 bgc_2.row_reg._062_/ZN
 bgc_2.row_reg._062__263/ZN
 bgc_2.row_reg._063_/ZN
 bgc_2.row_reg._064_/ZN
 bgc_2.row_reg._064__264/ZN
 bgc_2.row_reg._065_/ZN
 bgc_2.row_reg._066_/ZN
 bgc_2.row_reg._066__265/ZN
 bgc_2.row_reg._067_/ZN
 bgc_2.row_reg._068_/ZN
 bgc_2.row_reg._068__266/ZN
 bgc_2.row_reg._069_/ZN
 bgc_2.row_reg._070_/ZN
 bgc_2.row_reg._070__267/ZN
 bgc_2.row_reg._071_/ZN
 bgc_2.row_reg._072_/ZN
 bgc_2.row_reg._072__268/ZN
 bgc_2.row_reg._073_/ZN
 bgc_2.row_reg._074_/ZN
 bgc_2.row_reg._074__269/ZN
 bgc_2.row_reg._075_/ZN
 bgc_2.row_reg._076_/ZN
 bgc_2.row_reg._076__270/ZN
 bgc_2.row_reg._077_/ZN
 bgc_2.row_reg._078_/ZN
 bgc_2.row_reg._078__271/ZN
 bgc_2.row_reg._079_/ZN
 bgc_2.row_reg._080_/Z
 bgc_2.row_reg._081_/ZN
 bgc_2.row_reg._082_/ZN
 bgc_2.row_reg._083_/ZN
 bgc_2.row_reg._084_/ZN
 bgc_2.row_reg._085_/ZN
 bgc_2.row_reg._086_/ZN
 bgc_2.row_reg._087_/ZN
 bgc_2.row_reg._088_/ZN
 bgc_2.row_reg._089_/ZN
 bgc_2.row_reg._090_/ZN
 bgc_2.row_reg._091_/ZN
 bgc_2.row_reg._092_/ZN
 bgc_2.row_reg._093_/ZN
 bgc_2.row_reg._094_/ZN
 bgc_2.row_reg._095_/ZN
 bgc_2.row_reg._096_/ZN
 bgc_2.row_reg._097_/ZN
 bgc_2.row_reg._098_/ZN
 bgc_2.row_reg._099_/ZN
 bgc_2.row_reg._100_/ZN
 bgc_2.row_reg._101_/ZN
 bgc_2.row_reg._102_/ZN
 bgc_2.row_reg._103_/ZN
 bgc_2.row_reg._104_/ZN
 bgc_2.row_reg._105_/ZN
 bgc_2.row_reg._106_/ZN
 bgc_2.row_reg._107_/ZN
 bgc_2.row_reg._108_/ZN
 bgc_2.row_reg._109_/ZN
 bgc_2.row_reg._110_/ZN
 bgc_2.row_reg._111_/ZN
 bgc_2.row_reg._112_/ZN
 bgc_2.row_reg._113_/ZN
 bgc_2.row_reg._114_/ZN
 bgc_2.row_reg._115_/ZN
 bgc_2.row_reg._116_/ZN
 bgc_2.row_reg._117_/Q
 bgc_2.row_reg._118_/Q
 bgc_2.row_reg._119_/Q
 bgc_2.row_reg._120_/Q
 bgc_2.row_reg._121_/Q
 bgc_2.row_reg._122_/Q
 bgc_2.row_reg._123_/Q
 bgc_2.row_reg._124_/Q
 bgc_2.row_reg._125_/Q
 bgc_2.row_reg._126_/Q
 bgc_2.row_reg._127_/Q
 bgc_2.row_reg._128_/Q
 bgc_3._05_/ZN
 bgc_3._06_/ZN
 bgc_3._07_/ZN
 bgc_3._07__272/ZN
 bgc_3._08_/ZN
 bgc_3._09_/Z
 bgc_3._10_/ZN
 bgc_3._11_/Z
 bgc_3._11__273/ZN
 bgc_3._12_/Z
 bgc_3._13_/Z
 bgc_3._14_/Z
 bgc_3._15_/Z
 bgc_3._16_/Z
 bgc_3._17_/Z
 bgc_3._18_/Z
 bgc_3._19_/Z
 bgc_3._20_/Z
 bgc_3._21_/Z
 bgc_3._22_/Z
 bgc_3._23_/Z
 bgc_3._24_/ZN
 bgc_3._25_/ZN
 bgc_3.col_reg._053_/ZN
 bgc_3.col_reg._054_/ZN
 bgc_3.col_reg._055_/ZN
 bgc_3.col_reg._056_/ZN
 bgc_3.col_reg._057_/ZN
 bgc_3.col_reg._058_/ZN
 bgc_3.col_reg._059_/ZN
 bgc_3.col_reg._060_/ZN
 bgc_3.col_reg._061_/ZN
 bgc_3.col_reg._062_/ZN
 bgc_3.col_reg._063_/ZN
 bgc_3.col_reg._064_/ZN
 bgc_3.col_reg._065_/ZN
 bgc_3.col_reg._066_/ZN
 bgc_3.col_reg._067_/ZN
 bgc_3.col_reg._068_/ZN
 bgc_3.col_reg._069_/ZN
 bgc_3.col_reg._070_/ZN
 bgc_3.col_reg._071_/ZN
 bgc_3.col_reg._072_/ZN
 bgc_3.col_reg._073_/ZN
 bgc_3.col_reg._074_/ZN
 bgc_3.col_reg._075_/ZN
 bgc_3.col_reg._076_/ZN
 bgc_3.col_reg._077_/ZN
 bgc_3.col_reg._078_/ZN
 bgc_3.col_reg._079_/ZN
 bgc_3.col_reg._080_/Z
 bgc_3.col_reg._081_/ZN
 bgc_3.col_reg._082_/ZN
 bgc_3.col_reg._083_/ZN
 bgc_3.col_reg._084_/ZN
 bgc_3.col_reg._085_/ZN
 bgc_3.col_reg._086_/ZN
 bgc_3.col_reg._087_/ZN
 bgc_3.col_reg._088_/ZN
 bgc_3.col_reg._089_/ZN
 bgc_3.col_reg._090_/ZN
 bgc_3.col_reg._091_/ZN
 bgc_3.col_reg._092_/ZN
 bgc_3.col_reg._093_/ZN
 bgc_3.col_reg._094_/ZN
 bgc_3.col_reg._095_/ZN
 bgc_3.col_reg._096_/ZN
 bgc_3.col_reg._097_/ZN
 bgc_3.col_reg._098_/ZN
 bgc_3.col_reg._099_/ZN
 bgc_3.col_reg._100_/ZN
 bgc_3.col_reg._101_/ZN
 bgc_3.col_reg._102_/ZN
 bgc_3.col_reg._103_/ZN
 bgc_3.col_reg._104_/ZN
 bgc_3.col_reg._105_/ZN
 bgc_3.col_reg._106_/ZN
 bgc_3.col_reg._107_/ZN
 bgc_3.col_reg._108_/ZN
 bgc_3.col_reg._109_/ZN
 bgc_3.col_reg._110_/ZN
 bgc_3.col_reg._111_/ZN
 bgc_3.col_reg._112_/ZN
 bgc_3.col_reg._113_/ZN
 bgc_3.col_reg._114_/ZN
 bgc_3.col_reg._115_/ZN
 bgc_3.col_reg._116_/ZN
 bgc_3.col_reg._117_/Q
 bgc_3.col_reg._118_/Q
 bgc_3.col_reg._119_/Q
 bgc_3.col_reg._120_/Q
 bgc_3.col_reg._121_/Q
 bgc_3.col_reg._122_/Q
 bgc_3.col_reg._123_/Q
 bgc_3.col_reg._124_/Q
 bgc_3.col_reg._125_/Q
 bgc_3.col_reg._126_/Q
 bgc_3.col_reg._127_/Q
 bgc_3.col_reg._128_/Q
 bgc_3.comp_col._20_/ZN
 bgc_3.comp_col._21_/ZN
 bgc_3.comp_col._22_/ZN
 bgc_3.comp_col._23_/ZN
 bgc_3.comp_col._24_/ZN
 bgc_3.comp_col._25_/ZN
 bgc_3.comp_col._26_/ZN
 bgc_3.comp_col._27_/ZN
 bgc_3.comp_col._28_/ZN
 bgc_3.comp_col._29_/ZN
 bgc_3.comp_col._30_/ZN
 bgc_3.comp_col._31_/ZN
 bgc_3.comp_col._32_/ZN
 bgc_3.comp_col._33_/ZN
 bgc_3.comp_col._34_/ZN
 bgc_3.comp_col._35_/ZN
 bgc_3.comp_col._36_/ZN
 bgc_3.comp_col._37_/ZN
 bgc_3.comp_col._38_/ZN
 bgc_3.comp_col._39_/ZN
 bgc_3.comp_col._40_/ZN
 bgc_3.comp_col._41_/ZN
 bgc_3.comp_col._42_/ZN
 bgc_3.comp_col._43_/ZN
 bgc_3.comp_col._44_/ZN
 bgc_3.comp_col._45_/ZN
 bgc_3.comp_col._46_/ZN
 bgc_3.comp_col._47_/ZN
 bgc_3.comp_col._48_/Z
 bgc_3.comp_col._49_/Z
 bgc_3.comp_col._50_/Z
 bgc_3.comp_col._51_/Z
 bgc_3.comp_col._52_/Z
 bgc_3.comp_col._53_/Z
 bgc_3.comp_col._54_/Z
 bgc_3.comp_col._55_/Z
 bgc_3.comp_col._56_/Z
 bgc_3.comp_col._57_/Z
 bgc_3.comp_col._58_/Z
 bgc_3.comp_col._59_/Z
 bgc_3.comp_col._60_/ZN
 bgc_3.comp_col._61_/ZN
 bgc_3.comp_col._62_/ZN
 bgc_3.comp_col._63_/ZN
 bgc_3.comp_col._64_/ZN
 bgc_3.comp_col.pe1._18_/ZN
 bgc_3.comp_col.pe1._19_/ZN
 bgc_3.comp_col.pe1._20_/ZN
 bgc_3.comp_col.pe1._21_/ZN
 bgc_3.comp_col.pe1._22_/ZN
 bgc_3.comp_col.pe1._23_/ZN
 bgc_3.comp_col.pe1._24_/ZN
 bgc_3.comp_col.pe1._25_/ZN
 bgc_3.comp_col.pe1._26_/ZN
 bgc_3.comp_col.pe1._27_/ZN
 bgc_3.comp_col.pe1._28_/ZN
 bgc_3.comp_col.pe1._29_/ZN
 bgc_3.comp_col.pe1._30_/ZN
 bgc_3.comp_col.pe1._31_/ZN
 bgc_3.comp_col.pe1._32_/ZN
 bgc_3.comp_col.pe1._33_/ZN
 bgc_3.comp_col.pe1._34_/ZN
 bgc_3.comp_col.pe1._35_/ZN
 bgc_3.comp_col.pe1._36_/ZN
 bgc_3.comp_col.pe1._37_/ZN
 bgc_3.comp_col.pe1._38_/ZN
 bgc_3.comp_col.pe1._39_/ZN
 bgc_3.comp_col.pe2._18_/ZN
 bgc_3.comp_col.pe2._19_/ZN
 bgc_3.comp_col.pe2._20_/ZN
 bgc_3.comp_col.pe2._21_/ZN
 bgc_3.comp_col.pe2._22_/ZN
 bgc_3.comp_col.pe2._23_/ZN
 bgc_3.comp_col.pe2._24_/ZN
 bgc_3.comp_col.pe2._25_/ZN
 bgc_3.comp_col.pe2._26_/ZN
 bgc_3.comp_col.pe2._27_/ZN
 bgc_3.comp_col.pe2._28_/ZN
 bgc_3.comp_col.pe2._29_/ZN
 bgc_3.comp_col.pe2._30_/ZN
 bgc_3.comp_col.pe2._31_/ZN
 bgc_3.comp_col.pe2._32_/ZN
 bgc_3.comp_col.pe2._33_/ZN
 bgc_3.comp_col.pe2._34_/ZN
 bgc_3.comp_col.pe2._35_/ZN
 bgc_3.comp_col.pe2._36_/ZN
 bgc_3.comp_col.pe2._37_/ZN
 bgc_3.comp_col.pe2._38_/ZN
 bgc_3.comp_col.pe2._39_/ZN
 bgc_3.comp_row._20_/ZN
 bgc_3.comp_row._21_/ZN
 bgc_3.comp_row._22_/ZN
 bgc_3.comp_row._23_/ZN
 bgc_3.comp_row._24_/ZN
 bgc_3.comp_row._25_/ZN
 bgc_3.comp_row._26_/ZN
 bgc_3.comp_row._27_/ZN
 bgc_3.comp_row._28_/ZN
 bgc_3.comp_row._29_/ZN
 bgc_3.comp_row._30_/ZN
 bgc_3.comp_row._31_/ZN
 bgc_3.comp_row._32_/ZN
 bgc_3.comp_row._33_/ZN
 bgc_3.comp_row._34_/ZN
 bgc_3.comp_row._35_/ZN
 bgc_3.comp_row._36_/ZN
 bgc_3.comp_row._37_/ZN
 bgc_3.comp_row._38_/ZN
 bgc_3.comp_row._39_/ZN
 bgc_3.comp_row._40_/ZN
 bgc_3.comp_row._41_/ZN
 bgc_3.comp_row._42_/ZN
 bgc_3.comp_row._43_/ZN
 bgc_3.comp_row._44_/ZN
 bgc_3.comp_row._45_/ZN
 bgc_3.comp_row._46_/ZN
 bgc_3.comp_row._47_/ZN
 bgc_3.comp_row._48_/Z
 bgc_3.comp_row._49_/Z
 bgc_3.comp_row._50_/Z
 bgc_3.comp_row._51_/Z
 bgc_3.comp_row._52_/Z
 bgc_3.comp_row._53_/Z
 bgc_3.comp_row._54_/Z
 bgc_3.comp_row._55_/Z
 bgc_3.comp_row._56_/Z
 bgc_3.comp_row._57_/Z
 bgc_3.comp_row._58_/Z
 bgc_3.comp_row._59_/Z
 bgc_3.comp_row._60_/ZN
 bgc_3.comp_row._61_/ZN
 bgc_3.comp_row._62_/ZN
 bgc_3.comp_row._63_/ZN
 bgc_3.comp_row._64_/ZN
 bgc_3.comp_row.pe1._18_/ZN
 bgc_3.comp_row.pe1._19_/ZN
 bgc_3.comp_row.pe1._20_/ZN
 bgc_3.comp_row.pe1._21_/ZN
 bgc_3.comp_row.pe1._22_/ZN
 bgc_3.comp_row.pe1._23_/ZN
 bgc_3.comp_row.pe1._24_/ZN
 bgc_3.comp_row.pe1._25_/ZN
 bgc_3.comp_row.pe1._26_/ZN
 bgc_3.comp_row.pe1._27_/ZN
 bgc_3.comp_row.pe1._28_/ZN
 bgc_3.comp_row.pe1._29_/ZN
 bgc_3.comp_row.pe1._30_/ZN
 bgc_3.comp_row.pe1._31_/ZN
 bgc_3.comp_row.pe1._32_/ZN
 bgc_3.comp_row.pe1._33_/ZN
 bgc_3.comp_row.pe1._34_/ZN
 bgc_3.comp_row.pe1._35_/ZN
 bgc_3.comp_row.pe1._36_/ZN
 bgc_3.comp_row.pe1._37_/ZN
 bgc_3.comp_row.pe1._38_/ZN
 bgc_3.comp_row.pe1._39_/ZN
 bgc_3.comp_row.pe2._18_/ZN
 bgc_3.comp_row.pe2._19_/ZN
 bgc_3.comp_row.pe2._20_/ZN
 bgc_3.comp_row.pe2._21_/ZN
 bgc_3.comp_row.pe2._22_/ZN
 bgc_3.comp_row.pe2._23_/ZN
 bgc_3.comp_row.pe2._24_/ZN
 bgc_3.comp_row.pe2._25_/ZN
 bgc_3.comp_row.pe2._26_/ZN
 bgc_3.comp_row.pe2._27_/ZN
 bgc_3.comp_row.pe2._28_/ZN
 bgc_3.comp_row.pe2._29_/ZN
 bgc_3.comp_row.pe2._30_/ZN
 bgc_3.comp_row.pe2._31_/ZN
 bgc_3.comp_row.pe2._32_/ZN
 bgc_3.comp_row.pe2._33_/ZN
 bgc_3.comp_row.pe2._34_/ZN
 bgc_3.comp_row.pe2._35_/ZN
 bgc_3.comp_row.pe2._36_/ZN
 bgc_3.comp_row.pe2._37_/ZN
 bgc_3.comp_row.pe2._38_/ZN
 bgc_3.comp_row.pe2._39_/ZN
 bgc_3.final_counter._29_/ZN
 bgc_3.final_counter._30_/ZN
 bgc_3.final_counter._31_/ZN
 bgc_3.final_counter._32_/ZN
 bgc_3.final_counter._33_/ZN
 bgc_3.final_counter._34_/ZN
 bgc_3.final_counter._35_/ZN
 bgc_3.final_counter._36_/ZN
 bgc_3.final_counter._37_/ZN
 bgc_3.final_counter._38_/ZN
 bgc_3.final_counter._39_/Z
 bgc_3.final_counter._40_/ZN
 bgc_3.final_counter._41_/ZN
 bgc_3.final_counter._42_/ZN
 bgc_3.final_counter._43_/Z
 bgc_3.final_counter._44_/ZN
 bgc_3.final_counter._45_/ZN
 bgc_3.final_counter._46_/Z
 bgc_3.final_counter._47_/ZN
 bgc_3.final_counter._48_/ZN
 bgc_3.final_counter._49_/Z
 bgc_3.final_counter._50_/ZN
 bgc_3.final_counter._51_/ZN
 bgc_3.final_counter._52_/ZN
 bgc_3.final_counter._53_/ZN
 bgc_3.final_counter._54_/Z
 bgc_3.final_counter._55_/ZN
 bgc_3.final_counter._56_/ZN
 bgc_3.final_counter._57_/Z
 bgc_3.final_counter._58_/ZN
 bgc_3.final_counter._59_/ZN
 bgc_3.final_counter._60_/ZN
 bgc_3.final_counter._61_/ZN
 bgc_3.final_counter._62_/ZN
 bgc_3.final_counter._63_/ZN
 bgc_3.final_counter._64_/ZN
 bgc_3.final_counter._65_/ZN
 bgc_3.final_counter._66_/ZN
 bgc_3.final_counter._67_/Z
 bgc_3.final_counter._68_/ZN
 bgc_3.final_counter._69_/Q
 bgc_3.final_counter._70_/Q
 bgc_3.final_counter._71_/Q
 bgc_3.final_counter._72_/Q
 bgc_3.final_counter._73_/Q
 bgc_3.final_counter._74_/Q
 bgc_3.final_counter._75_/Q
 bgc_3.final_counter._76_/Q
 bgc_3.final_counter._77_/Q
 bgc_3.final_counter._78_/Q
 bgc_3.final_counter._79_/Q
 bgc_3.final_counter._80_/Q
 bgc_3.lfsr_col._27_/ZN
 bgc_3.lfsr_col._28_/ZN
 bgc_3.lfsr_col._28__274/ZN
 bgc_3.lfsr_col._29_/Z
 bgc_3.lfsr_col._29__275/ZN
 bgc_3.lfsr_col._30_/Z
 bgc_3.lfsr_col._30__277/ZN
 bgc_3.lfsr_col._31_/Z
 bgc_3.lfsr_col._31__972/Z
 bgc_3.lfsr_col._32_/Z
 bgc_3.lfsr_col._32__973/Z
 bgc_3.lfsr_col._33_/Z
 bgc_3.lfsr_col._33__974/Z
 bgc_3.lfsr_col._34_/Z
 bgc_3.lfsr_col._34__278/ZN
 bgc_3.lfsr_col._35_/Z
 bgc_3.lfsr_col._35__975/Z
 bgc_3.lfsr_col._36_/Z
 bgc_3.lfsr_col._36__976/Z
 bgc_3.lfsr_col._37_/Z
 bgc_3.lfsr_col._37__977/Z
 bgc_3.lfsr_col._38_/Z
 bgc_3.lfsr_col._38__978/Z
 bgc_3.lfsr_col._39_/Z
 bgc_3.lfsr_col._39__979/Z
 bgc_3.lfsr_col._40_/Z
 bgc_3.lfsr_col._40__981/Z
 bgc_3.lfsr_col._41_/Z
 bgc_3.lfsr_col._42_/Z
 bgc_3.lfsr_col._43_/Z
 bgc_3.lfsr_col._44_/Z
 bgc_3.lfsr_col._44__982/Z
 bgc_3.lfsr_col._45_/Z
 bgc_3.lfsr_col._45__983/Z
 bgc_3.lfsr_col._46_/Z
 bgc_3.lfsr_col._46__984/Z
 bgc_3.lfsr_col._47_/Z
 bgc_3.lfsr_col._47__985/Z
 bgc_3.lfsr_col._48_/Z
 bgc_3.lfsr_col._48__986/Z
 bgc_3.lfsr_col._49_/Z
 bgc_3.lfsr_col._49__987/Z
 bgc_3.lfsr_col._50_/Z
 bgc_3.lfsr_col._50__279/ZN
 bgc_3.lfsr_col._51_/Z
 bgc_3.lfsr_col._51__988/Z
 bgc_3.lfsr_col._52_/Z
 bgc_3.lfsr_col._52__989/Z
 bgc_3.lfsr_col._53_/Z
 bgc_3.lfsr_col._53__990/Z
 bgc_3.lfsr_col._54_/Z
 bgc_3.lfsr_col._54__281/ZN
 bgc_3.lfsr_col._55_/Z
 bgc_3.lfsr_col._55__282/ZN
 bgc_3.lfsr_col._56_/Z
 bgc_3.lfsr_col._57_/Z
 bgc_3.lfsr_col._58_/Z
 bgc_3.lfsr_col._59_/Z
 bgc_3.lfsr_col._60_/Z
 bgc_3.lfsr_col._61_/Z
 bgc_3.lfsr_col._62_/Z
 bgc_3.lfsr_col._63_/Z
 bgc_3.lfsr_col._64_/Z
 bgc_3.lfsr_col._65_/Z
 bgc_3.lfsr_col._66_/ZN
 bgc_3.lfsr_col._66__991/Z
 bgc_3.lfsr_col._67_/ZN
 bgc_3.lfsr_col._67__992/Z
 bgc_3.lfsr_col._68_/ZN
 bgc_3.lfsr_col._68__993/Z
 bgc_3.lfsr_col._69_/ZN
 bgc_3.lfsr_col._69__994/Z
 bgc_3.lfsr_col._70_/ZN
 bgc_3.lfsr_col._70__995/Z
 bgc_3.lfsr_col._71_/ZN
 bgc_3.lfsr_col._71__996/Z
 bgc_3.lfsr_col._72_/ZN
 bgc_3.lfsr_col._72__283/ZN
 bgc_3.lfsr_col._73_/ZN
 bgc_3.lfsr_col._73__998/Z
 bgc_3.lfsr_col._74_/ZN
 bgc_3.lfsr_col._74__999/Z
 bgc_3.lfsr_col._75_/ZN
 bgc_3.lfsr_col._75__1000/Z
 bgc_3.lfsr_col._76_/ZN
 bgc_3.lfsr_col._76__284/ZN
 bgc_3.lfsr_col._77_/Q
 bgc_3.lfsr_col._78_/Q
 bgc_3.lfsr_col._79_/Q
 bgc_3.lfsr_col._80_/Q
 bgc_3.lfsr_col._81_/Q
 bgc_3.lfsr_col._82_/Q
 bgc_3.lfsr_col._83_/Q
 bgc_3.lfsr_col._84_/Q
 bgc_3.lfsr_col._85_/Q
 bgc_3.lfsr_col._86_/Q
 bgc_3.lfsr_col._87_/Q
 bgc_3.lfsr_col._88_/Q
 bgc_3.lfsr_row._27_/ZN
 bgc_3.lfsr_row._28_/ZN
 bgc_3.lfsr_row._28__285/ZN
 bgc_3.lfsr_row._29_/Z
 bgc_3.lfsr_row._29__286/ZN
 bgc_3.lfsr_row._30_/Z
 bgc_3.lfsr_row._30__1001/Z
 bgc_3.lfsr_row._31_/Z
 bgc_3.lfsr_row._31__1002/Z
 bgc_3.lfsr_row._32_/Z
 bgc_3.lfsr_row._32__1003/Z
 bgc_3.lfsr_row._33_/Z
 bgc_3.lfsr_row._33__1004/Z
 bgc_3.lfsr_row._34_/Z
 bgc_3.lfsr_row._34__288/ZN
 bgc_3.lfsr_row._35_/Z
 bgc_3.lfsr_row._35__289/ZN
 bgc_3.lfsr_row._36_/Z
 bgc_3.lfsr_row._36__1005/Z
 bgc_3.lfsr_row._37_/Z
 bgc_3.lfsr_row._37__1006/Z
 bgc_3.lfsr_row._38_/Z
 bgc_3.lfsr_row._38__1007/Z
 bgc_3.lfsr_row._39_/Z
 bgc_3.lfsr_row._39__1008/Z
 bgc_3.lfsr_row._40_/Z
 bgc_3.lfsr_row._40__290/ZN
 bgc_3.lfsr_row._41_/Z
 bgc_3.lfsr_row._42_/Z
 bgc_3.lfsr_row._43_/Z
 bgc_3.lfsr_row._44_/Z
 bgc_3.lfsr_row._44__291/ZN
 bgc_3.lfsr_row._45_/Z
 bgc_3.lfsr_row._45__1009/Z
 bgc_3.lfsr_row._46_/Z
 bgc_3.lfsr_row._46__1010/Z
 bgc_3.lfsr_row._47_/Z
 bgc_3.lfsr_row._47__1011/Z
 bgc_3.lfsr_row._48_/Z
 bgc_3.lfsr_row._48__1012/Z
 bgc_3.lfsr_row._49_/Z
 bgc_3.lfsr_row._49__293/ZN
 bgc_3.lfsr_row._50_/Z
 bgc_3.lfsr_row._50__294/ZN
 bgc_3.lfsr_row._51_/Z
 bgc_3.lfsr_row._51__1013/Z
 bgc_3.lfsr_row._52_/Z
 bgc_3.lfsr_row._52__1014/Z
 bgc_3.lfsr_row._53_/Z
 bgc_3.lfsr_row._53__1015/Z
 bgc_3.lfsr_row._54_/Z
 bgc_3.lfsr_row._54__1016/Z
 bgc_3.lfsr_row._55_/Z
 bgc_3.lfsr_row._55__295/ZN
 bgc_3.lfsr_row._56_/Z
 bgc_3.lfsr_row._57_/Z
 bgc_3.lfsr_row._58_/Z
 bgc_3.lfsr_row._59_/Z
 bgc_3.lfsr_row._60_/Z
 bgc_3.lfsr_row._61_/Z
 bgc_3.lfsr_row._62_/Z
 bgc_3.lfsr_row._63_/Z
 bgc_3.lfsr_row._64_/Z
 bgc_3.lfsr_row._65_/Z
 bgc_3.lfsr_row._66_/ZN
 bgc_3.lfsr_row._66__296/ZN
 bgc_3.lfsr_row._67_/ZN
 bgc_3.lfsr_row._67__1018/Z
 bgc_3.lfsr_row._68_/ZN
 bgc_3.lfsr_row._68__1019/Z
 bgc_3.lfsr_row._69_/ZN
 bgc_3.lfsr_row._69__1020/Z
 bgc_3.lfsr_row._70_/ZN
 bgc_3.lfsr_row._70__1021/Z
 bgc_3.lfsr_row._71_/ZN
 bgc_3.lfsr_row._71__297/ZN
 bgc_3.lfsr_row._72_/ZN
 bgc_3.lfsr_row._72__298/ZN
 bgc_3.lfsr_row._73_/ZN
 bgc_3.lfsr_row._73__1022/Z
 bgc_3.lfsr_row._74_/ZN
 bgc_3.lfsr_row._74__1023/Z
 bgc_3.lfsr_row._75_/ZN
 bgc_3.lfsr_row._75__1024/Z
 bgc_3.lfsr_row._76_/ZN
 bgc_3.lfsr_row._76__1025/Z
 bgc_3.lfsr_row._77_/Q
 bgc_3.lfsr_row._78_/Q
 bgc_3.lfsr_row._79_/Q
 bgc_3.lfsr_row._80_/Q
 bgc_3.lfsr_row._81_/Q
 bgc_3.lfsr_row._82_/Q
 bgc_3.lfsr_row._83_/Q
 bgc_3.lfsr_row._84_/Q
 bgc_3.lfsr_row._85_/Q
 bgc_3.lfsr_row._86_/Q
 bgc_3.lfsr_row._87_/Q
 bgc_3.lfsr_row._88_/Q
 bgc_3.row_reg._053_/ZN
 bgc_3.row_reg._054_/ZN
 bgc_3.row_reg._055_/ZN
 bgc_3.row_reg._056_/ZN
 bgc_3.row_reg._056__300/ZN
 bgc_3.row_reg._057_/ZN
 bgc_3.row_reg._058_/ZN
 bgc_3.row_reg._058__301/ZN
 bgc_3.row_reg._059_/ZN
 bgc_3.row_reg._060_/ZN
 bgc_3.row_reg._060__302/ZN
 bgc_3.row_reg._061_/ZN
 bgc_3.row_reg._062_/ZN
 bgc_3.row_reg._062__303/ZN
 bgc_3.row_reg._063_/ZN
 bgc_3.row_reg._064_/ZN
 bgc_3.row_reg._064__304/ZN
 bgc_3.row_reg._065_/ZN
 bgc_3.row_reg._066_/ZN
 bgc_3.row_reg._066__305/ZN
 bgc_3.row_reg._067_/ZN
 bgc_3.row_reg._068_/ZN
 bgc_3.row_reg._068__306/ZN
 bgc_3.row_reg._069_/ZN
 bgc_3.row_reg._070_/ZN
 bgc_3.row_reg._070__307/ZN
 bgc_3.row_reg._071_/ZN
 bgc_3.row_reg._072_/ZN
 bgc_3.row_reg._072__308/ZN
 bgc_3.row_reg._073_/ZN
 bgc_3.row_reg._074_/ZN
 bgc_3.row_reg._074__309/ZN
 bgc_3.row_reg._075_/ZN
 bgc_3.row_reg._076_/ZN
 bgc_3.row_reg._076__310/ZN
 bgc_3.row_reg._077_/ZN
 bgc_3.row_reg._078_/ZN
 bgc_3.row_reg._078__311/ZN
 bgc_3.row_reg._079_/ZN
 bgc_3.row_reg._080_/Z
 bgc_3.row_reg._081_/ZN
 bgc_3.row_reg._082_/ZN
 bgc_3.row_reg._083_/ZN
 bgc_3.row_reg._084_/ZN
 bgc_3.row_reg._085_/ZN
 bgc_3.row_reg._086_/ZN
 bgc_3.row_reg._087_/ZN
 bgc_3.row_reg._088_/ZN
 bgc_3.row_reg._089_/ZN
 bgc_3.row_reg._090_/ZN
 bgc_3.row_reg._091_/ZN
 bgc_3.row_reg._092_/ZN
 bgc_3.row_reg._093_/ZN
 bgc_3.row_reg._094_/ZN
 bgc_3.row_reg._095_/ZN
 bgc_3.row_reg._096_/ZN
 bgc_3.row_reg._097_/ZN
 bgc_3.row_reg._098_/ZN
 bgc_3.row_reg._099_/ZN
 bgc_3.row_reg._100_/ZN
 bgc_3.row_reg._101_/ZN
 bgc_3.row_reg._102_/ZN
 bgc_3.row_reg._103_/ZN
 bgc_3.row_reg._104_/ZN
 bgc_3.row_reg._105_/ZN
 bgc_3.row_reg._106_/ZN
 bgc_3.row_reg._107_/ZN
 bgc_3.row_reg._108_/ZN
 bgc_3.row_reg._109_/ZN
 bgc_3.row_reg._110_/ZN
 bgc_3.row_reg._111_/ZN
 bgc_3.row_reg._112_/ZN
 bgc_3.row_reg._113_/ZN
 bgc_3.row_reg._114_/ZN
 bgc_3.row_reg._115_/ZN
 bgc_3.row_reg._116_/ZN
 bgc_3.row_reg._117_/Q
 bgc_3.row_reg._118_/Q
 bgc_3.row_reg._119_/Q
 bgc_3.row_reg._120_/Q
 bgc_3.row_reg._121_/Q
 bgc_3.row_reg._122_/Q
 bgc_3.row_reg._123_/Q
 bgc_3.row_reg._124_/Q
 bgc_3.row_reg._125_/Q
 bgc_3.row_reg._126_/Q
 bgc_3.row_reg._127_/Q
 bgc_3.row_reg._128_/Q
 bgc_4._05_/ZN
 bgc_4._06_/ZN
 bgc_4._07_/ZN
 bgc_4._07__312/ZN
 bgc_4._08_/ZN
 bgc_4._09_/Z
 bgc_4._10_/ZN
 bgc_4._11_/Z
 bgc_4._11__313/ZN
 bgc_4._12_/Z
 bgc_4._13_/Z
 bgc_4._14_/Z
 bgc_4._15_/Z
 bgc_4._16_/Z
 bgc_4._17_/Z
 bgc_4._18_/Z
 bgc_4._19_/Z
 bgc_4._20_/Z
 bgc_4._21_/Z
 bgc_4._22_/Z
 bgc_4._23_/Z
 bgc_4._24_/ZN
 bgc_4._25_/ZN
 bgc_4.col_reg._053_/ZN
 bgc_4.col_reg._054_/ZN
 bgc_4.col_reg._055_/ZN
 bgc_4.col_reg._056_/ZN
 bgc_4.col_reg._057_/ZN
 bgc_4.col_reg._058_/ZN
 bgc_4.col_reg._059_/ZN
 bgc_4.col_reg._060_/ZN
 bgc_4.col_reg._061_/ZN
 bgc_4.col_reg._062_/ZN
 bgc_4.col_reg._063_/ZN
 bgc_4.col_reg._064_/ZN
 bgc_4.col_reg._065_/ZN
 bgc_4.col_reg._066_/ZN
 bgc_4.col_reg._067_/ZN
 bgc_4.col_reg._068_/ZN
 bgc_4.col_reg._069_/ZN
 bgc_4.col_reg._070_/ZN
 bgc_4.col_reg._071_/ZN
 bgc_4.col_reg._072_/ZN
 bgc_4.col_reg._073_/ZN
 bgc_4.col_reg._074_/ZN
 bgc_4.col_reg._075_/ZN
 bgc_4.col_reg._076_/ZN
 bgc_4.col_reg._077_/ZN
 bgc_4.col_reg._078_/ZN
 bgc_4.col_reg._079_/ZN
 bgc_4.col_reg._080_/Z
 bgc_4.col_reg._081_/ZN
 bgc_4.col_reg._082_/ZN
 bgc_4.col_reg._083_/ZN
 bgc_4.col_reg._084_/ZN
 bgc_4.col_reg._085_/ZN
 bgc_4.col_reg._086_/ZN
 bgc_4.col_reg._087_/ZN
 bgc_4.col_reg._088_/ZN
 bgc_4.col_reg._089_/ZN
 bgc_4.col_reg._090_/ZN
 bgc_4.col_reg._091_/ZN
 bgc_4.col_reg._092_/ZN
 bgc_4.col_reg._093_/ZN
 bgc_4.col_reg._094_/ZN
 bgc_4.col_reg._095_/ZN
 bgc_4.col_reg._096_/ZN
 bgc_4.col_reg._097_/ZN
 bgc_4.col_reg._098_/ZN
 bgc_4.col_reg._099_/ZN
 bgc_4.col_reg._100_/ZN
 bgc_4.col_reg._101_/ZN
 bgc_4.col_reg._102_/ZN
 bgc_4.col_reg._103_/ZN
 bgc_4.col_reg._104_/ZN
 bgc_4.col_reg._105_/ZN
 bgc_4.col_reg._106_/ZN
 bgc_4.col_reg._107_/ZN
 bgc_4.col_reg._108_/ZN
 bgc_4.col_reg._109_/ZN
 bgc_4.col_reg._110_/ZN
 bgc_4.col_reg._111_/ZN
 bgc_4.col_reg._112_/ZN
 bgc_4.col_reg._113_/ZN
 bgc_4.col_reg._114_/ZN
 bgc_4.col_reg._115_/ZN
 bgc_4.col_reg._116_/ZN
 bgc_4.col_reg._117_/Q
 bgc_4.col_reg._118_/Q
 bgc_4.col_reg._119_/Q
 bgc_4.col_reg._120_/Q
 bgc_4.col_reg._121_/Q
 bgc_4.col_reg._122_/Q
 bgc_4.col_reg._123_/Q
 bgc_4.col_reg._124_/Q
 bgc_4.col_reg._125_/Q
 bgc_4.col_reg._126_/Q
 bgc_4.col_reg._127_/Q
 bgc_4.col_reg._128_/Q
 bgc_4.comp_col._20_/ZN
 bgc_4.comp_col._21_/ZN
 bgc_4.comp_col._22_/ZN
 bgc_4.comp_col._23_/ZN
 bgc_4.comp_col._24_/ZN
 bgc_4.comp_col._25_/ZN
 bgc_4.comp_col._26_/ZN
 bgc_4.comp_col._27_/ZN
 bgc_4.comp_col._28_/ZN
 bgc_4.comp_col._29_/ZN
 bgc_4.comp_col._30_/ZN
 bgc_4.comp_col._31_/ZN
 bgc_4.comp_col._32_/ZN
 bgc_4.comp_col._33_/ZN
 bgc_4.comp_col._34_/ZN
 bgc_4.comp_col._35_/ZN
 bgc_4.comp_col._36_/ZN
 bgc_4.comp_col._37_/ZN
 bgc_4.comp_col._38_/ZN
 bgc_4.comp_col._39_/ZN
 bgc_4.comp_col._40_/ZN
 bgc_4.comp_col._41_/ZN
 bgc_4.comp_col._42_/ZN
 bgc_4.comp_col._43_/ZN
 bgc_4.comp_col._44_/ZN
 bgc_4.comp_col._45_/ZN
 bgc_4.comp_col._46_/ZN
 bgc_4.comp_col._47_/ZN
 bgc_4.comp_col._48_/Z
 bgc_4.comp_col._49_/Z
 bgc_4.comp_col._50_/Z
 bgc_4.comp_col._51_/Z
 bgc_4.comp_col._52_/Z
 bgc_4.comp_col._53_/Z
 bgc_4.comp_col._54_/Z
 bgc_4.comp_col._55_/Z
 bgc_4.comp_col._56_/Z
 bgc_4.comp_col._57_/Z
 bgc_4.comp_col._58_/Z
 bgc_4.comp_col._59_/Z
 bgc_4.comp_col._60_/ZN
 bgc_4.comp_col._61_/ZN
 bgc_4.comp_col._62_/ZN
 bgc_4.comp_col._63_/ZN
 bgc_4.comp_col._64_/ZN
 bgc_4.comp_col.pe1._18_/ZN
 bgc_4.comp_col.pe1._19_/ZN
 bgc_4.comp_col.pe1._20_/ZN
 bgc_4.comp_col.pe1._21_/ZN
 bgc_4.comp_col.pe1._22_/ZN
 bgc_4.comp_col.pe1._23_/ZN
 bgc_4.comp_col.pe1._24_/ZN
 bgc_4.comp_col.pe1._25_/ZN
 bgc_4.comp_col.pe1._26_/ZN
 bgc_4.comp_col.pe1._27_/ZN
 bgc_4.comp_col.pe1._28_/ZN
 bgc_4.comp_col.pe1._29_/ZN
 bgc_4.comp_col.pe1._30_/ZN
 bgc_4.comp_col.pe1._31_/ZN
 bgc_4.comp_col.pe1._32_/ZN
 bgc_4.comp_col.pe1._33_/ZN
 bgc_4.comp_col.pe1._34_/ZN
 bgc_4.comp_col.pe1._35_/ZN
 bgc_4.comp_col.pe1._36_/ZN
 bgc_4.comp_col.pe1._37_/ZN
 bgc_4.comp_col.pe1._38_/ZN
 bgc_4.comp_col.pe1._39_/ZN
 bgc_4.comp_col.pe2._18_/ZN
 bgc_4.comp_col.pe2._19_/ZN
 bgc_4.comp_col.pe2._20_/ZN
 bgc_4.comp_col.pe2._21_/ZN
 bgc_4.comp_col.pe2._22_/ZN
 bgc_4.comp_col.pe2._23_/ZN
 bgc_4.comp_col.pe2._24_/ZN
 bgc_4.comp_col.pe2._25_/ZN
 bgc_4.comp_col.pe2._26_/ZN
 bgc_4.comp_col.pe2._27_/ZN
 bgc_4.comp_col.pe2._28_/ZN
 bgc_4.comp_col.pe2._29_/ZN
 bgc_4.comp_col.pe2._30_/ZN
 bgc_4.comp_col.pe2._31_/ZN
 bgc_4.comp_col.pe2._32_/ZN
 bgc_4.comp_col.pe2._33_/ZN
 bgc_4.comp_col.pe2._34_/ZN
 bgc_4.comp_col.pe2._35_/ZN
 bgc_4.comp_col.pe2._36_/ZN
 bgc_4.comp_col.pe2._37_/ZN
 bgc_4.comp_col.pe2._38_/ZN
 bgc_4.comp_col.pe2._39_/ZN
 bgc_4.comp_row._20_/ZN
 bgc_4.comp_row._21_/ZN
 bgc_4.comp_row._22_/ZN
 bgc_4.comp_row._23_/ZN
 bgc_4.comp_row._24_/ZN
 bgc_4.comp_row._25_/ZN
 bgc_4.comp_row._26_/ZN
 bgc_4.comp_row._27_/ZN
 bgc_4.comp_row._28_/ZN
 bgc_4.comp_row._29_/ZN
 bgc_4.comp_row._30_/ZN
 bgc_4.comp_row._31_/ZN
 bgc_4.comp_row._32_/ZN
 bgc_4.comp_row._33_/ZN
 bgc_4.comp_row._34_/ZN
 bgc_4.comp_row._35_/ZN
 bgc_4.comp_row._36_/ZN
 bgc_4.comp_row._37_/ZN
 bgc_4.comp_row._38_/ZN
 bgc_4.comp_row._39_/ZN
 bgc_4.comp_row._40_/ZN
 bgc_4.comp_row._41_/ZN
 bgc_4.comp_row._42_/ZN
 bgc_4.comp_row._43_/ZN
 bgc_4.comp_row._44_/ZN
 bgc_4.comp_row._45_/ZN
 bgc_4.comp_row._46_/ZN
 bgc_4.comp_row._47_/ZN
 bgc_4.comp_row._48_/Z
 bgc_4.comp_row._49_/Z
 bgc_4.comp_row._50_/Z
 bgc_4.comp_row._51_/Z
 bgc_4.comp_row._52_/Z
 bgc_4.comp_row._53_/Z
 bgc_4.comp_row._54_/Z
 bgc_4.comp_row._55_/Z
 bgc_4.comp_row._56_/Z
 bgc_4.comp_row._57_/Z
 bgc_4.comp_row._58_/Z
 bgc_4.comp_row._59_/Z
 bgc_4.comp_row._60_/ZN
 bgc_4.comp_row._61_/ZN
 bgc_4.comp_row._62_/ZN
 bgc_4.comp_row._63_/ZN
 bgc_4.comp_row._64_/ZN
 bgc_4.comp_row.pe1._18_/ZN
 bgc_4.comp_row.pe1._19_/ZN
 bgc_4.comp_row.pe1._20_/ZN
 bgc_4.comp_row.pe1._21_/ZN
 bgc_4.comp_row.pe1._22_/ZN
 bgc_4.comp_row.pe1._23_/ZN
 bgc_4.comp_row.pe1._24_/ZN
 bgc_4.comp_row.pe1._25_/ZN
 bgc_4.comp_row.pe1._26_/ZN
 bgc_4.comp_row.pe1._27_/ZN
 bgc_4.comp_row.pe1._28_/ZN
 bgc_4.comp_row.pe1._29_/ZN
 bgc_4.comp_row.pe1._30_/ZN
 bgc_4.comp_row.pe1._31_/ZN
 bgc_4.comp_row.pe1._32_/ZN
 bgc_4.comp_row.pe1._33_/ZN
 bgc_4.comp_row.pe1._34_/ZN
 bgc_4.comp_row.pe1._35_/ZN
 bgc_4.comp_row.pe1._36_/ZN
 bgc_4.comp_row.pe1._37_/ZN
 bgc_4.comp_row.pe1._38_/ZN
 bgc_4.comp_row.pe1._39_/ZN
 bgc_4.comp_row.pe2._18_/ZN
 bgc_4.comp_row.pe2._19_/ZN
 bgc_4.comp_row.pe2._20_/ZN
 bgc_4.comp_row.pe2._21_/ZN
 bgc_4.comp_row.pe2._22_/ZN
 bgc_4.comp_row.pe2._23_/ZN
 bgc_4.comp_row.pe2._24_/ZN
 bgc_4.comp_row.pe2._25_/ZN
 bgc_4.comp_row.pe2._26_/ZN
 bgc_4.comp_row.pe2._27_/ZN
 bgc_4.comp_row.pe2._28_/ZN
 bgc_4.comp_row.pe2._29_/ZN
 bgc_4.comp_row.pe2._30_/ZN
 bgc_4.comp_row.pe2._31_/ZN
 bgc_4.comp_row.pe2._32_/ZN
 bgc_4.comp_row.pe2._33_/ZN
 bgc_4.comp_row.pe2._34_/ZN
 bgc_4.comp_row.pe2._35_/ZN
 bgc_4.comp_row.pe2._36_/ZN
 bgc_4.comp_row.pe2._37_/ZN
 bgc_4.comp_row.pe2._38_/ZN
 bgc_4.comp_row.pe2._39_/ZN
 bgc_4.final_counter._29_/ZN
 bgc_4.final_counter._30_/ZN
 bgc_4.final_counter._31_/ZN
 bgc_4.final_counter._32_/ZN
 bgc_4.final_counter._33_/ZN
 bgc_4.final_counter._34_/ZN
 bgc_4.final_counter._35_/ZN
 bgc_4.final_counter._36_/ZN
 bgc_4.final_counter._37_/ZN
 bgc_4.final_counter._38_/ZN
 bgc_4.final_counter._39_/Z
 bgc_4.final_counter._40_/ZN
 bgc_4.final_counter._41_/ZN
 bgc_4.final_counter._42_/ZN
 bgc_4.final_counter._43_/Z
 bgc_4.final_counter._44_/ZN
 bgc_4.final_counter._45_/ZN
 bgc_4.final_counter._46_/Z
 bgc_4.final_counter._47_/ZN
 bgc_4.final_counter._48_/ZN
 bgc_4.final_counter._49_/Z
 bgc_4.final_counter._50_/ZN
 bgc_4.final_counter._51_/ZN
 bgc_4.final_counter._52_/ZN
 bgc_4.final_counter._53_/ZN
 bgc_4.final_counter._54_/Z
 bgc_4.final_counter._55_/ZN
 bgc_4.final_counter._56_/ZN
 bgc_4.final_counter._57_/Z
 bgc_4.final_counter._58_/ZN
 bgc_4.final_counter._59_/ZN
 bgc_4.final_counter._60_/ZN
 bgc_4.final_counter._61_/ZN
 bgc_4.final_counter._62_/ZN
 bgc_4.final_counter._63_/ZN
 bgc_4.final_counter._64_/ZN
 bgc_4.final_counter._65_/ZN
 bgc_4.final_counter._66_/ZN
 bgc_4.final_counter._67_/Z
 bgc_4.final_counter._68_/ZN
 bgc_4.final_counter._69_/Q
 bgc_4.final_counter._70_/Q
 bgc_4.final_counter._71_/Q
 bgc_4.final_counter._72_/Q
 bgc_4.final_counter._73_/Q
 bgc_4.final_counter._74_/Q
 bgc_4.final_counter._75_/Q
 bgc_4.final_counter._76_/Q
 bgc_4.final_counter._77_/Q
 bgc_4.final_counter._78_/Q
 bgc_4.final_counter._79_/Q
 bgc_4.final_counter._80_/Q
 bgc_4.lfsr_col._27_/ZN
 bgc_4.lfsr_col._28_/ZN
 bgc_4.lfsr_col._28__314/ZN
 bgc_4.lfsr_col._29_/Z
 bgc_4.lfsr_col._29__315/ZN
 bgc_4.lfsr_col._30_/Z
 bgc_4.lfsr_col._30__316/ZN
 bgc_4.lfsr_col._31_/Z
 bgc_4.lfsr_col._31__1027/Z
 bgc_4.lfsr_col._32_/Z
 bgc_4.lfsr_col._32__1028/Z
 bgc_4.lfsr_col._33_/Z
 bgc_4.lfsr_col._33__1029/Z
 bgc_4.lfsr_col._34_/Z
 bgc_4.lfsr_col._34__317/ZN
 bgc_4.lfsr_col._35_/Z
 bgc_4.lfsr_col._35__1031/Z
 bgc_4.lfsr_col._36_/Z
 bgc_4.lfsr_col._36__1032/Z
 bgc_4.lfsr_col._37_/Z
 bgc_4.lfsr_col._37__1033/Z
 bgc_4.lfsr_col._38_/Z
 bgc_4.lfsr_col._38__318/ZN
 bgc_4.lfsr_col._39_/Z
 bgc_4.lfsr_col._39__1034/Z
 bgc_4.lfsr_col._40_/Z
 bgc_4.lfsr_col._40__319/ZN
 bgc_4.lfsr_col._41_/Z
 bgc_4.lfsr_col._42_/Z
 bgc_4.lfsr_col._43_/Z
 bgc_4.lfsr_col._44_/Z
 bgc_4.lfsr_col._44__320/ZN
 bgc_4.lfsr_col._45_/Z
 bgc_4.lfsr_col._45__1035/Z
 bgc_4.lfsr_col._46_/Z
 bgc_4.lfsr_col._46__321/ZN
 bgc_4.lfsr_col._47_/Z
 bgc_4.lfsr_col._47__1036/Z
 bgc_4.lfsr_col._48_/Z
 bgc_4.lfsr_col._48__1037/Z
 bgc_4.lfsr_col._49_/Z
 bgc_4.lfsr_col._49__1038/Z
 bgc_4.lfsr_col._50_/Z
 bgc_4.lfsr_col._50__323/ZN
 bgc_4.lfsr_col._51_/Z
 bgc_4.lfsr_col._51__1039/Z
 bgc_4.lfsr_col._52_/Z
 bgc_4.lfsr_col._52__1040/Z
 bgc_4.lfsr_col._53_/Z
 bgc_4.lfsr_col._53__1041/Z
 bgc_4.lfsr_col._54_/Z
 bgc_4.lfsr_col._54__324/ZN
 bgc_4.lfsr_col._55_/Z
 bgc_4.lfsr_col._55__325/ZN
 bgc_4.lfsr_col._56_/Z
 bgc_4.lfsr_col._57_/Z
 bgc_4.lfsr_col._58_/Z
 bgc_4.lfsr_col._59_/Z
 bgc_4.lfsr_col._60_/Z
 bgc_4.lfsr_col._61_/Z
 bgc_4.lfsr_col._62_/Z
 bgc_4.lfsr_col._63_/Z
 bgc_4.lfsr_col._64_/Z
 bgc_4.lfsr_col._65_/Z
 bgc_4.lfsr_col._66_/ZN
 bgc_4.lfsr_col._66__326/ZN
 bgc_4.lfsr_col._67_/ZN
 bgc_4.lfsr_col._67__1042/Z
 bgc_4.lfsr_col._68_/ZN
 bgc_4.lfsr_col._68__328/ZN
 bgc_4.lfsr_col._69_/ZN
 bgc_4.lfsr_col._69__1043/Z
 bgc_4.lfsr_col._70_/ZN
 bgc_4.lfsr_col._70__1044/Z
 bgc_4.lfsr_col._71_/ZN
 bgc_4.lfsr_col._71__1045/Z
 bgc_4.lfsr_col._72_/ZN
 bgc_4.lfsr_col._72__329/ZN
 bgc_4.lfsr_col._73_/ZN
 bgc_4.lfsr_col._73__1046/Z
 bgc_4.lfsr_col._74_/ZN
 bgc_4.lfsr_col._74__1047/Z
 bgc_4.lfsr_col._75_/ZN
 bgc_4.lfsr_col._75__1048/Z
 bgc_4.lfsr_col._76_/ZN
 bgc_4.lfsr_col._76__330/ZN
 bgc_4.lfsr_col._77_/Q
 bgc_4.lfsr_col._78_/Q
 bgc_4.lfsr_col._79_/Q
 bgc_4.lfsr_col._80_/Q
 bgc_4.lfsr_col._81_/Q
 bgc_4.lfsr_col._82_/Q
 bgc_4.lfsr_col._83_/Q
 bgc_4.lfsr_col._84_/Q
 bgc_4.lfsr_col._85_/Q
 bgc_4.lfsr_col._86_/Q
 bgc_4.lfsr_col._87_/Q
 bgc_4.lfsr_col._88_/Q
 bgc_4.lfsr_row._27_/ZN
 bgc_4.lfsr_row._28_/ZN
 bgc_4.lfsr_row._28__1050/Z
 bgc_4.lfsr_row._29_/Z
 bgc_4.lfsr_row._29__1051/Z
 bgc_4.lfsr_row._30_/Z
 bgc_4.lfsr_row._30__1052/Z
 bgc_4.lfsr_row._31_/Z
 bgc_4.lfsr_row._31__331/ZN
 bgc_4.lfsr_row._32_/Z
 bgc_4.lfsr_row._32__332/ZN
 bgc_4.lfsr_row._33_/Z
 bgc_4.lfsr_row._33__1053/Z
 bgc_4.lfsr_row._34_/Z
 bgc_4.lfsr_row._34__1054/Z
 bgc_4.lfsr_row._35_/Z
 bgc_4.lfsr_row._35__333/ZN
 bgc_4.lfsr_row._36_/Z
 bgc_4.lfsr_row._36__1055/Z
 bgc_4.lfsr_row._37_/Z
 bgc_4.lfsr_row._37__1056/Z
 bgc_4.lfsr_row._38_/Z
 bgc_4.lfsr_row._38__1058/Z
 bgc_4.lfsr_row._39_/Z
 bgc_4.lfsr_row._39__334/ZN
 bgc_4.lfsr_row._40_/Z
 bgc_4.lfsr_row._40__335/ZN
 bgc_4.lfsr_row._41_/Z
 bgc_4.lfsr_row._42_/Z
 bgc_4.lfsr_row._43_/Z
 bgc_4.lfsr_row._44_/Z
 bgc_4.lfsr_row._44__336/ZN
 bgc_4.lfsr_row._45_/Z
 bgc_4.lfsr_row._45__337/ZN
 bgc_4.lfsr_row._46_/Z
 bgc_4.lfsr_row._46__1059/Z
 bgc_4.lfsr_row._47_/Z
 bgc_4.lfsr_row._47__1060/Z
 bgc_4.lfsr_row._48_/Z
 bgc_4.lfsr_row._48__1061/Z
 bgc_4.lfsr_row._49_/Z
 bgc_4.lfsr_row._49__338/ZN
 bgc_4.lfsr_row._50_/Z
 bgc_4.lfsr_row._50__1062/Z
 bgc_4.lfsr_row._51_/Z
 bgc_4.lfsr_row._51__1063/Z
 bgc_4.lfsr_row._52_/Z
 bgc_4.lfsr_row._52__340/ZN
 bgc_4.lfsr_row._53_/Z
 bgc_4.lfsr_row._53__341/ZN
 bgc_4.lfsr_row._54_/Z
 bgc_4.lfsr_row._54__1064/Z
 bgc_4.lfsr_row._55_/Z
 bgc_4.lfsr_row._55__1065/Z
 bgc_4.lfsr_row._56_/Z
 bgc_4.lfsr_row._57_/Z
 bgc_4.lfsr_row._58_/Z
 bgc_4.lfsr_row._59_/Z
 bgc_4.lfsr_row._60_/Z
 bgc_4.lfsr_row._61_/Z
 bgc_4.lfsr_row._62_/Z
 bgc_4.lfsr_row._63_/Z
 bgc_4.lfsr_row._64_/Z
 bgc_4.lfsr_row._65_/Z
 bgc_4.lfsr_row._66_/ZN
 bgc_4.lfsr_row._66__342/ZN
 bgc_4.lfsr_row._67_/ZN
 bgc_4.lfsr_row._67__343/ZN
 bgc_4.lfsr_row._68_/ZN
 bgc_4.lfsr_row._68__1066/Z
 bgc_4.lfsr_row._69_/ZN
 bgc_4.lfsr_row._69__1067/Z
 bgc_4.lfsr_row._70_/ZN
 bgc_4.lfsr_row._70__1068/Z
 bgc_4.lfsr_row._71_/ZN
 bgc_4.lfsr_row._71__344/ZN
 bgc_4.lfsr_row._72_/ZN
 bgc_4.lfsr_row._72__1070/Z
 bgc_4.lfsr_row._73_/ZN
 bgc_4.lfsr_row._73__1071/Z
 bgc_4.lfsr_row._74_/ZN
 bgc_4.lfsr_row._74__345/ZN
 bgc_4.lfsr_row._75_/ZN
 bgc_4.lfsr_row._75__346/ZN
 bgc_4.lfsr_row._76_/ZN
 bgc_4.lfsr_row._76__1072/Z
 bgc_4.lfsr_row._77_/Q
 bgc_4.lfsr_row._78_/Q
 bgc_4.lfsr_row._79_/Q
 bgc_4.lfsr_row._80_/Q
 bgc_4.lfsr_row._81_/Q
 bgc_4.lfsr_row._82_/Q
 bgc_4.lfsr_row._83_/Q
 bgc_4.lfsr_row._84_/Q
 bgc_4.lfsr_row._85_/Q
 bgc_4.lfsr_row._86_/Q
 bgc_4.lfsr_row._87_/Q
 bgc_4.lfsr_row._88_/Q
 bgc_4.row_reg._053_/ZN
 bgc_4.row_reg._054_/ZN
 bgc_4.row_reg._055_/ZN
 bgc_4.row_reg._056_/ZN
 bgc_4.row_reg._056__347/ZN
 bgc_4.row_reg._057_/ZN
 bgc_4.row_reg._058_/ZN
 bgc_4.row_reg._058__348/ZN
 bgc_4.row_reg._059_/ZN
 bgc_4.row_reg._060_/ZN
 bgc_4.row_reg._060__349/ZN
 bgc_4.row_reg._061_/ZN
 bgc_4.row_reg._062_/ZN
 bgc_4.row_reg._062__350/ZN
 bgc_4.row_reg._063_/ZN
 bgc_4.row_reg._064_/ZN
 bgc_4.row_reg._064__352/ZN
 bgc_4.row_reg._065_/ZN
 bgc_4.row_reg._066_/ZN
 bgc_4.row_reg._066__353/ZN
 bgc_4.row_reg._067_/ZN
 bgc_4.row_reg._068_/ZN
 bgc_4.row_reg._068__354/ZN
 bgc_4.row_reg._069_/ZN
 bgc_4.row_reg._070_/ZN
 bgc_4.row_reg._070__355/ZN
 bgc_4.row_reg._071_/ZN
 bgc_4.row_reg._072_/ZN
 bgc_4.row_reg._072__356/ZN
 bgc_4.row_reg._073_/ZN
 bgc_4.row_reg._074_/ZN
 bgc_4.row_reg._074__357/ZN
 bgc_4.row_reg._075_/ZN
 bgc_4.row_reg._076_/ZN
 bgc_4.row_reg._076__358/ZN
 bgc_4.row_reg._077_/ZN
 bgc_4.row_reg._078_/ZN
 bgc_4.row_reg._078__359/ZN
 bgc_4.row_reg._079_/ZN
 bgc_4.row_reg._080_/Z
 bgc_4.row_reg._081_/ZN
 bgc_4.row_reg._082_/ZN
 bgc_4.row_reg._083_/ZN
 bgc_4.row_reg._084_/ZN
 bgc_4.row_reg._085_/ZN
 bgc_4.row_reg._086_/ZN
 bgc_4.row_reg._087_/ZN
 bgc_4.row_reg._088_/ZN
 bgc_4.row_reg._089_/ZN
 bgc_4.row_reg._090_/ZN
 bgc_4.row_reg._091_/ZN
 bgc_4.row_reg._092_/ZN
 bgc_4.row_reg._093_/ZN
 bgc_4.row_reg._094_/ZN
 bgc_4.row_reg._095_/ZN
 bgc_4.row_reg._096_/ZN
 bgc_4.row_reg._097_/ZN
 bgc_4.row_reg._098_/ZN
 bgc_4.row_reg._099_/ZN
 bgc_4.row_reg._100_/ZN
 bgc_4.row_reg._101_/ZN
 bgc_4.row_reg._102_/ZN
 bgc_4.row_reg._103_/ZN
 bgc_4.row_reg._104_/ZN
 bgc_4.row_reg._105_/ZN
 bgc_4.row_reg._106_/ZN
 bgc_4.row_reg._107_/ZN
 bgc_4.row_reg._108_/ZN
 bgc_4.row_reg._109_/ZN
 bgc_4.row_reg._110_/ZN
 bgc_4.row_reg._111_/ZN
 bgc_4.row_reg._112_/ZN
 bgc_4.row_reg._113_/ZN
 bgc_4.row_reg._114_/ZN
 bgc_4.row_reg._115_/ZN
 bgc_4.row_reg._116_/ZN
 bgc_4.row_reg._117_/Q
 bgc_4.row_reg._118_/Q
 bgc_4.row_reg._119_/Q
 bgc_4.row_reg._120_/Q
 bgc_4.row_reg._121_/Q
 bgc_4.row_reg._122_/Q
 bgc_4.row_reg._123_/Q
 bgc_4.row_reg._124_/Q
 bgc_4.row_reg._125_/Q
 bgc_4.row_reg._126_/Q
 bgc_4.row_reg._127_/Q
 bgc_4.row_reg._128_/Q
 bgc_5._05_/ZN
 bgc_5._06_/ZN
 bgc_5._07_/ZN
 bgc_5._07__360/ZN
 bgc_5._08_/ZN
 bgc_5._09_/Z
 bgc_5._10_/ZN
 bgc_5._11_/Z
 bgc_5._11__361/ZN
 bgc_5._12_/Z
 bgc_5._13_/Z
 bgc_5._14_/Z
 bgc_5._15_/Z
 bgc_5._16_/Z
 bgc_5._17_/Z
 bgc_5._18_/Z
 bgc_5._19_/Z
 bgc_5._20_/Z
 bgc_5._21_/Z
 bgc_5._22_/Z
 bgc_5._23_/Z
 bgc_5._24_/ZN
 bgc_5._25_/ZN
 bgc_5.col_reg._053_/ZN
 bgc_5.col_reg._054_/ZN
 bgc_5.col_reg._055_/ZN
 bgc_5.col_reg._056_/ZN
 bgc_5.col_reg._057_/ZN
 bgc_5.col_reg._058_/ZN
 bgc_5.col_reg._059_/ZN
 bgc_5.col_reg._060_/ZN
 bgc_5.col_reg._061_/ZN
 bgc_5.col_reg._062_/ZN
 bgc_5.col_reg._063_/ZN
 bgc_5.col_reg._064_/ZN
 bgc_5.col_reg._065_/ZN
 bgc_5.col_reg._066_/ZN
 bgc_5.col_reg._067_/ZN
 bgc_5.col_reg._068_/ZN
 bgc_5.col_reg._069_/ZN
 bgc_5.col_reg._070_/ZN
 bgc_5.col_reg._071_/ZN
 bgc_5.col_reg._072_/ZN
 bgc_5.col_reg._073_/ZN
 bgc_5.col_reg._074_/ZN
 bgc_5.col_reg._075_/ZN
 bgc_5.col_reg._076_/ZN
 bgc_5.col_reg._077_/ZN
 bgc_5.col_reg._078_/ZN
 bgc_5.col_reg._079_/ZN
 bgc_5.col_reg._080_/Z
 bgc_5.col_reg._081_/ZN
 bgc_5.col_reg._082_/ZN
 bgc_5.col_reg._083_/ZN
 bgc_5.col_reg._084_/ZN
 bgc_5.col_reg._085_/ZN
 bgc_5.col_reg._086_/ZN
 bgc_5.col_reg._087_/ZN
 bgc_5.col_reg._088_/ZN
 bgc_5.col_reg._089_/ZN
 bgc_5.col_reg._090_/ZN
 bgc_5.col_reg._091_/ZN
 bgc_5.col_reg._092_/ZN
 bgc_5.col_reg._093_/ZN
 bgc_5.col_reg._094_/ZN
 bgc_5.col_reg._095_/ZN
 bgc_5.col_reg._096_/ZN
 bgc_5.col_reg._097_/ZN
 bgc_5.col_reg._098_/ZN
 bgc_5.col_reg._099_/ZN
 bgc_5.col_reg._100_/ZN
 bgc_5.col_reg._101_/ZN
 bgc_5.col_reg._102_/ZN
 bgc_5.col_reg._103_/ZN
 bgc_5.col_reg._104_/ZN
 bgc_5.col_reg._105_/ZN
 bgc_5.col_reg._106_/ZN
 bgc_5.col_reg._107_/ZN
 bgc_5.col_reg._108_/ZN
 bgc_5.col_reg._109_/ZN
 bgc_5.col_reg._110_/ZN
 bgc_5.col_reg._111_/ZN
 bgc_5.col_reg._112_/ZN
 bgc_5.col_reg._113_/ZN
 bgc_5.col_reg._114_/ZN
 bgc_5.col_reg._115_/ZN
 bgc_5.col_reg._116_/ZN
 bgc_5.col_reg._117_/Q
 bgc_5.col_reg._118_/Q
 bgc_5.col_reg._119_/Q
 bgc_5.col_reg._120_/Q
 bgc_5.col_reg._121_/Q
 bgc_5.col_reg._122_/Q
 bgc_5.col_reg._123_/Q
 bgc_5.col_reg._124_/Q
 bgc_5.col_reg._125_/Q
 bgc_5.col_reg._126_/Q
 bgc_5.col_reg._127_/Q
 bgc_5.col_reg._128_/Q
 bgc_5.comp_col._20_/ZN
 bgc_5.comp_col._21_/ZN
 bgc_5.comp_col._22_/ZN
 bgc_5.comp_col._23_/ZN
 bgc_5.comp_col._24_/ZN
 bgc_5.comp_col._25_/ZN
 bgc_5.comp_col._26_/ZN
 bgc_5.comp_col._27_/ZN
 bgc_5.comp_col._28_/ZN
 bgc_5.comp_col._29_/ZN
 bgc_5.comp_col._30_/ZN
 bgc_5.comp_col._31_/ZN
 bgc_5.comp_col._32_/ZN
 bgc_5.comp_col._33_/ZN
 bgc_5.comp_col._34_/ZN
 bgc_5.comp_col._35_/ZN
 bgc_5.comp_col._36_/ZN
 bgc_5.comp_col._37_/ZN
 bgc_5.comp_col._38_/ZN
 bgc_5.comp_col._39_/ZN
 bgc_5.comp_col._40_/ZN
 bgc_5.comp_col._41_/ZN
 bgc_5.comp_col._42_/ZN
 bgc_5.comp_col._43_/ZN
 bgc_5.comp_col._44_/ZN
 bgc_5.comp_col._45_/ZN
 bgc_5.comp_col._46_/ZN
 bgc_5.comp_col._47_/ZN
 bgc_5.comp_col._48_/Z
 bgc_5.comp_col._49_/Z
 bgc_5.comp_col._50_/Z
 bgc_5.comp_col._51_/Z
 bgc_5.comp_col._52_/Z
 bgc_5.comp_col._53_/Z
 bgc_5.comp_col._54_/Z
 bgc_5.comp_col._55_/Z
 bgc_5.comp_col._56_/Z
 bgc_5.comp_col._57_/Z
 bgc_5.comp_col._58_/Z
 bgc_5.comp_col._59_/Z
 bgc_5.comp_col._60_/ZN
 bgc_5.comp_col._61_/ZN
 bgc_5.comp_col._62_/ZN
 bgc_5.comp_col._63_/ZN
 bgc_5.comp_col._64_/ZN
 bgc_5.comp_col.pe1._18_/ZN
 bgc_5.comp_col.pe1._19_/ZN
 bgc_5.comp_col.pe1._20_/ZN
 bgc_5.comp_col.pe1._21_/ZN
 bgc_5.comp_col.pe1._22_/ZN
 bgc_5.comp_col.pe1._23_/ZN
 bgc_5.comp_col.pe1._24_/ZN
 bgc_5.comp_col.pe1._25_/ZN
 bgc_5.comp_col.pe1._26_/ZN
 bgc_5.comp_col.pe1._27_/ZN
 bgc_5.comp_col.pe1._28_/ZN
 bgc_5.comp_col.pe1._29_/ZN
 bgc_5.comp_col.pe1._30_/ZN
 bgc_5.comp_col.pe1._31_/ZN
 bgc_5.comp_col.pe1._32_/ZN
 bgc_5.comp_col.pe1._33_/ZN
 bgc_5.comp_col.pe1._34_/ZN
 bgc_5.comp_col.pe1._35_/ZN
 bgc_5.comp_col.pe1._36_/ZN
 bgc_5.comp_col.pe1._37_/ZN
 bgc_5.comp_col.pe1._38_/ZN
 bgc_5.comp_col.pe1._39_/ZN
 bgc_5.comp_col.pe2._18_/ZN
 bgc_5.comp_col.pe2._19_/ZN
 bgc_5.comp_col.pe2._20_/ZN
 bgc_5.comp_col.pe2._21_/ZN
 bgc_5.comp_col.pe2._22_/ZN
 bgc_5.comp_col.pe2._23_/ZN
 bgc_5.comp_col.pe2._24_/ZN
 bgc_5.comp_col.pe2._25_/ZN
 bgc_5.comp_col.pe2._26_/ZN
 bgc_5.comp_col.pe2._27_/ZN
 bgc_5.comp_col.pe2._28_/ZN
 bgc_5.comp_col.pe2._29_/ZN
 bgc_5.comp_col.pe2._30_/ZN
 bgc_5.comp_col.pe2._31_/ZN
 bgc_5.comp_col.pe2._32_/ZN
 bgc_5.comp_col.pe2._33_/ZN
 bgc_5.comp_col.pe2._34_/ZN
 bgc_5.comp_col.pe2._35_/ZN
 bgc_5.comp_col.pe2._36_/ZN
 bgc_5.comp_col.pe2._37_/ZN
 bgc_5.comp_col.pe2._38_/ZN
 bgc_5.comp_col.pe2._39_/ZN
 bgc_5.comp_row._20_/ZN
 bgc_5.comp_row._21_/ZN
 bgc_5.comp_row._22_/ZN
 bgc_5.comp_row._23_/ZN
 bgc_5.comp_row._24_/ZN
 bgc_5.comp_row._25_/ZN
 bgc_5.comp_row._26_/ZN
 bgc_5.comp_row._27_/ZN
 bgc_5.comp_row._28_/ZN
 bgc_5.comp_row._29_/ZN
 bgc_5.comp_row._30_/ZN
 bgc_5.comp_row._31_/ZN
 bgc_5.comp_row._32_/ZN
 bgc_5.comp_row._33_/ZN
 bgc_5.comp_row._34_/ZN
 bgc_5.comp_row._35_/ZN
 bgc_5.comp_row._36_/ZN
 bgc_5.comp_row._37_/ZN
 bgc_5.comp_row._38_/ZN
 bgc_5.comp_row._39_/ZN
 bgc_5.comp_row._40_/ZN
 bgc_5.comp_row._41_/ZN
 bgc_5.comp_row._42_/ZN
 bgc_5.comp_row._43_/ZN
 bgc_5.comp_row._44_/ZN
 bgc_5.comp_row._45_/ZN
 bgc_5.comp_row._46_/ZN
 bgc_5.comp_row._47_/ZN
 bgc_5.comp_row._48_/Z
 bgc_5.comp_row._49_/Z
 bgc_5.comp_row._50_/Z
 bgc_5.comp_row._51_/Z
 bgc_5.comp_row._52_/Z
 bgc_5.comp_row._53_/Z
 bgc_5.comp_row._54_/Z
 bgc_5.comp_row._55_/Z
 bgc_5.comp_row._56_/Z
 bgc_5.comp_row._57_/Z
 bgc_5.comp_row._58_/Z
 bgc_5.comp_row._59_/Z
 bgc_5.comp_row._60_/ZN
 bgc_5.comp_row._61_/ZN
 bgc_5.comp_row._62_/ZN
 bgc_5.comp_row._63_/ZN
 bgc_5.comp_row._64_/ZN
 bgc_5.comp_row.pe1._18_/ZN
 bgc_5.comp_row.pe1._19_/ZN
 bgc_5.comp_row.pe1._20_/ZN
 bgc_5.comp_row.pe1._21_/ZN
 bgc_5.comp_row.pe1._22_/ZN
 bgc_5.comp_row.pe1._23_/ZN
 bgc_5.comp_row.pe1._24_/ZN
 bgc_5.comp_row.pe1._25_/ZN
 bgc_5.comp_row.pe1._26_/ZN
 bgc_5.comp_row.pe1._27_/ZN
 bgc_5.comp_row.pe1._28_/ZN
 bgc_5.comp_row.pe1._29_/ZN
 bgc_5.comp_row.pe1._30_/ZN
 bgc_5.comp_row.pe1._31_/ZN
 bgc_5.comp_row.pe1._32_/ZN
 bgc_5.comp_row.pe1._33_/ZN
 bgc_5.comp_row.pe1._34_/ZN
 bgc_5.comp_row.pe1._35_/ZN
 bgc_5.comp_row.pe1._36_/ZN
 bgc_5.comp_row.pe1._37_/ZN
 bgc_5.comp_row.pe1._38_/ZN
 bgc_5.comp_row.pe1._39_/ZN
 bgc_5.comp_row.pe2._18_/ZN
 bgc_5.comp_row.pe2._19_/ZN
 bgc_5.comp_row.pe2._20_/ZN
 bgc_5.comp_row.pe2._21_/ZN
 bgc_5.comp_row.pe2._22_/ZN
 bgc_5.comp_row.pe2._23_/ZN
 bgc_5.comp_row.pe2._24_/ZN
 bgc_5.comp_row.pe2._25_/ZN
 bgc_5.comp_row.pe2._26_/ZN
 bgc_5.comp_row.pe2._27_/ZN
 bgc_5.comp_row.pe2._28_/ZN
 bgc_5.comp_row.pe2._29_/ZN
 bgc_5.comp_row.pe2._30_/ZN
 bgc_5.comp_row.pe2._31_/ZN
 bgc_5.comp_row.pe2._32_/ZN
 bgc_5.comp_row.pe2._33_/ZN
 bgc_5.comp_row.pe2._34_/ZN
 bgc_5.comp_row.pe2._35_/ZN
 bgc_5.comp_row.pe2._36_/ZN
 bgc_5.comp_row.pe2._37_/ZN
 bgc_5.comp_row.pe2._38_/ZN
 bgc_5.comp_row.pe2._39_/ZN
 bgc_5.final_counter._29_/ZN
 bgc_5.final_counter._30_/ZN
 bgc_5.final_counter._31_/ZN
 bgc_5.final_counter._32_/ZN
 bgc_5.final_counter._33_/ZN
 bgc_5.final_counter._34_/ZN
 bgc_5.final_counter._35_/ZN
 bgc_5.final_counter._36_/ZN
 bgc_5.final_counter._37_/ZN
 bgc_5.final_counter._38_/ZN
 bgc_5.final_counter._39_/Z
 bgc_5.final_counter._40_/ZN
 bgc_5.final_counter._41_/ZN
 bgc_5.final_counter._42_/ZN
 bgc_5.final_counter._43_/Z
 bgc_5.final_counter._44_/ZN
 bgc_5.final_counter._45_/ZN
 bgc_5.final_counter._46_/Z
 bgc_5.final_counter._47_/ZN
 bgc_5.final_counter._48_/ZN
 bgc_5.final_counter._49_/Z
 bgc_5.final_counter._50_/ZN
 bgc_5.final_counter._51_/ZN
 bgc_5.final_counter._52_/ZN
 bgc_5.final_counter._53_/ZN
 bgc_5.final_counter._54_/Z
 bgc_5.final_counter._55_/ZN
 bgc_5.final_counter._56_/ZN
 bgc_5.final_counter._57_/Z
 bgc_5.final_counter._58_/ZN
 bgc_5.final_counter._59_/ZN
 bgc_5.final_counter._60_/ZN
 bgc_5.final_counter._61_/ZN
 bgc_5.final_counter._62_/ZN
 bgc_5.final_counter._63_/ZN
 bgc_5.final_counter._64_/ZN
 bgc_5.final_counter._65_/ZN
 bgc_5.final_counter._66_/ZN
 bgc_5.final_counter._67_/Z
 bgc_5.final_counter._68_/ZN
 bgc_5.final_counter._69_/Q
 bgc_5.final_counter._70_/Q
 bgc_5.final_counter._71_/Q
 bgc_5.final_counter._72_/Q
 bgc_5.final_counter._73_/Q
 bgc_5.final_counter._74_/Q
 bgc_5.final_counter._75_/Q
 bgc_5.final_counter._76_/Q
 bgc_5.final_counter._77_/Q
 bgc_5.final_counter._78_/Q
 bgc_5.final_counter._79_/Q
 bgc_5.final_counter._80_/Q
 bgc_5.lfsr_col._27_/ZN
 bgc_5.lfsr_col._28_/ZN
 bgc_5.lfsr_col._28__1073/Z
 bgc_5.lfsr_col._29_/Z
 bgc_5.lfsr_col._29__1074/Z
 bgc_5.lfsr_col._30_/Z
 bgc_5.lfsr_col._30__363/ZN
 bgc_5.lfsr_col._31_/Z
 bgc_5.lfsr_col._31__1075/Z
 bgc_5.lfsr_col._32_/Z
 bgc_5.lfsr_col._32__364/ZN
 bgc_5.lfsr_col._33_/Z
 bgc_5.lfsr_col._33__1076/Z
 bgc_5.lfsr_col._34_/Z
 bgc_5.lfsr_col._34__1077/Z
 bgc_5.lfsr_col._35_/Z
 bgc_5.lfsr_col._35__1078/Z
 bgc_5.lfsr_col._36_/Z
 bgc_5.lfsr_col._36__365/ZN
 bgc_5.lfsr_col._37_/Z
 bgc_5.lfsr_col._37__1079/Z
 bgc_5.lfsr_col._38_/Z
 bgc_5.lfsr_col._38__366/ZN
 bgc_5.lfsr_col._39_/Z
 bgc_5.lfsr_col._39__367/ZN
 bgc_5.lfsr_col._40_/Z
 bgc_5.lfsr_col._40__368/ZN
 bgc_5.lfsr_col._41_/Z
 bgc_5.lfsr_col._42_/Z
 bgc_5.lfsr_col._43_/Z
 bgc_5.lfsr_col._44_/Z
 bgc_5.lfsr_col._44__369/ZN
 bgc_5.lfsr_col._45_/Z
 bgc_5.lfsr_col._45__370/ZN
 bgc_5.lfsr_col._46_/Z
 bgc_5.lfsr_col._46__371/ZN
 bgc_5.lfsr_col._47_/Z
 bgc_5.lfsr_col._47__1081/Z
 bgc_5.lfsr_col._48_/Z
 bgc_5.lfsr_col._48__372/ZN
 bgc_5.lfsr_col._49_/Z
 bgc_5.lfsr_col._49__1082/Z
 bgc_5.lfsr_col._50_/Z
 bgc_5.lfsr_col._50__1083/Z
 bgc_5.lfsr_col._51_/Z
 bgc_5.lfsr_col._51__1084/Z
 bgc_5.lfsr_col._52_/Z
 bgc_5.lfsr_col._52__374/ZN
 bgc_5.lfsr_col._53_/Z
 bgc_5.lfsr_col._53__1085/Z
 bgc_5.lfsr_col._54_/Z
 bgc_5.lfsr_col._54__375/ZN
 bgc_5.lfsr_col._55_/Z
 bgc_5.lfsr_col._55__1086/Z
 bgc_5.lfsr_col._56_/Z
 bgc_5.lfsr_col._57_/Z
 bgc_5.lfsr_col._58_/Z
 bgc_5.lfsr_col._59_/Z
 bgc_5.lfsr_col._60_/Z
 bgc_5.lfsr_col._61_/Z
 bgc_5.lfsr_col._62_/Z
 bgc_5.lfsr_col._63_/Z
 bgc_5.lfsr_col._64_/Z
 bgc_5.lfsr_col._65_/Z
 bgc_5.lfsr_col._66_/ZN
 bgc_5.lfsr_col._66__376/ZN
 bgc_5.lfsr_col._67_/ZN
 bgc_5.lfsr_col._67__377/ZN
 bgc_5.lfsr_col._68_/ZN
 bgc_5.lfsr_col._68__378/ZN
 bgc_5.lfsr_col._69_/ZN
 bgc_5.lfsr_col._69__1087/Z
 bgc_5.lfsr_col._70_/ZN
 bgc_5.lfsr_col._70__379/ZN
 bgc_5.lfsr_col._71_/ZN
 bgc_5.lfsr_col._71__1089/Z
 bgc_5.lfsr_col._72_/ZN
 bgc_5.lfsr_col._72__1090/Z
 bgc_5.lfsr_col._73_/ZN
 bgc_5.lfsr_col._73__1091/Z
 bgc_5.lfsr_col._74_/ZN
 bgc_5.lfsr_col._74__380/ZN
 bgc_5.lfsr_col._75_/ZN
 bgc_5.lfsr_col._75__1092/Z
 bgc_5.lfsr_col._76_/ZN
 bgc_5.lfsr_col._76__381/ZN
 bgc_5.lfsr_col._77_/Q
 bgc_5.lfsr_col._78_/Q
 bgc_5.lfsr_col._79_/Q
 bgc_5.lfsr_col._80_/Q
 bgc_5.lfsr_col._81_/Q
 bgc_5.lfsr_col._82_/Q
 bgc_5.lfsr_col._83_/Q
 bgc_5.lfsr_col._84_/Q
 bgc_5.lfsr_col._85_/Q
 bgc_5.lfsr_col._86_/Q
 bgc_5.lfsr_col._87_/Q
 bgc_5.lfsr_col._88_/Q
 bgc_5.lfsr_row._27_/ZN
 bgc_5.lfsr_row._28_/ZN
 bgc_5.lfsr_row._28__1093/Z
 bgc_5.lfsr_row._29_/Z
 bgc_5.lfsr_row._29__1094/Z
 bgc_5.lfsr_row._30_/Z
 bgc_5.lfsr_row._30__382/ZN
 bgc_5.lfsr_row._31_/Z
 bgc_5.lfsr_row._31__383/ZN
 bgc_5.lfsr_row._32_/Z
 bgc_5.lfsr_row._32__385/ZN
 bgc_5.lfsr_row._33_/Z
 bgc_5.lfsr_row._33__1095/Z
 bgc_5.lfsr_row._34_/Z
 bgc_5.lfsr_row._34__1096/Z
 bgc_5.lfsr_row._35_/Z
 bgc_5.lfsr_row._35__1097/Z
 bgc_5.lfsr_row._36_/Z
 bgc_5.lfsr_row._36__1098/Z
 bgc_5.lfsr_row._37_/Z
 bgc_5.lfsr_row._37__1099/Z
 bgc_5.lfsr_row._38_/Z
 bgc_5.lfsr_row._38__386/ZN
 bgc_5.lfsr_row._39_/Z
 bgc_5.lfsr_row._39__387/ZN
 bgc_5.lfsr_row._40_/Z
 bgc_5.lfsr_row._40__388/ZN
 bgc_5.lfsr_row._41_/Z
 bgc_5.lfsr_row._42_/Z
 bgc_5.lfsr_row._43_/Z
 bgc_5.lfsr_row._44_/Z
 bgc_5.lfsr_row._44__389/ZN
 bgc_5.lfsr_row._45_/Z
 bgc_5.lfsr_row._45__390/ZN
 bgc_5.lfsr_row._46_/Z
 bgc_5.lfsr_row._46__391/ZN
 bgc_5.lfsr_row._47_/Z
 bgc_5.lfsr_row._47__1101/Z
 bgc_5.lfsr_row._48_/Z
 bgc_5.lfsr_row._48__1102/Z
 bgc_5.lfsr_row._49_/Z
 bgc_5.lfsr_row._49__1103/Z
 bgc_5.lfsr_row._50_/Z
 bgc_5.lfsr_row._50__1104/Z
 bgc_5.lfsr_row._51_/Z
 bgc_5.lfsr_row._51__1105/Z
 bgc_5.lfsr_row._52_/Z
 bgc_5.lfsr_row._52__392/ZN
 bgc_5.lfsr_row._53_/Z
 bgc_5.lfsr_row._53__393/ZN
 bgc_5.lfsr_row._54_/Z
 bgc_5.lfsr_row._54__394/ZN
 bgc_5.lfsr_row._55_/Z
 bgc_5.lfsr_row._55__1106/Z
 bgc_5.lfsr_row._56_/Z
 bgc_5.lfsr_row._57_/Z
 bgc_5.lfsr_row._58_/Z
 bgc_5.lfsr_row._59_/Z
 bgc_5.lfsr_row._60_/Z
 bgc_5.lfsr_row._61_/Z
 bgc_5.lfsr_row._62_/Z
 bgc_5.lfsr_row._63_/Z
 bgc_5.lfsr_row._64_/Z
 bgc_5.lfsr_row._65_/Z
 bgc_5.lfsr_row._66_/ZN
 bgc_5.lfsr_row._66__396/ZN
 bgc_5.lfsr_row._67_/ZN
 bgc_5.lfsr_row._67__397/ZN
 bgc_5.lfsr_row._68_/ZN
 bgc_5.lfsr_row._68__398/ZN
 bgc_5.lfsr_row._69_/ZN
 bgc_5.lfsr_row._69__1107/Z
 bgc_5.lfsr_row._70_/ZN
 bgc_5.lfsr_row._70__1108/Z
 bgc_5.lfsr_row._71_/ZN
 bgc_5.lfsr_row._71__1109/Z
 bgc_5.lfsr_row._72_/ZN
 bgc_5.lfsr_row._72__1110/Z
 bgc_5.lfsr_row._73_/ZN
 bgc_5.lfsr_row._73__1111/Z
 bgc_5.lfsr_row._74_/ZN
 bgc_5.lfsr_row._74__399/ZN
 bgc_5.lfsr_row._75_/ZN
 bgc_5.lfsr_row._75__400/ZN
 bgc_5.lfsr_row._76_/ZN
 bgc_5.lfsr_row._76__401/ZN
 bgc_5.lfsr_row._77_/Q
 bgc_5.lfsr_row._78_/Q
 bgc_5.lfsr_row._79_/Q
 bgc_5.lfsr_row._80_/Q
 bgc_5.lfsr_row._81_/Q
 bgc_5.lfsr_row._82_/Q
 bgc_5.lfsr_row._83_/Q
 bgc_5.lfsr_row._84_/Q
 bgc_5.lfsr_row._85_/Q
 bgc_5.lfsr_row._86_/Q
 bgc_5.lfsr_row._87_/Q
 bgc_5.lfsr_row._88_/Q
 bgc_5.row_reg._053_/ZN
 bgc_5.row_reg._054_/ZN
 bgc_5.row_reg._055_/ZN
 bgc_5.row_reg._056_/ZN
 bgc_5.row_reg._056__402/ZN
 bgc_5.row_reg._057_/ZN
 bgc_5.row_reg._058_/ZN
 bgc_5.row_reg._058__403/ZN
 bgc_5.row_reg._059_/ZN
 bgc_5.row_reg._060_/ZN
 bgc_5.row_reg._060__404/ZN
 bgc_5.row_reg._061_/ZN
 bgc_5.row_reg._062_/ZN
 bgc_5.row_reg._062__405/ZN
 bgc_5.row_reg._063_/ZN
 bgc_5.row_reg._064_/ZN
 bgc_5.row_reg._064__406/ZN
 bgc_5.row_reg._065_/ZN
 bgc_5.row_reg._066_/ZN
 bgc_5.row_reg._066__407/ZN
 bgc_5.row_reg._067_/ZN
 bgc_5.row_reg._068_/ZN
 bgc_5.row_reg._068__408/ZN
 bgc_5.row_reg._069_/ZN
 bgc_5.row_reg._070_/ZN
 bgc_5.row_reg._070__409/ZN
 bgc_5.row_reg._071_/ZN
 bgc_5.row_reg._072_/ZN
 bgc_5.row_reg._072__410/ZN
 bgc_5.row_reg._073_/ZN
 bgc_5.row_reg._074_/ZN
 bgc_5.row_reg._074__411/ZN
 bgc_5.row_reg._075_/ZN
 bgc_5.row_reg._076_/ZN
 bgc_5.row_reg._076__412/ZN
 bgc_5.row_reg._077_/ZN
 bgc_5.row_reg._078_/ZN
 bgc_5.row_reg._078__413/ZN
 bgc_5.row_reg._079_/ZN
 bgc_5.row_reg._080_/Z
 bgc_5.row_reg._081_/ZN
 bgc_5.row_reg._082_/ZN
 bgc_5.row_reg._083_/ZN
 bgc_5.row_reg._084_/ZN
 bgc_5.row_reg._085_/ZN
 bgc_5.row_reg._086_/ZN
 bgc_5.row_reg._087_/ZN
 bgc_5.row_reg._088_/ZN
 bgc_5.row_reg._089_/ZN
 bgc_5.row_reg._090_/ZN
 bgc_5.row_reg._091_/ZN
 bgc_5.row_reg._092_/ZN
 bgc_5.row_reg._093_/ZN
 bgc_5.row_reg._094_/ZN
 bgc_5.row_reg._095_/ZN
 bgc_5.row_reg._096_/ZN
 bgc_5.row_reg._097_/ZN
 bgc_5.row_reg._098_/ZN
 bgc_5.row_reg._099_/ZN
 bgc_5.row_reg._100_/ZN
 bgc_5.row_reg._101_/ZN
 bgc_5.row_reg._102_/ZN
 bgc_5.row_reg._103_/ZN
 bgc_5.row_reg._104_/ZN
 bgc_5.row_reg._105_/ZN
 bgc_5.row_reg._106_/ZN
 bgc_5.row_reg._107_/ZN
 bgc_5.row_reg._108_/ZN
 bgc_5.row_reg._109_/ZN
 bgc_5.row_reg._110_/ZN
 bgc_5.row_reg._111_/ZN
 bgc_5.row_reg._112_/ZN
 bgc_5.row_reg._113_/ZN
 bgc_5.row_reg._114_/ZN
 bgc_5.row_reg._115_/ZN
 bgc_5.row_reg._116_/ZN
 bgc_5.row_reg._117_/Q
 bgc_5.row_reg._118_/Q
 bgc_5.row_reg._119_/Q
 bgc_5.row_reg._120_/Q
 bgc_5.row_reg._121_/Q
 bgc_5.row_reg._122_/Q
 bgc_5.row_reg._123_/Q
 bgc_5.row_reg._124_/Q
 bgc_5.row_reg._125_/Q
 bgc_5.row_reg._126_/Q
 bgc_5.row_reg._127_/Q
 bgc_5.row_reg._128_/Q
 bgc_6._05_/ZN
 bgc_6._06_/ZN
 bgc_6._07_/ZN
 bgc_6._07__414/ZN
 bgc_6._08_/ZN
 bgc_6._09_/Z
 bgc_6._10_/ZN
 bgc_6._11_/Z
 bgc_6._11__415/ZN
 bgc_6._12_/Z
 bgc_6._13_/Z
 bgc_6._14_/Z
 bgc_6._15_/Z
 bgc_6._16_/Z
 bgc_6._17_/Z
 bgc_6._18_/Z
 bgc_6._19_/Z
 bgc_6._20_/Z
 bgc_6._21_/Z
 bgc_6._22_/Z
 bgc_6._23_/Z
 bgc_6._24_/ZN
 bgc_6._25_/ZN
 bgc_6.col_reg._053_/ZN
 bgc_6.col_reg._054_/ZN
 bgc_6.col_reg._055_/ZN
 bgc_6.col_reg._056_/ZN
 bgc_6.col_reg._057_/ZN
 bgc_6.col_reg._058_/ZN
 bgc_6.col_reg._059_/ZN
 bgc_6.col_reg._060_/ZN
 bgc_6.col_reg._061_/ZN
 bgc_6.col_reg._062_/ZN
 bgc_6.col_reg._063_/ZN
 bgc_6.col_reg._064_/ZN
 bgc_6.col_reg._065_/ZN
 bgc_6.col_reg._066_/ZN
 bgc_6.col_reg._067_/ZN
 bgc_6.col_reg._068_/ZN
 bgc_6.col_reg._069_/ZN
 bgc_6.col_reg._070_/ZN
 bgc_6.col_reg._071_/ZN
 bgc_6.col_reg._072_/ZN
 bgc_6.col_reg._073_/ZN
 bgc_6.col_reg._074_/ZN
 bgc_6.col_reg._075_/ZN
 bgc_6.col_reg._076_/ZN
 bgc_6.col_reg._077_/ZN
 bgc_6.col_reg._078_/ZN
 bgc_6.col_reg._079_/ZN
 bgc_6.col_reg._080_/Z
 bgc_6.col_reg._081_/ZN
 bgc_6.col_reg._082_/ZN
 bgc_6.col_reg._083_/ZN
 bgc_6.col_reg._084_/ZN
 bgc_6.col_reg._085_/ZN
 bgc_6.col_reg._086_/ZN
 bgc_6.col_reg._087_/ZN
 bgc_6.col_reg._088_/ZN
 bgc_6.col_reg._089_/ZN
 bgc_6.col_reg._090_/ZN
 bgc_6.col_reg._091_/ZN
 bgc_6.col_reg._092_/ZN
 bgc_6.col_reg._093_/ZN
 bgc_6.col_reg._094_/ZN
 bgc_6.col_reg._095_/ZN
 bgc_6.col_reg._096_/ZN
 bgc_6.col_reg._097_/ZN
 bgc_6.col_reg._098_/ZN
 bgc_6.col_reg._099_/ZN
 bgc_6.col_reg._100_/ZN
 bgc_6.col_reg._101_/ZN
 bgc_6.col_reg._102_/ZN
 bgc_6.col_reg._103_/ZN
 bgc_6.col_reg._104_/ZN
 bgc_6.col_reg._105_/ZN
 bgc_6.col_reg._106_/ZN
 bgc_6.col_reg._107_/ZN
 bgc_6.col_reg._108_/ZN
 bgc_6.col_reg._109_/ZN
 bgc_6.col_reg._110_/ZN
 bgc_6.col_reg._111_/ZN
 bgc_6.col_reg._112_/ZN
 bgc_6.col_reg._113_/ZN
 bgc_6.col_reg._114_/ZN
 bgc_6.col_reg._115_/ZN
 bgc_6.col_reg._116_/ZN
 bgc_6.col_reg._117_/Q
 bgc_6.col_reg._118_/Q
 bgc_6.col_reg._119_/Q
 bgc_6.col_reg._120_/Q
 bgc_6.col_reg._121_/Q
 bgc_6.col_reg._122_/Q
 bgc_6.col_reg._123_/Q
 bgc_6.col_reg._124_/Q
 bgc_6.col_reg._125_/Q
 bgc_6.col_reg._126_/Q
 bgc_6.col_reg._127_/Q
 bgc_6.col_reg._128_/Q
 bgc_6.comp_col._20_/ZN
 bgc_6.comp_col._21_/ZN
 bgc_6.comp_col._22_/ZN
 bgc_6.comp_col._23_/ZN
 bgc_6.comp_col._24_/ZN
 bgc_6.comp_col._25_/ZN
 bgc_6.comp_col._26_/ZN
 bgc_6.comp_col._27_/ZN
 bgc_6.comp_col._28_/ZN
 bgc_6.comp_col._29_/ZN
 bgc_6.comp_col._30_/ZN
 bgc_6.comp_col._31_/ZN
 bgc_6.comp_col._32_/ZN
 bgc_6.comp_col._33_/ZN
 bgc_6.comp_col._34_/ZN
 bgc_6.comp_col._35_/ZN
 bgc_6.comp_col._36_/ZN
 bgc_6.comp_col._37_/ZN
 bgc_6.comp_col._38_/ZN
 bgc_6.comp_col._39_/ZN
 bgc_6.comp_col._40_/ZN
 bgc_6.comp_col._41_/ZN
 bgc_6.comp_col._42_/ZN
 bgc_6.comp_col._43_/ZN
 bgc_6.comp_col._44_/ZN
 bgc_6.comp_col._45_/ZN
 bgc_6.comp_col._46_/ZN
 bgc_6.comp_col._47_/ZN
 bgc_6.comp_col._48_/Z
 bgc_6.comp_col._49_/Z
 bgc_6.comp_col._50_/Z
 bgc_6.comp_col._51_/Z
 bgc_6.comp_col._52_/Z
 bgc_6.comp_col._53_/Z
 bgc_6.comp_col._54_/Z
 bgc_6.comp_col._55_/Z
 bgc_6.comp_col._56_/Z
 bgc_6.comp_col._57_/Z
 bgc_6.comp_col._58_/Z
 bgc_6.comp_col._59_/Z
 bgc_6.comp_col._60_/ZN
 bgc_6.comp_col._61_/ZN
 bgc_6.comp_col._62_/ZN
 bgc_6.comp_col._63_/ZN
 bgc_6.comp_col._64_/ZN
 bgc_6.comp_col.pe1._18_/ZN
 bgc_6.comp_col.pe1._19_/ZN
 bgc_6.comp_col.pe1._20_/ZN
 bgc_6.comp_col.pe1._21_/ZN
 bgc_6.comp_col.pe1._22_/ZN
 bgc_6.comp_col.pe1._23_/ZN
 bgc_6.comp_col.pe1._24_/ZN
 bgc_6.comp_col.pe1._25_/ZN
 bgc_6.comp_col.pe1._26_/ZN
 bgc_6.comp_col.pe1._27_/ZN
 bgc_6.comp_col.pe1._28_/ZN
 bgc_6.comp_col.pe1._29_/ZN
 bgc_6.comp_col.pe1._30_/ZN
 bgc_6.comp_col.pe1._31_/ZN
 bgc_6.comp_col.pe1._32_/ZN
 bgc_6.comp_col.pe1._33_/ZN
 bgc_6.comp_col.pe1._34_/ZN
 bgc_6.comp_col.pe1._35_/ZN
 bgc_6.comp_col.pe1._36_/ZN
 bgc_6.comp_col.pe1._37_/ZN
 bgc_6.comp_col.pe1._38_/ZN
 bgc_6.comp_col.pe1._39_/ZN
 bgc_6.comp_col.pe2._18_/ZN
 bgc_6.comp_col.pe2._19_/ZN
 bgc_6.comp_col.pe2._20_/ZN
 bgc_6.comp_col.pe2._21_/ZN
 bgc_6.comp_col.pe2._22_/ZN
 bgc_6.comp_col.pe2._23_/ZN
 bgc_6.comp_col.pe2._24_/ZN
 bgc_6.comp_col.pe2._25_/ZN
 bgc_6.comp_col.pe2._26_/ZN
 bgc_6.comp_col.pe2._27_/ZN
 bgc_6.comp_col.pe2._28_/ZN
 bgc_6.comp_col.pe2._29_/ZN
 bgc_6.comp_col.pe2._30_/ZN
 bgc_6.comp_col.pe2._31_/ZN
 bgc_6.comp_col.pe2._32_/ZN
 bgc_6.comp_col.pe2._33_/ZN
 bgc_6.comp_col.pe2._34_/ZN
 bgc_6.comp_col.pe2._35_/ZN
 bgc_6.comp_col.pe2._36_/ZN
 bgc_6.comp_col.pe2._37_/ZN
 bgc_6.comp_col.pe2._38_/ZN
 bgc_6.comp_col.pe2._39_/ZN
 bgc_6.comp_row._20_/ZN
 bgc_6.comp_row._21_/ZN
 bgc_6.comp_row._22_/ZN
 bgc_6.comp_row._23_/ZN
 bgc_6.comp_row._24_/ZN
 bgc_6.comp_row._25_/ZN
 bgc_6.comp_row._26_/ZN
 bgc_6.comp_row._27_/ZN
 bgc_6.comp_row._28_/ZN
 bgc_6.comp_row._29_/ZN
 bgc_6.comp_row._30_/ZN
 bgc_6.comp_row._31_/ZN
 bgc_6.comp_row._32_/ZN
 bgc_6.comp_row._33_/ZN
 bgc_6.comp_row._34_/ZN
 bgc_6.comp_row._35_/ZN
 bgc_6.comp_row._36_/ZN
 bgc_6.comp_row._37_/ZN
 bgc_6.comp_row._38_/ZN
 bgc_6.comp_row._39_/ZN
 bgc_6.comp_row._40_/ZN
 bgc_6.comp_row._41_/ZN
 bgc_6.comp_row._42_/ZN
 bgc_6.comp_row._43_/ZN
 bgc_6.comp_row._44_/ZN
 bgc_6.comp_row._45_/ZN
 bgc_6.comp_row._46_/ZN
 bgc_6.comp_row._47_/ZN
 bgc_6.comp_row._48_/Z
 bgc_6.comp_row._49_/Z
 bgc_6.comp_row._50_/Z
 bgc_6.comp_row._51_/Z
 bgc_6.comp_row._52_/Z
 bgc_6.comp_row._53_/Z
 bgc_6.comp_row._54_/Z
 bgc_6.comp_row._55_/Z
 bgc_6.comp_row._56_/Z
 bgc_6.comp_row._57_/Z
 bgc_6.comp_row._58_/Z
 bgc_6.comp_row._59_/Z
 bgc_6.comp_row._60_/ZN
 bgc_6.comp_row._61_/ZN
 bgc_6.comp_row._62_/ZN
 bgc_6.comp_row._63_/ZN
 bgc_6.comp_row._64_/ZN
 bgc_6.comp_row.pe1._18_/ZN
 bgc_6.comp_row.pe1._19_/ZN
 bgc_6.comp_row.pe1._20_/ZN
 bgc_6.comp_row.pe1._21_/ZN
 bgc_6.comp_row.pe1._22_/ZN
 bgc_6.comp_row.pe1._23_/ZN
 bgc_6.comp_row.pe1._24_/ZN
 bgc_6.comp_row.pe1._25_/ZN
 bgc_6.comp_row.pe1._26_/ZN
 bgc_6.comp_row.pe1._27_/ZN
 bgc_6.comp_row.pe1._28_/ZN
 bgc_6.comp_row.pe1._29_/ZN
 bgc_6.comp_row.pe1._30_/ZN
 bgc_6.comp_row.pe1._31_/ZN
 bgc_6.comp_row.pe1._32_/ZN
 bgc_6.comp_row.pe1._33_/ZN
 bgc_6.comp_row.pe1._34_/ZN
 bgc_6.comp_row.pe1._35_/ZN
 bgc_6.comp_row.pe1._36_/ZN
 bgc_6.comp_row.pe1._37_/ZN
 bgc_6.comp_row.pe1._38_/ZN
 bgc_6.comp_row.pe1._39_/ZN
 bgc_6.comp_row.pe2._18_/ZN
 bgc_6.comp_row.pe2._19_/ZN
 bgc_6.comp_row.pe2._20_/ZN
 bgc_6.comp_row.pe2._21_/ZN
 bgc_6.comp_row.pe2._22_/ZN
 bgc_6.comp_row.pe2._23_/ZN
 bgc_6.comp_row.pe2._24_/ZN
 bgc_6.comp_row.pe2._25_/ZN
 bgc_6.comp_row.pe2._26_/ZN
 bgc_6.comp_row.pe2._27_/ZN
 bgc_6.comp_row.pe2._28_/ZN
 bgc_6.comp_row.pe2._29_/ZN
 bgc_6.comp_row.pe2._30_/ZN
 bgc_6.comp_row.pe2._31_/ZN
 bgc_6.comp_row.pe2._32_/ZN
 bgc_6.comp_row.pe2._33_/ZN
 bgc_6.comp_row.pe2._34_/ZN
 bgc_6.comp_row.pe2._35_/ZN
 bgc_6.comp_row.pe2._36_/ZN
 bgc_6.comp_row.pe2._37_/ZN
 bgc_6.comp_row.pe2._38_/ZN
 bgc_6.comp_row.pe2._39_/ZN
 bgc_6.final_counter._29_/ZN
 bgc_6.final_counter._30_/ZN
 bgc_6.final_counter._31_/ZN
 bgc_6.final_counter._32_/ZN
 bgc_6.final_counter._33_/ZN
 bgc_6.final_counter._34_/ZN
 bgc_6.final_counter._35_/ZN
 bgc_6.final_counter._36_/ZN
 bgc_6.final_counter._37_/ZN
 bgc_6.final_counter._38_/ZN
 bgc_6.final_counter._39_/Z
 bgc_6.final_counter._40_/ZN
 bgc_6.final_counter._41_/ZN
 bgc_6.final_counter._42_/ZN
 bgc_6.final_counter._43_/Z
 bgc_6.final_counter._44_/ZN
 bgc_6.final_counter._45_/ZN
 bgc_6.final_counter._46_/Z
 bgc_6.final_counter._47_/ZN
 bgc_6.final_counter._48_/ZN
 bgc_6.final_counter._49_/Z
 bgc_6.final_counter._50_/ZN
 bgc_6.final_counter._51_/ZN
 bgc_6.final_counter._52_/ZN
 bgc_6.final_counter._53_/ZN
 bgc_6.final_counter._54_/Z
 bgc_6.final_counter._55_/ZN
 bgc_6.final_counter._56_/ZN
 bgc_6.final_counter._57_/Z
 bgc_6.final_counter._58_/ZN
 bgc_6.final_counter._59_/ZN
 bgc_6.final_counter._60_/ZN
 bgc_6.final_counter._61_/ZN
 bgc_6.final_counter._62_/ZN
 bgc_6.final_counter._63_/ZN
 bgc_6.final_counter._64_/ZN
 bgc_6.final_counter._65_/ZN
 bgc_6.final_counter._66_/ZN
 bgc_6.final_counter._67_/Z
 bgc_6.final_counter._68_/ZN
 bgc_6.final_counter._69_/Q
 bgc_6.final_counter._70_/Q
 bgc_6.final_counter._71_/Q
 bgc_6.final_counter._72_/Q
 bgc_6.final_counter._73_/Q
 bgc_6.final_counter._74_/Q
 bgc_6.final_counter._75_/Q
 bgc_6.final_counter._76_/Q
 bgc_6.final_counter._77_/Q
 bgc_6.final_counter._78_/Q
 bgc_6.final_counter._79_/Q
 bgc_6.final_counter._80_/Q
 bgc_6.lfsr_col._27_/ZN
 bgc_6.lfsr_col._28_/ZN
 bgc_6.lfsr_col._28__1114/Z
 bgc_6.lfsr_col._29_/Z
 bgc_6.lfsr_col._29__1115/Z
 bgc_6.lfsr_col._30_/Z
 bgc_6.lfsr_col._30__416/ZN
 bgc_6.lfsr_col._31_/Z
 bgc_6.lfsr_col._31__1116/Z
 bgc_6.lfsr_col._32_/Z
 bgc_6.lfsr_col._32__418/ZN
 bgc_6.lfsr_col._33_/Z
 bgc_6.lfsr_col._33__419/ZN
 bgc_6.lfsr_col._34_/Z
 bgc_6.lfsr_col._34__420/ZN
 bgc_6.lfsr_col._35_/Z
 bgc_6.lfsr_col._35__421/ZN
 bgc_6.lfsr_col._36_/Z
 bgc_6.lfsr_col._36__1117/Z
 bgc_6.lfsr_col._37_/Z
 bgc_6.lfsr_col._37__422/ZN
 bgc_6.lfsr_col._38_/Z
 bgc_6.lfsr_col._38__423/ZN
 bgc_6.lfsr_col._39_/Z
 bgc_6.lfsr_col._39__1118/Z
 bgc_6.lfsr_col._40_/Z
 bgc_6.lfsr_col._40__424/ZN
 bgc_6.lfsr_col._41_/Z
 bgc_6.lfsr_col._42_/Z
 bgc_6.lfsr_col._43_/Z
 bgc_6.lfsr_col._44_/Z
 bgc_6.lfsr_col._44__425/ZN
 bgc_6.lfsr_col._45_/Z
 bgc_6.lfsr_col._45__1120/Z
 bgc_6.lfsr_col._46_/Z
 bgc_6.lfsr_col._46__426/ZN
 bgc_6.lfsr_col._47_/Z
 bgc_6.lfsr_col._47__427/ZN
 bgc_6.lfsr_col._48_/Z
 bgc_6.lfsr_col._48__1121/Z
 bgc_6.lfsr_col._49_/Z
 bgc_6.lfsr_col._49__428/ZN
 bgc_6.lfsr_col._50_/Z
 bgc_6.lfsr_col._50__429/ZN
 bgc_6.lfsr_col._51_/Z
 bgc_6.lfsr_col._51__430/ZN
 bgc_6.lfsr_col._52_/Z
 bgc_6.lfsr_col._52__431/ZN
 bgc_6.lfsr_col._53_/Z
 bgc_6.lfsr_col._53__1122/Z
 bgc_6.lfsr_col._54_/Z
 bgc_6.lfsr_col._54__432/ZN
 bgc_6.lfsr_col._55_/Z
 bgc_6.lfsr_col._55__1123/Z
 bgc_6.lfsr_col._56_/Z
 bgc_6.lfsr_col._57_/Z
 bgc_6.lfsr_col._58_/Z
 bgc_6.lfsr_col._59_/Z
 bgc_6.lfsr_col._60_/Z
 bgc_6.lfsr_col._61_/Z
 bgc_6.lfsr_col._62_/Z
 bgc_6.lfsr_col._63_/Z
 bgc_6.lfsr_col._64_/Z
 bgc_6.lfsr_col._65_/Z
 bgc_6.lfsr_col._66_/ZN
 bgc_6.lfsr_col._66__434/ZN
 bgc_6.lfsr_col._67_/ZN
 bgc_6.lfsr_col._67__1124/Z
 bgc_6.lfsr_col._68_/ZN
 bgc_6.lfsr_col._68__435/ZN
 bgc_6.lfsr_col._69_/ZN
 bgc_6.lfsr_col._69__436/ZN
 bgc_6.lfsr_col._70_/ZN
 bgc_6.lfsr_col._70__1125/Z
 bgc_6.lfsr_col._71_/ZN
 bgc_6.lfsr_col._71__437/ZN
 bgc_6.lfsr_col._72_/ZN
 bgc_6.lfsr_col._72__438/ZN
 bgc_6.lfsr_col._73_/ZN
 bgc_6.lfsr_col._73__439/ZN
 bgc_6.lfsr_col._74_/ZN
 bgc_6.lfsr_col._74__440/ZN
 bgc_6.lfsr_col._75_/ZN
 bgc_6.lfsr_col._75__1126/Z
 bgc_6.lfsr_col._76_/ZN
 bgc_6.lfsr_col._76__442/ZN
 bgc_6.lfsr_col._77_/Q
 bgc_6.lfsr_col._78_/Q
 bgc_6.lfsr_col._79_/Q
 bgc_6.lfsr_col._80_/Q
 bgc_6.lfsr_col._81_/Q
 bgc_6.lfsr_col._82_/Q
 bgc_6.lfsr_col._83_/Q
 bgc_6.lfsr_col._84_/Q
 bgc_6.lfsr_col._85_/Q
 bgc_6.lfsr_col._86_/Q
 bgc_6.lfsr_col._87_/Q
 bgc_6.lfsr_col._88_/Q
 bgc_6.lfsr_row._27_/ZN
 bgc_6.lfsr_row._28_/ZN
 bgc_6.lfsr_row._28__443/ZN
 bgc_6.lfsr_row._29_/Z
 bgc_6.lfsr_row._29__444/ZN
 bgc_6.lfsr_row._30_/Z
 bgc_6.lfsr_row._30__445/ZN
 bgc_6.lfsr_row._31_/Z
 bgc_6.lfsr_row._31__1127/Z
 bgc_6.lfsr_row._32_/Z
 bgc_6.lfsr_row._32__1128/Z
 bgc_6.lfsr_row._33_/Z
 bgc_6.lfsr_row._33__446/ZN
 bgc_6.lfsr_row._34_/Z
 bgc_6.lfsr_row._34__447/ZN
 bgc_6.lfsr_row._35_/Z
 bgc_6.lfsr_row._35__448/ZN
 bgc_6.lfsr_row._36_/Z
 bgc_6.lfsr_row._36__1130/Z
 bgc_6.lfsr_row._37_/Z
 bgc_6.lfsr_row._37__1131/Z
 bgc_6.lfsr_row._38_/Z
 bgc_6.lfsr_row._38__1132/Z
 bgc_6.lfsr_row._39_/Z
 bgc_6.lfsr_row._39__1133/Z
 bgc_6.lfsr_row._40_/Z
 bgc_6.lfsr_row._40__1134/Z
 bgc_6.lfsr_row._41_/Z
 bgc_6.lfsr_row._42_/Z
 bgc_6.lfsr_row._43_/Z
 bgc_6.lfsr_row._44_/Z
 bgc_6.lfsr_row._44__1135/Z
 bgc_6.lfsr_row._45_/Z
 bgc_6.lfsr_row._45__1136/Z
 bgc_6.lfsr_row._46_/Z
 bgc_6.lfsr_row._46__1137/Z
 bgc_6.lfsr_row._47_/Z
 bgc_6.lfsr_row._47__1138/Z
 bgc_6.lfsr_row._48_/Z
 bgc_6.lfsr_row._48__1139/Z
 bgc_6.lfsr_row._49_/Z
 bgc_6.lfsr_row._49__450/ZN
 bgc_6.lfsr_row._50_/Z
 bgc_6.lfsr_row._50__451/ZN
 bgc_6.lfsr_row._51_/Z
 bgc_6.lfsr_row._51__452/ZN
 bgc_6.lfsr_row._52_/Z
 bgc_6.lfsr_row._52__1140/Z
 bgc_6.lfsr_row._53_/Z
 bgc_6.lfsr_row._53__1141/Z
 bgc_6.lfsr_row._54_/Z
 bgc_6.lfsr_row._54__453/ZN
 bgc_6.lfsr_row._55_/Z
 bgc_6.lfsr_row._55__454/ZN
 bgc_6.lfsr_row._56_/Z
 bgc_6.lfsr_row._57_/Z
 bgc_6.lfsr_row._58_/Z
 bgc_6.lfsr_row._59_/Z
 bgc_6.lfsr_row._60_/Z
 bgc_6.lfsr_row._61_/Z
 bgc_6.lfsr_row._62_/Z
 bgc_6.lfsr_row._63_/Z
 bgc_6.lfsr_row._64_/Z
 bgc_6.lfsr_row._65_/Z
 bgc_6.lfsr_row._66_/ZN
 bgc_6.lfsr_row._66__1142/Z
 bgc_6.lfsr_row._67_/ZN
 bgc_6.lfsr_row._67__1143/Z
 bgc_6.lfsr_row._68_/ZN
 bgc_6.lfsr_row._68__1144/Z
 bgc_6.lfsr_row._69_/ZN
 bgc_6.lfsr_row._69__1146/Z
 bgc_6.lfsr_row._70_/ZN
 bgc_6.lfsr_row._70__1147/Z
 bgc_6.lfsr_row._71_/ZN
 bgc_6.lfsr_row._71__455/ZN
 bgc_6.lfsr_row._72_/ZN
 bgc_6.lfsr_row._72__456/ZN
 bgc_6.lfsr_row._73_/ZN
 bgc_6.lfsr_row._73__457/ZN
 bgc_6.lfsr_row._74_/ZN
 bgc_6.lfsr_row._74__1148/Z
 bgc_6.lfsr_row._75_/ZN
 bgc_6.lfsr_row._75__1149/Z
 bgc_6.lfsr_row._76_/ZN
 bgc_6.lfsr_row._76__458/ZN
 bgc_6.lfsr_row._77_/Q
 bgc_6.lfsr_row._78_/Q
 bgc_6.lfsr_row._79_/Q
 bgc_6.lfsr_row._80_/Q
 bgc_6.lfsr_row._81_/Q
 bgc_6.lfsr_row._82_/Q
 bgc_6.lfsr_row._83_/Q
 bgc_6.lfsr_row._84_/Q
 bgc_6.lfsr_row._85_/Q
 bgc_6.lfsr_row._86_/Q
 bgc_6.lfsr_row._87_/Q
 bgc_6.lfsr_row._88_/Q
 bgc_6.row_reg._053_/ZN
 bgc_6.row_reg._054_/ZN
 bgc_6.row_reg._055_/ZN
 bgc_6.row_reg._056_/ZN
 bgc_6.row_reg._056__459/ZN
 bgc_6.row_reg._057_/ZN
 bgc_6.row_reg._058_/ZN
 bgc_6.row_reg._058__460/ZN
 bgc_6.row_reg._059_/ZN
 bgc_6.row_reg._060_/ZN
 bgc_6.row_reg._060__462/ZN
 bgc_6.row_reg._061_/ZN
 bgc_6.row_reg._062_/ZN
 bgc_6.row_reg._062__463/ZN
 bgc_6.row_reg._063_/ZN
 bgc_6.row_reg._064_/ZN
 bgc_6.row_reg._064__464/ZN
 bgc_6.row_reg._065_/ZN
 bgc_6.row_reg._066_/ZN
 bgc_6.row_reg._066__465/ZN
 bgc_6.row_reg._067_/ZN
 bgc_6.row_reg._068_/ZN
 bgc_6.row_reg._068__466/ZN
 bgc_6.row_reg._069_/ZN
 bgc_6.row_reg._070_/ZN
 bgc_6.row_reg._070__467/ZN
 bgc_6.row_reg._071_/ZN
 bgc_6.row_reg._072_/ZN
 bgc_6.row_reg._072__468/ZN
 bgc_6.row_reg._073_/ZN
 bgc_6.row_reg._074_/ZN
 bgc_6.row_reg._074__469/ZN
 bgc_6.row_reg._075_/ZN
 bgc_6.row_reg._076_/ZN
 bgc_6.row_reg._076__470/ZN
 bgc_6.row_reg._077_/ZN
 bgc_6.row_reg._078_/ZN
 bgc_6.row_reg._078__471/ZN
 bgc_6.row_reg._079_/ZN
 bgc_6.row_reg._080_/Z
 bgc_6.row_reg._081_/ZN
 bgc_6.row_reg._082_/ZN
 bgc_6.row_reg._083_/ZN
 bgc_6.row_reg._084_/ZN
 bgc_6.row_reg._085_/ZN
 bgc_6.row_reg._086_/ZN
 bgc_6.row_reg._087_/ZN
 bgc_6.row_reg._088_/ZN
 bgc_6.row_reg._089_/ZN
 bgc_6.row_reg._090_/ZN
 bgc_6.row_reg._091_/ZN
 bgc_6.row_reg._092_/ZN
 bgc_6.row_reg._093_/ZN
 bgc_6.row_reg._094_/ZN
 bgc_6.row_reg._095_/ZN
 bgc_6.row_reg._096_/ZN
 bgc_6.row_reg._097_/ZN
 bgc_6.row_reg._098_/ZN
 bgc_6.row_reg._099_/ZN
 bgc_6.row_reg._100_/ZN
 bgc_6.row_reg._101_/ZN
 bgc_6.row_reg._102_/ZN
 bgc_6.row_reg._103_/ZN
 bgc_6.row_reg._104_/ZN
 bgc_6.row_reg._105_/ZN
 bgc_6.row_reg._106_/ZN
 bgc_6.row_reg._107_/ZN
 bgc_6.row_reg._108_/ZN
 bgc_6.row_reg._109_/ZN
 bgc_6.row_reg._110_/ZN
 bgc_6.row_reg._111_/ZN
 bgc_6.row_reg._112_/ZN
 bgc_6.row_reg._113_/ZN
 bgc_6.row_reg._114_/ZN
 bgc_6.row_reg._115_/ZN
 bgc_6.row_reg._116_/ZN
 bgc_6.row_reg._117_/Q
 bgc_6.row_reg._118_/Q
 bgc_6.row_reg._119_/Q
 bgc_6.row_reg._120_/Q
 bgc_6.row_reg._121_/Q
 bgc_6.row_reg._122_/Q
 bgc_6.row_reg._123_/Q
 bgc_6.row_reg._124_/Q
 bgc_6.row_reg._125_/Q
 bgc_6.row_reg._126_/Q
 bgc_6.row_reg._127_/Q
 bgc_6.row_reg._128_/Q
 bgc_7._05_/ZN
 bgc_7._06_/ZN
 bgc_7._07_/ZN
 bgc_7._07__473/ZN
 bgc_7._08_/ZN
 bgc_7._09_/Z
 bgc_7._10_/ZN
 bgc_7._11_/Z
 bgc_7._11__474/ZN
 bgc_7._12_/Z
 bgc_7._13_/Z
 bgc_7._14_/Z
 bgc_7._15_/Z
 bgc_7._16_/Z
 bgc_7._17_/Z
 bgc_7._18_/Z
 bgc_7._19_/Z
 bgc_7._20_/Z
 bgc_7._21_/Z
 bgc_7._22_/Z
 bgc_7._23_/Z
 bgc_7._24_/ZN
 bgc_7._25_/ZN
 bgc_7.col_reg._053_/ZN
 bgc_7.col_reg._054_/ZN
 bgc_7.col_reg._055_/ZN
 bgc_7.col_reg._056_/ZN
 bgc_7.col_reg._057_/ZN
 bgc_7.col_reg._058_/ZN
 bgc_7.col_reg._059_/ZN
 bgc_7.col_reg._060_/ZN
 bgc_7.col_reg._061_/ZN
 bgc_7.col_reg._062_/ZN
 bgc_7.col_reg._063_/ZN
 bgc_7.col_reg._064_/ZN
 bgc_7.col_reg._065_/ZN
 bgc_7.col_reg._066_/ZN
 bgc_7.col_reg._067_/ZN
 bgc_7.col_reg._068_/ZN
 bgc_7.col_reg._069_/ZN
 bgc_7.col_reg._070_/ZN
 bgc_7.col_reg._071_/ZN
 bgc_7.col_reg._072_/ZN
 bgc_7.col_reg._073_/ZN
 bgc_7.col_reg._074_/ZN
 bgc_7.col_reg._075_/ZN
 bgc_7.col_reg._076_/ZN
 bgc_7.col_reg._077_/ZN
 bgc_7.col_reg._078_/ZN
 bgc_7.col_reg._079_/ZN
 bgc_7.col_reg._080_/Z
 bgc_7.col_reg._081_/ZN
 bgc_7.col_reg._082_/ZN
 bgc_7.col_reg._083_/ZN
 bgc_7.col_reg._084_/ZN
 bgc_7.col_reg._085_/ZN
 bgc_7.col_reg._086_/ZN
 bgc_7.col_reg._087_/ZN
 bgc_7.col_reg._088_/ZN
 bgc_7.col_reg._089_/ZN
 bgc_7.col_reg._090_/ZN
 bgc_7.col_reg._091_/ZN
 bgc_7.col_reg._092_/ZN
 bgc_7.col_reg._093_/ZN
 bgc_7.col_reg._094_/ZN
 bgc_7.col_reg._095_/ZN
 bgc_7.col_reg._096_/ZN
 bgc_7.col_reg._097_/ZN
 bgc_7.col_reg._098_/ZN
 bgc_7.col_reg._099_/ZN
 bgc_7.col_reg._100_/ZN
 bgc_7.col_reg._101_/ZN
 bgc_7.col_reg._102_/ZN
 bgc_7.col_reg._103_/ZN
 bgc_7.col_reg._104_/ZN
 bgc_7.col_reg._105_/ZN
 bgc_7.col_reg._106_/ZN
 bgc_7.col_reg._107_/ZN
 bgc_7.col_reg._108_/ZN
 bgc_7.col_reg._109_/ZN
 bgc_7.col_reg._110_/ZN
 bgc_7.col_reg._111_/ZN
 bgc_7.col_reg._112_/ZN
 bgc_7.col_reg._113_/ZN
 bgc_7.col_reg._114_/ZN
 bgc_7.col_reg._115_/ZN
 bgc_7.col_reg._116_/ZN
 bgc_7.col_reg._117_/Q
 bgc_7.col_reg._118_/Q
 bgc_7.col_reg._119_/Q
 bgc_7.col_reg._120_/Q
 bgc_7.col_reg._121_/Q
 bgc_7.col_reg._122_/Q
 bgc_7.col_reg._123_/Q
 bgc_7.col_reg._124_/Q
 bgc_7.col_reg._125_/Q
 bgc_7.col_reg._126_/Q
 bgc_7.col_reg._127_/Q
 bgc_7.col_reg._128_/Q
 bgc_7.comp_col._20_/ZN
 bgc_7.comp_col._21_/ZN
 bgc_7.comp_col._22_/ZN
 bgc_7.comp_col._23_/ZN
 bgc_7.comp_col._24_/ZN
 bgc_7.comp_col._25_/ZN
 bgc_7.comp_col._26_/ZN
 bgc_7.comp_col._27_/ZN
 bgc_7.comp_col._28_/ZN
 bgc_7.comp_col._29_/ZN
 bgc_7.comp_col._30_/ZN
 bgc_7.comp_col._31_/ZN
 bgc_7.comp_col._32_/ZN
 bgc_7.comp_col._33_/ZN
 bgc_7.comp_col._34_/ZN
 bgc_7.comp_col._35_/ZN
 bgc_7.comp_col._36_/ZN
 bgc_7.comp_col._37_/ZN
 bgc_7.comp_col._38_/ZN
 bgc_7.comp_col._39_/ZN
 bgc_7.comp_col._40_/ZN
 bgc_7.comp_col._41_/ZN
 bgc_7.comp_col._42_/ZN
 bgc_7.comp_col._43_/ZN
 bgc_7.comp_col._44_/ZN
 bgc_7.comp_col._45_/ZN
 bgc_7.comp_col._46_/ZN
 bgc_7.comp_col._47_/ZN
 bgc_7.comp_col._48_/Z
 bgc_7.comp_col._49_/Z
 bgc_7.comp_col._50_/Z
 bgc_7.comp_col._51_/Z
 bgc_7.comp_col._52_/Z
 bgc_7.comp_col._53_/Z
 bgc_7.comp_col._54_/Z
 bgc_7.comp_col._55_/Z
 bgc_7.comp_col._56_/Z
 bgc_7.comp_col._57_/Z
 bgc_7.comp_col._58_/Z
 bgc_7.comp_col._59_/Z
 bgc_7.comp_col._60_/ZN
 bgc_7.comp_col._61_/ZN
 bgc_7.comp_col._62_/ZN
 bgc_7.comp_col._63_/ZN
 bgc_7.comp_col._64_/ZN
 bgc_7.comp_col.pe1._18_/ZN
 bgc_7.comp_col.pe1._19_/ZN
 bgc_7.comp_col.pe1._20_/ZN
 bgc_7.comp_col.pe1._21_/ZN
 bgc_7.comp_col.pe1._22_/ZN
 bgc_7.comp_col.pe1._23_/ZN
 bgc_7.comp_col.pe1._24_/ZN
 bgc_7.comp_col.pe1._25_/ZN
 bgc_7.comp_col.pe1._26_/ZN
 bgc_7.comp_col.pe1._27_/ZN
 bgc_7.comp_col.pe1._28_/ZN
 bgc_7.comp_col.pe1._29_/ZN
 bgc_7.comp_col.pe1._30_/ZN
 bgc_7.comp_col.pe1._31_/ZN
 bgc_7.comp_col.pe1._32_/ZN
 bgc_7.comp_col.pe1._33_/ZN
 bgc_7.comp_col.pe1._34_/ZN
 bgc_7.comp_col.pe1._35_/ZN
 bgc_7.comp_col.pe1._36_/ZN
 bgc_7.comp_col.pe1._37_/ZN
 bgc_7.comp_col.pe1._38_/ZN
 bgc_7.comp_col.pe1._39_/ZN
 bgc_7.comp_col.pe2._18_/ZN
 bgc_7.comp_col.pe2._19_/ZN
 bgc_7.comp_col.pe2._20_/ZN
 bgc_7.comp_col.pe2._21_/ZN
 bgc_7.comp_col.pe2._22_/ZN
 bgc_7.comp_col.pe2._23_/ZN
 bgc_7.comp_col.pe2._24_/ZN
 bgc_7.comp_col.pe2._25_/ZN
 bgc_7.comp_col.pe2._26_/ZN
 bgc_7.comp_col.pe2._27_/ZN
 bgc_7.comp_col.pe2._28_/ZN
 bgc_7.comp_col.pe2._29_/ZN
 bgc_7.comp_col.pe2._30_/ZN
 bgc_7.comp_col.pe2._31_/ZN
 bgc_7.comp_col.pe2._32_/ZN
 bgc_7.comp_col.pe2._33_/ZN
 bgc_7.comp_col.pe2._34_/ZN
 bgc_7.comp_col.pe2._35_/ZN
 bgc_7.comp_col.pe2._36_/ZN
 bgc_7.comp_col.pe2._37_/ZN
 bgc_7.comp_col.pe2._38_/ZN
 bgc_7.comp_col.pe2._39_/ZN
 bgc_7.comp_row._20_/ZN
 bgc_7.comp_row._21_/ZN
 bgc_7.comp_row._22_/ZN
 bgc_7.comp_row._23_/ZN
 bgc_7.comp_row._24_/ZN
 bgc_7.comp_row._25_/ZN
 bgc_7.comp_row._26_/ZN
 bgc_7.comp_row._27_/ZN
 bgc_7.comp_row._28_/ZN
 bgc_7.comp_row._29_/ZN
 bgc_7.comp_row._30_/ZN
 bgc_7.comp_row._31_/ZN
 bgc_7.comp_row._32_/ZN
 bgc_7.comp_row._33_/ZN
 bgc_7.comp_row._34_/ZN
 bgc_7.comp_row._35_/ZN
 bgc_7.comp_row._36_/ZN
 bgc_7.comp_row._37_/ZN
 bgc_7.comp_row._38_/ZN
 bgc_7.comp_row._39_/ZN
 bgc_7.comp_row._40_/ZN
 bgc_7.comp_row._41_/ZN
 bgc_7.comp_row._42_/ZN
 bgc_7.comp_row._43_/ZN
 bgc_7.comp_row._44_/ZN
 bgc_7.comp_row._45_/ZN
 bgc_7.comp_row._46_/ZN
 bgc_7.comp_row._47_/ZN
 bgc_7.comp_row._48_/Z
 bgc_7.comp_row._49_/Z
 bgc_7.comp_row._50_/Z
 bgc_7.comp_row._51_/Z
 bgc_7.comp_row._52_/Z
 bgc_7.comp_row._53_/Z
 bgc_7.comp_row._54_/Z
 bgc_7.comp_row._55_/Z
 bgc_7.comp_row._56_/Z
 bgc_7.comp_row._57_/Z
 bgc_7.comp_row._58_/Z
 bgc_7.comp_row._59_/Z
 bgc_7.comp_row._60_/ZN
 bgc_7.comp_row._61_/ZN
 bgc_7.comp_row._62_/ZN
 bgc_7.comp_row._63_/ZN
 bgc_7.comp_row._64_/ZN
 bgc_7.comp_row.pe1._18_/ZN
 bgc_7.comp_row.pe1._19_/ZN
 bgc_7.comp_row.pe1._20_/ZN
 bgc_7.comp_row.pe1._21_/ZN
 bgc_7.comp_row.pe1._22_/ZN
 bgc_7.comp_row.pe1._23_/ZN
 bgc_7.comp_row.pe1._24_/ZN
 bgc_7.comp_row.pe1._25_/ZN
 bgc_7.comp_row.pe1._26_/ZN
 bgc_7.comp_row.pe1._27_/ZN
 bgc_7.comp_row.pe1._28_/ZN
 bgc_7.comp_row.pe1._29_/ZN
 bgc_7.comp_row.pe1._30_/ZN
 bgc_7.comp_row.pe1._31_/ZN
 bgc_7.comp_row.pe1._32_/ZN
 bgc_7.comp_row.pe1._33_/ZN
 bgc_7.comp_row.pe1._34_/ZN
 bgc_7.comp_row.pe1._35_/ZN
 bgc_7.comp_row.pe1._36_/ZN
 bgc_7.comp_row.pe1._37_/ZN
 bgc_7.comp_row.pe1._38_/ZN
 bgc_7.comp_row.pe1._39_/ZN
 bgc_7.comp_row.pe2._18_/ZN
 bgc_7.comp_row.pe2._19_/ZN
 bgc_7.comp_row.pe2._20_/ZN
 bgc_7.comp_row.pe2._21_/ZN
 bgc_7.comp_row.pe2._22_/ZN
 bgc_7.comp_row.pe2._23_/ZN
 bgc_7.comp_row.pe2._24_/ZN
 bgc_7.comp_row.pe2._25_/ZN
 bgc_7.comp_row.pe2._26_/ZN
 bgc_7.comp_row.pe2._27_/ZN
 bgc_7.comp_row.pe2._28_/ZN
 bgc_7.comp_row.pe2._29_/ZN
 bgc_7.comp_row.pe2._30_/ZN
 bgc_7.comp_row.pe2._31_/ZN
 bgc_7.comp_row.pe2._32_/ZN
 bgc_7.comp_row.pe2._33_/ZN
 bgc_7.comp_row.pe2._34_/ZN
 bgc_7.comp_row.pe2._35_/ZN
 bgc_7.comp_row.pe2._36_/ZN
 bgc_7.comp_row.pe2._37_/ZN
 bgc_7.comp_row.pe2._38_/ZN
 bgc_7.comp_row.pe2._39_/ZN
 bgc_7.final_counter._29_/ZN
 bgc_7.final_counter._30_/ZN
 bgc_7.final_counter._31_/ZN
 bgc_7.final_counter._32_/ZN
 bgc_7.final_counter._33_/ZN
 bgc_7.final_counter._34_/ZN
 bgc_7.final_counter._35_/ZN
 bgc_7.final_counter._36_/ZN
 bgc_7.final_counter._37_/ZN
 bgc_7.final_counter._38_/ZN
 bgc_7.final_counter._39_/Z
 bgc_7.final_counter._40_/ZN
 bgc_7.final_counter._41_/ZN
 bgc_7.final_counter._42_/ZN
 bgc_7.final_counter._43_/Z
 bgc_7.final_counter._44_/ZN
 bgc_7.final_counter._45_/ZN
 bgc_7.final_counter._46_/Z
 bgc_7.final_counter._47_/ZN
 bgc_7.final_counter._48_/ZN
 bgc_7.final_counter._49_/Z
 bgc_7.final_counter._50_/ZN
 bgc_7.final_counter._51_/ZN
 bgc_7.final_counter._52_/ZN
 bgc_7.final_counter._53_/ZN
 bgc_7.final_counter._54_/Z
 bgc_7.final_counter._55_/ZN
 bgc_7.final_counter._56_/ZN
 bgc_7.final_counter._57_/Z
 bgc_7.final_counter._58_/ZN
 bgc_7.final_counter._59_/ZN
 bgc_7.final_counter._60_/ZN
 bgc_7.final_counter._61_/ZN
 bgc_7.final_counter._62_/ZN
 bgc_7.final_counter._63_/ZN
 bgc_7.final_counter._64_/ZN
 bgc_7.final_counter._65_/ZN
 bgc_7.final_counter._66_/ZN
 bgc_7.final_counter._67_/Z
 bgc_7.final_counter._68_/ZN
 bgc_7.final_counter._69_/Q
 bgc_7.final_counter._70_/Q
 bgc_7.final_counter._71_/Q
 bgc_7.final_counter._72_/Q
 bgc_7.final_counter._73_/Q
 bgc_7.final_counter._74_/Q
 bgc_7.final_counter._75_/Q
 bgc_7.final_counter._76_/Q
 bgc_7.final_counter._77_/Q
 bgc_7.final_counter._78_/Q
 bgc_7.final_counter._79_/Q
 bgc_7.final_counter._80_/Q
 bgc_7.lfsr_col._27_/ZN
 bgc_7.lfsr_col._28_/ZN
 bgc_7.lfsr_col._28__475/ZN
 bgc_7.lfsr_col._29_/Z
 bgc_7.lfsr_col._29__476/ZN
 bgc_7.lfsr_col._30_/Z
 bgc_7.lfsr_col._30__1150/Z
 bgc_7.lfsr_col._31_/Z
 bgc_7.lfsr_col._31__1151/Z
 bgc_7.lfsr_col._32_/Z
 bgc_7.lfsr_col._32__1152/Z
 bgc_7.lfsr_col._33_/Z
 bgc_7.lfsr_col._33__477/ZN
 bgc_7.lfsr_col._34_/Z
 bgc_7.lfsr_col._34__478/ZN
 bgc_7.lfsr_col._35_/Z
 bgc_7.lfsr_col._35__1153/Z
 bgc_7.lfsr_col._36_/Z
 bgc_7.lfsr_col._36__1154/Z
 bgc_7.lfsr_col._37_/Z
 bgc_7.lfsr_col._37__1155/Z
 bgc_7.lfsr_col._38_/Z
 bgc_7.lfsr_col._38__1156/Z
 bgc_7.lfsr_col._39_/Z
 bgc_7.lfsr_col._39__1157/Z
 bgc_7.lfsr_col._40_/Z
 bgc_7.lfsr_col._40__480/ZN
 bgc_7.lfsr_col._41_/Z
 bgc_7.lfsr_col._42_/Z
 bgc_7.lfsr_col._43_/Z
 bgc_7.lfsr_col._44_/Z
 bgc_7.lfsr_col._44__481/ZN
 bgc_7.lfsr_col._45_/Z
 bgc_7.lfsr_col._45__1158/Z
 bgc_7.lfsr_col._46_/Z
 bgc_7.lfsr_col._46__1159/Z
 bgc_7.lfsr_col._47_/Z
 bgc_7.lfsr_col._47__1160/Z
 bgc_7.lfsr_col._48_/Z
 bgc_7.lfsr_col._48__1161/Z
 bgc_7.lfsr_col._49_/Z
 bgc_7.lfsr_col._49__1162/Z
 bgc_7.lfsr_col._50_/Z
 bgc_7.lfsr_col._50__483/ZN
 bgc_7.lfsr_col._51_/Z
 bgc_7.lfsr_col._51__484/ZN
 bgc_7.lfsr_col._52_/Z
 bgc_7.lfsr_col._52__1163/Z
 bgc_7.lfsr_col._53_/Z
 bgc_7.lfsr_col._53__1164/Z
 bgc_7.lfsr_col._54_/Z
 bgc_7.lfsr_col._54__1165/Z
 bgc_7.lfsr_col._55_/Z
 bgc_7.lfsr_col._55__485/ZN
 bgc_7.lfsr_col._56_/Z
 bgc_7.lfsr_col._57_/Z
 bgc_7.lfsr_col._58_/Z
 bgc_7.lfsr_col._59_/Z
 bgc_7.lfsr_col._60_/Z
 bgc_7.lfsr_col._61_/Z
 bgc_7.lfsr_col._62_/Z
 bgc_7.lfsr_col._63_/Z
 bgc_7.lfsr_col._64_/Z
 bgc_7.lfsr_col._65_/Z
 bgc_7.lfsr_col._66_/ZN
 bgc_7.lfsr_col._66__486/ZN
 bgc_7.lfsr_col._67_/ZN
 bgc_7.lfsr_col._67__1166/Z
 bgc_7.lfsr_col._68_/ZN
 bgc_7.lfsr_col._68__1167/Z
 bgc_7.lfsr_col._69_/ZN
 bgc_7.lfsr_col._69__1168/Z
 bgc_7.lfsr_col._70_/ZN
 bgc_7.lfsr_col._70__1169/Z
 bgc_7.lfsr_col._71_/ZN
 bgc_7.lfsr_col._71__1170/Z
 bgc_7.lfsr_col._72_/ZN
 bgc_7.lfsr_col._72__488/ZN
 bgc_7.lfsr_col._73_/ZN
 bgc_7.lfsr_col._73__489/ZN
 bgc_7.lfsr_col._74_/ZN
 bgc_7.lfsr_col._74__1171/Z
 bgc_7.lfsr_col._75_/ZN
 bgc_7.lfsr_col._75__1172/Z
 bgc_7.lfsr_col._76_/ZN
 bgc_7.lfsr_col._76__1173/Z
 bgc_7.lfsr_col._77_/Q
 bgc_7.lfsr_col._78_/Q
 bgc_7.lfsr_col._79_/Q
 bgc_7.lfsr_col._80_/Q
 bgc_7.lfsr_col._81_/Q
 bgc_7.lfsr_col._82_/Q
 bgc_7.lfsr_col._83_/Q
 bgc_7.lfsr_col._84_/Q
 bgc_7.lfsr_col._85_/Q
 bgc_7.lfsr_col._86_/Q
 bgc_7.lfsr_col._87_/Q
 bgc_7.lfsr_col._88_/Q
 bgc_7.lfsr_row._27_/ZN
 bgc_7.lfsr_row._28_/ZN
 bgc_7.lfsr_row._28__490/ZN
 bgc_7.lfsr_row._29_/Z
 bgc_7.lfsr_row._29__491/ZN
 bgc_7.lfsr_row._30_/Z
 bgc_7.lfsr_row._30__1174/Z
 bgc_7.lfsr_row._31_/Z
 bgc_7.lfsr_row._31__1175/Z
 bgc_7.lfsr_row._32_/Z
 bgc_7.lfsr_row._32__1176/Z
 bgc_7.lfsr_row._33_/Z
 bgc_7.lfsr_row._33__493/ZN
 bgc_7.lfsr_row._34_/Z
 bgc_7.lfsr_row._34__494/ZN
 bgc_7.lfsr_row._35_/Z
 bgc_7.lfsr_row._35__1177/Z
 bgc_7.lfsr_row._36_/Z
 bgc_7.lfsr_row._36__1178/Z
 bgc_7.lfsr_row._37_/Z
 bgc_7.lfsr_row._37__1179/Z
 bgc_7.lfsr_row._38_/Z
 bgc_7.lfsr_row._38__1180/Z
 bgc_7.lfsr_row._39_/Z
 bgc_7.lfsr_row._39__1181/Z
 bgc_7.lfsr_row._40_/Z
 bgc_7.lfsr_row._40__1182/Z
 bgc_7.lfsr_row._41_/Z
 bgc_7.lfsr_row._42_/Z
 bgc_7.lfsr_row._43_/Z
 bgc_7.lfsr_row._44_/Z
 bgc_7.lfsr_row._44__1183/Z
 bgc_7.lfsr_row._45_/Z
 bgc_7.lfsr_row._45__1184/Z
 bgc_7.lfsr_row._46_/Z
 bgc_7.lfsr_row._46__1185/Z
 bgc_7.lfsr_row._47_/Z
 bgc_7.lfsr_row._47__1186/Z
 bgc_7.lfsr_row._48_/Z
 bgc_7.lfsr_row._48__1187/Z
 bgc_7.lfsr_row._49_/Z
 bgc_7.lfsr_row._49__1188/Z
 bgc_7.lfsr_row._50_/Z
 bgc_7.lfsr_row._50__496/ZN
 bgc_7.lfsr_row._51_/Z
 bgc_7.lfsr_row._51__497/ZN
 bgc_7.lfsr_row._52_/Z
 bgc_7.lfsr_row._52__1189/Z
 bgc_7.lfsr_row._53_/Z
 bgc_7.lfsr_row._53__1190/Z
 bgc_7.lfsr_row._54_/Z
 bgc_7.lfsr_row._54__1191/Z
 bgc_7.lfsr_row._55_/Z
 bgc_7.lfsr_row._55__499/ZN
 bgc_7.lfsr_row._56_/Z
 bgc_7.lfsr_row._57_/Z
 bgc_7.lfsr_row._58_/Z
 bgc_7.lfsr_row._59_/Z
 bgc_7.lfsr_row._60_/Z
 bgc_7.lfsr_row._61_/Z
 bgc_7.lfsr_row._62_/Z
 bgc_7.lfsr_row._63_/Z
 bgc_7.lfsr_row._64_/Z
 bgc_7.lfsr_row._65_/Z
 bgc_7.lfsr_row._66_/ZN
 bgc_7.lfsr_row._66__1192/Z
 bgc_7.lfsr_row._67_/ZN
 bgc_7.lfsr_row._67__1193/Z
 bgc_7.lfsr_row._68_/ZN
 bgc_7.lfsr_row._68__1194/Z
 bgc_7.lfsr_row._69_/ZN
 bgc_7.lfsr_row._69__1195/Z
 bgc_7.lfsr_row._70_/ZN
 bgc_7.lfsr_row._70__1196/Z
 bgc_7.lfsr_row._71_/ZN
 bgc_7.lfsr_row._71__1197/Z
 bgc_7.lfsr_row._72_/ZN
 bgc_7.lfsr_row._72__500/ZN
 bgc_7.lfsr_row._73_/ZN
 bgc_7.lfsr_row._73__502/ZN
 bgc_7.lfsr_row._74_/ZN
 bgc_7.lfsr_row._74__1198/Z
 bgc_7.lfsr_row._75_/ZN
 bgc_7.lfsr_row._75__1199/Z
 bgc_7.lfsr_row._76_/ZN
 bgc_7.lfsr_row._76__1200/Z
 bgc_7.lfsr_row._77_/Q
 bgc_7.lfsr_row._78_/Q
 bgc_7.lfsr_row._79_/Q
 bgc_7.lfsr_row._80_/Q
 bgc_7.lfsr_row._81_/Q
 bgc_7.lfsr_row._82_/Q
 bgc_7.lfsr_row._83_/Q
 bgc_7.lfsr_row._84_/Q
 bgc_7.lfsr_row._85_/Q
 bgc_7.lfsr_row._86_/Q
 bgc_7.lfsr_row._87_/Q
 bgc_7.lfsr_row._88_/Q
 bgc_7.row_reg._053_/ZN
 bgc_7.row_reg._054_/ZN
 bgc_7.row_reg._055_/ZN
 bgc_7.row_reg._056_/ZN
 bgc_7.row_reg._056__503/ZN
 bgc_7.row_reg._057_/ZN
 bgc_7.row_reg._058_/ZN
 bgc_7.row_reg._058__504/ZN
 bgc_7.row_reg._059_/ZN
 bgc_7.row_reg._060_/ZN
 bgc_7.row_reg._060__505/ZN
 bgc_7.row_reg._061_/ZN
 bgc_7.row_reg._062_/ZN
 bgc_7.row_reg._062__506/ZN
 bgc_7.row_reg._063_/ZN
 bgc_7.row_reg._064_/ZN
 bgc_7.row_reg._064__507/ZN
 bgc_7.row_reg._065_/ZN
 bgc_7.row_reg._066_/ZN
 bgc_7.row_reg._066__508/ZN
 bgc_7.row_reg._067_/ZN
 bgc_7.row_reg._068_/ZN
 bgc_7.row_reg._068__510/ZN
 bgc_7.row_reg._069_/ZN
 bgc_7.row_reg._070_/ZN
 bgc_7.row_reg._070__511/ZN
 bgc_7.row_reg._071_/ZN
 bgc_7.row_reg._072_/ZN
 bgc_7.row_reg._072__512/ZN
 bgc_7.row_reg._073_/ZN
 bgc_7.row_reg._074_/ZN
 bgc_7.row_reg._074__513/ZN
 bgc_7.row_reg._075_/ZN
 bgc_7.row_reg._076_/ZN
 bgc_7.row_reg._076__514/ZN
 bgc_7.row_reg._077_/ZN
 bgc_7.row_reg._078_/ZN
 bgc_7.row_reg._078__515/ZN
 bgc_7.row_reg._079_/ZN
 bgc_7.row_reg._080_/Z
 bgc_7.row_reg._081_/ZN
 bgc_7.row_reg._082_/ZN
 bgc_7.row_reg._083_/ZN
 bgc_7.row_reg._084_/ZN
 bgc_7.row_reg._085_/ZN
 bgc_7.row_reg._086_/ZN
 bgc_7.row_reg._087_/ZN
 bgc_7.row_reg._088_/ZN
 bgc_7.row_reg._089_/ZN
 bgc_7.row_reg._090_/ZN
 bgc_7.row_reg._091_/ZN
 bgc_7.row_reg._092_/ZN
 bgc_7.row_reg._093_/ZN
 bgc_7.row_reg._094_/ZN
 bgc_7.row_reg._095_/ZN
 bgc_7.row_reg._096_/ZN
 bgc_7.row_reg._097_/ZN
 bgc_7.row_reg._098_/ZN
 bgc_7.row_reg._099_/ZN
 bgc_7.row_reg._100_/ZN
 bgc_7.row_reg._101_/ZN
 bgc_7.row_reg._102_/ZN
 bgc_7.row_reg._103_/ZN
 bgc_7.row_reg._104_/ZN
 bgc_7.row_reg._105_/ZN
 bgc_7.row_reg._106_/ZN
 bgc_7.row_reg._107_/ZN
 bgc_7.row_reg._108_/ZN
 bgc_7.row_reg._109_/ZN
 bgc_7.row_reg._110_/ZN
 bgc_7.row_reg._111_/ZN
 bgc_7.row_reg._112_/ZN
 bgc_7.row_reg._113_/ZN
 bgc_7.row_reg._114_/ZN
 bgc_7.row_reg._115_/ZN
 bgc_7.row_reg._116_/ZN
 bgc_7.row_reg._117_/Q
 bgc_7.row_reg._118_/Q
 bgc_7.row_reg._119_/Q
 bgc_7.row_reg._120_/Q
 bgc_7.row_reg._121_/Q
 bgc_7.row_reg._122_/Q
 bgc_7.row_reg._123_/Q
 bgc_7.row_reg._124_/Q
 bgc_7.row_reg._125_/Q
 bgc_7.row_reg._126_/Q
 bgc_7.row_reg._127_/Q
 bgc_7.row_reg._128_/Q
 bgc_8._05_/ZN
 bgc_8._06_/ZN
 bgc_8._07_/ZN
 bgc_8._07__516/ZN
 bgc_8._08_/ZN
 bgc_8._09_/Z
 bgc_8._10_/ZN
 bgc_8._11_/Z
 bgc_8._11__517/ZN
 bgc_8._12_/Z
 bgc_8._13_/Z
 bgc_8._14_/Z
 bgc_8._15_/Z
 bgc_8._16_/Z
 bgc_8._17_/Z
 bgc_8._18_/Z
 bgc_8._19_/Z
 bgc_8._20_/Z
 bgc_8._21_/Z
 bgc_8._22_/Z
 bgc_8._23_/Z
 bgc_8._24_/ZN
 bgc_8._25_/ZN
 bgc_8.col_reg._053_/ZN
 bgc_8.col_reg._054_/ZN
 bgc_8.col_reg._055_/ZN
 bgc_8.col_reg._056_/ZN
 bgc_8.col_reg._057_/ZN
 bgc_8.col_reg._058_/ZN
 bgc_8.col_reg._059_/ZN
 bgc_8.col_reg._060_/ZN
 bgc_8.col_reg._061_/ZN
 bgc_8.col_reg._062_/ZN
 bgc_8.col_reg._063_/ZN
 bgc_8.col_reg._064_/ZN
 bgc_8.col_reg._065_/ZN
 bgc_8.col_reg._066_/ZN
 bgc_8.col_reg._067_/ZN
 bgc_8.col_reg._068_/ZN
 bgc_8.col_reg._069_/ZN
 bgc_8.col_reg._070_/ZN
 bgc_8.col_reg._071_/ZN
 bgc_8.col_reg._072_/ZN
 bgc_8.col_reg._073_/ZN
 bgc_8.col_reg._074_/ZN
 bgc_8.col_reg._075_/ZN
 bgc_8.col_reg._076_/ZN
 bgc_8.col_reg._077_/ZN
 bgc_8.col_reg._078_/ZN
 bgc_8.col_reg._079_/ZN
 bgc_8.col_reg._080_/Z
 bgc_8.col_reg._081_/ZN
 bgc_8.col_reg._082_/ZN
 bgc_8.col_reg._083_/ZN
 bgc_8.col_reg._084_/ZN
 bgc_8.col_reg._085_/ZN
 bgc_8.col_reg._086_/ZN
 bgc_8.col_reg._087_/ZN
 bgc_8.col_reg._088_/ZN
 bgc_8.col_reg._089_/ZN
 bgc_8.col_reg._090_/ZN
 bgc_8.col_reg._091_/ZN
 bgc_8.col_reg._092_/ZN
 bgc_8.col_reg._093_/ZN
 bgc_8.col_reg._094_/ZN
 bgc_8.col_reg._095_/ZN
 bgc_8.col_reg._096_/ZN
 bgc_8.col_reg._097_/ZN
 bgc_8.col_reg._098_/ZN
 bgc_8.col_reg._099_/ZN
 bgc_8.col_reg._100_/ZN
 bgc_8.col_reg._101_/ZN
 bgc_8.col_reg._102_/ZN
 bgc_8.col_reg._103_/ZN
 bgc_8.col_reg._104_/ZN
 bgc_8.col_reg._105_/ZN
 bgc_8.col_reg._106_/ZN
 bgc_8.col_reg._107_/ZN
 bgc_8.col_reg._108_/ZN
 bgc_8.col_reg._109_/ZN
 bgc_8.col_reg._110_/ZN
 bgc_8.col_reg._111_/ZN
 bgc_8.col_reg._112_/ZN
 bgc_8.col_reg._113_/ZN
 bgc_8.col_reg._114_/ZN
 bgc_8.col_reg._115_/ZN
 bgc_8.col_reg._116_/ZN
 bgc_8.col_reg._117_/Q
 bgc_8.col_reg._118_/Q
 bgc_8.col_reg._119_/Q
 bgc_8.col_reg._120_/Q
 bgc_8.col_reg._121_/Q
 bgc_8.col_reg._122_/Q
 bgc_8.col_reg._123_/Q
 bgc_8.col_reg._124_/Q
 bgc_8.col_reg._125_/Q
 bgc_8.col_reg._126_/Q
 bgc_8.col_reg._127_/Q
 bgc_8.col_reg._128_/Q
 bgc_8.comp_col._20_/ZN
 bgc_8.comp_col._21_/ZN
 bgc_8.comp_col._22_/ZN
 bgc_8.comp_col._23_/ZN
 bgc_8.comp_col._24_/ZN
 bgc_8.comp_col._25_/ZN
 bgc_8.comp_col._26_/ZN
 bgc_8.comp_col._27_/ZN
 bgc_8.comp_col._28_/ZN
 bgc_8.comp_col._29_/ZN
 bgc_8.comp_col._30_/ZN
 bgc_8.comp_col._31_/ZN
 bgc_8.comp_col._32_/ZN
 bgc_8.comp_col._33_/ZN
 bgc_8.comp_col._34_/ZN
 bgc_8.comp_col._35_/ZN
 bgc_8.comp_col._36_/ZN
 bgc_8.comp_col._37_/ZN
 bgc_8.comp_col._38_/ZN
 bgc_8.comp_col._39_/ZN
 bgc_8.comp_col._40_/ZN
 bgc_8.comp_col._41_/ZN
 bgc_8.comp_col._42_/ZN
 bgc_8.comp_col._43_/ZN
 bgc_8.comp_col._44_/ZN
 bgc_8.comp_col._45_/ZN
 bgc_8.comp_col._46_/ZN
 bgc_8.comp_col._47_/ZN
 bgc_8.comp_col._48_/Z
 bgc_8.comp_col._49_/Z
 bgc_8.comp_col._50_/Z
 bgc_8.comp_col._51_/Z
 bgc_8.comp_col._52_/Z
 bgc_8.comp_col._53_/Z
 bgc_8.comp_col._54_/Z
 bgc_8.comp_col._55_/Z
 bgc_8.comp_col._56_/Z
 bgc_8.comp_col._57_/Z
 bgc_8.comp_col._58_/Z
 bgc_8.comp_col._59_/Z
 bgc_8.comp_col._60_/ZN
 bgc_8.comp_col._61_/ZN
 bgc_8.comp_col._62_/ZN
 bgc_8.comp_col._63_/ZN
 bgc_8.comp_col._64_/ZN
 bgc_8.comp_col.pe1._18_/ZN
 bgc_8.comp_col.pe1._19_/ZN
 bgc_8.comp_col.pe1._20_/ZN
 bgc_8.comp_col.pe1._21_/ZN
 bgc_8.comp_col.pe1._22_/ZN
 bgc_8.comp_col.pe1._23_/ZN
 bgc_8.comp_col.pe1._24_/ZN
 bgc_8.comp_col.pe1._25_/ZN
 bgc_8.comp_col.pe1._26_/ZN
 bgc_8.comp_col.pe1._27_/ZN
 bgc_8.comp_col.pe1._28_/ZN
 bgc_8.comp_col.pe1._29_/ZN
 bgc_8.comp_col.pe1._30_/ZN
 bgc_8.comp_col.pe1._31_/ZN
 bgc_8.comp_col.pe1._32_/ZN
 bgc_8.comp_col.pe1._33_/ZN
 bgc_8.comp_col.pe1._34_/ZN
 bgc_8.comp_col.pe1._35_/ZN
 bgc_8.comp_col.pe1._36_/ZN
 bgc_8.comp_col.pe1._37_/ZN
 bgc_8.comp_col.pe1._38_/ZN
 bgc_8.comp_col.pe1._39_/ZN
 bgc_8.comp_col.pe2._18_/ZN
 bgc_8.comp_col.pe2._19_/ZN
 bgc_8.comp_col.pe2._20_/ZN
 bgc_8.comp_col.pe2._21_/ZN
 bgc_8.comp_col.pe2._22_/ZN
 bgc_8.comp_col.pe2._23_/ZN
 bgc_8.comp_col.pe2._24_/ZN
 bgc_8.comp_col.pe2._25_/ZN
 bgc_8.comp_col.pe2._26_/ZN
 bgc_8.comp_col.pe2._27_/ZN
 bgc_8.comp_col.pe2._28_/ZN
 bgc_8.comp_col.pe2._29_/ZN
 bgc_8.comp_col.pe2._30_/ZN
 bgc_8.comp_col.pe2._31_/ZN
 bgc_8.comp_col.pe2._32_/ZN
 bgc_8.comp_col.pe2._33_/ZN
 bgc_8.comp_col.pe2._34_/ZN
 bgc_8.comp_col.pe2._35_/ZN
 bgc_8.comp_col.pe2._36_/ZN
 bgc_8.comp_col.pe2._37_/ZN
 bgc_8.comp_col.pe2._38_/ZN
 bgc_8.comp_col.pe2._39_/ZN
 bgc_8.comp_row._20_/ZN
 bgc_8.comp_row._21_/ZN
 bgc_8.comp_row._22_/ZN
 bgc_8.comp_row._23_/ZN
 bgc_8.comp_row._24_/ZN
 bgc_8.comp_row._25_/ZN
 bgc_8.comp_row._26_/ZN
 bgc_8.comp_row._27_/ZN
 bgc_8.comp_row._28_/ZN
 bgc_8.comp_row._29_/ZN
 bgc_8.comp_row._30_/ZN
 bgc_8.comp_row._31_/ZN
 bgc_8.comp_row._32_/ZN
 bgc_8.comp_row._33_/ZN
 bgc_8.comp_row._34_/ZN
 bgc_8.comp_row._35_/ZN
 bgc_8.comp_row._36_/ZN
 bgc_8.comp_row._37_/ZN
 bgc_8.comp_row._38_/ZN
 bgc_8.comp_row._39_/ZN
 bgc_8.comp_row._40_/ZN
 bgc_8.comp_row._41_/ZN
 bgc_8.comp_row._42_/ZN
 bgc_8.comp_row._43_/ZN
 bgc_8.comp_row._44_/ZN
 bgc_8.comp_row._45_/ZN
 bgc_8.comp_row._46_/ZN
 bgc_8.comp_row._47_/ZN
 bgc_8.comp_row._48_/Z
 bgc_8.comp_row._49_/Z
 bgc_8.comp_row._50_/Z
 bgc_8.comp_row._51_/Z
 bgc_8.comp_row._52_/Z
 bgc_8.comp_row._53_/Z
 bgc_8.comp_row._54_/Z
 bgc_8.comp_row._55_/Z
 bgc_8.comp_row._56_/Z
 bgc_8.comp_row._57_/Z
 bgc_8.comp_row._58_/Z
 bgc_8.comp_row._59_/Z
 bgc_8.comp_row._60_/ZN
 bgc_8.comp_row._61_/ZN
 bgc_8.comp_row._62_/ZN
 bgc_8.comp_row._63_/ZN
 bgc_8.comp_row._64_/ZN
 bgc_8.comp_row.pe1._18_/ZN
 bgc_8.comp_row.pe1._19_/ZN
 bgc_8.comp_row.pe1._20_/ZN
 bgc_8.comp_row.pe1._21_/ZN
 bgc_8.comp_row.pe1._22_/ZN
 bgc_8.comp_row.pe1._23_/ZN
 bgc_8.comp_row.pe1._24_/ZN
 bgc_8.comp_row.pe1._25_/ZN
 bgc_8.comp_row.pe1._26_/ZN
 bgc_8.comp_row.pe1._27_/ZN
 bgc_8.comp_row.pe1._28_/ZN
 bgc_8.comp_row.pe1._29_/ZN
 bgc_8.comp_row.pe1._30_/ZN
 bgc_8.comp_row.pe1._31_/ZN
 bgc_8.comp_row.pe1._32_/ZN
 bgc_8.comp_row.pe1._33_/ZN
 bgc_8.comp_row.pe1._34_/ZN
 bgc_8.comp_row.pe1._35_/ZN
 bgc_8.comp_row.pe1._36_/ZN
 bgc_8.comp_row.pe1._37_/ZN
 bgc_8.comp_row.pe1._38_/ZN
 bgc_8.comp_row.pe1._39_/ZN
 bgc_8.comp_row.pe2._18_/ZN
 bgc_8.comp_row.pe2._19_/ZN
 bgc_8.comp_row.pe2._20_/ZN
 bgc_8.comp_row.pe2._21_/ZN
 bgc_8.comp_row.pe2._22_/ZN
 bgc_8.comp_row.pe2._23_/ZN
 bgc_8.comp_row.pe2._24_/ZN
 bgc_8.comp_row.pe2._25_/ZN
 bgc_8.comp_row.pe2._26_/ZN
 bgc_8.comp_row.pe2._27_/ZN
 bgc_8.comp_row.pe2._28_/ZN
 bgc_8.comp_row.pe2._29_/ZN
 bgc_8.comp_row.pe2._30_/ZN
 bgc_8.comp_row.pe2._31_/ZN
 bgc_8.comp_row.pe2._32_/ZN
 bgc_8.comp_row.pe2._33_/ZN
 bgc_8.comp_row.pe2._34_/ZN
 bgc_8.comp_row.pe2._35_/ZN
 bgc_8.comp_row.pe2._36_/ZN
 bgc_8.comp_row.pe2._37_/ZN
 bgc_8.comp_row.pe2._38_/ZN
 bgc_8.comp_row.pe2._39_/ZN
 bgc_8.final_counter._29_/ZN
 bgc_8.final_counter._30_/ZN
 bgc_8.final_counter._31_/ZN
 bgc_8.final_counter._32_/ZN
 bgc_8.final_counter._33_/ZN
 bgc_8.final_counter._34_/ZN
 bgc_8.final_counter._35_/ZN
 bgc_8.final_counter._36_/ZN
 bgc_8.final_counter._37_/ZN
 bgc_8.final_counter._38_/ZN
 bgc_8.final_counter._39_/Z
 bgc_8.final_counter._40_/ZN
 bgc_8.final_counter._41_/ZN
 bgc_8.final_counter._42_/ZN
 bgc_8.final_counter._43_/Z
 bgc_8.final_counter._44_/ZN
 bgc_8.final_counter._45_/ZN
 bgc_8.final_counter._46_/Z
 bgc_8.final_counter._47_/ZN
 bgc_8.final_counter._48_/ZN
 bgc_8.final_counter._49_/Z
 bgc_8.final_counter._50_/ZN
 bgc_8.final_counter._51_/ZN
 bgc_8.final_counter._52_/ZN
 bgc_8.final_counter._53_/ZN
 bgc_8.final_counter._54_/Z
 bgc_8.final_counter._55_/ZN
 bgc_8.final_counter._56_/ZN
 bgc_8.final_counter._57_/Z
 bgc_8.final_counter._58_/ZN
 bgc_8.final_counter._59_/ZN
 bgc_8.final_counter._60_/ZN
 bgc_8.final_counter._61_/ZN
 bgc_8.final_counter._62_/ZN
 bgc_8.final_counter._63_/ZN
 bgc_8.final_counter._64_/ZN
 bgc_8.final_counter._65_/ZN
 bgc_8.final_counter._66_/ZN
 bgc_8.final_counter._67_/Z
 bgc_8.final_counter._68_/ZN
 bgc_8.final_counter._69_/Q
 bgc_8.final_counter._70_/Q
 bgc_8.final_counter._71_/Q
 bgc_8.final_counter._72_/Q
 bgc_8.final_counter._73_/Q
 bgc_8.final_counter._74_/Q
 bgc_8.final_counter._75_/Q
 bgc_8.final_counter._76_/Q
 bgc_8.final_counter._77_/Q
 bgc_8.final_counter._78_/Q
 bgc_8.final_counter._79_/Q
 bgc_8.final_counter._80_/Q
 bgc_8.lfsr_col._27_/ZN
 bgc_8.lfsr_col._28_/ZN
 bgc_8.lfsr_col._28__518/ZN
 bgc_8.lfsr_col._29_/Z
 bgc_8.lfsr_col._29__519/ZN
 bgc_8.lfsr_col._30_/Z
 bgc_8.lfsr_col._30__1201/Z
 bgc_8.lfsr_col._31_/Z
 bgc_8.lfsr_col._31__1202/Z
 bgc_8.lfsr_col._32_/Z
 bgc_8.lfsr_col._32__1203/Z
 bgc_8.lfsr_col._33_/Z
 bgc_8.lfsr_col._33__521/ZN
 bgc_8.lfsr_col._34_/Z
 bgc_8.lfsr_col._34__522/ZN
 bgc_8.lfsr_col._35_/Z
 bgc_8.lfsr_col._35__523/ZN
 bgc_8.lfsr_col._36_/Z
 bgc_8.lfsr_col._36__1204/Z
 bgc_8.lfsr_col._37_/Z
 bgc_8.lfsr_col._37__1205/Z
 bgc_8.lfsr_col._38_/Z
 bgc_8.lfsr_col._38__1206/Z
 bgc_8.lfsr_col._39_/Z
 bgc_8.lfsr_col._39__1207/Z
 bgc_8.lfsr_col._40_/Z
 bgc_8.lfsr_col._40__1208/Z
 bgc_8.lfsr_col._41_/Z
 bgc_8.lfsr_col._42_/Z
 bgc_8.lfsr_col._43_/Z
 bgc_8.lfsr_col._44_/Z
 bgc_8.lfsr_col._44__1209/Z
 bgc_8.lfsr_col._45_/Z
 bgc_8.lfsr_col._45__1210/Z
 bgc_8.lfsr_col._46_/Z
 bgc_8.lfsr_col._46__1211/Z
 bgc_8.lfsr_col._47_/Z
 bgc_8.lfsr_col._47__1212/Z
 bgc_8.lfsr_col._48_/Z
 bgc_8.lfsr_col._48__1213/Z
 bgc_8.lfsr_col._49_/Z
 bgc_8.lfsr_col._49__525/ZN
 bgc_8.lfsr_col._50_/Z
 bgc_8.lfsr_col._50__526/ZN
 bgc_8.lfsr_col._51_/Z
 bgc_8.lfsr_col._51__527/ZN
 bgc_8.lfsr_col._52_/Z
 bgc_8.lfsr_col._52__1214/Z
 bgc_8.lfsr_col._53_/Z
 bgc_8.lfsr_col._53__1215/Z
 bgc_8.lfsr_col._54_/Z
 bgc_8.lfsr_col._54__1216/Z
 bgc_8.lfsr_col._55_/Z
 bgc_8.lfsr_col._55__529/ZN
 bgc_8.lfsr_col._56_/Z
 bgc_8.lfsr_col._57_/Z
 bgc_8.lfsr_col._58_/Z
 bgc_8.lfsr_col._59_/Z
 bgc_8.lfsr_col._60_/Z
 bgc_8.lfsr_col._61_/Z
 bgc_8.lfsr_col._62_/Z
 bgc_8.lfsr_col._63_/Z
 bgc_8.lfsr_col._64_/Z
 bgc_8.lfsr_col._65_/Z
 bgc_8.lfsr_col._66_/ZN
 bgc_8.lfsr_col._66__1217/Z
 bgc_8.lfsr_col._67_/ZN
 bgc_8.lfsr_col._67__1218/Z
 bgc_8.lfsr_col._68_/ZN
 bgc_8.lfsr_col._68__1219/Z
 bgc_8.lfsr_col._69_/ZN
 bgc_8.lfsr_col._69__1220/Z
 bgc_8.lfsr_col._70_/ZN
 bgc_8.lfsr_col._70__1221/Z
 bgc_8.lfsr_col._71_/ZN
 bgc_8.lfsr_col._71__530/ZN
 bgc_8.lfsr_col._72_/ZN
 bgc_8.lfsr_col._72__531/ZN
 bgc_8.lfsr_col._73_/ZN
 bgc_8.lfsr_col._73__533/ZN
 bgc_8.lfsr_col._74_/ZN
 bgc_8.lfsr_col._74__1222/Z
 bgc_8.lfsr_col._75_/ZN
 bgc_8.lfsr_col._75__1223/Z
 bgc_8.lfsr_col._76_/ZN
 bgc_8.lfsr_col._76__1224/Z
 bgc_8.lfsr_col._77_/Q
 bgc_8.lfsr_col._78_/Q
 bgc_8.lfsr_col._79_/Q
 bgc_8.lfsr_col._80_/Q
 bgc_8.lfsr_col._81_/Q
 bgc_8.lfsr_col._82_/Q
 bgc_8.lfsr_col._83_/Q
 bgc_8.lfsr_col._84_/Q
 bgc_8.lfsr_col._85_/Q
 bgc_8.lfsr_col._86_/Q
 bgc_8.lfsr_col._87_/Q
 bgc_8.lfsr_col._88_/Q
 bgc_8.lfsr_row._27_/ZN
 bgc_8.lfsr_row._28_/ZN
 bgc_8.lfsr_row._28__1225/Z
 bgc_8.lfsr_row._29_/Z
 bgc_8.lfsr_row._29__1226/Z
 bgc_8.lfsr_row._30_/Z
 bgc_8.lfsr_row._30__1227/Z
 bgc_8.lfsr_row._31_/Z
 bgc_8.lfsr_row._31__534/ZN
 bgc_8.lfsr_row._32_/Z
 bgc_8.lfsr_row._32__535/ZN
 bgc_8.lfsr_row._33_/Z
 bgc_8.lfsr_row._33__536/ZN
 bgc_8.lfsr_row._34_/Z
 bgc_8.lfsr_row._34__1228/Z
 bgc_8.lfsr_row._35_/Z
 bgc_8.lfsr_row._35__538/ZN
 bgc_8.lfsr_row._36_/Z
 bgc_8.lfsr_row._36__1229/Z
 bgc_8.lfsr_row._37_/Z
 bgc_8.lfsr_row._37__1230/Z
 bgc_8.lfsr_row._38_/Z
 bgc_8.lfsr_row._38__1231/Z
 bgc_8.lfsr_row._39_/Z
 bgc_8.lfsr_row._39__539/ZN
 bgc_8.lfsr_row._40_/Z
 bgc_8.lfsr_row._40__1232/Z
 bgc_8.lfsr_row._41_/Z
 bgc_8.lfsr_row._42_/Z
 bgc_8.lfsr_row._43_/Z
 bgc_8.lfsr_row._44_/Z
 bgc_8.lfsr_row._44__1233/Z
 bgc_8.lfsr_row._45_/Z
 bgc_8.lfsr_row._45__540/ZN
 bgc_8.lfsr_row._46_/Z
 bgc_8.lfsr_row._46__1234/Z
 bgc_8.lfsr_row._47_/Z
 bgc_8.lfsr_row._47__1235/Z
 bgc_8.lfsr_row._48_/Z
 bgc_8.lfsr_row._48__1236/Z
 bgc_8.lfsr_row._49_/Z
 bgc_8.lfsr_row._49__542/ZN
 bgc_8.lfsr_row._50_/Z
 bgc_8.lfsr_row._50__1237/Z
 bgc_8.lfsr_row._51_/Z
 bgc_8.lfsr_row._51__543/ZN
 bgc_8.lfsr_row._52_/Z
 bgc_8.lfsr_row._52__544/ZN
 bgc_8.lfsr_row._53_/Z
 bgc_8.lfsr_row._53__545/ZN
 bgc_8.lfsr_row._54_/Z
 bgc_8.lfsr_row._54__1238/Z
 bgc_8.lfsr_row._55_/Z
 bgc_8.lfsr_row._55__1239/Z
 bgc_8.lfsr_row._56_/Z
 bgc_8.lfsr_row._57_/Z
 bgc_8.lfsr_row._58_/Z
 bgc_8.lfsr_row._59_/Z
 bgc_8.lfsr_row._60_/Z
 bgc_8.lfsr_row._61_/Z
 bgc_8.lfsr_row._62_/Z
 bgc_8.lfsr_row._63_/Z
 bgc_8.lfsr_row._64_/Z
 bgc_8.lfsr_row._65_/Z
 bgc_8.lfsr_row._66_/ZN
 bgc_8.lfsr_row._66__1240/Z
 bgc_8.lfsr_row._67_/ZN
 bgc_8.lfsr_row._67__547/ZN
 bgc_8.lfsr_row._68_/ZN
 bgc_8.lfsr_row._68__1241/Z
 bgc_8.lfsr_row._69_/ZN
 bgc_8.lfsr_row._69__1242/Z
 bgc_8.lfsr_row._70_/ZN
 bgc_8.lfsr_row._70__1243/Z
 bgc_8.lfsr_row._71_/ZN
 bgc_8.lfsr_row._71__548/ZN
 bgc_8.lfsr_row._72_/ZN
 bgc_8.lfsr_row._72__1244/Z
 bgc_8.lfsr_row._73_/ZN
 bgc_8.lfsr_row._73__549/ZN
 bgc_8.lfsr_row._74_/ZN
 bgc_8.lfsr_row._74__550/ZN
 bgc_8.lfsr_row._75_/ZN
 bgc_8.lfsr_row._75__551/ZN
 bgc_8.lfsr_row._76_/ZN
 bgc_8.lfsr_row._76__1245/Z
 bgc_8.lfsr_row._77_/Q
 bgc_8.lfsr_row._78_/Q
 bgc_8.lfsr_row._79_/Q
 bgc_8.lfsr_row._80_/Q
 bgc_8.lfsr_row._81_/Q
 bgc_8.lfsr_row._82_/Q
 bgc_8.lfsr_row._83_/Q
 bgc_8.lfsr_row._84_/Q
 bgc_8.lfsr_row._85_/Q
 bgc_8.lfsr_row._86_/Q
 bgc_8.lfsr_row._87_/Q
 bgc_8.lfsr_row._88_/Q
 bgc_8.row_reg._053_/ZN
 bgc_8.row_reg._054_/ZN
 bgc_8.row_reg._055_/ZN
 bgc_8.row_reg._056_/ZN
 bgc_8.row_reg._056__552/ZN
 bgc_8.row_reg._057_/ZN
 bgc_8.row_reg._058_/ZN
 bgc_8.row_reg._058__553/ZN
 bgc_8.row_reg._059_/ZN
 bgc_8.row_reg._060_/ZN
 bgc_8.row_reg._060__554/ZN
 bgc_8.row_reg._061_/ZN
 bgc_8.row_reg._062_/ZN
 bgc_8.row_reg._062__555/ZN
 bgc_8.row_reg._063_/ZN
 bgc_8.row_reg._064_/ZN
 bgc_8.row_reg._064__556/ZN
 bgc_8.row_reg._065_/ZN
 bgc_8.row_reg._066_/ZN
 bgc_8.row_reg._066__557/ZN
 bgc_8.row_reg._067_/ZN
 bgc_8.row_reg._068_/ZN
 bgc_8.row_reg._068__558/ZN
 bgc_8.row_reg._069_/ZN
 bgc_8.row_reg._070_/ZN
 bgc_8.row_reg._070__559/ZN
 bgc_8.row_reg._071_/ZN
 bgc_8.row_reg._072_/ZN
 bgc_8.row_reg._072__560/ZN
 bgc_8.row_reg._073_/ZN
 bgc_8.row_reg._074_/ZN
 bgc_8.row_reg._074__561/ZN
 bgc_8.row_reg._075_/ZN
 bgc_8.row_reg._076_/ZN
 bgc_8.row_reg._076__562/ZN
 bgc_8.row_reg._077_/ZN
 bgc_8.row_reg._078_/ZN
 bgc_8.row_reg._078__563/ZN
 bgc_8.row_reg._079_/ZN
 bgc_8.row_reg._080_/Z
 bgc_8.row_reg._081_/ZN
 bgc_8.row_reg._082_/ZN
 bgc_8.row_reg._083_/ZN
 bgc_8.row_reg._084_/ZN
 bgc_8.row_reg._085_/ZN
 bgc_8.row_reg._086_/ZN
 bgc_8.row_reg._087_/ZN
 bgc_8.row_reg._088_/ZN
 bgc_8.row_reg._089_/ZN
 bgc_8.row_reg._090_/ZN
 bgc_8.row_reg._091_/ZN
 bgc_8.row_reg._092_/ZN
 bgc_8.row_reg._093_/ZN
 bgc_8.row_reg._094_/ZN
 bgc_8.row_reg._095_/ZN
 bgc_8.row_reg._096_/ZN
 bgc_8.row_reg._097_/ZN
 bgc_8.row_reg._098_/ZN
 bgc_8.row_reg._099_/ZN
 bgc_8.row_reg._100_/ZN
 bgc_8.row_reg._101_/ZN
 bgc_8.row_reg._102_/ZN
 bgc_8.row_reg._103_/ZN
 bgc_8.row_reg._104_/ZN
 bgc_8.row_reg._105_/ZN
 bgc_8.row_reg._106_/ZN
 bgc_8.row_reg._107_/ZN
 bgc_8.row_reg._108_/ZN
 bgc_8.row_reg._109_/ZN
 bgc_8.row_reg._110_/ZN
 bgc_8.row_reg._111_/ZN
 bgc_8.row_reg._112_/ZN
 bgc_8.row_reg._113_/ZN
 bgc_8.row_reg._114_/ZN
 bgc_8.row_reg._115_/ZN
 bgc_8.row_reg._116_/ZN
 bgc_8.row_reg._117_/Q
 bgc_8.row_reg._118_/Q
 bgc_8.row_reg._119_/Q
 bgc_8.row_reg._120_/Q
 bgc_8.row_reg._121_/Q
 bgc_8.row_reg._122_/Q
 bgc_8.row_reg._123_/Q
 bgc_8.row_reg._124_/Q
 bgc_8.row_reg._125_/Q
 bgc_8.row_reg._126_/Q
 bgc_8.row_reg._127_/Q
 bgc_8.row_reg._128_/Q
 bgc_9._05_/ZN
 bgc_9._06_/ZN
 bgc_9._07_/ZN
 bgc_9._07__564/ZN
 bgc_9._08_/ZN
 bgc_9._09_/Z
 bgc_9._10_/ZN
 bgc_9._11_/Z
 bgc_9._11__565/ZN
 bgc_9._12_/Z
 bgc_9._13_/Z
 bgc_9._14_/Z
 bgc_9._15_/Z
 bgc_9._16_/Z
 bgc_9._17_/Z
 bgc_9._18_/Z
 bgc_9._19_/Z
 bgc_9._20_/Z
 bgc_9._21_/Z
 bgc_9._22_/Z
 bgc_9._23_/Z
 bgc_9._24_/ZN
 bgc_9._25_/ZN
 bgc_9.col_reg._053_/ZN
 bgc_9.col_reg._054_/ZN
 bgc_9.col_reg._055_/ZN
 bgc_9.col_reg._056_/ZN
 bgc_9.col_reg._057_/ZN
 bgc_9.col_reg._058_/ZN
 bgc_9.col_reg._059_/ZN
 bgc_9.col_reg._060_/ZN
 bgc_9.col_reg._061_/ZN
 bgc_9.col_reg._062_/ZN
 bgc_9.col_reg._063_/ZN
 bgc_9.col_reg._064_/ZN
 bgc_9.col_reg._065_/ZN
 bgc_9.col_reg._066_/ZN
 bgc_9.col_reg._067_/ZN
 bgc_9.col_reg._068_/ZN
 bgc_9.col_reg._069_/ZN
 bgc_9.col_reg._070_/ZN
 bgc_9.col_reg._071_/ZN
 bgc_9.col_reg._072_/ZN
 bgc_9.col_reg._073_/ZN
 bgc_9.col_reg._074_/ZN
 bgc_9.col_reg._075_/ZN
 bgc_9.col_reg._076_/ZN
 bgc_9.col_reg._077_/ZN
 bgc_9.col_reg._078_/ZN
 bgc_9.col_reg._079_/ZN
 bgc_9.col_reg._080_/Z
 bgc_9.col_reg._081_/ZN
 bgc_9.col_reg._082_/ZN
 bgc_9.col_reg._083_/ZN
 bgc_9.col_reg._084_/ZN
 bgc_9.col_reg._085_/ZN
 bgc_9.col_reg._086_/ZN
 bgc_9.col_reg._087_/ZN
 bgc_9.col_reg._088_/ZN
 bgc_9.col_reg._089_/ZN
 bgc_9.col_reg._090_/ZN
 bgc_9.col_reg._091_/ZN
 bgc_9.col_reg._092_/ZN
 bgc_9.col_reg._093_/ZN
 bgc_9.col_reg._094_/ZN
 bgc_9.col_reg._095_/ZN
 bgc_9.col_reg._096_/ZN
 bgc_9.col_reg._097_/ZN
 bgc_9.col_reg._098_/ZN
 bgc_9.col_reg._099_/ZN
 bgc_9.col_reg._100_/ZN
 bgc_9.col_reg._101_/ZN
 bgc_9.col_reg._102_/ZN
 bgc_9.col_reg._103_/ZN
 bgc_9.col_reg._104_/ZN
 bgc_9.col_reg._105_/ZN
 bgc_9.col_reg._106_/ZN
 bgc_9.col_reg._107_/ZN
 bgc_9.col_reg._108_/ZN
 bgc_9.col_reg._109_/ZN
 bgc_9.col_reg._110_/ZN
 bgc_9.col_reg._111_/ZN
 bgc_9.col_reg._112_/ZN
 bgc_9.col_reg._113_/ZN
 bgc_9.col_reg._114_/ZN
 bgc_9.col_reg._115_/ZN
 bgc_9.col_reg._116_/ZN
 bgc_9.col_reg._117_/Q
 bgc_9.col_reg._118_/Q
 bgc_9.col_reg._119_/Q
 bgc_9.col_reg._120_/Q
 bgc_9.col_reg._121_/Q
 bgc_9.col_reg._122_/Q
 bgc_9.col_reg._123_/Q
 bgc_9.col_reg._124_/Q
 bgc_9.col_reg._125_/Q
 bgc_9.col_reg._126_/Q
 bgc_9.col_reg._127_/Q
 bgc_9.col_reg._128_/Q
 bgc_9.comp_col._20_/ZN
 bgc_9.comp_col._21_/ZN
 bgc_9.comp_col._22_/ZN
 bgc_9.comp_col._23_/ZN
 bgc_9.comp_col._24_/ZN
 bgc_9.comp_col._25_/ZN
 bgc_9.comp_col._26_/ZN
 bgc_9.comp_col._27_/ZN
 bgc_9.comp_col._28_/ZN
 bgc_9.comp_col._29_/ZN
 bgc_9.comp_col._30_/ZN
 bgc_9.comp_col._31_/ZN
 bgc_9.comp_col._32_/ZN
 bgc_9.comp_col._33_/ZN
 bgc_9.comp_col._34_/ZN
 bgc_9.comp_col._35_/ZN
 bgc_9.comp_col._36_/ZN
 bgc_9.comp_col._37_/ZN
 bgc_9.comp_col._38_/ZN
 bgc_9.comp_col._39_/ZN
 bgc_9.comp_col._40_/ZN
 bgc_9.comp_col._41_/ZN
 bgc_9.comp_col._42_/ZN
 bgc_9.comp_col._43_/ZN
 bgc_9.comp_col._44_/ZN
 bgc_9.comp_col._45_/ZN
 bgc_9.comp_col._46_/ZN
 bgc_9.comp_col._47_/ZN
 bgc_9.comp_col._48_/Z
 bgc_9.comp_col._49_/Z
 bgc_9.comp_col._50_/Z
 bgc_9.comp_col._51_/Z
 bgc_9.comp_col._52_/Z
 bgc_9.comp_col._53_/Z
 bgc_9.comp_col._54_/Z
 bgc_9.comp_col._55_/Z
 bgc_9.comp_col._56_/Z
 bgc_9.comp_col._57_/Z
 bgc_9.comp_col._58_/Z
 bgc_9.comp_col._59_/Z
 bgc_9.comp_col._60_/ZN
 bgc_9.comp_col._61_/ZN
 bgc_9.comp_col._62_/ZN
 bgc_9.comp_col._63_/ZN
 bgc_9.comp_col._64_/ZN
 bgc_9.comp_col.pe1._18_/ZN
 bgc_9.comp_col.pe1._19_/ZN
 bgc_9.comp_col.pe1._20_/ZN
 bgc_9.comp_col.pe1._21_/ZN
 bgc_9.comp_col.pe1._22_/ZN
 bgc_9.comp_col.pe1._23_/ZN
 bgc_9.comp_col.pe1._24_/ZN
 bgc_9.comp_col.pe1._25_/ZN
 bgc_9.comp_col.pe1._26_/ZN
 bgc_9.comp_col.pe1._27_/ZN
 bgc_9.comp_col.pe1._28_/ZN
 bgc_9.comp_col.pe1._29_/ZN
 bgc_9.comp_col.pe1._30_/ZN
 bgc_9.comp_col.pe1._31_/ZN
 bgc_9.comp_col.pe1._32_/ZN
 bgc_9.comp_col.pe1._33_/ZN
 bgc_9.comp_col.pe1._34_/ZN
 bgc_9.comp_col.pe1._35_/ZN
 bgc_9.comp_col.pe1._36_/ZN
 bgc_9.comp_col.pe1._37_/ZN
 bgc_9.comp_col.pe1._38_/ZN
 bgc_9.comp_col.pe1._39_/ZN
 bgc_9.comp_col.pe2._18_/ZN
 bgc_9.comp_col.pe2._19_/ZN
 bgc_9.comp_col.pe2._20_/ZN
 bgc_9.comp_col.pe2._21_/ZN
 bgc_9.comp_col.pe2._22_/ZN
 bgc_9.comp_col.pe2._23_/ZN
 bgc_9.comp_col.pe2._24_/ZN
 bgc_9.comp_col.pe2._25_/ZN
 bgc_9.comp_col.pe2._26_/ZN
 bgc_9.comp_col.pe2._27_/ZN
 bgc_9.comp_col.pe2._28_/ZN
 bgc_9.comp_col.pe2._29_/ZN
 bgc_9.comp_col.pe2._30_/ZN
 bgc_9.comp_col.pe2._31_/ZN
 bgc_9.comp_col.pe2._32_/ZN
 bgc_9.comp_col.pe2._33_/ZN
 bgc_9.comp_col.pe2._34_/ZN
 bgc_9.comp_col.pe2._35_/ZN
 bgc_9.comp_col.pe2._36_/ZN
 bgc_9.comp_col.pe2._37_/ZN
 bgc_9.comp_col.pe2._38_/ZN
 bgc_9.comp_col.pe2._39_/ZN
 bgc_9.comp_row._20_/ZN
 bgc_9.comp_row._21_/ZN
 bgc_9.comp_row._22_/ZN
 bgc_9.comp_row._23_/ZN
 bgc_9.comp_row._24_/ZN
 bgc_9.comp_row._25_/ZN
 bgc_9.comp_row._26_/ZN
 bgc_9.comp_row._27_/ZN
 bgc_9.comp_row._28_/ZN
 bgc_9.comp_row._29_/ZN
 bgc_9.comp_row._30_/ZN
 bgc_9.comp_row._31_/ZN
 bgc_9.comp_row._32_/ZN
 bgc_9.comp_row._33_/ZN
 bgc_9.comp_row._34_/ZN
 bgc_9.comp_row._35_/ZN
 bgc_9.comp_row._36_/ZN
 bgc_9.comp_row._37_/ZN
 bgc_9.comp_row._38_/ZN
 bgc_9.comp_row._39_/ZN
 bgc_9.comp_row._40_/ZN
 bgc_9.comp_row._41_/ZN
 bgc_9.comp_row._42_/ZN
 bgc_9.comp_row._43_/ZN
 bgc_9.comp_row._44_/ZN
 bgc_9.comp_row._45_/ZN
 bgc_9.comp_row._46_/ZN
 bgc_9.comp_row._47_/ZN
 bgc_9.comp_row._48_/Z
 bgc_9.comp_row._49_/Z
 bgc_9.comp_row._50_/Z
 bgc_9.comp_row._51_/Z
 bgc_9.comp_row._52_/Z
 bgc_9.comp_row._53_/Z
 bgc_9.comp_row._54_/Z
 bgc_9.comp_row._55_/Z
 bgc_9.comp_row._56_/Z
 bgc_9.comp_row._57_/Z
 bgc_9.comp_row._58_/Z
 bgc_9.comp_row._59_/Z
 bgc_9.comp_row._60_/ZN
 bgc_9.comp_row._61_/ZN
 bgc_9.comp_row._62_/ZN
 bgc_9.comp_row._63_/ZN
 bgc_9.comp_row._64_/ZN
 bgc_9.comp_row.pe1._18_/ZN
 bgc_9.comp_row.pe1._19_/ZN
 bgc_9.comp_row.pe1._20_/ZN
 bgc_9.comp_row.pe1._21_/ZN
 bgc_9.comp_row.pe1._22_/ZN
 bgc_9.comp_row.pe1._23_/ZN
 bgc_9.comp_row.pe1._24_/ZN
 bgc_9.comp_row.pe1._25_/ZN
 bgc_9.comp_row.pe1._26_/ZN
 bgc_9.comp_row.pe1._27_/ZN
 bgc_9.comp_row.pe1._28_/ZN
 bgc_9.comp_row.pe1._29_/ZN
 bgc_9.comp_row.pe1._30_/ZN
 bgc_9.comp_row.pe1._31_/ZN
 bgc_9.comp_row.pe1._32_/ZN
 bgc_9.comp_row.pe1._33_/ZN
 bgc_9.comp_row.pe1._34_/ZN
 bgc_9.comp_row.pe1._35_/ZN
 bgc_9.comp_row.pe1._36_/ZN
 bgc_9.comp_row.pe1._37_/ZN
 bgc_9.comp_row.pe1._38_/ZN
 bgc_9.comp_row.pe1._39_/ZN
 bgc_9.comp_row.pe2._18_/ZN
 bgc_9.comp_row.pe2._19_/ZN
 bgc_9.comp_row.pe2._20_/ZN
 bgc_9.comp_row.pe2._21_/ZN
 bgc_9.comp_row.pe2._22_/ZN
 bgc_9.comp_row.pe2._23_/ZN
 bgc_9.comp_row.pe2._24_/ZN
 bgc_9.comp_row.pe2._25_/ZN
 bgc_9.comp_row.pe2._26_/ZN
 bgc_9.comp_row.pe2._27_/ZN
 bgc_9.comp_row.pe2._28_/ZN
 bgc_9.comp_row.pe2._29_/ZN
 bgc_9.comp_row.pe2._30_/ZN
 bgc_9.comp_row.pe2._31_/ZN
 bgc_9.comp_row.pe2._32_/ZN
 bgc_9.comp_row.pe2._33_/ZN
 bgc_9.comp_row.pe2._34_/ZN
 bgc_9.comp_row.pe2._35_/ZN
 bgc_9.comp_row.pe2._36_/ZN
 bgc_9.comp_row.pe2._37_/ZN
 bgc_9.comp_row.pe2._38_/ZN
 bgc_9.comp_row.pe2._39_/ZN
 bgc_9.final_counter._29_/ZN
 bgc_9.final_counter._30_/ZN
 bgc_9.final_counter._31_/ZN
 bgc_9.final_counter._32_/ZN
 bgc_9.final_counter._33_/ZN
 bgc_9.final_counter._34_/ZN
 bgc_9.final_counter._35_/ZN
 bgc_9.final_counter._36_/ZN
 bgc_9.final_counter._37_/ZN
 bgc_9.final_counter._38_/ZN
 bgc_9.final_counter._39_/Z
 bgc_9.final_counter._40_/ZN
 bgc_9.final_counter._41_/ZN
 bgc_9.final_counter._42_/ZN
 bgc_9.final_counter._43_/Z
 bgc_9.final_counter._44_/ZN
 bgc_9.final_counter._45_/ZN
 bgc_9.final_counter._46_/Z
 bgc_9.final_counter._47_/ZN
 bgc_9.final_counter._48_/ZN
 bgc_9.final_counter._49_/Z
 bgc_9.final_counter._50_/ZN
 bgc_9.final_counter._51_/ZN
 bgc_9.final_counter._52_/ZN
 bgc_9.final_counter._53_/ZN
 bgc_9.final_counter._54_/Z
 bgc_9.final_counter._55_/ZN
 bgc_9.final_counter._56_/ZN
 bgc_9.final_counter._57_/Z
 bgc_9.final_counter._58_/ZN
 bgc_9.final_counter._59_/ZN
 bgc_9.final_counter._60_/ZN
 bgc_9.final_counter._61_/ZN
 bgc_9.final_counter._62_/ZN
 bgc_9.final_counter._63_/ZN
 bgc_9.final_counter._64_/ZN
 bgc_9.final_counter._65_/ZN
 bgc_9.final_counter._66_/ZN
 bgc_9.final_counter._67_/Z
 bgc_9.final_counter._68_/ZN
 bgc_9.final_counter._69_/Q
 bgc_9.final_counter._70_/Q
 bgc_9.final_counter._71_/Q
 bgc_9.final_counter._72_/Q
 bgc_9.final_counter._73_/Q
 bgc_9.final_counter._74_/Q
 bgc_9.final_counter._75_/Q
 bgc_9.final_counter._76_/Q
 bgc_9.final_counter._77_/Q
 bgc_9.final_counter._78_/Q
 bgc_9.final_counter._79_/Q
 bgc_9.final_counter._80_/Q
 bgc_9.lfsr_col._27_/ZN
 bgc_9.lfsr_col._28_/ZN
 bgc_9.lfsr_col._28__566/ZN
 bgc_9.lfsr_col._29_/Z
 bgc_9.lfsr_col._29__567/ZN
 bgc_9.lfsr_col._30_/Z
 bgc_9.lfsr_col._30__568/ZN
 bgc_9.lfsr_col._31_/Z
 bgc_9.lfsr_col._31__1248/Z
 bgc_9.lfsr_col._32_/Z
 bgc_9.lfsr_col._32__1249/Z
 bgc_9.lfsr_col._33_/Z
 bgc_9.lfsr_col._33__569/ZN
 bgc_9.lfsr_col._34_/Z
 bgc_9.lfsr_col._34__570/ZN
 bgc_9.lfsr_col._35_/Z
 bgc_9.lfsr_col._35__1251/Z
 bgc_9.lfsr_col._36_/Z
 bgc_9.lfsr_col._36__1252/Z
 bgc_9.lfsr_col._37_/Z
 bgc_9.lfsr_col._37__1253/Z
 bgc_9.lfsr_col._38_/Z
 bgc_9.lfsr_col._38__1254/Z
 bgc_9.lfsr_col._39_/Z
 bgc_9.lfsr_col._39__1255/Z
 bgc_9.lfsr_col._40_/Z
 bgc_9.lfsr_col._40__571/ZN
 bgc_9.lfsr_col._41_/Z
 bgc_9.lfsr_col._42_/Z
 bgc_9.lfsr_col._43_/Z
 bgc_9.lfsr_col._44_/Z
 bgc_9.lfsr_col._44__572/ZN
 bgc_9.lfsr_col._45_/Z
 bgc_9.lfsr_col._45__1256/Z
 bgc_9.lfsr_col._46_/Z
 bgc_9.lfsr_col._46__1257/Z
 bgc_9.lfsr_col._47_/Z
 bgc_9.lfsr_col._47__1259/Z
 bgc_9.lfsr_col._48_/Z
 bgc_9.lfsr_col._48__1260/Z
 bgc_9.lfsr_col._49_/Z
 bgc_9.lfsr_col._49__1261/Z
 bgc_9.lfsr_col._50_/Z
 bgc_9.lfsr_col._50__573/ZN
 bgc_9.lfsr_col._51_/Z
 bgc_9.lfsr_col._51__574/ZN
 bgc_9.lfsr_col._52_/Z
 bgc_9.lfsr_col._52__1262/Z
 bgc_9.lfsr_col._53_/Z
 bgc_9.lfsr_col._53__1263/Z
 bgc_9.lfsr_col._54_/Z
 bgc_9.lfsr_col._54__575/ZN
 bgc_9.lfsr_col._55_/Z
 bgc_9.lfsr_col._55__576/ZN
 bgc_9.lfsr_col._56_/Z
 bgc_9.lfsr_col._57_/Z
 bgc_9.lfsr_col._58_/Z
 bgc_9.lfsr_col._59_/Z
 bgc_9.lfsr_col._60_/Z
 bgc_9.lfsr_col._61_/Z
 bgc_9.lfsr_col._62_/Z
 bgc_9.lfsr_col._63_/Z
 bgc_9.lfsr_col._64_/Z
 bgc_9.lfsr_col._65_/Z
 bgc_9.lfsr_col._66_/ZN
 bgc_9.lfsr_col._66__577/ZN
 bgc_9.lfsr_col._67_/ZN
 bgc_9.lfsr_col._67__1264/Z
 bgc_9.lfsr_col._68_/ZN
 bgc_9.lfsr_col._68__1265/Z
 bgc_9.lfsr_col._69_/ZN
 bgc_9.lfsr_col._69__1266/Z
 bgc_9.lfsr_col._70_/ZN
 bgc_9.lfsr_col._70__1267/Z
 bgc_9.lfsr_col._71_/ZN
 bgc_9.lfsr_col._71__1268/Z
 bgc_9.lfsr_col._72_/ZN
 bgc_9.lfsr_col._72__579/ZN
 bgc_9.lfsr_col._73_/ZN
 bgc_9.lfsr_col._73__580/ZN
 bgc_9.lfsr_col._74_/ZN
 bgc_9.lfsr_col._74__1269/Z
 bgc_9.lfsr_col._75_/ZN
 bgc_9.lfsr_col._75__1270/Z
 bgc_9.lfsr_col._76_/ZN
 bgc_9.lfsr_col._76__581/ZN
 bgc_9.lfsr_col._77_/Q
 bgc_9.lfsr_col._78_/Q
 bgc_9.lfsr_col._79_/Q
 bgc_9.lfsr_col._80_/Q
 bgc_9.lfsr_col._81_/Q
 bgc_9.lfsr_col._82_/Q
 bgc_9.lfsr_col._83_/Q
 bgc_9.lfsr_col._84_/Q
 bgc_9.lfsr_col._85_/Q
 bgc_9.lfsr_col._86_/Q
 bgc_9.lfsr_col._87_/Q
 bgc_9.lfsr_col._88_/Q
 bgc_9.lfsr_row._27_/ZN
 bgc_9.lfsr_row._28_/ZN
 bgc_9.lfsr_row._28__1271/Z
 bgc_9.lfsr_row._29_/Z
 bgc_9.lfsr_row._29__1272/Z
 bgc_9.lfsr_row._30_/Z
 bgc_9.lfsr_row._30__583/ZN
 bgc_9.lfsr_row._31_/Z
 bgc_9.lfsr_row._31__1273/Z
 bgc_9.lfsr_row._32_/Z
 bgc_9.lfsr_row._32__584/ZN
 bgc_9.lfsr_row._33_/Z
 bgc_9.lfsr_row._33__585/ZN
 bgc_9.lfsr_row._34_/Z
 bgc_9.lfsr_row._34__586/ZN
 bgc_9.lfsr_row._35_/Z
 bgc_9.lfsr_row._35__587/ZN
 bgc_9.lfsr_row._36_/Z
 bgc_9.lfsr_row._36__1274/Z
 bgc_9.lfsr_row._37_/Z
 bgc_9.lfsr_row._37__588/ZN
 bgc_9.lfsr_row._38_/Z
 bgc_9.lfsr_row._38__1276/Z
 bgc_9.lfsr_row._39_/Z
 bgc_9.lfsr_row._39__1277/Z
 bgc_9.lfsr_row._40_/Z
 bgc_9.lfsr_row._40__1278/Z
 bgc_9.lfsr_row._41_/Z
 bgc_9.lfsr_row._42_/Z
 bgc_9.lfsr_row._43_/Z
 bgc_9.lfsr_row._44_/Z
 bgc_9.lfsr_row._44__1279/Z
 bgc_9.lfsr_row._45_/Z
 bgc_9.lfsr_row._45__1280/Z
 bgc_9.lfsr_row._46_/Z
 bgc_9.lfsr_row._46__1281/Z
 bgc_9.lfsr_row._47_/Z
 bgc_9.lfsr_row._47__589/ZN
 bgc_9.lfsr_row._48_/Z
 bgc_9.lfsr_row._48__1282/Z
 bgc_9.lfsr_row._49_/Z
 bgc_9.lfsr_row._49__590/ZN
 bgc_9.lfsr_row._50_/Z
 bgc_9.lfsr_row._50__591/ZN
 bgc_9.lfsr_row._51_/Z
 bgc_9.lfsr_row._51__592/ZN
 bgc_9.lfsr_row._52_/Z
 bgc_9.lfsr_row._52__593/ZN
 bgc_9.lfsr_row._53_/Z
 bgc_9.lfsr_row._53__1284/Z
 bgc_9.lfsr_row._54_/Z
 bgc_9.lfsr_row._54__594/ZN
 bgc_9.lfsr_row._55_/Z
 bgc_9.lfsr_row._55__1285/Z
 bgc_9.lfsr_row._56_/Z
 bgc_9.lfsr_row._57_/Z
 bgc_9.lfsr_row._58_/Z
 bgc_9.lfsr_row._59_/Z
 bgc_9.lfsr_row._60_/Z
 bgc_9.lfsr_row._61_/Z
 bgc_9.lfsr_row._62_/Z
 bgc_9.lfsr_row._63_/Z
 bgc_9.lfsr_row._64_/Z
 bgc_9.lfsr_row._65_/Z
 bgc_9.lfsr_row._66_/ZN
 bgc_9.lfsr_row._66__1286/Z
 bgc_9.lfsr_row._67_/ZN
 bgc_9.lfsr_row._67__1287/Z
 bgc_9.lfsr_row._68_/ZN
 bgc_9.lfsr_row._68__1288/Z
 bgc_9.lfsr_row._69_/ZN
 bgc_9.lfsr_row._69__595/ZN
 bgc_9.lfsr_row._70_/ZN
 bgc_9.lfsr_row._70__1289/Z
 bgc_9.lfsr_row._71_/ZN
 bgc_9.lfsr_row._71__597/ZN
 bgc_9.lfsr_row._72_/ZN
 bgc_9.lfsr_row._72__598/ZN
 bgc_9.lfsr_row._73_/ZN
 bgc_9.lfsr_row._73__599/ZN
 bgc_9.lfsr_row._74_/ZN
 bgc_9.lfsr_row._74__600/ZN
 bgc_9.lfsr_row._75_/ZN
 bgc_9.lfsr_row._75__1290/Z
 bgc_9.lfsr_row._76_/ZN
 bgc_9.lfsr_row._76__601/ZN
 bgc_9.lfsr_row._77_/Q
 bgc_9.lfsr_row._78_/Q
 bgc_9.lfsr_row._79_/Q
 bgc_9.lfsr_row._80_/Q
 bgc_9.lfsr_row._81_/Q
 bgc_9.lfsr_row._82_/Q
 bgc_9.lfsr_row._83_/Q
 bgc_9.lfsr_row._84_/Q
 bgc_9.lfsr_row._85_/Q
 bgc_9.lfsr_row._86_/Q
 bgc_9.lfsr_row._87_/Q
 bgc_9.lfsr_row._88_/Q
 bgc_9.row_reg._053_/ZN
 bgc_9.row_reg._054_/ZN
 bgc_9.row_reg._055_/ZN
 bgc_9.row_reg._056_/ZN
 bgc_9.row_reg._056__602/ZN
 bgc_9.row_reg._057_/ZN
 bgc_9.row_reg._058_/ZN
 bgc_9.row_reg._058__603/ZN
 bgc_9.row_reg._059_/ZN
 bgc_9.row_reg._060_/ZN
 bgc_9.row_reg._060__604/ZN
 bgc_9.row_reg._061_/ZN
 bgc_9.row_reg._062_/ZN
 bgc_9.row_reg._062__605/ZN
 bgc_9.row_reg._063_/ZN
 bgc_9.row_reg._064_/ZN
 bgc_9.row_reg._064__606/ZN
 bgc_9.row_reg._065_/ZN
 bgc_9.row_reg._066_/ZN
 bgc_9.row_reg._066__607/ZN
 bgc_9.row_reg._067_/ZN
 bgc_9.row_reg._068_/ZN
 bgc_9.row_reg._068__608/ZN
 bgc_9.row_reg._069_/ZN
 bgc_9.row_reg._070_/ZN
 bgc_9.row_reg._070__609/ZN
 bgc_9.row_reg._071_/ZN
 bgc_9.row_reg._072_/ZN
 bgc_9.row_reg._072__610/ZN
 bgc_9.row_reg._073_/ZN
 bgc_9.row_reg._074_/ZN
 bgc_9.row_reg._074__611/ZN
 bgc_9.row_reg._075_/ZN
 bgc_9.row_reg._076_/ZN
 bgc_9.row_reg._076__612/ZN
 bgc_9.row_reg._077_/ZN
 bgc_9.row_reg._078_/ZN
 bgc_9.row_reg._078__613/ZN
 bgc_9.row_reg._079_/ZN
 bgc_9.row_reg._080_/Z
 bgc_9.row_reg._081_/ZN
 bgc_9.row_reg._082_/ZN
 bgc_9.row_reg._083_/ZN
 bgc_9.row_reg._084_/ZN
 bgc_9.row_reg._085_/ZN
 bgc_9.row_reg._086_/ZN
 bgc_9.row_reg._087_/ZN
 bgc_9.row_reg._088_/ZN
 bgc_9.row_reg._089_/ZN
 bgc_9.row_reg._090_/ZN
 bgc_9.row_reg._091_/ZN
 bgc_9.row_reg._092_/ZN
 bgc_9.row_reg._093_/ZN
 bgc_9.row_reg._094_/ZN
 bgc_9.row_reg._095_/ZN
 bgc_9.row_reg._096_/ZN
 bgc_9.row_reg._097_/ZN
 bgc_9.row_reg._098_/ZN
 bgc_9.row_reg._099_/ZN
 bgc_9.row_reg._100_/ZN
 bgc_9.row_reg._101_/ZN
 bgc_9.row_reg._102_/ZN
 bgc_9.row_reg._103_/ZN
 bgc_9.row_reg._104_/ZN
 bgc_9.row_reg._105_/ZN
 bgc_9.row_reg._106_/ZN
 bgc_9.row_reg._107_/ZN
 bgc_9.row_reg._108_/ZN
 bgc_9.row_reg._109_/ZN
 bgc_9.row_reg._110_/ZN
 bgc_9.row_reg._111_/ZN
 bgc_9.row_reg._112_/ZN
 bgc_9.row_reg._113_/ZN
 bgc_9.row_reg._114_/ZN
 bgc_9.row_reg._115_/ZN
 bgc_9.row_reg._116_/ZN
 bgc_9.row_reg._117_/Q
 bgc_9.row_reg._118_/Q
 bgc_9.row_reg._119_/Q
 bgc_9.row_reg._120_/Q
 bgc_9.row_reg._121_/Q
 bgc_9.row_reg._122_/Q
 bgc_9.row_reg._123_/Q
 bgc_9.row_reg._124_/Q
 bgc_9.row_reg._125_/Q
 bgc_9.row_reg._126_/Q
 bgc_9.row_reg._127_/Q
 bgc_9.row_reg._128_/Q
 clkbuf_0_clk/Z
 clkbuf_3_0_0_clk/Z
 clkbuf_3_1_0_clk/Z
 clkbuf_3_2_0_clk/Z
 clkbuf_3_3_0_clk/Z
 clkbuf_3_4_0_clk/Z
 clkbuf_3_5_0_clk/Z
 clkbuf_3_6_0_clk/Z
 clkbuf_3_7_0_clk/Z
 clkbuf_4_0__f_clk/Z
 clkbuf_4_10__f_clk/Z
 clkbuf_4_11__f_clk/Z
 clkbuf_4_12__f_clk/Z
 clkbuf_4_13__f_clk/Z
 clkbuf_4_14__f_clk/Z
 clkbuf_4_15__f_clk/Z
 clkbuf_4_1__f_clk/Z
 clkbuf_4_2__f_clk/Z
 clkbuf_4_3__f_clk/Z
 clkbuf_4_4__f_clk/Z
 clkbuf_4_5__f_clk/Z
 clkbuf_4_6__f_clk/Z
 clkbuf_4_7__f_clk/Z
 clkbuf_4_8__f_clk/Z
 clkbuf_4_9__f_clk/Z
 clkbuf_leaf_0_clk/Z
 clkbuf_leaf_100_clk/Z
 clkbuf_leaf_101_clk/Z
 clkbuf_leaf_102_clk/Z
 clkbuf_leaf_103_clk/Z
 clkbuf_leaf_104_clk/Z
 clkbuf_leaf_105_clk/Z
 clkbuf_leaf_106_clk/Z
 clkbuf_leaf_107_clk/Z
 clkbuf_leaf_108_clk/Z
 clkbuf_leaf_109_clk/Z
 clkbuf_leaf_10_clk/Z
 clkbuf_leaf_110_clk/Z
 clkbuf_leaf_111_clk/Z
 clkbuf_leaf_112_clk/Z
 clkbuf_leaf_113_clk/Z
 clkbuf_leaf_114_clk/Z
 clkbuf_leaf_115_clk/Z
 clkbuf_leaf_116_clk/Z
 clkbuf_leaf_117_clk/Z
 clkbuf_leaf_118_clk/Z
 clkbuf_leaf_119_clk/Z
 clkbuf_leaf_11_clk/Z
 clkbuf_leaf_120_clk/Z
 clkbuf_leaf_121_clk/Z
 clkbuf_leaf_122_clk/Z
 clkbuf_leaf_123_clk/Z
 clkbuf_leaf_124_clk/Z
 clkbuf_leaf_125_clk/Z
 clkbuf_leaf_126_clk/Z
 clkbuf_leaf_127_clk/Z
 clkbuf_leaf_128_clk/Z
 clkbuf_leaf_129_clk/Z
 clkbuf_leaf_12_clk/Z
 clkbuf_leaf_130_clk/Z
 clkbuf_leaf_131_clk/Z
 clkbuf_leaf_132_clk/Z
 clkbuf_leaf_133_clk/Z
 clkbuf_leaf_134_clk/Z
 clkbuf_leaf_135_clk/Z
 clkbuf_leaf_136_clk/Z
 clkbuf_leaf_137_clk/Z
 clkbuf_leaf_138_clk/Z
 clkbuf_leaf_139_clk/Z
 clkbuf_leaf_13_clk/Z
 clkbuf_leaf_140_clk/Z
 clkbuf_leaf_141_clk/Z
 clkbuf_leaf_142_clk/Z
 clkbuf_leaf_143_clk/Z
 clkbuf_leaf_144_clk/Z
 clkbuf_leaf_145_clk/Z
 clkbuf_leaf_146_clk/Z
 clkbuf_leaf_147_clk/Z
 clkbuf_leaf_148_clk/Z
 clkbuf_leaf_149_clk/Z
 clkbuf_leaf_14_clk/Z
 clkbuf_leaf_150_clk/Z
 clkbuf_leaf_151_clk/Z
 clkbuf_leaf_152_clk/Z
 clkbuf_leaf_153_clk/Z
 clkbuf_leaf_154_clk/Z
 clkbuf_leaf_155_clk/Z
 clkbuf_leaf_156_clk/Z
 clkbuf_leaf_157_clk/Z
 clkbuf_leaf_158_clk/Z
 clkbuf_leaf_159_clk/Z
 clkbuf_leaf_15_clk/Z
 clkbuf_leaf_160_clk/Z
 clkbuf_leaf_161_clk/Z
 clkbuf_leaf_162_clk/Z
 clkbuf_leaf_163_clk/Z
 clkbuf_leaf_164_clk/Z
 clkbuf_leaf_165_clk/Z
 clkbuf_leaf_166_clk/Z
 clkbuf_leaf_167_clk/Z
 clkbuf_leaf_168_clk/Z
 clkbuf_leaf_169_clk/Z
 clkbuf_leaf_16_clk/Z
 clkbuf_leaf_170_clk/Z
 clkbuf_leaf_171_clk/Z
 clkbuf_leaf_172_clk/Z
 clkbuf_leaf_173_clk/Z
 clkbuf_leaf_174_clk/Z
 clkbuf_leaf_175_clk/Z
 clkbuf_leaf_176_clk/Z
 clkbuf_leaf_177_clk/Z
 clkbuf_leaf_178_clk/Z
 clkbuf_leaf_179_clk/Z
 clkbuf_leaf_17_clk/Z
 clkbuf_leaf_180_clk/Z
 clkbuf_leaf_181_clk/Z
 clkbuf_leaf_182_clk/Z
 clkbuf_leaf_183_clk/Z
 clkbuf_leaf_184_clk/Z
 clkbuf_leaf_18_clk/Z
 clkbuf_leaf_1_clk/Z
 clkbuf_leaf_20_clk/Z
 clkbuf_leaf_21_clk/Z
 clkbuf_leaf_22_clk/Z
 clkbuf_leaf_23_clk/Z
 clkbuf_leaf_24_clk/Z
 clkbuf_leaf_25_clk/Z
 clkbuf_leaf_26_clk/Z
 clkbuf_leaf_27_clk/Z
 clkbuf_leaf_28_clk/Z
 clkbuf_leaf_29_clk/Z
 clkbuf_leaf_2_clk/Z
 clkbuf_leaf_30_clk/Z
 clkbuf_leaf_31_clk/Z
 clkbuf_leaf_32_clk/Z
 clkbuf_leaf_33_clk/Z
 clkbuf_leaf_34_clk/Z
 clkbuf_leaf_35_clk/Z
 clkbuf_leaf_36_clk/Z
 clkbuf_leaf_37_clk/Z
 clkbuf_leaf_38_clk/Z
 clkbuf_leaf_39_clk/Z
 clkbuf_leaf_3_clk/Z
 clkbuf_leaf_40_clk/Z
 clkbuf_leaf_41_clk/Z
 clkbuf_leaf_42_clk/Z
 clkbuf_leaf_43_clk/Z
 clkbuf_leaf_44_clk/Z
 clkbuf_leaf_45_clk/Z
 clkbuf_leaf_46_clk/Z
 clkbuf_leaf_47_clk/Z
 clkbuf_leaf_48_clk/Z
 clkbuf_leaf_49_clk/Z
 clkbuf_leaf_4_clk/Z
 clkbuf_leaf_50_clk/Z
 clkbuf_leaf_51_clk/Z
 clkbuf_leaf_52_clk/Z
 clkbuf_leaf_53_clk/Z
 clkbuf_leaf_54_clk/Z
 clkbuf_leaf_55_clk/Z
 clkbuf_leaf_56_clk/Z
 clkbuf_leaf_57_clk/Z
 clkbuf_leaf_58_clk/Z
 clkbuf_leaf_59_clk/Z
 clkbuf_leaf_5_clk/Z
 clkbuf_leaf_60_clk/Z
 clkbuf_leaf_61_clk/Z
 clkbuf_leaf_62_clk/Z
 clkbuf_leaf_63_clk/Z
 clkbuf_leaf_64_clk/Z
 clkbuf_leaf_65_clk/Z
 clkbuf_leaf_66_clk/Z
 clkbuf_leaf_67_clk/Z
 clkbuf_leaf_68_clk/Z
 clkbuf_leaf_69_clk/Z
 clkbuf_leaf_6_clk/Z
 clkbuf_leaf_70_clk/Z
 clkbuf_leaf_71_clk/Z
 clkbuf_leaf_72_clk/Z
 clkbuf_leaf_73_clk/Z
 clkbuf_leaf_74_clk/Z
 clkbuf_leaf_75_clk/Z
 clkbuf_leaf_76_clk/Z
 clkbuf_leaf_77_clk/Z
 clkbuf_leaf_78_clk/Z
 clkbuf_leaf_79_clk/Z
 clkbuf_leaf_7_clk/Z
 clkbuf_leaf_80_clk/Z
 clkbuf_leaf_81_clk/Z
 clkbuf_leaf_82_clk/Z
 clkbuf_leaf_83_clk/Z
 clkbuf_leaf_84_clk/Z
 clkbuf_leaf_85_clk/Z
 clkbuf_leaf_86_clk/Z
 clkbuf_leaf_87_clk/Z
 clkbuf_leaf_88_clk/Z
 clkbuf_leaf_89_clk/Z
 clkbuf_leaf_8_clk/Z
 clkbuf_leaf_90_clk/Z
 clkbuf_leaf_91_clk/Z
 clkbuf_leaf_92_clk/Z
 clkbuf_leaf_93_clk/Z
 clkbuf_leaf_94_clk/Z
 clkbuf_leaf_96_clk/Z
 clkbuf_leaf_97_clk/Z
 clkbuf_leaf_98_clk/Z
 clkbuf_leaf_99_clk/Z
 clkbuf_leaf_9_clk/Z
 dec_inst._03_/ZN
 dec_inst._04_/Z
 dec_inst._05_/ZN
 dec_inst._06_/Z
 dec_inst._07_/Z
 dec_inst._08_/Z
 dec_inst._09_/ZN
 dec_inst._10_/Z
 dec_inst._11_/Q
 dec_inst._12_/Q
 fanout16/Z
 fanout17/Z
 fanout18/Z
 fanout19/Z
 fanout20/Z
 fanout21/Z
 fanout22/Z
 fanout23/Z
 fanout24/Z
 fanout25/Z
 fanout26/Z
 fanout27/Z
 fanout28/Z
 fanout29/Z
 fanout30/Z
 fanout31/Z
 fanout32/Z
 fanout33/Z
 fanout34/Z
 fanout35/Z
 fanout36/Z
 fanout37/Z
 fanout38/Z
 fanout39/Z
 fanout40/Z
 fanout41/Z
 fanout42/Z
 fanout43/Z
 fanout44/Z
 fanout45/Z
 fanout46/Z
 fanout47/Z
 fanout48/Z
 fanout49/Z
 fanout50/Z
 fanout51/Z
 fanout52/Z
 fanout53/Z
 fanout54/Z
 fanout55/Z
 fanout56/Z
 fanout57/Z
 fanout58/Z
 fanout59/Z
 fanout60/Z
 fanout61/Z
 fanout62/Z
 fanout63/Z
 fanout64/Z
 fanout65/Z
 fanout66/Z
 fanout67/Z
 fanout68/Z
 fanout69/Z
 fanout70/Z
 fanout71/Z
 fanout72/Z
 fanout73/Z
 fanout74/Z
 fanout75/Z
 input1/Z
 input2/Z
 input3/Z
 input4/Z
 input5/Z
 input6/Z
 input7/Z
 input8/Z
 lfsr_enabler._25_/ZN
 lfsr_enabler._26_/ZN
 lfsr_enabler._27_/ZN
 lfsr_enabler._28_/ZN
 lfsr_enabler._29_/Z
 lfsr_enabler._30_/Z
 lfsr_enabler._31_/ZN
 lfsr_enabler._32_/ZN
 lfsr_enabler._33_/ZN
 lfsr_enabler._34_/ZN
 lfsr_enabler._35_/Z
 lfsr_enabler._36_/ZN
 lfsr_enabler._37_/ZN
 lfsr_enabler._38_/ZN
 lfsr_enabler._39_/Z
 lfsr_enabler._40_/ZN
 lfsr_enabler._41_/ZN
 lfsr_enabler._42_/ZN
 lfsr_enabler._43_/Z
 lfsr_enabler._44_/ZN
 lfsr_enabler._45_/ZN
 lfsr_enabler._46_/ZN
 lfsr_enabler._47_/Z
 lfsr_enabler._48_/ZN
 lfsr_enabler._49_/ZN
 lfsr_enabler._50_/ZN
 lfsr_enabler._51_/Z
 lfsr_enabler._52_/ZN
 lfsr_enabler._53_/ZN
 lfsr_enabler._54_/ZN
 lfsr_enabler._55_/Q
 lfsr_enabler._56_/Q
 lfsr_enabler._57_/Q
 lfsr_enabler._58_/Q
 lfsr_enabler._59_/Q
 lfsr_enabler._60_/Q
 lfsr_enabler._61_/Q
 load_slew14/Z
 output10/Z
 output11/Z
 output12/Z
 output13/Z
 output9/Z
 res_mem_inst._051_/ZN
 res_mem_inst._052_/ZN
 res_mem_inst._053_/ZN
 res_mem_inst._054_/ZN
 res_mem_inst._055_/ZN
 res_mem_inst._056_/ZN
 res_mem_inst._057_/ZN
 res_mem_inst._058_/ZN
 res_mem_inst._059_/ZN
 res_mem_inst._060_/ZN
 res_mem_inst._061_/ZN
 res_mem_inst._062_/ZN
 res_mem_inst._063_/ZN
 res_mem_inst._064_/ZN
 res_mem_inst._065_/ZN
 res_mem_inst._066_/ZN
 res_mem_inst._067_/ZN
 res_mem_inst._068_/ZN
 res_mem_inst._069_/ZN
 res_mem_inst._070_/ZN
 res_mem_inst._071_/ZN
 res_mem_inst._072_/ZN
 res_mem_inst._073_/ZN
 res_mem_inst._074_/ZN
 res_mem_inst._075_/ZN
 res_mem_inst._076_/ZN
 res_mem_inst._077_/Z
 res_mem_inst._078_/ZN
 res_mem_inst._079_/ZN
 res_mem_inst._080_/ZN
 res_mem_inst._081_/ZN
 res_mem_inst._082_/ZN
 res_mem_inst._083_/ZN
 res_mem_inst._084_/ZN
 res_mem_inst._085_/ZN
 res_mem_inst._086_/ZN
 res_mem_inst._087_/ZN
 res_mem_inst._088_/ZN
 res_mem_inst._089_/ZN
 res_mem_inst._090_/ZN
 res_mem_inst._091_/Z
 res_mem_inst._092_/Z
 res_mem_inst._093_/ZN
 res_mem_inst._094_/ZN
 res_mem_inst._095_/Z
 res_mem_inst._096_/Z
 res_mem_inst._097_/ZN
 res_mem_inst._098_/ZN
 res_mem_inst._099_/Z
 res_mem_inst._100_/Z
 res_mem_inst._101_/ZN
 res_mem_inst._102_/ZN
 res_mem_inst._103_/Z
 res_mem_inst._104_/Z
 res_mem_inst._105_/ZN
 res_mem_inst._106_/ZN
 res_mem_inst._107_/ZN
 res_mem_inst._108_/ZN
 res_mem_inst._109_/ZN
 res_mem_inst._110_/ZN
 res_mem_inst._111_/ZN
 res_mem_inst._112_/ZN
 res_mem_inst._113_/ZN
 res_mem_inst._114_/ZN
 res_mem_inst._115_/ZN
 res_mem_inst._116_/ZN
 res_mem_inst._117_/ZN
 res_mem_inst._118_/ZN
 res_mem_inst._119_/ZN
 res_mem_inst._120_/ZN
 res_mem_inst._121_/ZN
 res_mem_inst._122_/ZN
 res_mem_inst._123_/ZN
 res_mem_inst._124_/ZN
 res_mem_inst._125_/ZN
 res_mem_inst._126_/ZN
 res_mem_inst._127_/Z
 res_mem_inst._128_/ZN
 res_mem_inst._129_/ZN
 res_mem_inst._130_/ZN
 res_mem_inst._131_/ZN
 res_mem_inst._132_/ZN
 res_mem_inst._133_/ZN
 res_mem_inst._134_/ZN
 res_mem_inst._135_/ZN
 res_mem_inst._136_/ZN
 res_mem_inst._137_/ZN
 res_mem_inst._138_/ZN
 res_mem_inst._139_/ZN
 res_mem_inst._140_/Z
 res_mem_inst._141_/ZN
 res_mem_inst._142_/Z
 res_mem_inst._143_/Z
 res_mem_inst._144_/ZN
 res_mem_inst._145_/ZN
 res_mem_inst._146_/Q
 res_mem_inst._147_/Q
 res_mem_inst._148_/Q
 res_mem_inst._149_/Q
 res_mem_inst._150_/Q
 res_mem_inst._151_/Q
 res_mem_inst._152_/Q
 res_mem_inst._153_/Q
 res_mem_inst._154_/Q
 res_mem_inst._155_/Q
 res_mem_inst._156_/Q
 res_mem_inst._157_/Q
 res_mem_inst.out_dec_inst._03_/ZN
 res_mem_inst.out_dec_inst._04_/Z
 res_mem_inst.out_dec_inst._05_/ZN
 res_mem_inst.out_dec_inst._06_/Z
 res_mem_inst.out_dec_inst._07_/Z
 res_mem_inst.out_dec_inst._08_/Z
 res_mem_inst.out_dec_inst._09_/ZN
 res_mem_inst.out_dec_inst._10_/Z
 res_mem_inst.out_dec_inst._11_/Q
 res_mem_inst.out_dec_inst._12_/Q
 res_mem_inst.slot\[0\].slot_reg._053_/ZN
 res_mem_inst.slot\[0\].slot_reg._054_/ZN
 res_mem_inst.slot\[0\].slot_reg._055_/ZN
 res_mem_inst.slot\[0\].slot_reg._056_/ZN
 res_mem_inst.slot\[0\].slot_reg._057_/ZN
 res_mem_inst.slot\[0\].slot_reg._058_/ZN
 res_mem_inst.slot\[0\].slot_reg._059_/ZN
 res_mem_inst.slot\[0\].slot_reg._060_/ZN
 res_mem_inst.slot\[0\].slot_reg._061_/ZN
 res_mem_inst.slot\[0\].slot_reg._062_/ZN
 res_mem_inst.slot\[0\].slot_reg._063_/ZN
 res_mem_inst.slot\[0\].slot_reg._064_/ZN
 res_mem_inst.slot\[0\].slot_reg._065_/ZN
 res_mem_inst.slot\[0\].slot_reg._066_/ZN
 res_mem_inst.slot\[0\].slot_reg._067_/ZN
 res_mem_inst.slot\[0\].slot_reg._068_/ZN
 res_mem_inst.slot\[0\].slot_reg._069_/ZN
 res_mem_inst.slot\[0\].slot_reg._070_/ZN
 res_mem_inst.slot\[0\].slot_reg._071_/ZN
 res_mem_inst.slot\[0\].slot_reg._072_/ZN
 res_mem_inst.slot\[0\].slot_reg._073_/ZN
 res_mem_inst.slot\[0\].slot_reg._074_/ZN
 res_mem_inst.slot\[0\].slot_reg._075_/ZN
 res_mem_inst.slot\[0\].slot_reg._076_/ZN
 res_mem_inst.slot\[0\].slot_reg._077_/ZN
 res_mem_inst.slot\[0\].slot_reg._077__614/ZN
 res_mem_inst.slot\[0\].slot_reg._078_/ZN
 res_mem_inst.slot\[0\].slot_reg._079_/ZN
 res_mem_inst.slot\[0\].slot_reg._080_/Z
 res_mem_inst.slot\[0\].slot_reg._081_/ZN
 res_mem_inst.slot\[0\].slot_reg._082_/ZN
 res_mem_inst.slot\[0\].slot_reg._083_/ZN
 res_mem_inst.slot\[0\].slot_reg._084_/ZN
 res_mem_inst.slot\[0\].slot_reg._085_/ZN
 res_mem_inst.slot\[0\].slot_reg._086_/ZN
 res_mem_inst.slot\[0\].slot_reg._087_/ZN
 res_mem_inst.slot\[0\].slot_reg._088_/ZN
 res_mem_inst.slot\[0\].slot_reg._089_/ZN
 res_mem_inst.slot\[0\].slot_reg._090_/ZN
 res_mem_inst.slot\[0\].slot_reg._091_/ZN
 res_mem_inst.slot\[0\].slot_reg._092_/ZN
 res_mem_inst.slot\[0\].slot_reg._093_/ZN
 res_mem_inst.slot\[0\].slot_reg._094_/ZN
 res_mem_inst.slot\[0\].slot_reg._095_/ZN
 res_mem_inst.slot\[0\].slot_reg._096_/ZN
 res_mem_inst.slot\[0\].slot_reg._097_/ZN
 res_mem_inst.slot\[0\].slot_reg._098_/ZN
 res_mem_inst.slot\[0\].slot_reg._099_/ZN
 res_mem_inst.slot\[0\].slot_reg._100_/ZN
 res_mem_inst.slot\[0\].slot_reg._101_/ZN
 res_mem_inst.slot\[0\].slot_reg._102_/ZN
 res_mem_inst.slot\[0\].slot_reg._103_/ZN
 res_mem_inst.slot\[0\].slot_reg._104_/ZN
 res_mem_inst.slot\[0\].slot_reg._105_/ZN
 res_mem_inst.slot\[0\].slot_reg._106_/ZN
 res_mem_inst.slot\[0\].slot_reg._107_/ZN
 res_mem_inst.slot\[0\].slot_reg._108_/ZN
 res_mem_inst.slot\[0\].slot_reg._109_/ZN
 res_mem_inst.slot\[0\].slot_reg._110_/ZN
 res_mem_inst.slot\[0\].slot_reg._111_/ZN
 res_mem_inst.slot\[0\].slot_reg._112_/ZN
 res_mem_inst.slot\[0\].slot_reg._113_/ZN
 res_mem_inst.slot\[0\].slot_reg._114_/ZN
 res_mem_inst.slot\[0\].slot_reg._115_/ZN
 res_mem_inst.slot\[0\].slot_reg._116_/ZN
 res_mem_inst.slot\[0\].slot_reg._117_/Q
 res_mem_inst.slot\[0\].slot_reg._118_/Q
 res_mem_inst.slot\[0\].slot_reg._119_/Q
 res_mem_inst.slot\[0\].slot_reg._120_/Q
 res_mem_inst.slot\[0\].slot_reg._121_/Q
 res_mem_inst.slot\[0\].slot_reg._122_/Q
 res_mem_inst.slot\[0\].slot_reg._123_/Q
 res_mem_inst.slot\[0\].slot_reg._124_/Q
 res_mem_inst.slot\[0\].slot_reg._125_/Q
 res_mem_inst.slot\[0\].slot_reg._126_/Q
 res_mem_inst.slot\[0\].slot_reg._127_/Q
 res_mem_inst.slot\[0\].slot_reg._128_/Q
 res_mem_inst.slot\[10\].slot_reg._053_/ZN
 res_mem_inst.slot\[10\].slot_reg._054_/ZN
 res_mem_inst.slot\[10\].slot_reg._055_/ZN
 res_mem_inst.slot\[10\].slot_reg._056_/ZN
 res_mem_inst.slot\[10\].slot_reg._057_/ZN
 res_mem_inst.slot\[10\].slot_reg._058_/ZN
 res_mem_inst.slot\[10\].slot_reg._059_/ZN
 res_mem_inst.slot\[10\].slot_reg._060_/ZN
 res_mem_inst.slot\[10\].slot_reg._061_/ZN
 res_mem_inst.slot\[10\].slot_reg._062_/ZN
 res_mem_inst.slot\[10\].slot_reg._063_/ZN
 res_mem_inst.slot\[10\].slot_reg._064_/ZN
 res_mem_inst.slot\[10\].slot_reg._065_/ZN
 res_mem_inst.slot\[10\].slot_reg._066_/ZN
 res_mem_inst.slot\[10\].slot_reg._067_/ZN
 res_mem_inst.slot\[10\].slot_reg._068_/ZN
 res_mem_inst.slot\[10\].slot_reg._069_/ZN
 res_mem_inst.slot\[10\].slot_reg._070_/ZN
 res_mem_inst.slot\[10\].slot_reg._071_/ZN
 res_mem_inst.slot\[10\].slot_reg._072_/ZN
 res_mem_inst.slot\[10\].slot_reg._073_/ZN
 res_mem_inst.slot\[10\].slot_reg._074_/ZN
 res_mem_inst.slot\[10\].slot_reg._075_/ZN
 res_mem_inst.slot\[10\].slot_reg._076_/ZN
 res_mem_inst.slot\[10\].slot_reg._077_/ZN
 res_mem_inst.slot\[10\].slot_reg._077__615/ZN
 res_mem_inst.slot\[10\].slot_reg._078_/ZN
 res_mem_inst.slot\[10\].slot_reg._079_/ZN
 res_mem_inst.slot\[10\].slot_reg._080_/Z
 res_mem_inst.slot\[10\].slot_reg._081_/ZN
 res_mem_inst.slot\[10\].slot_reg._082_/ZN
 res_mem_inst.slot\[10\].slot_reg._083_/ZN
 res_mem_inst.slot\[10\].slot_reg._084_/ZN
 res_mem_inst.slot\[10\].slot_reg._085_/ZN
 res_mem_inst.slot\[10\].slot_reg._086_/ZN
 res_mem_inst.slot\[10\].slot_reg._087_/ZN
 res_mem_inst.slot\[10\].slot_reg._088_/ZN
 res_mem_inst.slot\[10\].slot_reg._089_/ZN
 res_mem_inst.slot\[10\].slot_reg._090_/ZN
 res_mem_inst.slot\[10\].slot_reg._091_/ZN
 res_mem_inst.slot\[10\].slot_reg._092_/ZN
 res_mem_inst.slot\[10\].slot_reg._093_/ZN
 res_mem_inst.slot\[10\].slot_reg._094_/ZN
 res_mem_inst.slot\[10\].slot_reg._095_/ZN
 res_mem_inst.slot\[10\].slot_reg._096_/ZN
 res_mem_inst.slot\[10\].slot_reg._097_/ZN
 res_mem_inst.slot\[10\].slot_reg._098_/ZN
 res_mem_inst.slot\[10\].slot_reg._099_/ZN
 res_mem_inst.slot\[10\].slot_reg._100_/ZN
 res_mem_inst.slot\[10\].slot_reg._101_/ZN
 res_mem_inst.slot\[10\].slot_reg._102_/ZN
 res_mem_inst.slot\[10\].slot_reg._103_/ZN
 res_mem_inst.slot\[10\].slot_reg._104_/ZN
 res_mem_inst.slot\[10\].slot_reg._105_/ZN
 res_mem_inst.slot\[10\].slot_reg._106_/ZN
 res_mem_inst.slot\[10\].slot_reg._107_/ZN
 res_mem_inst.slot\[10\].slot_reg._108_/ZN
 res_mem_inst.slot\[10\].slot_reg._109_/ZN
 res_mem_inst.slot\[10\].slot_reg._110_/ZN
 res_mem_inst.slot\[10\].slot_reg._111_/ZN
 res_mem_inst.slot\[10\].slot_reg._112_/ZN
 res_mem_inst.slot\[10\].slot_reg._113_/ZN
 res_mem_inst.slot\[10\].slot_reg._114_/ZN
 res_mem_inst.slot\[10\].slot_reg._115_/ZN
 res_mem_inst.slot\[10\].slot_reg._116_/ZN
 res_mem_inst.slot\[10\].slot_reg._117_/Q
 res_mem_inst.slot\[10\].slot_reg._118_/Q
 res_mem_inst.slot\[10\].slot_reg._119_/Q
 res_mem_inst.slot\[10\].slot_reg._120_/Q
 res_mem_inst.slot\[10\].slot_reg._121_/Q
 res_mem_inst.slot\[10\].slot_reg._122_/Q
 res_mem_inst.slot\[10\].slot_reg._123_/Q
 res_mem_inst.slot\[10\].slot_reg._124_/Q
 res_mem_inst.slot\[10\].slot_reg._125_/Q
 res_mem_inst.slot\[10\].slot_reg._126_/Q
 res_mem_inst.slot\[10\].slot_reg._127_/Q
 res_mem_inst.slot\[10\].slot_reg._128_/Q
 res_mem_inst.slot\[11\].slot_reg._053_/ZN
 res_mem_inst.slot\[11\].slot_reg._054_/ZN
 res_mem_inst.slot\[11\].slot_reg._055_/ZN
 res_mem_inst.slot\[11\].slot_reg._056_/ZN
 res_mem_inst.slot\[11\].slot_reg._057_/ZN
 res_mem_inst.slot\[11\].slot_reg._058_/ZN
 res_mem_inst.slot\[11\].slot_reg._059_/ZN
 res_mem_inst.slot\[11\].slot_reg._060_/ZN
 res_mem_inst.slot\[11\].slot_reg._061_/ZN
 res_mem_inst.slot\[11\].slot_reg._062_/ZN
 res_mem_inst.slot\[11\].slot_reg._063_/ZN
 res_mem_inst.slot\[11\].slot_reg._064_/ZN
 res_mem_inst.slot\[11\].slot_reg._065_/ZN
 res_mem_inst.slot\[11\].slot_reg._066_/ZN
 res_mem_inst.slot\[11\].slot_reg._067_/ZN
 res_mem_inst.slot\[11\].slot_reg._068_/ZN
 res_mem_inst.slot\[11\].slot_reg._069_/ZN
 res_mem_inst.slot\[11\].slot_reg._070_/ZN
 res_mem_inst.slot\[11\].slot_reg._071_/ZN
 res_mem_inst.slot\[11\].slot_reg._072_/ZN
 res_mem_inst.slot\[11\].slot_reg._073_/ZN
 res_mem_inst.slot\[11\].slot_reg._074_/ZN
 res_mem_inst.slot\[11\].slot_reg._075_/ZN
 res_mem_inst.slot\[11\].slot_reg._076_/ZN
 res_mem_inst.slot\[11\].slot_reg._077_/ZN
 res_mem_inst.slot\[11\].slot_reg._077__616/ZN
 res_mem_inst.slot\[11\].slot_reg._078_/ZN
 res_mem_inst.slot\[11\].slot_reg._079_/ZN
 res_mem_inst.slot\[11\].slot_reg._080_/Z
 res_mem_inst.slot\[11\].slot_reg._081_/ZN
 res_mem_inst.slot\[11\].slot_reg._082_/ZN
 res_mem_inst.slot\[11\].slot_reg._083_/ZN
 res_mem_inst.slot\[11\].slot_reg._084_/ZN
 res_mem_inst.slot\[11\].slot_reg._085_/ZN
 res_mem_inst.slot\[11\].slot_reg._086_/ZN
 res_mem_inst.slot\[11\].slot_reg._087_/ZN
 res_mem_inst.slot\[11\].slot_reg._088_/ZN
 res_mem_inst.slot\[11\].slot_reg._089_/ZN
 res_mem_inst.slot\[11\].slot_reg._090_/ZN
 res_mem_inst.slot\[11\].slot_reg._091_/ZN
 res_mem_inst.slot\[11\].slot_reg._092_/ZN
 res_mem_inst.slot\[11\].slot_reg._093_/ZN
 res_mem_inst.slot\[11\].slot_reg._094_/ZN
 res_mem_inst.slot\[11\].slot_reg._095_/ZN
 res_mem_inst.slot\[11\].slot_reg._096_/ZN
 res_mem_inst.slot\[11\].slot_reg._097_/ZN
 res_mem_inst.slot\[11\].slot_reg._098_/ZN
 res_mem_inst.slot\[11\].slot_reg._099_/ZN
 res_mem_inst.slot\[11\].slot_reg._100_/ZN
 res_mem_inst.slot\[11\].slot_reg._101_/ZN
 res_mem_inst.slot\[11\].slot_reg._102_/ZN
 res_mem_inst.slot\[11\].slot_reg._103_/ZN
 res_mem_inst.slot\[11\].slot_reg._104_/ZN
 res_mem_inst.slot\[11\].slot_reg._105_/ZN
 res_mem_inst.slot\[11\].slot_reg._106_/ZN
 res_mem_inst.slot\[11\].slot_reg._107_/ZN
 res_mem_inst.slot\[11\].slot_reg._108_/ZN
 res_mem_inst.slot\[11\].slot_reg._109_/ZN
 res_mem_inst.slot\[11\].slot_reg._110_/ZN
 res_mem_inst.slot\[11\].slot_reg._111_/ZN
 res_mem_inst.slot\[11\].slot_reg._112_/ZN
 res_mem_inst.slot\[11\].slot_reg._113_/ZN
 res_mem_inst.slot\[11\].slot_reg._114_/ZN
 res_mem_inst.slot\[11\].slot_reg._115_/ZN
 res_mem_inst.slot\[11\].slot_reg._116_/ZN
 res_mem_inst.slot\[11\].slot_reg._117_/Q
 res_mem_inst.slot\[11\].slot_reg._118_/Q
 res_mem_inst.slot\[11\].slot_reg._119_/Q
 res_mem_inst.slot\[11\].slot_reg._120_/Q
 res_mem_inst.slot\[11\].slot_reg._121_/Q
 res_mem_inst.slot\[11\].slot_reg._122_/Q
 res_mem_inst.slot\[11\].slot_reg._123_/Q
 res_mem_inst.slot\[11\].slot_reg._124_/Q
 res_mem_inst.slot\[11\].slot_reg._125_/Q
 res_mem_inst.slot\[11\].slot_reg._126_/Q
 res_mem_inst.slot\[11\].slot_reg._127_/Q
 res_mem_inst.slot\[11\].slot_reg._128_/Q
 res_mem_inst.slot\[12\].slot_reg._053_/ZN
 res_mem_inst.slot\[12\].slot_reg._054_/ZN
 res_mem_inst.slot\[12\].slot_reg._055_/ZN
 res_mem_inst.slot\[12\].slot_reg._056_/ZN
 res_mem_inst.slot\[12\].slot_reg._057_/ZN
 res_mem_inst.slot\[12\].slot_reg._058_/ZN
 res_mem_inst.slot\[12\].slot_reg._059_/ZN
 res_mem_inst.slot\[12\].slot_reg._060_/ZN
 res_mem_inst.slot\[12\].slot_reg._061_/ZN
 res_mem_inst.slot\[12\].slot_reg._062_/ZN
 res_mem_inst.slot\[12\].slot_reg._063_/ZN
 res_mem_inst.slot\[12\].slot_reg._064_/ZN
 res_mem_inst.slot\[12\].slot_reg._065_/ZN
 res_mem_inst.slot\[12\].slot_reg._066_/ZN
 res_mem_inst.slot\[12\].slot_reg._067_/ZN
 res_mem_inst.slot\[12\].slot_reg._068_/ZN
 res_mem_inst.slot\[12\].slot_reg._069_/ZN
 res_mem_inst.slot\[12\].slot_reg._070_/ZN
 res_mem_inst.slot\[12\].slot_reg._071_/ZN
 res_mem_inst.slot\[12\].slot_reg._072_/ZN
 res_mem_inst.slot\[12\].slot_reg._073_/ZN
 res_mem_inst.slot\[12\].slot_reg._074_/ZN
 res_mem_inst.slot\[12\].slot_reg._075_/ZN
 res_mem_inst.slot\[12\].slot_reg._076_/ZN
 res_mem_inst.slot\[12\].slot_reg._077_/ZN
 res_mem_inst.slot\[12\].slot_reg._077__617/ZN
 res_mem_inst.slot\[12\].slot_reg._078_/ZN
 res_mem_inst.slot\[12\].slot_reg._079_/ZN
 res_mem_inst.slot\[12\].slot_reg._080_/Z
 res_mem_inst.slot\[12\].slot_reg._081_/ZN
 res_mem_inst.slot\[12\].slot_reg._082_/ZN
 res_mem_inst.slot\[12\].slot_reg._083_/ZN
 res_mem_inst.slot\[12\].slot_reg._084_/ZN
 res_mem_inst.slot\[12\].slot_reg._085_/ZN
 res_mem_inst.slot\[12\].slot_reg._086_/ZN
 res_mem_inst.slot\[12\].slot_reg._087_/ZN
 res_mem_inst.slot\[12\].slot_reg._088_/ZN
 res_mem_inst.slot\[12\].slot_reg._089_/ZN
 res_mem_inst.slot\[12\].slot_reg._090_/ZN
 res_mem_inst.slot\[12\].slot_reg._091_/ZN
 res_mem_inst.slot\[12\].slot_reg._092_/ZN
 res_mem_inst.slot\[12\].slot_reg._093_/ZN
 res_mem_inst.slot\[12\].slot_reg._094_/ZN
 res_mem_inst.slot\[12\].slot_reg._095_/ZN
 res_mem_inst.slot\[12\].slot_reg._096_/ZN
 res_mem_inst.slot\[12\].slot_reg._097_/ZN
 res_mem_inst.slot\[12\].slot_reg._098_/ZN
 res_mem_inst.slot\[12\].slot_reg._099_/ZN
 res_mem_inst.slot\[12\].slot_reg._100_/ZN
 res_mem_inst.slot\[12\].slot_reg._101_/ZN
 res_mem_inst.slot\[12\].slot_reg._102_/ZN
 res_mem_inst.slot\[12\].slot_reg._103_/ZN
 res_mem_inst.slot\[12\].slot_reg._104_/ZN
 res_mem_inst.slot\[12\].slot_reg._105_/ZN
 res_mem_inst.slot\[12\].slot_reg._106_/ZN
 res_mem_inst.slot\[12\].slot_reg._107_/ZN
 res_mem_inst.slot\[12\].slot_reg._108_/ZN
 res_mem_inst.slot\[12\].slot_reg._109_/ZN
 res_mem_inst.slot\[12\].slot_reg._110_/ZN
 res_mem_inst.slot\[12\].slot_reg._111_/ZN
 res_mem_inst.slot\[12\].slot_reg._112_/ZN
 res_mem_inst.slot\[12\].slot_reg._113_/ZN
 res_mem_inst.slot\[12\].slot_reg._114_/ZN
 res_mem_inst.slot\[12\].slot_reg._115_/ZN
 res_mem_inst.slot\[12\].slot_reg._116_/ZN
 res_mem_inst.slot\[12\].slot_reg._117_/Q
 res_mem_inst.slot\[12\].slot_reg._118_/Q
 res_mem_inst.slot\[12\].slot_reg._119_/Q
 res_mem_inst.slot\[12\].slot_reg._120_/Q
 res_mem_inst.slot\[12\].slot_reg._121_/Q
 res_mem_inst.slot\[12\].slot_reg._122_/Q
 res_mem_inst.slot\[12\].slot_reg._123_/Q
 res_mem_inst.slot\[12\].slot_reg._124_/Q
 res_mem_inst.slot\[12\].slot_reg._125_/Q
 res_mem_inst.slot\[12\].slot_reg._126_/Q
 res_mem_inst.slot\[12\].slot_reg._127_/Q
 res_mem_inst.slot\[12\].slot_reg._128_/Q
 res_mem_inst.slot\[13\].slot_reg._053_/ZN
 res_mem_inst.slot\[13\].slot_reg._054_/ZN
 res_mem_inst.slot\[13\].slot_reg._055_/ZN
 res_mem_inst.slot\[13\].slot_reg._056_/ZN
 res_mem_inst.slot\[13\].slot_reg._057_/ZN
 res_mem_inst.slot\[13\].slot_reg._058_/ZN
 res_mem_inst.slot\[13\].slot_reg._059_/ZN
 res_mem_inst.slot\[13\].slot_reg._060_/ZN
 res_mem_inst.slot\[13\].slot_reg._061_/ZN
 res_mem_inst.slot\[13\].slot_reg._062_/ZN
 res_mem_inst.slot\[13\].slot_reg._063_/ZN
 res_mem_inst.slot\[13\].slot_reg._064_/ZN
 res_mem_inst.slot\[13\].slot_reg._065_/ZN
 res_mem_inst.slot\[13\].slot_reg._066_/ZN
 res_mem_inst.slot\[13\].slot_reg._067_/ZN
 res_mem_inst.slot\[13\].slot_reg._068_/ZN
 res_mem_inst.slot\[13\].slot_reg._069_/ZN
 res_mem_inst.slot\[13\].slot_reg._070_/ZN
 res_mem_inst.slot\[13\].slot_reg._071_/ZN
 res_mem_inst.slot\[13\].slot_reg._072_/ZN
 res_mem_inst.slot\[13\].slot_reg._073_/ZN
 res_mem_inst.slot\[13\].slot_reg._074_/ZN
 res_mem_inst.slot\[13\].slot_reg._075_/ZN
 res_mem_inst.slot\[13\].slot_reg._076_/ZN
 res_mem_inst.slot\[13\].slot_reg._077_/ZN
 res_mem_inst.slot\[13\].slot_reg._077__618/ZN
 res_mem_inst.slot\[13\].slot_reg._078_/ZN
 res_mem_inst.slot\[13\].slot_reg._079_/ZN
 res_mem_inst.slot\[13\].slot_reg._080_/Z
 res_mem_inst.slot\[13\].slot_reg._081_/ZN
 res_mem_inst.slot\[13\].slot_reg._082_/ZN
 res_mem_inst.slot\[13\].slot_reg._083_/ZN
 res_mem_inst.slot\[13\].slot_reg._084_/ZN
 res_mem_inst.slot\[13\].slot_reg._085_/ZN
 res_mem_inst.slot\[13\].slot_reg._086_/ZN
 res_mem_inst.slot\[13\].slot_reg._087_/ZN
 res_mem_inst.slot\[13\].slot_reg._088_/ZN
 res_mem_inst.slot\[13\].slot_reg._089_/ZN
 res_mem_inst.slot\[13\].slot_reg._090_/ZN
 res_mem_inst.slot\[13\].slot_reg._091_/ZN
 res_mem_inst.slot\[13\].slot_reg._092_/ZN
 res_mem_inst.slot\[13\].slot_reg._093_/ZN
 res_mem_inst.slot\[13\].slot_reg._094_/ZN
 res_mem_inst.slot\[13\].slot_reg._095_/ZN
 res_mem_inst.slot\[13\].slot_reg._096_/ZN
 res_mem_inst.slot\[13\].slot_reg._097_/ZN
 res_mem_inst.slot\[13\].slot_reg._098_/ZN
 res_mem_inst.slot\[13\].slot_reg._099_/ZN
 res_mem_inst.slot\[13\].slot_reg._100_/ZN
 res_mem_inst.slot\[13\].slot_reg._101_/ZN
 res_mem_inst.slot\[13\].slot_reg._102_/ZN
 res_mem_inst.slot\[13\].slot_reg._103_/ZN
 res_mem_inst.slot\[13\].slot_reg._104_/ZN
 res_mem_inst.slot\[13\].slot_reg._105_/ZN
 res_mem_inst.slot\[13\].slot_reg._106_/ZN
 res_mem_inst.slot\[13\].slot_reg._107_/ZN
 res_mem_inst.slot\[13\].slot_reg._108_/ZN
 res_mem_inst.slot\[13\].slot_reg._109_/ZN
 res_mem_inst.slot\[13\].slot_reg._110_/ZN
 res_mem_inst.slot\[13\].slot_reg._111_/ZN
 res_mem_inst.slot\[13\].slot_reg._112_/ZN
 res_mem_inst.slot\[13\].slot_reg._113_/ZN
 res_mem_inst.slot\[13\].slot_reg._114_/ZN
 res_mem_inst.slot\[13\].slot_reg._115_/ZN
 res_mem_inst.slot\[13\].slot_reg._116_/ZN
 res_mem_inst.slot\[13\].slot_reg._117_/Q
 res_mem_inst.slot\[13\].slot_reg._118_/Q
 res_mem_inst.slot\[13\].slot_reg._119_/Q
 res_mem_inst.slot\[13\].slot_reg._120_/Q
 res_mem_inst.slot\[13\].slot_reg._121_/Q
 res_mem_inst.slot\[13\].slot_reg._122_/Q
 res_mem_inst.slot\[13\].slot_reg._123_/Q
 res_mem_inst.slot\[13\].slot_reg._124_/Q
 res_mem_inst.slot\[13\].slot_reg._125_/Q
 res_mem_inst.slot\[13\].slot_reg._126_/Q
 res_mem_inst.slot\[13\].slot_reg._127_/Q
 res_mem_inst.slot\[13\].slot_reg._128_/Q
 res_mem_inst.slot\[14\].slot_reg._053_/ZN
 res_mem_inst.slot\[14\].slot_reg._054_/ZN
 res_mem_inst.slot\[14\].slot_reg._055_/ZN
 res_mem_inst.slot\[14\].slot_reg._056_/ZN
 res_mem_inst.slot\[14\].slot_reg._057_/ZN
 res_mem_inst.slot\[14\].slot_reg._058_/ZN
 res_mem_inst.slot\[14\].slot_reg._059_/ZN
 res_mem_inst.slot\[14\].slot_reg._060_/ZN
 res_mem_inst.slot\[14\].slot_reg._061_/ZN
 res_mem_inst.slot\[14\].slot_reg._062_/ZN
 res_mem_inst.slot\[14\].slot_reg._063_/ZN
 res_mem_inst.slot\[14\].slot_reg._064_/ZN
 res_mem_inst.slot\[14\].slot_reg._065_/ZN
 res_mem_inst.slot\[14\].slot_reg._066_/ZN
 res_mem_inst.slot\[14\].slot_reg._067_/ZN
 res_mem_inst.slot\[14\].slot_reg._068_/ZN
 res_mem_inst.slot\[14\].slot_reg._069_/ZN
 res_mem_inst.slot\[14\].slot_reg._070_/ZN
 res_mem_inst.slot\[14\].slot_reg._071_/ZN
 res_mem_inst.slot\[14\].slot_reg._072_/ZN
 res_mem_inst.slot\[14\].slot_reg._073_/ZN
 res_mem_inst.slot\[14\].slot_reg._074_/ZN
 res_mem_inst.slot\[14\].slot_reg._075_/ZN
 res_mem_inst.slot\[14\].slot_reg._076_/ZN
 res_mem_inst.slot\[14\].slot_reg._077_/ZN
 res_mem_inst.slot\[14\].slot_reg._077__619/ZN
 res_mem_inst.slot\[14\].slot_reg._078_/ZN
 res_mem_inst.slot\[14\].slot_reg._079_/ZN
 res_mem_inst.slot\[14\].slot_reg._080_/Z
 res_mem_inst.slot\[14\].slot_reg._081_/ZN
 res_mem_inst.slot\[14\].slot_reg._082_/ZN
 res_mem_inst.slot\[14\].slot_reg._083_/ZN
 res_mem_inst.slot\[14\].slot_reg._084_/ZN
 res_mem_inst.slot\[14\].slot_reg._085_/ZN
 res_mem_inst.slot\[14\].slot_reg._086_/ZN
 res_mem_inst.slot\[14\].slot_reg._087_/ZN
 res_mem_inst.slot\[14\].slot_reg._088_/ZN
 res_mem_inst.slot\[14\].slot_reg._089_/ZN
 res_mem_inst.slot\[14\].slot_reg._090_/ZN
 res_mem_inst.slot\[14\].slot_reg._091_/ZN
 res_mem_inst.slot\[14\].slot_reg._092_/ZN
 res_mem_inst.slot\[14\].slot_reg._093_/ZN
 res_mem_inst.slot\[14\].slot_reg._094_/ZN
 res_mem_inst.slot\[14\].slot_reg._095_/ZN
 res_mem_inst.slot\[14\].slot_reg._096_/ZN
 res_mem_inst.slot\[14\].slot_reg._097_/ZN
 res_mem_inst.slot\[14\].slot_reg._098_/ZN
 res_mem_inst.slot\[14\].slot_reg._099_/ZN
 res_mem_inst.slot\[14\].slot_reg._100_/ZN
 res_mem_inst.slot\[14\].slot_reg._101_/ZN
 res_mem_inst.slot\[14\].slot_reg._102_/ZN
 res_mem_inst.slot\[14\].slot_reg._103_/ZN
 res_mem_inst.slot\[14\].slot_reg._104_/ZN
 res_mem_inst.slot\[14\].slot_reg._105_/ZN
 res_mem_inst.slot\[14\].slot_reg._106_/ZN
 res_mem_inst.slot\[14\].slot_reg._107_/ZN
 res_mem_inst.slot\[14\].slot_reg._108_/ZN
 res_mem_inst.slot\[14\].slot_reg._109_/ZN
 res_mem_inst.slot\[14\].slot_reg._110_/ZN
 res_mem_inst.slot\[14\].slot_reg._111_/ZN
 res_mem_inst.slot\[14\].slot_reg._112_/ZN
 res_mem_inst.slot\[14\].slot_reg._113_/ZN
 res_mem_inst.slot\[14\].slot_reg._114_/ZN
 res_mem_inst.slot\[14\].slot_reg._115_/ZN
 res_mem_inst.slot\[14\].slot_reg._116_/ZN
 res_mem_inst.slot\[14\].slot_reg._117_/Q
 res_mem_inst.slot\[14\].slot_reg._118_/Q
 res_mem_inst.slot\[14\].slot_reg._119_/Q
 res_mem_inst.slot\[14\].slot_reg._120_/Q
 res_mem_inst.slot\[14\].slot_reg._121_/Q
 res_mem_inst.slot\[14\].slot_reg._122_/Q
 res_mem_inst.slot\[14\].slot_reg._123_/Q
 res_mem_inst.slot\[14\].slot_reg._124_/Q
 res_mem_inst.slot\[14\].slot_reg._125_/Q
 res_mem_inst.slot\[14\].slot_reg._126_/Q
 res_mem_inst.slot\[14\].slot_reg._127_/Q
 res_mem_inst.slot\[14\].slot_reg._128_/Q
 res_mem_inst.slot\[15\].slot_reg._053_/ZN
 res_mem_inst.slot\[15\].slot_reg._054_/ZN
 res_mem_inst.slot\[15\].slot_reg._055_/ZN
 res_mem_inst.slot\[15\].slot_reg._056_/ZN
 res_mem_inst.slot\[15\].slot_reg._057_/ZN
 res_mem_inst.slot\[15\].slot_reg._058_/ZN
 res_mem_inst.slot\[15\].slot_reg._059_/ZN
 res_mem_inst.slot\[15\].slot_reg._060_/ZN
 res_mem_inst.slot\[15\].slot_reg._061_/ZN
 res_mem_inst.slot\[15\].slot_reg._062_/ZN
 res_mem_inst.slot\[15\].slot_reg._063_/ZN
 res_mem_inst.slot\[15\].slot_reg._064_/ZN
 res_mem_inst.slot\[15\].slot_reg._065_/ZN
 res_mem_inst.slot\[15\].slot_reg._066_/ZN
 res_mem_inst.slot\[15\].slot_reg._067_/ZN
 res_mem_inst.slot\[15\].slot_reg._068_/ZN
 res_mem_inst.slot\[15\].slot_reg._069_/ZN
 res_mem_inst.slot\[15\].slot_reg._070_/ZN
 res_mem_inst.slot\[15\].slot_reg._071_/ZN
 res_mem_inst.slot\[15\].slot_reg._072_/ZN
 res_mem_inst.slot\[15\].slot_reg._073_/ZN
 res_mem_inst.slot\[15\].slot_reg._074_/ZN
 res_mem_inst.slot\[15\].slot_reg._075_/ZN
 res_mem_inst.slot\[15\].slot_reg._076_/ZN
 res_mem_inst.slot\[15\].slot_reg._077_/ZN
 res_mem_inst.slot\[15\].slot_reg._077__620/ZN
 res_mem_inst.slot\[15\].slot_reg._078_/ZN
 res_mem_inst.slot\[15\].slot_reg._079_/ZN
 res_mem_inst.slot\[15\].slot_reg._080_/Z
 res_mem_inst.slot\[15\].slot_reg._081_/ZN
 res_mem_inst.slot\[15\].slot_reg._082_/ZN
 res_mem_inst.slot\[15\].slot_reg._083_/ZN
 res_mem_inst.slot\[15\].slot_reg._084_/ZN
 res_mem_inst.slot\[15\].slot_reg._085_/ZN
 res_mem_inst.slot\[15\].slot_reg._086_/ZN
 res_mem_inst.slot\[15\].slot_reg._087_/ZN
 res_mem_inst.slot\[15\].slot_reg._088_/ZN
 res_mem_inst.slot\[15\].slot_reg._089_/ZN
 res_mem_inst.slot\[15\].slot_reg._090_/ZN
 res_mem_inst.slot\[15\].slot_reg._091_/ZN
 res_mem_inst.slot\[15\].slot_reg._092_/ZN
 res_mem_inst.slot\[15\].slot_reg._093_/ZN
 res_mem_inst.slot\[15\].slot_reg._094_/ZN
 res_mem_inst.slot\[15\].slot_reg._095_/ZN
 res_mem_inst.slot\[15\].slot_reg._096_/ZN
 res_mem_inst.slot\[15\].slot_reg._097_/ZN
 res_mem_inst.slot\[15\].slot_reg._098_/ZN
 res_mem_inst.slot\[15\].slot_reg._099_/ZN
 res_mem_inst.slot\[15\].slot_reg._100_/ZN
 res_mem_inst.slot\[15\].slot_reg._101_/ZN
 res_mem_inst.slot\[15\].slot_reg._102_/ZN
 res_mem_inst.slot\[15\].slot_reg._103_/ZN
 res_mem_inst.slot\[15\].slot_reg._104_/ZN
 res_mem_inst.slot\[15\].slot_reg._105_/ZN
 res_mem_inst.slot\[15\].slot_reg._106_/ZN
 res_mem_inst.slot\[15\].slot_reg._107_/ZN
 res_mem_inst.slot\[15\].slot_reg._108_/ZN
 res_mem_inst.slot\[15\].slot_reg._109_/ZN
 res_mem_inst.slot\[15\].slot_reg._110_/ZN
 res_mem_inst.slot\[15\].slot_reg._111_/ZN
 res_mem_inst.slot\[15\].slot_reg._112_/ZN
 res_mem_inst.slot\[15\].slot_reg._113_/ZN
 res_mem_inst.slot\[15\].slot_reg._114_/ZN
 res_mem_inst.slot\[15\].slot_reg._115_/ZN
 res_mem_inst.slot\[15\].slot_reg._116_/ZN
 res_mem_inst.slot\[15\].slot_reg._117_/Q
 res_mem_inst.slot\[15\].slot_reg._118_/Q
 res_mem_inst.slot\[15\].slot_reg._119_/Q
 res_mem_inst.slot\[15\].slot_reg._120_/Q
 res_mem_inst.slot\[15\].slot_reg._121_/Q
 res_mem_inst.slot\[15\].slot_reg._122_/Q
 res_mem_inst.slot\[15\].slot_reg._123_/Q
 res_mem_inst.slot\[15\].slot_reg._124_/Q
 res_mem_inst.slot\[15\].slot_reg._125_/Q
 res_mem_inst.slot\[15\].slot_reg._126_/Q
 res_mem_inst.slot\[15\].slot_reg._127_/Q
 res_mem_inst.slot\[15\].slot_reg._128_/Q
 res_mem_inst.slot\[1\].slot_reg._053_/ZN
 res_mem_inst.slot\[1\].slot_reg._054_/ZN
 res_mem_inst.slot\[1\].slot_reg._055_/ZN
 res_mem_inst.slot\[1\].slot_reg._056_/ZN
 res_mem_inst.slot\[1\].slot_reg._057_/ZN
 res_mem_inst.slot\[1\].slot_reg._058_/ZN
 res_mem_inst.slot\[1\].slot_reg._059_/ZN
 res_mem_inst.slot\[1\].slot_reg._060_/ZN
 res_mem_inst.slot\[1\].slot_reg._061_/ZN
 res_mem_inst.slot\[1\].slot_reg._062_/ZN
 res_mem_inst.slot\[1\].slot_reg._063_/ZN
 res_mem_inst.slot\[1\].slot_reg._064_/ZN
 res_mem_inst.slot\[1\].slot_reg._065_/ZN
 res_mem_inst.slot\[1\].slot_reg._066_/ZN
 res_mem_inst.slot\[1\].slot_reg._067_/ZN
 res_mem_inst.slot\[1\].slot_reg._068_/ZN
 res_mem_inst.slot\[1\].slot_reg._069_/ZN
 res_mem_inst.slot\[1\].slot_reg._070_/ZN
 res_mem_inst.slot\[1\].slot_reg._071_/ZN
 res_mem_inst.slot\[1\].slot_reg._072_/ZN
 res_mem_inst.slot\[1\].slot_reg._073_/ZN
 res_mem_inst.slot\[1\].slot_reg._074_/ZN
 res_mem_inst.slot\[1\].slot_reg._075_/ZN
 res_mem_inst.slot\[1\].slot_reg._076_/ZN
 res_mem_inst.slot\[1\].slot_reg._077_/ZN
 res_mem_inst.slot\[1\].slot_reg._077__621/ZN
 res_mem_inst.slot\[1\].slot_reg._078_/ZN
 res_mem_inst.slot\[1\].slot_reg._079_/ZN
 res_mem_inst.slot\[1\].slot_reg._080_/Z
 res_mem_inst.slot\[1\].slot_reg._081_/ZN
 res_mem_inst.slot\[1\].slot_reg._082_/ZN
 res_mem_inst.slot\[1\].slot_reg._083_/ZN
 res_mem_inst.slot\[1\].slot_reg._084_/ZN
 res_mem_inst.slot\[1\].slot_reg._085_/ZN
 res_mem_inst.slot\[1\].slot_reg._086_/ZN
 res_mem_inst.slot\[1\].slot_reg._087_/ZN
 res_mem_inst.slot\[1\].slot_reg._088_/ZN
 res_mem_inst.slot\[1\].slot_reg._089_/ZN
 res_mem_inst.slot\[1\].slot_reg._090_/ZN
 res_mem_inst.slot\[1\].slot_reg._091_/ZN
 res_mem_inst.slot\[1\].slot_reg._092_/ZN
 res_mem_inst.slot\[1\].slot_reg._093_/ZN
 res_mem_inst.slot\[1\].slot_reg._094_/ZN
 res_mem_inst.slot\[1\].slot_reg._095_/ZN
 res_mem_inst.slot\[1\].slot_reg._096_/ZN
 res_mem_inst.slot\[1\].slot_reg._097_/ZN
 res_mem_inst.slot\[1\].slot_reg._098_/ZN
 res_mem_inst.slot\[1\].slot_reg._099_/ZN
 res_mem_inst.slot\[1\].slot_reg._100_/ZN
 res_mem_inst.slot\[1\].slot_reg._101_/ZN
 res_mem_inst.slot\[1\].slot_reg._102_/ZN
 res_mem_inst.slot\[1\].slot_reg._103_/ZN
 res_mem_inst.slot\[1\].slot_reg._104_/ZN
 res_mem_inst.slot\[1\].slot_reg._105_/ZN
 res_mem_inst.slot\[1\].slot_reg._106_/ZN
 res_mem_inst.slot\[1\].slot_reg._107_/ZN
 res_mem_inst.slot\[1\].slot_reg._108_/ZN
 res_mem_inst.slot\[1\].slot_reg._109_/ZN
 res_mem_inst.slot\[1\].slot_reg._110_/ZN
 res_mem_inst.slot\[1\].slot_reg._111_/ZN
 res_mem_inst.slot\[1\].slot_reg._112_/ZN
 res_mem_inst.slot\[1\].slot_reg._113_/ZN
 res_mem_inst.slot\[1\].slot_reg._114_/ZN
 res_mem_inst.slot\[1\].slot_reg._115_/ZN
 res_mem_inst.slot\[1\].slot_reg._116_/ZN
 res_mem_inst.slot\[1\].slot_reg._117_/Q
 res_mem_inst.slot\[1\].slot_reg._118_/Q
 res_mem_inst.slot\[1\].slot_reg._119_/Q
 res_mem_inst.slot\[1\].slot_reg._120_/Q
 res_mem_inst.slot\[1\].slot_reg._121_/Q
 res_mem_inst.slot\[1\].slot_reg._122_/Q
 res_mem_inst.slot\[1\].slot_reg._123_/Q
 res_mem_inst.slot\[1\].slot_reg._124_/Q
 res_mem_inst.slot\[1\].slot_reg._125_/Q
 res_mem_inst.slot\[1\].slot_reg._126_/Q
 res_mem_inst.slot\[1\].slot_reg._127_/Q
 res_mem_inst.slot\[1\].slot_reg._128_/Q
 res_mem_inst.slot\[2\].slot_reg._053_/ZN
 res_mem_inst.slot\[2\].slot_reg._054_/ZN
 res_mem_inst.slot\[2\].slot_reg._055_/ZN
 res_mem_inst.slot\[2\].slot_reg._056_/ZN
 res_mem_inst.slot\[2\].slot_reg._057_/ZN
 res_mem_inst.slot\[2\].slot_reg._058_/ZN
 res_mem_inst.slot\[2\].slot_reg._059_/ZN
 res_mem_inst.slot\[2\].slot_reg._060_/ZN
 res_mem_inst.slot\[2\].slot_reg._061_/ZN
 res_mem_inst.slot\[2\].slot_reg._062_/ZN
 res_mem_inst.slot\[2\].slot_reg._063_/ZN
 res_mem_inst.slot\[2\].slot_reg._064_/ZN
 res_mem_inst.slot\[2\].slot_reg._065_/ZN
 res_mem_inst.slot\[2\].slot_reg._066_/ZN
 res_mem_inst.slot\[2\].slot_reg._067_/ZN
 res_mem_inst.slot\[2\].slot_reg._068_/ZN
 res_mem_inst.slot\[2\].slot_reg._069_/ZN
 res_mem_inst.slot\[2\].slot_reg._070_/ZN
 res_mem_inst.slot\[2\].slot_reg._071_/ZN
 res_mem_inst.slot\[2\].slot_reg._072_/ZN
 res_mem_inst.slot\[2\].slot_reg._073_/ZN
 res_mem_inst.slot\[2\].slot_reg._074_/ZN
 res_mem_inst.slot\[2\].slot_reg._075_/ZN
 res_mem_inst.slot\[2\].slot_reg._076_/ZN
 res_mem_inst.slot\[2\].slot_reg._077_/ZN
 res_mem_inst.slot\[2\].slot_reg._077__622/ZN
 res_mem_inst.slot\[2\].slot_reg._078_/ZN
 res_mem_inst.slot\[2\].slot_reg._079_/ZN
 res_mem_inst.slot\[2\].slot_reg._080_/Z
 res_mem_inst.slot\[2\].slot_reg._081_/ZN
 res_mem_inst.slot\[2\].slot_reg._082_/ZN
 res_mem_inst.slot\[2\].slot_reg._083_/ZN
 res_mem_inst.slot\[2\].slot_reg._084_/ZN
 res_mem_inst.slot\[2\].slot_reg._085_/ZN
 res_mem_inst.slot\[2\].slot_reg._086_/ZN
 res_mem_inst.slot\[2\].slot_reg._087_/ZN
 res_mem_inst.slot\[2\].slot_reg._088_/ZN
 res_mem_inst.slot\[2\].slot_reg._089_/ZN
 res_mem_inst.slot\[2\].slot_reg._090_/ZN
 res_mem_inst.slot\[2\].slot_reg._091_/ZN
 res_mem_inst.slot\[2\].slot_reg._092_/ZN
 res_mem_inst.slot\[2\].slot_reg._093_/ZN
 res_mem_inst.slot\[2\].slot_reg._094_/ZN
 res_mem_inst.slot\[2\].slot_reg._095_/ZN
 res_mem_inst.slot\[2\].slot_reg._096_/ZN
 res_mem_inst.slot\[2\].slot_reg._097_/ZN
 res_mem_inst.slot\[2\].slot_reg._098_/ZN
 res_mem_inst.slot\[2\].slot_reg._099_/ZN
 res_mem_inst.slot\[2\].slot_reg._100_/ZN
 res_mem_inst.slot\[2\].slot_reg._101_/ZN
 res_mem_inst.slot\[2\].slot_reg._102_/ZN
 res_mem_inst.slot\[2\].slot_reg._103_/ZN
 res_mem_inst.slot\[2\].slot_reg._104_/ZN
 res_mem_inst.slot\[2\].slot_reg._105_/ZN
 res_mem_inst.slot\[2\].slot_reg._106_/ZN
 res_mem_inst.slot\[2\].slot_reg._107_/ZN
 res_mem_inst.slot\[2\].slot_reg._108_/ZN
 res_mem_inst.slot\[2\].slot_reg._109_/ZN
 res_mem_inst.slot\[2\].slot_reg._110_/ZN
 res_mem_inst.slot\[2\].slot_reg._111_/ZN
 res_mem_inst.slot\[2\].slot_reg._112_/ZN
 res_mem_inst.slot\[2\].slot_reg._113_/ZN
 res_mem_inst.slot\[2\].slot_reg._114_/ZN
 res_mem_inst.slot\[2\].slot_reg._115_/ZN
 res_mem_inst.slot\[2\].slot_reg._116_/ZN
 res_mem_inst.slot\[2\].slot_reg._117_/Q
 res_mem_inst.slot\[2\].slot_reg._118_/Q
 res_mem_inst.slot\[2\].slot_reg._119_/Q
 res_mem_inst.slot\[2\].slot_reg._120_/Q
 res_mem_inst.slot\[2\].slot_reg._121_/Q
 res_mem_inst.slot\[2\].slot_reg._122_/Q
 res_mem_inst.slot\[2\].slot_reg._123_/Q
 res_mem_inst.slot\[2\].slot_reg._124_/Q
 res_mem_inst.slot\[2\].slot_reg._125_/Q
 res_mem_inst.slot\[2\].slot_reg._126_/Q
 res_mem_inst.slot\[2\].slot_reg._127_/Q
 res_mem_inst.slot\[2\].slot_reg._128_/Q
 res_mem_inst.slot\[3\].slot_reg._053_/ZN
 res_mem_inst.slot\[3\].slot_reg._054_/ZN
 res_mem_inst.slot\[3\].slot_reg._055_/ZN
 res_mem_inst.slot\[3\].slot_reg._056_/ZN
 res_mem_inst.slot\[3\].slot_reg._057_/ZN
 res_mem_inst.slot\[3\].slot_reg._058_/ZN
 res_mem_inst.slot\[3\].slot_reg._059_/ZN
 res_mem_inst.slot\[3\].slot_reg._060_/ZN
 res_mem_inst.slot\[3\].slot_reg._061_/ZN
 res_mem_inst.slot\[3\].slot_reg._062_/ZN
 res_mem_inst.slot\[3\].slot_reg._063_/ZN
 res_mem_inst.slot\[3\].slot_reg._064_/ZN
 res_mem_inst.slot\[3\].slot_reg._065_/ZN
 res_mem_inst.slot\[3\].slot_reg._066_/ZN
 res_mem_inst.slot\[3\].slot_reg._067_/ZN
 res_mem_inst.slot\[3\].slot_reg._068_/ZN
 res_mem_inst.slot\[3\].slot_reg._069_/ZN
 res_mem_inst.slot\[3\].slot_reg._070_/ZN
 res_mem_inst.slot\[3\].slot_reg._071_/ZN
 res_mem_inst.slot\[3\].slot_reg._072_/ZN
 res_mem_inst.slot\[3\].slot_reg._073_/ZN
 res_mem_inst.slot\[3\].slot_reg._074_/ZN
 res_mem_inst.slot\[3\].slot_reg._075_/ZN
 res_mem_inst.slot\[3\].slot_reg._076_/ZN
 res_mem_inst.slot\[3\].slot_reg._077_/ZN
 res_mem_inst.slot\[3\].slot_reg._077__623/ZN
 res_mem_inst.slot\[3\].slot_reg._078_/ZN
 res_mem_inst.slot\[3\].slot_reg._079_/ZN
 res_mem_inst.slot\[3\].slot_reg._080_/Z
 res_mem_inst.slot\[3\].slot_reg._081_/ZN
 res_mem_inst.slot\[3\].slot_reg._082_/ZN
 res_mem_inst.slot\[3\].slot_reg._083_/ZN
 res_mem_inst.slot\[3\].slot_reg._084_/ZN
 res_mem_inst.slot\[3\].slot_reg._085_/ZN
 res_mem_inst.slot\[3\].slot_reg._086_/ZN
 res_mem_inst.slot\[3\].slot_reg._087_/ZN
 res_mem_inst.slot\[3\].slot_reg._088_/ZN
 res_mem_inst.slot\[3\].slot_reg._089_/ZN
 res_mem_inst.slot\[3\].slot_reg._090_/ZN
 res_mem_inst.slot\[3\].slot_reg._091_/ZN
 res_mem_inst.slot\[3\].slot_reg._092_/ZN
 res_mem_inst.slot\[3\].slot_reg._093_/ZN
 res_mem_inst.slot\[3\].slot_reg._094_/ZN
 res_mem_inst.slot\[3\].slot_reg._095_/ZN
 res_mem_inst.slot\[3\].slot_reg._096_/ZN
 res_mem_inst.slot\[3\].slot_reg._097_/ZN
 res_mem_inst.slot\[3\].slot_reg._098_/ZN
 res_mem_inst.slot\[3\].slot_reg._099_/ZN
 res_mem_inst.slot\[3\].slot_reg._100_/ZN
 res_mem_inst.slot\[3\].slot_reg._101_/ZN
 res_mem_inst.slot\[3\].slot_reg._102_/ZN
 res_mem_inst.slot\[3\].slot_reg._103_/ZN
 res_mem_inst.slot\[3\].slot_reg._104_/ZN
 res_mem_inst.slot\[3\].slot_reg._105_/ZN
 res_mem_inst.slot\[3\].slot_reg._106_/ZN
 res_mem_inst.slot\[3\].slot_reg._107_/ZN
 res_mem_inst.slot\[3\].slot_reg._108_/ZN
 res_mem_inst.slot\[3\].slot_reg._109_/ZN
 res_mem_inst.slot\[3\].slot_reg._110_/ZN
 res_mem_inst.slot\[3\].slot_reg._111_/ZN
 res_mem_inst.slot\[3\].slot_reg._112_/ZN
 res_mem_inst.slot\[3\].slot_reg._113_/ZN
 res_mem_inst.slot\[3\].slot_reg._114_/ZN
 res_mem_inst.slot\[3\].slot_reg._115_/ZN
 res_mem_inst.slot\[3\].slot_reg._116_/ZN
 res_mem_inst.slot\[3\].slot_reg._117_/Q
 res_mem_inst.slot\[3\].slot_reg._118_/Q
 res_mem_inst.slot\[3\].slot_reg._119_/Q
 res_mem_inst.slot\[3\].slot_reg._120_/Q
 res_mem_inst.slot\[3\].slot_reg._121_/Q
 res_mem_inst.slot\[3\].slot_reg._122_/Q
 res_mem_inst.slot\[3\].slot_reg._123_/Q
 res_mem_inst.slot\[3\].slot_reg._124_/Q
 res_mem_inst.slot\[3\].slot_reg._125_/Q
 res_mem_inst.slot\[3\].slot_reg._126_/Q
 res_mem_inst.slot\[3\].slot_reg._127_/Q
 res_mem_inst.slot\[3\].slot_reg._128_/Q
 res_mem_inst.slot\[4\].slot_reg._053_/ZN
 res_mem_inst.slot\[4\].slot_reg._054_/ZN
 res_mem_inst.slot\[4\].slot_reg._055_/ZN
 res_mem_inst.slot\[4\].slot_reg._056_/ZN
 res_mem_inst.slot\[4\].slot_reg._057_/ZN
 res_mem_inst.slot\[4\].slot_reg._058_/ZN
 res_mem_inst.slot\[4\].slot_reg._059_/ZN
 res_mem_inst.slot\[4\].slot_reg._060_/ZN
 res_mem_inst.slot\[4\].slot_reg._061_/ZN
 res_mem_inst.slot\[4\].slot_reg._062_/ZN
 res_mem_inst.slot\[4\].slot_reg._063_/ZN
 res_mem_inst.slot\[4\].slot_reg._064_/ZN
 res_mem_inst.slot\[4\].slot_reg._065_/ZN
 res_mem_inst.slot\[4\].slot_reg._066_/ZN
 res_mem_inst.slot\[4\].slot_reg._067_/ZN
 res_mem_inst.slot\[4\].slot_reg._068_/ZN
 res_mem_inst.slot\[4\].slot_reg._069_/ZN
 res_mem_inst.slot\[4\].slot_reg._070_/ZN
 res_mem_inst.slot\[4\].slot_reg._071_/ZN
 res_mem_inst.slot\[4\].slot_reg._072_/ZN
 res_mem_inst.slot\[4\].slot_reg._073_/ZN
 res_mem_inst.slot\[4\].slot_reg._074_/ZN
 res_mem_inst.slot\[4\].slot_reg._075_/ZN
 res_mem_inst.slot\[4\].slot_reg._076_/ZN
 res_mem_inst.slot\[4\].slot_reg._077_/ZN
 res_mem_inst.slot\[4\].slot_reg._077__624/ZN
 res_mem_inst.slot\[4\].slot_reg._078_/ZN
 res_mem_inst.slot\[4\].slot_reg._079_/ZN
 res_mem_inst.slot\[4\].slot_reg._080_/Z
 res_mem_inst.slot\[4\].slot_reg._081_/ZN
 res_mem_inst.slot\[4\].slot_reg._082_/ZN
 res_mem_inst.slot\[4\].slot_reg._083_/ZN
 res_mem_inst.slot\[4\].slot_reg._084_/ZN
 res_mem_inst.slot\[4\].slot_reg._085_/ZN
 res_mem_inst.slot\[4\].slot_reg._086_/ZN
 res_mem_inst.slot\[4\].slot_reg._087_/ZN
 res_mem_inst.slot\[4\].slot_reg._088_/ZN
 res_mem_inst.slot\[4\].slot_reg._089_/ZN
 res_mem_inst.slot\[4\].slot_reg._090_/ZN
 res_mem_inst.slot\[4\].slot_reg._091_/ZN
 res_mem_inst.slot\[4\].slot_reg._092_/ZN
 res_mem_inst.slot\[4\].slot_reg._093_/ZN
 res_mem_inst.slot\[4\].slot_reg._094_/ZN
 res_mem_inst.slot\[4\].slot_reg._095_/ZN
 res_mem_inst.slot\[4\].slot_reg._096_/ZN
 res_mem_inst.slot\[4\].slot_reg._097_/ZN
 res_mem_inst.slot\[4\].slot_reg._098_/ZN
 res_mem_inst.slot\[4\].slot_reg._099_/ZN
 res_mem_inst.slot\[4\].slot_reg._100_/ZN
 res_mem_inst.slot\[4\].slot_reg._101_/ZN
 res_mem_inst.slot\[4\].slot_reg._102_/ZN
 res_mem_inst.slot\[4\].slot_reg._103_/ZN
 res_mem_inst.slot\[4\].slot_reg._104_/ZN
 res_mem_inst.slot\[4\].slot_reg._105_/ZN
 res_mem_inst.slot\[4\].slot_reg._106_/ZN
 res_mem_inst.slot\[4\].slot_reg._107_/ZN
 res_mem_inst.slot\[4\].slot_reg._108_/ZN
 res_mem_inst.slot\[4\].slot_reg._109_/ZN
 res_mem_inst.slot\[4\].slot_reg._110_/ZN
 res_mem_inst.slot\[4\].slot_reg._111_/ZN
 res_mem_inst.slot\[4\].slot_reg._112_/ZN
 res_mem_inst.slot\[4\].slot_reg._113_/ZN
 res_mem_inst.slot\[4\].slot_reg._114_/ZN
 res_mem_inst.slot\[4\].slot_reg._115_/ZN
 res_mem_inst.slot\[4\].slot_reg._116_/ZN
 res_mem_inst.slot\[4\].slot_reg._117_/Q
 res_mem_inst.slot\[4\].slot_reg._118_/Q
 res_mem_inst.slot\[4\].slot_reg._119_/Q
 res_mem_inst.slot\[4\].slot_reg._120_/Q
 res_mem_inst.slot\[4\].slot_reg._121_/Q
 res_mem_inst.slot\[4\].slot_reg._122_/Q
 res_mem_inst.slot\[4\].slot_reg._123_/Q
 res_mem_inst.slot\[4\].slot_reg._124_/Q
 res_mem_inst.slot\[4\].slot_reg._125_/Q
 res_mem_inst.slot\[4\].slot_reg._126_/Q
 res_mem_inst.slot\[4\].slot_reg._127_/Q
 res_mem_inst.slot\[4\].slot_reg._128_/Q
 res_mem_inst.slot\[5\].slot_reg._053_/ZN
 res_mem_inst.slot\[5\].slot_reg._054_/ZN
 res_mem_inst.slot\[5\].slot_reg._055_/ZN
 res_mem_inst.slot\[5\].slot_reg._056_/ZN
 res_mem_inst.slot\[5\].slot_reg._057_/ZN
 res_mem_inst.slot\[5\].slot_reg._058_/ZN
 res_mem_inst.slot\[5\].slot_reg._059_/ZN
 res_mem_inst.slot\[5\].slot_reg._060_/ZN
 res_mem_inst.slot\[5\].slot_reg._061_/ZN
 res_mem_inst.slot\[5\].slot_reg._062_/ZN
 res_mem_inst.slot\[5\].slot_reg._063_/ZN
 res_mem_inst.slot\[5\].slot_reg._064_/ZN
 res_mem_inst.slot\[5\].slot_reg._065_/ZN
 res_mem_inst.slot\[5\].slot_reg._066_/ZN
 res_mem_inst.slot\[5\].slot_reg._067_/ZN
 res_mem_inst.slot\[5\].slot_reg._068_/ZN
 res_mem_inst.slot\[5\].slot_reg._069_/ZN
 res_mem_inst.slot\[5\].slot_reg._070_/ZN
 res_mem_inst.slot\[5\].slot_reg._071_/ZN
 res_mem_inst.slot\[5\].slot_reg._072_/ZN
 res_mem_inst.slot\[5\].slot_reg._073_/ZN
 res_mem_inst.slot\[5\].slot_reg._074_/ZN
 res_mem_inst.slot\[5\].slot_reg._075_/ZN
 res_mem_inst.slot\[5\].slot_reg._076_/ZN
 res_mem_inst.slot\[5\].slot_reg._077_/ZN
 res_mem_inst.slot\[5\].slot_reg._077__625/ZN
 res_mem_inst.slot\[5\].slot_reg._078_/ZN
 res_mem_inst.slot\[5\].slot_reg._079_/ZN
 res_mem_inst.slot\[5\].slot_reg._080_/Z
 res_mem_inst.slot\[5\].slot_reg._081_/ZN
 res_mem_inst.slot\[5\].slot_reg._082_/ZN
 res_mem_inst.slot\[5\].slot_reg._083_/ZN
 res_mem_inst.slot\[5\].slot_reg._084_/ZN
 res_mem_inst.slot\[5\].slot_reg._085_/ZN
 res_mem_inst.slot\[5\].slot_reg._086_/ZN
 res_mem_inst.slot\[5\].slot_reg._087_/ZN
 res_mem_inst.slot\[5\].slot_reg._088_/ZN
 res_mem_inst.slot\[5\].slot_reg._089_/ZN
 res_mem_inst.slot\[5\].slot_reg._090_/ZN
 res_mem_inst.slot\[5\].slot_reg._091_/ZN
 res_mem_inst.slot\[5\].slot_reg._092_/ZN
 res_mem_inst.slot\[5\].slot_reg._093_/ZN
 res_mem_inst.slot\[5\].slot_reg._094_/ZN
 res_mem_inst.slot\[5\].slot_reg._095_/ZN
 res_mem_inst.slot\[5\].slot_reg._096_/ZN
 res_mem_inst.slot\[5\].slot_reg._097_/ZN
 res_mem_inst.slot\[5\].slot_reg._098_/ZN
 res_mem_inst.slot\[5\].slot_reg._099_/ZN
 res_mem_inst.slot\[5\].slot_reg._100_/ZN
 res_mem_inst.slot\[5\].slot_reg._101_/ZN
 res_mem_inst.slot\[5\].slot_reg._102_/ZN
 res_mem_inst.slot\[5\].slot_reg._103_/ZN
 res_mem_inst.slot\[5\].slot_reg._104_/ZN
 res_mem_inst.slot\[5\].slot_reg._105_/ZN
 res_mem_inst.slot\[5\].slot_reg._106_/ZN
 res_mem_inst.slot\[5\].slot_reg._107_/ZN
 res_mem_inst.slot\[5\].slot_reg._108_/ZN
 res_mem_inst.slot\[5\].slot_reg._109_/ZN
 res_mem_inst.slot\[5\].slot_reg._110_/ZN
 res_mem_inst.slot\[5\].slot_reg._111_/ZN
 res_mem_inst.slot\[5\].slot_reg._112_/ZN
 res_mem_inst.slot\[5\].slot_reg._113_/ZN
 res_mem_inst.slot\[5\].slot_reg._114_/ZN
 res_mem_inst.slot\[5\].slot_reg._115_/ZN
 res_mem_inst.slot\[5\].slot_reg._116_/ZN
 res_mem_inst.slot\[5\].slot_reg._117_/Q
 res_mem_inst.slot\[5\].slot_reg._118_/Q
 res_mem_inst.slot\[5\].slot_reg._119_/Q
 res_mem_inst.slot\[5\].slot_reg._120_/Q
 res_mem_inst.slot\[5\].slot_reg._121_/Q
 res_mem_inst.slot\[5\].slot_reg._122_/Q
 res_mem_inst.slot\[5\].slot_reg._123_/Q
 res_mem_inst.slot\[5\].slot_reg._124_/Q
 res_mem_inst.slot\[5\].slot_reg._125_/Q
 res_mem_inst.slot\[5\].slot_reg._126_/Q
 res_mem_inst.slot\[5\].slot_reg._127_/Q
 res_mem_inst.slot\[5\].slot_reg._128_/Q
 res_mem_inst.slot\[6\].slot_reg._053_/ZN
 res_mem_inst.slot\[6\].slot_reg._054_/ZN
 res_mem_inst.slot\[6\].slot_reg._055_/ZN
 res_mem_inst.slot\[6\].slot_reg._056_/ZN
 res_mem_inst.slot\[6\].slot_reg._057_/ZN
 res_mem_inst.slot\[6\].slot_reg._058_/ZN
 res_mem_inst.slot\[6\].slot_reg._059_/ZN
 res_mem_inst.slot\[6\].slot_reg._060_/ZN
 res_mem_inst.slot\[6\].slot_reg._061_/ZN
 res_mem_inst.slot\[6\].slot_reg._062_/ZN
 res_mem_inst.slot\[6\].slot_reg._063_/ZN
 res_mem_inst.slot\[6\].slot_reg._064_/ZN
 res_mem_inst.slot\[6\].slot_reg._065_/ZN
 res_mem_inst.slot\[6\].slot_reg._066_/ZN
 res_mem_inst.slot\[6\].slot_reg._067_/ZN
 res_mem_inst.slot\[6\].slot_reg._068_/ZN
 res_mem_inst.slot\[6\].slot_reg._069_/ZN
 res_mem_inst.slot\[6\].slot_reg._070_/ZN
 res_mem_inst.slot\[6\].slot_reg._071_/ZN
 res_mem_inst.slot\[6\].slot_reg._072_/ZN
 res_mem_inst.slot\[6\].slot_reg._073_/ZN
 res_mem_inst.slot\[6\].slot_reg._074_/ZN
 res_mem_inst.slot\[6\].slot_reg._075_/ZN
 res_mem_inst.slot\[6\].slot_reg._076_/ZN
 res_mem_inst.slot\[6\].slot_reg._077_/ZN
 res_mem_inst.slot\[6\].slot_reg._077__626/ZN
 res_mem_inst.slot\[6\].slot_reg._078_/ZN
 res_mem_inst.slot\[6\].slot_reg._079_/ZN
 res_mem_inst.slot\[6\].slot_reg._080_/Z
 res_mem_inst.slot\[6\].slot_reg._081_/ZN
 res_mem_inst.slot\[6\].slot_reg._082_/ZN
 res_mem_inst.slot\[6\].slot_reg._083_/ZN
 res_mem_inst.slot\[6\].slot_reg._084_/ZN
 res_mem_inst.slot\[6\].slot_reg._085_/ZN
 res_mem_inst.slot\[6\].slot_reg._086_/ZN
 res_mem_inst.slot\[6\].slot_reg._087_/ZN
 res_mem_inst.slot\[6\].slot_reg._088_/ZN
 res_mem_inst.slot\[6\].slot_reg._089_/ZN
 res_mem_inst.slot\[6\].slot_reg._090_/ZN
 res_mem_inst.slot\[6\].slot_reg._091_/ZN
 res_mem_inst.slot\[6\].slot_reg._092_/ZN
 res_mem_inst.slot\[6\].slot_reg._093_/ZN
 res_mem_inst.slot\[6\].slot_reg._094_/ZN
 res_mem_inst.slot\[6\].slot_reg._095_/ZN
 res_mem_inst.slot\[6\].slot_reg._096_/ZN
 res_mem_inst.slot\[6\].slot_reg._097_/ZN
 res_mem_inst.slot\[6\].slot_reg._098_/ZN
 res_mem_inst.slot\[6\].slot_reg._099_/ZN
 res_mem_inst.slot\[6\].slot_reg._100_/ZN
 res_mem_inst.slot\[6\].slot_reg._101_/ZN
 res_mem_inst.slot\[6\].slot_reg._102_/ZN
 res_mem_inst.slot\[6\].slot_reg._103_/ZN
 res_mem_inst.slot\[6\].slot_reg._104_/ZN
 res_mem_inst.slot\[6\].slot_reg._105_/ZN
 res_mem_inst.slot\[6\].slot_reg._106_/ZN
 res_mem_inst.slot\[6\].slot_reg._107_/ZN
 res_mem_inst.slot\[6\].slot_reg._108_/ZN
 res_mem_inst.slot\[6\].slot_reg._109_/ZN
 res_mem_inst.slot\[6\].slot_reg._110_/ZN
 res_mem_inst.slot\[6\].slot_reg._111_/ZN
 res_mem_inst.slot\[6\].slot_reg._112_/ZN
 res_mem_inst.slot\[6\].slot_reg._113_/ZN
 res_mem_inst.slot\[6\].slot_reg._114_/ZN
 res_mem_inst.slot\[6\].slot_reg._115_/ZN
 res_mem_inst.slot\[6\].slot_reg._116_/ZN
 res_mem_inst.slot\[6\].slot_reg._117_/Q
 res_mem_inst.slot\[6\].slot_reg._118_/Q
 res_mem_inst.slot\[6\].slot_reg._119_/Q
 res_mem_inst.slot\[6\].slot_reg._120_/Q
 res_mem_inst.slot\[6\].slot_reg._121_/Q
 res_mem_inst.slot\[6\].slot_reg._122_/Q
 res_mem_inst.slot\[6\].slot_reg._123_/Q
 res_mem_inst.slot\[6\].slot_reg._124_/Q
 res_mem_inst.slot\[6\].slot_reg._125_/Q
 res_mem_inst.slot\[6\].slot_reg._126_/Q
 res_mem_inst.slot\[6\].slot_reg._127_/Q
 res_mem_inst.slot\[6\].slot_reg._128_/Q
 res_mem_inst.slot\[7\].slot_reg._053_/ZN
 res_mem_inst.slot\[7\].slot_reg._054_/ZN
 res_mem_inst.slot\[7\].slot_reg._055_/ZN
 res_mem_inst.slot\[7\].slot_reg._056_/ZN
 res_mem_inst.slot\[7\].slot_reg._057_/ZN
 res_mem_inst.slot\[7\].slot_reg._058_/ZN
 res_mem_inst.slot\[7\].slot_reg._059_/ZN
 res_mem_inst.slot\[7\].slot_reg._060_/ZN
 res_mem_inst.slot\[7\].slot_reg._061_/ZN
 res_mem_inst.slot\[7\].slot_reg._062_/ZN
 res_mem_inst.slot\[7\].slot_reg._063_/ZN
 res_mem_inst.slot\[7\].slot_reg._064_/ZN
 res_mem_inst.slot\[7\].slot_reg._065_/ZN
 res_mem_inst.slot\[7\].slot_reg._066_/ZN
 res_mem_inst.slot\[7\].slot_reg._067_/ZN
 res_mem_inst.slot\[7\].slot_reg._068_/ZN
 res_mem_inst.slot\[7\].slot_reg._069_/ZN
 res_mem_inst.slot\[7\].slot_reg._070_/ZN
 res_mem_inst.slot\[7\].slot_reg._071_/ZN
 res_mem_inst.slot\[7\].slot_reg._072_/ZN
 res_mem_inst.slot\[7\].slot_reg._073_/ZN
 res_mem_inst.slot\[7\].slot_reg._074_/ZN
 res_mem_inst.slot\[7\].slot_reg._075_/ZN
 res_mem_inst.slot\[7\].slot_reg._076_/ZN
 res_mem_inst.slot\[7\].slot_reg._077_/ZN
 res_mem_inst.slot\[7\].slot_reg._077__627/ZN
 res_mem_inst.slot\[7\].slot_reg._078_/ZN
 res_mem_inst.slot\[7\].slot_reg._079_/ZN
 res_mem_inst.slot\[7\].slot_reg._080_/Z
 res_mem_inst.slot\[7\].slot_reg._081_/ZN
 res_mem_inst.slot\[7\].slot_reg._082_/ZN
 res_mem_inst.slot\[7\].slot_reg._083_/ZN
 res_mem_inst.slot\[7\].slot_reg._084_/ZN
 res_mem_inst.slot\[7\].slot_reg._085_/ZN
 res_mem_inst.slot\[7\].slot_reg._086_/ZN
 res_mem_inst.slot\[7\].slot_reg._087_/ZN
 res_mem_inst.slot\[7\].slot_reg._088_/ZN
 res_mem_inst.slot\[7\].slot_reg._089_/ZN
 res_mem_inst.slot\[7\].slot_reg._090_/ZN
 res_mem_inst.slot\[7\].slot_reg._091_/ZN
 res_mem_inst.slot\[7\].slot_reg._092_/ZN
 res_mem_inst.slot\[7\].slot_reg._093_/ZN
 res_mem_inst.slot\[7\].slot_reg._094_/ZN
 res_mem_inst.slot\[7\].slot_reg._095_/ZN
 res_mem_inst.slot\[7\].slot_reg._096_/ZN
 res_mem_inst.slot\[7\].slot_reg._097_/ZN
 res_mem_inst.slot\[7\].slot_reg._098_/ZN
 res_mem_inst.slot\[7\].slot_reg._099_/ZN
 res_mem_inst.slot\[7\].slot_reg._100_/ZN
 res_mem_inst.slot\[7\].slot_reg._101_/ZN
 res_mem_inst.slot\[7\].slot_reg._102_/ZN
 res_mem_inst.slot\[7\].slot_reg._103_/ZN
 res_mem_inst.slot\[7\].slot_reg._104_/ZN
 res_mem_inst.slot\[7\].slot_reg._105_/ZN
 res_mem_inst.slot\[7\].slot_reg._106_/ZN
 res_mem_inst.slot\[7\].slot_reg._107_/ZN
 res_mem_inst.slot\[7\].slot_reg._108_/ZN
 res_mem_inst.slot\[7\].slot_reg._109_/ZN
 res_mem_inst.slot\[7\].slot_reg._110_/ZN
 res_mem_inst.slot\[7\].slot_reg._111_/ZN
 res_mem_inst.slot\[7\].slot_reg._112_/ZN
 res_mem_inst.slot\[7\].slot_reg._113_/ZN
 res_mem_inst.slot\[7\].slot_reg._114_/ZN
 res_mem_inst.slot\[7\].slot_reg._115_/ZN
 res_mem_inst.slot\[7\].slot_reg._116_/ZN
 res_mem_inst.slot\[7\].slot_reg._117_/Q
 res_mem_inst.slot\[7\].slot_reg._118_/Q
 res_mem_inst.slot\[7\].slot_reg._119_/Q
 res_mem_inst.slot\[7\].slot_reg._120_/Q
 res_mem_inst.slot\[7\].slot_reg._121_/Q
 res_mem_inst.slot\[7\].slot_reg._122_/Q
 res_mem_inst.slot\[7\].slot_reg._123_/Q
 res_mem_inst.slot\[7\].slot_reg._124_/Q
 res_mem_inst.slot\[7\].slot_reg._125_/Q
 res_mem_inst.slot\[7\].slot_reg._126_/Q
 res_mem_inst.slot\[7\].slot_reg._127_/Q
 res_mem_inst.slot\[7\].slot_reg._128_/Q
 res_mem_inst.slot\[8\].slot_reg._053_/ZN
 res_mem_inst.slot\[8\].slot_reg._054_/ZN
 res_mem_inst.slot\[8\].slot_reg._055_/ZN
 res_mem_inst.slot\[8\].slot_reg._056_/ZN
 res_mem_inst.slot\[8\].slot_reg._057_/ZN
 res_mem_inst.slot\[8\].slot_reg._058_/ZN
 res_mem_inst.slot\[8\].slot_reg._059_/ZN
 res_mem_inst.slot\[8\].slot_reg._060_/ZN
 res_mem_inst.slot\[8\].slot_reg._061_/ZN
 res_mem_inst.slot\[8\].slot_reg._062_/ZN
 res_mem_inst.slot\[8\].slot_reg._063_/ZN
 res_mem_inst.slot\[8\].slot_reg._064_/ZN
 res_mem_inst.slot\[8\].slot_reg._065_/ZN
 res_mem_inst.slot\[8\].slot_reg._066_/ZN
 res_mem_inst.slot\[8\].slot_reg._067_/ZN
 res_mem_inst.slot\[8\].slot_reg._068_/ZN
 res_mem_inst.slot\[8\].slot_reg._069_/ZN
 res_mem_inst.slot\[8\].slot_reg._070_/ZN
 res_mem_inst.slot\[8\].slot_reg._071_/ZN
 res_mem_inst.slot\[8\].slot_reg._072_/ZN
 res_mem_inst.slot\[8\].slot_reg._073_/ZN
 res_mem_inst.slot\[8\].slot_reg._074_/ZN
 res_mem_inst.slot\[8\].slot_reg._075_/ZN
 res_mem_inst.slot\[8\].slot_reg._076_/ZN
 res_mem_inst.slot\[8\].slot_reg._077_/ZN
 res_mem_inst.slot\[8\].slot_reg._077__628/ZN
 res_mem_inst.slot\[8\].slot_reg._078_/ZN
 res_mem_inst.slot\[8\].slot_reg._079_/ZN
 res_mem_inst.slot\[8\].slot_reg._080_/Z
 res_mem_inst.slot\[8\].slot_reg._081_/ZN
 res_mem_inst.slot\[8\].slot_reg._082_/ZN
 res_mem_inst.slot\[8\].slot_reg._083_/ZN
 res_mem_inst.slot\[8\].slot_reg._084_/ZN
 res_mem_inst.slot\[8\].slot_reg._085_/ZN
 res_mem_inst.slot\[8\].slot_reg._086_/ZN
 res_mem_inst.slot\[8\].slot_reg._087_/ZN
 res_mem_inst.slot\[8\].slot_reg._088_/ZN
 res_mem_inst.slot\[8\].slot_reg._089_/ZN
 res_mem_inst.slot\[8\].slot_reg._090_/ZN
 res_mem_inst.slot\[8\].slot_reg._091_/ZN
 res_mem_inst.slot\[8\].slot_reg._092_/ZN
 res_mem_inst.slot\[8\].slot_reg._093_/ZN
 res_mem_inst.slot\[8\].slot_reg._094_/ZN
 res_mem_inst.slot\[8\].slot_reg._095_/ZN
 res_mem_inst.slot\[8\].slot_reg._096_/ZN
 res_mem_inst.slot\[8\].slot_reg._097_/ZN
 res_mem_inst.slot\[8\].slot_reg._098_/ZN
 res_mem_inst.slot\[8\].slot_reg._099_/ZN
 res_mem_inst.slot\[8\].slot_reg._100_/ZN
 res_mem_inst.slot\[8\].slot_reg._101_/ZN
 res_mem_inst.slot\[8\].slot_reg._102_/ZN
 res_mem_inst.slot\[8\].slot_reg._103_/ZN
 res_mem_inst.slot\[8\].slot_reg._104_/ZN
 res_mem_inst.slot\[8\].slot_reg._105_/ZN
 res_mem_inst.slot\[8\].slot_reg._106_/ZN
 res_mem_inst.slot\[8\].slot_reg._107_/ZN
 res_mem_inst.slot\[8\].slot_reg._108_/ZN
 res_mem_inst.slot\[8\].slot_reg._109_/ZN
 res_mem_inst.slot\[8\].slot_reg._110_/ZN
 res_mem_inst.slot\[8\].slot_reg._111_/ZN
 res_mem_inst.slot\[8\].slot_reg._112_/ZN
 res_mem_inst.slot\[8\].slot_reg._113_/ZN
 res_mem_inst.slot\[8\].slot_reg._114_/ZN
 res_mem_inst.slot\[8\].slot_reg._115_/ZN
 res_mem_inst.slot\[8\].slot_reg._116_/ZN
 res_mem_inst.slot\[8\].slot_reg._117_/Q
 res_mem_inst.slot\[8\].slot_reg._118_/Q
 res_mem_inst.slot\[8\].slot_reg._119_/Q
 res_mem_inst.slot\[8\].slot_reg._120_/Q
 res_mem_inst.slot\[8\].slot_reg._121_/Q
 res_mem_inst.slot\[8\].slot_reg._122_/Q
 res_mem_inst.slot\[8\].slot_reg._123_/Q
 res_mem_inst.slot\[8\].slot_reg._124_/Q
 res_mem_inst.slot\[8\].slot_reg._125_/Q
 res_mem_inst.slot\[8\].slot_reg._126_/Q
 res_mem_inst.slot\[8\].slot_reg._127_/Q
 res_mem_inst.slot\[8\].slot_reg._128_/Q
 res_mem_inst.slot\[9\].slot_reg._053_/ZN
 res_mem_inst.slot\[9\].slot_reg._054_/ZN
 res_mem_inst.slot\[9\].slot_reg._055_/ZN
 res_mem_inst.slot\[9\].slot_reg._056_/ZN
 res_mem_inst.slot\[9\].slot_reg._057_/ZN
 res_mem_inst.slot\[9\].slot_reg._058_/ZN
 res_mem_inst.slot\[9\].slot_reg._059_/ZN
 res_mem_inst.slot\[9\].slot_reg._060_/ZN
 res_mem_inst.slot\[9\].slot_reg._061_/ZN
 res_mem_inst.slot\[9\].slot_reg._062_/ZN
 res_mem_inst.slot\[9\].slot_reg._063_/ZN
 res_mem_inst.slot\[9\].slot_reg._064_/ZN
 res_mem_inst.slot\[9\].slot_reg._065_/ZN
 res_mem_inst.slot\[9\].slot_reg._066_/ZN
 res_mem_inst.slot\[9\].slot_reg._067_/ZN
 res_mem_inst.slot\[9\].slot_reg._068_/ZN
 res_mem_inst.slot\[9\].slot_reg._069_/ZN
 res_mem_inst.slot\[9\].slot_reg._070_/ZN
 res_mem_inst.slot\[9\].slot_reg._071_/ZN
 res_mem_inst.slot\[9\].slot_reg._072_/ZN
 res_mem_inst.slot\[9\].slot_reg._073_/ZN
 res_mem_inst.slot\[9\].slot_reg._074_/ZN
 res_mem_inst.slot\[9\].slot_reg._075_/ZN
 res_mem_inst.slot\[9\].slot_reg._076_/ZN
 res_mem_inst.slot\[9\].slot_reg._077_/ZN
 res_mem_inst.slot\[9\].slot_reg._077__629/ZN
 res_mem_inst.slot\[9\].slot_reg._078_/ZN
 res_mem_inst.slot\[9\].slot_reg._079_/ZN
 res_mem_inst.slot\[9\].slot_reg._080_/Z
 res_mem_inst.slot\[9\].slot_reg._081_/ZN
 res_mem_inst.slot\[9\].slot_reg._082_/ZN
 res_mem_inst.slot\[9\].slot_reg._083_/ZN
 res_mem_inst.slot\[9\].slot_reg._084_/ZN
 res_mem_inst.slot\[9\].slot_reg._085_/ZN
 res_mem_inst.slot\[9\].slot_reg._086_/ZN
 res_mem_inst.slot\[9\].slot_reg._087_/ZN
 res_mem_inst.slot\[9\].slot_reg._088_/ZN
 res_mem_inst.slot\[9\].slot_reg._089_/ZN
 res_mem_inst.slot\[9\].slot_reg._090_/ZN
 res_mem_inst.slot\[9\].slot_reg._091_/ZN
 res_mem_inst.slot\[9\].slot_reg._092_/ZN
 res_mem_inst.slot\[9\].slot_reg._093_/ZN
 res_mem_inst.slot\[9\].slot_reg._094_/ZN
 res_mem_inst.slot\[9\].slot_reg._095_/ZN
 res_mem_inst.slot\[9\].slot_reg._096_/ZN
 res_mem_inst.slot\[9\].slot_reg._097_/ZN
 res_mem_inst.slot\[9\].slot_reg._098_/ZN
 res_mem_inst.slot\[9\].slot_reg._099_/ZN
 res_mem_inst.slot\[9\].slot_reg._100_/ZN
 res_mem_inst.slot\[9\].slot_reg._101_/ZN
 res_mem_inst.slot\[9\].slot_reg._102_/ZN
 res_mem_inst.slot\[9\].slot_reg._103_/ZN
 res_mem_inst.slot\[9\].slot_reg._104_/ZN
 res_mem_inst.slot\[9\].slot_reg._105_/ZN
 res_mem_inst.slot\[9\].slot_reg._106_/ZN
 res_mem_inst.slot\[9\].slot_reg._107_/ZN
 res_mem_inst.slot\[9\].slot_reg._108_/ZN
 res_mem_inst.slot\[9\].slot_reg._109_/ZN
 res_mem_inst.slot\[9\].slot_reg._110_/ZN
 res_mem_inst.slot\[9\].slot_reg._111_/ZN
 res_mem_inst.slot\[9\].slot_reg._112_/ZN
 res_mem_inst.slot\[9\].slot_reg._113_/ZN
 res_mem_inst.slot\[9\].slot_reg._114_/ZN
 res_mem_inst.slot\[9\].slot_reg._115_/ZN
 res_mem_inst.slot\[9\].slot_reg._116_/ZN
 res_mem_inst.slot\[9\].slot_reg._117_/Q
 res_mem_inst.slot\[9\].slot_reg._118_/Q
 res_mem_inst.slot\[9\].slot_reg._119_/Q
 res_mem_inst.slot\[9\].slot_reg._120_/Q
 res_mem_inst.slot\[9\].slot_reg._121_/Q
 res_mem_inst.slot\[9\].slot_reg._122_/Q
 res_mem_inst.slot\[9\].slot_reg._123_/Q
 res_mem_inst.slot\[9\].slot_reg._124_/Q
 res_mem_inst.slot\[9\].slot_reg._125_/Q
 res_mem_inst.slot\[9\].slot_reg._126_/Q
 res_mem_inst.slot\[9\].slot_reg._127_/Q
 res_mem_inst.slot\[9\].slot_reg._128_/Q
 timer_inst._28_/ZN
 timer_inst._29_/ZN
 timer_inst._30_/ZN
 timer_inst._31_/Z
 timer_inst._32_/Z
 timer_inst._33_/ZN
 timer_inst._34_/ZN
 timer_inst._35_/Z
 timer_inst._36_/ZN
 timer_inst._37_/ZN
 timer_inst._38_/Z
 timer_inst._39_/Z
 timer_inst._40_/ZN
 timer_inst._41_/ZN
 timer_inst._42_/ZN
 timer_inst._43_/ZN
 timer_inst._44_/ZN
 timer_inst._45_/ZN
 timer_inst._46_/ZN
 timer_inst._47_/ZN
 timer_inst._48_/ZN
 timer_inst._49_/ZN
 timer_inst._50_/ZN
 timer_inst._51_/ZN
 timer_inst._52_/ZN
 timer_inst._53_/Z
 timer_inst._54_/ZN
 timer_inst._55_/Z
 timer_inst._56_/ZN
 timer_inst._57_/ZN
 timer_inst._58_/ZN
 timer_inst._59_/Z
 timer_inst._60_/ZN
 timer_inst._61_/Z
 timer_inst._62_/ZN
 timer_inst._63_/ZN
 timer_inst._64_/ZN
 timer_inst._65_/ZN
 timer_inst._66_/ZN
 timer_inst._67_/Q
 timer_inst._68_/Q
 timer_inst._69_/Q
 timer_inst._70_/Q
 timer_inst._71_/Q
 timer_inst._72_/Q
 timer_inst._73_/Q
 timer_inst._74_/Q
 timer_inst._75_/Q
 timer_inst._76_/Q
 timer_inst._77_/Q
 timer_inst._78_/Q
 timer_inst._79_/Q
 timer_inst._80_/Q
 wire15/Z
Found 0 partially unannotated drivers.

===========================================================================
max slew violation count 0
max fanout violation count 0
max cap violation count 0
============================================================================

===========================================================================
check_setup -verbose -unconstrained_endpoints -multiple_clock -no_clock -no_input_delay -loops -generated_clocks
===========================================================================
