net,length_um
net75,2542.84
bgc_0.count_en,1804.52
adder_tree.sum_out\[6\],1543.09
adder_tree.sum_out\[5\],1497.72
adder_tree.sum_out\[7\],1488.05
adder_tree.sum_out\[8\],1417.37
adder_tree.sum_out\[4\],1390.87
net50,1387.81
adder_tree.sum_out\[3\],1334.23
adder_tree.sum_out\[2\],1319.7
clknet_0_clk,1301.73
adder_tree.sum_out\[9\],1276.17
adder_tree.sum_out\[10\],1221.8
mode_row_g1,1204.69
adder_tree.sum_out\[11\],1203.17
adder_tree.sum_out\[1\],1160.77
net9,1130.75
net24,1119.75
mode_row_g0,1118.01
adder_tree.sum_out\[0\],1097.58
net6,1044.95
mode_row_g3,1013.17
net5,978.01
net60,943.36
net32,932.11
net55,913.7
net34,909.87
net62,905.44
net40,887.9
net38,881.6
net54,878.99
net8,863.36
net7,844.88
net18,824.9
net74,823.89
net68,820.48
net41,819.86
net39,815.92
net46,807.85
net45,807.33
net35,796.485
net66,793.92
net53,772.59
bgc_0._01_,769.67
net29,764.64
net64,762.23
net72,756.88
net63,756.17
bgc_4._00_,744.03
net70,742.08
net44,740.85
net37,738.71
net69,735.2
net58,734.49
net36,729.81
net51,729.34
net52,728.93
net49,727.4
net48,722.55
net27,719.38
bgc_1._01_,713.27
net17,711.74
net67,703.84
net73,699.36
clknet_4_12__leaf_clk,694.89
net23,694.36
net16,692.03
net25,690.02
net47,688.51
bgc_12._00_,686.4
clknet_4_15__leaf_clk,684.1
net71,680.51
clknet_4_13__leaf_clk,680.23
clknet_4_6__leaf_clk,678.65
net43,673.67
bgc_6._01_,662.46
bgc_11._00_,649.36
net31,647.86
net65,645.95
clknet_4_2__leaf_clk,640.27
net20,640.13
bgc_7._00_,638.75
net56,637.81
clknet_4_0__leaf_clk,636.63
net30,631.585
net28,631.14
clknet_4_11__leaf_clk,625.1
clknet_4_1__leaf_clk,620.67
clknet_4_7__leaf_clk,608.04
net33,604.37
bgc_0.final_counter.on_switch,602.4
res_mem_inst.out_dec_inst.inc,602.09
clknet_4_4__leaf_clk,601.12
net57,600.48
net21,594.18
bgc_2._01_,591.75
clknet_4_10__leaf_clk,590.89
bgc_5._01_,590.01
bgc_3._01_,589.36
clknet_4_9__leaf_clk,581.98
clknet_4_5__leaf_clk,577.93
clknet_4_8__leaf_clk,573.37
net15,572.67
clk,571.62
net22,571.13
mode_row_g2,569.06
clknet_4_14__leaf_clk,568.03
bgc_10._01_,563.65
bgc_13._01_,562.27
clknet_4_3__leaf_clk,557.49
bgc_13._00_,555.67
bgc_4._01_,550.1
bgc_9._01_,546.34
net13,546.1
mode_col_g2,543.4
bgc_12._01_,542.42
bgc_15._00_,532.94
bgc_8._01_,524.34
bgc_3._00_,523.85
net1,523.29
bgc_8._00_,517.69
net42,513.6
net19,500.06
net14,499.72
bgc_7._01_,498.28
bgc_11._01_,487.54
bgc_15._01_,485.71
bgc_14._01_,484.94
res_mem_inst.group_active\[0\],483.99
net59,479.09
net11,472.13
res_mem_inst._022_,468.97
res_mem_inst.group_active\[1\],467.03
res_mem_inst._023_,462.62
net26,417.75
net61,406.29
mode_col_g3,388.84
res_mem_inst.group_active\[2\],385.88
res_mem_inst._025_,385.12
bgc_0._00_,383.29
net2,360.23
net10,356.21
res_mem_inst._041_,345.21
bgc_10._03_,338.11
res_mem_inst._024_,319.53
bgc_9._00_,311.1
bgc_2._00_,308.35
res_mem_inst.slot\[8\].slot_reg._042_,289.15
bgc_1.comp_col.x,286.77
bgc_1.lfsr_row._25_,284.98
res_mem_inst._008_,281.83
bgc_13.final_counter._16_,279.59
res_mem_inst.slot\[10\].slot_reg._042_,279.27
bgc_2.row_reg._041_,278.72
bgc_2.row_reg._042_,277.39
lfsr_enabler.timer_done,275.62
bgc_12.final_counter._16_,273.63
bgc_10.row_reg._041_,273.37
res_mem_inst.slot\[1\].slot_reg._042_,273.27
bgc_8.lfsr_row._25_,273.22
res_mem_inst.slot\[2\].slot_reg._043_,271.95
bgc_12.lfsr_row._25_,265.48
res_mem_inst.slot\[2\].slot_reg._042_,265.48
bgc_3.lfsr_col._25_,264.49
bgc_15.lfsr_row._25_,263.75
bgc_5.row_reg._041_,263.29
bgc_0.row_reg._042_,262.68
res_mem_inst.slot\[2\].slot_reg._041_,262.17
bgc_6._00_,261.77
res_mem_inst._048_,260.6
bgc_10.row_reg._042_,257.79
res_mem_inst.slot\[11\].slot_reg._041_,257.08
res_mem_inst.slot\[8\].slot_reg._041_,255.71
bgc_14.final_counter._16_,255.66
res_mem_inst.slot\[0\].slot_reg._042_,255.35
res_mem_inst.slot\[6\].slot_reg._042_,254.05
bgc_14.row_reg._042_,253.67
res_mem_inst.slot\[0\].slot_reg._041_,253.31
res_mem_inst.slot\[9\].slot_reg._042_,253.06
res_mem_inst.slot\[6\].slot_reg._041_,252.75
bgc_3.row_reg._041_,252.22
bgc_7.lfsr_row._25_,251.48
bgc_1.row_reg._041_,250.77
bgc_4.lfsr_col._25_,250.56
res_mem_inst.slot\[1\].slot_reg._041_,250.41
bgc_9.lfsr_row._25_,249.44
res_mem_inst._006_,248.74
bgc_5.lfsr_row._25_,247.92
clknet_leaf_68_clk,247.36
res_mem_inst.slot\[3\].slot_reg._041_,246.65
bgc_1.col_reg._042_,246.39
bgc_5.row_reg._042_,245.37
bgc_1.lfsr_col._25_,244.89
res_mem_inst.slot\[10\].slot_reg._041_,244.76
bgc_8.lfsr_col._25_,244.71
res_mem_inst.slot\[5\].slot_reg._041_,244.66
bgc_2.col_reg._041_,244.15
bgc_13.row_reg._042_,244.1
clknet_leaf_116_clk,243.39
bgc_7.row_reg._041_,242.75
bgc_5.lfsr_col._25_,241.6
bgc_13.row_reg._041_,241.48
bgc_13.lfsr_row._25_,239.75
bgc_1.row_reg._042_,238.6
bgc_7.lfsr_col._25_,238.5
res_mem_inst._009_,238.1
bgc_4.row_reg._043_,237.66
bgc_13.lfsr_col._25_,237.53
bgc_6.col_reg._042_,237.12
clknet_leaf_110_clk,236.87
bgc_4.lfsr_row._25_,236.72
res_mem_inst.slot\[9\].slot_reg._041_,236.46
res_mem_inst.slot\[2\].slot_reg.mode\[1\],236.42
bgc_2.row_reg._043_,236.31
clknet_leaf_181_clk,235.37
bgc_2.lfsr_row._25_,234.86
bgc_14.lfsr_col._25_,234.63
bgc_9.lfsr_col._25_,234.58
bgc_4.row_reg._042_,234.35
bgc_3.row_reg._043_,234.17
bgc_2.lfsr_col._25_,233.41
bgc_10.lfsr_col._25_,233.31
res_mem_inst.slot\[8\].slot_reg._043_,233.18
bgc_10.row_reg._043_,231.83
res_mem_inst.slot\[6\].slot_reg._043_,231.42
bgc_6.lfsr_col._25_,231.22
res_mem_inst.slot\[1\].slot_reg._043_,231.07
bgc_2.col_reg._042_,230.71
bgc_4.row_reg._041_,229.59
bgc_10.prev_step_output\[0\],229.19
bgc_8.col_reg._042_,228.78
res_mem_inst._050_,228.17
bgc_6.col_reg._041_,227.91
bgc_5.row_reg._043_,227.78
res_mem_inst.slot\[11\].slot_reg._042_,227.45
bgc_6.row_reg._042_,226.69
bgc_6.row_reg._041_,226.64
bgc_8.col_reg._041_,226.18
bgc_6.lfsr_row._25_,226.08
bgc_14.col_reg._042_,226.03
res_mem_inst.slot\[11\].slot_reg._043_,225.21
res_mem_inst.slot\[14\].slot_reg._043_,225.01
bgc_6.row_reg._043_,224.98
clknet_leaf_125_clk,224.4
bgc_3.row_reg._042_,224.12
bgc_0.lfsr_row._25_,224.09
res_mem_inst.slot\[4\].slot_reg._041_,223.38
bgc_0.row_reg._041_,223.02
bgc_15.lfsr_col._25_,222.77
bgc_9.row_reg._042_,222.41
bgc_2.col_reg._043_,221.85
res_mem_inst.slot\[5\].slot_reg._042_,221.8
bgc_14.lfsr_row._25_,221.75
bgc_3.lfsr_row._25_,221.29
clknet_leaf_17_clk,221.09
clknet_leaf_111_clk,219.92
bgc_12.lfsr_col._25_,219.61
bgc_0.lfsr_col._25_,219.56
clknet_leaf_67_clk,217.98
bgc_11.lfsr_row._25_,217.22
bgc_3.col_reg._041_,215.69
res_mem_inst.slot\[14\].slot_reg._042_,215.69
bgc_9.row_reg._041_,215.64
bgc_11.lfsr_col._25_,214.67
bgc_3.col_reg._042_,214.42
res_mem_inst.slot\[5\].slot_reg._043_,214.24
bgc_7.row_reg._042_,212.79
clknet_leaf_118_clk,212.74
clknet_leaf_33_clk,212.59
bgc_14.col_reg._041_,210.85
bgc_1.col_reg._043_,210.78
clknet_leaf_115_clk,210.45
bgc_14._00_,210.4
bgc_4.final_counter._16_,208.82
bgc_8.col_reg._043_,208.72
clknet_leaf_170_clk,208.31
bgc_1.row_reg._043_,208.26
clknet_leaf_113_clk,208.16
bgc_4.final_counter._09_,208.01
clknet_leaf_150_clk,206.53
res_mem_inst.slot\[10\].slot_reg.mode\[1\],206.38
clknet_leaf_76_clk,206.38
bgc_11.row_reg._041_,206.17
clknet_leaf_77_clk,205.61
clknet_leaf_137_clk,205.36
bgc_3.col_reg._043_,205.11
bgc_12.col_reg._041_,205
clknet_leaf_27_clk,203.38
bgc_12.col_reg._042_,202.45
res_mem_inst.slot\[7\].slot_reg._043_,202.25
bgc_11.row_reg._042_,201.41
res_mem_inst.slot\[0\].slot_reg._043_,201.05
clknet_leaf_104_clk,199.71
bgc_1.col_reg._041_,199.32
clknet_leaf_138_clk,199.15
res_mem_inst.slot\[9\].slot_reg._043_,199
bgc_13.row_reg._043_,198.48
net3,196.76
clknet_leaf_131_clk,196.35
bgc_0.col_reg._043_,195.43
res_mem_inst.slot\[3\].slot_reg._043_,195.17
clknet_leaf_60_clk,194.67
clknet_leaf_154_clk,193.75
bgc_14.col_reg._043_,193.44
bgc_11._03_,193.25
bgc_6.col_reg._043_,193.14
bgc_6.final_counter._16_,192.94
timer_inst._03_,192.07
bgc_7.col_reg._043_,192.02
clknet_leaf_143_clk,191.69
clknet_leaf_160_clk,191.36
res_mem_inst.slot\[7\].slot_reg._041_,191.23
clknet_leaf_179_clk,191.05
bgc_3.comp_row.x,191.01
bgc_2.final_counter._16_,189.99
clknet_leaf_167_clk,188.31
bgc_5.final_counter._16_,186.17
bgc_7.final_counter._16_,186.12
bgc_13.comp_row.x,185.46
clknet_leaf_144_clk,185.45
bgc_9.row_reg._043_,185.04
bgc_9.col_reg._043_,184.79
clknet_leaf_61_clk,184.64
res_mem_inst.slot\[10\].slot_reg._043_,184.36
bgc_9.col_reg._041_,183.72
res_mem_inst.slot\[3\].slot_reg._042_,183.72
bgc_0.comp_row.x,183.17
clknet_leaf_83_clk,182.81
timer_inst._16_,181.99
bgc_9.col_reg._042_,180.67
clknet_leaf_52_clk,178.89
res_mem_inst.slot\[4\].slot_reg._043_,178.73
res_mem_inst.slot\[10\].slot_reg.mode\[0\],177.62
clknet_leaf_23_clk,176.95
bgc_3.final_counter._09_,176.45
res_mem_inst._004_,175.48
res_mem_inst.slot\[14\].slot_reg._041_,175.48
clknet_leaf_136_clk,175.22
clknet_leaf_141_clk,175.07
bgc_6.final_counter._09_,174.87
clknet_leaf_180_clk,173.85
bgc_10.col_reg._043_,172.81
bgc_8.final_counter._16_,171.46
clknet_leaf_49_clk,171.05
bgc_14.row_reg._043_,170.49
bgc_5.col_reg._041_,168.96
bgc_9.lfsr_row.seed_mem\[8\],168.86
res_mem_inst.slot\[7\].slot_reg._042_,168.4
bgc_0.lfsr_row.seed_mem\[10\],168.3
bgc_12.col_reg._043_,167.94
bgc_11.row_reg._043_,167.23
clknet_leaf_41_clk,166.62
clknet_leaf_117_clk,166.31
clknet_leaf_161_clk,165.14
bgc_3.final_counter._16_,163.72
clknet_leaf_55_clk,163.41
clknet_leaf_72_clk,162.8
bgc_12.row_reg._043_,162.24
clknet_leaf_75_clk,162.19
clknet_leaf_62_clk,161.17
bgc_10.lfsr_row._25_,160.97
bgc_11.final_counter._09_,160.87
res_mem_inst.slot\[15\].slot_reg._041_,160.46
bgc_10.col_reg._042_,160.36
bgc_15.row_reg._041_,159.8
clknet_leaf_9_clk,159.8
res_mem_inst.slot\[12\].slot_reg._042_,159.75
bgc_12.comp_row.x,159.65
bgc_14.comp_col.x,159.65
clknet_leaf_98_clk,159.54
clknet_leaf_123_clk,159.34
bgc_9.lfsr_col.seed_mem\[4\],158.83
bgc_15.row_reg._043_,158.63
bgc_8.comp_row.x,157.97
clknet_leaf_28_clk,157.1
bgc_5.col_reg._043_,155.11
bgc_13.col_reg._043_,154.89
clknet_leaf_56_clk,154.3
bgc_14.final_counter._09_,154.2
mode_col_g1,153.87
bgc_12.row_reg._042_,153.84
res_mem_inst.slot\[15\].slot_reg._042_,153.69
adder_tree.r\[12\]\[9\],153.64
res_mem_inst.slot\[12\].slot_reg._043_,153.54
res_mem_inst._012_,152.93
res_mem_inst.slot\[4\].slot_reg._042_,152.9
bgc_7.col_reg._041_,152.16
bgc_14.row_reg._041_,152.11
bgc_0.lfsr_row.seed_mem\[2\],152.06
clknet_leaf_10_clk,151.45
bgc_12.row_reg._041_,151.39
clknet_leaf_147_clk,150.99
clknet_leaf_129_clk,150.53
clknet_leaf_84_clk,149.67
bgc_15.col_reg._042_,149.39
res_mem_inst.slot\[5\].slot_reg.mode\[1\],149.21
clknet_leaf_14_clk,149.21
bgc_7.final_counter._09_,149.11
clknet_3_6_0_clk,149.11
res_mem_inst.slot\[15\].slot_reg._043_,148.98
clknet_leaf_178_clk,148.95
bgc_6.comp_col.x,148.4
bgc_7.row_reg._043_,148.14
bgc_8.row_reg._043_,148.14
adder_tree.r\[10\]\[0\],147.58
bgc_8.row_reg._041_,147.53
net12,147.38
bgc_5.col_reg._042_,147.15
bgc_0.lfsr_col.seed_mem\[3\],147.07
bgc_10.col_reg._041_,147.02
bgc_9.lfsr_row.seed_mem\[3\],147.02
res_mem_inst.slot\[12\].slot_reg._041_,146.97
bgc_11.col_reg._041_,146.87
bgc_0.col_reg._041_,146.21
bgc_11.col_reg._042_,145.9
res_mem_inst.slot\[13\].slot_reg._043_,145.77
clknet_leaf_88_clk,145.34
bgc_7.lfsr_row.seed_mem\[3\],145.24
bgc_0.col_reg._042_,144.73
bgc_0.row_reg._043_,144.73
bgc_4.col_reg._041_,144.6
bgc_8.row_reg._042_,143.66
bgc_13.col_reg._041_,143.56
clknet_3_3_0_clk,143.51
bgc_12.final_counter._09_,142.95
clknet_leaf_8_clk,142.39
clknet_leaf_82_clk,142.03
clknet_leaf_26_clk,141.83
bgc_15.final_counter._16_,139.89
bgc_0.lfsr_col.seed_mem\[5\],139.79
bgc_5.final_counter._09_,139.59
bgc_5._00_,139.28
clknet_leaf_169_clk,139.13
clknet_leaf_162_clk,138.62
clknet_leaf_51_clk,138.57
bgc_15.lfsr_row.seed_mem\[4\],137.96
clknet_3_5_0_clk,137.86
clknet_leaf_21_clk,137.4
clknet_3_4_0_clk,136.23
clknet_3_7_0_clk,136.23
bgc_15.col_reg._041_,135.72
bgc_13.col_reg._042_,135.31
clknet_leaf_46_clk,135.26
res_mem_inst._049_,134.6
clknet_leaf_65_clk,134.14
adder_tree.r\[4\]\[6\],133.81
bgc_11.col_reg._043_,133.58
bgc_15.col_reg._043_,133.35
clknet_leaf_120_clk,133.12
bgc_15.row_reg._042_,132.56
clknet_leaf_152_clk,131.8
clknet_leaf_99_clk,131.44
bgc_6.lfsr_row.seed_mem\[5\],131.34
bgc_10.lfsr_col.seed_mem\[1\],131.24
clknet_leaf_80_clk,131.24
adder_tree._0695_,131.04
bgc_14.lfsr_col.seed_mem\[3\],130.78
bgc_7.col_reg._042_,130.55
bgc_14.comp_row.B\[7\],130.47
adder_tree._0177_,129.97
clknet_3_2_0_clk,129.97
bgc_4.col_reg._043_,129.71
bgc_7.lfsr_row.seed_mem\[8\],129.66
clknet_leaf_91_clk,129.61
clknet_leaf_40_clk,129.51
bgc_9.comp_row.x,129.41
clknet_leaf_87_clk,128.59
bgc_8.final_counter._09_,128.39
bgc_10.comp_row.x,128.29
clknet_leaf_29_clk,127.83
clknet_3_0_0_clk,127.78
res_mem_inst.slot\[13\].slot_reg._041_,127.47
bgc_4.lfsr_row.seed_mem\[9\],126.76
bgc_15.lfsr_row.seed_mem\[9\],125.74
bgc_14.comp_row.B\[11\],125.54
bgc_4.col_reg._042_,125.43
clknet_leaf_158_clk,125.28
bgc_2.lfsr_row.seed_mem\[3\],125.18
bgc_4.comp_row.x,124.88
bgc_13.final_counter._09_,124.57
bgc_13.lfsr_col.seed_mem\[3\],124.52
adder_tree._0198_,124.42
res_mem_inst.slot\[6\].slot_reg.mode\[1\],124.06
bgc_4.lfsr_row.seed_mem\[4\],124.01
bgc_12.lfsr_col.seed_mem\[6\],122.94
bgc_2.lfsr_col.seed_mem\[1\],122.94
bgc_9.final_counter._09_,122.84
bgc_1.lfsr_row.seed_mem\[10\],122.74
bgc_10.lfsr_row.seed_mem\[2\],122.38
clknet_leaf_71_clk,121.82
clknet_leaf_109_clk,121.62
res_mem_inst.slot\[13\].slot_reg._042_,121.46
clknet_leaf_132_clk,121.36
clknet_leaf_32_clk,121.21
adder_tree._0700_,121.11
bgc_13.lfsr_row.seed_mem\[3\],121.11
clknet_3_1_0_clk,121.01
clknet_leaf_133_clk,120.6
clknet_leaf_59_clk,120.55
bgc_13.prev_step_output\[0\],120.09
bgc_14.lfsr_col.seed_mem\[4\],119.58
clknet_leaf_64_clk,119.48
bgc_13.lfsr_row.seed_mem\[8\],119.38
bgc_9.lfsr_col.seed_mem\[6\],119.33
bgc_10.final_counter._09_,118.51
bgc_5.lfsr_col.seed_mem\[4\],117.85
clknet_leaf_37_clk,117.6
bgc_3.lfsr_col.seed_mem\[2\],117.24
bgc_2.lfsr_row.seed_mem\[5\],117.19
clknet_leaf_96_clk,117.04
bgc_8.lfsr_col.seed_mem\[1\],116.68
bgc_10.lfsr_row.seed_mem\[3\],116.27
bgc_3.lfsr_row.seed_mem\[3\],115.15
adder_tree.r\[12\]\[10\],113.98
adder_tree._0473_,113.88
clknet_leaf_155_clk,113.73
bgc_9.lfsr_row.seed_mem\[4\],113.42
bgc_15.final_counter._09_,113.37
clknet_leaf_173_clk,112.81
bgc_12.lfsr_row.seed_mem\[6\],112.3
clknet_leaf_36_clk,112.2
bgc_13.lfsr_row.seed_mem\[10\],112.1
bgc_15.comp_row.x,112.1
clknet_leaf_86_clk,112.1
bgc_6.lfsr_col.seed_mem\[1\],111.54
bgc_14.comp_row.B\[2\],111.18
clknet_leaf_94_clk,110.52
clknet_leaf_165_clk,110.52
bgc_6.lfsr_row.seed_mem\[3\],110.47
clknet_leaf_177_clk,110.01
clknet_leaf_105_clk,109.91
bgc_3.lfsr_row.seed_mem\[5\],109.3
bgc_5.lfsr_row.seed_mem\[8\],109.25
bgc_10.lfsr_row.seed_mem\[5\],108.99
clknet_leaf_89_clk,108.89
bgc_4.lfsr_col.seed_mem\[2\],108.38
bgc_9.lfsr_col.seed_mem\[1\],108.33
clknet_leaf_90_clk,107.31
bgc_14.comp_row.B\[4\],106.6
adder_tree._0538_,106.55
bgc_13.lfsr_row.seed_mem\[2\],106.55
bgc_8.lfsr_row.seed_mem\[3\],106.55
adder_tree.r\[3\]\[0\],105.94
bgc_15.lfsr_col.seed_mem\[3\],105.94
clknet_leaf_157_clk,105.48
bgc_7.comp_row.x,105.33
bgc_5.lfsr_row.seed_mem\[10\],104.92
res_mem_inst._018_,104.77
clknet_leaf_107_clk,104.41
clknet_leaf_74_clk,104.31
bgc_14.lfsr_row.seed_mem\[0\],103.65
clknet_leaf_5_clk,103.29
bgc_13.col_reg.q\[10\],103.24
clknet_leaf_175_clk,103.24
bgc_11.lfsr_row.seed_mem\[0\],103.19
clknet_leaf_78_clk,103.19
clknet_leaf_159_clk,103.14
bgc_4.lfsr_row.seed_mem\[5\],103.09
clknet_leaf_25_clk,102.73
bgc_0.lfsr_col.seed_mem\[2\],102.63
clknet_leaf_79_clk,102.63
bgc_6.comp_row.x,102.58
bgc_7.lfsr_row.seed_mem\[4\],102.17
bgc_13.lfsr_col.seed_mem\[11\],102.12
bgc_12.lfsr_row.seed_mem\[4\],102.07
clknet_leaf_81_clk,102.07
clknet_leaf_112_clk,102.07
clknet_leaf_31_clk,101.56
bgc_14.lfsr_col.seed_mem\[1\],101.51
clknet_leaf_42_clk,101.46
bgc_13.col_reg.q\[11\],101.18
clknet_leaf_119_clk,101.05
clknet_leaf_58_clk,101
clknet_leaf_2_clk,100.49
adder_tree.r\[1\]\[6\],100.44
clknet_leaf_114_clk,100.44
clknet_leaf_35_clk,100.39
bgc_2.lfsr_col.seed_mem\[3\],99.78
clknet_leaf_34_clk,99.78
bgc_11.lfsr_col.seed_mem\[5\],99.32
bgc_14.lfsr_col.seed_mem\[10\],99.22
clknet_leaf_146_clk,99.22
bgc_4.lfsr_row.seed_mem\[3\],99.17
bgc_14.lfsr_row.seed_mem\[1\],98.2
clknet_leaf_63_clk,98.2
bgc_12.lfsr_row.seed_mem\[2\],97.54
clknet_leaf_100_clk,97.03
clknet_leaf_92_clk,96.98
bgc_8.comp_row.B\[7\],96.47
clknet_leaf_48_clk,96.47
bgc_0.lfsr_col.seed_mem\[8\],96.42
clknet_leaf_174_clk,95.91
net4,95.81
adder_tree.r\[13\]\[8\],95.35
bgc_0.final_counter._09_,95.35
bgc_10.lfsr_row.seed_mem\[1\],95.3
clknet_leaf_106_clk,95.3
adder_tree._0710_,95.25
clknet_leaf_38_clk,94.84
clknet_leaf_1_clk,94.28
bgc_5.lfsr_col.seed_mem\[2\],94.23
bgc_12.lfsr_col.seed_mem\[9\],94.13
clknet_leaf_101_clk,94.08
adder_tree.r\[13\]\[11\],93.67
bgc_12.lfsr_col.seed_mem\[8\],93.16
clknet_leaf_7_clk,93.16
clknet_leaf_183_clk,93.16
adder_tree._0708_,93.06
clknet_leaf_11_clk,92.6
bgc_3.col_reg.q\[10\],92.55
clknet_leaf_164_clk,92.09
clknet_leaf_126_clk,91.94
bgc_12.col_reg.q\[11\],91.48
bgc_7.lfsr_col.seed_mem\[6\],91.48
bgc_3.lfsr_row.seed_mem\[4\],91.43
adder_tree.r\[13\]\[6\],91.33
bgc_11.final_counter._16_,91.33
bgc_8.comp_row.B\[9\],91.33
res_mem_inst.slot\[3\].slot_reg.mode\[1\],91.33
bgc_14.comp_row.B\[8\],90.87
clknet_leaf_66_clk,90.82
bgc_2.col_reg.q\[8\],90.36
bgc_6.lfsr_col.seed_mem\[3\],90.31
bgc_8.lfsr_col.seed_mem\[4\],90.31
bgc_2.lfsr_col.seed_mem\[6\],90.26
bgc_12.lfsr_col.seed_mem\[2\],90.16
bgc_4.lfsr_col.seed_mem\[9\],90.16
bgc_4.lfsr_col.seed_mem\[5\],89.85
clknet_leaf_149_clk,89.85
clknet_leaf_69_clk,89.75
clknet_leaf_130_clk,89.75
bgc_0.comp_row.B\[4\],89.7
bgc_7.lfsr_col.seed_mem\[4\],89.7
bgc_3.lfsr_col.seed_mem\[8\],89.65
clknet_leaf_22_clk,89.29
clknet_leaf_128_clk,89.24
bgc_13.col_reg.q\[9\],89.14
clknet_leaf_13_clk,89.14
bgc_0.col_reg.q\[6\],88.58
bgc_0.lfsr_col.seed_mem\[0\],88.53
bgc_7.lfsr_col.seed_mem\[7\],88.53
clknet_leaf_4_clk,88.53
bgc_15.comp_row.B\[11\],88.25
bgc_5.lfsr_col.seed_mem\[8\],88.07
adder_tree._0357_,88.02
bgc_10.lfsr_row.seed_mem\[4\],88.02
bgc_10.lfsr_row.seed_mem\[6\],88.02
bgc_6.lfsr_row.seed_mem\[4\],87.92
adder_tree.r\[1\]\[11\],87.56
bgc_11.lfsr_row.seed_mem\[4\],87.51
bgc_1.lfsr_col.seed_mem\[10\],87.46
bgc_14.col_reg.q\[2\],87.46
bgc_3.lfsr_row.seed_mem\[2\],87.46
bgc_8.lfsr_row.seed_mem\[0\],87.46
bgc_0.lfsr_row.seed_mem\[1\],87.41
bgc_11.comp_row.x,87.41
bgc_13._02_,87.41
bgc_15.col_reg.q\[5\],87.41
bgc_0.final_counter._16_,87.05
bgc_7.comp_row.B\[11\],87
bgc_1.lfsr_row.seed_mem\[8\],86.9
bgc_14.lfsr_row.seed_mem\[6\],86.9
bgc_4.lfsr_col.seed_mem\[0\],86.9
bgc_0.lfsr_row.seed_mem\[3\],86.85
bgc_8.lfsr_row.seed_mem\[5\],86.85
bgc_9.final_counter._16_,86.34
bgc_9.lfsr_col.seed_mem\[0\],86.34
bgc_5.lfsr_col.seed_mem\[6\],85.83
res_mem_inst._015_,85.83
bgc_1.comp_row.B\[2\],85.78
bgc_1.final_counter._09_,85.78
bgc_10.lfsr_col.seed_mem\[3\],85.73
clknet_leaf_102_clk,85.32
clknet_leaf_182_clk,85.32
adder_tree.r\[12\]\[8\],85.27
bgc_1.lfsr_row.seed_mem\[0\],85.22
bgc_4.lfsr_row.seed_mem\[6\],85.22
clknet_leaf_108_clk,85.22
bgc_2.col_reg.q\[2\],85.17
bgc_7.col_reg.mode\[0\],85.17
adder_tree.r\[2\]\[0\],84.71
bgc_0.lfsr_col.seed_mem\[4\],84.71
bgc_12.comp_row.B\[11\],84.66
bgc_1.prev_step_output\[0\],84.61
bgc_12.lfsr_col.seed_mem\[7\],84.61
bgc_13.comp_row.B\[6\],84.61
bgc_6.lfsr_col.seed_mem\[10\],84.61
adder_tree.r\[4\]\[7\],84.2
bgc_12.comp_row.B\[4\],84.1
bgc_15.lfsr_col.seed_mem\[2\],84.1
bgc_6.lfsr_col.seed_mem\[4\],84.1
res_mem_inst._042_,84.05
bgc_10.prev_step_output\[3\],84
bgc_14.comp_row.B\[5\],84
clknet_leaf_153_clk,83.64
bgc_0.col_reg.q\[5\],83.59
bgc_3.lfsr_col.seed_mem\[5\],83.59
res_mem_inst.slot\[12\].slot_reg.mode\[1\],83.59
clknet_leaf_73_clk,83.59
bgc_1.lfsr_row.seed_mem\[7\],83.54
bgc_12.lfsr_row.seed_mem\[3\],83.54
clknet_leaf_151_clk,83.54
bgc_7.lfsr_col.seed_mem\[9\],83.49
clknet_leaf_156_clk,83.49
adder_tree.r\[2\]\[6\],83.08
bgc_11.comp_row.B\[6\],83.08
adder_tree.r\[10\]\[1\],83.03
bgc_0.lfsr_row.seed_mem\[4\],83.03
bgc_14.lfsr_col.seed_mem\[2\],83.03
bgc_9.comp_row.B\[6\],83.03
bgc_15.lfsr_row.seed_mem\[5\],82.98
bgc_4.lfsr_row.seed_mem\[2\],82.98
bgc_7.prev_step_output\[0\],82.98
adder_tree._0220_,82.93
bgc_2.col_reg.q\[1\],82.93
clknet_leaf_93_clk,82.93
adder_tree.r\[6\]\[6\],82.57
bgc_1.lfsr_col.seed_mem\[2\],82.42
bgc_8.comp_row.B\[6\],81.96
bgc_10.comp_row.B\[10\],81.91
bgc_5.lfsr_col.seed_mem\[3\],81.91
bgc_6.lfsr_col.seed_mem\[7\],81.86
bgc_1.lfsr_row.seed_mem\[2\],81.81
bgc_4.lfsr_col.seed_mem\[3\],81.76
adder_tree._0376_,81.66
bgc_2.lfsr_row.seed_mem\[4\],81.35
bgc_13.prev_step_output\[1\],81.3
bgc_1.lfsr_col.seed_mem\[5\],81.25
bgc_6.col_reg.q\[2\],81.25
bgc_7.lfsr_row.seed_mem\[5\],81.25
bgc_11.lfsr_col.seed_mem\[2\],80.89
bgc_3.col_reg.q\[5\],80.84
clknet_leaf_0_clk,80.79
bgc_15.lfsr_col.seed_mem\[1\],80.79
bgc_2.lfsr_col.seed_mem\[4\],80.74
bgc_7.comp_row.B\[7\],80.74
bgc_8.lfsr_col.seed_mem\[10\],80.74
bgc_9.lfsr_row.seed_mem\[9\],80.74
bgc_10.lfsr_row.seed_mem\[7\],80.69
bgc_3.comp_row.B\[11\],80.69
bgc_3.lfsr_row.seed_mem\[8\],80.69
bgc_8.lfsr_row.seed_mem\[9\],80.69
bgc_15.col_reg.q\[4\],80.4
clknet_leaf_3_clk,80.23
adder_tree._0714_,80.18
bgc_0.lfsr_row.seed_mem\[8\],80.18
bgc_11.lfsr_row.seed_mem\[9\],80.18
bgc_14.lfsr_row.seed_mem\[8\],80.18
bgc_8.col_reg.q\[5\],80.18
bgc_13.lfsr_col.seed_mem\[8\],80.08
adder_tree.r\[6\]\[0\],79.72
bgc_12.lfsr_row.seed_mem\[9\],79.67
bgc_6.comp_row.B\[5\],79.67
bgc_10.final_counter._16_,79.62
clknet_leaf_70_clk,79.62
bgc_15.lfsr_col.seed_mem\[10\],79.57
adder_tree.r\[4\]\[10\],79.11
bgc_5.col_reg.q\[11\],79.06
bgc_8.col_reg.q\[11\],79.06
adder_tree.r\[0\]\[6\],79.01
bgc_2.col_reg.q\[0\],79.01
bgc_8.lfsr_row.seed_mem\[4\],79.01
clknet_leaf_97_clk,78.6
adder_tree.r\[15\]\[6\],78.55
bgc_13.lfsr_col.seed_mem\[5\],78.5
bgc_7.prev_step_output\[2\],78.5
bgc_8.lfsr_col.seed_mem\[3\],78.5
clknet_leaf_53_clk,78.5
bgc_1.lfsr_row.seed_mem\[3\],78.45
bgc_11.lfsr_row.seed_mem\[3\],78.4
bgc_14.comp_row.B\[9\],78.4
bgc_1.comp_row.B\[11\],77.99
bgc_15.col_reg.q\[9\],77.99
clknet_leaf_6_clk,77.99
bgc_13.lfsr_col.seed_mem\[4\],77.94
bgc_7.col_reg.q\[11\],77.94
bgc_8.comp_row.B\[8\],77.94
bgc_10.lfsr_col.seed_mem\[5\],77.89
bgc_15.comp_row.B\[8\],77.89
bgc_12.comp_row.B\[5\],77.84
bgc_1.lfsr_row.seed_mem\[6\],77.48
bgc_5.col_reg.q\[10\],77.43
bgc_0.comp_row.B\[1\],77.38
bgc_13.lfsr_row.seed_mem\[7\],77.38
bgc_14.lfsr_col.seed_mem\[8\],77.38
bgc_7.lfsr_row.seed_mem\[9\],77.38
clknet_leaf_124_clk,77.33
bgc_15.lfsr_col.seed_mem\[8\],77.28
bgc_11.lfsr_col.seed_mem\[4\],76.97
bgc_1.lfsr_col.seed_mem\[4\],76.92
bgc_5.col_reg.q\[7\],76.92
bgc_11.col_reg.q\[11\],76.87
adder_tree.r\[10\]\[10\],76.82
bgc_2.comp_row.x,76.82
clknet_leaf_134_clk,76.82
bgc_15.comp_row.B\[4\],76.72
bgc_5.lfsr_col.seed_mem\[9\],76.72
bgc_5.lfsr_row.seed_mem\[7\],76.36
clknet_leaf_57_clk,76.36
adder_tree.r\[4\]\[0\],76.31
bgc_9.col_reg.q\[5\],76.31
bgc_8.lfsr_row.seed_mem\[11\],76.26
bgc_9.lfsr_row.seed_mem\[5\],76.26
bgc_2.lfsr_col.seed_mem\[8\],76.21
clknet_leaf_54_clk,76.21
bgc_13.col_reg.q\[4\],76.16
bgc_15.col_reg.q\[6\],76.16
bgc_0.comp_row.B\[2\],75.75
bgc_11.comp_row.B\[11\],75.75
bgc_12.comp_row.B\[3\],75.75
bgc_10.col_reg.q\[11\],75.7
bgc_3.lfsr_row.seed_mem\[10\],75.7
bgc_5.lfsr_row.seed_mem\[3\],75.7
bgc_7.col_reg.q\[3\],75.7
bgc_15.lfsr_row.seed_mem\[3\],75.65
bgc_7.lfsr_row.seed_mem\[2\],75.65
adder_tree._0697_,75.6
adder_tree.r\[0\]\[11\],75.6
bgc_12.comp_row.B\[2\],75.6
res_mem_inst.slot\[13\].slot_reg.mode\[1\],75.6
bgc_9.lfsr_col.seed_mem\[8\],75.19
bgc_13.lfsr_col.seed_mem\[6\],75.14
res_mem_inst.slot\[7\].slot_reg.mode\[1\],75.14
bgc_11.lfsr_row.seed_mem\[6\],75.09
bgc_11.lfsr_row.seed_mem\[7\],75.09
bgc_14.lfsr_row.seed_mem\[5\],75.09
bgc_4.col_reg.q\[11\],75.09
bgc_5.lfsr_row.seed_mem\[1\],75.09
clknet_leaf_39_clk,75.04
bgc_15.comp_row.B\[10\],74.73
bgc_10.col_reg.q\[2\],74.68
bgc_13.col_reg.q\[5\],74.68
bgc_6.comp_row.B\[1\],74.68
adder_tree.r\[15\]\[11\],74.63
bgc_15.lfsr_col.seed_mem\[7\],74.63
bgc_10.lfsr_col.seed_mem\[4\],74.58
bgc_14._02_,74.58
adder_tree.r\[9\]\[0\],74.53
bgc_9.comp_row.B\[4\],74.53
bgc_13.lfsr_row.seed_mem\[5\],74.48
res_mem_inst._020_,74.48
bgc_1.final_counter._16_,74.12
bgc_13.lfsr_col.seed_mem\[2\],74.07
bgc_5.lfsr_col.seed_mem\[5\],74.07
adder_tree._0232_,74.02
bgc_1.col_reg.q\[9\],74.02
bgc_15.col_reg.q\[11\],74.02
bgc_8.col_reg.q\[7\],74.02
bgc_14.prev_step_output\[0\],73.97
bgc_13.comp_row.B\[7\],73.92
bgc_12.comp_row.B\[10\],73.61
adder_tree.r\[8\]\[0\],73.56
bgc_12.col_reg.q\[5\],73.56
bgc_9.lfsr_row.seed_mem\[2\],73.51
clknet_leaf_166_clk,73.51
bgc_12.prev_step_output\[10\],73.46
bgc_2.lfsr_row.seed_mem\[2\],73.46
bgc_5.prev_step_output\[0\],73.46
bgc_7.lfsr_col.seed_mem\[2\],73.46
bgc_9.lfsr_col.seed_mem\[10\],73.46
bgc_10.col_reg.q\[8\],72.95
bgc_11.lfsr_col.seed_mem\[1\],72.95
clknet_leaf_43_clk,72.95
bgc_0.comp_row.B\[7\],72.9
bgc_15.col_reg.q\[10\],72.9
bgc_8.comp_row.B\[2\],72.9
adder_tree.r\[4\]\[8\],72.85
bgc_14.lfsr_row.seed_mem\[2\],72.85
bgc_7.lfsr_col.seed_mem\[11\],72.85
bgc_7.lfsr_row.seed_mem\[6\],72.8
res_mem_inst._040_,72.8
bgc_5.col_reg.q\[4\],72.44
bgc_7.lfsr_col.seed_mem\[0\],72.44
bgc_0.comp_row.B\[6\],72.39
bgc_15.comp_row.B\[3\],72.39
bgc_4.col_reg.q\[10\],72.39
bgc_13.lfsr_col.seed_mem\[0\],72.34
bgc_2.lfsr_row.seed_mem\[8\],72.34
bgc_9.comp_row.B\[8\],72.34
adder_tree._0107_,72.29
bgc_11.lfsr_row.seed_mem\[2\],72.29
bgc_2.lfsr_row.seed_mem\[7\],72.29
clknet_leaf_44_clk,72.29
clknet_leaf_85_clk,72.29
bgc_15.prev_step_output\[1\],72.24
adder_tree.r\[9\]\[6\],71.88
bgc_8.lfsr_row.seed_mem\[2\],71.88
bgc_8.lfsr_col.seed_mem\[8\],71.83
adder_tree._0501_,71.78
bgc_10.col_reg.q\[6\],71.78
bgc_11.lfsr_col.seed_mem\[6\],71.78
bgc_15.lfsr_row.seed_mem\[6\],71.78
bgc_2.lfsr_row.seed_mem\[6\],71.78
adder_tree._0079_,71.73
adder_tree._0384_,71.73
bgc_10.col_reg.q\[3\],71.73
bgc_12.col_reg.q\[8\],71.73
bgc_14.lfsr_row.seed_mem\[4\],71.32
bgc_5.col_reg.q\[2\],71.32
bgc_2.lfsr_col.seed_mem\[7\],71.27
bgc_4.col_reg.q\[9\],71.27
bgc_9.col_reg.q\[3\],71.27
adder_tree._0171_,71.22
clknet_leaf_145_clk,71.22
adder_tree.r\[10\]\[11\],71.17
bgc_0.comp_row._12_,71.17
bgc_1.lfsr_row.seed_mem\[1\],71.17
bgc_10.lfsr_col.seed_mem\[8\],71.17
bgc_5.comp_col._07_,71.17
adder_tree._0166_,71.12
bgc_11.col_reg._018_,71.12
bgc_9.lfsr_col.seed_mem\[2\],71.12
res_mem_inst._014_,71.12
adder_tree.r\[11\]\[0\],70.76
bgc_8.comp_row.B\[3\],70.76
bgc_9.comp_row.B\[7\],70.71
adder_tree._0436_,70.66
bgc_15.col_reg.q\[3\],70.66
bgc_2.comp_row.B\[11\],70.66
clknet_leaf_18_clk,70.66
bgc_10.col_reg.q\[7\],70.61
bgc_15.lfsr_col.seed_mem\[5\],70.61
bgc_6.col_reg.q\[0\],70.61
bgc_7.prev_step_output\[10\],70.61
bgc_9.comp_row.B\[5\],70.61
adder_tree._0682_,70.56
bgc_12.lfsr_row.seed_mem\[5\],70.56
bgc_14.lfsr_row.seed_mem\[3\],70.56
adder_tree.r\[14\]\[0\],70.2
adder_tree._0267_,70.15
bgc_11.comp_row.B\[5\],70.1
bgc_12.prev_step_output\[9\],70.1
bgc_3.col_reg.q\[9\],70.1
adder_tree.r\[11\]\[6\],70.05
bgc_4.lfsr_col.seed_mem\[11\],70
bgc_15.lfsr_row.seed_mem\[0\],69.64
adder_tree.r\[13\]\[0\],69.59
bgc_1.comp_row.B\[10\],69.59
bgc_7.col_reg.q\[1\],69.59
bgc_12.col_reg.q\[9\],69.54
bgc_1.lfsr_col.seed_mem\[3\],69.49
bgc_12.col_reg.q\[3\],69.49
bgc_13.lfsr_col.seed_mem\[9\],69.49
bgc_6.comp_row.B\[10\],69.44
bgc_12.col_reg.q\[10\],69.08
adder_tree.r\[13\]\[7\],69.03
bgc_0.comp_row._11_,68.93
bgc_5.lfsr_row.seed_mem\[5\],68.93
adder_tree._0016_,68.88
bgc_5.final_counter._01_,68.88
bgc_1.col_reg.q\[7\],68.52
bgc_13.lfsr_row.seed_mem\[4\],68.52
bgc_10.comp_row.B\[4\],68.47
bgc_11.col_reg.q\[6\],68.47
bgc_4.comp_row.B\[7\],68.47
adder_tree.r\[12\]\[0\],68.42
bgc_1.comp_row.B\[5\],68.42
bgc_12.comp_row.B\[6\],68.42
adder_tree.r\[13\]\[9\],68.37
bgc_12.col_data_in\[11\],68.37
bgc_15.comp_row.B\[5\],68.37
bgc_7.comp_row.B\[6\],68.37
bgc_11.lfsr_row.seed_mem\[5\],67.86
bgc_2.prev_step_output\[2\],67.86
bgc_13.comp_row.B\[8\],67.81
bgc_15.col_reg._036_,67.81
bgc_1.lfsr_row.seed_mem\[4\],67.76
bgc_6.lfsr_row.seed_mem\[1\],67.76
clknet_leaf_139_clk,67.4
bgc_12.col_reg.q\[4\],67.35
bgc_8.prev_step_output\[0\],67.35
adder_tree._0667_,67.3
bgc_3.prev_step_output\[1\],67.3
bgc_9.final_counter._21_,67.3
adder_tree._0467_,67.25
bgc_14.lfsr_row.seed_mem\[7\],67.25
bgc_3.lfsr_col.seed_mem\[3\],67.25
adder_tree.r\[2\]\[9\],66.79
adder_tree._0184_,66.74
bgc_1.comp_row.B\[9\],66.74
bgc_10.col_reg.q\[4\],66.74
bgc_14.comp_row.B\[3\],66.74
adder_tree.r\[6\]\[10\],66.69
bgc_15.lfsr_col.seed_mem\[4\],66.69
bgc_15.lfsr_row.seed_mem\[2\],66.69
bgc_10.lfsr_row.seed_mem\[8\],66.64
bgc_13.col_reg.q\[3\],66.64
bgc_2._03_,66.64
bgc_10.comp_row.B\[6\],66.33
res_mem_inst.out_active_select\[0\],66.23
bgc_14.comp_row.B\[1\],66.18
bgc_5.lfsr_row.seed_mem\[9\],66.18
bgc_11.col_data_in\[1\],66.13
bgc_4.comp_row.B\[4\],66.08
adder_tree.r\[10\]\[9\],65.72
bgc_3.final_counter._21_,65.72
bgc_9.lfsr_col.seed_mem\[7\],65.72
clknet_leaf_15_clk,65.72
adder_tree.r\[6\]\[7\],65.67
adder_tree._0383_,65.62
bgc_11.col_reg.q\[2\],65.62
bgc_3.lfsr_row.seed_mem\[6\],65.62
bgc_6.lfsr_col.seed_mem\[2\],65.62
bgc_1.lfsr_col.seed_mem\[0\],65.57
bgc_11.col_reg.q\[5\],65.57
clknet_leaf_140_clk,65.57
bgc_2.final_counter._21_,65.21
adder_tree.r\[15\]\[10\],65.06
adder_tree.r\[15\]\[3\],65.06
bgc_11.prev_step_output\[2\],65.06
bgc_12.prev_step_output\[1\],65.06
bgc_4.col_reg.q\[6\],65.06
bgc_9.lfsr_row.seed_mem\[1\],65.06
adder_tree._0397_,65.01
adder_tree.r\[3\]\[10\],65.01
bgc_12.col_reg.q\[2\],65.01
bgc_14.lfsr_col.seed_mem\[5\],65.01
bgc_14.lfsr_row.seed_mem\[10\],65.01
bgc_15.prev_step_output\[2\],65.01
bgc_3.col_data_in\[0\],65.01
bgc_9.col_reg.q\[7\],65.01
res_mem_inst.slot\[9\].slot_reg.mode\[1\],65.01
bgc_4.comp_col.A\[1\],64.96
bgc_9.comp_row._02_,64.96
adder_tree.r\[1\]\[7\],64.83
bgc_4.comp_row.B\[2\],64.6
bgc_5.col_reg.q\[5\],64.6
bgc_1.lfsr_col.seed_mem\[6\],64.55
bgc_11.comp_row.B\[3\],64.55
bgc_6.lfsr_row.seed_mem\[2\],64.55
adder_tree.r\[1\]\[0\],64.5
adder_tree.r\[6\]\[9\],64.5
bgc_2.lfsr_col.seed_mem\[5\],64.5
bgc_6.lfsr_row.seed_mem\[8\],64.5
bgc_0.col_reg.q\[4\],64.45
bgc_13.lfsr_col.seed_mem\[7\],64.45
bgc_6.comp_row.B\[7\],64.45
bgc_7.comp_row.B\[4\],64.04
res_mem_inst.step_done_trigger,64.04
adder_tree.r\[1\]\[10\],63.99
bgc_0.col_reg.q\[11\],63.99
bgc_2.lfsr_row.seed_mem\[1\],63.99
adder_tree.r\[14\]\[6\],63.94
bgc_2.lfsr_row.seed_mem\[10\],63.94
clknet_leaf_172_clk,63.94
bgc_10.lfsr_col.seed_mem\[6\],63.89
bgc_7.col_data_in\[1\],63.89
adder_tree.r\[1\]\[4\],63.48
adder_tree.r\[5\]\[6\],63.43
bgc_12.comp_row.B\[7\],63.43
bgc_2.col_reg.q\[4\],63.43
bgc_6.lfsr_col.seed_mem\[5\],63.43
adder_tree.r\[5\]\[0\],63.38
bgc_0.comp_row.B\[10\],63.38
bgc_13.prev_step_output\[8\],63.38
bgc_13.prev_step_output\[9\],63.38
bgc_6.comp_row.B\[6\],63.38
bgc_7.comp_row.B\[2\],63.38
adder_tree.r\[6\]\[3\],63.33
bgc_2.col_reg._000_\[9\],63.33
bgc_2.comp_row.B\[3\],63.33
bgc_9.lfsr_col.seed_mem\[3\],63.33
bgc_10.lfsr_row.seed_mem\[10\],63.28
bgc_12.lfsr_row.seed_mem\[10\],63.28
adder_tree.r\[12\]\[6\],62.97
bgc_10.comp_row.B\[5\],62.92
bgc_11.comp_row.B\[10\],62.87
bgc_5.col_reg.q\[9\],62.87
bgc_6.lfsr_col.seed_mem\[8\],62.87
adder_tree.r\[14\]\[11\],62.82
bgc_11.comp_row.B\[4\],62.82
adder_tree.r\[1\]\[9\],62.77
bgc_0.lfsr_col.seed_mem\[10\],62.77
bgc_15.lfsr_col.seed_mem\[9\],62.77
bgc_0.final_counter._01_,62.72
bgc_13.col_data_in\[11\],62.72
bgc_7.lfsr_row.seed_mem\[1\],62.72
adder_tree._0162_,62.36
adder_tree.r\[1\]\[2\],62.36
bgc_10.comp_row.B\[7\],62.36
adder_tree.r\[14\]\[5\],62.31
adder_tree.r\[15\]\[5\],62.31
bgc_8.comp_row.B\[4\],62.31
bgc_1.col_reg.q\[10\],62.26
bgc_11.comp_row.B\[9\],62.26
bgc_12.col_reg.q\[6\],62.26
bgc_3.lfsr_col.seed_mem\[11\],62.26
res_mem_inst._003_,62.26
bgc_11.comp_row.B\[2\],62.21
bgc_13.comp_row.B\[3\],62.21
bgc_5.col_reg.q\[8\],62.21
bgc_11.comp_col._11_,62.16
bgc_9.lfsr_row.seed_mem\[11\],62.16
bgc_11.col_reg.q\[10\],61.75
bgc_14.col_reg.q\[1\],61.75
adder_tree._0690_,61.7
bgc_15.comp_row.B\[6\],61.7
bgc_3.lfsr_col.seed_mem\[4\],61.7
clknet_leaf_127_clk,61.7
dec_inst.en_out\[2\],61.65
bgc_1.col_reg.q\[2\],61.19
adder_tree._0344_,61.14
bgc_3.comp_row.B\[0\],61.14
bgc_15.final_counter._21_,61.09
adder_tree.r\[10\]\[6\],60.88
adder_tree.r\[7\]\[0\],60.86
bgc_9.col_reg.q\[6\],60.73
bgc_3.col_reg.q\[11\],60.68
clknet_leaf_122_clk,60.68
bgc_11.col_reg.q\[4\],60.63
bgc_12.lfsr_col.seed_mem\[11\],60.63
bgc_12.prev_step_output\[8\],60.63
bgc_8.col_reg.q\[8\],60.63
adder_tree._0204_,60.58
bgc_11.lfsr_col.seed_mem\[3\],60.58
bgc_6.lfsr_row.seed_mem\[6\],60.58
bgc_0.lfsr_row.seed_mem\[5\],60.53
bgc_2.comp_row._12_,60.53
bgc_2.lfsr_col.seed_mem\[10\],60.53
bgc_11.col_reg.q\[3\],60.07
bgc_15.lfsr_row.seed_mem\[11\],60.07
bgc_15.prev_step_output\[0\],60.07
bgc_14.lfsr_col.seed_mem\[7\],60.02
bgc_3.col_reg.q\[2\],60.02
bgc_3.lfsr_col.seed_mem\[7\],60.02
bgc_6.comp_row.B\[8\],60.02
bgc_15.col_data_in\[11\],59.97
bgc_9.lfsr_row.seed_mem\[7\],59.97
adder_tree._0051_,59.92
adder_tree._0705_,59.92
bgc_4.comp_row.B\[8\],59.92
bgc_4.prev_step_output\[10\],59.56
bgc_6.col_reg.q\[6\],59.51
bgc_7.col_reg.q\[4\],59.51
bgc_11.lfsr_col.seed_mem\[11\],59.46
bgc_14.lfsr_col.seed_mem\[6\],59.46
bgc_15.lfsr_row.seed_mem\[7\],59.46
adder_tree._0036_,59.41
adder_tree._0095_,59.41
bgc_11.comp_row._03_,59.41
bgc_13.comp_row.B\[2\],59.41
bgc_15.comp_col._03_,59.41
bgc_5.comp_row.B\[11\],59.41
bgc_12.lfsr_row.seed_mem\[8\],59.36
bgc_14.col_data_in\[0\],59.36
bgc_11.col_reg.q\[7\],59
bgc_11.prev_step_output\[3\],59
bgc_2.final_counter._09_,59
bgc_4.lfsr_col.seed_mem\[6\],59
adder_tree.r\[15\]\[0\],58.95
bgc_12.prev_step_output\[2\],58.95
bgc_5.lfsr_row.seed_mem\[2\],58.95
bgc_7.col_reg.q\[10\],58.95
bgc_7.col_reg.q\[2\],58.95
bgc_7.comp_row.B\[8\],58.95
adder_tree.r\[2\]\[4\],58.9
adder_tree.r\[7\]\[9\],58.9
bgc_14.comp_row.B\[10\],58.9
bgc_7.lfsr_row.seed_mem\[7\],58.9
lfsr_enabler._07_,58.9
res_mem_inst._005_,58.9
timer_inst.cycle_cnt\[0\],58.9
clknet_leaf_184_clk,58.9
bgc_0.lfsr_col.seed_mem\[6\],58.85
bgc_11.col_reg._040_,58.85
bgc_12.lfsr_row.seed_mem\[7\],58.85
bgc_13.col_reg.q\[8\],58.85
bgc_8.comp_row.B\[11\],58.85
bgc_11.col_reg._038_,58.8
bgc_4.col_reg.q\[4\],58.72
bgc_1.comp_row.B\[3\],58.49
bgc_13.comp_row.B\[10\],58.49
bgc_10.lfsr_col.seed_mem\[7\],58.44
bgc_7.col_reg.q\[8\],58.39
bgc_7.lfsr_col.seed_mem\[5\],58.39
bgc_12.lfsr_col.seed_mem\[0\],58.34
bgc_3.lfsr_col.seed_mem\[6\],58.34
adder_tree._0533_,58.29
bgc_1.lfsr_col.seed_mem\[7\],58.29
bgc_2.lfsr_col.seed_mem\[2\],58.29
bgc_5.final_counter._21_,58.29
bgc_6.comp_row.B\[0\],58.29
adder_tree._0647_,58.24
bgc_10.lfsr_col.seed_mem\[10\],58.24
bgc_3.col_reg.q\[6\],58.24
bgc_1.comp_row.B\[8\],57.88
bgc_10.final_counter._22_,57.83
bgc_4.lfsr_col.seed_mem\[1\],57.83
bgc_6.comp_row.B\[11\],57.83
bgc_15.comp_row.B\[9\],57.78
bgc_5.lfsr_row.seed_mem\[0\],57.78
bgc_10.comp_row.B\[11\],57.73
bgc_11.lfsr_col.seed_mem\[9\],57.73
bgc_12.comp_row.B\[9\],57.73
bgc_14.col_reg.q\[6\],57.73
bgc_4.col_reg.q\[0\],57.73
adder_tree._0354_,57.68
adder_tree.r\[6\]\[4\],57.5
bgc_3.comp_row.B\[2\],57.37
bgc_0.col_reg.q\[10\],57.32
bgc_5.col_reg.q\[3\],57.32
bgc_7.comp_row.B\[3\],57.32
adder_tree.r\[5\]\[4\],57.27
bgc_3.col_reg.q\[7\],57.27
bgc_1.prev_step_output\[10\],57.22
bgc_9.comp_row.B\[3\],57.22
adder_tree.r\[1\]\[5\],57.17
bgc_1.lfsr_col.seed_mem\[1\],57.17
bgc_12.comp_row._03_,57.17
bgc_2.comp_row.B\[5\],57.17
bgc_11.comp_col.A\[10\],57.12
adder_tree.r\[2\]\[5\],56.81
adder_tree.r\[6\]\[8\],56.81
bgc_9.comp_row.B\[2\],56.81
adder_tree.r\[1\]\[3\],56.76
adder_tree.r\[15\]\[9\],56.71
bgc_8.lfsr_row.seed_mem\[7\],56.71
bgc_2.col_reg.q\[7\],56.66
bgc_2.comp_row.pe1._13_,56.66
bgc_4.comp_row.B\[5\],56.66
bgc_1.comp_row.B\[0\],56.61
bgc_7.col_reg._018_,56.61
bgc_13.col_reg.q\[7\],56.15
bgc_3.col_reg.q\[1\],56.15
bgc_5.prev_step_output\[9\],56.15
bgc_4.prev_step_output\[8\],56.1
bgc_0.lfsr_row.seed_mem\[9\],56.05
bgc_15.comp_row._03_,56.05
bgc_14.final_counter._21_,56
bgc_4.lfsr_row.seed_mem\[7\],56
bgc_6.prev_step_output\[11\],56
adder_tree.r\[14\]\[9\],55.64
bgc_13.col_reg.q\[2\],55.64
adder_tree._0270_,55.59
adder_tree.r\[0\]\[3\],55.59
bgc_13.comp_row.B\[4\],55.59
bgc_4.col_reg.q\[5\],55.59
timer_inst._07_,55.59
adder_tree._0570_,55.54
adder_tree.r\[3\]\[3\],55.54
bgc_1.col_reg.q\[3\],55.54
bgc_2.prev_step_output\[8\],55.54
bgc_3.comp_col.pe2._13_,55.54
bgc_7.final_counter._21_,55.54
bgc_7.lfsr_col.seed_mem\[10\],55.54
bgc_10.col_reg.q\[0\],55.49
bgc_3.comp_row.B\[10\],55.49
bgc_9.final_counter._01_,55.44
bgc_9.col_reg.q\[11\],55.26
adder_tree.r\[4\]\[9\],55.03
bgc_0.comp_row.B\[11\],55.03
bgc_12.lfsr_col.seed_mem\[3\],55.03
bgc_15.lfsr_row.seed_mem\[8\],55.03
bgc_4.comp_row.B\[1\],55.03
clknet_leaf_163_clk,55.03
adder_tree.r\[14\]\[1\],54.98
bgc_10.comp_row.B\[2\],54.98
bgc_13.comp_row.B\[9\],54.98
bgc_2.comp_col.pe2._15_,54.98
bgc_2.prev_step_output\[1\],54.98
bgc_5.comp_row.B\[10\],54.98
bgc_5.lfsr_row.seed_mem\[11\],54.98
bgc_10.col_reg._020_,54.93
bgc_15.col_reg.q\[2\],54.93
bgc_2.comp_row.B\[2\],54.93
bgc_8.lfsr_col.seed_mem\[7\],54.93
bgc_9.col_reg.mode\[0\],54.88
adder_tree.r\[12\]\[3\],54.52
bgc_10.lfsr_col.seed_mem\[9\],54.47
bgc_5.comp_row.B\[2\],54.47
bgc_6.col_reg.q\[1\],54.47
clknet_leaf_135_clk,54.47
bgc_2.lfsr_row.seed_mem\[9\],54.42
bgc_3.final_counter._22_,54.42
bgc_4.col_reg.q\[2\],54.42
bgc_4.comp_row.B\[3\],54.42
adder_tree._0254_,54.37
adder_tree._0289_,54.32
adder_tree._0339_,54.32
adder_tree._0534_,54.32
adder_tree._0686_,54.32
bgc_3.col_reg.q\[3\],54.32
bgc_7.col_reg.q\[6\],54.32
lfsr_enabler._03_,54.01
bgc_6.col_reg.q\[8\],53.96
bgc_9.lfsr_row.seed_mem\[10\],53.96
bgc_15.col_reg.q\[7\],53.91
bgc_2.col_reg.q\[9\],53.91
bgc_6.lfsr_col.seed_mem\[0\],53.91
res_mem_inst._039_,53.91
bgc_14.comp_row.B\[6\],53.86
bgc_5.comp_col.GR_bits\[11\],53.86
bgc_7.prev_step_output\[7\],53.86
bgc_8.comp_row.B\[10\],53.86
bgc_8.lfsr_col.seed_mem\[2\],53.86
res_mem_inst.write_counter\[1\],53.86
clknet_leaf_103_clk,53.86
bgc_0.lfsr_col.seed_mem\[1\],53.81
bgc_12.lfsr_col.seed_mem\[5\],53.81
bgc_15.comp_row.B\[7\],53.81
bgc_4.col_reg.q\[1\],53.81
bgc_9.comp_row.B\[10\],53.81
bgc_13.prev_step_output\[6\],53.76
bgc_3.lfsr_row.seed_mem\[1\],53.76
bgc_6.col_reg.q\[7\],53.35
bgc_6.lfsr_row.seed_mem\[10\],53.35
adder_tree.r\[3\]\[7\],53.3
adder_tree.r\[8\]\[9\],53.3
bgc_0.col_reg.q\[9\],53.3
bgc_14.col_reg.q\[3\],53.3
bgc_9.col_reg.q\[2\],53.3
bgc_7.prev_step_output\[9\],53.25
adder_tree._0301_,53.2
bgc_0.comp_row.B\[8\],53.2
bgc_11.lfsr_col.seed_mem\[8\],53.2
bgc_3.col_reg.q\[4\],53.2
bgc_4.comp_row.A\[1\],53.2
res_mem_inst._017_,53.2
adder_tree.r\[10\]\[3\],52.84
bgc_10.final_counter._21_,52.84
bgc_10.lfsr_row.seed_mem\[9\],52.79
bgc_2.comp_row.B\[10\],52.79
bgc_8.col_reg.q\[10\],52.79
bgc_9.col_reg.q\[8\],52.79
bgc_0.comp_row.B\[0\],52.74
bgc_12.prev_step_output\[7\],52.74
bgc_15.col_reg.q\[8\],52.74
bgc_8.comp_row.B\[5\],52.74
adder_tree.r\[12\]\[7\],52.69
bgc_10.final_counter._01_,52.69
bgc_3.col_reg.q\[8\],52.69
bgc_8.comp_row.B\[1\],52.69
adder_tree._0443_,52.64
bgc_11.final_counter._21_,52.64
bgc_3.prev_step_output\[10\],52.64
bgc_9.col_reg._018_,52.64
adder_tree.r\[7\]\[6\],52.28
bgc_4.col_reg.q\[7\],52.28
bgc_10.col_reg.q\[10\],52.23
bgc_7.col_reg.q\[9\],52.23
bgc_8.col_reg.q\[4\],52.23
clknet_leaf_30_clk,52.23
adder_tree.r\[0\]\[10\],52.18
adder_tree.r\[5\]\[5\],52.18
bgc_1.lfsr_col.seed_mem\[8\],52.18
adder_tree.r\[7\]\[10\],52.13
bgc_2.lfsr_col.seed_mem\[9\],52.13
bgc_2.prev_step_output\[0\],52.13
bgc_3.prev_step_output\[6\],52.13
bgc_5.lfsr_col.seed_mem\[11\],52.13
bgc_7.col_data_in\[11\],52.13
clknet_leaf_148_clk,52.13
bgc_7.col_reg.q\[5\],51.77
adder_tree.r\[3\]\[6\],51.67
bgc_11.lfsr_row.seed_mem\[8\],51.67
bgc_6.lfsr_col.seed_mem\[6\],51.67
clknet_leaf_12_clk,51.67
bgc_1.prev_step_output\[11\],51.62
bgc_10.prev_step_output\[10\],51.62
bgc_14.comp_row._06_,51.62
bgc_14.prev_step_output\[8\],51.62
bgc_7.prev_step_output\[3\],51.62
adder_tree._0450_,51.57
bgc_0.col_reg._018_,51.57
bgc_12.prev_step_output\[3\],51.57
bgc_8.lfsr_row.seed_mem\[10\],51.57
bgc_9.comp_row.B\[1\],51.52
bgc_4.final_counter._21_,51.16
adder_tree.r\[9\]\[7\],51.11
clknet_leaf_176_clk,51.11
adder_tree.r\[0\]\[0\],51.06
bgc_5.prev_step_output\[2\],51.06
bgc_13.comp_row.B\[11\],51.01
bgc_7.lfsr_col.seed_mem\[8\],51.01
bgc_7.lfsr_row.seed_mem\[10\],51.01
adder_tree._0137_,50.96
clknet_leaf_16_clk,50.55
bgc_0.col_reg.q\[2\],50.5
bgc_10.lfsr_col.seed_mem\[2\],50.5
bgc_10.prev_step_output\[1\],50.5
bgc_15.lfsr_col.seed_mem\[11\],50.5
bgc_3.lfsr_col.seed_mem\[9\],50.5
bgc_8.col_reg.q\[1\],50.5
clknet_leaf_47_clk,50.5
bgc_0.col_reg.q\[8\],50.45
bgc_1.lfsr_row._26_,50.45
bgc_13.comp_row.B\[5\],50.45
adder_tree._0650_,50.4
bgc_11.lfsr_col.seed_mem\[7\],50.4
bgc_13.col_reg.q\[6\],50.4
bgc_7.lfsr_col.seed_mem\[3\],50.4
adder_tree.r\[8\]\[6\],50.19
bgc_0.col_reg.q\[3\],49.99
bgc_3.comp_row.B\[1\],49.99
bgc_3.lfsr_row.seed_mem\[7\],49.99
bgc_8.lfsr_col.seed_mem\[6\],49.99
adder_tree._0508_,49.94
bgc_11.comp_row.B\[7\],49.94
bgc_4.prev_step_output\[0\],49.94
bgc_7.comp_col._10_,49.94
bgc_8.prev_step_output\[6\],49.94
bgc_0.comp_row.B\[5\],49.89
bgc_2.final_counter._01_,49.89
bgc_4.prev_step_output\[11\],49.89
bgc_6.prev_step_output\[8\],49.89
timer_inst._10_,49.89
adder_tree._0378_,49.84
adder_tree.r\[9\]\[9\],49.48
bgc_4.col_reg.q\[3\],49.48
bgc_0.lfsr_row.seed_mem\[0\],49.43
bgc_9.lfsr_row.seed_mem\[6\],49.43
bgc_14.col_reg.q\[4\],49.38
bgc_14.comp_row.pe1._13_,49.38
bgc_7.comp_row.B\[5\],49.38
bgc_8.comp_col.GR_bits\[11\],49.38
clknet_leaf_121_clk,49.38
adder_tree._0441_,49.33
adder_tree.r\[10\]\[4\],49.33
bgc_5.final_counter._22_,49.33
bgc_6.prev_step_output\[0\],49.33
adder_tree._0425_,49.28
bgc_10.comp_row._13_,49.28
bgc_14.col_reg.q\[8\],48.92
bgc_5.comp_row.B\[7\],48.92
bgc_10.col_reg.q\[5\],48.87
bgc_4.lfsr_col.seed_mem\[10\],48.87
adder_tree._0205_,48.82
adder_tree._0404_,48.82
adder_tree._0478_,48.82
bgc_1.comp_row.B\[6\],48.82
bgc_15.prev_step_output\[10\],48.82
bgc_3.comp_row.B\[6\],48.82
bgc_5.comp_col._06_,48.82
bgc_6.col_reg.q\[11\],48.82
bgc_8.prev_step_output\[10\],48.82
bgc_15.col_reg._034_,48.77
bgc_5.comp_row.B\[5\],48.77
bgc_6.lfsr_row.seed_mem\[7\],48.77
bgc_8.col_reg.q\[0\],48.77
adder_tree.r\[0\]\[9\],48.72
bgc_12.col_data_in\[0\],48.72
bgc_14.col_reg.q\[11\],48.72
bgc_5.col_reg._018_,48.72
bgc_5.lfsr_col.seed_mem\[1\],48.72
adder_tree.r\[12\]\[1\],48.49
bgc_5.col_reg.q\[1\],48.44
bgc_11.col_reg.q\[8\],48.31
bgc_12.comp_row.B\[8\],48.31
bgc_2.col_reg.q\[3\],48.31
adder_tree.r\[5\]\[3\],48.26
bgc_15.lfsr_col.seed_mem\[6\],48.26
bgc_7.comp_col._12_,48.26
bgc_8.col_reg.q\[3\],48.26
bgc_8.prev_step_output\[1\],48.26
lfsr_enabler._05_,48.26
bgc_14.lfsr_col._26_,48.21
bgc_2.col_reg.q\[5\],48.21
bgc_9.comp_col.pe1._15_,48.21
bgc_1.col_reg.q\[0\],48.16
bgc_12.lfsr_col.seed_mem\[4\],48.16
bgc_13.col_reg.q\[1\],48.16
bgc_3.comp_col.pe2._16_,48.16
bgc_4.col_reg._040_,48.16
bgc_10._00_,48.03
adder_tree._0440_,47.75
adder_tree.r\[8\]\[7\],47.75
bgc_13.lfsr_row.seed_mem\[6\],47.75
bgc_8.lfsr_row.seed_mem\[6\],47.75
bgc_12.comp_row.pe2._13_,47.7
res_mem_inst.shift_cycle_count\[0\],47.7
adder_tree.r\[10\]\[5\],47.65
bgc_1.prev_step_output\[3\],47.65
bgc_11.lfsr_row.seed_mem\[11\],47.65
bgc_13.prev_step_output\[2\],47.65
bgc_2.comp_row.B\[4\],47.65
res_mem_inst.slot\[14\].slot_reg.mode\[1\],47.65
bgc_12.comp_row._05_,47.6
bgc_13.prev_step_output\[4\],47.6
bgc_6.lfsr_col._26_,47.6
bgc_7.comp_row._05_,47.6
adder_tree.r\[7\]\[3\],47.24
adder_tree.r\[8\]\[5\],47.24
bgc_4.comp_col._12_,47.24
adder_tree.r\[11\]\[8\],47.19
bgc_1.col_reg.q\[4\],47.19
bgc_15.comp_row._12_,47.19
bgc_4.lfsr_col.seed_mem\[4\],47.19
bgc_6.lfsr_row.seed_mem\[0\],47.19
bgc_9.comp_row.B\[11\],47.19
bgc_1.comp_row.B\[1\],47.14
bgc_12.lfsr_row.seed_mem\[0\],47.14
bgc_3.prev_step_output\[4\],47.14
bgc_3.prev_step_output\[9\],47.14
bgc_7.lfsr_row.seed_mem\[11\],47.14
bgc_10.prev_step_output\[8\],47.09
bgc_13.prev_step_output\[3\],47.09
adder_tree._0366_,47.04
adder_tree._0415_,47.04
adder_tree.r\[12\]\[5\],47.04
bgc_7.comp_row.B\[9\],47.04
bgc_9.col_data_in\[1\],47.04
adder_tree.r\[5\]\[9\],46.73
adder_tree.r\[12\]\[4\],46.63
adder_tree.r\[6\]\[1\],46.63
adder_tree._0613_,46.58
adder_tree._0679_,46.58
adder_tree.r\[15\]\[4\],46.58
adder_tree.r\[15\]\[7\],46.58
bgc_0.comp_row.B\[3\],46.58
bgc_0.comp_row._13_,46.58
bgc_7.prev_step_output\[4\],46.58
adder_tree._0098_,46.53
adder_tree._0391_,46.53
bgc_5.comp_row.B\[0\],46.53
bgc_7.comp_col._02_,46.53
bgc_9.final_counter._22_,46.53
adder_tree._0597_,46.48
bgc_10.col_reg._040_,46.48
bgc_12.comp_row.B\[1\],46.12
bgc_7.lfsr_row.seed_mem\[0\],46.12
bgc_7.prev_step_output\[6\],46.12
_01_,46.07
adder_tree.r\[5\]\[7\],46.07
bgc_0.col_reg.q\[1\],46.07
bgc_2.prev_step_output\[10\],46.07
bgc_5.comp_row.B\[8\],46.07
clknet_leaf_168_clk,46.07
bgc_1._00_,46.02
bgc_2.comp_row._11_,46.02
bgc_6.final_counter._01_,46.02
bgc_8.col_reg.q\[6\],46.02
bgc_9.prev_step_output\[3\],46.02
adder_tree.r\[9\]\[10\],45.97
bgc_0.col_reg.q\[7\],45.97
bgc_0.comp_col.pe2._13_,45.97
bgc_1.prev_step_output\[9\],45.97
bgc_11.comp_row._02_,45.97
bgc_12.comp_row._11_,45.97
bgc_12.lfsr_col.seed_mem\[1\],45.97
bgc_2.comp_row._05_,45.97
bgc_5.col_reg.q\[6\],45.97
bgc_8.lfsr_row.seed_mem\[8\],45.97
bgc_10.col_reg.q\[9\],45.92
bgc_12.comp_row._02_,45.92
bgc_15.prev_step_output\[3\],45.92
bgc_4.comp_row._07_,45.92
bgc_3.prev_step_output\[7\],45.74
bgc_1.col_reg.q\[8\],45.61
bgc_4.comp_row.B\[9\],45.56
bgc_0.prev_step_output\[8\],45.51
bgc_4.comp_col.pe2._13_,45.51
bgc_10.comp_row.B\[8\],45.46
bgc_2.comp_row.B\[9\],45.46
bgc_3.lfsr_col.seed_mem\[0\],45.46
bgc_7.col_reg.q\[7\],45.46
clknet_leaf_24_clk,45.46
bgc_2.comp_row._13_,45.41
bgc_6.col_reg.q\[4\],45.41
clknet_leaf_20_clk,45.41
adder_tree.r\[2\]\[2\],45.36
bgc_13.col_data_in\[10\],45.36
bgc_13.col_reg._018_,45.36
bgc_3.comp_row._08_,45.36
bgc_6.prev_step_output\[4\],45.36
adder_tree.r\[8\]\[1\],45.05
bgc_11.col_reg.q\[1\],44.95
bgc_11.prev_step_output\[4\],44.95
bgc_3.comp_row.B\[3\],44.95
bgc_9.comp_row.B\[9\],44.95
adder_tree.r\[14\]\[8\],44.9
adder_tree.r\[3\]\[4\],44.9
adder_tree.r\[4\]\[1\],44.9
adder_tree.r\[6\]\[11\],44.9
bgc_12.lfsr_row.seed_mem\[1\],44.9
bgc_8.lfsr_col.seed_mem\[0\],44.9
adder_tree._0251_,44.85
adder_tree._0635_,44.85
adder_tree.r\[11\]\[11\],44.85
bgc_0.prev_step_output\[4\],44.85
bgc_13.comp_col._10_,44.85
bgc_15.comp_row.B\[2\],44.85
bgc_3.final_counter._01_,44.85
bgc_4.comp_row.B\[6\],44.85
bgc_6.comp_col._08_,44.85
clknet_leaf_45_clk,44.85
adder_tree._0638_,44.8
adder_tree._0699_,44.8
adder_tree.r\[3\]\[11\],44.8
bgc_1.comp_col.GL_bits\[11\],44.8
bgc_10.comp_row._08_,44.8
bgc_2.final_counter._22_,44.8
bgc_6.col_reg.q\[3\],44.8
bgc_7.prev_step_output\[1\],44.8
bgc_8.comp_col.pe2._15_,44.8
bgc_0.prev_step_output\[5\],44.44
timer_inst.cycle_cnt\[1\],44.44
bgc_5.lfsr_row.seed_mem\[6\],44.39
bgc_6.comp_row.B\[2\],44.39
adder_tree.r\[10\]\[8\],44.34
bgc_1.col_reg.q\[6\],44.34
bgc_14.comp_row.B\[0\],44.34
bgc_14.lfsr_col.seed_mem\[9\],44.34
bgc_2.comp_row.B\[8\],44.34
bgc_3.lfsr_col.seed_mem\[1\],44.34
bgc_7.comp_row.B\[10\],44.34
bgc_8.lfsr_col.seed_mem\[5\],44.34
adder_tree.r\[7\]\[1\],44.29
bgc_14.comp_col._09_,44.29
bgc_15.comp_row.pe2._13_,44.29
bgc_2.comp_col.A\[0\],44.29
bgc_5.comp_col.pe2._09_,44.29
dec_inst.active_select\[0\],44.29
adder_tree.r\[5\]\[1\],44.24
bgc_7.comp_row._02_,44.24
adder_tree.r\[0\]\[2\],43.83
adder_tree.r\[11\]\[9\],43.83
bgc_14.col_reg.q\[7\],43.83
bgc_5.comp_row.B\[1\],43.83
bgc_1.col_reg.q\[1\],43.78
bgc_14.col_data_in\[10\],43.78
bgc_3.lfsr_row._26_,43.78
bgc_6.final_counter._21_,43.78
bgc_7.prev_step_output\[8\],43.78
adder_tree._0316_,43.73
adder_tree.r\[14\]\[2\],43.73
bgc_13.comp_row.pe2._13_,43.73
bgc_8.prev_step_output\[11\],43.73
bgc_11.lfsr_col._00_\[11\],43.68
bgc_14.col_reg.q\[10\],43.68
res_mem_inst._027_,43.68
res_mem_inst.slot\[0\].slot_reg.mode\[1\],43.68
bgc_8.comp_row.pe2._13_,43.37
adder_tree._0507_,43.22
adder_tree.r\[1\]\[8\],43.22
bgc_13.lfsr_row.seed_mem\[11\],43.22
bgc_6.comp_row.B\[4\],43.22
bgc_6.lfsr_row.seed_mem\[9\],43.22
adder_tree.r\[3\]\[1\],43.17
adder_tree.r\[3\]\[9\],43.17
bgc_10.col_reg._036_,43.17
bgc_13.lfsr_col._00_\[6\],43.17
bgc_3.lfsr_row.seed_mem\[9\],43.17
bgc_5.col_reg._000_\[10\],43.17
bgc_8.comp_row.pe2._16_,43.17
adder_tree._0188_,43.12
adder_tree._0474_,43.12
bgc_4.comp_row.pe1._13_,43.12
bgc_9.col_reg._036_,43.12
timer_inst._13_,42.81
bgc_1.prev_step_output\[6\],42.76
adder_tree._0447_,42.66
adder_tree.r\[3\]\[8\],42.66
bgc_1.col_reg.q\[11\],42.66
bgc_9.col_reg.q\[0\],42.66
bgc_9.col_reg.q\[10\],42.66
bgc_9.col_reg.q\[1\],42.66
bgc_9.lfsr_row.seed_mem\[0\],42.66
adder_tree._0608_,42.61
bgc_1.comp_row.B\[7\],42.61
bgc_5.comp_row.B\[3\],42.61
adder_tree._0276_,42.56
adder_tree.r\[15\]\[8\],42.56
bgc_12.comp_col._07_,42.56
bgc_12.comp_row.pe1._13_,42.56
bgc_15.comp_col._02_,42.56
bgc_15.comp_col.pe1._13_,42.56
bgc_4.lfsr_row.seed_mem\[0\],42.56
bgc_5.comp_row.x,42.56
bgc_8.comp_col._08_,42.56
bgc_9.comp_row._05_,42.56
bgc_13.comp_row._04_,42.33
bgc_12.comp_row._12_,42.1
bgc_4.col_data_in\[0\],42.1
bgc_4.lfsr_row.seed_mem\[10\],42.1
bgc_10.comp_col.A\[0\],42.05
bgc_12.comp_col._10_,42.05
bgc_3.comp_row._05_,42.05
bgc_5.comp_row.pe1._13_,42.05
bgc_7.comp_col.A\[1\],42.05
bgc_8.comp_col.pe2._09_,42.05
bgc_9.lfsr_col._00_\[0\],42.05
res_mem_inst._032_,42.05
adder_tree._0442_,42
adder_tree._0528_,42
bgc_0.final_counter._22_,42
bgc_11.comp_row._12_,42
bgc_14.col_reg.q\[0\],42
bgc_5.comp_row._10_,42
bgc_5.comp_row.pe1._09_,42
bgc_5.lfsr_col.seed_mem\[7\],42
adder_tree.r\[9\]\[4\],41.59
bgc_12.prev_step_output\[6\],41.59
res_mem_inst.slot\[15\].slot_reg.mode\[1\],41.59
bgc_0.comp_row._08_,41.54
bgc_11.comp_col._10_,41.54
bgc_11.prev_step_output\[8\],41.54
bgc_15.comp_col.GL_bits\[3\],41.54
bgc_3.prev_step_output\[8\],41.54
bgc_4.prev_step_output\[7\],41.54
adder_tree._0174_,41.49
adder_tree._0585_,41.49
adder_tree.r\[10\]\[7\],41.49
adder_tree.r\[1\]\[1\],41.49
bgc_15.lfsr_row.seed_mem\[1\],41.49
bgc_2.lfsr_row.seed_mem\[0\],41.49
bgc_4.lfsr_row.seed_mem\[1\],41.49
bgc_6.comp_col.pe1._15_,41.49
bgc_6.comp_row.B\[3\],41.49
adder_tree._0492_,41.44
bgc_2.comp_col._06_,41.44
bgc_2.prev_step_output\[5\],41.44
res_mem_inst.write_counter\[3\],41.13
bgc_2.col_reg.q\[6\],41.08
res_mem_inst._038_,41.08
bgc_15.final_counter._01_,41.03
adder_tree._0176_,40.98
bgc_0.final_counter._21_,40.98
bgc_12.col_reg.q\[7\],40.98
bgc_7.comp_row.pe1._13_,40.98
adder_tree._0620_,40.93
adder_tree.r\[9\]\[1\],40.93
bgc_1.comp_col.pe1._16_,40.93
bgc_10.comp_row.B\[9\],40.93
bgc_9.comp_col._03_,40.93
res_mem_inst.slot\[15\].slot_reg.mode\[0\],40.93
bgc_3.comp_row.pe1._13_,40.88
bgc_4.col_reg._036_,40.88
bgc_5.comp_row.A\[0\],40.88
bgc_4.col_reg.q\[8\],40.52
bgc_11.comp_row.B\[1\],40.47
bgc_15.lfsr_row.seed_mem\[10\],40.47
bgc_1.comp_row.B\[4\],40.42
bgc_11.comp_row.pe2._13_,40.42
bgc_2.col_reg.q\[10\],40.42
bgc_2.lfsr_row.seed_mem\[11\],40.42
bgc_4.lfsr_col.seed_mem\[7\],40.42
bgc_8.lfsr_col.seed_mem\[9\],40.42
adder_tree.r\[3\]\[2\],40.37
bgc_15.comp_col._08_,40.37
bgc_3.comp_col.A\[9\],40.37
bgc_4.comp_col.pe2._16_,40.37
bgc_4.lfsr_col.seed_mem\[8\],40.37
bgc_4.lfsr_row.seed_mem\[8\],40.37
bgc_9.prev_step_output\[8\],40.37
adder_tree._0561_,40.32
bgc_10.col_reg._026_,40.32
bgc_12.lfsr_row.seed_mem\[11\],40.32
bgc_13.col_reg._030_,40.32
bgc_14.comp_row.pe1._16_,40.32
bgc_3.comp_row._07_,40.32
bgc_8.col_reg.q\[2\],40.32
adder_tree.r\[13\]\[5\],39.96
bgc_11.comp_col.pe1._13_,39.91
bgc_12.comp_col.pe2._13_,39.91
bgc_12.prev_step_output\[5\],39.91
bgc_13.lfsr_row.seed_mem\[9\],39.91
bgc_14.comp_col.pe2._13_,39.91
adder_tree.r\[13\]\[10\],39.86
adder_tree.r\[2\]\[1\],39.86
bgc_1.comp_row.A\[0\],39.86
bgc_11.comp_row.B\[8\],39.86
bgc_11.prev_step_output\[0\],39.86
bgc_2.comp_col.GL_bits\[6\],39.86
bgc_7.comp_col._07_,39.86
bgc_1.comp_col._13_,39.81
bgc_1.lfsr_col.seed_mem\[9\],39.81
bgc_10.comp_col.pe2._15_,39.81
bgc_2.prev_step_output\[6\],39.81
bgc_6.col_reg._020_,39.81
adder_tree._0314_,39.76
adder_tree._0394_,39.76
adder_tree._0563_,39.76
adder_tree.r\[11\]\[10\],39.76
bgc_10.col_reg._034_,39.76
bgc_13.col_reg._032_,39.76
bgc_15.comp_row._02_,39.76
bgc_4.col_reg._038_,39.76
bgc_5.comp_col.GL_bits\[11\],39.76
bgc_8.comp_row._10_,39.76
bgc_13.comp_row.B\[1\],39.35
bgc_13.prev_step_output\[11\],39.35
bgc_4.prev_step_output\[9\],39.35
bgc_6.comp_row._05_,39.3
bgc_6.comp_row._07_,39.3
adder_tree._0084_,39.25
adder_tree._0515_,39.25
adder_tree.r\[9\]\[11\],39.25
bgc_1.prev_step_output\[5\],39.25
bgc_11.prev_step_output\[9\],39.25
bgc_4.col_reg._032_,39.25
bgc_7.comp_col.pe2._15_,39.25
bgc_9.lfsr_col.seed_mem\[5\],39.25
timer_inst.cycle_cnt\[10\],39.25
clknet_leaf_142_clk,39.25
adder_tree._0604_,39.2
bgc_1.comp_row.pe1._13_,39.2
bgc_11.comp_row.pe2._16_,39.2
bgc_5.col_reg._020_,39.2
bgc_1.prev_step_output\[8\],38.79
bgc_12.prev_step_output\[4\],38.79
bgc_13.prev_step_output\[10\],38.79
bgc_5.comp_col.pe2._15_,38.79
res_mem_inst._007_,38.79
adder_tree._0025_,38.74
adder_tree._0284_,38.74
bgc_13.prev_step_output\[7\],38.74
clknet_leaf_171_clk,38.74
adder_tree._0165_,38.69
bgc_1.final_counter._21_,38.69
bgc_10.comp_row._07_,38.69
bgc_10.prev_step_output\[2\],38.69
bgc_12.prev_step_output\[0\],38.69
bgc_14.lfsr_row.seed_mem\[9\],38.69
bgc_2.comp_row.B\[6\],38.69
bgc_5.col_reg._040_,38.69
bgc_5.comp_row.B\[6\],38.69
adder_tree._0243_,38.64
adder_tree._0577_,38.64
bgc_0.col_reg._030_,38.64
bgc_0.comp_col._11_,38.64
bgc_11.comp_row._10_,38.64
bgc_12.col_reg.q\[1\],38.64
bgc_7.comp_row._12_,38.64
bgc_0.comp_row.B\[9\],38.28
bgc_15.col_reg.q\[1\],38.23
bgc_15.prev_step_output\[6\],38.23
bgc_9.prev_step_output\[5\],38.23
adder_tree.r\[5\]\[10\],38.18
bgc_0.prev_step_output\[9\],38.18
bgc_11.col_reg.q\[9\],38.18
bgc_12.comp_row.GL_bits\[11\],38.18
bgc_15.comp_row.B\[1\],38.18
bgc_3.lfsr_row.seed_mem\[0\],38.18
bgc_4.lfsr_row.seed_mem\[11\],38.18
res_mem_inst.out_active_select\[1\],38.18
adder_tree._0392_,38.13
adder_tree._0603_,38.13
bgc_1.comp_row._03_,38.13
bgc_11.col_reg.mode\[0\],38.13
bgc_13.comp_col.pe1._13_,38.13
bgc_15.comp_col._05_,38.13
bgc_2.comp_col.GL_bits\[3\],38.13
bgc_3.col_data_in\[11\],38.13
bgc_10.comp_col.pe1._13_,38.08
bgc_15.comp_col.pe1._16_,38.08
bgc_15.comp_row.pe2._16_,38.08
bgc_3.prev_step_output\[2\],38.08
bgc_7.comp_col.A\[10\],38.08
bgc_9.comp_row.pe1._15_,37.8
adder_tree.r\[8\]\[8\],37.72
bgc_13.lfsr_row.seed_mem\[1\],37.67
bgc_6.final_counter._22_,37.67
bgc_7.comp_col.GR_bits\[11\],37.67
adder_tree._0452_,37.62
adder_tree._0546_,37.62
adder_tree.r\[4\]\[3\],37.62
bgc_11.lfsr_col.seed_mem\[10\],37.62
bgc_12.comp_row._08_,37.62
bgc_15.prev_step_output\[7\],37.62
bgc_6.col_reg.q\[9\],37.62
adder_tree._0030_,37.57
adder_tree._0090_,37.57
bgc_1.comp_col._06_,37.57
bgc_1.lfsr_row.seed_mem\[5\],37.57
bgc_10.prev_step_output\[5\],37.57
bgc_10.prev_step_output\[7\],37.57
bgc_11.col_reg._036_,37.57
bgc_11.lfsr_col.seed_mem\[0\],37.57
bgc_15.col_reg._018_,37.57
bgc_3.comp_row.B\[5\],37.57
bgc_4.comp_col.pe2._14_,37.57
bgc_5.comp_col.pe2._13_,37.57
adder_tree._0093_,37.52
adder_tree._0535_,37.52
adder_tree._0562_,37.52
bgc_1.comp_row.pe1._14_,37.52
bgc_12.comp_col._05_,37.52
bgc_13.col_data_in\[1\],37.52
bgc_13.comp_row._05_,37.52
bgc_14.col_reg._036_,37.52
bgc_3.comp_row._06_,37.52
bgc_4.prev_step_output\[3\],37.52
bgc_6.comp_row._08_,37.52
bgc_5.prev_step_output\[4\],37.16
res_mem_inst.write_counter\[0\],37.11
adder_tree._0185_,37.06
adder_tree._0280_,37.06
adder_tree._0481_,37.06
bgc_11.final_counter._19_,37.06
bgc_11.prev_step_output\[7\],37.06
bgc_14.comp_col.A\[0\],37.06
bgc_3.comp_row.B\[4\],37.06
adder_tree._0581_,37.01
bgc_10.comp_row._06_,37.01
bgc_10.comp_row._12_,37.01
bgc_13.lfsr_col.seed_mem\[1\],37.01
bgc_15.col_reg._022_,37.01
bgc_3.comp_row.pe1._09_,37.01
bgc_7.comp_row._10_,37.01
bgc_9.lfsr_col.seed_mem\[9\],37.01
adder_tree._0330_,36.96
adder_tree._0634_,36.96
bgc_1.comp_row.pe1._16_,36.96
bgc_8.comp_col._13_,36.96
bgc_1.col_reg.q\[5\],36.6
adder_tree._0132_,36.5
adder_tree.r\[11\]\[2\],36.5
bgc_11.comp_row.pe1._13_,36.5
bgc_12.comp_row._10_,36.5
bgc_7.comp_col._09_,36.5
adder_tree.r\[8\]\[10\],36.45
bgc_0.comp_row.GL_bits\[5\],36.45
bgc_12.comp_col._12_,36.45
bgc_12.lfsr_col.seed_mem\[10\],36.45
bgc_2.comp_row._09_,36.45
bgc_8.comp_col.A\[0\],36.45
adder_tree._0456_,36.4
bgc_0.col_data_in\[1\],36.4
bgc_13.col_reg._034_,36.4
bgc_15.comp_row.pe1._13_,36.4
bgc_4.comp_row._06_,36.4
bgc_7.comp_col._08_,36.4
bgc_9.col_reg.q\[4\],36.4
res_mem_inst.write_counter\[2\],36.4
bgc_3.comp_row.pe2._15_,36.22
bgc_11.prev_step_output\[6\],35.99
bgc_6.col_reg.q\[5\],35.99
adder_tree._0172_,35.94
adder_tree._0420_,35.94
adder_tree.r\[2\]\[3\],35.94
bgc_0.lfsr_row.seed_mem\[6\],35.94
bgc_12.final_counter._12_,35.94
bgc_5.comp_row.B\[4\],35.94
bgc_7.final_counter._22_,35.94
adder_tree.r\[11\]\[3\],35.89
adder_tree.r\[14\]\[4\],35.89
bgc_11.comp_col._03_,35.89
bgc_13.comp_col.A\[1\],35.89
bgc_13.lfsr_row.seed_mem\[0\],35.89
bgc_14.prev_step_output\[2\],35.89
bgc_15.final_counter._22_,35.89
bgc_3.comp_col.pe2._14_,35.89
bgc_4.comp_row.B\[10\],35.89
bgc_4.prev_step_output\[6\],35.89
bgc_5.comp_row._05_,35.89
bgc_8.prev_step_output\[3\],35.89
bgc_9.comp_col.pe1._13_,35.89
bgc_0.comp_col._10_,35.84
bgc_0.comp_row._10_,35.84
bgc_14.col_data_in\[11\],35.84
bgc_14.prev_step_output\[3\],35.84
bgc_2.col_data_in\[0\],35.84
bgc_6.comp_row._06_,35.84
adder_tree._0046_,35.43
bgc_3.comp_col._08_,35.43
bgc_6.col_reg.q\[10\],35.43
bgc_6.lfsr_col.seed_mem\[9\],35.43
adder_tree._0173_,35.38
adder_tree.r\[12\]\[11\],35.38
adder_tree.r\[5\]\[11\],35.38
bgc_0.comp_row.GL_bits\[8\],35.38
bgc_0.prev_step_output\[6\],35.38
bgc_11.final_counter._01_,35.38
bgc_3.prev_step_output\[11\],35.38
bgc_9.col_reg._034_,35.38
adder_tree._0460_,35.33
bgc_13.comp_col.pe2._16_,35.33
bgc_7.comp_row.pe2._15_,35.33
bgc_13.comp_col.A\[0\],35.28
bgc_14.final_counter._01_,35.28
bgc_3.comp_col._05_,35.28
bgc_8.comp_row.pe2._14_,35.28
bgc_10.col_reg.q\[1\],34.97
adder_tree._0278_,34.92
bgc_9.prev_step_output\[1\],34.87
adder_tree._0371_,34.82
adder_tree._0654_,34.82
adder_tree.r\[0\]\[4\],34.82
adder_tree.r\[7\]\[4\],34.82
bgc_0.comp_col.pe2._16_,34.82
bgc_14.prev_step_output\[11\],34.82
bgc_15.prev_step_output\[4\],34.82
bgc_2.col_reg._000_\[10\],34.82
bgc_3.comp_col.pe1._13_,34.82
bgc_4.comp_col.A\[0\],34.82
bgc_6.comp_col.pe1._13_,34.82
adder_tree._0588_,34.77
adder_tree.r\[11\]\[1\],34.77
bgc_12.comp_col.pe1._16_,34.77
bgc_14.col_reg.q\[9\],34.77
bgc_6.comp_row._04_,34.77
bgc_7.comp_col._11_,34.77
bgc_9.comp_col._02_,34.77
adder_tree._0142_,34.72
adder_tree._0698_,34.72
bgc_13.comp_col._08_,34.72
bgc_14.prev_step_output\[5\],34.72
adder_tree.r\[11\]\[7\],34.46
bgc_3.comp_col.GL_index\[3\],34.36
bgc_0.prev_step_output\[7\],34.31
bgc_3.comp_row.B\[7\],34.31
bgc_3.comp_row.B\[8\],34.31
bgc_3.lfsr_col.seed_mem\[10\],34.31
bgc_6.comp_row.GL_index\[3\],34.31
bgc_8.comp_col.GL_bits\[11\],34.31
bgc_13.comp_row.GL_bits\[11\],34.26
bgc_7.comp_row._06_,34.26
bgc_9.comp_col.pe2._15_,34.26
bgc_10.lfsr_row.seed_mem\[0\],34.21
bgc_2.prev_step_output\[9\],34.21
bgc_4.col_reg._034_,34.21
bgc_8.comp_col.pe1._15_,34.21
bgc_8.comp_row._03_,34.21
adder_tree._0076_,34.16
bgc_5.col_reg._038_,34.16
bgc_9.comp_row._06_,34.16
bgc_4.comp_row.B\[11\],33.85
bgc_12.comp_row.pe2._09_,33.75
adder_tree.r\[4\]\[2\],33.7
bgc_14.comp_col.pe2._14_,33.7
bgc_4.comp_row.A\[10\],33.7
bgc_6.prev_step_output\[1\],33.7
adder_tree._0658_,33.65
bgc_11.lfsr_row.seed_mem\[10\],33.65
bgc_14.comp_col.pe2._16_,33.65
bgc_2.col_data_in\[3\],33.65
bgc_2.comp_row.GL_bits\[3\],33.65
bgc_4.comp_col.pe1._13_,33.65
bgc_4.comp_row._08_,33.65
bgc_9.comp_row._07_,33.65
bgc_0.comp_col.x,33.6
bgc_0.lfsr_row.seed_mem\[7\],33.6
bgc_11.comp_col._09_,33.6
bgc_11.lfsr_row.seed_mem\[1\],33.6
bgc_14.comp_row.pe1._14_,33.6
bgc_15.comp_col._04_,33.6
bgc_15.final_counter._12_,33.6
bgc_4.comp_row._05_,33.6
bgc_4.final_counter._22_,33.6
bgc_6.comp_col._05_,33.6
bgc_9.prev_step_output\[2\],33.6
adder_tree.r\[2\]\[10\],33.24
bgc_10.comp_row.B\[1\],33.19
bgc_2.prev_step_output\[4\],33.19
adder_tree._0521_,33.14
adder_tree._0629_,33.14
adder_tree.r\[0\]\[5\],33.14
adder_tree.r\[11\]\[5\],33.14
bgc_0.comp_row.GL_bits\[11\],33.14
bgc_1.prev_step_output\[7\],33.14
bgc_10.col_reg._018_,33.14
bgc_14.col_reg.q\[5\],33.14
bgc_2.prev_step_output\[11\],33.14
bgc_3.comp_row.B\[9\],33.14
bgc_7.comp_col._05_,33.14
bgc_8.comp_col._07_,33.14
adder_tree.r\[5\]\[8\],33.09
bgc_0.comp_col._09_,33.09
bgc_12.comp_row.GL_bits\[3\],33.09
bgc_12.final_counter._21_,33.09
bgc_14.comp_col._05_,33.09
bgc_15.comp_row._10_,33.09
bgc_2.comp_col._08_,33.09
bgc_2.comp_row._07_,33.09
bgc_3.col_reg._022_,33.09
bgc_4.comp_row.A\[9\],33.09
bgc_5.comp_row._09_,33.09
bgc_6.comp_row._13_,33.09
bgc_8.final_counter._01_,33.09
adder_tree.r\[6\]\[2\],33.04
bgc_1.comp_col.pe1._13_,33.04
bgc_10.comp_row.GR_bits\[9\],33.04
bgc_13.comp_row._08_,33.04
bgc_4.col_data_in\[1\],33.04
bgc_5.comp_col._05_,33.04
bgc_7.comp_col.A\[9\],33.04
bgc_9.col_data_in\[11\],33.04
bgc_1.comp_col._08_,32.76
bgc_7.comp_row.B\[1\],32.68
adder_tree.r\[13\]\[3\],32.63
adder_tree.r\[15\]\[2\],32.63
adder_tree.r\[9\]\[3\],32.63
bgc_14.comp_row._08_,32.63
bgc_5.lfsr_col.seed_mem\[10\],32.63
bgc_5.prev_step_output\[10\],32.63
bgc_9.prev_step_output\[9\],32.63
bgc_1.comp_col._05_,32.58
bgc_1.comp_row._06_,32.58
bgc_10.comp_row.pe2._13_,32.58
bgc_5.lfsr_row._26_,32.58
bgc_5.lfsr_row.seed_mem\[4\],32.58
bgc_6.lfsr_col.seed_mem\[11\],32.58
bgc_8.lfsr_col._26_,32.58
bgc_9.final_counter._00_\[11\],32.58
adder_tree._0319_,32.53
adder_tree._0512_,32.53
adder_tree._0557_,32.53
bgc_10.prev_step_output\[4\],32.53
bgc_13.final_counter._21_,32.53
bgc_8.comp_row.pe1._14_,32.53
timer_inst.cycle_cnt\[4\],32.53
adder_tree._0038_,32.48
bgc_0.comp_row.pe1._15_,32.48
bgc_12.comp_col._08_,32.48
bgc_12.comp_row.pe1._09_,32.48
bgc_2.comp_col._13_,32.48
bgc_2.comp_col.pe2._10_,32.48
bgc_4.comp_col._13_,32.48
bgc_6.comp_col.pe2._14_,32.48
bgc_6.final_counter._00_\[8\],32.48
bgc_7.lfsr_col.seed_mem\[1\],32.48
bgc_9.comp_col._06_,32.48
adder_tree.r\[13\]\[1\],32.12
bgc_5.comp_row.B\[9\],32.12
bgc_1.comp_row._08_,32.07
bgc_14.lfsr_col.seed_mem\[0\],32.07
bgc_8.lfsr_row.seed_mem\[1\],32.07
res_mem_inst.slot\[8\].slot_reg.mode\[1\],32.07
adder_tree._0134_,32.02
adder_tree._0551_,32.02
adder_tree.r\[8\]\[11\],32.02
bgc_1.lfsr_row.seed_mem\[9\],32.02
bgc_10.col_reg._022_,32.02
bgc_7.comp_col.pe2._13_,32.02
bgc_8.comp_col.pe1._13_,32.02
bgc_8.comp_row.pe1._16_,32.02
bgc_10.col_reg._028_,31.97
bgc_13.col_reg._022_,31.97
bgc_13.row_reg._016_,31.97
bgc_15.col_reg.q\[0\],31.97
bgc_2.comp_row.pe2._15_,31.97
bgc_7.comp_row._16_,31.97
bgc_7.comp_row.pe1._15_,31.97
adder_tree.r\[8\]\[4\],31.92
bgc_10.comp_row.GL_bits\[3\],31.92
bgc_11.comp_row.pe1._16_,31.92
bgc_11.comp_row.pe2._14_,31.92
bgc_2.comp_row.pe1._16_,31.92
bgc_4.col_reg._022_,31.92
bgc_9.comp_row._10_,31.92
bgc_10.comp_col._13_,31.69
adder_tree.r\[14\]\[7\],31.56
bgc_13.comp_row.pe1._15_,31.51
adder_tree._0336_,31.46
adder_tree._0364_,31.46
bgc_0.lfsr_row.seed_mem\[11\],31.46
bgc_10.prev_step_output\[11\],31.46
bgc_12.comp_row.pe1._15_,31.46
bgc_14.comp_row._05_,31.46
bgc_2.prev_step_output\[7\],31.46
bgc_4.comp_row.pe2._13_,31.46
bgc_6.comp_row.pe2._13_,31.46
bgc_8.comp_row.B\[0\],31.46
bgc_9.col_reg.q\[9\],31.46
bgc_9.prev_step_output\[6\],31.46
res_mem_inst.shift_cycle_count\[4\],31.46
_06_,31.41
adder_tree._0062_,31.41
adder_tree._0549_,31.41
bgc_1.comp_col.pe2._13_,31.41
bgc_1.comp_row.GL_index\[3\],31.41
bgc_1.final_counter._01_,31.41
bgc_13.col_reg.q\[0\],31.41
bgc_14.comp_row._07_,31.41
bgc_4.comp_col._10_,31.41
bgc_4.comp_row.GL_bits\[11\],31.41
bgc_6.comp_row.pe2._09_,31.41
bgc_9.comp_row.pe1._13_,31.41
adder_tree._0625_,31.36
bgc_0.col_reg._022_,31.36
bgc_10.comp_row.pe1._15_,31.36
bgc_15.col_reg._020_,31.36
bgc_15.comp_col._13_,31.36
bgc_15.comp_row.pe2._14_,31.36
bgc_5.col_reg.q\[0\],31.36
bgc_5.comp_row._12_,31.36
bgc_6.col_reg._028_,31.36
bgc_7.comp_col.x,31.36
bgc_11.final_counter._22_,30.95
bgc_12.comp_row.B\[0\],30.95
adder_tree._0470_,30.9
adder_tree._0633_,30.9
bgc_10.comp_row.A\[0\],30.9
bgc_11.col_reg.q\[0\],30.9
bgc_13.prev_step_output\[5\],30.9
bgc_14.prev_step_output\[10\],30.9
bgc_14.prev_step_output\[7\],30.9
bgc_2.lfsr_col.seed_mem\[11\],30.9
bgc_3.comp_col.pe1._14_,30.9
bgc_6.comp_row.pe2._15_,30.9
bgc_6.lfsr_row._00_\[9\],30.9
adder_tree._0350_,30.85
adder_tree._0712_,30.85
bgc_0.lfsr_col.seed_mem\[7\],30.85
bgc_0.lfsr_col.seed_mem\[9\],30.85
bgc_1.col_reg._028_,30.85
bgc_14.comp_col.GL_bits\[3\],30.85
bgc_15.col_reg._032_,30.85
bgc_15.comp_col.pe2._13_,30.85
bgc_2.comp_row.GR_bits\[6\],30.85
bgc_3.comp_row._10_,30.85
bgc_6.col_reg._000_\[10\],30.85
adder_tree._0403_,30.8
bgc_0.comp_row.pe1._13_,30.8
bgc_12.col_reg._032_,30.8
bgc_12.col_reg._034_,30.8
bgc_12.comp_col.GL_bits\[11\],30.8
bgc_13.comp_col.GL_bits\[10\],30.8
bgc_13.comp_col._09_,30.8
bgc_14.comp_col.pe2._10_,30.8
bgc_5.comp_row._06_,30.8
bgc_7.comp_row._08_,30.8
bgc_7.comp_row.pe2._10_,30.8
bgc_8.comp_col.GR_bits\[7\],30.8
bgc_8.final_counter._22_,30.56
bgc_1.col_reg.mode\[1\],30.525
bgc_0.col_reg._040_,30.44
bgc_3.comp_row.pe2._13_,30.44
adder_tree._0111_,30.39
adder_tree.r\[9\]\[5\],30.39
bgc_10.prev_step_output\[9\],30.39
bgc_7.comp_row.GL_bits\[11\],30.39
bgc_7.prev_step_output\[5\],30.39
res_mem_inst.shift_cycle_count\[2\],30.39
adder_tree.r\[11\]\[4\],30.34
bgc_14.prev_step_output\[1\],30.34
bgc_4.comp_col.pe1._16_,30.34
bgc_7.comp_col._06_,30.34
res_mem_inst.out_dec_inst._01_,30.34
adder_tree._0426_,30.29
adder_tree._0589_,30.29
adder_tree.r\[14\]\[10\],30.29
bgc_0.prev_step_output\[10\],30.29
bgc_11.comp_row.GR_bits\[4\],30.29
bgc_15.prev_step_output\[5\],30.29
bgc_2.col_reg.q\[11\],30.29
bgc_2.prev_step_output\[3\],30.29
bgc_6.comp_row.B\[9\],30.29
bgc_8.comp_col.pe1._09_,30.29
res_mem_inst.slot\[1\].slot_reg.mode\[1\],30.29
adder_tree._0218_,30.24
bgc_0.col_reg._024_,30.24
bgc_2.comp_row.pe1._14_,30.24
bgc_2.final_counter._12_,30.24
bgc_2.row_reg._000_\[0\],30.24
bgc_4.comp_col._07_,30.24
bgc_5.comp_row.GR_bits\[4\],30.24
bgc_8.row_reg._000_\[10\],30.24
bgc_9.col_data_in\[10\],30.24
lfsr_enabler.row_load_count\[3\],29.88
bgc_10.comp_row._05_,29.83
bgc_4.comp_row.GL_bits\[4\],29.83
bgc_0.comp_col._12_,29.78
bgc_1.comp_row._04_,29.78
bgc_10.comp_col._02_,29.78
bgc_10.comp_row.GR_bits\[11\],29.78
bgc_11.col_data_in\[0\],29.78
bgc_12.comp_col.pe1._13_,29.78
bgc_2.comp_row.A\[0\],29.78
bgc_4.comp_col.GL_index\[3\],29.78
bgc_4.comp_row.GR_bits\[3\],29.78
bgc_8.comp_col._05_,29.78
bgc_9.comp_row.GL_bits\[3\],29.78
adder_tree._0274_,29.73
bgc_0.lfsr_col.seed_mem\[11\],29.73
bgc_10.comp_col._06_,29.73
bgc_12.comp_col.pe2._16_,29.73
bgc_12.comp_row._14_,29.73
bgc_13.comp_col.pe2._13_,29.73
bgc_14.col_reg._022_,29.73
bgc_14.comp_col.pe1._10_,29.73
bgc_4.comp_row.pe1._15_,29.73
bgc_6.prev_step_output\[6\],29.73
bgc_7.comp_row._07_,29.73
bgc_8.comp_row.A\[1\],29.73
bgc_8.comp_row.pe1._13_,29.73
mode_col_g0,29.73
adder_tree._0054_,29.68
adder_tree._0707_,29.68
bgc_11.comp_col.GL_index\[2\],29.68
bgc_13.comp_row.pe2._12_,29.68
bgc_15.comp_col.GL_index\[3\],29.68
bgc_2.comp_row.GL_bits\[4\],29.68
bgc_9.col_reg._022_,29.68
bgc_9.comp_row._13_,29.68
bgc_10.comp_row.B\[3\],29.27
bgc_10.lfsr_row.seed_mem\[11\],29.27
bgc_11.comp_col._07_,29.27
bgc_12.comp_row._07_,29.27
bgc_13.comp_col._13_,29.27
bgc_2.comp_row._06_,29.27
bgc_3.prev_step_output\[5\],29.27
bgc_5.comp_col._04_,29.27
bgc_8.col_reg.q\[9\],29.27
adder_tree._0434_,29.22
adder_tree.r\[5\]\[2\],29.22
bgc_10.col_reg._032_,29.22
bgc_11.comp_col.pe2._15_,29.22
bgc_12.comp_col.GL_index\[3\],29.22
bgc_14.final_counter._22_,29.22
bgc_3.lfsr_row.seed_mem\[11\],29.22
bgc_5.comp_row.pe1._15_,29.22
bgc_5.comp_row.pe2._13_,29.22
bgc_6.comp_col.pe2._15_,29.22
bgc_7.final_counter._12_,29.22
adder_tree._0027_,29.17
adder_tree._0070_,29.17
adder_tree._0152_,29.17
adder_tree._0250_,29.17
adder_tree.r\[10\]\[2\],29.17
adder_tree.r\[3\]\[5\],29.17
bgc_2.col_reg._000_\[11\],29.17
bgc_2.comp_col.pe2._13_,29.17
bgc_3.comp_col.pe2._15_,29.17
bgc_4.comp_row._04_,29.17
bgc_9.col_reg._000_\[8\],29.17
timer_inst.cycle_cnt\[7\],29.17
bgc_0.col_reg._032_,29.12
bgc_1.col_reg._034_,29.12
bgc_10.comp_row.pe2._15_,29.12
bgc_3.comp_row._04_,29.12
bgc_9.comp_row.pe2._09_,29.12
bgc_11.comp_col.GL_index\[3\],28.71
adder_tree._0043_,28.66
adder_tree._0064_,28.66
adder_tree.r\[14\]\[3\],28.66
bgc_10.comp_col._04_,28.66
bgc_11.comp_row._08_,28.66
bgc_11.comp_row._11_,28.66
bgc_15.comp_col.GL_bits\[10\],28.66
bgc_2.comp_row._04_,28.66
bgc_3.col_reg.q\[0\],28.66
bgc_3.comp_row.pe2._09_,28.66
bgc_5.comp_col._02_,28.66
bgc_5.comp_col.x,28.66
bgc_6.comp_col.pe1._10_,28.66
bgc_6.comp_col.pe2._16_,28.66
bgc_9.comp_col.pe1._09_,28.66
bgc_14.comp_col.GL_bits\[11\],28.61
bgc_5.comp_row._13_,28.61
bgc_8.prev_step_output\[2\],28.61
res_mem_inst.slot\[15\].slot_reg._016_,28.61
adder_tree._0052_,28.56
adder_tree._0208_,28.56
adder_tree._0242_,28.56
bgc_0.comp_row.pe2._16_,28.56
bgc_14.col_reg._026_,28.56
bgc_14.comp_row.pe2._16_,28.56
bgc_14.lfsr_col.seed_mem\[11\],28.56
bgc_6.comp_col._10_,28.56
bgc_7.comp_row.pe1._14_,28.56
res_mem_inst._036_,28.56
res_mem_inst.slot\[4\].slot_reg._000_\[2\],28.56
adder_tree.r\[0\]\[7\],28.48
adder_tree.r\[2\]\[7\],28.3
adder_tree.r\[15\]\[1\],28.2
adder_tree._0059_,28.15
bgc_11.comp_row.GR_bits\[3\],28.15
bgc_15.prev_step_output\[8\],28.15
bgc_4.prev_step_output\[5\],28.15
bgc_6.final_counter._12_,28.15
adder_tree._0525_,28.1
bgc_1.prev_step_output\[4\],28.1
bgc_12.prev_step_output\[11\],28.1
bgc_15.comp_col._06_,28.1
bgc_15.comp_col._07_,28.1
bgc_5.comp_col.GL_bits\[10\],28.1
bgc_6.comp_row.GR_bits\[6\],28.1
bgc_6.lfsr_row.seed_mem\[11\],28.1
lfsr_enabler.row_load_count\[5\],28.1
adder_tree._0432_,28.05
bgc_13.comp_row.pe1._10_,28.05
bgc_15.comp_row._07_,28.05
bgc_3.comp_col.A\[10\],28.05
bgc_4.prev_step_output\[1\],28.05
bgc_5.comp_col._10_,28.05
bgc_6.prev_step_output\[3\],28.05
bgc_9.col_reg._000_\[9\],28.05
bgc_9.comp_col._04_,28.05
bgc_0.comp_col._04_,28
bgc_10.comp_row.B\[0\],28
bgc_12.comp_col._04_,28
bgc_12.comp_row.GL_bits\[2\],28
bgc_13.comp_col._06_,28
bgc_13.comp_row.B\[0\],28
bgc_14.prev_step_output\[6\],28
bgc_7.comp_row.A\[1\],28
bgc_8.final_counter._03_,28
bgc_9.comp_row._04_,28
bgc_9.lfsr_col.seed_mem\[11\],28
bgc_12.final_counter._01_,27.59
bgc_6.comp_col.pe2._13_,27.59
bgc_8.lfsr_col.seed_mem\[11\],27.59
adder_tree._0151_,27.54
adder_tree._0328_,27.54
adder_tree.r\[8\]\[2\],27.54
bgc_15.comp_col._10_,27.54
bgc_2.comp_col._04_,27.54
bgc_5.comp_row._08_,27.54
bgc_8.comp_col.GL_bits\[6\],27.54
bgc_9.comp_row._15_,27.54
adder_tree.r\[9\]\[8\],27.49
bgc_10.comp_col._07_,27.49
bgc_11.comp_row._05_,27.49
bgc_11.comp_row._09_,27.49
bgc_15.comp_row.pe2._08_,27.49
bgc_3.col_reg._000_\[6\],27.49
bgc_3.comp_row.GR_bits\[3\],27.49
bgc_5.final_counter._06_,27.49
bgc_6.comp_col.pe1._16_,27.49
bgc_6.comp_col.pe2._10_,27.49
bgc_9.prev_step_output\[0\],27.49
adder_tree._0309_,27.44
adder_tree._0333_,27.44
adder_tree._0494_,27.44
adder_tree._0565_,27.44
bgc_0.comp_row._07_,27.44
bgc_1.col_reg._026_,27.44
bgc_14.comp_col._08_,27.44
bgc_14.comp_col._13_,27.44
bgc_2.comp_col.GR_bits\[11\],27.44
bgc_3.comp_row._12_,27.44
bgc_5.comp_row._07_,27.44
bgc_5.comp_row._14_,27.44
bgc_6.prev_step_output\[10\],27.44
bgc_7.comp_row.pe1._10_,27.44
lfsr_enabler._06_,27.13
bgc_11.comp_col.pe2._13_,27.08
bgc_5.prev_step_output\[7\],27.08
adder_tree._0048_,27.03
adder_tree.r\[0\]\[8\],27.03
adder_tree.r\[4\]\[4\],27.03
adder_tree.r\[7\]\[7\],27.03
bgc_11.comp_col.GL_bits\[8\],27.03
bgc_15.comp_row.B\[0\],27.03
bgc_9.prev_step_output\[4\],27.03
bgc_11.comp_row.B\[0\],26.98
bgc_15.comp_col._09_,26.98
bgc_3.comp_col.pe1._16_,26.98
bgc_5.col_reg._000_\[9\],26.98
bgc_6.prev_step_output\[2\],26.98
bgc_8.final_counter._12_,26.98
bgc_0.comp_col._13_,26.93
bgc_11.comp_col._13_,26.93
bgc_11.comp_row._13_,26.93
bgc_12.comp_col._09_,26.93
bgc_15.comp_col.GL_bits\[4\],26.93
bgc_4.comp_col.pe1._14_,26.93
res_mem_inst.slot\[15\].slot_reg._019_,26.93
bgc_10.comp_row.pe2._09_,26.88
bgc_11.prev_step_output\[5\],26.88
bgc_13.col_reg._028_,26.88
bgc_13.comp_col._07_,26.88
bgc_14.col_data_in\[1\],26.88
bgc_14.comp_row.GL_bits\[5\],26.88
bgc_14.prev_step_output\[9\],26.88
bgc_15.comp_col.pe1._14_,26.88
bgc_15.comp_row.pe1._16_,26.88
bgc_3.prev_step_output\[0\],26.88
bgc_4.col_data_in\[4\],26.88
bgc_4.comp_col._02_,26.88
bgc_4.comp_row.pe2._16_,26.88
bgc_5.comp_col._08_,26.88
bgc_6.comp_col._02_,26.88
bgc_6.comp_col._13_,26.88
bgc_7.comp_col.pe2._09_,26.88
bgc_8.comp_row._06_,26.88
bgc_9.col_reg._000_\[4\],26.88
dec_inst.active_select\[1\],26.62
bgc_15.comp_row.GL_bits\[2\],26.6
adder_tree.r\[13\]\[4\],26.47
bgc_10.final_counter._12_,26.47
bgc_13.comp_row._15_,26.47
bgc_5.prev_step_output\[3\],26.47
bgc_9.comp_row.GR_bits\[5\],26.47
bgc_9.comp_row._14_,26.47
adder_tree._0413_,26.42
adder_tree.r\[6\]\[5\],26.42
bgc_0.prev_step_output\[0\],26.42
bgc_10.comp_col.GR_bits\[3\],26.42
bgc_3.prev_step_output\[3\],26.42
bgc_6.comp_col.pe1._03_,26.42
bgc_6.comp_row._09_,26.42
bgc_8.comp_row._02_,26.42
bgc_9.comp_col.GR_bits\[11\],26.42
bgc_9.comp_col._05_,26.42
bgc_10.comp_col.GL_bits\[4\],26.37
bgc_10.comp_col.GL_index\[2\],26.37
bgc_11.prev_step_output\[11\],26.37
bgc_13.comp_col._05_,26.37
bgc_14.comp_row.GL_bits\[3\],26.37
bgc_14.comp_row.GR_bits\[9\],26.37
bgc_14.comp_row.pe2._13_,26.37
bgc_5.comp_col.A\[0\],26.37
bgc_5.comp_col._11_,26.37
bgc_6.comp_col.pe2._09_,26.37
bgc_7.comp_row._14_,26.37
bgc_9.col_reg._000_\[10\],26.37
res_mem_inst._002_\[2\],26.37
res_mem_inst.slot\[7\].slot_reg.mode\[0\],26.37
adder_tree._0713_,26.32
bgc_1.comp_col.pe2._14_,26.32
bgc_10.comp_col.pe2._10_,26.32
bgc_11.comp_row.pe1._14_,26.32
bgc_3.comp_row.pe1._03_,26.32
bgc_4.comp_row.pe1._09_,26.32
bgc_8.comp_col.GR_bits\[4\],26.32
bgc_9.comp_row.GL_bits\[9\],26.32
bgc_15.col_reg.mode\[1\],25.91
bgc_7.col_reg.q\[0\],25.91
adder_tree._0259_,25.86
adder_tree._0356_,25.86
adder_tree.r\[0\]\[1\],25.86
adder_tree.r\[2\]\[8\],25.86
bgc_10.comp_col.pe2._13_,25.86
bgc_10.comp_row.GL_index\[3\],25.86
bgc_11.comp_col.GL_index\[1\],25.86
bgc_12.col_reg._000_\[7\],25.86
bgc_2.comp_row.B\[7\],25.86
bgc_2.comp_row.GR_bits\[4\],25.86
bgc_2.comp_row._10_,25.86
bgc_5.comp_row.GR_bits\[3\],25.86
bgc_5.prev_step_output\[11\],25.86
bgc_7.comp_row.B\[0\],25.86
bgc_8.prev_step_output\[5\],25.86
bgc_9.comp_col.GL_bits\[11\],25.86
bgc_9.comp_row.GR_bits\[4\],25.86
adder_tree._0216_,25.81
bgc_0.comp_col.pe1._12_,25.81
bgc_13.comp_col.GL_bits\[5\],25.81
bgc_2.comp_col.GL_bits\[4\],25.81
bgc_2.comp_row.GL_bits\[11\],25.81
bgc_3.col_reg._000_\[9\],25.81
bgc_3.comp_col.GR_bits\[3\],25.81
bgc_3.comp_col.pe2._10_,25.81
bgc_6.comp_col.pe1._14_,25.81
bgc_6.final_counter._14_,25.81
bgc_7.comp_row._04_,25.81
bgc_8.comp_row._13_,25.81
adder_tree._0593_,25.76
bgc_0.prev_step_output\[2\],25.76
bgc_1.comp_col.pe2._16_,25.76
bgc_10.lfsr_col._00_\[0\],25.76
bgc_11.comp_col.GR_bits\[11\],25.76
bgc_12.comp_col._11_,25.76
bgc_14.col_reg._000_\[0\],25.76
bgc_2.comp_col.pe1._10_,25.76
bgc_2.row_reg._000_\[1\],25.76
bgc_3.comp_col.GL_index\[2\],25.76
bgc_3.comp_row.GL_bits\[11\],25.76
bgc_5.comp_row.pe1._06_,25.76
bgc_7.lfsr_col._00_\[2\],25.76
adder_tree.r\[13\]\[2\],25.45
bgc_10.lfsr_col.seed_mem\[0\],25.4
bgc_10.comp_row.GL_index\[2\],25.35
bgc_12.comp_row._09_,25.35
bgc_12.final_counter._22_,25.35
adder_tree._0053_,25.3
bgc_1.comp_row.pe2._13_,25.3
bgc_10.row_reg._000_\[1\],25.3
bgc_6.comp_row.GL_bits\[3\],25.3
bgc_9.comp_col.GR_bits\[3\],25.3
bgc_9.comp_row.GR_bits\[3\],25.3
net661,25.25
adder_tree._0148_,25.25
adder_tree._0261_,25.25
adder_tree._0673_,25.25
bgc_10.col_reg._038_,25.25
bgc_10.comp_col.GL_index\[3\],25.25
bgc_10.comp_col._05_,25.25
bgc_10.comp_col.pe2._09_,25.25
bgc_11.comp_row._07_,25.25
bgc_13.comp_row.pe2._16_,25.25
bgc_14.comp_col._06_,25.25
bgc_14.final_counter._00_\[11\],25.25
bgc_4.comp_row.GL_bits\[10\],25.25
bgc_6.comp_row.GR_bits\[0\],25.25
bgc_6.prev_step_output\[9\],25.25
bgc_8.comp_col.pe1._12_,25.25
bgc_8.row_reg._000_\[1\],25.25
bgc_9.comp_row._08_,25.25
adder_tree._0085_,25.2
adder_tree._0124_,25.2
adder_tree._0363_,25.2
adder_tree.r\[12\]\[2\],25.2
bgc_0.comp_col.pe1._15_,25.2
bgc_13.col_reg._036_,25.2
bgc_13.row_reg._000_\[11\],25.2
bgc_14.col_reg._024_,25.2
bgc_14.comp_col._10_,25.2
bgc_2.comp_col.pe2._08_,25.2
bgc_4.comp_row.GR_bits\[4\],25.2
bgc_6.comp_col._18_,25.2
res_mem_inst.slot\[13\].slot_reg._000_\[4\],25.2
res_mem_inst.slot\[9\].slot_reg._016_,25.2
adder_tree.r\[7\]\[11\],24.79
bgc_0.comp_row.GL_bits\[3\],24.79
bgc_14.comp_col.pe1._15_,24.79
adder_tree._0192_,24.74
adder_tree._0217_,24.74
adder_tree._0219_,24.74
adder_tree.r\[8\]\[3\],24.74
bgc_15.col_reg._030_,24.74
bgc_4.comp_row.GR_bits\[10\],24.74
bgc_5.row_reg._016_,24.74
bgc_6.comp_col.GL_bits\[11\],24.74
bgc_8.comp_col.A\[1\],24.74
bgc_9.comp_row.pe2._13_,24.74
_05_,24.69
adder_tree._0239_,24.69
adder_tree._0584_,24.69
bgc_1.lfsr_row.seed_mem\[11\],24.69
bgc_11.col_reg._020_,24.69
bgc_11.col_reg._034_,24.69
bgc_12.lfsr_col._26_,24.69
bgc_2.final_counter._00_\[11\],24.69
bgc_2.final_counter._14_,24.69
bgc_3.comp_col._09_,24.69
bgc_4.comp_row.pe2._15_,24.69
bgc_9.comp_col.A\[9\],24.69
bgc_1.comp_col._15_,24.64
bgc_1.comp_col.pe1._14_,24.64
bgc_11.comp_col.A\[0\],24.64
bgc_11.comp_row.GL_bits\[3\],24.64
bgc_12.comp_col.pe2._14_,24.64
bgc_12.row_reg._000_\[3\],24.64
bgc_13.comp_row.GR_bits\[4\],24.64
bgc_15.comp_col.pe2._16_,24.64
bgc_3.comp_row.GR_bits\[4\],24.64
bgc_5.comp_col.GR_bits\[1\],24.64
bgc_5.comp_row.pe2._15_,24.64
bgc_6.comp_col._09_,24.64
bgc_6.comp_row._03_,24.64
bgc_8.comp_col._03_,24.64
bgc_9.comp_col.pe2._09_,24.64
adder_tree._0347_,24.23
adder_tree._0223_,24.18
bgc_0.comp_col.pe2._14_,24.18
bgc_0.prev_step_output\[3\],24.18
bgc_1.comp_col.A\[0\],24.18
bgc_1.comp_col._09_,24.18
bgc_15.comp_row.GL_bits\[3\],24.18
bgc_2.comp_col.GR_bits\[6\],24.18
bgc_3.col_reg._036_,24.18
bgc_4.comp_row.B\[0\],24.18
bgc_4.comp_row._02_,24.18
bgc_4.final_counter._01_,24.18
bgc_4.final_counter._03_,24.18
bgc_5.comp_col.GL_bits\[9\],24.18
bgc_7.comp_col._04_,24.18
adder_tree._0170_,24.13
adder_tree._0340_,24.13
adder_tree._0407_,24.13
bgc_0.comp_col.pe2._10_,24.13
bgc_0.row_reg._020_,24.13
bgc_12.comp_col.A\[1\],24.13
bgc_12.comp_row._06_,24.13
bgc_13.lfsr_col.seed_mem\[10\],24.13
bgc_15.comp_row.GL_index\[0\],24.13
bgc_15.comp_row._05_,24.13
bgc_15.prev_step_output\[9\],24.13
bgc_2.comp_col.pe1._16_,24.13
bgc_2.comp_row.pe1._10_,24.13
bgc_3.comp_col._13_,24.13
bgc_4.comp_row.GR_bits\[11\],24.13
bgc_4.comp_row._11_,24.13
bgc_4.comp_row.pe2._10_,24.13
bgc_5.col_reg.mode\[0\],24.13
bgc_5.comp_row.GL_bits\[9\],24.13
bgc_6.final_counter._19_,24.13
bgc_8.comp_col.GR_bits\[8\],24.13
bgc_8.comp_row._07_,24.13
bgc_9.comp_col.GR_bits\[5\],24.13
bgc_9.comp_col.pe1._16_,24.13
adder_tree._0123_,24.08
adder_tree._0493_,24.08
adder_tree._0543_,24.08
bgc_0.col_reg._034_,24.08
bgc_0.comp_col.GR_bits\[6\],24.08
bgc_11.comp_col.pe2._10_,24.08
bgc_13.lfsr_col._19_,24.08
bgc_15.comp_col.A\[0\],24.08
bgc_15.lfsr_col._00_\[0\],24.08
bgc_3.row_reg._000_\[1\],24.08
bgc_6.row_reg._000_\[4\],24.08
bgc_7.comp_row._18_,24.08
bgc_8.comp_row.GL_bits\[3\],24.08
bgc_9.col_reg._032_,24.08
bgc_9.comp_row._09_,24.08
bgc_9.final_counter._00_\[9\],24.08
bgc_3.comp_row.pe1._15_,23.67
adder_tree._0158_,23.62
adder_tree._0573_,23.62
adder_tree._0605_,23.62
bgc_0.comp_row.GL_bits\[6\],23.62
bgc_0.comp_row.pe2._13_,23.62
bgc_1.prev_step_output\[2\],23.62
bgc_10.lfsr_col.seed_mem\[11\],23.62
bgc_10.row_reg._000_\[0\],23.62
bgc_11.comp_col.pe1._15_,23.62
bgc_2.comp_row.B\[1\],23.62
bgc_2.comp_row.pe2._13_,23.62
bgc_8.comp_col.GL_bits\[3\],23.62
timer_inst.cycle_cnt\[5\],23.62
adder_tree._0113_,23.57
adder_tree._0139_,23.57
adder_tree._0215_,23.57
adder_tree._0400_,23.57
adder_tree._0655_,23.57
bgc_0.comp_row.pe2._15_,23.57
bgc_11.comp_col.GR_bits\[6\],23.57
bgc_12.final_counter._19_,23.57
bgc_3.comp_col._07_,23.57
bgc_5.row_reg._050_,23.57
bgc_6.comp_col.pe1._06_,23.57
bgc_6.comp_row.A\[0\],23.57
bgc_8.comp_row.pe1._12_,23.57
bgc_8.lfsr_row._00_\[6\],23.57
bgc_9.comp_col.A\[0\],23.57
dec_inst.en_out\[0\],23.57
res_mem_inst.slot\[15\].slot_reg._039_,23.57
adder_tree._0153_,23.52
adder_tree._0237_,23.52
bgc_0.comp_row._14_,23.52
bgc_0.comp_row.pe1._16_,23.52
bgc_1.comp_row.pe2._16_,23.52
bgc_10.comp_col.GR_bits\[11\],23.52
bgc_13.comp_row.pe1._14_,23.52
bgc_13.comp_row.pe1._16_,23.52
bgc_14.comp_row.pe2._12_,23.52
bgc_15.comp_col.GL_bits\[11\],23.52
bgc_4.col_reg._028_,23.52
bgc_4.comp_col._08_,23.52
bgc_5.col_reg._030_,23.52
bgc_5.comp_col.GL_bits\[8\],23.52
bgc_8.comp_col.pe2._06_,23.52
bgc_9.comp_row.pe2._15_,23.52
res_mem_inst.slot\[1\].slot_reg._016_,23.52
spi_in3,23.38
bgc_2.comp_col.pe1._15_,23.24
bgc_8.comp_col.pe2._13_,23.16
adder_tree._0268_,23.11
bgc_5.final_counter._03_,23.11
bgc_8.comp_row.GR_bits\[11\],23.11
adder_tree._0353_,23.06
adder_tree._0616_,23.06
bgc_1.final_counter._06_,23.06
bgc_11.comp_col.GR_bits\[3\],23.06
bgc_11.comp_col._05_,23.06
bgc_12.comp_col.pe1._14_,23.06
bgc_15.comp_col.pe2._15_,23.06
bgc_3.comp_col.pe2._12_,23.06
bgc_4.final_counter._19_,23.06
bgc_8.comp_col._15_,23.06
bgc_1.comp_col.GL_bits\[4\],23.01
bgc_11.comp_row.GL_bits\[11\],23.01
bgc_14.comp_row.GL_bits\[6\],23.01
bgc_2.row_reg._009_,23.01
bgc_4.comp_row.GL_bits\[3\],23.01
bgc_6.comp_col.A\[1\],23.01
bgc_7.comp_col.GL_bits\[11\],23.01
bgc_8.comp_row._08_,23.01
bgc_9.final_counter._20_,23.01
res_mem_inst.slot\[3\].slot_reg._000_\[0\],23.01
res_mem_inst.slot\[4\].slot_reg.mode\[1\],23.01
adder_tree._0086_,22.96
adder_tree._0209_,22.96
adder_tree._0226_,22.96
bgc_10.comp_col.A\[1\],22.96
bgc_12.col_reg._036_,22.96
bgc_12.comp_col._06_,22.96
bgc_13.comp_row._02_,22.96
bgc_13.row_reg.mode\[1\],22.96
bgc_14.final_counter._19_,22.96
bgc_15.comp_col.pe1._15_,22.96
bgc_3.comp_row.GL_bits\[0\],22.96
bgc_3.comp_row.GR_bits\[5\],22.96
bgc_7.comp_row.pe2._16_,22.96
bgc_8.col_reg._026_,22.96
bgc_8.comp_row.A\[10\],22.96
bgc_9.comp_row.pe1._09_,22.96
res_mem_inst.slot\[6\].slot_reg._000_\[10\],22.96
timer_inst._06_,22.96
adder_tree._0117_,22.55
adder_tree.r\[7\]\[8\],22.5
bgc_1.final_counter._12_,22.5
bgc_10.comp_row.pe1._11_,22.5
bgc_10.final_counter._19_,22.5
bgc_11.lfsr_col._26_,22.5
bgc_14.row_reg.mode\[1\],22.5
bgc_15.comp_row.GL_index\[2\],22.5
bgc_4.comp_col._11_,22.5
bgc_7.comp_row._09_,22.5
bgc_9.comp_row.GL_bits\[11\],22.5
bgc_9.prev_step_output\[10\],22.5
net1197,22.45
net515,22.45
adder_tree._0506_,22.45
bgc_0.comp_row.GR_bits\[3\],22.45
bgc_1.comp_col._07_,22.45
bgc_1.comp_col.pe1._15_,22.45
bgc_10.comp_col.GL_bits\[3\],22.45
bgc_10.comp_row.GL_index\[1\],22.45
bgc_10.final_counter._17_,22.45
bgc_11.comp_col.GL_bits\[3\],22.45
bgc_13.comp_row.pe2._14_,22.45
bgc_14.final_counter._04_,22.45
bgc_15.comp_row.GL_index\[3\],22.45
bgc_15.comp_row._11_,22.45
bgc_15.prev_step_output\[11\],22.45
bgc_15.row_reg._000_\[10\],22.45
bgc_2.comp_row.GR_index\[3\],22.45
bgc_4.comp_row.pe2._14_,22.45
bgc_5.row_reg.mode\[1\],22.45
bgc_6.col_reg._000_\[9\],22.45
bgc_7.comp_col.pe1._15_,22.45
bgc_8.comp_row._04_,22.45
bgc_8.final_counter._14_,22.45
timer_inst.cycle_cnt\[2\],22.45
timer_inst.cycle_cnt\[9\],22.45
adder_tree._0439_,22.4
adder_tree._0642_,22.4
bgc_1.col_reg._040_,22.4
bgc_1.final_counter._22_,22.4
bgc_1.row_reg._016_,22.4
bgc_10.comp_col._11_,22.4
bgc_10.comp_col.pe1._16_,22.4
bgc_11.comp_col.pe1._14_,22.4
bgc_11.comp_col.pe1._16_,22.4
bgc_13.col_reg._000_\[3\],22.4
bgc_14.col_reg._000_\[9\],22.4
bgc_14.comp_col.GL_bits\[6\],22.4
bgc_15.comp_col.GL_bits\[2\],22.4
bgc_2.comp_col.pe1._13_,22.4
bgc_3.final_counter._00_\[10\],22.4
bgc_4.comp_col.GR_bits\[5\],22.4
bgc_5.comp_row._04_,22.4
bgc_6.col_reg._016_,22.4
bgc_8.comp_col.GL_bits\[5\],22.4
bgc_8.prev_step_output\[9\],22.4
bgc_9.comp_col._08_,22.4
bgc_9.final_counter._12_,22.04
bgc_5.prev_step_output\[5\],21.99
bgc_9.comp_row.GL_bits\[6\],21.99
adder_tree._0078_,21.94
adder_tree._0094_,21.94
adder_tree._0212_,21.94
bgc_0.comp_row._17_,21.94
bgc_1.comp_row.GL_index\[2\],21.94
bgc_11.prev_step_output\[10\],21.94
bgc_13.comp_row.GR_bits\[3\],21.94
bgc_14.comp_row._12_,21.94
bgc_2.comp_col.GL_bits\[5\],21.94
bgc_2.comp_row.GL_bits\[6\],21.94
bgc_5.comp_col.GR_bits\[9\],21.94
bgc_6.comp_row.GL_index\[1\],21.94
bgc_7.comp_row._15_,21.94
bgc_8.col_reg._000_\[5\],21.94
bgc_9.comp_row.B\[0\],21.94
timer_inst.cycle_cnt\[11\],21.94
net980,21.89
adder_tree._0355_,21.89
adder_tree._0554_,21.89
bgc_1.row_reg._002_,21.89
bgc_11.comp_col._12_,21.89
bgc_11.comp_row.GL_bits\[4\],21.89
bgc_12.col_reg.q\[0\],21.89
bgc_13.comp_col.pe2._15_,21.89
bgc_13.comp_row.pe1._03_,21.89
bgc_14.comp_col.GL_bits\[9\],21.89
bgc_14.comp_row.pe1._15_,21.89
bgc_2.comp_row._15_,21.89
bgc_4.col_reg._000_\[1\],21.89
bgc_4.comp_col.GL_bits\[11\],21.89
bgc_4.comp_col.GL_bits\[3\],21.89
bgc_4.comp_col.pe2._09_,21.89
bgc_5.comp_row.GL_bits\[3\],21.89
bgc_5.final_counter._14_,21.89
bgc_7.comp_row.A\[0\],21.89
bgc_8.col_reg._003_,21.89
bgc_8.comp_row.pe2._10_,21.89
bgc_9.row_reg._000_\[5\],21.89
lfsr_enabler._01_\[4\],21.89
lfsr_enabler.row_load_count\[0\],21.89
adder_tree._0150_,21.84
adder_tree._0325_,21.84
adder_tree.r\[7\]\[2\],21.84
bgc_0.comp_row._05_,21.84
bgc_0.comp_row.pe1._14_,21.84
bgc_11.final_counter._17_,21.84
bgc_12.comp_col._02_,21.84
bgc_13.comp_col.pe1._12_,21.84
bgc_13.comp_row._07_,21.84
bgc_13.comp_row._13_,21.84
bgc_13.comp_row.pe2._08_,21.84
bgc_14.comp_row.GR_bits\[5\],21.84
bgc_15.comp_row.GR_bits\[3\],21.84
bgc_2.comp_row.GR_bits\[3\],21.84
bgc_5.final_counter._00_\[11\],21.84
res_mem_inst._010_,21.84
bgc_10.prev_step_output\[6\],21.43
bgc_13.comp_row.GR_bits\[6\],21.43
adder_tree._0408_,21.38
bgc_0.comp_col.GL_index\[2\],21.38
bgc_1.comp_row._07_,21.38
bgc_1.prev_step_output\[1\],21.38
bgc_13.comp_row.pe2._09_,21.38
bgc_13.final_counter._01_,21.38
bgc_13.final_counter._22_,21.38
bgc_14.col_reg.mode\[0\],21.38
bgc_14.comp_row._09_,21.38
bgc_15.comp_col.GR_bits\[11\],21.38
bgc_3.comp_col.A\[0\],21.38
bgc_7.comp_col.GR_bits\[6\],21.38
bgc_7.comp_row.GR_bits\[11\],21.38
bgc_7.comp_row.pe2._13_,21.38
adder_tree._0022_,21.33
adder_tree._0026_,21.33
adder_tree._0320_,21.33
adder_tree._0418_,21.33
adder_tree._0463_,21.33
adder_tree.r\[7\]\[5\],21.33
bgc_0.comp_col.GL_bits\[4\],21.33
bgc_1.comp_col._04_,21.33
bgc_1.comp_row._09_,21.33
bgc_1.comp_row.pe2._15_,21.33
bgc_1.final_counter._14_,21.33
bgc_1.lfsr_col._00_\[2\],21.33
bgc_12.comp_row.pe2._03_,21.33
bgc_13.comp_col.pe1._16_,21.33
bgc_13.row_reg._000_\[2\],21.33
bgc_14.col_reg._000_\[11\],21.33
bgc_14.comp_row._13_,21.33
bgc_14.prev_step_output\[4\],21.33
bgc_2.comp_col._03_,21.33
bgc_4.lfsr_row._00_\[10\],21.33
bgc_5.comp_col._16_,21.33
bgc_6.row_reg._000_\[9\],21.33
bgc_7.comp_row._13_,21.33
bgc_8.row_reg._000_\[0\],21.33
bgc_9.comp_col.pe1._14_,21.33
res_mem_inst._019_,21.33
bgc_0.col_reg._036_,21.28
bgc_0.comp_col._07_,21.28
bgc_1.comp_row.GL_bits\[6\],21.28
bgc_13.comp_col._04_,21.28
bgc_13.comp_col.pe1._14_,21.28
bgc_2.comp_col._07_,21.28
bgc_3.col_reg._040_,21.28
bgc_4.comp_col._05_,21.28
bgc_7.comp_row.pe2._08_,21.28
bgc_7.final_counter._01_,21.28
bgc_8.col_reg._024_,21.28
bgc_8.row_reg._031_,21.28
bgc_9.comp_col._13_,21.28
res_mem_inst.slot\[15\].slot_reg._021_,21.28
bgc_2.comp_col.GR_bits\[5\],20.92
bgc_4.comp_col._06_,20.92
bgc_12.final_counter._06_,20.87
bgc_15.comp_row._08_,20.87
bgc_7.comp_col.pe1._13_,20.87
adder_tree._0240_,20.82
adder_tree._0516_,20.82
bgc_1.comp_row.GR_bits\[6\],20.82
bgc_12.comp_col.GR_bits\[3\],20.82
bgc_13.col_reg._000_\[1\],20.82
bgc_14.comp_row._04_,20.82
bgc_15.comp_row._09_,20.82
bgc_3.col_reg.mode\[1\],20.82
bgc_7.comp_col.GL_bits\[3\],20.82
bgc_7.comp_row.GR_bits\[5\],20.82
bgc_8.comp_col.GL_bits\[8\],20.82
bgc_9.comp_row._16_,20.82
res_mem_inst.slot\[11\].slot_reg.mode\[1\],20.82
net114,20.77
net197,20.77
adder_tree._0670_,20.77
adder_tree._0674_,20.77
bgc_0.col_reg._000_\[1\],20.77
bgc_0.comp_row._16_,20.77
bgc_0.final_counter._00_\[11\],20.77
bgc_1.comp_row.GR_bits\[5\],20.77
bgc_1.comp_row._12_,20.77
bgc_1.comp_row._13_,20.77
bgc_11.comp_col.GR_bits\[8\],20.77
bgc_13.comp_row._16_,20.77
bgc_13.final_counter._00_\[4\],20.77
bgc_13.lfsr_col._14_,20.77
bgc_2.col_reg._028_,20.77
bgc_2.comp_row.B\[0\],20.77
bgc_2.row_reg.mode\[1\],20.77
bgc_4.comp_col.GR_bits\[4\],20.77
bgc_4.comp_col.GR_bits\[9\],20.77
bgc_4.comp_row.GL_bits\[6\],20.77
bgc_6.final_counter._00_\[10\],20.77
bgc_7.final_counter._15_,20.77
bgc_8.comp_col.GL_bits\[7\],20.77
bgc_8.comp_row.pe1._11_,20.77
bgc_9.comp_col.GL_bits\[3\],20.77
bgc_9.comp_col._07_,20.77
bgc_9.comp_row.GR_bits\[9\],20.77
bgc_9.final_counter._03_,20.77
bgc_9.final_counter._04_,20.77
res_mem_inst.slot\[14\].slot_reg._016_,20.77
res_mem_inst.slot\[14\].slot_reg.mode\[0\],20.77
res_mem_inst.slot\[15\].slot_reg._020_,20.77
res_mem_inst.slot\[9\].slot_reg._044_,20.77
net1145,20.72
adder_tree._0329_,20.72
bgc_0.comp_row.pe1._10_,20.72
bgc_0.comp_row.pe2._10_,20.72
bgc_12.lfsr_col._00_\[4\],20.72
bgc_13.comp_col._17_,20.72
bgc_15.comp_col.pe2._14_,20.72
bgc_15.comp_row.pe1._03_,20.72
bgc_2.comp_col.GL_bits\[11\],20.72
bgc_3.comp_col.GL_bits\[10\],20.72
bgc_4.comp_col._09_,20.72
bgc_5.lfsr_col._18_,20.72
bgc_6.col_reg._036_,20.72
bgc_6.comp_row.GR_bits\[11\],20.72
bgc_7.col_reg._000_\[10\],20.72
bgc_8.comp_col.GL_index\[3\],20.72
bgc_8.comp_row.GL_bits\[9\],20.72
res_mem_inst.slot\[4\].slot_reg._000_\[4\],20.72
timer_inst._01_\[2\],20.72
timer_inst._01_\[5\],20.72
rst_n,20.63
bgc_12.comp_row.GR_bits\[6\],20.46
adder_tree._0609_,20.31
bgc_1.comp_col.pe1._06_,20.31
bgc_11.comp_col._08_,20.31
bgc_4.final_counter._04_,20.31
adder_tree._0013_,20.26
bgc_0.comp_col.pe1._13_,20.26
bgc_0.comp_row._09_,20.26
bgc_0.lfsr_col._00_\[11\],20.26
bgc_10.comp_col.GR_bits\[4\],20.26
bgc_10.comp_row._11_,20.26
bgc_12.comp_col.GL_bits\[3\],20.26
bgc_12.comp_row.GR_bits\[3\],20.26
bgc_12.comp_row.GR_bits\[4\],20.26
bgc_13.comp_col.GL_bits\[9\],20.26
bgc_14.comp_col.pe1._13_,20.26
bgc_14.comp_col.pe2._09_,20.26
bgc_15.comp_col.GL_bits\[9\],20.26
bgc_4.comp_col.GL_bits\[5\],20.26
bgc_4.comp_row.pe1._07_,20.26
bgc_5.col_reg._000_\[11\],20.26
bgc_6.comp_row.GL_bits\[4\],20.26
bgc_7.comp_col.GL_index\[2\],20.26
lfsr_enabler.row_load_count\[4\],20.26
adder_tree._0414_,20.21
adder_tree._0574_,20.21
adder_tree.r\[4\]\[5\],20.21
bgc_0.final_counter._06_,20.21
bgc_1.comp_row.GR_bits\[4\],20.21
bgc_1.comp_row._02_,20.21
bgc_1.final_counter._00_\[11\],20.21
bgc_11.final_counter._12_,20.21
bgc_11.lfsr_row._00_\[11\],20.21
bgc_3.comp_col.GR_bits\[11\],20.21
bgc_4.col_reg._000_\[3\],20.21
bgc_4.comp_col.GL_bits\[4\],20.21
bgc_6.comp_col.pe2._12_,20.21
bgc_6.final_counter._00_\[11\],20.21
bgc_7.comp_col._03_,20.21
bgc_8.comp_col.pe1._03_,20.21
bgc_8.comp_row.GL_index\[3\],20.21
bgc_9.comp_col.pe2._12_,20.21
res_mem_inst.slot\[13\].slot_reg._000_\[3\],20.21
res_mem_inst.slot\[4\].slot_reg._000_\[3\],20.21
res_mem_inst.slot\[4\].slot_reg._016_,20.21
timer_inst.cycle_cnt\[3\],20.21
_04_,20.16
net662,20.16
adder_tree._0190_,20.16
adder_tree._0701_,20.16
bgc_0.col_reg._000_\[0\],20.16
bgc_1.comp_row.pe2._03_,20.16
bgc_10.comp_row._10_,20.16
bgc_11.comp_row.pe2._12_,20.16
bgc_12.col_reg._030_,20.16
bgc_12.comp_col.GR_bits\[6\],20.16
bgc_13.comp_col.pe1._15_,20.16
bgc_14.comp_row.GR_bits\[0\],20.16
bgc_2.col_reg._022_,20.16
bgc_2.lfsr_col.seed_mem\[0\],20.16
bgc_4.comp_row.A\[0\],20.16
bgc_5.comp_col.pe1._01_,20.16
bgc_5.comp_row.GR_bits\[7\],20.16
bgc_5.lfsr_col._00_\[7\],20.16
bgc_6.lfsr_row._26_,20.16
bgc_7.col_reg._000_\[1\],20.16
bgc_7.comp_col.GL_bits\[4\],20.16
bgc_9.comp_col._10_,20.16
res_mem_inst.slot\[9\].slot_reg._017_,20.16
bgc_3.final_counter._04_,19.8
bgc_8.comp_row.pe2._15_,19.8
bgc_1.comp_col._03_,19.75
bgc_11.comp_col._04_,19.75
bgc_12.comp_row.GL_bits\[4\],19.75
bgc_14.final_counter._03_,19.75
bgc_14.lfsr_row.seed_mem\[11\],19.75
bgc_15.comp_row._06_,19.75
bgc_7.comp_row.GL_bits\[6\],19.75
bgc_7.comp_row.GL_index\[1\],19.75
adder_tree.r\[9\]\[2\],19.7
bgc_0.comp_row.GR_bits\[4\],19.7
bgc_10.comp_col.GR_bits\[5\],19.7
bgc_11.comp_col._06_,19.7
bgc_13.comp_col.GR_bits\[11\],19.7
bgc_13.comp_row.GL_bits\[3\],19.7
bgc_14.comp_col.pe1._14_,19.7
bgc_14.row_reg.mode\[0\],19.7
bgc_15.comp_row.GR_bits\[2\],19.7
bgc_15.row_reg.mode\[1\],19.7
bgc_2.comp_row.GR_bits\[11\],19.7
bgc_5.comp_col._09_,19.7
bgc_5.lfsr_col.seed_mem\[0\],19.7
bgc_6.comp_row.GR_bits\[8\],19.7
bgc_8.comp_row.pe1._15_,19.7
res_mem_inst.slot\[0\].slot_reg._016_,19.7
res_mem_inst.slot\[6\].slot_reg._016_,19.7
adder_tree._0307_,19.65
adder_tree._0351_,19.65
adder_tree._0382_,19.65
bgc_0.comp_col.pe1._16_,19.65
bgc_0.comp_row.A\[0\],19.65
bgc_0.comp_row.GL_bits\[4\],19.65
bgc_1.comp_col.GL_bits\[5\],19.65
bgc_1.lfsr_col._00_\[10\],19.65
bgc_10.comp_col.pe2._07_,19.65
bgc_10.final_counter._00_\[7\],19.65
bgc_11.comp_col.pe2._16_,19.65
bgc_13.final_counter._03_,19.65
bgc_14.comp_col.pe2._15_,19.65
bgc_14.comp_row.A\[0\],19.65
bgc_15.comp_col._12_,19.65
bgc_15.comp_row.GL_bits\[5\],19.65
bgc_4.col_reg._009_,19.65
bgc_4.comp_row.pe1._10_,19.65
bgc_5.prev_step_output\[1\],19.65
bgc_6.row_reg._000_\[0\],19.65
bgc_8.comp_row.GL_index\[2\],19.65
bgc_8.comp_row.pe1._09_,19.65
net479,19.6
adder_tree._0136_,19.6
adder_tree._0195_,19.6
adder_tree._0245_,19.6
adder_tree._0297_,19.6
adder_tree._0621_,19.6
bgc_0.col_reg.q\[0\],19.6
bgc_0.comp_col._05_,19.6
bgc_1.col_reg._016_,19.6
bgc_1.comp_row.pe2._12_,19.6
bgc_1.lfsr_col.seed_mem\[11\],19.6
bgc_11.col_reg._037_,19.6
bgc_12.comp_row._04_,19.6
bgc_13.comp_row.GR_bits\[8\],19.6
bgc_2.comp_row.pe1._12_,19.6
bgc_3.comp_col._10_,19.6
bgc_3.comp_row._09_,19.6
bgc_5.col_data_in\[3\],19.6
bgc_5.col_reg._028_,19.6
bgc_5.comp_col.GL_index\[3\],19.6
bgc_8.col_reg._034_,19.6
bgc_8.comp_row._15_,19.6
bgc_9.comp_col.pe1._07_,19.6
bgc_14.comp_col.GR_bits\[4\],19.24
bgc_7.comp_row.GL_bits\[3\],19.24
adder_tree._0060_,19.19
bgc_10.comp_row._09_,19.19
bgc_15.comp_row.GR_bits\[4\],19.19
bgc_3.comp_col.GL_bits\[3\],19.19
lfsr_enabler._04_,19.19
adder_tree._0103_,19.14
adder_tree._0224_,19.14
adder_tree._0587_,19.14
bgc_0.final_counter._12_,19.14
bgc_0.lfsr_row._26_,19.14
bgc_1.col_reg._038_,19.14
bgc_10.col_reg._016_,19.14
bgc_13.comp_row.GL_bits\[6\],19.14
bgc_13.comp_row.GR_bits\[11\],19.14
bgc_15.comp_col.GL_index\[2\],19.14
bgc_2.comp_col._12_,19.14
bgc_3.comp_row.pe2._03_,19.14
bgc_4.final_counter._00_\[11\],19.14
bgc_5.col_reg.mode\[1\],19.14
bgc_7.col_reg.mode\[1\],19.14
bgc_9.comp_col.GL_bits\[6\],19.14
adder_tree._0464_,19.09
bgc_0.col_reg._000_\[2\],19.09
bgc_0.prev_step_output\[11\],19.09
bgc_12.lfsr_row._26_,19.09
bgc_13.comp_col.pe2._10_,19.09
bgc_14.comp_col.pe2._12_,19.09
bgc_15.comp_row._17_,19.09
bgc_15.final_counter._14_,19.09
bgc_3.col_reg._034_,19.09
bgc_4.comp_col.GR_bits\[11\],19.09
bgc_4.comp_row.GR_bits\[5\],19.09
bgc_4.comp_row._15_,19.09
bgc_5.comp_row.pe2._09_,19.09
bgc_5.comp_row.pe2._12_,19.09
bgc_5.final_counter._00_\[0\],19.09
bgc_6.comp_col.GR_bits\[4\],19.09
bgc_6.comp_row.pe1._13_,19.09
bgc_7.comp_row._11_,19.09
bgc_8.comp_col._06_,19.09
bgc_8.comp_row.GL_index\[0\],19.09
bgc_8.final_counter._20_,19.09
bgc_9.lfsr_col._00_\[10\],19.09
res_mem_inst._001_\[5\],19.09
bgc_10.comp_col.pe1._14_,19.04
bgc_13.final_counter._04_,19.04
bgc_14.comp_row.pe2._14_,19.04
bgc_15.comp_row.pe1._14_,19.04
bgc_2.comp_col.GL_index\[2\],19.04
bgc_2.comp_col.pe1._14_,19.04
bgc_4.comp_col._04_,19.04
bgc_7.comp_col.GL_index\[1\],19.04
bgc_7.final_counter._26_,19.04
bgc_9.comp_col.GR_bits\[4\],19.04
res_mem_inst.slot\[10\].slot_reg._007_,19.04
res_mem_inst.slot\[14\].slot_reg._000_\[7\],19.04
bgc_2.comp_col._09_,18.81
bgc_3.comp_row.pe1._06_,18.68
bgc_6.comp_col.GL_bits\[3\],18.68
bgc_10.comp_row.GL_bits\[4\],18.63
bgc_11.comp_col.GL_bits\[6\],18.63
bgc_12.comp_row.GL_bits\[8\],18.63
bgc_15.comp_row.pe2._15_,18.63
bgc_4.final_counter._12_,18.63
bgc_5.comp_col.GR_bits\[6\],18.63
bgc_7.comp_row.GR_bits\[3\],18.63
adder_tree._0167_,18.58
adder_tree._0193_,18.58
bgc_1.comp_col.GL_bits\[6\],18.58
bgc_1.comp_row.pe1._15_,18.58
bgc_10.comp_col._08_,18.58
bgc_11.col_reg._028_,18.58
bgc_11.comp_col.GL_bits\[5\],18.58
bgc_3.comp_row.GL_bits\[3\],18.58
bgc_3.comp_row.GL_bits\[5\],18.58
bgc_4.comp_col.GL_bits\[6\],18.58
bgc_4.comp_col.GR_bits\[8\],18.58
bgc_5.comp_col.GR_bits\[3\],18.58
bgc_5.lfsr_col._26_,18.58
bgc_6.comp_col.A\[0\],18.58
bgc_6.comp_col._04_,18.58
bgc_6.prev_step_output\[5\],18.58
bgc_7.final_counter._00_\[11\],18.58
bgc_8.comp_row.GR_bits\[6\],18.58
bgc_8.prev_step_output\[8\],18.58
bgc_9.comp_col.GL_bits\[5\],18.58
bgc_9.row_reg.mode\[1\],18.58
timer_inst._01_\[11\],18.58
adder_tree._0275_,18.53
adder_tree._0417_,18.53
adder_tree._0488_,18.53
bgc_10.col_reg._000_\[1\],18.53
bgc_11.comp_row._14_,18.53
bgc_13.final_counter._23_,18.53
bgc_14.comp_row.GL_bits\[11\],18.53
bgc_15.comp_row.GL_bits\[10\],18.53
bgc_15.comp_row.pe2._03_,18.53
bgc_2.comp_col.x,18.53
bgc_3.comp_row.A\[0\],18.53
bgc_3.final_counter._23_,18.53
bgc_3.lfsr_col._26_,18.53
bgc_4.col_reg.mode\[0\],18.53
bgc_4.row_reg._000_\[11\],18.53
bgc_6.comp_row.GL_bits\[2\],18.53
bgc_7.comp_col.pe1._14_,18.53
bgc_7.final_counter._00_\[6\],18.53
bgc_8.col_data_in\[9\],18.53
bgc_9.comp_col.pe2._16_,18.53
bgc_9.comp_row.GR_bits\[6\],18.53
bgc_9.comp_row._12_,18.53
bgc_9.comp_row.pe1._12_,18.53
res_mem_inst.slot\[0\].slot_reg._000_\[1\],18.53
res_mem_inst.slot\[8\].slot_reg._000_\[8\],18.53
timer_inst.cycle_cnt\[6\],18.53
clknet_leaf_50_clk,18.53
net173,18.48
net179,18.48
adder_tree._0018_,18.48
adder_tree._0181_,18.48
adder_tree._0430_,18.48
bgc_0.comp_row.GR_bits\[5\],18.48
bgc_10.col_reg._039_,18.48
bgc_12.comp_col.GR_bits\[10\],18.48
bgc_12.row_reg._000_\[7\],18.48
bgc_13.col_reg._000_\[0\],18.48
bgc_13.col_reg._000_\[2\],18.48
bgc_13.col_reg._016_,18.48
bgc_13.comp_col.pe2._08_,18.48
bgc_14.comp_col._07_,18.48
bgc_14.comp_col._12_,18.48
bgc_14.comp_row.GR_bits\[3\],18.48
bgc_15.comp_row.GL_bits\[9\],18.48
bgc_15.comp_row.pe2._12_,18.48
bgc_15.final_counter._19_,18.48
bgc_15.row_reg._016_,18.48
bgc_2.row_reg._016_,18.48
bgc_3.col_reg._016_,18.48
bgc_3.comp_row._13_,18.48
bgc_5.comp_row.GL_bits\[0\],18.48
bgc_5.comp_row.pe1._03_,18.48
bgc_6.comp_col.GR_bits\[3\],18.48
bgc_6.comp_col._03_,18.48
bgc_6.comp_col._12_,18.48
bgc_7.comp_row._00_,18.48
bgc_9.comp_row.pe2._12_,18.48
res_mem_inst.slot\[0\].slot_reg._000_\[3\],18.48
res_mem_inst.slot\[5\].slot_reg._039_,18.48
bgc_0.comp_col.GL_bits\[3\],18.12
bgc_10.comp_row.GR_bits\[4\],18.12
bgc_12.comp_row.pe2._15_,18.12
adder_tree._0517_,18.07
bgc_0.comp_col.GR_bits\[4\],18.07
bgc_1.comp_col.GR_bits\[5\],18.07
bgc_1.comp_row.pe1._03_,18.07
bgc_11.comp_row.pe1._15_,18.07
bgc_6.comp_row.GL_index\[2\],18.07
bgc_9.comp_col.GL_bits\[4\],18.07
adder_tree.r\[4\]\[11\],18.02
bgc_0.comp_col.GL_bits\[6\],18.02
bgc_11.final_counter._06_,18.02
bgc_13.comp_row.GL_bits\[5\],18.02
bgc_13.comp_row.pe2._10_,18.02
bgc_14.row_reg._016_,18.02
bgc_15.comp_col.GR_bits\[2\],18.02
bgc_4.comp_row.GR_bits\[6\],18.02
bgc_5.comp_col.GL_bits\[5\],18.02
bgc_7.comp_col.GR_bits\[4\],18.02
bgc_8.final_counter._19_,18.02
adder_tree._0387_,17.97
adder_tree._0412_,17.97
adder_tree._0496_,17.97
adder_tree._0504_,17.97
adder_tree._0641_,17.97
bgc_0.comp_col.GR_bits\[11\],17.97
bgc_0.comp_row._06_,17.97
bgc_0.lfsr_col._00_\[6\],17.97
bgc_1.col_reg._000_\[9\],17.97
bgc_1.comp_col.GR_bits\[10\],17.97
bgc_10.col_reg._024_,17.97
bgc_10.comp_row.GR_bits\[3\],17.97
bgc_11.comp_row.pe2._15_,17.97
bgc_12.comp_row.GL_index\[1\],17.97
bgc_12.comp_row.GR_bits\[5\],17.97
bgc_13.comp_col.GL_index\[3\],17.97
bgc_14.final_counter._06_,17.97
bgc_15.comp_row._13_,17.97
bgc_2.lfsr_row._00_\[0\],17.97
bgc_3.comp_col.pe1._12_,17.97
bgc_4.col_reg._000_\[8\],17.97
bgc_4.comp_col.pe1._12_,17.97
bgc_4.comp_row._09_,17.97
bgc_5.col_reg._004_,17.97
bgc_5.comp_row.pe1._12_,17.97
bgc_5.final_counter._00_\[8\],17.97
bgc_6.col_reg._021_,17.97
bgc_6.comp_col.GL_index\[3\],17.97
bgc_6.comp_col._14_,17.97
bgc_8.col_reg._006_,17.97
bgc_8.comp_row.pe2._12_,17.97
bgc_8.prev_step_output\[4\],17.97
res_mem_inst.shift_cycle_count\[5\],17.97
adder_tree._0160_,17.92
adder_tree._0266_,17.92
adder_tree._0401_,17.92
adder_tree._0612_,17.92
bgc_10.comp_col._15_,17.92
bgc_11.comp_col.pe2._09_,17.92
bgc_11.comp_row._16_,17.92
bgc_12.comp_row.pe2._11_,17.92
bgc_13.comp_col.GL_bits\[11\],17.92
bgc_14.lfsr_row._00_\[0\],17.92
bgc_15.comp_row.GR_bits\[11\],17.92
bgc_15.comp_row.pe1._10_,17.92
bgc_3.comp_col._06_,17.92
bgc_3.comp_row.GL_bits\[10\],17.92
bgc_3.final_counter._00_\[9\],17.92
bgc_3.lfsr_col._23_,17.92
bgc_4.col_reg._030_,17.92
bgc_4.comp_row._17_,17.92
bgc_5.lfsr_col._00_\[10\],17.92
bgc_8.comp_col.GR_index\[3\],17.92
bgc_8.comp_row._09_,17.92
bgc_9.comp_row.A\[0\],17.92
res_mem_inst.slot\[2\].slot_reg._036_,17.92
bgc_0.final_counter._03_,17.56
bgc_13.comp_col.GL_bits\[4\],17.51
bgc_15.comp_row.GL_bits\[6\],17.51
bgc_2.comp_row.pe2._03_,17.51
bgc_0.comp_col.GL_bits\[5\],17.46
bgc_0.comp_col.GR_bits\[3\],17.46
bgc_0.comp_col.GR_bits\[5\],17.46
bgc_0.comp_col.pe2._12_,17.46
bgc_1.comp_col._10_,17.46
bgc_1.comp_col._16_,17.46
bgc_10.comp_col.pe2._03_,17.46
bgc_10.comp_row.pe1._13_,17.46
bgc_11.comp_col.GR_bits\[7\],17.46
bgc_12.comp_row.GL_bits\[6\],17.46
bgc_15.col_reg._038_,17.46
bgc_15.comp_row.GR_bits\[6\],17.46
bgc_3.comp_col.pe1._07_,17.46
bgc_4.row_reg._000_\[0\],17.46
bgc_5.col_reg._016_,17.46
bgc_5.comp_row.GL_bits\[6\],17.46
bgc_6.final_counter._03_,17.46
bgc_7.comp_row.GL_bits\[8\],17.46
bgc_8.comp_col._14_,17.46
bgc_8.comp_row.GR_bits\[4\],17.46
net998,17.41
net1211,17.41
net620,17.41
net709,17.41
adder_tree._0010_,17.41
adder_tree._0127_,17.41
adder_tree._0572_,17.41
bgc_1.col_reg._002_,17.41
bgc_1.comp_col._02_,17.41
bgc_1.row_reg._009_,17.41
bgc_10.comp_row.GR_bits\[2\],17.41
bgc_10.final_counter._00_\[11\],17.41
bgc_11.comp_row.GL_index\[3\],17.41
bgc_13.comp_row._09_,17.41
bgc_14.comp_col.GL_bits\[8\],17.41
bgc_14.row_reg._000_\[0\],17.41
bgc_15.comp_col.GR_bits\[3\],17.41
bgc_15.final_counter._00_\[1\],17.41
bgc_2.comp_col.GR_bits\[2\],17.41
bgc_2.comp_row.GL_index\[3\],17.41
bgc_2.comp_row.pe1._09_,17.41
bgc_2.final_counter._06_,17.41
bgc_3.comp_col._11_,17.41
bgc_3.comp_row.pe1._14_,17.41
bgc_3.comp_row.pe2._16_,17.41
bgc_4.row_reg._019_,17.41
bgc_5.comp_col.GL_bits\[6\],17.41
bgc_7.col_data_in\[7\],17.41
bgc_7.col_reg._034_,17.41
bgc_7.comp_col.GL_bits\[6\],17.41
bgc_7.comp_col.GR_bits\[3\],17.41
bgc_7.row_reg._017_,17.41
bgc_8.col_reg._031_,17.41
bgc_8.comp_col.GR_bits\[6\],17.41
bgc_8.comp_row._11_,17.41
bgc_9.comp_col.pe1._06_,17.41
bgc_9.row_reg._000_\[0\],17.41
res_mem_inst._011_,17.41
res_mem_inst.slot\[13\].slot_reg._000_\[1\],17.41
res_mem_inst.slot\[1\].slot_reg._006_,17.41
res_mem_inst.slot\[1\].slot_reg.mode\[0\],17.41
res_mem_inst.slot\[4\].slot_reg._000_\[0\],17.41
timer_inst._01_\[1\],17.41
timer_inst.cycle_cnt\[8\],17.41
net1462,17.36
net216,17.36
net290,17.36
adder_tree._0014_,17.36
adder_tree._0144_,17.36
adder_tree._0422_,17.36
adder_tree._0564_,17.36
bgc_0.final_counter._18_,17.36
bgc_1.comp_row.pe2._14_,17.36
bgc_10.col_reg.mode\[1\],17.36
bgc_10.comp_col.pe2._12_,17.36
bgc_11.final_counter._14_,17.36
bgc_12.final_counter._14_,17.36
bgc_14.col_reg._034_,17.36
bgc_3.comp_col.GL_bits\[6\],17.36
bgc_3.comp_row._14_,17.36
bgc_4.comp_row.pe1._12_,17.36
bgc_5.comp_col.pe1._14_,17.36
bgc_5.final_counter._04_,17.36
bgc_6.comp_col._06_,17.36
bgc_6.comp_row.GL_bits\[10\],17.36
bgc_7.comp_row.pe1._16_,17.36
bgc_7.row_reg._000_\[11\],17.36
bgc_8.comp_row.A\[0\],17.36
bgc_8.comp_row.GL_index\[1\],17.36
bgc_8.comp_row._12_,17.36
bgc_8.final_counter._00_\[5\],17.36
bgc_8.final_counter._21_,17.36
bgc_9.comp_row.GR_bits\[0\],17.36
bgc_7.comp_col.GL_bits\[5\],17.18
bgc_12.comp_col.pe2._15_,17
bgc_0.comp_col.A\[0\],16.95
bgc_0.comp_row.GR_bits\[6\],16.95
bgc_1.comp_col.GR_bits\[4\],16.95
bgc_11.comp_row.GL_bits\[5\],16.95
bgc_12.comp_row.GL_bits\[5\],16.95
bgc_13.comp_col.pe2._03_,16.95
bgc_5.comp_col._15_,16.95
bgc_6.comp_row.GL_bits\[6\],16.95
bgc_8.comp_row.GR_bits\[3\],16.95
bgc_9.prev_step_output\[11\],16.95
adder_tree._0035_,16.9
adder_tree._0058_,16.9
bgc_0.col_data_in\[10\],16.9
bgc_0.final_counter._04_,16.9
bgc_1.final_counter._19_,16.9
bgc_10.comp_row.GR_bits\[6\],16.9
bgc_12.comp_col.pe1._03_,16.9
bgc_12.comp_row.GR_bits\[0\],16.9
bgc_14.comp_row.GR_bits\[11\],16.9
bgc_15.comp_col.GL_bits\[6\],16.9
bgc_15.comp_row.pe1._15_,16.9
bgc_15.row_reg._008_,16.9
bgc_2.comp_col.GR_bits\[3\],16.9
bgc_5.row_reg.mode\[0\],16.9
bgc_6.comp_row.GR_bits\[4\],16.9
bgc_6.comp_row.pe1._15_,16.9
bgc_6.prev_step_output\[7\],16.9
bgc_7.comp_col.GR_bits\[5\],16.9
bgc_7.prev_step_output\[11\],16.9
bgc_8.comp_col.GL_bits\[4\],16.9
bgc_9.comp_row.GL_bits\[5\],16.9
res_mem_inst.slot\[13\].slot_reg._000_\[2\],16.9
res_mem_inst.slot\[7\].slot_reg._000_\[4\],16.9
net896,16.85
net1023,16.85
net1170,16.85
net207,16.85
net745,16.85
adder_tree._0015_,16.85
adder_tree._0067_,16.85
adder_tree._0099_,16.85
adder_tree._0306_,16.85
adder_tree._0477_,16.85
bgc_0.final_counter._19_,16.85
bgc_0.row_reg.mode\[1\],16.85
bgc_1.comp_col._19_,16.85
bgc_1.comp_row._18_,16.85
bgc_10.comp_col.GR_bits\[0\],16.85
bgc_10.comp_col._09_,16.85
bgc_11.comp_col.GL_bits\[7\],16.85
bgc_11.comp_row.GR_bits\[6\],16.85
bgc_12.comp_col.pe1._12_,16.85
bgc_12.comp_row.GL_index\[2\],16.85
bgc_12.comp_row.pe1._14_,16.85
bgc_13.col_reg.mode\[1\],16.85
bgc_13.comp_col.GL_bits\[3\],16.85
bgc_13.comp_row._03_,16.85
bgc_13.row_reg._000_\[9\],16.85
bgc_14.col_reg._000_\[10\],16.85
bgc_14.comp_col.pe1._16_,16.85
bgc_15.final_counter._04_,16.85
bgc_15.row_reg._000_\[4\],16.85
bgc_2.col_reg._034_,16.85
bgc_2.comp_row._16_,16.85
bgc_3.col_reg._000_\[10\],16.85
bgc_3.final_counter._00_\[1\],16.85
bgc_3.final_counter._00_\[4\],16.85
bgc_4.col_reg._000_\[2\],16.85
bgc_4.comp_row.pe2._12_,16.85
bgc_6.comp_col.pe1._07_,16.85
bgc_6.final_counter._26_,16.85
bgc_6.row_reg._000_\[3\],16.85
bgc_7.col_reg._031_,16.85
bgc_7.comp_row._17_,16.85
bgc_9.final_counter._00_\[4\],16.85
lfsr_enabler._01_\[1\],16.85
lfsr_enabler._09_,16.85
res_mem_inst.shift_cycle_count\[3\],16.85
res_mem_inst.slot\[0\].slot_reg._000_\[2\],16.85
res_mem_inst.slot\[10\].slot_reg._016_,16.85
res_mem_inst.slot\[11\].slot_reg._039_,16.85
res_mem_inst.slot\[12\].slot_reg._016_,16.85
timer_inst._02_,16.85
net1025,16.8
net190,16.8
net368,16.8
net613,16.8
adder_tree._0622_,16.8
adder_tree._0689_,16.8
bgc_1.comp_col.pe2._12_,16.8
bgc_1.final_counter._00_\[4\],16.8
bgc_1.final_counter._04_,16.8
bgc_10.comp_row.GR_bits\[5\],16.8
bgc_10.row_reg.mode\[1\],16.8
bgc_11.comp_col.pe1._09_,16.8
bgc_11.comp_col.pe2._12_,16.8
bgc_11.lfsr_col._13_,16.8
bgc_12.comp_col.pe2._12_,16.8
bgc_13.comp_col._15_,16.8
bgc_14.col_reg._018_,16.8
bgc_14.final_counter._00_\[3\],16.8
bgc_15.comp_row.GL_bits\[4\],16.8
bgc_15.final_counter._03_,16.8
bgc_15.final_counter._07_,16.8
bgc_15.lfsr_col._00_\[10\],16.8
bgc_2.comp_col.GL_bits\[10\],16.8
bgc_2.comp_row.GL_bits\[5\],16.8
bgc_2.comp_row.GL_bits\[9\],16.8
bgc_2.comp_row.pe2._09_,16.8
bgc_2.row_reg._000_\[5\],16.8
bgc_3.comp_col.pe1._01_,16.8
bgc_5.comp_row.A\[7\],16.8
bgc_7.comp_col.pe1._09_,16.8
bgc_7.comp_row.pe1._03_,16.8
bgc_7.comp_row.pe2._12_,16.8
bgc_8.col_data_in\[11\],16.8
bgc_8.comp_col.pe2._12_,16.8
bgc_9.comp_col.GL_bits\[7\],16.8
bgc_9.comp_row.pe1._03_,16.8
res_mem_inst.slot\[13\].slot_reg._039_,16.8
spi_out0,16.71
adder_tree._0056_,16.39
adder_tree._0519_,16.39
bgc_0.col_reg.mode\[1\],16.39
bgc_10.comp_col.pe1._15_,16.39
bgc_11.comp_row._06_,16.39
bgc_15.comp_row.GL_bits\[11\],16.39
bgc_6.comp_row.GR_bits\[5\],16.39
bgc_7.final_counter._04_,16.39
adder_tree._0149_,16.34
adder_tree._0327_,16.34
bgc_1.col_reg._020_,16.34
bgc_1.comp_col.GL_bits\[9\],16.34
bgc_10.comp_col._12_,16.34
bgc_10.comp_row.pe2._07_,16.34
bgc_11.col_reg.mode\[1\],16.34
bgc_13.comp_col.GL_bits\[6\],16.34
bgc_14.comp_col.GL_bits\[5\],16.34
bgc_14.comp_row.GL_index\[2\],16.34
bgc_14.final_counter._12_,16.34
bgc_2.comp_col._05_,16.34
bgc_2.comp_row.pe1._15_,16.34
bgc_3.col_reg.mode\[0\],16.34
bgc_3.comp_col.GL_bits\[5\],16.34
bgc_3.comp_col.pe1._03_,16.34
bgc_3.comp_row.GL_index\[2\],16.34
bgc_4.comp_col.GL_index\[2\],16.34
bgc_4.comp_row.pe1._14_,16.34
bgc_6.comp_row.pe1._03_,16.34
bgc_9.comp_col.GR_bits\[6\],16.34
net1264,16.29
adder_tree._0230_,16.29
adder_tree._0567_,16.29
adder_tree._0590_,16.29
bgc_0.comp_col._06_,16.29
bgc_0.final_counter._07_,16.29
bgc_1.comp_col._11_,16.29
bgc_1.comp_row.GL_bits\[3\],16.29
bgc_11.col_reg._032_,16.29
bgc_11.lfsr_row._15_,16.29
bgc_11.prev_step_output\[1\],16.29
bgc_12.comp_col.pe1._15_,16.29
bgc_12.final_counter._00_\[6\],16.29
bgc_12.row_reg._030_,16.29
bgc_13.comp_row.pe1._12_,16.29
bgc_13.final_counter._19_,16.29
bgc_14.col_reg._028_,16.29
bgc_14.col_reg.mode\[1\],16.29
bgc_14.comp_col._04_,16.29
bgc_15.comp_col.GL_bits\[5\],16.29
bgc_15.comp_col.GR_index\[2\],16.29
bgc_15.row_reg._037_,16.29
bgc_2.comp_col.GR_bits\[4\],16.29
bgc_2.final_counter._20_,16.29
bgc_3.comp_row.pe1._12_,16.29
bgc_4.lfsr_row._21_,16.29
bgc_4.row_reg._020_,16.29
bgc_5.col_reg._026_,16.29
bgc_5.final_counter._00_\[10\],16.29
bgc_5.final_counter._18_,16.29
bgc_6.comp_row.GL_bits\[5\],16.29
bgc_6.final_counter._00_\[4\],16.29
bgc_7.comp_col.A\[11\],16.29
bgc_7.comp_row.GR_index\[0\],16.29
bgc_8.col_data_in\[2\],16.29
bgc_8.comp_col._01_,16.29
bgc_9.comp_col._18_,16.29
res_mem_inst.slot\[13\].slot_reg._000_\[0\],16.29
res_mem_inst.slot\[14\].slot_reg._001_,16.29
res_mem_inst.slot\[2\].slot_reg._003_,16.29
net1370,16.24
net463,16.24
adder_tree._0121_,16.24
adder_tree._0138_,16.24
adder_tree._0154_,16.24
adder_tree._0182_,16.24
adder_tree._0214_,16.24
adder_tree._0346_,16.24
bgc_0.comp_row.pe1._12_,16.24
bgc_1.col_reg._036_,16.24
bgc_10.comp_col.pe1._10_,16.24
bgc_10.comp_row.pe2._12_,16.24
bgc_12.col_reg._000_\[1\],16.24
bgc_14.comp_col._02_,16.24
bgc_3.comp_row.GL_bits\[9\],16.24
bgc_3.final_counter._25_,16.24
bgc_4.col_reg._007_,16.24
bgc_4.col_reg._016_,16.24
bgc_4.comp_col.GL_bits\[10\],16.24
bgc_7.comp_row.pe2._03_,16.24
bgc_7.final_counter._14_,16.24
bgc_8.lfsr_col._00_\[3\],16.24
bgc_8.row_reg._000_\[8\],16.24
bgc_8.row_reg.mode\[1\],16.24
bgc_9.col_reg._000_\[0\],16.24
res_mem_inst.slot\[3\].slot_reg._037_,16.24
spi_in0,16.15
spi_out1,16.1
bgc_8.comp_row._05_,15.96
bgc_13.comp_col.GR_bits\[6\],15.93
bgc_12.comp_col.GR_bits\[4\],15.88
bgc_5.comp_row.GL_bits\[11\],15.88
bgc_1.comp_col.GR_bits\[9\],15.83
bgc_1.comp_row._05_,15.83
bgc_12.col_reg.mode\[1\],15.83
bgc_4.prev_step_output\[2\],15.83
res_mem_inst.group_active\[3\],15.83
adder_tree._0057_,15.78
bgc_0.comp_row.GL_bits\[7\],15.78
bgc_0.comp_row.GR_bits\[2\],15.78
bgc_0.final_counter._17_,15.78
bgc_1.col_reg._006_,15.78
bgc_1.final_counter._03_,15.78
bgc_1.row_reg._008_,15.78
bgc_10.col_reg.mode\[0\],15.78
bgc_10.comp_col.GL_index\[1\],15.78
bgc_10.comp_col.GR_bits\[8\],15.78
bgc_10.row_reg._004_,15.78
bgc_11.comp_col.GL_bits\[11\],15.78
bgc_11.comp_col.GR_bits\[4\],15.78
bgc_11.comp_col.GR_bits\[5\],15.78
bgc_11.comp_row.GR_bits\[11\],15.78
bgc_13.comp_col.pe2._14_,15.78
bgc_13.final_counter._12_,15.78
bgc_14.comp_col.GR_bits\[5\],15.78
bgc_14.comp_row.GR_bits\[6\],15.78
bgc_15.comp_col._11_,15.78
bgc_2.col_reg._004_,15.78
bgc_2.comp_col.GR_bits\[9\],15.78
bgc_2.final_counter._04_,15.78
bgc_3.comp_row.GL_bits\[2\],15.78
bgc_5.comp_col.pe1._15_,15.78
bgc_5.final_counter._19_,15.78
bgc_6.final_counter._04_,15.78
bgc_8.col_reg._005_,15.78
bgc_8.comp_col.GL_bits\[2\],15.78
bgc_8.comp_col.pe1._07_,15.78
bgc_8.row_reg._016_,15.78
bgc_9.comp_row._11_,15.78
res_mem_inst.slot\[11\].slot_reg._004_,15.78
res_mem_inst.slot\[4\].slot_reg._006_,15.78
res_mem_inst.slot\[5\].slot_reg._004_,15.78
res_mem_inst.slot\[8\].slot_reg._012_,15.78
res_mem_inst.slot\[9\].slot_reg._010_,15.78
net161,15.73
net335,15.73
net812,15.73
adder_tree._0077_,15.73
adder_tree._0081_,15.73
adder_tree._0453_,15.73
adder_tree._0545_,15.73
adder_tree._0694_,15.73
bgc_1.col_data_in\[1\],15.73
bgc_1.col_reg._022_,15.73
bgc_1.comp_row.GR_bits\[3\],15.73
bgc_10.col_reg._011_,15.73
bgc_10.final_counter._03_,15.73
bgc_10.final_counter._14_,15.73
bgc_11.final_counter._03_,15.73
bgc_12.comp_col.A\[9\],15.73
bgc_13.comp_row.GL_bits\[9\],15.73
bgc_14.comp_col.GL_bits\[4\],15.73
bgc_15.final_counter._00_\[6\],15.73
bgc_2.col_reg._020_,15.73
bgc_2.comp_row.GR_bits\[0\],15.73
bgc_3.final_counter._12_,15.73
bgc_4.comp_col.pe2._12_,15.73
bgc_4.comp_col.pe2._15_,15.73
bgc_4.comp_row.pe2._09_,15.73
bgc_5.comp_row.pe1._14_,15.73
bgc_5.row_reg._000_\[11\],15.73
bgc_6.col_data_in\[1\],15.73
bgc_6.comp_col.GL_bits\[5\],15.73
bgc_6.comp_row.GL_index\[0\],15.73
bgc_6.row_reg._016_,15.73
bgc_7.comp_row.GR_bits\[4\],15.73
bgc_7.final_counter._00_\[2\],15.73
bgc_8.col_reg._040_,15.73
bgc_8.col_reg.mode\[1\],15.73
bgc_8.comp_col._02_,15.73
bgc_8.final_counter._00_\[0\],15.73
bgc_9.comp_col.GR_bits\[2\],15.73
bgc_9.final_counter._23_,15.73
bgc_9.lfsr_col._21_,15.73
res_mem_inst._016_,15.73
res_mem_inst.slot\[5\].slot_reg._003_,15.73
res_mem_inst.slot\[5\].slot_reg._016_,15.73
res_mem_inst.slot\[9\].slot_reg._051_,15.73
net1027,15.68
net1362,15.68
net348,15.68
net530,15.68
adder_tree._0143_,15.68
adder_tree._0229_,15.68
bgc_1.comp_col.GL_bits\[10\],15.68
bgc_1.comp_col.pe2._08_,15.68
bgc_1.comp_row.pe2._08_,15.68
bgc_1.lfsr_row._24_,15.68
bgc_10.comp_col.A\[6\],15.68
bgc_11.comp_row.pe1._12_,15.68
bgc_12.row_reg._040_,15.68
bgc_13.comp_col.pe2._09_,15.68
bgc_13.comp_col.pe2._12_,15.68
bgc_13.comp_row._06_,15.68
bgc_13.comp_row._12_,15.68
bgc_13.row_reg._028_,15.68
bgc_14.comp_row.pe1._10_,15.68
bgc_14.comp_row.pe2._08_,15.68
bgc_2.lfsr_col._00_\[0\],15.68
bgc_3.comp_col.A\[2\],15.68
bgc_3.comp_col.GL_index\[1\],15.68
bgc_3.comp_col._03_,15.68
bgc_5.col_reg._034_,15.68
bgc_5.comp_row.GR_bits\[6\],15.68
bgc_5.lfsr_col._21_,15.68
bgc_6.comp_col._07_,15.68
bgc_6.row_reg.mode\[1\],15.68
bgc_7.col_reg._040_,15.68
bgc_8.col_reg._032_,15.68
bgc_8.comp_col.GL_index\[1\],15.68
bgc_8.comp_col._12_,15.68
bgc_8.comp_row.GR_bits\[2\],15.68
bgc_9.comp_row.GL_bits\[4\],15.68
bgc_9.comp_row.pe1._14_,15.68
bgc_9.lfsr_col._00_\[2\],15.68
bgc_9.row_reg._030_,15.68
res_mem_inst._002_\[3\],15.68
res_mem_inst._034_,15.68
res_mem_inst.slot\[11\].slot_reg._022_,15.68
res_mem_inst.slot\[14\].slot_reg._037_,15.68
bgc_12.comp_col._14_,15.4
bgc_5.comp_row.GR_bits\[11\],15.32
bgc_13.comp_row.GL_bits\[8\],15.27
bgc_14.comp_row.GL_index\[3\],15.27
bgc_4.comp_row.GL_bits\[5\],15.27
bgc_5.prev_step_output\[6\],15.27
bgc_7.comp_row.GR_bits\[8\],15.27
bgc_7.final_counter._03_,15.27
bgc_8.comp_row.GL_bits\[4\],15.27
adder_tree._0465_,15.22
bgc_1.row_reg.mode\[1\],15.22
bgc_10.comp_col.GR_bits\[9\],15.22
bgc_10.final_counter._04_,15.22
bgc_10.row_reg.mode\[0\],15.22
bgc_11.comp_row.pe1._06_,15.22
bgc_12.comp_col.GR_bits\[11\],15.22
bgc_13.comp_col.GL_index\[2\],15.22
bgc_13.comp_row.pe1._13_,15.22
bgc_14.comp_row.GR_bits\[8\],15.22
bgc_2.comp_col.GL_index\[1\],15.22
bgc_2.comp_col.GR_bits\[1\],15.22
bgc_3.comp_col.GL_bits\[4\],15.22
bgc_3.comp_row.GL_bits\[4\],15.22
bgc_4.comp_row.GL_bits\[9\],15.22
bgc_4.comp_row.GR_bits\[8\],15.22
bgc_5.comp_col.GL_bits\[4\],15.22
bgc_5.final_counter._12_,15.22
bgc_7.comp_row.GL_bits\[9\],15.22
bgc_7.comp_row.pe1._06_,15.22
bgc_8.comp_row.pe1._07_,15.22
bgc_9.comp_col.GR_bits\[10\],15.22
bgc_9.comp_row.GR_bits\[11\],15.22
res_mem_inst.slot\[9\].slot_reg._018_,15.22
net912,15.17
net80,15.17
net719,15.17
adder_tree._0558_,15.17
bgc_0.comp_col.GL_index\[1\],15.17
bgc_0.final_counter._00_\[6\],15.17
bgc_1.comp_col._12_,15.17
bgc_1.comp_row.A\[9\],15.17
bgc_10.comp_col.GL_bits\[5\],15.17
bgc_10.comp_col._03_,15.17
bgc_10.comp_col._18_,15.17
bgc_11.comp_col.pe1._03_,15.17
bgc_11.row_reg._000_\[10\],15.17
bgc_12.col_reg._026_,15.17
bgc_12.row_reg._000_\[11\],15.17
bgc_13.comp_col.pe1._08_,15.17
bgc_14.final_counter._00_\[7\],15.17
bgc_15.final_counter._00_\[11\],15.17
bgc_2.col_reg._026_,15.17
bgc_2.lfsr_col._00_\[10\],15.17
bgc_3.comp_col.pe1._11_,15.17
bgc_3.comp_row.pe2._12_,15.17
bgc_3.row_reg._016_,15.17
bgc_4.col_reg.mode\[1\],15.17
bgc_4.comp_col.GR_bits\[2\],15.17
bgc_4.comp_col._14_,15.17
bgc_4.final_counter._00_\[4\],15.17
bgc_4.final_counter._00_\[7\],15.17
bgc_4.row_reg._034_,15.17
bgc_5._02_,15.17
bgc_5.comp_col.pe2._07_,15.17
bgc_6.comp_row.pe2._03_,15.17
bgc_6.final_counter._17_,15.17
bgc_8.comp_col._18_,15.17
bgc_8.comp_col.pe2._16_,15.17
bgc_8.row_reg._009_,15.17
bgc_8.row_reg._023_,15.17
bgc_9.col_reg.mode\[1\],15.17
bgc_9.comp_col._16_,15.17
bgc_9.comp_col.pe2._13_,15.17
res_mem_inst._000_,15.17
res_mem_inst._046_,15.17
res_mem_inst.slot\[11\].slot_reg._000_\[1\],15.17
res_mem_inst.slot\[11\].slot_reg._031_,15.17
res_mem_inst.slot\[3\].slot_reg._024_,15.17
res_mem_inst.slot\[8\].slot_reg._016_,15.17
res_mem_inst.slot\[9\].slot_reg._000_\[10\],15.17
net100,15.12
net820,15.12
adder_tree._0225_,15.12
adder_tree._0431_,15.12
adder_tree._0623_,15.12
adder_tree._0624_,15.12
bgc_0.comp_col.GL_bits\[11\],15.12
bgc_0.comp_col.GL_bits\[8\],15.12
bgc_0.comp_row._18_,15.12
bgc_0.comp_row.pe2._08_,15.12
bgc_0.comp_row.pe2._14_,15.12
bgc_0.lfsr_col._00_\[1\],15.12
bgc_1.comp_col._18_,15.12
bgc_1.comp_col.pe1._12_,15.12
bgc_1.comp_row.GL_bits\[8\],15.12
bgc_10.comp_row.GL_bits\[5\],15.12
bgc_11.comp_col.pe1._05_,15.12
bgc_11.comp_row.A\[9\],15.12
bgc_11.comp_row.GL_bits\[2\],15.12
bgc_11.comp_row.pe2._09_,15.12
bgc_12.comp_row._00_,15.12
bgc_13.comp_row._10_,15.12
bgc_14.comp_row._02_,15.12
bgc_15.comp_row._15_,15.12
bgc_15.final_counter._00_\[2\],15.12
bgc_15.final_counter._00_\[3\],15.12
bgc_2.col_reg._018_,15.12
bgc_2.comp_col.pe1._12_,15.12
bgc_2.comp_col.pe2._12_,15.12
bgc_2.comp_col.pe2._16_,15.12
bgc_3.col_reg._024_,15.12
bgc_4.comp_row.GL_index\[1\],15.12
bgc_6.col_reg._024_,15.12
bgc_7.comp_col.GL_bits\[8\],15.12
bgc_7.final_counter._19_,15.12
bgc_8.final_counter._04_,15.12
bgc_9.comp_row.pe1._16_,15.12
bgc_9.final_counter._24_,15.12
dec_inst.en_out\[3\],15.12
lfsr_enabler._01_\[5\],15.12
res_mem_inst._037_,15.12
res_mem_inst.slot\[2\].slot_reg._013_,15.12
res_mem_inst.slot\[5\].slot_reg._024_,15.12
res_mem_inst.slot\[9\].slot_reg._029_,15.12
adder_tree._0281_,14.71
adder_tree._0381_,14.71
adder_tree._0580_,14.71
bgc_1.comp_col.GR_bits\[3\],14.71
bgc_12.final_counter._04_,14.71
bgc_12.row_reg.mode\[1\],14.71
bgc_15.comp_col.GR_bits\[6\],14.71
bgc_2.comp_col.GL_index\[3\],14.71
lfsr_enabler.row_load_count\[2\],14.71
bgc_0.comp_col.GL_bits\[9\],14.66
bgc_0.comp_col.pe1._08_,14.66
bgc_0.comp_row._02_,14.66
bgc_0.final_counter._14_,14.66
bgc_10.comp_col.GR_bits\[2\],14.66
bgc_11.comp_col.GL_bits\[4\],14.66
bgc_11.comp_row.GL_bits\[6\],14.66
bgc_12.comp_col.pe2._03_,14.66
bgc_13.comp_row.A\[0\],14.66
bgc_14.comp_row.GL_bits\[8\],14.66
bgc_14.comp_row.GR_bits\[2\],14.66
bgc_3.comp_col.pe2._08_,14.66
bgc_4.comp_row._14_,14.66
bgc_5.comp_col.GR_bits\[0\],14.66
bgc_7.comp_col.GR_bits\[2\],14.66
bgc_9.comp_col._15_,14.66
bgc_9.comp_col.pe2._08_,14.66
bgc_9.comp_row.GL_index\[3\],14.66
res_mem_inst.slot\[11\].slot_reg._016_,14.66
net917,14.61
net449,14.61
net611,14.61
adder_tree._0271_,14.61
adder_tree._0619_,14.61
adder_tree._0691_,14.61
bgc_0.comp_col.pe1._09_,14.61
bgc_1.comp_row._16_,14.61
bgc_1.lfsr_col._00_\[7\],14.61
bgc_10.comp_row.GL_bits\[8\],14.61
bgc_10.lfsr_row._00_\[10\],14.61
bgc_12.col_reg._029_,14.61
bgc_12.comp_row.GR_bits\[1\],14.61
bgc_13.final_counter._14_,14.61
bgc_13.lfsr_row._01_,14.61
bgc_13.row_reg._000_\[4\],14.61
bgc_14.comp_col._14_,14.61
bgc_3.comp_col.pe1._09_,14.61
bgc_3.comp_row.GR_bits\[8\],14.61
bgc_3.comp_row._18_,14.61
bgc_4.comp_row.GL_bits\[7\],14.61
bgc_4.lfsr_col._00_\[5\],14.61
bgc_5.prev_step_output\[8\],14.61
bgc_5.row_reg._015_,14.61
bgc_6.comp_col.GL_bits\[8\],14.61
bgc_6.comp_col.GL_index\[2\],14.61
bgc_6.comp_col.pe1._12_,14.61
bgc_7.comp_col.GR_bits\[8\],14.61
bgc_8.comp_col._04_,14.61
bgc_8.comp_col.pe1._14_,14.61
bgc_8.comp_row.GR_bits\[5\],14.61
bgc_8.row_reg._000_\[2\],14.61
res_mem_inst._001_\[2\],14.61
res_mem_inst._001_\[3\],14.61
res_mem_inst.slot\[11\].slot_reg._032_,14.61
res_mem_inst.slot\[14\].slot_reg._000_\[9\],14.61
res_mem_inst.slot\[3\].slot_reg._000_\[2\],14.61
res_mem_inst.slot\[6\].slot_reg._021_,14.61
res_mem_inst.slot\[9\].slot_reg._039_,14.61
timer_inst._01_\[3\],14.61
timer_inst._01_\[6\],14.61
timer_inst._27_,14.61
net1300,14.56
net1357,14.56
net79,14.56
net310,14.56
net464,14.56
net817,14.56
adder_tree._0075_,14.56
adder_tree._0468_,14.56
adder_tree._0536_,14.56
adder_tree._0643_,14.56
adder_tree.r\[2\]\[11\],14.56
bgc_0.prev_step_output\[1\],14.56
bgc_0.row_reg._016_,14.56
bgc_1.final_counter._00_\[0\],14.56
bgc_1.row_reg._000_\[8\],14.56
bgc_10.comp_row.GL_bits\[2\],14.56
bgc_11.comp_col.pe2._14_,14.56
bgc_12.comp_col.A\[5\],14.56
bgc_12.comp_row.pe2._02_,14.56
bgc_12.comp_row.pe2._12_,14.56
bgc_12.final_counter._00_\[3\],14.56
bgc_12.row_reg._000_\[6\],14.56
bgc_13.col_reg._000_\[6\],14.56
bgc_13.comp_col._14_,14.56
bgc_13.lfsr_row._00_\[0\],14.56
bgc_13.row_reg._000_\[0\],14.56
bgc_13.row_reg.mode\[0\],14.56
bgc_14.comp_row.A\[1\],14.56
bgc_15.col_reg._016_,14.56
bgc_15.comp_row.pe1._12_,14.56
bgc_2.col_reg.mode\[1\],14.56
bgc_3.col_reg._038_,14.56
bgc_3.comp_col._14_,14.56
bgc_3.comp_row.GR_bits\[6\],14.56
bgc_3.row_reg._000_\[0\],14.56
bgc_4.comp_row.GL_index\[2\],14.56
bgc_4.final_counter._00_\[9\],14.56
bgc_4.final_counter._23_,14.56
bgc_5.comp_col.GL_bits\[3\],14.56
bgc_5.comp_row._15_,14.56
bgc_5.lfsr_row._01_,14.56
bgc_6.comp_row.GR_index\[1\],14.56
bgc_6.comp_row.pe1._12_,14.56
bgc_7.col_reg._000_\[2\],14.56
bgc_7.comp_col.pe1._12_,14.56
bgc_7.comp_row.pe2._14_,14.56
bgc_7.final_counter._00_\[10\],14.56
bgc_7.final_counter._06_,14.56
bgc_8.comp_row.GL_bits\[11\],14.56
bgc_8.comp_row.GR_bits\[8\],14.56
bgc_9.comp_row.pe1._08_,14.56
res_mem_inst.slot\[13\].slot_reg._016_,14.56
res_mem_inst.slot\[14\].slot_reg._038_,14.56
res_mem_inst.slot\[5\].slot_reg._033_,14.56
adder_tree._0089_,14.33
bgc_10.comp_row._14_,14.2
adder_tree._0201_,14.15
bgc_1.comp_row.GR_bits\[9\],14.15
bgc_4.comp_row.pe1._03_,14.15
bgc_6.comp_row._12_,14.15
bgc_7.comp_row.GL_bits\[4\],14.15
adder_tree._0361_,14.1
bgc_10.comp_col.GL_bits\[11\],14.1
bgc_10.row_reg._016_,14.1
bgc_12.comp_col.GR_bits\[7\],14.1
bgc_12.comp_row.GR_bits\[9\],14.1
bgc_12.final_counter._17_,14.1
bgc_13.comp_col.GL_index\[1\],14.1
bgc_14.comp_col.A\[1\],14.1
bgc_14.comp_row.GR_bits\[4\],14.1
bgc_14.comp_row._10_,14.1
bgc_15.comp_row.GR_bits\[10\],14.1
bgc_15.comp_row.GR_bits\[8\],14.1
bgc_2.comp_col.pe2._03_,14.1
bgc_2.comp_row.GL_bits\[8\],14.1
bgc_5.comp_col.pe1._06_,14.1
bgc_5.comp_row.GR_bits\[5\],14.1
bgc_5.comp_row.pe1._16_,14.1
bgc_6.col_reg.mode\[1\],14.1
bgc_6.comp_col.GR_bits\[6\],14.1
bgc_6.comp_row.GL_bits\[8\],14.1
bgc_7.comp_col.GL_index\[3\],14.1
bgc_7.comp_row.pe1._01_,14.1
bgc_8.comp_col.pe2._03_,14.1
bgc_8.row_reg.mode\[0\],14.1
bgc_9.comp_col.pe2._10_,14.1
lfsr_enabler._11_,14.1
res_mem_inst.slot\[2\].slot_reg.mode\[0\],14.1
net889,14.05
net890,14.05
net995,14.05
net1018,14.05
net1068,14.05
net1076,14.05
net1111,14.05
net1131,14.05
net1405,14.05
net360,14.05
adder_tree._0213_,14.05
adder_tree._0282_,14.05
adder_tree._0560_,14.05
adder_tree._0668_,14.05
bgc_0.comp_row.pe2._01_,14.05
bgc_1.col_reg._009_,14.05
bgc_1.comp_col._14_,14.05
bgc_1.comp_row.GR_index\[1\],14.05
bgc_10.col_reg._002_,14.05
bgc_10.col_reg._010_,14.05
bgc_10.col_reg._030_,14.05
bgc_11.col_reg._024_,14.05
bgc_12.comp_col.pe1._08_,14.05
bgc_12.comp_row._16_,14.05
bgc_13.col_reg._024_,14.05
bgc_13.comp_col.GL_bits\[7\],14.05
bgc_13.comp_row.GL_bits\[2\],14.05
bgc_13.comp_row.GR_bits\[2\],14.05
bgc_13.final_counter._26_,14.05
bgc_14.comp_col.pe2._03_,14.05
bgc_15.col_reg.mode\[0\],14.05
bgc_15.comp_col.GR_bits\[5\],14.05
bgc_15.final_counter._25_,14.05
bgc_15.lfsr_col._05_,14.05
bgc_2.comp_row.pe1._01_,14.05
bgc_2.row_reg._008_,14.05
bgc_3.comp_col.GR_bits\[6\],14.05
bgc_3.comp_col._12_,14.05
bgc_3.comp_row.GR_index\[0\],14.05
bgc_3.comp_row.pe1._16_,14.05
bgc_3.final_counter._26_,14.05
bgc_3.lfsr_col._00_\[11\],14.05
bgc_3.row_reg._006_,14.05
bgc_4.comp_col.GL_bits\[9\],14.05
bgc_4.comp_col.GR_bits\[3\],14.05
bgc_4.row_reg.mode\[0\],14.05
bgc_5.col_reg._000_\[0\],14.05
bgc_5.comp_col._03_,14.05
bgc_5.comp_row.pe2._14_,14.05
bgc_6.comp_col.GL_index\[1\],14.05
bgc_6.comp_row.GR_bits\[9\],14.05
bgc_7.col_reg._002_,14.05
bgc_7.row_reg._000_\[8\],14.05
bgc_8.col_reg._039_,14.05
bgc_8.comp_col.A\[8\],14.05
bgc_8.comp_row.pe2._09_,14.05
bgc_9.final_counter._00_\[10\],14.05
bgc_9.row_reg._013_,14.05
lfsr_enabler._17_,14.05
res_mem_inst.slot\[0\].slot_reg._027_,14.05
res_mem_inst.slot\[13\].slot_reg._000_\[6\],14.05
res_mem_inst.slot\[13\].slot_reg._040_,14.05
res_mem_inst.slot\[14\].slot_reg._008_,14.05
res_mem_inst.slot\[2\].slot_reg._012_,14.05
res_mem_inst.slot\[3\].slot_reg._038_,14.05
res_mem_inst.slot\[4\].slot_reg._001_,14.05
res_mem_inst.slot\[8\].slot_reg._000_\[11\],14.05
res_mem_inst.slot\[9\].slot_reg._032_,14.05
res_mem_inst.slot\[9\].slot_reg._045_,14.05
net996,14
net1038,14
net1334,14
net265,14
net350,14
net374,14
net587,14
net600,14
net647,14
net649,14
adder_tree._0068_,14
adder_tree._0120_,14
adder_tree._0461_,14
adder_tree._0553_,14
bgc_0.comp_col._14_,14
bgc_1.comp_col.GL_bits\[3\],14
bgc_1.comp_col.GR_bits\[6\],14
bgc_1.lfsr_row._00_\[11\],14
bgc_10.lfsr_row._06_,14
bgc_11.comp_row.pe1._07_,14
bgc_11.row_reg._032_,14
bgc_12.comp_row.A\[1\],14
bgc_12.comp_row.GR_bits\[7\],14
bgc_12.comp_row.pe2._16_,14
bgc_12.final_counter._00_\[8\],14
bgc_12.lfsr_col._06_,14
bgc_13.comp_col.GL_bits\[8\],14
bgc_14.final_counter._25_,14
bgc_15.comp_col.GL_bits\[1\],14
bgc_15.comp_col.pe1._12_,14
bgc_2.comp_col.A\[11\],14
bgc_2.comp_col.pe2._14_,14
bgc_2.final_counter._00_\[6\],14
bgc_3.comp_col._04_,14
bgc_3.final_counter._19_,14
bgc_4.col_reg._000_\[6\],14
bgc_4.comp_col.pe1._06_,14
bgc_5.final_counter._17_,14
bgc_5.lfsr_col._17_,14
bgc_5.row_reg._030_,14
bgc_6.col_reg._038_,14
bgc_6.comp_row.pe2._16_,14
bgc_7.final_counter._24_,14
bgc_7.row_reg._015_,14
bgc_8.comp_col._10_,14
bgc_8.comp_row.pe1._10_,14
bgc_8.final_counter._00_\[10\],14
bgc_8.lfsr_row._00_\[0\],14
bgc_9.comp_col.A\[10\],14
bgc_9.comp_row.GL_index\[2\],14
bgc_9.row_reg._000_\[6\],14
res_mem_inst.slot\[11\].slot_reg._036_,14
res_mem_inst.slot\[2\].slot_reg._000_\[2\],14
res_mem_inst.slot\[4\].slot_reg._045_,14
spi_out2,13.86
bgc_14.comp_col.GL_bits\[7\],13.72
bgc_2.comp_col._16_,13.72
bgc_10.comp_row.GL_bits\[6\],13.64
bgc_1.comp_col.GR_bits\[11\],13.59
bgc_11.comp_row.GL_bits\[10\],13.59
bgc_11.final_counter._04_,13.59
bgc_13.comp_col.pe1._03_,13.59
bgc_15.comp_row._14_,13.59
bgc_3.comp_row.GR_bits\[11\],13.59
bgc_7.comp_row.GL_bits\[5\],13.59
adder_tree._0288_,13.54
bgc_0.comp_row.GL_bits\[2\],13.54
bgc_0.comp_row.GR_bits\[11\],13.54
bgc_1.comp_col.GL_index\[2\],13.54
bgc_1.comp_row.GL_bits\[5\],13.54
bgc_10.comp_col.GL_bits\[8\],13.54
bgc_10.comp_col.GR_bits\[6\],13.54
bgc_10.comp_row.GR_bits\[8\],13.54
bgc_11.comp_row.A\[0\],13.54
bgc_11.row_reg._016_,13.54
bgc_12.comp_col.GL_bits\[5\],13.54
bgc_12.comp_row._15_,13.54
bgc_13.comp_row.GL_bits\[7\],13.54
bgc_14.comp_col.pe1._07_,13.54
bgc_2.comp_row.GL_bits\[7\],13.54
bgc_3.comp_row.GL_bits\[6\],13.54
bgc_3.row_reg.mode\[0\],13.54
bgc_4.comp_col.GR_bits\[6\],13.54
bgc_4.final_counter._17_,13.54
bgc_5.comp_col.GR_bits\[5\],13.54
bgc_5.comp_row.GL_bits\[4\],13.54
bgc_5.comp_row.GR_bits\[9\],13.54
bgc_5.comp_row._02_,13.54
bgc_6.comp_col.pe2._06_,13.54
bgc_8.comp_col._16_,13.54
bgc_8.comp_row.GL_bits\[5\],13.54
bgc_8.prev_step_output\[7\],13.54
bgc_9.comp_row.GL_bits\[7\],13.54
timer_inst._04_,13.54
net887,13.49
net1194,13.49
net1205,13.49
net213,13.49
net423,13.49
net493,13.49
net729,13.49
adder_tree._0050_,13.49
adder_tree._0370_,13.49
adder_tree._0379_,13.49
adder_tree._0594_,13.49
bgc_0.comp_col.GL_bits\[7\],13.49
bgc_0.comp_col._16_,13.49
bgc_0.comp_row._15_,13.49
bgc_1.col_reg._004_,13.49
bgc_1.comp_col.pe1._10_,13.49
bgc_1.comp_col.pe2._00_,13.49
bgc_1.comp_col.pe2._15_,13.49
bgc_10.comp_row.A\[4\],13.49
bgc_11.comp_row.pe2._03_,13.49
bgc_11.comp_row.pe2._07_,13.49
bgc_12.col_reg._018_,13.49
bgc_12.comp_col.pe1._07_,13.49
bgc_12.comp_row._13_,13.49
bgc_13.col_reg._040_,13.49
bgc_13.comp_row.pe1._08_,13.49
bgc_13.final_counter._08_,13.49
bgc_13.row_reg._027_,13.49
bgc_14.comp_col._15_,13.49
bgc_14.comp_col.pe1._12_,13.49
bgc_14.comp_row.GL_bits\[7\],13.49
bgc_15.comp_col.GR_bits\[0\],13.49
bgc_15.comp_row.GR_index\[2\],13.49
bgc_15.final_counter._17_,13.49
bgc_15.lfsr_col._26_,13.49
bgc_2.comp_row.A\[6\],13.49
bgc_2.final_counter._03_,13.49
bgc_2.row_reg._000_\[8\],13.49
bgc_3.col_reg._000_\[1\],13.49
bgc_3.col_reg._039_,13.49
bgc_3.comp_col.GR_index\[0\],13.49
bgc_3.comp_col.x,13.49
bgc_4.comp_col.pe1._09_,13.49
bgc_4.final_counter._00_\[2\],13.49
bgc_5.comp_col.GR_bits\[8\],13.49
bgc_5.comp_col.pe1._13_,13.49
bgc_5.comp_row.GL_bits\[2\],13.49
bgc_6.comp_row.GR_bits\[3\],13.49
bgc_6.comp_row.pe2._01_,13.49
bgc_7.col_reg._028_,13.49
bgc_7.comp_col.pe1._10_,13.49
bgc_7.final_counter._00_\[7\],13.49
bgc_7.row_reg._000_\[2\],13.49
bgc_9.col_reg._000_\[3\],13.49
bgc_9.comp_col.GL_bits\[2\],13.49
bgc_9.comp_col.GR_bits\[8\],13.49
res_mem_inst.slot\[0\].slot_reg.mode\[0\],13.49
res_mem_inst.slot\[10\].slot_reg._000_\[10\],13.49
res_mem_inst.slot\[11\].slot_reg._000_\[3\],13.49
res_mem_inst.slot\[13\].slot_reg._029_,13.49
res_mem_inst.slot\[13\].slot_reg._032_,13.49
res_mem_inst.slot\[3\].slot_reg._008_,13.49
res_mem_inst.slot\[4\].slot_reg._007_,13.49
res_mem_inst.slot\[9\].slot_reg._019_,13.49
timer_inst._25_,13.49
net1019,13.44
net1143,13.44
net1324,13.44
net188,13.44
net244,13.44
net643,13.44
adder_tree._0055_,13.44
adder_tree._0155_,13.44
adder_tree._0372_,13.44
adder_tree._0451_,13.44
adder_tree._0542_,13.44
adder_tree._0646_,13.44
bgc_0.comp_col._08_,13.44
bgc_0.final_counter._00_\[7\],13.44
bgc_1.col_reg._007_,13.44
bgc_1.comp_row.GL_bits\[4\],13.44
bgc_1.comp_row.x,13.44
bgc_10.comp_row.pe1._09_,13.44
bgc_10.row_reg._039_,13.44
bgc_10.row_reg._040_,13.44
bgc_11.comp_col.GL_bits\[10\],13.44
bgc_11.comp_col._02_,13.44
bgc_11.comp_col.pe1._07_,13.44
bgc_11.comp_col.pe1._12_,13.44
bgc_11.comp_row.pe1._09_,13.44
bgc_11.row_reg._029_,13.44
bgc_12.comp_col.GL_index\[2\],13.44
bgc_12.comp_row.pe1._16_,13.44
bgc_12.row_reg._015_,13.44
bgc_13.comp_col.GR_bits\[3\],13.44
bgc_13.lfsr_col._00_\[4\],13.44
bgc_14.comp_col.GL_index\[3\],13.44
bgc_14.comp_col._11_,13.44
bgc_14.comp_row.pe2._10_,13.44
bgc_15.comp_col.pe2._07_,13.44
bgc_15.comp_row.A\[9\],13.44
bgc_15.lfsr_col._01_,13.44
bgc_2.comp_col.GR_bits\[0\],13.44
bgc_2.comp_row.GL_index\[2\],13.44
bgc_2.comp_row.GR_index\[2\],13.44
bgc_2.row_reg._030_,13.44
bgc_3.col_reg._018_,13.44
bgc_3.col_reg._045_,13.44
bgc_3.comp_col.GL_bits\[7\],13.44
bgc_3.comp_col.GR_bits\[0\],13.44
bgc_3.comp_col._02_,13.44
bgc_4.comp_col.GL_bits\[2\],13.44
bgc_4.comp_col.GL_index\[1\],13.44
bgc_4.final_counter._20_,13.44
bgc_4.lfsr_row._16_,13.44
bgc_5.col_reg._000_\[8\],13.44
bgc_5.comp_col.pe1._16_,13.44
bgc_5.lfsr_col._04_,13.44
bgc_6.col_reg._000_\[7\],13.44
bgc_6.col_reg._022_,13.44
bgc_6.comp_col.GR_bits\[5\],13.44
bgc_6.comp_row.pe1._11_,13.44
bgc_7.col_data_in\[0\],13.44
bgc_7.col_reg._016_,13.44
bgc_7.comp_row.GL_index\[3\],13.44
bgc_7.final_counter._10_,13.44
bgc_7.lfsr_row._19_,13.44
bgc_8.comp_row.pe2._07_,13.44
bgc_8.row_reg._002_,13.44
bgc_9.comp_row.GL_bits\[2\],13.44
res_mem_inst.slot\[12\].slot_reg._021_,13.44
spi_in2,13.3
bgc_3.row_reg.mode\[1\],13.26
bgc_12.comp_col.GR_bits\[5\],13.08
bgc_14.comp_col.GR_bits\[6\],13.03
bgc_14.comp_row.GR_bits\[10\],13.03
bgc_15.comp_col.GR_bits\[8\],13.03
bgc_5.comp_col.GR_bits\[10\],13.03
bgc_7.comp_row.GL_bits\[10\],13.03
res_mem_inst._045_,13.03
adder_tree._0247_,12.98
adder_tree._0487_,12.98
adder_tree._0541_,12.98
adder_tree._0591_,12.98
adder_tree._0663_,12.98
adder_tree._0666_,12.98
bgc_0.comp_row.GR_bits\[7\],12.98
bgc_0.comp_row._04_,12.98
bgc_1.comp_col.GR_bits\[2\],12.98
bgc_10.comp_row._04_,12.98
bgc_13.comp_row._14_,12.98
bgc_15.lfsr_col.seed_mem\[0\],12.98
bgc_2.comp_col.GR_bits\[7\],12.98
bgc_4.comp_col._16_,12.98
bgc_4.comp_row.pe1._16_,12.98
bgc_4.final_counter._06_,12.98
bgc_5.row_reg._039_,12.98
bgc_6.comp_row._11_,12.98
bgc_7.comp_col.GR_bits\[7\],12.98
bgc_7.comp_col.pe1._01_,12.98
bgc_7.comp_col.pe2._01_,12.98
bgc_7.comp_col.pe2._03_,12.98
bgc_7.comp_row.GR_bits\[2\],12.98
bgc_7.comp_row._19_,12.98
bgc_8.comp_row.GR_bits\[9\],12.98
bgc_8.final_counter._06_,12.98
bgc_9.comp_col.pe2._14_,12.98
bgc_9.comp_row.GL_index\[1\],12.98
bgc_9.prev_step_output\[7\],12.98
res_mem_inst._047_,12.98
net842,12.93
net990,12.93
net1037,12.93
net160,12.93
net180,12.93
net201,12.93
net347,12.93
net433,12.93
net689,12.93
net749,12.93
adder_tree._0003_,12.93
adder_tree._0116_,12.93
adder_tree._0260_,12.93
adder_tree._0277_,12.93
adder_tree._0389_,12.93
adder_tree._0539_,12.93
adder_tree._0575_,12.93
adder_tree._0576_,12.93
adder_tree._0677_,12.93
bgc_0.final_counter._00_\[8\],12.93
bgc_0.final_counter._26_,12.93
bgc_0.lfsr_row._11_,12.93
bgc_0.row_reg._018_,12.93
bgc_1.col_reg._047_,12.93
bgc_1.comp_col.A\[2\],12.93
bgc_1.comp_col.GR_index\[1\],12.93
bgc_1.comp_col._17_,12.93
bgc_1.final_counter._23_,12.93
bgc_10.col_reg._000_\[5\],12.93
bgc_10.comp_row.pe1._12_,12.93
bgc_10.final_counter._27_,12.93
bgc_11.col_reg._045_,12.93
bgc_11.comp_col.GL_index\[0\],12.93
bgc_11.comp_col.GR_bits\[9\],12.93
bgc_11.comp_col.pe2._05_,12.93
bgc_11.comp_row.GR_bits\[9\],12.93
bgc_11.final_counter._15_,12.93
bgc_13.comp_col.GR_bits\[5\],12.93
bgc_13.comp_col.GR_bits\[7\],12.93
bgc_13.comp_col._03_,12.93
bgc_13.comp_col.pe1._09_,12.93
bgc_13.lfsr_col._13_,12.93
bgc_14.col_reg._023_,12.93
bgc_14.final_counter._10_,12.93
bgc_15.col_reg._014_,12.93
bgc_15.comp_row.A\[0\],12.93
bgc_15.row_reg._000_\[6\],12.93
bgc_2.col_reg._037_,12.93
bgc_3.comp_col.pe1._08_,12.93
bgc_3.comp_row._16_,12.93
bgc_3.comp_row.pe1._00_,12.93
bgc_4.col_reg._000_\[7\],12.93
bgc_5.comp_col._12_,12.93
bgc_5.comp_row.A\[2\],12.93
bgc_6.comp_col.GL_bits\[2\],12.93
bgc_6.row_reg._001_,12.93
bgc_7.row_reg._016_,12.93
bgc_8.comp_row.GL_bits\[7\],12.93
bgc_8.final_counter._00_\[11\],12.93
bgc_9.row_reg._007_,12.93
res_mem_inst.slot\[10\].slot_reg._011_,12.93
res_mem_inst.slot\[11\].slot_reg._051_,12.93
res_mem_inst.slot\[14\].slot_reg._000_\[10\],12.93
res_mem_inst.slot\[1\].slot_reg._000_\[1\],12.93
res_mem_inst.slot\[1\].slot_reg._014_,12.93
res_mem_inst.slot\[4\].slot_reg._033_,12.93
net1003,12.88
net1127,12.88
net1224,12.88
net1380,12.88
net174,12.88
net233,12.88
net340,12.88
net355,12.88
net571,12.88
net604,12.88
adder_tree._0164_,12.88
adder_tree._0179_,12.88
adder_tree._0352_,12.88
adder_tree._0360_,12.88
adder_tree._0482_,12.88
adder_tree._0669_,12.88
bgc_0.comp_col._18_,12.88
bgc_0.comp_col.pe2._15_,12.88
bgc_0.lfsr_col._14_,12.88
bgc_0.row_reg._000_\[6\],12.88
bgc_0.row_reg._040_,12.88
bgc_1.comp_col.GL_bits\[8\],12.88
bgc_1.comp_row._01_,12.88
bgc_1.comp_row.pe1._07_,12.88
bgc_1.final_counter._20_,12.88
bgc_10._04_,12.88
bgc_10.comp_col._14_,12.88
bgc_10.comp_col.pe1._12_,12.88
bgc_11.comp_col.pe1._10_,12.88
bgc_11.comp_col.pe2._03_,12.88
bgc_11.lfsr_col._00_\[9\],12.88
bgc_11.lfsr_col._19_,12.88
bgc_12.lfsr_row._00_\[6\],12.88
bgc_12.row_reg._029_,12.88
bgc_13.col_reg._026_,12.88
bgc_13.col_reg.mode\[0\],12.88
bgc_14.comp_row.pe1._03_,12.88
bgc_15.comp_row.GL_index\[1\],12.88
bgc_15.row_reg._047_,12.88
bgc_2.comp_col.pe2._09_,12.88
bgc_2.final_counter._00_\[9\],12.88
bgc_2.final_counter._25_,12.88
bgc_2.lfsr_col._00_\[7\],12.88
bgc_3.lfsr_row._21_,12.88
bgc_5.col_reg._000_\[5\],12.88
bgc_5.comp_col.GR_bits\[4\],12.88
bgc_5.comp_col.pe2._12_,12.88
bgc_5.comp_row._16_,12.88
bgc_5.lfsr_row._00_\[3\],12.88
bgc_6.comp_col._00_,12.88
bgc_6.comp_col._15_,12.88
bgc_6.comp_row.pe2._07_,12.88
bgc_6.final_counter._06_,12.88
bgc_6.row_reg._000_\[10\],12.88
bgc_7.comp_col.GL_bits\[9\],12.88
bgc_8.comp_row._16_,12.88
bgc_9.col_reg._047_,12.88
bgc_9.comp_col._11_,12.88
bgc_9.comp_row.pe2._14_,12.88
bgc_9.final_counter._14_,12.88
bgc_9.lfsr_col._06_,12.88
res_mem_inst.slot\[1\].slot_reg._045_,12.88
res_mem_inst.slot\[8\].slot_reg.mode\[0\],12.88
res_mem_inst.slot\[9\].slot_reg.mode\[0\],12.88
bgc_10.comp_row.pe2._03_,12.47
bgc_12.comp_row.GL_bits\[10\],12.47
bgc_12.comp_row.GL_bits\[7\],12.47
bgc_14.comp_row.GL_index\[1\],12.47
bgc_2.comp_col.GR_bits\[8\],12.47
bgc_5.comp_row.GR_bits\[8\],12.47
bgc_6.comp_col.pe2._03_,12.47
bgc_9.comp_row.GL_bits\[8\],12.47
adder_tree._0061_,12.42
bgc_0.lfsr_col._26_,12.42
bgc_11.comp_col._15_,12.42
bgc_11.comp_row._04_,12.42
bgc_12.col_reg._044_,12.42
bgc_12.comp_row.GR_bits\[8\],12.42
bgc_13.comp_row.pe2._03_,12.42
bgc_13.comp_row.pe2._06_,12.42
bgc_14.comp_col.pe2._06_,12.42
bgc_15.comp_col.GL_bits\[8\],12.42
bgc_15.comp_col.GL_index\[1\],12.42
bgc_2.comp_row._14_,12.42
bgc_3.comp_col.GL_bits\[11\],12.42
bgc_3.comp_col.GR_bits\[5\],12.42
bgc_5.comp_row.pe2._03_,12.42
bgc_6.comp_col.GR_bits\[11\],12.42
bgc_6.comp_row._02_,12.42
bgc_7.comp_row.GR_bits\[6\],12.42
bgc_8.comp_col.GR_bits\[3\],12.42
bgc_9.comp_col.GR_bits\[7\],12.42
bgc_9.comp_row._03_,12.42
bgc_9.final_counter._06_,12.42
dec_inst._01_,12.42
net826,12.37
net1077,12.37
net1089,12.37
net1231,12.37
net1242,12.37
net1248,12.37
net162,12.37
net285,12.37
net376,12.37
net386,12.37
net461,12.37
net616,12.37
net720,12.37
net785,12.37
adder_tree._0210_,12.37
adder_tree._0343_,12.37
adder_tree._0457_,12.37
adder_tree._0471_,12.37
bgc_0.lfsr_row._10_,12.37
bgc_0.row_reg._000_\[4\],12.37
bgc_1.final_counter._00_\[3\],12.37
bgc_10.final_counter._00_\[1\],12.37
bgc_11.comp_col.pe2._07_,12.37
bgc_11.comp_row.GR_bits\[8\],12.37
bgc_11.row_reg._000_\[4\],12.37
bgc_12.comp_col.GL_bits\[8\],12.37
bgc_12.comp_col.pe2._09_,12.37
bgc_12.row_reg._026_,12.37
bgc_13.comp_col.pe1._07_,12.37
bgc_13.comp_col.pe2._07_,12.37
bgc_13.final_counter._06_,12.37
bgc_15.comp_row.GR_bits\[5\],12.37
bgc_15.row_reg._000_\[0\],12.37
bgc_2.col_reg._010_,12.37
bgc_2.comp_col.GL_bits\[8\],12.37
bgc_2.comp_row.GR_bits\[2\],12.37
bgc_2.lfsr_row._26_,12.37
bgc_2.row_reg._000_\[6\],12.37
bgc_3.comp_row._02_,12.37
bgc_3.comp_row._17_,12.37
bgc_4.comp_col.pe1._11_,12.37
bgc_4.comp_col.pe2._17_,12.37
bgc_4.lfsr_row._26_,12.37
bgc_4.row_reg.mode\[1\],12.37
bgc_5.comp_row.GL_bits\[5\],12.37
bgc_5.lfsr_col._10_,12.37
bgc_5.row_reg._020_,12.37
bgc_6.col_reg._039_,12.37
bgc_6.col_reg.mode\[0\],12.37
bgc_7.comp_row.GL_bits\[7\],12.37
bgc_7.comp_row.GR_bits\[9\],12.37
bgc_7.final_counter._00_\[8\],12.37
bgc_7.final_counter._20_,12.37
bgc_7.row_reg._024_,12.37
bgc_8.col_reg._000_\[4\],12.37
bgc_8.col_reg._021_,12.37
bgc_8.final_counter._00_\[2\],12.37
bgc_9.col_reg._000_\[11\],12.37
res_mem_inst.shift_cycle_count\[1\],12.37
res_mem_inst.slot\[2\].slot_reg._000_\[11\],12.37
res_mem_inst.slot\[2\].slot_reg._000_\[9\],12.37
res_mem_inst.slot\[3\].slot_reg.mode\[0\],12.37
res_mem_inst.slot\[5\].slot_reg._047_,12.37
res_mem_inst.slot\[6\].slot_reg._038_,12.37
net913,12.32
net1091,12.32
net1162,12.32
net1188,12.32
net1223,12.32
net1259,12.32
net1298,12.32
net1304,12.32
net1416,12.32
net107,12.32
net158,12.32
net170,12.32
net171,12.32
net204,12.32
net390,12.32
net409,12.32
net457,12.32
net524,12.32
net657,12.32
net660,12.32
net728,12.32
adder_tree._0002_,12.32
adder_tree._0283_,12.32
adder_tree._0644_,12.32
adder_tree._0662_,12.32
bgc_0.comp_col.A\[1\],12.32
bgc_0.comp_col.GR_index\[0\],12.32
bgc_0.comp_col.GR_index\[3\],12.32
bgc_0.lfsr_row._00_\[11\],12.32
bgc_1._02_,12.32
bgc_1.comp_row.pe1._09_,12.32
bgc_1.comp_row.pe1._12_,12.32
bgc_10.col_reg._015_,12.32
bgc_10.col_reg._047_,12.32
bgc_10.comp_col.A\[4\],12.32
bgc_10.comp_col.GL_bits\[7\],12.32
bgc_10.comp_col.GL_index\[0\],12.32
bgc_10.comp_col.pe1._09_,12.32
bgc_10.final_counter._20_,12.32
bgc_10.lfsr_row._18_,12.32
bgc_11.final_counter._27_,12.32
bgc_11.lfsr_row._02_,12.32
bgc_12.lfsr_col._10_,12.32
bgc_12.lfsr_row._00_\[8\],12.32
bgc_12.row_reg._000_\[10\],12.32
bgc_13.comp_row.GL_bits\[10\],12.32
bgc_13.comp_row.GL_index\[1\],12.32
bgc_13.comp_row.GR_index\[3\],12.32
bgc_14.lfsr_row._00_\[1\],12.32
bgc_14.lfsr_row._00_\[6\],12.32
bgc_15.col_reg._000_\[7\],12.32
bgc_15.comp_row.pe2._10_,12.32
bgc_15.row_reg._044_,12.32
bgc_2.row_reg._019_,12.32
bgc_3.col_data_in\[6\],12.32
bgc_3.col_reg._007_,12.32
bgc_4.comp_row._18_,12.32
bgc_5.col_data_in\[8\],12.32
bgc_5.comp_col._18_,12.32
bgc_5.comp_col.pe2._10_,12.32
bgc_5.comp_col.pe2._14_,12.32
bgc_5.comp_row.A\[8\],12.32
bgc_5.lfsr_col._00_\[4\],12.32
bgc_5.row_reg._000_\[10\],12.32
bgc_6.comp_col.A\[5\],12.32
bgc_6.comp_col.pe1._09_,12.32
bgc_6.comp_row.pe1._07_,12.32
bgc_6.comp_row.pe1._09_,12.32
bgc_7.comp_col.pe2._16_,12.32
bgc_7.comp_row.pe1._08_,12.32
bgc_7.comp_row.pe1._11_,12.32
bgc_7.lfsr_row._20_,12.32
bgc_7.row_reg._037_,12.32
bgc_8.col_reg._000_\[11\],12.32
bgc_8.comp_col.GL_index\[2\],12.32
bgc_8.comp_col._11_,12.32
bgc_8.comp_col.pe1._04_,12.32
bgc_8.comp_row._18_,12.32
bgc_9.row_reg._000_\[7\],12.32
res_mem_inst.slot\[10\].slot_reg._000_\[9\],12.32
res_mem_inst.slot\[12\].slot_reg._027_,12.32
res_mem_inst.slot\[12\].slot_reg._040_,12.32
res_mem_inst.slot\[15\].slot_reg._040_,12.32
res_mem_inst.slot\[3\].slot_reg._048_,12.32
res_mem_inst.slot\[4\].slot_reg._020_,12.32
res_mem_inst.slot\[5\].slot_reg._013_,12.32
res_mem_inst.slot\[7\].slot_reg._000_\[7\],12.32
bgc_12.comp_col.GL_bits\[6\],12.01
adder_tree._0362_,11.91
adder_tree._0424_,11.91
adder_tree._0555_,11.91
bgc_0.comp_row.GR_bits\[8\],11.91
bgc_10.comp_row.GL_bits\[11\],11.91
bgc_6.comp_col.GL_bits\[7\],11.91
adder_tree._0034_,11.86
adder_tree._0080_,11.86
adder_tree._0286_,11.86
adder_tree._0377_,11.86
adder_tree._0419_,11.86
adder_tree._0485_,11.86
adder_tree._0556_,11.86
bgc_0.comp_row.GL_bits\[10\],11.86
bgc_1.comp_col.pe1._03_,11.86
bgc_1.comp_row.GR_bits\[8\],11.86
bgc_10.comp_col.GL_bits\[9\],11.86
bgc_10.comp_row.GR_bits\[7\],11.86
bgc_12.comp_row._17_,11.86
bgc_12.row_reg.mode\[0\],11.86
bgc_13.comp_row.GR_bits\[10\],11.86
bgc_13.comp_row._00_,11.86
bgc_2.comp_row.GR_bits\[5\],11.86
bgc_4.comp_col.pe1._03_,11.86
bgc_6.comp_row.GR_bits\[7\],11.86
bgc_7.comp_col.GR_bits\[9\],11.86
bgc_7.row_reg.mode\[1\],11.86
res_mem_inst.slot\[11\].slot_reg._034_,11.86
net941,11.81
net85,11.81
net152,11.81
net298,11.81
net378,11.81
net535,11.81
net779,11.81
net811,11.81
net816,11.81
adder_tree._0500_,11.81
adder_tree._0511_,11.81
adder_tree._0599_,11.81
bgc_0.col_reg._000_\[7\],11.81
bgc_0.comp_col.pe2._09_,11.81
bgc_0.comp_row.GL_index\[2\],11.81
bgc_0.comp_row.GL_index\[3\],11.81
bgc_0.comp_row.GR_bits\[9\],11.81
bgc_0.final_counter._15_,11.81
bgc_1.col_reg._030_,11.81
bgc_1.comp_col.A\[9\],11.81
bgc_1.lfsr_col._21_,11.81
bgc_10.comp_col._00_,11.81
bgc_10.final_counter._05_,11.81
bgc_10.lfsr_row._04_,11.81
bgc_11.comp_col.GR_bits\[0\],11.81
bgc_12.comp_col._15_,11.81
bgc_12.comp_col._18_,11.81
bgc_12.comp_col.pe2._08_,11.81
bgc_12.final_counter._00_\[4\],11.81
bgc_13.comp_row.pe1._06_,11.81
bgc_13.comp_row.pe1._07_,11.81
bgc_13.row_reg._001_,11.81
bgc_13.row_reg._014_,11.81
bgc_14.comp_row.GL_bits\[0\],11.81
bgc_14.comp_row.GL_bits\[4\],11.81
bgc_14.comp_row._16_,11.81
bgc_14.row_reg._028_,11.81
bgc_15.row_reg._000_\[7\],11.81
bgc_2.final_counter._15_,11.81
bgc_3.comp_col.GR_bits\[9\],11.81
bgc_3.comp_row.GL_bits\[7\],11.81
bgc_3.comp_row.GL_bits\[8\],11.81
bgc_3.final_counter._06_,11.81
bgc_4.comp_col.pe1._08_,11.81
bgc_4.comp_row.GR_bits\[2\],11.81
bgc_4.comp_row.pe1._00_,11.81
bgc_4.comp_row.pe1._02_,11.81
bgc_4.row_reg._001_,11.81
bgc_5.col_reg._048_,11.81
bgc_6.comp_row.pe1._17_,11.81
bgc_6.final_counter._25_,11.81
bgc_6.row_reg._008_,11.81
bgc_7.col_reg._026_,11.81
bgc_7.comp_col._18_,11.81
bgc_7.comp_col.pe1._11_,11.81
bgc_7.comp_row._01_,11.81
bgc_8.col_reg._046_,11.81
bgc_8.comp_col.pe1._16_,11.81
bgc_8.row_reg._000_\[6\],11.81
bgc_9.col_reg._025_,11.81
bgc_9.comp_col.GR_bits\[9\],11.81
bgc_9.comp_col.pe1._12_,11.81
bgc_9.comp_row.A\[9\],11.81
res_mem_inst.slot\[12\].slot_reg._037_,11.81
res_mem_inst.slot\[14\].slot_reg._011_,11.81
res_mem_inst.slot\[15\].slot_reg._000_\[11\],11.81
res_mem_inst.slot\[15\].slot_reg._015_,11.81
res_mem_inst.slot\[3\].slot_reg._000_\[7\],11.81
res_mem_inst.slot\[8\].slot_reg._009_,11.81
res_mem_inst.slot\[9\].slot_reg._031_,11.81
net829,11.76
net886,11.76
net959,11.76
net1035,11.76
net1130,11.76
net1152,11.76
net1153,11.76
net1204,11.76
net1356,11.76
net1450,11.76
net108,11.76
net208,11.76
net286,11.76
net483,11.76
net688,11.76
net759,11.76
adder_tree._0042_,11.76
adder_tree._0156_,11.76
adder_tree._0295_,11.76
adder_tree._0399_,11.76
adder_tree._0444_,11.76
adder_tree._0469_,11.76
adder_tree._0569_,11.76
adder_tree._0607_,11.76
adder_tree._0660_,11.76
adder_tree._0672_,11.76
bgc_0.col_reg._010_,11.76
bgc_0.comp_col._02_,11.76
bgc_0.comp_col.pe2._03_,11.76
bgc_0.comp_row.pe2._12_,11.76
bgc_0.final_counter._00_\[4\],11.76
bgc_0.lfsr_row._12_,11.76
bgc_0.lfsr_row._23_,11.76
bgc_0.lfsr_row._24_,11.76
bgc_1.comp_col.GR_index\[2\],11.76
bgc_1.comp_row.GL_bits\[11\],11.76
bgc_1.comp_row.GR_index\[3\],11.76
bgc_1.lfsr_col._04_,11.76
bgc_1.row_reg.mode\[0\],11.76
bgc_10.col_reg._001_,11.76
bgc_10.comp_col.GL_bits\[6\],11.76
bgc_10.comp_row.pe1._14_,11.76
bgc_11.col_reg._016_,11.76
bgc_11.row_reg._027_,11.76
bgc_11.row_reg._030_,11.76
bgc_12.comp_row.pe2._08_,11.76
bgc_13.comp_col._16_,11.76
bgc_13.comp_col.pe1._01_,11.76
bgc_13.comp_row._11_,11.76
bgc_13.comp_row.pe2._05_,11.76
bgc_13.row_reg._024_,11.76
bgc_14.comp_row.GR_index\[2\],11.76
bgc_14.comp_row.pe2._15_,11.76
bgc_14.lfsr_col._18_,11.76
bgc_15.comp_col.pe2._10_,11.76
bgc_15.comp_col.pe2._12_,11.76
bgc_15.comp_row.pe1._06_,11.76
bgc_2.col_reg._014_,11.76
bgc_2.comp_row.pe1._06_,11.76
bgc_2.comp_row.pe2._12_,11.76
bgc_2.final_counter._18_,11.76
bgc_3.col_reg._000_\[0\],11.76
bgc_3.comp_col.GR_bits\[8\],11.76
bgc_3.comp_row.A\[9\],11.76
bgc_3.comp_row._00_,11.76
bgc_3.lfsr_row._01_,11.76
bgc_4.col_reg._000_\[5\],11.76
bgc_4.comp_col._15_,11.76
bgc_4.comp_row.GR_bits\[9\],11.76
bgc_4.comp_row._13_,11.76
bgc_4.row_reg._027_,11.76
bgc_5.col_reg._000_\[1\],11.76
bgc_5.comp_col.pe1._12_,11.76
bgc_5.comp_row.A\[5\],11.76
bgc_5.comp_row.GL_bits\[8\],11.76
bgc_5.comp_row._03_,11.76
bgc_5.lfsr_row._00_\[0\],11.76
bgc_5.row_reg._034_,11.76
bgc_6.col_reg._034_,11.76
bgc_6.col_reg._046_,11.76
bgc_6.lfsr_row._14_,11.76
bgc_6.row_reg._000_\[7\],11.76
bgc_6.row_reg._011_,11.76
bgc_7.comp_col.pe2._08_,11.76
bgc_7.comp_row.GR_index\[3\],11.76
bgc_7.row_reg._001_,11.76
bgc_8.col_reg.mode\[0\],11.76
bgc_8.lfsr_col._00_\[0\],11.76
bgc_9.comp_row.pe1._11_,11.76
bgc_9.final_counter._10_,11.76
bgc_9.lfsr_row._11_,11.76
bgc_9.lfsr_row._18_,11.76
bgc_9.row_reg._033_,11.76
bgc_9.row_reg.mode\[0\],11.76
lfsr_enabler._14_,11.76
lfsr_enabler.row_load_count\[1\],11.76
res_mem_inst.slot\[11\].slot_reg._000_\[7\],11.76
res_mem_inst.slot\[11\].slot_reg._052_,11.76
res_mem_inst.slot\[12\].slot_reg._020_,11.76
res_mem_inst.slot\[13\].slot_reg._001_,11.76
res_mem_inst.slot\[1\].slot_reg._000_\[5\],11.76
res_mem_inst.slot\[1\].slot_reg._020_,11.76
res_mem_inst.slot\[1\].slot_reg._039_,11.76
res_mem_inst.slot\[6\].slot_reg._035_,11.76
res_mem_inst.slot\[8\].slot_reg._000_\[9\],11.76
res_mem_inst.slot\[9\].slot_reg._005_,11.76
timer_inst._22_,11.76
spi_out3,11.62
bgc_12.row_reg._016_,11.48
net1208,11.35
bgc_4.prev_step_output\[4\],11.35
bgc_8.comp_col.GR_bits\[5\],11.35
adder_tree._0472_,11.3
adder_tree._0491_,11.3
adder_tree._0520_,11.3
adder_tree._0532_,11.3
adder_tree._0651_,11.3
bgc_0.comp_col.pe1._06_,11.3
bgc_0.comp_col.pe1._07_,11.3
bgc_1.comp_row.GR_bits\[10\],11.3
bgc_10.comp_col.pe2._06_,11.3
bgc_10.comp_row.GR_bits\[10\],11.3
bgc_11.comp_row.GL_index\[2\],11.3
bgc_11.comp_row._17_,11.3
bgc_12.comp_col.GL_bits\[9\],11.3
bgc_12.comp_row.pe2._07_,11.3
bgc_14.comp_col.GR_bits\[2\],11.3
bgc_14.comp_row._03_,11.3
bgc_15.comp_col.GL_index\[0\],11.3
bgc_15.comp_col._15_,11.3
bgc_2.comp_col.GL_bits\[7\],11.3
bgc_5.comp_col.GL_bits\[7\],11.3
bgc_6.comp_col.GR_bits\[7\],11.3
bgc_6.comp_col._19_,11.3
bgc_7._02_,11.3
bgc_9.final_counter._19_,11.3
bgc_9.row_reg._016_,11.3
res_mem_inst.slot\[12\].slot_reg._030_,11.3
res_mem_inst.slot\[3\].slot_reg._016_,11.3
res_mem_inst.slot\[7\].slot_reg._024_,11.3
res_mem_inst.slot\[9\].slot_reg._003_,11.3
net839,11.25
net1032,11.25
net1044,11.25
_02_,11.25
net1196,11.25
net1292,11.25
net1303,11.25
net1365,11.25
net1445,11.25
net198,11.25
net399,11.25
net511,11.25
net578,11.25
net582,11.25
net777,11.25
net78,11.25
adder_tree._0293_,11.25
adder_tree._0311_,11.25
adder_tree._0345_,11.25
adder_tree._0676_,11.25
bgc_0.comp_col.GL_index\[3\],11.25
bgc_0.comp_row.pe2._06_,11.25
bgc_1.col_reg._050_,11.25
bgc_1.comp_col.pe1._17_,11.25
bgc_1.comp_row.GR_bits\[0\],11.25
bgc_1.final_counter._00_\[7\],11.25
bgc_1.final_counter._07_,11.25
bgc_1.final_counter._18_,11.25
bgc_1.row_reg._015_,11.25
bgc_1.row_reg._031_,11.25
bgc_1.row_reg._032_,11.25
bgc_1.row_reg._033_,11.25
bgc_10.col_reg._000_\[9\],11.25
bgc_10.comp_row.pe1._07_,11.25
bgc_10.final_counter._08_,11.25
bgc_11.row_reg._049_,11.25
bgc_12.col_reg._000_\[11\],11.25
bgc_12.comp_col.pe2._06_,11.25
bgc_12.comp_row.GL_bits\[9\],11.25
bgc_13.comp_col.GR_bits\[4\],11.25
bgc_13.comp_row.GL_bits\[4\],11.25
bgc_13.final_counter._10_,11.25
bgc_14.col_reg._001_,11.25
bgc_14.col_reg._016_,11.25
bgc_14.comp_col.A\[4\],11.25
bgc_14.comp_col.GR_bits\[8\],11.25
bgc_14.comp_col._03_,11.25
bgc_14.comp_row.x,11.25
bgc_14.row_reg._001_,11.25
bgc_15.col_reg._000_\[1\],11.25
bgc_15.col_reg._048_,11.25
bgc_15.comp_row.pe2._04_,11.25
bgc_15.final_counter._06_,11.25
bgc_2.col_reg._001_,11.25
bgc_2.comp_col._18_,11.25
bgc_2.comp_col.pe1._06_,11.25
bgc_2.lfsr_col._16_,11.25
bgc_2.row_reg.mode\[0\],11.25
bgc_3.comp_col.GR_bits\[2\],11.25
bgc_4.comp_row._00_,11.25
bgc_4.final_counter._00_\[1\],11.25
bgc_4.lfsr_row._00_\[9\],11.25
bgc_5.col_reg._000_\[3\],11.25
bgc_5.comp_col.pe1._03_,11.25
bgc_5.comp_row.A\[1\],11.25
bgc_6.comp_col.GL_bits\[6\],11.25
bgc_6.comp_col._16_,11.25
bgc_6.comp_row.A\[4\],11.25
bgc_7.col_data_in\[8\],11.25
bgc_7.row_reg._030_,11.25
bgc_7.row_reg._039_,11.25
bgc_8.col_reg._020_,11.25
bgc_8.col_reg._036_,11.25
bgc_8.comp_col.pe1._11_,11.25
bgc_8.comp_col.pe2._10_,11.25
bgc_9.comp_row.A\[10\],11.25
bgc_9.final_counter._07_,11.25
res_mem_inst.slot\[10\].slot_reg._017_,11.25
res_mem_inst.slot\[15\].slot_reg._018_,11.25
res_mem_inst.slot\[4\].slot_reg._000_\[5\],11.25
res_mem_inst.slot\[8\].slot_reg._000_\[3\],11.25
res_mem_inst.slot\[8\].slot_reg._000_\[4\],11.25
res_mem_inst.slot\[8\].slot_reg._044_,11.25
res_mem_inst.slot\[8\].slot_reg._046_,11.25
res_mem_inst.slot\[9\].slot_reg._011_,11.25
net1039,11.2
net1040,11.2
net1234,11.2
net1344,11.2
net1413,11.2
net1425,11.2
net117,11.2
net243,11.2
net245,11.2
net282,11.2
net521,11.2
net527,11.2
net663,11.2
adder_tree._0021_,11.2
adder_tree._0092_,11.2
adder_tree._0222_,11.2
adder_tree._0497_,11.2
adder_tree._0592_,11.2
adder_tree._0648_,11.2
adder_tree._0649_,11.2
bgc_0.col_reg._027_,11.2
bgc_0.comp_col._15_,11.2
bgc_0.final_counter._00_\[10\],11.2
bgc_1.comp_col.pe1._07_,11.2
bgc_1.comp_row.GL_bits\[9\],11.2
bgc_1.comp_row._15_,11.2
bgc_1.comp_row.pe1._10_,11.2
bgc_1.row_reg._039_,11.2
bgc_10.comp_row._15_,11.2
bgc_11.comp_col._18_,11.2
bgc_11.final_counter._25_,11.2
bgc_11.lfsr_row._00_\[7\],11.2
bgc_12.comp_col.A\[3\],11.2
bgc_12.lfsr_col._05_,11.2
bgc_12.lfsr_col._09_,11.2
bgc_12.lfsr_row._14_,11.2
bgc_13.lfsr_col._00_\[10\],11.2
bgc_13.lfsr_col._10_,11.2
bgc_13.row_reg._049_,11.2
bgc_14.col_reg._027_,11.2
bgc_14.lfsr_col._04_,11.2
bgc_14.lfsr_row._13_,11.2
bgc_15.col_reg._000_\[8\],11.2
bgc_15.comp_col.GR_index\[3\],11.2
bgc_15.comp_col.pe1._10_,11.2
bgc_15.comp_col.pe2._08_,11.2
bgc_15.row_reg._018_,11.2
bgc_15.row_reg._024_,11.2
bgc_2.row_reg._047_,11.2
bgc_3.comp_row.A\[6\],11.2
bgc_3.comp_row.GL_index\[1\],11.2
bgc_3.comp_row._15_,11.2
bgc_3.lfsr_col._00_\[6\],11.2
bgc_4.comp_col.pe2._01_,11.2
bgc_4.comp_row.GL_bits\[8\],11.2
bgc_4.final_counter._00_\[8\],11.2
bgc_4.lfsr_row._00_\[7\],11.2
bgc_5.comp_col.pe2._16_,11.2
bgc_5.comp_row.GL_bits\[10\],11.2
bgc_5.comp_row.pe2._01_,11.2
bgc_5.lfsr_row._02_,11.2
bgc_5.row_reg._037_,11.2
bgc_6.col_reg._000_\[8\],11.2
bgc_6.comp_col.GL_bits\[4\],11.2
bgc_6.comp_col._01_,11.2
bgc_6.comp_row.GL_bits\[11\],11.2
bgc_6.comp_row.pe1._16_,11.2
bgc_6.comp_row.pe2._14_,11.2
bgc_7.col_reg._000_\[0\],11.2
bgc_7.col_reg._032_,11.2
bgc_7.comp_row.GL_index\[2\],11.2
bgc_7.comp_row.pe1._07_,11.2
bgc_7.comp_row.pe1._12_,11.2
bgc_7.lfsr_row._00_\[9\],11.2
bgc_8.col_reg._018_,11.2
bgc_8.row_reg._032_,11.2
bgc_9.col_reg._016_,11.2
bgc_9.col_reg._023_,11.2
bgc_9.col_reg._026_,11.2
bgc_9.comp_col.A\[2\],11.2
bgc_9.comp_row.pe2._03_,11.2
bgc_9.comp_row.pe2._11_,11.2
res_mem_inst._029_,11.2
res_mem_inst._031_,11.2
res_mem_inst.slot\[0\].slot_reg._000_\[9\],11.2
res_mem_inst.slot\[0\].slot_reg._028_,11.2
res_mem_inst.slot\[12\].slot_reg._035_,11.2
res_mem_inst.slot\[14\].slot_reg._000_\[0\],11.2
res_mem_inst.slot\[1\].slot_reg._049_,11.2
res_mem_inst.slot\[3\].slot_reg._047_,11.2
res_mem_inst.slot\[5\].slot_reg._035_,11.2
res_mem_inst.slot\[5\].slot_reg._040_,11.2
res_mem_inst.slot\[7\].slot_reg._025_,11.2
res_mem_inst.slot\[8\].slot_reg._015_,11.2
bgc_5.comp_row.GR_bits\[2\],10.97
bgc_12.comp_row.GR_bits\[11\],10.79
bgc_13.comp_row.pe2._15_,10.79
bgc_14.comp_row.GL_bits\[9\],10.79
bgc_14.comp_row._15_,10.79
bgc_2.comp_col._14_,10.79
bgc_2.comp_row.GL_index\[1\],10.79
bgc_7.comp_col.GL_bits\[2\],10.79
adder_tree._0238_,10.74
adder_tree._0264_,10.74
adder_tree._0291_,10.74
adder_tree._0483_,10.74
adder_tree._0618_,10.74
bgc_0.comp_col.GR_bits\[7\],10.74
bgc_0.comp_col.pe1._03_,10.74
bgc_1.comp_row.GR_bits\[11\],10.74
bgc_13.comp_row.GR_bits\[5\],10.74
bgc_14.comp_col._16_,10.74
bgc_3.comp_row._03_,10.74
bgc_3.comp_row.pe1._17_,10.74
bgc_4.comp_col.pe2._03_,10.74
bgc_5.comp_col._14_,10.74
bgc_7.comp_col._15_,10.74
net823,10.69
net1072,10.69
net1078,10.69
net1098,10.69
net1377,10.69
net1449,10.69
net151,10.69
net238,10.69
net424,10.69
net502,10.69
adder_tree._0169_,10.69
adder_tree._0416_,10.69
adder_tree._0435_,10.69
adder_tree._0499_,10.69
adder_tree._0559_,10.69
adder_tree._0640_,10.69
bgc_0.comp_row._03_,10.69
bgc_0.comp_row.pe2._02_,10.69
bgc_0.final_counter._24_,10.69
bgc_0.row_reg._010_,10.69
bgc_1.lfsr_col._20_,10.69
bgc_10.comp_row._02_,10.69
bgc_10.final_counter._00_\[2\],10.69
bgc_10.final_counter._07_,10.69
bgc_10.row_reg._000_\[3\],10.69
bgc_11.row_reg._024_,10.69
bgc_11.row_reg.mode\[1\],10.69
bgc_12.col_reg._000_\[8\],10.69
bgc_12.col_reg._008_,10.69
bgc_12.comp_col.GR_bits\[9\],10.69
bgc_12.comp_row.pe2._05_,10.69
bgc_12.final_counter._15_,10.69
bgc_12.row_reg._022_,10.69
bgc_13.comp_col.GL_bits\[1\],10.69
bgc_13.comp_col.x,10.69
bgc_13.comp_row.GL_bits\[1\],10.69
bgc_13.comp_row.GL_index\[2\],10.69
bgc_13.comp_row.pe2._01_,10.69
bgc_13.lfsr_row._02_,10.69
bgc_15.col_reg._024_,10.69
bgc_15.comp_col.A\[10\],10.69
bgc_15.comp_col.GR_index\[1\],10.69
bgc_15.comp_row.GR_index\[1\],10.69
bgc_15.lfsr_col._00_\[3\],10.69
bgc_15.lfsr_col._06_,10.69
bgc_15.row_reg._014_,10.69
bgc_2.col_reg._015_,10.69
bgc_2.comp_col._01_,10.69
bgc_2.comp_col.pe1._03_,10.69
bgc_2.comp_row.pe1._03_,10.69
bgc_3.col_data_in\[3\],10.69
bgc_3.comp_col.A\[5\],10.69
bgc_3.comp_col.pe2._09_,10.69
bgc_3.lfsr_col._24_,10.69
bgc_4.col_data_in\[10\],10.69
bgc_4.comp_col.pe2._07_,10.69
bgc_4.comp_col.pe2._08_,10.69
bgc_4.comp_row.pe2._06_,10.69
bgc_5.comp_col._17_,10.69
bgc_5.comp_col.pe1._08_,10.69
bgc_5.row_reg._022_,10.69
bgc_6.comp_row.GR_bits\[1\],10.69
bgc_7.col_reg._000_\[6\],10.69
bgc_7.comp_col._16_,10.69
bgc_7.final_counter._17_,10.69
bgc_8.col_reg._038_,10.69
bgc_8.comp_col.pe2._17_,10.69
bgc_8.comp_row.pe2._11_,10.69
bgc_9.col_data_in\[5\],10.69
bgc_9.comp_row.GR_bits\[10\],10.69
bgc_9.comp_row.pe1._04_,10.69
dec_inst.en_out\[1\],10.69
res_mem_inst.slot\[10\].slot_reg._000_\[6\],10.69
res_mem_inst.slot\[12\].slot_reg._048_,10.69
res_mem_inst.slot\[13\].slot_reg._030_,10.69
res_mem_inst.slot\[15\].slot_reg._037_,10.69
res_mem_inst.slot\[1\].slot_reg._003_,10.69
res_mem_inst.slot\[4\].slot_reg._052_,10.69
res_mem_inst.slot\[5\].slot_reg.mode\[0\],10.69
res_mem_inst.slot\[7\].slot_reg._037_,10.69
res_mem_inst.slot\[8\].slot_reg._011_,10.69
res_mem_inst.slot\[9\].slot_reg._000_\[5\],10.69
net872,10.64
net926,10.64
net962,10.64
net974,10.64
net993,10.64
net1028,10.64
net1082,10.64
net1097,10.64
net1116,10.64
net1142,10.64
net1261,10.64
net1277,10.64
net1311,10.64
net1419,10.64
net1461,10.64
net96,10.64
net101,10.64
net128,10.64
net136,10.64
net254,10.64
net258,10.64
net321,10.64
net427,10.64
net475,10.64
net532,10.64
net699,10.64
net752,10.64
net782,10.64
adder_tree._0039_,10.64
adder_tree._0040_,10.64
adder_tree._0047_,10.64
adder_tree._0163_,10.64
adder_tree._0189_,10.64
adder_tree._0256_,10.64
adder_tree._0299_,10.64
adder_tree._0323_,10.64
adder_tree._0385_,10.64
adder_tree._0396_,10.64
adder_tree._0398_,10.64
adder_tree._0526_,10.64
adder_tree._0671_,10.64
adder_tree._0711_,10.64
bgc_0.col_reg._016_,10.64
bgc_0.col_reg._044_,10.64
bgc_0.comp_col.pe1._10_,10.64
bgc_0.comp_row.A\[9\],10.64
bgc_0.comp_row.GL_index\[1\],10.64
bgc_0.final_counter._00_\[0\],10.64
bgc_0.lfsr_row._00_\[1\],10.64
bgc_0.row_reg._039_,10.64
bgc_0.row_reg.mode\[0\],10.64
bgc_1.col_data_in\[8\],10.64
bgc_1.col_reg._001_,10.64
bgc_1.comp_col.pe2._11_,10.64
bgc_1.comp_row.GL_index\[0\],10.64
bgc_1.lfsr_row._23_,10.64
bgc_10.comp_row.GR_index\[2\],10.64
bgc_10.final_counter._06_,10.64
bgc_10.final_counter._25_,10.64
bgc_11.col_reg._026_,10.64
bgc_11.lfsr_col._14_,10.64
bgc_11.row_reg._028_,10.64
bgc_12.comp_row.A\[0\],10.64
bgc_12.comp_row.GR_bits\[10\],10.64
bgc_12.comp_row.pe2._14_,10.64
bgc_12.final_counter._03_,10.64
bgc_12.final_counter._27_,10.64
bgc_13.final_counter._00_\[0\],10.64
bgc_14.col_reg._049_,10.64
bgc_14.lfsr_row._14_,10.64
bgc_15.comp_col.GR_bits\[9\],10.64
bgc_15.comp_col.pe1._09_,10.64
bgc_15.final_counter._00_\[5\],10.64
bgc_15.row_reg._031_,10.64
bgc_2.comp_col.pe1._02_,10.64
bgc_2.comp_row.A\[4\],10.64
bgc_2.comp_row.GR_bits\[8\],10.64
bgc_3.col_reg._019_,10.64
bgc_3.col_reg._050_,10.64
bgc_3.comp_col.GR_index\[3\],10.64
bgc_3.final_counter._03_,10.64
bgc_4.comp_col.pe1._15_,10.64
bgc_4.comp_row.A\[8\],10.64
bgc_4.final_counter._14_,10.64
bgc_4.lfsr_col._20_,10.64
bgc_4.lfsr_row._18_,10.64
bgc_4.row_reg._000_\[6\],10.64
bgc_5.comp_row._11_,10.64
bgc_5.final_counter._25_,10.64
bgc_5.lfsr_col._03_,10.64
bgc_6.col_reg._030_,10.64
bgc_6.comp_col.GR_index\[3\],10.64
bgc_6.final_counter._27_,10.64
bgc_6.lfsr_row._13_,10.64
bgc_7.comp_col.GL_bits\[7\],10.64
bgc_7.comp_col.pe2._12_,10.64
bgc_7.lfsr_col._00_\[7\],10.64
bgc_7.lfsr_row._26_,10.64
bgc_7.row_reg._000_\[10\],10.64
bgc_8.col_reg._028_,10.64
bgc_8.comp_col._00_,10.64
bgc_8.comp_col.pe1._17_,10.64
bgc_8.comp_col.pe2._01_,10.64
bgc_8.comp_row.GL_bits\[2\],10.64
bgc_8.comp_row.GR_index\[1\],10.64
bgc_8.final_counter._00_\[4\],10.64
bgc_8.final_counter._13_,10.64
bgc_9.col_reg._038_,10.64
bgc_9.comp_col._00_,10.64
bgc_9.comp_col._14_,10.64
bgc_9.comp_col.pe2._03_,10.64
lfsr_enabler._13_,10.64
res_mem_inst._002_\[0\],10.64
res_mem_inst.slot\[0\].slot_reg._021_,10.64
res_mem_inst.slot\[11\].slot_reg._013_,10.64
res_mem_inst.slot\[12\].slot_reg.mode\[0\],10.64
res_mem_inst.slot\[8\].slot_reg._040_,10.64
res_mem_inst.slot\[9\].slot_reg._000_\[8\],10.64
timer_inst._01_\[4\],10.64
input_ready,10.5
load_row_or_col,10.5
output_valid,10.5
spi_in1,10.5
bgc_10.comp_row.pe1._06_,10.23
bgc_11.col_data_in\[10\],10.23
bgc_14.comp_row.pe2._03_,10.23
adder_tree._0024_,10.18
adder_tree._0037_,10.18
adder_tree._0358_,10.18
adder_tree._0446_,10.18
adder_tree._0476_,10.18
adder_tree._0552_,10.18
bgc_0.comp_col.GR_bits\[8\],10.18
bgc_0.comp_col.GR_bits\[9\],10.18
bgc_0.comp_row.pe1._06_,10.18
bgc_1.comp_col.GR_bits\[0\],10.18
bgc_1.comp_row.GL_bits\[2\],10.18
bgc_11.comp_row.GL_bits\[9\],10.18
bgc_12.comp_col.pe1._10_,10.18
bgc_15.comp_row.GL_bits\[7\],10.18
bgc_2.comp_col._11_,10.18
bgc_3.comp_row.GR_bits\[7\],10.18
bgc_4.comp_row._12_,10.18
bgc_5.comp_row.GR_bits\[10\],10.18
bgc_6.comp_row.GL_bits\[9\],10.18
bgc_6.comp_row.pe1._06_,10.18
bgc_6.row_reg.mode\[0\],10.18
net992,10.13
net1172,10.13
net1389,10.13
net202,10.13
net210,10.13
net232,10.13
net638,10.13
net667,10.13
adder_tree._0200_,10.13
adder_tree._0324_,10.13
adder_tree._0579_,10.13
adder_tree._0611_,10.13
bgc_0.comp_col.GR_bits\[10\],10.13
bgc_0.comp_col.GR_index\[1\],10.13
bgc_0.comp_col.pe2._07_,10.13
bgc_0.comp_col.pe2._11_,10.13
bgc_0.comp_row.A\[7\],10.13
bgc_0.comp_row.GL_bits\[1\],10.13
bgc_0.comp_row.GR_bits\[0\],10.13
bgc_0.final_counter._27_,10.13
bgc_0.lfsr_row._19_,10.13
bgc_1.col_reg._032_,10.13
bgc_1.comp_col.GL_bits\[7\],10.13
bgc_1.comp_row._11_,10.13
bgc_1.row_reg._020_,10.13
bgc_10.col_reg._045_,10.13
bgc_11.col_data_in\[11\],10.13
bgc_11.comp_col._01_,10.13
bgc_12.comp_col.GL_bits\[10\],10.13
bgc_12.comp_col._01_,10.13
bgc_12.comp_col.pe2._10_,10.13
bgc_12.row_reg._037_,10.13
bgc_12.row_reg._038_,10.13
bgc_13.col_reg._044_,10.13
bgc_13.comp_col.GR_bits\[10\],10.13
bgc_13.comp_col.GR_index\[1\],10.13
bgc_13.comp_row.GR_index\[0\],10.13
bgc_13.row_reg._000_\[7\],10.13
bgc_14.comp_row.A\[3\],10.13
bgc_15.comp_col.pe2._03_,10.13
bgc_15.comp_row.pe2._11_,10.13
bgc_15.lfsr_row._26_,10.13
bgc_2.col_reg._039_,10.13
bgc_2.comp_col.GL_index\[0\],10.13
bgc_2.comp_row.pe1._07_,10.13
bgc_2.final_counter._17_,10.13
bgc_3.comp_col._15_,10.13
bgc_3.comp_row.GR_bits\[9\],10.13
bgc_3.comp_row.pe1._08_,10.13
bgc_3.final_counter._00_\[11\],10.13
bgc_4.row_reg._010_,10.13
bgc_5.lfsr_col._22_,10.13
bgc_6.col_reg._018_,10.13
bgc_6.comp_row._14_,10.13
bgc_6.final_counter._00_\[7\],10.13
bgc_6.final_counter._23_,10.13
bgc_7.comp_row.pe1._09_,10.13
bgc_7.final_counter._00_\[4\],10.13
bgc_8.col_reg._000_\[2\],10.13
bgc_8.col_reg._000_\[7\],10.13
bgc_8.comp_col.GR_bits\[2\],10.13
bgc_8.comp_col.pe2._00_,10.13
bgc_8.comp_col.pe2._14_,10.13
bgc_8.comp_row.pe2._06_,10.13
bgc_8.final_counter._00_\[6\],10.13
bgc_8.lfsr_row._09_,10.13
bgc_9.col_reg._017_,10.13
res_mem_inst.slot\[12\].slot_reg._032_,10.13
res_mem_inst.slot\[12\].slot_reg._036_,10.13
res_mem_inst.slot\[1\].slot_reg._000_\[2\],10.13
res_mem_inst.slot\[3\].slot_reg._015_,10.13
res_mem_inst.slot\[3\].slot_reg._022_,10.13
res_mem_inst.slot\[4\].slot_reg._000_\[6\],10.13
res_mem_inst.slot\[6\].slot_reg._020_,10.13
res_mem_inst.slot\[8\].slot_reg._000_\[5\],10.13
res_mem_inst.slot\[8\].slot_reg._018_,10.13
res_mem_inst.slot\[9\].slot_reg._000_\[9\],10.13
res_mem_inst.slot\[9\].slot_reg._002_,10.13
timer_inst._18_,10.13
net970,10.08
net1005,10.08
net1101,10.08
net1155,10.08
net1157,10.08
net1166,10.08
net1178,10.08
net1181,10.08
net1255,10.08
net1320,10.08
net1350,10.08
net1367,10.08
net1385,10.08
net1386,10.08
net1463,10.08
net82,10.08
net97,10.08
net131,10.08
net166,10.08
net182,10.08
net252,10.08
net292,10.08
net323,10.08
net329,10.08
net336,10.08
net392,10.08
net398,10.08
net408,10.08
net443,10.08
net472,10.08
net519,10.08
net623,10.08
net668,10.08
net722,10.08
net724,10.08
net742,10.08
net743,10.08
net751,10.08
net753,10.08
adder_tree._0023_,10.08
adder_tree._0032_,10.08
adder_tree._0112_,10.08
adder_tree._0194_,10.08
adder_tree._0312_,10.08
adder_tree._0402_,10.08
adder_tree._0428_,10.08
adder_tree._0530_,10.08
adder_tree._0540_,10.08
bgc_0._02_,10.08
bgc_0.col_reg.mode\[0\],10.08
bgc_0.comp_col.pe1._11_,10.08
bgc_0.final_counter._13_,10.08
bgc_0.lfsr_row._08_,10.08
bgc_1.col_reg._035_,10.08
bgc_1.comp_col.GL_bits\[1\],10.08
bgc_1.comp_row._19_,10.08
bgc_1.row_reg._048_,10.08
bgc_10.comp_row.A\[1\],10.08
bgc_10.lfsr_row._00_\[8\],10.08
bgc_11.comp_col._14_,10.08
bgc_11.comp_row.GL_index\[0\],10.08
bgc_11.comp_row.pe1._03_,10.08
bgc_11.final_counter._00_\[8\],10.08
bgc_11.row_reg._022_,10.08
bgc_12.col_reg._000_\[0\],10.08
bgc_12.col_reg._038_,10.08
bgc_12.row_reg._014_,10.08
bgc_13.lfsr_col._03_,10.08
bgc_13.row_reg._051_,10.08
bgc_14.comp_col.GL_bits\[1\],10.08
bgc_14.row_reg._049_,10.08
bgc_15.comp_col._01_,10.08
bgc_15.comp_row.GR_bits\[9\],10.08
bgc_15.comp_row._00_,10.08
bgc_15.comp_row.pe2._06_,10.08
bgc_15.comp_row.pe2._09_,10.08
bgc_2.col_reg._000_\[0\],10.08
bgc_2.col_reg._000_\[2\],10.08
bgc_2.comp_col._15_,10.08
bgc_2.comp_row.pe2._06_,10.08
bgc_3.col_reg._000_\[4\],10.08
bgc_3.comp_col.GR_index\[2\],10.08
bgc_3.comp_col.pe2._06_,10.08
bgc_3.comp_row.pe1._02_,10.08
bgc_3.lfsr_col._18_,10.08
bgc_3.row_reg._001_,10.08
bgc_4.comp_col.GR_index\[3\],10.08
bgc_4.comp_col.pe2._02_,10.08
bgc_4.comp_row.pe2._03_,10.08
bgc_4.comp_row.pe2._07_,10.08
bgc_4.row_reg._016_,10.08
bgc_5.comp_col.A\[1\],10.08
bgc_5.comp_row._17_,10.08
bgc_5.row_reg._014_,10.08
bgc_5.row_reg._029_,10.08
bgc_6.col_data_in\[5\],10.08
bgc_6.col_reg._035_,10.08
bgc_7.comp_col.A\[0\],10.08
bgc_7.comp_col.A\[8\],10.08
bgc_8.comp_row.GL_bits\[10\],10.08
bgc_8.comp_row.GL_bits\[6\],10.08
bgc_9.comp_col.A\[5\],10.08
bgc_9.comp_col._17_,10.08
bgc_9.lfsr_col._04_,10.08
bgc_9.row_reg._048_,10.08
res_mem_inst.slot\[13\].slot_reg._019_,10.08
res_mem_inst.slot\[15\].slot_reg._014_,10.08
res_mem_inst.slot\[4\].slot_reg._019_,10.08
res_mem_inst.slot\[6\].slot_reg._026_,10.08
res_mem_inst.slot\[9\].slot_reg._013_,10.08
timer_inst._01_\[8\],10.08
timer_inst._26_,10.08
adder_tree._0115_,9.67
bgc_13.comp_row.GR_bits\[9\],9.67
bgc_3.comp_col.GR_bits\[4\],9.67
adder_tree._0308_,9.62
adder_tree._0317_,9.62
adder_tree._0411_,9.62
adder_tree._0484_,9.62
adder_tree._0537_,9.62
adder_tree._0602_,9.62
bgc_1.comp_col.pe2._06_,9.62
bgc_1.comp_row.pe2._01_,9.62
bgc_1.lfsr_col._26_,9.62
bgc_12.col_reg._016_,9.62
bgc_12.comp_col.GR_bits\[2\],9.62
bgc_14.comp_col.GR_bits\[9\],9.62
bgc_14.row_reg._000_\[9\],9.62
bgc_15.comp_col.GL_bits\[7\],9.62
bgc_3.comp_row.pe2._14_,9.62
bgc_5.comp_row.pe2._07_,9.62
bgc_5.comp_row.pe2._16_,9.62
bgc_6.col_data_in\[10\],9.62
bgc_6.comp_row.pe2._04_,9.62
bgc_7.final_counter._07_,9.62
net832,9.57
net841,9.57
net904,9.57
net1112,9.57
net1147,9.57
net1177,9.57
net1201,9.57
net86,9.57
net105,9.57
net601,9.57
net608,9.57
net778,9.57
net802,9.57
adder_tree._0109_,9.57
adder_tree._0122_,9.57
adder_tree._0207_,9.57
adder_tree._0258_,9.57
adder_tree._0298_,9.57
adder_tree._0502_,9.57
bgc_0._03_,9.57
bgc_0.comp_col.GR_bits\[1\],9.57
bgc_0.comp_row.pe2._17_,9.57
bgc_1.comp_col.A\[10\],9.57
bgc_1.comp_row.GL_bits\[10\],9.57
bgc_10.comp_col.A\[9\],9.57
bgc_10.comp_row.A\[8\],9.57
bgc_10.comp_row.pe2._14_,9.57
bgc_10.final_counter._00_\[10\],9.57
bgc_11.comp_col.pe2._17_,9.57
bgc_11.row_reg.mode\[0\],9.57
bgc_12.col_data_in\[9\],9.57
bgc_12.comp_col.A\[0\],9.57
bgc_12.comp_col.GL_bits\[4\],9.57
bgc_12.comp_col.pe2._07_,9.57
bgc_12.comp_row.pe1._07_,9.57
bgc_12.final_counter._00_\[0\],9.57
bgc_13.lfsr_row._26_,9.57
bgc_13.row_reg._003_,9.57
bgc_14.comp_row.pe2._06_,9.57
bgc_14.row_reg._017_,9.57
bgc_15.comp_row.GL_bits\[8\],9.57
bgc_15.comp_row._01_,9.57
bgc_15.final_counter._00_\[8\],9.57
bgc_15.lfsr_row._03_,9.57
bgc_2.comp_col.pe2._06_,9.57
bgc_2.comp_row.A\[8\],9.57
bgc_2.comp_row._18_,9.57
bgc_3.col_reg._033_,9.57
bgc_3.comp_col.GL_bits\[8\],9.57
bgc_3.comp_col._18_,9.57
bgc_3.comp_col.pe1._15_,9.57
bgc_3.comp_col.pe2._07_,9.57
bgc_3.final_counter._00_\[8\],9.57
bgc_4.comp_col._18_,9.57
bgc_4.comp_row._10_,9.57
bgc_4.row_reg._023_,9.57
bgc_5.comp_row.GL_bits\[7\],9.57
bgc_5.row_reg._018_,9.57
bgc_5.row_reg._038_,9.57
bgc_6.comp_col.GL_bits\[9\],9.57
bgc_6.lfsr_row._22_,9.57
bgc_7.col_data_in\[2\],9.57
bgc_7.col_reg._000_\[9\],9.57
bgc_7.comp_col.GL_bits\[10\],9.57
bgc_7.lfsr_col._18_,9.57
bgc_8.row_reg._022_,9.57
bgc_9.comp_col._09_,9.57
bgc_9.comp_col.pe1._03_,9.57
bgc_9.comp_col.pe1._10_,9.57
bgc_9.comp_row.pe1._06_,9.57
bgc_9.row_reg._038_,9.57
res_mem_inst.slot\[13\].slot_reg._036_,9.57
res_mem_inst.slot\[14\].slot_reg._000_\[8\],9.57
res_mem_inst.slot\[14\].slot_reg._044_,9.57
res_mem_inst.slot\[15\].slot_reg._029_,9.57
res_mem_inst.slot\[3\].slot_reg._002_,9.57
res_mem_inst.slot\[5\].slot_reg._000_\[10\],9.57
res_mem_inst.slot\[5\].slot_reg._000_\[4\],9.57
res_mem_inst.slot\[5\].slot_reg._000_\[8\],9.57
res_mem_inst.slot\[6\].slot_reg._040_,9.57
res_mem_inst.slot\[7\].slot_reg._029_,9.57
res_mem_inst.slot\[9\].slot_reg._000_\[4\],9.57
net838,9.52
net856,9.52
net873,9.52
net1095,9.52
net1115,9.52
net1144,9.52
net1185,9.52
net1238,9.52
net1263,9.52
net1352,9.52
net1363,9.52
net1368,9.52
net1384,9.52
net1456,9.52
net103,9.52
net127,9.52
net156,9.52
net185,9.52
net225,9.52
net229,9.52
net267,9.52
net313,9.52
net370,9.52
net382,9.52
net415,9.52
net426,9.52
net446,9.52
net455,9.52
net509,9.52
net534,9.52
net538,9.52
net559,9.52
net606,9.52
net692,9.52
net806,9.52
adder_tree._0087_,9.52
adder_tree._0118_,9.52
adder_tree._0175_,9.52
adder_tree._0206_,9.52
adder_tree._0368_,9.52
adder_tree._0369_,9.52
adder_tree._0547_,9.52
adder_tree._0693_,9.52
bgc_0.comp_row.pe2._03_,9.52
bgc_0.comp_row.pe2._07_,9.52
bgc_0.row_reg._000_\[2\],9.52
bgc_0.row_reg._028_,9.52
bgc_0.row_reg._047_,9.52
bgc_1.col_reg._000_\[1\],9.52
bgc_1.col_reg._024_,9.52
bgc_1.col_reg._046_,9.52
bgc_1.comp_col.pe1._09_,9.52
bgc_1.comp_col.pe2._03_,9.52
bgc_1.comp_col.pe2._07_,9.52
bgc_10.comp_col.pe2._08_,9.52
bgc_10.comp_row.GL_bits\[1\],9.52
bgc_10.comp_row._16_,9.52
bgc_10.lfsr_row._08_,9.52
bgc_10.lfsr_row._12_,9.52
bgc_11.comp_col.pe2._06_,9.52
bgc_11.comp_row.GL_index\[1\],9.52
bgc_11.comp_row.GR_index\[1\],9.52
bgc_11.lfsr_col._05_,9.52
bgc_11.lfsr_row._26_,9.52
bgc_11.row_reg._036_,9.52
bgc_12.col_reg._005_,9.52
bgc_12.col_reg._023_,9.52
bgc_12.col_reg._027_,9.52
bgc_12.row_reg._000_\[9\],9.52
bgc_12.row_reg._046_,9.52
bgc_13.comp_col.GR_bits\[0\],9.52
bgc_13.comp_col.GR_index\[3\],9.52
bgc_13.comp_col._01_,9.52
bgc_13.comp_col._18_,9.52
bgc_13.row_reg._017_,9.52
bgc_14.col_reg._000_\[5\],9.52
bgc_14.comp_col.A\[6\],9.52
bgc_14.comp_row.GL_bits\[10\],9.52
bgc_14.comp_row.pe1._09_,9.52
bgc_14.comp_row.pe1._11_,9.52
bgc_14.final_counter._17_,9.52
bgc_14.lfsr_col._02_,9.52
bgc_14.lfsr_col._13_,9.52
bgc_14.lfsr_row._21_,9.52
bgc_14.row_reg._014_,9.52
bgc_15.comp_col.A\[8\],9.52
bgc_15.comp_col._18_,9.52
bgc_15.lfsr_row._00_\[11\],9.52
bgc_15.row_reg._000_\[9\],9.52
bgc_15.row_reg._022_,9.52
bgc_15.row_reg._048_,9.52
bgc_2.comp_row._08_,9.52
bgc_2.lfsr_col._00_\[4\],9.52
bgc_2.lfsr_col._21_,9.52
bgc_2.row_reg._024_,9.52
bgc_3.col_reg._012_,9.52
bgc_3.comp_row.GL_index\[3\],9.52
bgc_3.row_reg._002_,9.52
bgc_3.row_reg._034_,9.52
bgc_4.comp_col._03_,9.52
bgc_4.comp_row.A\[3\],9.52
bgc_4.row_reg._032_,9.52
bgc_4.row_reg._035_,9.52
bgc_5.comp_row.GR_index\[0\],9.52
bgc_5.comp_row.pe2._06_,9.52
bgc_5.lfsr_row._00_\[10\],9.52
bgc_5.row_reg._026_,9.52
bgc_6.comp_col.A\[10\],9.52
bgc_6.comp_row._17_,9.52
bgc_7.col_reg._000_\[11\],9.52
bgc_7.comp_col.GL_bits\[0\],9.52
bgc_7.comp_col._13_,9.52
bgc_8.col_reg._048_,9.52
bgc_8.comp_row._14_,9.52
bgc_8.final_counter._25_,9.52
bgc_8.lfsr_col._14_,9.52
bgc_8.lfsr_row._00_\[4\],9.52
bgc_9.comp_col.pe1._17_,9.52
bgc_9.comp_row.GR_bits\[7\],9.52
bgc_9.comp_row.GR_bits\[8\],9.52
bgc_9.comp_row._00_,9.52
bgc_9.comp_row.pe2._08_,9.52
bgc_9.final_counter._27_,9.52
bgc_9.row_reg._000_\[1\],9.52
bgc_9.row_reg._000_\[2\],9.52
bgc_9.row_reg._000_\[3\],9.52
res_mem_inst.slot\[0\].slot_reg._020_,9.52
res_mem_inst.slot\[0\].slot_reg._031_,9.52
res_mem_inst.slot\[0\].slot_reg._048_,9.52
res_mem_inst.slot\[12\].slot_reg._003_,9.52
res_mem_inst.slot\[1\].slot_reg._032_,9.52
res_mem_inst.slot\[2\].slot_reg._000_\[1\],9.52
res_mem_inst.slot\[2\].slot_reg._050_,9.52
res_mem_inst.slot\[4\].slot_reg._000_\[1\],9.52
res_mem_inst.slot\[8\].slot_reg._025_,9.52
res_mem_inst.slot\[8\].slot_reg._034_,9.52
res_mem_inst.slot\[9\].slot_reg._000_\[0\],9.52
timer_inst._00_,9.52
bgc_0.comp_col.pe2._06_,9.24
bgc_11.comp_row.GR_bits\[5\],9.16
bgc_11.comp_col.GR_bits\[10\],9.11
bgc_14.comp_col.GR_bits\[3\],9.11
adder_tree._0000_,9.06
adder_tree._0235_,9.06
adder_tree._0292_,9.06
adder_tree._0304_,9.06
adder_tree._0486_,9.06
adder_tree._0598_,9.06
adder_tree._0703_,9.06
bgc_1.col_reg._000_\[0\],9.06
bgc_10.lfsr_row._26_,9.06
bgc_11.final_counter._20_,9.06
bgc_11.row_reg._052_,9.06
bgc_13.comp_row.pe1._09_,9.06
bgc_14.comp_col.GR_bits\[11\],9.06
bgc_14.comp_row.pe1._01_,9.06
bgc_14.comp_row.pe2._07_,9.06
bgc_15.col_reg._000_\[11\],9.06
bgc_15.col_reg._000_\[4\],9.06
bgc_15.comp_col.pe1._01_,9.06
bgc_2.comp_col.GL_bits\[2\],9.06
bgc_2.comp_col.GR_bits\[10\],9.06
bgc_2.comp_row.pe2._10_,9.06
bgc_3.comp_row.pe2._01_,9.06
bgc_3.final_counter._17_,9.06
bgc_6.col_data_in\[2\],9.06
bgc_8.comp_col.GR_index\[1\],9.06
bgc_8.comp_row.pe2._08_,9.06
bgc_9.comp_row._17_,9.06
res_mem_inst.slot\[4\].slot_reg._011_,9.06
net853,9.01
net860,9.01
net907,9.01
net936,9.01
net1048,9.01
net1200,9.01
net1233,9.01
net1336,9.01
net240,9.01
net346,9.01
net412,9.01
net790,9.01
adder_tree._0091_,9.01
adder_tree._0106_,9.01
adder_tree._0332_,9.01
adder_tree._0421_,9.01
adder_tree._0709_,9.01
bgc_0.final_counter._00_\[9\],9.01
bgc_0.row_reg._022_,9.01
bgc_0.row_reg._038_,9.01
bgc_1.col_data_in\[9\],9.01
bgc_1.col_reg._000_\[3\],9.01
bgc_1.col_reg._000_\[4\],9.01
bgc_1.col_reg._000_\[6\],9.01
bgc_1.comp_col.GR_bits\[8\],9.01
bgc_1.final_counter._27_,9.01
bgc_1.lfsr_row._14_,9.01
bgc_10.comp_col.A\[11\],9.01
bgc_10.comp_col.pe1._05_,9.01
bgc_10.comp_row.pe2._16_,9.01
bgc_10.row_reg._000_\[9\],9.01
bgc_11.comp_col.GR_bits\[2\],9.01
bgc_11.comp_col._16_,9.01
bgc_11.comp_row.pe1._04_,9.01
bgc_11.final_counter._00_\[10\],9.01
bgc_11.lfsr_col._00_\[6\],9.01
bgc_11.row_reg._000_\[11\],9.01
bgc_12.col_reg._020_,9.01
bgc_12.col_reg._021_,9.01
bgc_12.col_reg._050_,9.01
bgc_12.comp_row.A\[3\],9.01
bgc_12.lfsr_row._24_,9.01
bgc_12.row_reg._020_,9.01
bgc_13.final_counter._00_\[5\],9.01
bgc_14.comp_col.GL_index\[2\],9.01
bgc_14.comp_col.GR_bits\[7\],9.01
bgc_14.row_reg._032_,9.01
bgc_15.row_reg._039_,9.01
bgc_2.col_reg._038_,9.01
bgc_2.comp_col.GL_bits\[9\],9.01
bgc_2.comp_col.pe1._09_,9.01
bgc_2.row_reg._005_,9.01
bgc_3.col_reg._029_,9.01
bgc_3.comp_row.GR_index\[1\],9.01
bgc_4.comp_col.pe1._01_,9.01
bgc_4.comp_col.pe1._17_,9.01
bgc_4.comp_col.pe2._10_,9.01
bgc_4.comp_row.pe1._17_,9.01
bgc_4.final_counter._00_\[0\],9.01
bgc_4.lfsr_row._02_,9.01
bgc_5.col_reg._013_,9.01
bgc_5.comp_col.GL_bits\[1\],9.01
bgc_5.comp_col.pe2._04_,9.01
bgc_5.comp_row.GL_index\[3\],9.01
bgc_5.comp_row.pe1._00_,9.01
bgc_5.comp_row.pe1._08_,9.01
bgc_5.row_reg._007_,9.01
bgc_6._03_,9.01
bgc_6.col_reg._000_\[4\],9.01
bgc_6.comp_row.GL_bits\[7\],9.01
bgc_6.lfsr_row._05_,9.01
bgc_7.col_reg._015_,9.01
bgc_7.col_reg._030_,9.01
bgc_7.lfsr_col._04_,9.01
bgc_8.comp_col.pe1._06_,9.01
bgc_8.comp_row.GL_bits\[1\],9.01
bgc_8.comp_row.pe2._01_,9.01
bgc_8.final_counter._00_\[1\],9.01
bgc_8.row_reg._011_,9.01
bgc_9.col_reg._044_,9.01
bgc_9.comp_row.GR_bits\[2\],9.01
bgc_9.comp_row.pe1._07_,9.01
res_mem_inst._001_\[1\],9.01
res_mem_inst.slot\[0\].slot_reg._034_,9.01
res_mem_inst.slot\[10\].slot_reg._000_\[4\],9.01
res_mem_inst.slot\[12\].slot_reg._046_,9.01
res_mem_inst.slot\[14\].slot_reg._014_,9.01
res_mem_inst.slot\[15\].slot_reg._000_\[10\],9.01
res_mem_inst.slot\[1\].slot_reg._011_,9.01
res_mem_inst.slot\[1\].slot_reg._030_,9.01
res_mem_inst.slot\[1\].slot_reg._031_,9.01
res_mem_inst.slot\[3\].slot_reg._023_,9.01
res_mem_inst.slot\[5\].slot_reg._000_\[9\],9.01
res_mem_inst.slot\[5\].slot_reg._018_,9.01
res_mem_inst.slot\[7\].slot_reg._000_\[6\],9.01
res_mem_inst.slot\[9\].slot_reg._035_,9.01
net834,8.96
net846,8.96
net954,8.96
net969,8.96
net1001,8.96
net1004,8.96
net1017,8.96
net1036,8.96
net1113,8.96
net1122,8.96
net1139,8.96
net1216,8.96
net1247,8.96
net1256,8.96
net1271,8.96
net1283,8.96
net1310,8.96
net1314,8.96
net1423,8.96
net1443,8.96
net87,8.96
net102,8.96
net118,8.96
net121,8.96
net167,8.96
net211,8.96
net239,8.96
net242,8.96
net288,8.96
net311,8.96
net325,8.96
net332,8.96
net366,8.96
net373,8.96
net414,8.96
net431,8.96
net453,8.96
net487,8.96
net512,8.96
net541,8.96
net562,8.96
net569,8.96
net572,8.96
net596,8.96
net653,8.96
net658,8.96
net666,8.96
net711,8.96
net723,8.96
net744,8.96
net746,8.96
net800,8.96
net808,8.96
adder_tree._0110_,8.96
adder_tree._0199_,8.96
adder_tree._0437_,8.96
adder_tree._0475_,8.96
adder_tree._0571_,8.96
adder_tree._0600_,8.96
bgc_0.col_data_in\[5\],8.96
bgc_0.comp_row.pe2._11_,8.96
bgc_0.row_reg._044_,8.96
bgc_1.comp_col.GL_bits\[2\],8.96
bgc_1.comp_col.GL_index\[3\],8.96
bgc_1.lfsr_col._17_,8.96
bgc_1.row_reg._024_,8.96
bgc_10.comp_col.A\[10\],8.96
bgc_10.comp_col.A\[2\],8.96
bgc_10.comp_col.pe2._14_,8.96
bgc_11.col_reg._022_,8.96
bgc_11.col_reg._039_,8.96
bgc_11.comp_row.pe2._10_,8.96
bgc_12.comp_row.A\[2\],8.96
bgc_12.lfsr_row._08_,8.96
bgc_12.row_reg._021_,8.96
bgc_13.col_reg._000_\[5\],8.96
bgc_13.col_reg._002_,8.96
bgc_13.comp_col.GL_bits\[2\],8.96
bgc_13.comp_row.pe1._01_,8.96
bgc_13.final_counter._00_\[9\],8.96
bgc_14.col_reg._038_,8.96
bgc_14.comp_col.GL_bits\[2\],8.96
bgc_14.comp_col._18_,8.96
bgc_14.comp_row.A\[6\],8.96
bgc_14.comp_row.pe1._12_,8.96
bgc_14.lfsr_row._17_,8.96
bgc_14.lfsr_row._18_,8.96
bgc_14.lfsr_row._26_,8.96
bgc_15.col_reg._000_\[6\],8.96
bgc_15.comp_col.GR_bits\[4\],8.96
bgc_15.comp_col.pe1._03_,8.96
bgc_15.comp_row.A\[6\],8.96
bgc_15.comp_row.pe1._09_,8.96
bgc_15.final_counter._00_\[10\],8.96
bgc_15.lfsr_row._04_,8.96
bgc_15.lfsr_row._23_,8.96
bgc_15.row_reg._000_\[8\],8.96
bgc_2.col_data_in\[8\],8.96
bgc_2.comp_col.A\[2\],8.96
bgc_2.comp_col.GR_index\[2\],8.96
bgc_2.comp_row.GL_bits\[2\],8.96
bgc_2.comp_row.pe2._01_,8.96
bgc_2.final_counter._10_,8.96
bgc_2.lfsr_row._02_,8.96
bgc_2.row_reg._015_,8.96
bgc_3.comp_col.pe2._00_,8.96
bgc_3.lfsr_col._17_,8.96
bgc_3.row_reg._050_,8.96
bgc_4.col_reg._014_,8.96
bgc_4.col_reg._019_,8.96
bgc_4.comp_col.GR_index\[2\],8.96
bgc_4.comp_row.GL_bits\[2\],8.96
bgc_4.comp_row.GL_index\[3\],8.96
bgc_4.final_counter._27_,8.96
bgc_4.lfsr_row._00_\[2\],8.96
bgc_4.lfsr_row._03_,8.96
bgc_4.lfsr_row._22_,8.96
bgc_5.col_reg._000_\[4\],8.96
bgc_5.col_reg._014_,8.96
bgc_5.col_reg._024_,8.96
bgc_5.comp_row.A\[6\],8.96
bgc_5.comp_row._01_,8.96
bgc_5.final_counter._27_,8.96
bgc_5.lfsr_col._00_\[9\],8.96
bgc_5.lfsr_col._01_,8.96
bgc_5.lfsr_col._09_,8.96
bgc_5.lfsr_row._00_\[2\],8.96
bgc_5.row_reg._000_\[3\],8.96
bgc_5.row_reg._000_\[6\],8.96
bgc_5.row_reg._028_,8.96
bgc_6.col_reg._029_,8.96
bgc_6.comp_col.pe2._07_,8.96
bgc_6.final_counter._15_,8.96
bgc_7.col_reg._036_,8.96
bgc_7.comp_col.pe1._03_,8.96
bgc_7.comp_col.pe2._14_,8.96
bgc_7.comp_row.A\[10\],8.96
bgc_7.comp_row.pe2._09_,8.96
bgc_7.final_counter._11_,8.96
bgc_7.row_reg.mode\[0\],8.96
bgc_8.col_reg._000_\[0\],8.96
bgc_8.lfsr_row._18_,8.96
bgc_9.col_reg._028_,8.96
bgc_9.comp_col.GL_bits\[0\],8.96
bgc_9.comp_row.pe2._05_,8.96
res_mem_inst.slot\[0\].slot_reg._005_,8.96
res_mem_inst.slot\[0\].slot_reg._038_,8.96
res_mem_inst.slot\[14\].slot_reg._000_\[11\],8.96
res_mem_inst.slot\[15\].slot_reg._035_,8.96
res_mem_inst.slot\[1\].slot_reg._000_\[4\],8.96
res_mem_inst.slot\[2\].slot_reg._030_,8.96
res_mem_inst.slot\[3\].slot_reg._000_\[4\],8.96
res_mem_inst.slot\[4\].slot_reg.mode\[0\],8.96
res_mem_inst.slot\[5\].slot_reg._015_,8.96
res_mem_inst.slot\[5\].slot_reg._051_,8.96
res_mem_inst.slot\[7\].slot_reg._000_\[3\],8.96
res_mem_inst.slot\[9\].slot_reg._027_,8.96
res_mem_inst.slot\[9\].slot_reg._036_,8.96
res_mem_inst.slot\[9\].slot_reg._047_,8.96
res_mem_inst.slot\[9\].slot_reg._052_,8.96
timer_inst._09_,8.96
output_ready,8.87
bgc_1.comp_row._10_,8.55
bgc_11.comp_row._15_,8.55
bgc_3.comp_col.pe1._06_,8.55
bgc_3.comp_col.pe2._03_,8.55
bgc_6.comp_row._15_,8.55
bgc_6.comp_row.pe2._06_,8.55
net972,8.5
adder_tree._0228_,8.5
adder_tree._0248_,8.5
adder_tree._0342_,8.5
adder_tree._0630_,8.5
bgc_0.comp_col.pe1._14_,8.5
bgc_0.comp_col.pe2._08_,8.5
bgc_10.comp_col._19_,8.5
bgc_10.comp_row._03_,8.5
bgc_10.final_counter._23_,8.5
bgc_11.comp_row.GR_bits\[10\],8.5
bgc_11.final_counter._02_,8.5
bgc_13.comp_col.GR_bits\[2\],8.5
bgc_13.comp_col.pe1._11_,8.5
bgc_13.comp_row.GL_bits\[0\],8.5
bgc_15.comp_col._16_,8.5
bgc_2.comp_row.pe2._14_,8.5
bgc_3.comp_col.pe1._02_,8.5
bgc_3.comp_col.pe1._10_,8.5
bgc_3.row_reg._051_,8.5
bgc_4.comp_col.pe1._10_,8.5
bgc_4.comp_row._16_,8.5
bgc_6.comp_row.GR_bits\[2\],8.5
bgc_6.comp_row.pe2._17_,8.5
bgc_7.comp_row.pe1._05_,8.5
bgc_8.comp_row.pe1._06_,8.5
bgc_9.final_counter._17_,8.5
res_mem_inst.slot\[0\].slot_reg._033_,8.5
res_mem_inst.slot\[13\].slot_reg._024_,8.5
net850,8.45
net865,8.45
net910,8.45
net956,8.45
net1008,8.45
net1056,8.45
net1179,8.45
net1180,8.45
net1348,8.45
net1375,8.45
net218,8.45
net413,8.45
net421,8.45
net436,8.45
net458,8.45
net516,8.45
net597,8.45
adder_tree._0203_,8.45
adder_tree._0610_,8.45
bgc_1.col_reg._045_,8.45
bgc_1.final_counter._00_\[1\],8.45
bgc_1.lfsr_row._00_\[8\],8.45
bgc_1.lfsr_row._18_,8.45
bgc_10.comp_col.pe1._00_,8.45
bgc_10.comp_row._00_,8.45
bgc_10.comp_row.pe1._03_,8.45
bgc_11.col_reg._000_\[5\],8.45
bgc_11.lfsr_row._08_,8.45
bgc_12.col_reg._014_,8.45
bgc_12.comp_col.GL_bits\[7\],8.45
bgc_12.comp_col.pe2._11_,8.45
bgc_12.comp_row.pe1._17_,8.45
bgc_12.row_reg._039_,8.45
bgc_12.row_reg._048_,8.45
bgc_13.comp_col.pe2._00_,8.45
bgc_13.lfsr_col._06_,8.45
bgc_14.col_reg._017_,8.45
bgc_14.comp_row.GL_index\[0\],8.45
bgc_14.comp_row.GR_bits\[7\],8.45
bgc_14.row_reg._009_,8.45
bgc_15.col_reg._027_,8.45
bgc_15.comp_row.GR_bits\[7\],8.45
bgc_15.row_reg.mode\[0\],8.45
bgc_2.comp_col.pe2._07_,8.45
bgc_3.lfsr_col._00_\[9\],8.45
bgc_3.row_reg._000_\[10\],8.45
bgc_4.comp_col.pe1._07_,8.45
bgc_4.final_counter._26_,8.45
bgc_4.lfsr_col._00_\[4\],8.45
bgc_4.lfsr_row._06_,8.45
bgc_4.row_reg._000_\[9\],8.45
bgc_5.col_data_in\[10\],8.45
bgc_5.col_reg._044_,8.45
bgc_5.comp_col.pe1._17_,8.45
bgc_5.comp_col.pe2._03_,8.45
bgc_5.lfsr_col._00_\[1\],8.45
bgc_6.comp_col.pe2._00_,8.45
bgc_6.comp_row.A\[10\],8.45
bgc_6.final_counter._10_,8.45
bgc_6.lfsr_row._00_\[10\],8.45
bgc_7.comp_col.GR_bits\[0\],8.45
bgc_7.comp_col.pe1._16_,8.45
bgc_7.comp_col.pe2._10_,8.45
bgc_7.comp_row.A\[8\],8.45
bgc_7.row_reg._000_\[4\],8.45
bgc_7.row_reg._000_\[6\],8.45
bgc_8.col_reg._035_,8.45
bgc_8.comp_col.pe2._02_,8.45
bgc_8.comp_row.GR_bits\[1\],8.45
bgc_9.col_reg._000_\[6\],8.45
bgc_9.comp_col.pe1._11_,8.45
bgc_9.final_counter._15_,8.45
bgc_9.lfsr_col._12_,8.45
bgc_9.lfsr_col._19_,8.45
bgc_9.row_reg._000_\[8\],8.45
lfsr_enabler._20_,8.45
res_mem_inst._013_,8.45
res_mem_inst._028_,8.45
res_mem_inst.slot\[10\].slot_reg._040_,8.45
res_mem_inst.slot\[12\].slot_reg._024_,8.45
res_mem_inst.slot\[14\].slot_reg._010_,8.45
res_mem_inst.slot\[14\].slot_reg._032_,8.45
res_mem_inst.slot\[15\].slot_reg._028_,8.45
res_mem_inst.slot\[1\].slot_reg._022_,8.45
res_mem_inst.slot\[2\].slot_reg._000_\[7\],8.45
res_mem_inst.slot\[2\].slot_reg._021_,8.45
res_mem_inst.slot\[3\].slot_reg._000_\[3\],8.45
res_mem_inst.slot\[5\].slot_reg._000_\[1\],8.45
res_mem_inst.slot\[7\].slot_reg._005_,8.45
timer_inst._01_\[10\],8.45
net837,8.4
net879,8.4
net882,8.4
net925,8.4
net960,8.4
net964,8.4
net1007,8.4
net1010,8.4
net1012,8.4
net1060,8.4
net1120,8.4
net1137,8.4
net1158,8.4
net1160,8.4
net1164,8.4
net1184,8.4
net1187,8.4
net1215,8.4
net1235,8.4
net1276,8.4
net1282,8.4
net1295,8.4
net1299,8.4
net1317,8.4
net1342,8.4
net1343,8.4
net1346,8.4
net1397,8.4
net1408,8.4
net1428,8.4
net1430,8.4
net1438,8.4
net1440,8.4
net84,8.4
net93,8.4
net125,8.4
net132,8.4
net146,8.4
net177,8.4
net193,8.4
net199,8.4
net249,8.4
net253,8.4
net299,8.4
net304,8.4
net319,8.4
net326,8.4
net327,8.4
net330,8.4
net339,8.4
net342,8.4
net381,8.4
net387,8.4
net397,8.4
net425,8.4
net435,8.4
net447,8.4
net468,8.4
net497,8.4
net542,8.4
net544,8.4
net545,8.4
net591,8.4
net592,8.4
net602,8.4
net632,8.4
net641,8.4
net644,8.4
net659,8.4
net670,8.4
net672,8.4
net698,8.4
net706,8.4
net725,8.4
net726,8.4
net731,8.4
net732,8.4
net763,8.4
net784,8.4
net781,8.4
net798,8.4
adder_tree._0069_,8.4
adder_tree._0083_,8.4
adder_tree._0105_,8.4
adder_tree._0131_,8.4
adder_tree._0221_,8.4
adder_tree._0348_,8.4
adder_tree._0498_,8.4
adder_tree._0548_,8.4
adder_tree._0595_,8.4
adder_tree._0596_,8.4
adder_tree._0675_,8.4
bgc_0.col_reg._026_,8.4
bgc_0.col_reg._035_,8.4
bgc_0.comp_col.GR_bits\[2\],8.4
bgc_0.comp_col.GR_index\[2\],8.4
bgc_0.comp_row.GR_bits\[1\],8.4
bgc_0.lfsr_row._00_\[2\],8.4
bgc_0.row_reg._000_\[1\],8.4
bgc_0.row_reg._033_,8.4
bgc_1.comp_row.pe2._07_,8.4
bgc_1.final_counter._00_\[9\],8.4
bgc_1.final_counter._02_,8.4
bgc_1.row_reg._000_\[6\],8.4
bgc_1.row_reg._014_,8.4
bgc_10.col_reg._031_,8.4
bgc_10.comp_col.GL_bits\[1\],8.4
bgc_10.comp_col._16_,8.4
bgc_10.comp_col.pe1._03_,8.4
bgc_10.comp_row.pe1._00_,8.4
bgc_10.comp_row.pe2._01_,8.4
bgc_10.lfsr_row._00_\[2\],8.4
bgc_10.row_reg._000_\[10\],8.4
bgc_10.row_reg._015_,8.4
bgc_11.comp_col.pe1._01_,8.4
bgc_11.comp_row.A\[7\],8.4
bgc_11.comp_row.GL_bits\[8\],8.4
bgc_11.comp_row._01_,8.4
bgc_11.final_counter._00_\[6\],8.4
bgc_11.final_counter._28_,8.4
bgc_11.lfsr_col._00_\[8\],8.4
bgc_11.row_reg._006_,8.4
bgc_11.row_reg._040_,8.4
bgc_12.col_reg._049_,8.4
bgc_12.comp_col.pe2._02_,8.4
bgc_12.comp_row._01_,8.4
bgc_12.comp_row.pe1._01_,8.4
bgc_12.comp_row.pe1._03_,8.4
bgc_12.comp_row.pe1._06_,8.4
bgc_12.row_reg._000_\[2\],8.4
bgc_13.col_reg._000_\[7\],8.4
bgc_13.col_reg._038_,8.4
bgc_13.comp_col.GR_bits\[8\],8.4
bgc_13.comp_col._02_,8.4
bgc_13.comp_row.A\[3\],8.4
bgc_13.comp_row.A\[4\],8.4
bgc_13.comp_row.A\[7\],8.4
bgc_13.comp_row.A\[8\],8.4
bgc_13.comp_row.pe1._00_,8.4
bgc_13.lfsr_row._00_\[4\],8.4
bgc_13.lfsr_row._10_,8.4
bgc_13.row_reg._011_,8.4
bgc_13.row_reg._047_,8.4
bgc_14._03_,8.4
bgc_14.col_reg._030_,8.4
bgc_14.col_reg._032_,8.4
bgc_14.comp_col.pe1._08_,8.4
bgc_14.lfsr_row._00_\[3\],8.4
bgc_14.row_reg._024_,8.4
bgc_15.comp_col.GR_bits\[10\],8.4
bgc_15.comp_col.pe2._09_,8.4
bgc_15.comp_row._04_,8.4
bgc_15.lfsr_col._07_,8.4
bgc_15.row_reg._015_,8.4
bgc_2.lfsr_col._00_\[2\],8.4
bgc_2.row_reg._000_\[7\],8.4
bgc_3.comp_row.pe1._11_,8.4
bgc_3.comp_row.pe2._06_,8.4
bgc_3.lfsr_col._14_,8.4
bgc_3.lfsr_col._16_,8.4
bgc_3.row_reg._049_,8.4
bgc_4._02_,8.4
bgc_4.col_data_in\[3\],8.4
bgc_4.col_reg._044_,8.4
bgc_4.comp_col.GR_index\[1\],8.4
bgc_4.comp_col.pe2._06_,8.4
bgc_4.final_counter._00_\[10\],8.4
bgc_4.final_counter._08_,8.4
bgc_4.row_reg._039_,8.4
bgc_4.row_reg._051_,8.4
bgc_5.comp_col.pe1._07_,8.4
bgc_5.comp_row.A\[9\],8.4
bgc_5.comp_row.pe2._04_,8.4
bgc_5.final_counter._07_,8.4
bgc_5.lfsr_col._07_,8.4
bgc_6.col_reg._000_\[3\],8.4
bgc_6.col_reg._001_,8.4
bgc_6.comp_col.GR_bits\[2\],8.4
bgc_6.comp_row._01_,8.4
bgc_6.lfsr_col._06_,8.4
bgc_6.lfsr_row._00_\[11\],8.4
bgc_6.row_reg._000_\[2\],8.4
bgc_7.col_reg._038_,8.4
bgc_7.comp_col.GR_bits\[10\],8.4
bgc_7.comp_col.pe1._08_,8.4
bgc_7.lfsr_col._23_,8.4
bgc_7.lfsr_col._26_,8.4
bgc_8.col_reg._000_\[10\],8.4
bgc_8.col_reg._000_\[9\],8.4
bgc_8.col_reg._037_,8.4
bgc_8.col_reg._051_,8.4
bgc_8.comp_col.GL_bits\[9\],8.4
bgc_8.comp_row._00_,8.4
bgc_8.final_counter._08_,8.4
bgc_8.final_counter._15_,8.4
bgc_8.lfsr_col._06_,8.4
bgc_8.lfsr_row._26_,8.4
bgc_8.row_reg._037_,8.4
bgc_9.comp_col.A\[7\],8.4
bgc_9.comp_col._12_,8.4
bgc_9.comp_row.A\[7\],8.4
bgc_9.final_counter._00_\[5\],8.4
bgc_9.lfsr_row._14_,8.4
bgc_9.lfsr_row._19_,8.4
bgc_9.row_reg._045_,8.4
res_mem_inst._026_,8.4
res_mem_inst._044_,8.4
res_mem_inst.slot\[11\].slot_reg.mode\[0\],8.4
res_mem_inst.slot\[12\].slot_reg._025_,8.4
res_mem_inst.slot\[14\].slot_reg._049_,8.4
res_mem_inst.slot\[15\].slot_reg._000_\[8\],8.4
res_mem_inst.slot\[1\].slot_reg._000_\[3\],8.4
res_mem_inst.slot\[2\].slot_reg._016_,8.4
res_mem_inst.slot\[2\].slot_reg._032_,8.4
res_mem_inst.slot\[3\].slot_reg._000_\[5\],8.4
res_mem_inst.slot\[3\].slot_reg._017_,8.4
res_mem_inst.slot\[4\].slot_reg._015_,8.4
res_mem_inst.slot\[4\].slot_reg._023_,8.4
res_mem_inst.slot\[5\].slot_reg._000_\[5\],8.4
res_mem_inst.slot\[7\].slot_reg._016_,8.4
res_mem_inst.slot\[8\].slot_reg._013_,8.4
res_mem_inst.slot\[9\].slot_reg._024_,8.4
timer_inst._01_\[7\],8.4
bgc_10.comp_col._10_,7.99
bgc_6.col_reg._017_,7.99
bgc_6.comp_row._10_,7.99
net1422,7.94
net227,7.94
net554,7.94
adder_tree._0001_,7.94
adder_tree._0009_,7.94
adder_tree._0141_,7.94
bgc_0.comp_row.GR_bits\[10\],7.94
bgc_0.row_reg._030_,7.94
bgc_1.comp_row.GL_index\[1\],7.94
bgc_10.col_reg._017_,7.94
bgc_11.col_reg._000_\[7\],7.94
bgc_11.col_reg._000_\[8\],7.94
bgc_11.col_reg._000_\[9\],7.94
bgc_13.comp_col.GR_index\[0\],7.94
bgc_14.final_counter._08_,7.94
bgc_15.col_reg._000_\[5\],7.94
bgc_2.col_reg._016_,7.94
bgc_2.col_reg._024_,7.94
bgc_2.comp_row.A\[5\],7.94
bgc_2.comp_row._02_,7.94
bgc_3.col_reg._000_\[11\],7.94
bgc_4.comp_row.GR_index\[1\],7.94
bgc_4.lfsr_row._14_,7.94
bgc_7.col_reg._000_\[8\],7.94
bgc_7.comp_col.pe1._06_,7.94
bgc_7.comp_col.pe2._17_,7.94
bgc_8.col_reg._050_,7.94
bgc_8.comp_col.GR_bits\[10\],7.94
bgc_8.final_counter._10_,7.94
bgc_9.col_data_in\[8\],7.94
bgc_9.comp_col.GL_index\[1\],7.94
bgc_9.comp_row.GL_bits\[10\],7.94
bgc_9.comp_row._18_,7.94
bgc_9.comp_row.pe1._00_,7.94
bgc_9.comp_row.pe2._06_,7.94
lfsr_enabler._02_,7.94
res_mem_inst.slot\[9\].slot_reg._000_\[7\],7.94
net864,7.89
net927,7.89
net931,7.89
net1043,7.89
net1045,7.89
net1050,7.89
net1066,7.89
net1167,7.89
net1192,7.89
net1199,7.89
net1335,7.89
net1417,7.89
net1452,7.89
net140,7.89
net230,7.89
net251,7.89
net354,7.89
net395,7.89
net471,7.89
net486,7.89
net517,7.89
net537,7.89
net690,7.89
net708,7.89
net748,7.89
adder_tree._0065_,7.89
adder_tree._0159_,7.89
adder_tree._0315_,7.89
adder_tree._0529_,7.89
adder_tree._0544_,7.89
adder_tree._0583_,7.89
bgc_0.comp_col.GL_index\[0\],7.89
bgc_0.comp_col._03_,7.89
bgc_0.comp_row.GL_bits\[9\],7.89
bgc_0.final_counter._00_\[1\],7.89
bgc_0.final_counter._00_\[3\],7.89
bgc_0.final_counter._02_,7.89
bgc_0.final_counter._23_,7.89
bgc_1.col_reg._000_\[5\],7.89
bgc_1.col_reg._010_,7.89
bgc_1.col_reg._017_,7.89
bgc_1.comp_col.pe1._04_,7.89
bgc_1.row_reg._000_\[7\],7.89
bgc_1.row_reg._004_,7.89
bgc_10.col_reg._007_,7.89
bgc_10.comp_col.GR_bits\[10\],7.89
bgc_10.comp_col.pe1._08_,7.89
bgc_10.comp_col.pe2._01_,7.89
bgc_10.comp_col.pe2._04_,7.89
bgc_10.final_counter._26_,7.89
bgc_11.comp_col.A\[1\],7.89
bgc_11.comp_col.pe1._06_,7.89
bgc_11.comp_row.pe2._04_,7.89
bgc_11.final_counter._00_\[9\],7.89
bgc_11.lfsr_col._01_,7.89
bgc_11.lfsr_col._20_,7.89
bgc_11.row_reg._023_,7.89
bgc_12.col_data_in\[2\],7.89
bgc_12.col_data_in\[3\],7.89
bgc_12.comp_col._16_,7.89
bgc_12.lfsr_row._22_,7.89
bgc_13.comp_row.GR_bits\[7\],7.89
bgc_13.row_reg._025_,7.89
bgc_14.col_reg._050_,7.89
bgc_15.comp_col.GL_bits\[0\],7.89
bgc_15.lfsr_col._00_\[11\],7.89
bgc_15.lfsr_col._02_,7.89
bgc_15.lfsr_col._24_,7.89
bgc_15.lfsr_row._00_\[3\],7.89
bgc_15.row_reg._000_\[11\],7.89
bgc_2.col_reg._000_\[1\],7.89
bgc_2.comp_col._00_,7.89
bgc_2.final_counter._00_\[3\],7.89
bgc_2.lfsr_col._00_\[8\],7.89
bgc_2.lfsr_col._18_,7.89
bgc_2.row_reg._023_,7.89
bgc_3.col_reg._015_,7.89
bgc_3.comp_col.GL_bits\[0\],7.89
bgc_3.comp_row.A\[8\],7.89
bgc_3.final_counter._00_\[5\],7.89
bgc_3.final_counter._14_,7.89
bgc_3.row_reg._037_,7.89
bgc_4.comp_col.pe2._11_,7.89
bgc_5.comp_row.pe2._05_,7.89
bgc_6.comp_col.pe2._08_,7.89
bgc_6.comp_row.A\[5\],7.89
bgc_6.lfsr_row._12_,7.89
bgc_6.row_reg._000_\[6\],7.89
bgc_7.col_reg._003_,7.89
bgc_7.comp_col.pe1._02_,7.89
bgc_7.comp_col.pe2._00_,7.89
bgc_7.comp_row.GL_bits\[2\],7.89
bgc_7.final_counter._00_\[9\],7.89
bgc_8.comp_row.pe1._01_,7.89
bgc_8.lfsr_row._00_\[10\],7.89
bgc_8.row_reg._000_\[11\],7.89
bgc_9.comp_col.A\[4\],7.89
bgc_9.comp_row.GL_bits\[1\],7.89
res_mem_inst.slot\[11\].slot_reg._047_,7.89
res_mem_inst.slot\[13\].slot_reg._037_,7.89
res_mem_inst.slot\[2\].slot_reg._000_\[6\],7.89
res_mem_inst.slot\[2\].slot_reg._044_,7.89
res_mem_inst.slot\[7\].slot_reg._000_\[0\],7.89
res_mem_inst.slot\[7\].slot_reg._000_\[1\],7.89
res_mem_inst.slot\[9\].slot_reg._050_,7.89
net827,7.84
net831,7.84
net878,7.84
net911,7.84
net975,7.84
net1006,7.84
net1033,7.84
net1054,7.84
net1118,7.84
net1151,7.84
_03_,7.84
net1202,7.84
net1262,7.84
net1312,7.84
net1341,7.84
net1400,7.84
net1402,7.84
net1455,7.84
net1464,7.84
net112,7.84
net159,7.84
net165,7.84
net169,7.84
net183,7.84
net186,7.84
net194,7.84
net257,7.84
net307,7.84
net343,7.84
net361,7.84
net365,7.84
net385,7.84
net417,7.84
net442,7.84
net503,7.84
net504,7.84
net588,7.84
net621,7.84
net635,7.84
net639,7.84
net640,7.84
net654,7.84
net684,7.84
net718,7.84
net762,7.84
net783,7.84
net793,7.84
net813,7.84
net77,7.84
adder_tree._0020_,7.84
adder_tree._0088_,7.84
adder_tree._0186_,7.84
adder_tree._0269_,7.84
adder_tree._0294_,7.84
adder_tree._0296_,7.84
adder_tree._0386_,7.84
adder_tree._0462_,7.84
adder_tree._0505_,7.84
adder_tree._0510_,7.84
bgc_0.col_reg._008_,7.84
bgc_0.comp_col.A\[2\],7.84
bgc_0.comp_col.A\[8\],7.84
bgc_0.comp_row.A\[5\],7.84
bgc_0.comp_row.pe1._07_,7.84
bgc_0.comp_row.pe1._09_,7.84
bgc_0.final_counter._08_,7.84
bgc_0.row_reg._000_\[7\],7.84
bgc_0.row_reg._001_,7.84
bgc_0.row_reg._027_,7.84
bgc_0.row_reg._035_,7.84
bgc_1.col_reg._048_,7.84
bgc_1.comp_col.GL_index\[1\],7.84
bgc_1.comp_col.pe2._09_,7.84
bgc_1.comp_row.GR_index\[2\],7.84
bgc_1.comp_row.pe1._08_,7.84
bgc_1.comp_row.pe2._09_,7.84
bgc_1.final_counter._24_,7.84
bgc_1.lfsr_col._00_\[0\],7.84
bgc_1.lfsr_col._00_\[1\],7.84
bgc_10.col_reg._014_,7.84
bgc_10.col_reg._050_,7.84
bgc_10.comp_col.pe2._16_,7.84
bgc_10.comp_row.pe1._16_,7.84
bgc_10.comp_row.pe2._11_,7.84
bgc_10.final_counter._24_,7.84
bgc_10.lfsr_row._21_,7.84
bgc_10.row_reg._024_,7.84
bgc_10.row_reg._045_,7.84
bgc_11.col_reg._000_\[2\],7.84
bgc_11.col_reg._029_,7.84
bgc_11.col_reg._044_,7.84
bgc_11.comp_col.pe2._08_,7.84
bgc_11.comp_col.pe2._11_,7.84
bgc_11.comp_row.A\[6\],7.84
bgc_11.comp_row.GR_bits\[7\],7.84
bgc_11.comp_row.pe1._10_,7.84
bgc_11.comp_row.pe2._11_,7.84
bgc_11.lfsr_col._12_,7.84
bgc_11.lfsr_row._00_\[9\],7.84
bgc_11.lfsr_row._10_,7.84
bgc_11.row_reg._000_\[5\],7.84
bgc_11.row_reg._014_,7.84
bgc_11.row_reg._047_,7.84
bgc_12.comp_col.GL_bits\[1\],7.84
bgc_12.comp_col.GL_index\[1\],7.84
bgc_12.comp_row.pe1._08_,7.84
bgc_12.final_counter._00_\[10\],7.84
bgc_12.row_reg._000_\[5\],7.84
bgc_12.row_reg._000_\[8\],7.84
bgc_12.row_reg._018_,7.84
bgc_12.row_reg._027_,7.84
bgc_13.col_reg._000_\[8\],7.84
bgc_13.comp_col.A\[11\],7.84
bgc_13.comp_col.pe1._06_,7.84
bgc_13.comp_row.pe2._07_,7.84
bgc_13.final_counter._20_,7.84
bgc_13.lfsr_col._00_\[1\],7.84
bgc_13.row_reg._029_,7.84
bgc_14.col_reg._000_\[7\],7.84
bgc_14.col_reg._003_,7.84
bgc_14.col_reg._045_,7.84
bgc_14.comp_col._01_,7.84
bgc_14.comp_col.pe1._00_,7.84
bgc_14.comp_col.pe2._07_,7.84
bgc_14.comp_row.A\[10\],7.84
bgc_14.comp_row._17_,7.84
bgc_14.comp_row.pe2._02_,7.84
bgc_14.final_counter._00_\[0\],7.84
bgc_14.lfsr_col._00_\[8\],7.84
bgc_14.lfsr_row._03_,7.84
bgc_14.row_reg._027_,7.84
bgc_15.col_data_in\[9\],7.84
bgc_15.col_reg._002_,7.84
bgc_15.col_reg._039_,7.84
bgc_15.comp_col.pe2._06_,7.84
bgc_15.final_counter._00_\[7\],7.84
bgc_15.lfsr_col._20_,7.84
bgc_15.lfsr_row._08_,7.84
bgc_2.col_data_in\[1\],7.84
bgc_2.col_reg._017_,7.84
bgc_2.col_reg._045_,7.84
bgc_2.comp_col._10_,7.84
bgc_2.comp_col.pe1._07_,7.84
bgc_2.comp_row.GR_bits\[7\],7.84
bgc_2.final_counter._00_\[0\],7.84
bgc_2.final_counter._11_,7.84
bgc_2.lfsr_col._15_,7.84
bgc_2.lfsr_row._10_,7.84
bgc_2.row_reg._026_,7.84
bgc_2.row_reg._031_,7.84
bgc_2.row_reg._045_,7.84
bgc_3.col_data_in\[1\],7.84
bgc_3.col_data_in\[8\],7.84
bgc_3.col_reg._000_\[2\],7.84
bgc_3.col_reg._000_\[7\],7.84
bgc_3.comp_row.A\[7\],7.84
bgc_3.comp_row.GR_bits\[2\],7.84
bgc_3.final_counter._00_\[0\],7.84
bgc_3.final_counter._11_,7.84
bgc_3.lfsr_row._12_,7.84
bgc_3.row_reg._028_,7.84
bgc_3.row_reg._031_,7.84
bgc_4.col_data_in\[11\],7.84
bgc_4.col_reg._006_,7.84
bgc_4.col_reg._026_,7.84
bgc_4.comp_row.A\[7\],7.84
bgc_4.lfsr_col._03_,7.84
bgc_4.row_reg._052_,7.84
bgc_5.col_reg._049_,7.84
bgc_5.comp_col.A\[9\],7.84
bgc_5.comp_col.GR_bits\[2\],7.84
bgc_5.comp_col.GR_index\[2\],7.84
bgc_5.comp_col.pe1._02_,7.84
bgc_5.comp_row.A\[3\],7.84
bgc_5.comp_row.GR_index\[3\],7.84
bgc_5.final_counter._00_\[3\],7.84
bgc_6.col_reg._000_\[1\],7.84
bgc_6.col_reg._033_,7.84
bgc_6.comp_col.pe2._02_,7.84
bgc_6.comp_row._16_,7.84
bgc_6.comp_row.pe2._02_,7.84
bgc_6.final_counter._05_,7.84
bgc_6.final_counter._24_,7.84
bgc_6.lfsr_col._00_\[3\],7.84
bgc_6.lfsr_col._20_,7.84
bgc_6.lfsr_row._17_,7.84
bgc_6.row_reg._045_,7.84
bgc_6.row_reg._051_,7.84
bgc_7.col_reg._045_,7.84
bgc_7.col_reg._051_,7.84
bgc_7.comp_col.pe1._07_,7.84
bgc_7.comp_row.A\[6\],7.84
bgc_7.lfsr_col._00_\[0\],7.84
bgc_7.lfsr_col._06_,7.84
bgc_7.lfsr_row._00_\[8\],7.84
bgc_7.row_reg._038_,7.84
bgc_8.comp_col.pe1._02_,7.84
bgc_8.comp_col.pe2._04_,7.84
bgc_8.final_counter._17_,7.84
bgc_8.lfsr_col._00_\[1\],7.84
bgc_8.lfsr_col._10_,7.84
bgc_8.lfsr_row._10_,7.84
bgc_8.row_reg._049_,7.84
bgc_9.col_data_in\[3\],7.84
bgc_9.col_reg._020_,7.84
bgc_9.col_reg._049_,7.84
bgc_9.col_reg._051_,7.84
bgc_9.comp_col.x,7.84
bgc_9.comp_row.A\[8\],7.84
bgc_9.comp_row.GR_index\[1\],7.84
bgc_9.comp_row._01_,7.84
bgc_9.comp_row._19_,7.84
bgc_9.final_counter._00_\[7\],7.84
bgc_9.lfsr_col._11_,7.84
bgc_9.lfsr_col._13_,7.84
bgc_9.lfsr_col._24_,7.84
bgc_9.lfsr_row._02_,7.84
bgc_9.row_reg._037_,7.84
res_mem_inst._035_,7.84
res_mem_inst.slot\[0\].slot_reg._018_,7.84
res_mem_inst.slot\[0\].slot_reg._025_,7.84
res_mem_inst.slot\[10\].slot_reg._000_\[2\],7.84
res_mem_inst.slot\[10\].slot_reg._000_\[3\],7.84
res_mem_inst.slot\[10\].slot_reg._014_,7.84
res_mem_inst.slot\[10\].slot_reg._048_,7.84
res_mem_inst.slot\[10\].slot_reg._050_,7.84
res_mem_inst.slot\[11\].slot_reg._006_,7.84
res_mem_inst.slot\[11\].slot_reg._025_,7.84
res_mem_inst.slot\[12\].slot_reg._004_,7.84
res_mem_inst.slot\[13\].slot_reg._007_,7.84
res_mem_inst.slot\[15\].slot_reg._010_,7.84
res_mem_inst.slot\[15\].slot_reg._011_,7.84
res_mem_inst.slot\[15\].slot_reg._012_,7.84
res_mem_inst.slot\[1\].slot_reg._015_,7.84
res_mem_inst.slot\[2\].slot_reg._007_,7.84
res_mem_inst.slot\[2\].slot_reg._046_,7.84
res_mem_inst.slot\[3\].slot_reg._019_,7.84
res_mem_inst.slot\[4\].slot_reg._028_,7.84
res_mem_inst.slot\[4\].slot_reg._049_,7.84
res_mem_inst.slot\[5\].slot_reg._000_\[3\],7.84
res_mem_inst.slot\[5\].slot_reg._000_\[7\],7.84
res_mem_inst.slot\[5\].slot_reg._014_,7.84
res_mem_inst.slot\[5\].slot_reg._029_,7.84
res_mem_inst.slot\[6\].slot_reg._045_,7.84
res_mem_inst.slot\[7\].slot_reg._000_\[5\],7.84
res_mem_inst.slot\[8\].slot_reg._024_,7.84
res_mem_inst.slot\[9\].slot_reg._000_\[6\],7.84
res_mem_inst.slot\[9\].slot_reg._008_,7.84
res_mem_inst.slot\[9\].slot_reg._015_,7.84
res_mem_inst.slot\[9\].slot_reg._040_,7.84
timer_inst._08_,7.84
bgc_1.comp_col.GR_bits\[7\],7.43
bgc_10.comp_col.GR_bits\[7\],7.43
bgc_7.comp_col._14_,7.43
bgc_8.comp_row.pe1._03_,7.43
net106,7.38
net650,7.38
adder_tree._0017_,7.38
adder_tree._0049_,7.38
adder_tree._0448_,7.38
adder_tree._0454_,7.38
adder_tree._0582_,7.38
bgc_11.comp_col.GR_index\[3\],7.38
bgc_11.comp_row.GL_bits\[7\],7.38
bgc_12.comp_row.GR_bits\[2\],7.38
bgc_13.comp_col.pe2._06_,7.38
bgc_13.lfsr_col._22_,7.38
bgc_13.row_reg._036_,7.38
bgc_15.lfsr_col._12_,7.38
bgc_2.comp_row.GL_bits\[1\],7.38
bgc_3.comp_col._16_,7.38
bgc_3.comp_row.pe2._00_,7.38
bgc_3.comp_row.pe2._11_,7.38
bgc_3.final_counter._07_,7.38
bgc_4.col_reg._029_,7.38
bgc_4.comp_row._03_,7.38
bgc_4.lfsr_col._06_,7.38
bgc_5.col_reg._005_,7.38
bgc_5.row_reg._021_,7.38
bgc_6.row_reg._004_,7.38
bgc_7.comp_row.GR_bits\[10\],7.38
bgc_7.comp_row.GR_bits\[7\],7.38
bgc_8.col_reg._016_,7.38
bgc_9.comp_row.A\[1\],7.38
res_mem_inst.slot\[8\].slot_reg._039_,7.38
res_mem_inst.slot\[8\].slot_reg._051_,7.38
net978,7.33
net1029,7.33
net1074,7.33
net1084,7.33
net1093,7.33
net1094,7.33
net1253,7.33
net1313,7.33
net1433,7.33
net91,7.33
net115,7.33
net217,7.33
net312,7.33
net356,7.33
net540,7.33
net575,7.33
net599,7.33
net609,7.33
net814,7.33
adder_tree._0480_,7.33
adder_tree._0509_,7.33
adder_tree._0568_,7.33
bgc_0.comp_col.GL_bits\[0\],7.33
bgc_0.comp_row._01_,7.33
bgc_0.lfsr_col._00_\[5\],7.33
bgc_0.lfsr_col._12_,7.33
bgc_0.row_reg._000_\[11\],7.33
bgc_0.row_reg._029_,7.33
bgc_1.comp_row.GL_bits\[7\],7.33
bgc_1.lfsr_col._08_,7.33
bgc_1.row_reg._000_\[0\],7.33
bgc_10.col_reg._000_\[3\],7.33
bgc_10.comp_col.GR_index\[2\],7.33
bgc_10.comp_col._01_,7.33
bgc_10.comp_col.pe2._11_,7.33
bgc_10.comp_row.A\[3\],7.33
bgc_10.comp_row.GR_bits\[0\],7.33
bgc_10.lfsr_col._04_,7.33
bgc_10.row_reg._031_,7.33
bgc_11.col_reg._000_\[4\],7.33
bgc_11.col_reg._019_,7.33
bgc_11.comp_col.A\[4\],7.33
bgc_12.final_counter._00_\[2\],7.33
bgc_13.col_reg._035_,7.33
bgc_13.comp_row.GL_index\[3\],7.33
bgc_13.final_counter._00_\[2\],7.33
bgc_13.lfsr_row._04_,7.33
bgc_13.lfsr_row._14_,7.33
bgc_13.row_reg._000_\[6\],7.33
bgc_14.comp_col.pe2._11_,7.33
bgc_14.comp_row.GR_bits\[1\],7.33
bgc_14.lfsr_col._22_,7.33
bgc_14.row_reg._000_\[2\],7.33
bgc_15.comp_col.GR_index\[0\],7.33
bgc_15.comp_row.GL_bits\[1\],7.33
bgc_15.comp_row._16_,7.33
bgc_15.lfsr_row._06_,7.33
bgc_15.row_reg._000_\[3\],7.33
bgc_2.comp_col.A\[7\],7.33
bgc_2.comp_col.A\[9\],7.33
bgc_2.row_reg._014_,7.33
bgc_2.row_reg._020_,7.33
bgc_2.row_reg._025_,7.33
bgc_3.row_reg._000_\[7\],7.33
bgc_4.col_reg._001_,7.33
bgc_4.comp_col.GR_index\[0\],7.33
bgc_4.comp_row.pe1._05_,7.33
bgc_4.lfsr_col._00_\[3\],7.33
bgc_4.lfsr_col._12_,7.33
bgc_4.lfsr_row._00_\[0\],7.33
bgc_4.lfsr_row._20_,7.33
bgc_5.col_reg._039_,7.33
bgc_5.row_reg._046_,7.33
bgc_6.comp_row._18_,7.33
bgc_6.final_counter._13_,7.33
bgc_6.lfsr_col._00_\[7\],7.33
bgc_7.comp_col.GR_index\[2\],7.33
bgc_7.comp_row.GR_bits\[0\],7.33
bgc_7.row_reg._000_\[0\],7.33
bgc_8.final_counter._02_,7.33
bgc_8.lfsr_row._00_\[1\],7.33
bgc_8.lfsr_row._17_,7.33
bgc_8.row_reg._000_\[4\],7.33
bgc_9.comp_col.GR_index\[0\],7.33
bgc_9.final_counter._00_\[8\],7.33
res_mem_inst.slot\[0\].slot_reg._045_,7.33
res_mem_inst.slot\[11\].slot_reg._011_,7.33
res_mem_inst.slot\[13\].slot_reg._000_\[5\],7.33
res_mem_inst.slot\[14\].slot_reg._000_\[5\],7.33
res_mem_inst.slot\[14\].slot_reg._000_\[6\],7.33
res_mem_inst.slot\[1\].slot_reg._033_,7.33
res_mem_inst.slot\[2\].slot_reg._000_\[3\],7.33
res_mem_inst.slot\[3\].slot_reg._000_\[8\],7.33
res_mem_inst.slot\[4\].slot_reg._004_,7.33
res_mem_inst.slot\[5\].slot_reg._050_,7.33
net825,7.28
net828,7.28
net845,7.28
net870,7.28
net894,7.28
net902,7.28
net908,7.28
net916,7.28
net951,7.28
net997,7.28
net1042,7.28
net1061,7.28
net1064,7.28
net1087,7.28
net1099,7.28
net1117,7.28
net1124,7.28
net1134,7.28
net1168,7.28
net1198,7.28
net1227,7.28
net1249,7.28
net1319,7.28
net1372,7.28
net1406,7.28
net111,7.28
net187,7.28
net219,7.28
net220,7.28
net276,7.28
net296,7.28
net303,7.28
net318,7.28
net320,7.28
net333,7.28
net353,7.28
net363,7.28
net396,7.28
net419,7.28
net448,7.28
net642,7.28
net648,7.28
net694,7.28
net700,7.28
net707,7.28
net714,7.28
adder_tree._0063_,7.28
adder_tree._0147_,7.28
adder_tree._0191_,7.28
adder_tree._0290_,7.28
adder_tree._0338_,7.28
adder_tree._0489_,7.28
adder_tree._0514_,7.28
adder_tree._0631_,7.28
adder_tree._0637_,7.28
adder_tree._0680_,7.28
adder_tree._0685_,7.28
bgc_0.col_reg._014_,7.28
bgc_0.col_reg._020_,7.28
bgc_0.col_reg._028_,7.28
bgc_0.col_reg._049_,7.28
bgc_0.col_reg._050_,7.28
bgc_0.comp_col.GL_bits\[2\],7.28
bgc_0.comp_col.pe2._00_,7.28
bgc_0.comp_row.A\[4\],7.28
bgc_0.comp_row.pe1._11_,7.28
bgc_0.lfsr_col._00_\[3\],7.28
bgc_0.lfsr_row._05_,7.28
bgc_0.lfsr_row._16_,7.28
bgc_0.row_reg._000_\[5\],7.28
bgc_0.row_reg._050_,7.28
bgc_1.col_reg._014_,7.28
bgc_1.col_reg._015_,7.28
bgc_1.comp_col.pe1._00_,7.28
bgc_1.final_counter._05_,7.28
bgc_1.lfsr_col._03_,7.28
bgc_1.lfsr_row._00_\[0\],7.28
bgc_1.row_reg._046_,7.28
bgc_1.row_reg._049_,7.28
bgc_10.col_data_in\[6\],7.28
bgc_10.col_reg._006_,7.28
bgc_10.col_reg._013_,7.28
bgc_10.col_reg._052_,7.28
bgc_10.comp_col.A\[3\],7.28
bgc_10.comp_col.pe1._02_,7.28
bgc_10.comp_row.GL_bits\[7\],7.28
bgc_10.final_counter._00_\[5\],7.28
bgc_10.final_counter._00_\[8\],7.28
bgc_10.lfsr_row._00_\[5\],7.28
bgc_10.row_reg._000_\[2\],7.28
bgc_10.row_reg._010_,7.28
bgc_10.row_reg._017_,7.28
bgc_11.col_reg._000_\[3\],7.28
bgc_11.comp_col.GR_index\[1\],7.28
bgc_11.comp_col.pe1._08_,7.28
bgc_11.comp_row.pe1._08_,7.28
bgc_11.comp_row.pe2._02_,7.28
bgc_11.comp_row.pe2._08_,7.28
bgc_11.final_counter._00_\[5\],7.28
bgc_11.final_counter._08_,7.28
bgc_11.lfsr_col._17_,7.28
bgc_11.lfsr_col._22_,7.28
bgc_11.row_reg._026_,7.28
bgc_11.row_reg._034_,7.28
bgc_11.row_reg._048_,7.28
bgc_12.col_reg._040_,7.28
bgc_12.col_reg._047_,7.28
bgc_12.comp_col.A\[11\],7.28
bgc_12.comp_col._03_,7.28
bgc_12.comp_col.pe1._11_,7.28
bgc_12.comp_row.A\[8\],7.28
bgc_12.comp_row.pe1._02_,7.28
bgc_12.comp_row.pe2._06_,7.28
bgc_12.lfsr_col._00_\[11\],7.28
bgc_12.lfsr_row._00_\[5\],7.28
bgc_12.lfsr_row._03_,7.28
bgc_12.row_reg._019_,7.28
bgc_12.row_reg._024_,7.28
bgc_13.col_reg._045_,7.28
bgc_13.col_reg._049_,7.28
bgc_13.comp_col.pe1._04_,7.28
bgc_13.comp_col.pe2._01_,7.28
bgc_13.comp_col.pe2._17_,7.28
bgc_13.comp_row.A\[11\],7.28
bgc_13.comp_row.A\[1\],7.28
bgc_13.comp_row.pe2._17_,7.28
bgc_13.final_counter._00_\[10\],7.28
bgc_13.final_counter._18_,7.28
bgc_13.lfsr_col._00_\[0\],7.28
bgc_13.row_reg._000_\[10\],7.28
bgc_13.row_reg._000_\[1\],7.28
bgc_14.col_data_in\[2\],7.28
bgc_14.col_reg._000_\[3\],7.28
bgc_14.col_reg._000_\[8\],7.28
bgc_14.col_reg._006_,7.28
bgc_14.col_reg._012_,7.28
bgc_14.col_reg._052_,7.28
bgc_14.comp_col.A\[5\],7.28
bgc_14.comp_col.GR_index\[0\],7.28
bgc_14.comp_col.pe2._00_,7.28
bgc_14.comp_row._01_,7.28
bgc_14.comp_row._11_,7.28
bgc_14.comp_row.pe1._08_,7.28
bgc_14.final_counter._15_,7.28
bgc_14.lfsr_col._00_\[6\],7.28
bgc_14.lfsr_col._17_,7.28
bgc_14.lfsr_col._24_,7.28
bgc_14.lfsr_row._00_\[10\],7.28
bgc_14.lfsr_row._04_,7.28
bgc_14.row_reg._000_\[10\],7.28
bgc_14.row_reg._033_,7.28
bgc_14.row_reg._045_,7.28
bgc_15.col_data_in\[0\],7.28
bgc_15.col_reg._045_,7.28
bgc_15.comp_row.A\[1\],7.28
bgc_15.comp_row.GR_index\[3\],7.28
bgc_15.comp_row.pe1._08_,7.28
bgc_15.comp_row.pe2._00_,7.28
bgc_15.comp_row.pe2._02_,7.28
bgc_15.final_counter._00_\[9\],7.28
bgc_15.final_counter._18_,7.28
bgc_15.lfsr_row._15_,7.28
bgc_15.row_reg._051_,7.28
bgc_2.col_data_in\[4\],7.28
bgc_2.col_reg._030_,7.28
bgc_2.col_reg._051_,7.28
bgc_2.comp_col.A\[10\],7.28
bgc_2.comp_col.A\[1\],7.28
bgc_2.comp_row.A\[2\],7.28
bgc_2.comp_row.pe1._11_,7.28
bgc_2.comp_row.pe2._08_,7.28
bgc_2.lfsr_row._00_\[10\],7.28
bgc_2.row_reg._021_,7.28
bgc_2.row_reg._028_,7.28
bgc_2.row_reg._050_,7.28
bgc_3._04_,7.28
bgc_3.col_data_in\[4\],7.28
bgc_3.comp_col.A\[3\],7.28
bgc_3.comp_col.GL_bits\[1\],7.28
bgc_3.comp_col.GR_bits\[7\],7.28
bgc_3.lfsr_col._08_,7.28
bgc_3.lfsr_row._22_,7.28
bgc_3.lfsr_row._23_,7.28
bgc_3.row_reg._000_\[8\],7.28
bgc_3.row_reg._038_,7.28
bgc_3.row_reg._039_,7.28
bgc_4.col_reg._015_,7.28
bgc_4.col_reg._020_,7.28
bgc_4.col_reg._051_,7.28
bgc_4.comp_col.pe2._04_,7.28
bgc_4.comp_row.pe1._01_,7.28
bgc_4.comp_row.pe2._04_,7.28
bgc_4.final_counter._07_,7.28
bgc_4.final_counter._18_,7.28
bgc_4.lfsr_col._00_\[2\],7.28
bgc_4.lfsr_col._00_\[6\],7.28
bgc_4.lfsr_col._10_,7.28
bgc_4.row_reg._013_,7.28
bgc_4.row_reg._026_,7.28
bgc_4.row_reg._037_,7.28
bgc_4.row_reg._040_,7.28
bgc_4.row_reg._045_,7.28
bgc_5.col_data_in\[4\],7.28
bgc_5.col_reg._021_,7.28
bgc_5.col_reg._036_,7.28
bgc_5.comp_col.GL_bits\[2\],7.28
bgc_5.comp_col._00_,7.28
bgc_5.comp_col.pe2._00_,7.28
bgc_5.comp_col.pe2._08_,7.28
bgc_5.comp_row.GL_bits\[1\],7.28
bgc_5.comp_row.pe1._01_,7.28
bgc_5.lfsr_col._00_\[3\],7.28
bgc_5.lfsr_row._00_\[1\],7.28
bgc_6.col_reg._000_\[5\],7.28
bgc_6.col_reg._026_,7.28
bgc_6.comp_col.A\[4\],7.28
bgc_6.comp_col.A\[9\],7.28
bgc_6.comp_col.GL_bits\[0\],7.28
bgc_6.comp_col._11_,7.28
bgc_6.comp_row.pe2._10_,7.28
bgc_6.final_counter._18_,7.28
bgc_6.row_reg._000_\[5\],7.28
bgc_6.row_reg._030_,7.28
bgc_6.row_reg._049_,7.28
bgc_6.row_reg._050_,7.28
bgc_7.col_reg._013_,7.28
bgc_7.col_reg._033_,7.28
bgc_7.comp_row.A\[2\],7.28
bgc_7.comp_row.GR_index\[2\],7.28
bgc_7.final_counter._05_,7.28
bgc_7.final_counter._27_,7.28
bgc_7.lfsr_row._00_\[0\],7.28
bgc_7.lfsr_row._00_\[3\],7.28
bgc_7.lfsr_row._16_,7.28
bgc_7.row_reg._000_\[5\],7.28
bgc_7.row_reg._046_,7.28
bgc_7.row_reg._047_,7.28
bgc_8.col_data_in\[8\],7.28
bgc_8.col_reg._000_\[8\],7.28
bgc_8.col_reg._014_,7.28
bgc_8.comp_col._17_,7.28
bgc_8.comp_col.pe1._00_,7.28
bgc_8.comp_row.A\[2\],7.28
bgc_8.comp_row.pe2._04_,7.28
bgc_8.final_counter._23_,7.28
bgc_8.lfsr_row._00_\[9\],7.28
bgc_8.lfsr_row._05_,7.28
bgc_8.lfsr_row._12_,7.28
bgc_8.row_reg._051_,7.28
bgc_9.col_reg._048_,7.28
bgc_9.comp_col.GR_bits\[0\],7.28
bgc_9.comp_col.GR_index\[3\],7.28
bgc_9.comp_col.pe1._01_,7.28
bgc_9.comp_col.pe2._06_,7.28
bgc_9.comp_row.pe2._07_,7.28
bgc_9.comp_row.pe2._16_,7.28
bgc_9.final_counter._00_\[3\],7.28
bgc_9.final_counter._00_\[6\],7.28
bgc_9.lfsr_col._05_,7.28
bgc_9.row_reg._000_\[10\],7.28
bgc_9.row_reg._020_,7.28
bgc_9.row_reg._025_,7.28
bgc_9.row_reg._050_,7.28
dec_inst._02_,7.28
res_mem_inst._002_\[1\],7.28
res_mem_inst.out_dec_inst._00_\[1\],7.28
res_mem_inst.out_dec_inst._02_,7.28
res_mem_inst.slot\[0\].slot_reg._000_\[8\],7.28
res_mem_inst.slot\[0\].slot_reg._039_,7.28
res_mem_inst.slot\[0\].slot_reg._049_,7.28
res_mem_inst.slot\[0\].slot_reg._052_,7.28
res_mem_inst.slot\[10\].slot_reg._003_,7.28
res_mem_inst.slot\[10\].slot_reg._044_,7.28
res_mem_inst.slot\[10\].slot_reg._052_,7.28
res_mem_inst.slot\[11\].slot_reg._019_,7.28
res_mem_inst.slot\[11\].slot_reg._029_,7.28
res_mem_inst.slot\[11\].slot_reg._046_,7.28
res_mem_inst.slot\[12\].slot_reg._000_\[4\],7.28
res_mem_inst.slot\[13\].slot_reg._009_,7.28
res_mem_inst.slot\[13\].slot_reg._033_,7.28
res_mem_inst.slot\[13\].slot_reg._052_,7.28
res_mem_inst.slot\[14\].slot_reg._000_\[4\],7.28
res_mem_inst.slot\[14\].slot_reg._021_,7.28
res_mem_inst.slot\[15\].slot_reg._044_,7.28
res_mem_inst.slot\[1\].slot_reg._026_,7.28
res_mem_inst.slot\[1\].slot_reg._048_,7.28
res_mem_inst.slot\[1\].slot_reg._050_,7.28
res_mem_inst.slot\[2\].slot_reg._022_,7.28
res_mem_inst.slot\[2\].slot_reg._031_,7.28
res_mem_inst.slot\[2\].slot_reg._047_,7.28
res_mem_inst.slot\[4\].slot_reg._039_,7.28
res_mem_inst.slot\[5\].slot_reg._019_,7.28
res_mem_inst.slot\[5\].slot_reg._034_,7.28
res_mem_inst.slot\[5\].slot_reg._037_,7.28
res_mem_inst.slot\[6\].slot_reg._000_\[0\],7.28
res_mem_inst.slot\[6\].slot_reg._030_,7.28
res_mem_inst.slot\[6\].slot_reg._046_,7.28
res_mem_inst.slot\[6\].slot_reg._050_,7.28
res_mem_inst.slot\[7\].slot_reg._033_,7.28
res_mem_inst.slot\[9\].slot_reg._048_,7.28
res_mem_inst.slot\[9\].slot_reg._049_,7.28
timer_inst._01_\[9\],7.28
bgc_8.lfsr_col._17_,6.87
net134,6.82
net231,6.82
net237,6.82
net377,6.82
net438,6.82
net549,6.82
net787,6.82
net819,6.82
adder_tree._0157_,6.82
adder_tree._0687_,6.82
bgc_0.col_reg._015_,6.82
bgc_0.comp_col.GL_bits\[1\],6.82
bgc_0.lfsr_row._18_,6.82
bgc_1.final_counter._17_,6.82
bgc_1.lfsr_row._10_,6.82
bgc_11.comp_col.GL_bits\[9\],6.82
bgc_11.final_counter._07_,6.82
bgc_11.lfsr_row._04_,6.82
bgc_12.comp_col.pe2._05_,6.82
bgc_13.lfsr_row._12_,6.82
bgc_13.lfsr_row._16_,6.82
bgc_14.comp_row._14_,6.82
bgc_14.comp_row.pe1._04_,6.82
bgc_14.lfsr_col._08_,6.82
bgc_15.col_reg._025_,6.82
bgc_15.comp_row.GR_index\[0\],6.82
bgc_15.comp_row.pe2._17_,6.82
bgc_15.final_counter._23_,6.82
bgc_15.lfsr_col._10_,6.82
bgc_15.row_reg._033_,6.82
bgc_2.col_reg._032_,6.82
bgc_4.comp_row.pe2._08_,6.82
bgc_4.lfsr_col._01_,6.82
bgc_4.lfsr_col._08_,6.82
bgc_5.lfsr_col._12_,6.82
bgc_5.lfsr_row._04_,6.82
bgc_6.lfsr_col._10_,6.82
bgc_7.comp_row._03_,6.82
bgc_8.col_reg._013_,6.82
bgc_8.lfsr_row._08_,6.82
bgc_9.row_reg._029_,6.82
res_mem_inst.slot\[11\].slot_reg._014_,6.82
res_mem_inst.slot\[15\].slot_reg._045_,6.82
res_mem_inst.slot\[8\].slot_reg._023_,6.82
net898,6.77
net903,6.77
net1169,6.77
net1176,6.77
net1252,6.77
net1269,6.77
net1330,6.77
net1444,6.77
net1454,6.77
net273,6.77
net338,6.77
net351,6.77
net418,6.77
net531,6.77
net583,6.77
net686,6.77
adder_tree._0135_,6.77
adder_tree._0285_,6.77
adder_tree._0423_,6.77
adder_tree._0433_,6.77
bgc_0.col_reg._001_,6.77
bgc_0.col_reg._019_,6.77
bgc_0.comp_row.A\[1\],6.77
bgc_0.comp_row.pe1._05_,6.77
bgc_0.lfsr_col._00_\[7\],6.77
bgc_0.lfsr_col._18_,6.77
bgc_0.row_reg._000_\[8\],6.77
bgc_1.comp_col.A\[4\],6.77
bgc_1.comp_col.pe1._11_,6.77
bgc_1.final_counter._00_\[5\],6.77
bgc_1.lfsr_row._17_,6.77
bgc_10.col_reg._000_\[10\],6.77
bgc_10.col_reg._000_\[8\],6.77
bgc_10.col_reg._029_,6.77
bgc_10.comp_row.A\[10\],6.77
bgc_10.comp_row._18_,6.77
bgc_10.comp_row.pe1._08_,6.77
bgc_10.comp_row.pe2._17_,6.77
bgc_10.lfsr_col._20_,6.77
bgc_10.lfsr_row._16_,6.77
bgc_10.row_reg._007_,6.77
bgc_11.comp_col.A\[2\],6.77
bgc_11.comp_col.GL_bits\[1\],6.77
bgc_11.comp_row.pe1._01_,6.77
bgc_11.lfsr_row._00_\[3\],6.77
bgc_11.row_reg._000_\[8\],6.77
bgc_11.row_reg._013_,6.77
bgc_12.comp_row.pe1._04_,6.77
bgc_13.comp_col._00_,6.77
bgc_13.lfsr_col._00_\[7\],6.77
bgc_14.comp_col.A\[2\],6.77
bgc_14.comp_col.pe2._01_,6.77
bgc_14.final_counter._00_\[6\],6.77
bgc_14.final_counter._14_,6.77
bgc_15.comp_col.pe1._06_,6.77
bgc_15.comp_col.pe2._01_,6.77
bgc_15.comp_col.pe2._02_,6.77
bgc_15.comp_row._18_,6.77
bgc_15.lfsr_col._00_\[8\],6.77
bgc_15.lfsr_row._00_\[0\],6.77
bgc_15.row_reg._000_\[5\],6.77
bgc_2.col_reg._023_,6.77
bgc_2.col_reg._033_,6.77
bgc_2.comp_col.pe2._11_,6.77
bgc_2.comp_row.pe2._07_,6.77
bgc_2.row_reg._048_,6.77
bgc_3.col_data_in\[9\],6.77
bgc_3.col_reg._017_,6.77
bgc_3.comp_col._17_,6.77
bgc_3.lfsr_row._00_\[8\],6.77
bgc_4.comp_col.GR_bits\[1\],6.77
bgc_4.comp_row.GL_bits\[0\],6.77
bgc_4.comp_row.pe2._01_,6.77
bgc_4.comp_row.pe2._11_,6.77
bgc_4.lfsr_row._00_\[11\],6.77
bgc_5.comp_col.GL_index\[2\],6.77
bgc_6.row_reg._019_,6.77
bgc_7.lfsr_col._00_\[4\],6.77
bgc_7.lfsr_col._10_,6.77
bgc_8.comp_col.pe1._10_,6.77
bgc_8.comp_col.pe2._07_,6.77
bgc_8.comp_row.pe2._02_,6.77
bgc_9.comp_col.pe1._00_,6.77
bgc_9.comp_row.GR_index\[0\],6.77
bgc_9.comp_row.pe2._10_,6.77
res_mem_inst.slot\[0\].slot_reg._046_,6.77
res_mem_inst.slot\[10\].slot_reg._013_,6.77
res_mem_inst.slot\[10\].slot_reg._033_,6.77
res_mem_inst.slot\[11\].slot_reg._045_,6.77
res_mem_inst.slot\[13\].slot_reg._012_,6.77
res_mem_inst.slot\[15\].slot_reg._034_,6.77
res_mem_inst.slot\[1\].slot_reg._000_\[7\],6.77
res_mem_inst.slot\[2\].slot_reg._000_\[4\],6.77
res_mem_inst.slot\[3\].slot_reg._039_,6.77
res_mem_inst.slot\[4\].slot_reg._018_,6.77
res_mem_inst.slot\[6\].slot_reg._000_\[2\],6.77
res_mem_inst.slot\[6\].slot_reg._019_,6.77
res_mem_inst.slot\[7\].slot_reg._020_,6.77
res_mem_inst.slot\[9\].slot_reg._021_,6.77
net835,6.72
net836,6.72
net843,6.72
net854,6.72
net871,6.72
net874,6.72
net881,6.72
net901,6.72
net921,6.72
net923,6.72
net924,6.72
net939,6.72
net944,6.72
net950,6.72
net963,6.72
net979,6.72
net982,6.72
net987,6.72
net1002,6.72
net1009,6.72
net1080,6.72
net1121,6.72
net1128,6.72
net1129,6.72
net1136,6.72
net1140,6.72
net1148,6.72
net1207,6.72
net1228,6.72
net1240,6.72
net1250,6.72
net1258,6.72
net1274,6.72
net1285,6.72
net1297,6.72
net1321,6.72
net1322,6.72
net1329,6.72
net1358,6.72
net1361,6.72
net1383,6.72
net1387,6.72
net1388,6.72
net1407,6.72
net1431,6.72
net1437,6.72
net1448,6.72
net123,6.72
net144,6.72
net153,6.72
net175,6.72
net228,6.72
net226,6.72
net241,6.72
net294,6.72
net297,6.72
net316,6.72
net337,6.72
net371,6.72
net375,6.72
net383,6.72
net393,6.72
net429,6.72
net452,6.72
net477,6.72
net492,6.72
net499,6.72
net529,6.72
net584,6.72
net590,6.72
net593,6.72
net594,6.72
net605,6.72
net631,6.72
net633,6.72
net664,6.72
net669,6.72
net673,6.72
net683,6.72
net691,6.72
net754,6.72
net756,6.72
net770,6.72
net788,6.72
net804,6.72
net805,6.72
net815,6.72
adder_tree._0071_,6.72
adder_tree._0073_,6.72
adder_tree._0128_,6.72
adder_tree._0129_,6.72
adder_tree._0140_,6.72
adder_tree._0145_,6.72
adder_tree._0180_,6.72
adder_tree._0187_,6.72
adder_tree._0202_,6.72
adder_tree._0234_,6.72
adder_tree._0249_,6.72
adder_tree._0252_,6.72
adder_tree._0257_,6.72
adder_tree._0263_,6.72
adder_tree._0265_,6.72
adder_tree._0305_,6.72
adder_tree._0334_,6.72
adder_tree._0341_,6.72
adder_tree._0438_,6.72
adder_tree._0490_,6.72
adder_tree._0527_,6.72
bgc_0.col_data_in\[0\],6.72
bgc_0.col_data_in\[2\],6.72
bgc_0.col_reg._000_\[11\],6.72
bgc_0.col_reg._000_\[3\],6.72
bgc_0.col_reg._000_\[5\],6.72
bgc_0.col_reg._037_,6.72
bgc_0.comp_col.GL_bits\[10\],6.72
bgc_0.comp_row.GR_index\[0\],6.72
bgc_0.comp_row._00_,6.72
bgc_0.lfsr_col._01_,6.72
bgc_0.lfsr_row._00_\[6\],6.72
bgc_0.lfsr_row._04_,6.72
bgc_0.row_reg._024_,6.72
bgc_1.col_reg._013_,6.72
bgc_1.comp_col.GR_index\[3\],6.72
bgc_1.lfsr_col._00_\[8\],6.72
bgc_1.lfsr_row._00_\[2\],6.72
bgc_1.lfsr_row._02_,6.72
bgc_1.row_reg._000_\[1\],6.72
bgc_1.row_reg._035_,6.72
bgc_1.row_reg._045_,6.72
bgc_1.row_reg._047_,6.72
bgc_10.col_data_in\[0\],6.72
bgc_10.col_reg._000_\[0\],6.72
bgc_10.col_reg._000_\[11\],6.72
bgc_10.col_reg._051_,6.72
bgc_10.comp_col.GL_bits\[2\],6.72
bgc_10.comp_col.pe1._07_,6.72
bgc_10.comp_row.GL_bits\[10\],6.72
bgc_10.comp_row._19_,6.72
bgc_10.comp_row.pe1._04_,6.72
bgc_10.comp_row.pe2._10_,6.72
bgc_10.final_counter._00_\[0\],6.72
bgc_10.final_counter._02_,6.72
bgc_10.final_counter._28_,6.72
bgc_10.lfsr_col._00_\[10\],6.72
bgc_10.lfsr_col._11_,6.72
bgc_10.lfsr_col._15_,6.72
bgc_10.lfsr_col._22_,6.72
bgc_10.lfsr_row._00_\[11\],6.72
bgc_10.lfsr_row._00_\[6\],6.72
bgc_10.row_reg._022_,6.72
bgc_10.row_reg._032_,6.72
bgc_10.row_reg._036_,6.72
bgc_11.col_data_in\[3\],6.72
bgc_11.col_reg._000_\[10\],6.72
bgc_11.comp_col.GR_index\[2\],6.72
bgc_11.comp_row.A\[11\],6.72
bgc_11.comp_row.GL_bits\[0\],6.72
bgc_11.final_counter._05_,6.72
bgc_11.lfsr_row._18_,6.72
bgc_11.row_reg._050_,6.72
bgc_12.col_reg.mode\[0\],6.72
bgc_12.comp_col.GL_bits\[2\],6.72
bgc_12.comp_row.GL_index\[3\],6.72
bgc_12.final_counter._05_,6.72
bgc_12.final_counter._18_,6.72
bgc_12.row_reg._025_,6.72
bgc_12.row_reg._028_,6.72
bgc_12.row_reg._035_,6.72
bgc_13.col_data_in\[0\],6.72
bgc_13.col_reg._020_,6.72
bgc_13.comp_col.A\[3\],6.72
bgc_13.comp_col._12_,6.72
bgc_13.comp_col.pe1._05_,6.72
bgc_13.comp_col.pe1._10_,6.72
bgc_13.comp_col.pe2._04_,6.72
bgc_13.final_counter._00_\[1\],6.72
bgc_13.final_counter._00_\[3\],6.72
bgc_13.lfsr_col._12_,6.72
bgc_13.lfsr_row._00_\[1\],6.72
bgc_14.col_reg._035_,6.72
bgc_14.comp_col.A\[10\],6.72
bgc_14.comp_col.GL_bits\[10\],6.72
bgc_14.comp_col.GR_index\[3\],6.72
bgc_14.comp_col._19_,6.72
bgc_14.comp_col.pe1._01_,6.72
bgc_14.comp_col.pe1._02_,6.72
bgc_14.comp_col.pe2._08_,6.72
bgc_14.comp_row.GR_index\[3\],6.72
bgc_14.final_counter._00_\[10\],6.72
bgc_14.final_counter._24_,6.72
bgc_14.lfsr_col._00_\[11\],6.72
bgc_14.lfsr_col._06_,6.72
bgc_14.lfsr_row._00_\[8\],6.72
bgc_14.lfsr_row._15_,6.72
bgc_15.col_reg._047_,6.72
bgc_15.comp_col.pe1._08_,6.72
bgc_15.comp_col.x,6.72
bgc_15.comp_row.A\[3\],6.72
bgc_15.comp_row.A\[8\],6.72
bgc_15.comp_row.pe1._07_,6.72
bgc_15.comp_row.pe1._11_,6.72
bgc_15.final_counter._24_,6.72
bgc_15.lfsr_col._22_,6.72
bgc_15.row_reg._004_,6.72
bgc_15.row_reg._027_,6.72
bgc_15.row_reg._028_,6.72
bgc_15.row_reg._036_,6.72
bgc_2.col_reg._000_\[3\],6.72
bgc_2.col_reg._000_\[5\],6.72
bgc_2.col_reg._000_\[6\],6.72
bgc_2.col_reg._031_,6.72
bgc_2.comp_col._02_,6.72
bgc_2.comp_row.A\[7\],6.72
bgc_2.comp_row.GR_index\[1\],6.72
bgc_2.comp_row._00_,6.72
bgc_2.final_counter._00_\[10\],6.72
bgc_2.lfsr_col._04_,6.72
bgc_2.lfsr_col._08_,6.72
bgc_2.lfsr_row._00_\[7\],6.72
bgc_2.lfsr_row._01_,6.72
bgc_2.row_reg._000_\[4\],6.72
bgc_2.row_reg._013_,6.72
bgc_2.row_reg._032_,6.72
bgc_2.row_reg._038_,6.72
bgc_2.row_reg._040_,6.72
bgc_3.col_reg._025_,6.72
bgc_3.col_reg._032_,6.72
bgc_3.comp_col.A\[11\],6.72
bgc_3.comp_col.pe2._01_,6.72
bgc_3.comp_row.pe2._17_,6.72
bgc_3.final_counter._00_\[6\],6.72
bgc_3.final_counter._18_,6.72
bgc_3.lfsr_col._00_\[1\],6.72
bgc_3.lfsr_col._02_,6.72
bgc_3.lfsr_row._00_\[3\],6.72
bgc_4.col_reg._013_,6.72
bgc_4.col_reg._031_,6.72
bgc_4.comp_row.pe1._06_,6.72
bgc_4.comp_row.pe1._11_,6.72
bgc_4.final_counter._05_,6.72
bgc_4.final_counter._15_,6.72
bgc_4.lfsr_row._00_\[5\],6.72
bgc_4.lfsr_row._01_,6.72
bgc_4.row_reg._028_,6.72
bgc_4.row_reg._036_,6.72
bgc_5.col_reg._022_,6.72
bgc_5.col_reg._023_,6.72
bgc_5.comp_col.GR_index\[1\],6.72
bgc_5.comp_col.pe1._10_,6.72
bgc_5.comp_col.pe2._02_,6.72
bgc_5.comp_row.GR_index\[2\],6.72
bgc_5.comp_row.pe1._17_,6.72
bgc_5.comp_row.pe2._08_,6.72
bgc_5.lfsr_row._00_\[4\],6.72
bgc_6._02_,6.72
bgc_6.col_data_in\[0\],6.72
bgc_6.col_reg._015_,6.72
bgc_6.comp_col.GL_bits\[10\],6.72
bgc_6.comp_col.GR_index\[2\],6.72
bgc_6.comp_col.pe1._00_,6.72
bgc_6.comp_col.pe1._01_,6.72
bgc_6.comp_row.GR_bits\[10\],6.72
bgc_6.comp_row.pe1._10_,6.72
bgc_6.lfsr_col._00_\[11\],6.72
bgc_6.row_reg._032_,6.72
bgc_6.row_reg._035_,6.72
bgc_7.comp_col.GR_index\[0\],6.72
bgc_7.comp_col.pe2._07_,6.72
bgc_7.comp_row.pe1._17_,6.72
bgc_7.lfsr_col._12_,6.72
bgc_7.lfsr_col._14_,6.72
bgc_7.lfsr_col._24_,6.72
bgc_7.row_reg._000_\[9\],6.72
bgc_7.row_reg._029_,6.72
bgc_7.row_reg._035_,6.72
bgc_8.col_reg._004_,6.72
bgc_8.col_reg._030_,6.72
bgc_8.comp_col.A\[10\],6.72
bgc_8.comp_row.A\[11\],6.72
bgc_8.comp_row.GL_bits\[0\],6.72
bgc_8.comp_row.GL_bits\[8\],6.72
bgc_8.final_counter._00_\[9\],6.72
bgc_8.lfsr_col._00_\[6\],6.72
bgc_8.lfsr_col._04_,6.72
bgc_8.lfsr_row._00_\[7\],6.72
bgc_8.lfsr_row._20_,6.72
bgc_8.row_reg._000_\[7\],6.72
bgc_8.row_reg._000_\[9\],6.72
bgc_8.row_reg._024_,6.72
bgc_8.row_reg._028_,6.72
bgc_8.row_reg._046_,6.72
bgc_9.col_reg._014_,6.72
bgc_9.col_reg._030_,6.72
bgc_9.comp_col.A\[8\],6.72
bgc_9.comp_col.GL_bits\[1\],6.72
bgc_9.comp_col.GL_index\[2\],6.72
bgc_9.comp_col._19_,6.72
bgc_9.comp_col.pe1._04_,6.72
bgc_9.comp_col.pe1._05_,6.72
bgc_9.comp_row.GL_bits\[0\],6.72
bgc_9.comp_row.pe2._17_,6.72
bgc_9.final_counter._00_\[0\],6.72
bgc_9.final_counter._28_,6.72
bgc_9.lfsr_col._00_\[3\],6.72
bgc_9.lfsr_col._00_\[5\],6.72
bgc_9.lfsr_col._10_,6.72
bgc_9.lfsr_row._00_\[0\],6.72
bgc_9.row_reg._034_,6.72
bgc_9.row_reg._036_,6.72
bgc_9.row_reg._051_,6.72
lfsr_enabler._01_\[0\],6.72
res_mem_inst._030_,6.72
res_mem_inst._043_,6.72
res_mem_inst.slot\[0\].slot_reg._000_\[0\],6.72
res_mem_inst.slot\[0\].slot_reg._029_,6.72
res_mem_inst.slot\[0\].slot_reg._030_,6.72
res_mem_inst.slot\[0\].slot_reg._050_,6.72
res_mem_inst.slot\[10\].slot_reg._000_\[11\],6.72
res_mem_inst.slot\[10\].slot_reg._000_\[1\],6.72
res_mem_inst.slot\[10\].slot_reg._026_,6.72
res_mem_inst.slot\[10\].slot_reg._034_,6.72
res_mem_inst.slot\[10\].slot_reg._037_,6.72
res_mem_inst.slot\[10\].slot_reg._038_,6.72
res_mem_inst.slot\[11\].slot_reg._020_,6.72
res_mem_inst.slot\[11\].slot_reg._037_,6.72
res_mem_inst.slot\[11\].slot_reg._038_,6.72
res_mem_inst.slot\[12\].slot_reg._000_\[3\],6.72
res_mem_inst.slot\[12\].slot_reg._000_\[5\],6.72
res_mem_inst.slot\[12\].slot_reg._052_,6.72
res_mem_inst.slot\[13\].slot_reg._018_,6.72
res_mem_inst.slot\[13\].slot_reg._045_,6.72
res_mem_inst.slot\[13\].slot_reg._051_,6.72
res_mem_inst.slot\[13\].slot_reg.mode\[0\],6.72
res_mem_inst.slot\[14\].slot_reg._000_\[1\],6.72
res_mem_inst.slot\[14\].slot_reg._026_,6.72
res_mem_inst.slot\[14\].slot_reg._027_,6.72
res_mem_inst.slot\[14\].slot_reg._034_,6.72
res_mem_inst.slot\[14\].slot_reg._040_,6.72
res_mem_inst.slot\[15\].slot_reg._000_\[0\],6.72
res_mem_inst.slot\[15\].slot_reg._026_,6.72
res_mem_inst.slot\[1\].slot_reg._028_,6.72
res_mem_inst.slot\[1\].slot_reg._040_,6.72
res_mem_inst.slot\[2\].slot_reg._023_,6.72
res_mem_inst.slot\[2\].slot_reg._026_,6.72
res_mem_inst.slot\[3\].slot_reg._000_\[1\],6.72
res_mem_inst.slot\[3\].slot_reg._026_,6.72
res_mem_inst.slot\[3\].slot_reg._036_,6.72
res_mem_inst.slot\[3\].slot_reg._046_,6.72
res_mem_inst.slot\[4\].slot_reg._027_,6.72
res_mem_inst.slot\[4\].slot_reg._034_,6.72
res_mem_inst.slot\[4\].slot_reg._038_,6.72
res_mem_inst.slot\[5\].slot_reg._025_,6.72
res_mem_inst.slot\[6\].slot_reg._022_,6.72
res_mem_inst.slot\[6\].slot_reg._028_,6.72
res_mem_inst.slot\[7\].slot_reg._019_,6.72
res_mem_inst.slot\[7\].slot_reg._030_,6.72
res_mem_inst.slot\[8\].slot_reg._005_,6.72
res_mem_inst.slot\[8\].slot_reg._007_,6.72
res_mem_inst.slot\[8\].slot_reg._020_,6.72
res_mem_inst.slot\[8\].slot_reg._026_,6.72
res_mem_inst.slot\[8\].slot_reg._035_,6.72
res_mem_inst.slot\[9\].slot_reg._026_,6.72
res_mem_inst.slot\[9\].slot_reg._046_,6.72
timer_inst._05_,6.72
timer_inst._12_,6.72
timer_inst._14_,6.72
bgc_8.comp_col.GL_bits\[10\],6.44
bgc_1.comp_row._14_,6.31
bgc_15.comp_col.GR_bits\[7\],6.31
bgc_8.comp_row.pe2._03_,6.31
adder_tree._0007_,6.26
adder_tree._0445_,6.26
bgc_0.comp_row.pe1._03_,6.26
bgc_0.comp_row.pe1._17_,6.26
bgc_1.comp_row.pe2._17_,6.26
bgc_1.lfsr_col._11_,6.26
bgc_1.row_reg._022_,6.26
bgc_1.row_reg._040_,6.26
bgc_11.col_data_in\[7\],6.26
bgc_14.comp_col.GR_bits\[10\],6.26
bgc_15.col_data_in\[3\],6.26
bgc_2.col_reg._040_,6.26
bgc_2.comp_row._03_,6.26
bgc_2.final_counter._19_,6.26
bgc_2.final_counter._26_,6.26
bgc_2.row_reg._006_,6.26
bgc_3.comp_row.GR_index\[3\],6.26
bgc_5.col_reg._050_,6.26
bgc_5.comp_col.GR_bits\[7\],6.26
bgc_6.col_reg._051_,6.26
bgc_6.comp_col.A\[7\],6.26
bgc_7.col_data_in\[9\],6.26
bgc_7.row_reg._044_,6.26
bgc_7.row_reg._049_,6.26
bgc_8.final_counter._26_,6.26
bgc_8.row_reg._015_,6.26
bgc_8.row_reg._047_,6.26
bgc_9.comp_col.pe1._02_,6.26
res_mem_inst.slot\[4\].slot_reg._024_,6.26
res_mem_inst.slot\[4\].slot_reg._026_,6.26
res_mem_inst.slot\[4\].slot_reg._047_,6.26
res_mem_inst.slot\[5\].slot_reg._036_,6.26
res_mem_inst.slot\[6\].slot_reg.mode\[0\],6.26
res_mem_inst.slot\[7\].slot_reg._034_,6.26
res_mem_inst.slot\[8\].slot_reg._028_,6.26
net1020,6.21
net1024,6.21
net1159,6.21
net1241,6.21
net1459,6.21
net1467,6.21
adder_tree._0313_,6.21
adder_tree._0455_,6.21
bgc_0.row_reg._000_\[9\],6.21
bgc_0.row_reg._002_,6.21
bgc_0.row_reg._026_,6.21
bgc_1.col_reg._000_\[10\],6.21
bgc_1.comp_row.GL_bits\[1\],6.21
bgc_1.comp_row.GR_bits\[7\],6.21
bgc_1.comp_row._17_,6.21
bgc_1.comp_row.pe1._01_,6.21
bgc_1.comp_row.pe1._06_,6.21
bgc_1.lfsr_col._09_,6.21
bgc_1.lfsr_row._00_\[1\],6.21
bgc_1.lfsr_row._00_\[6\],6.21
bgc_1.row_reg._000_\[5\],6.21
bgc_1.row_reg._052_,6.21
bgc_10.col_reg._000_\[2\],6.21
bgc_10.col_reg._000_\[6\],6.21
bgc_10.comp_row.GL_index\[0\],6.21
bgc_10.comp_row.GR_index\[0\],6.21
bgc_10.lfsr_col._00_\[11\],6.21
bgc_11.col_reg._047_,6.21
bgc_11.comp_col.GL_bits\[2\],6.21
bgc_11.comp_col.pe1._17_,6.21
bgc_11.row_reg._000_\[3\],6.21
bgc_12.col_reg._000_\[2\],6.21
bgc_12.col_reg._037_,6.21
bgc_12.comp_col.GL_index\[0\],6.21
bgc_13.col_reg._019_,6.21
bgc_13.comp_col._11_,6.21
bgc_13.comp_col.pe1._00_,6.21
bgc_13.comp_row.pe1._17_,6.21
bgc_13.row_reg._023_,6.21
bgc_13.row_reg._044_,6.21
bgc_14.comp_col.A\[8\],6.21
bgc_14.final_counter._02_,6.21
bgc_14.row_reg._000_\[4\],6.21
bgc_14.row_reg._000_\[6\],6.21
bgc_14.row_reg._031_,6.21
bgc_15.col_reg._049_,6.21
bgc_15.lfsr_row._18_,6.21
bgc_15.row_reg._013_,6.21
bgc_15.row_reg._025_,6.21
bgc_2.col_reg._006_,6.21
bgc_2.col_reg._013_,6.21
bgc_2.col_reg._036_,6.21
bgc_2.comp_col.GL_bits\[1\],6.21
bgc_2.comp_row.GL_bits\[0\],6.21
bgc_2.comp_row._01_,6.21
bgc_2.comp_row._17_,6.21
bgc_2.comp_row.pe2._16_,6.21
bgc_2.lfsr_row._00_\[11\],6.21
bgc_3.col_reg._028_,6.21
bgc_3.comp_col.pe2._11_,6.21
bgc_3.final_counter._00_\[2\],6.21
bgc_3.final_counter._13_,6.21
bgc_4.comp_col.A\[5\],6.21
bgc_4.lfsr_row._24_,6.21
bgc_5.col_reg._001_,6.21
bgc_5.col_reg._012_,6.21
bgc_5.comp_col.GR_index\[0\],6.21
bgc_5.comp_row.GL_index\[2\],6.21
bgc_5.final_counter._00_\[5\],6.21
bgc_5.lfsr_row._06_,6.21
bgc_5.row_reg._000_\[0\],6.21
bgc_5.row_reg._000_\[1\],6.21
bgc_5.row_reg._002_,6.21
bgc_6.comp_row.A\[11\],6.21
bgc_6.final_counter._00_\[6\],6.21
bgc_6.row_reg._003_,6.21
bgc_6.row_reg._024_,6.21
bgc_7.col_reg._020_,6.21
bgc_7.comp_col.A\[3\],6.21
bgc_7.comp_col._00_,6.21
bgc_7.comp_col._19_,6.21
bgc_8.col_reg._001_,6.21
bgc_8.comp_col.pe1._05_,6.21
bgc_8.row_reg._030_,6.21
bgc_9.col_reg._033_,6.21
lfsr_enabler._01_\[2\],6.21
res_mem_inst.slot\[0\].slot_reg._008_,6.21
res_mem_inst.slot\[0\].slot_reg._037_,6.21
res_mem_inst.slot\[10\].slot_reg._039_,6.21
res_mem_inst.slot\[13\].slot_reg._020_,6.21
res_mem_inst.slot\[14\].slot_reg._025_,6.21
res_mem_inst.slot\[2\].slot_reg._000_\[10\],6.21
res_mem_inst.slot\[2\].slot_reg._014_,6.21
res_mem_inst.slot\[3\].slot_reg._029_,6.21
res_mem_inst.slot\[4\].slot_reg._000_\[7\],6.21
timer_inst._20_,6.21
net830,6.16
net897,6.16
net955,6.16
net957,6.16
net968,6.16
net976,6.16
net984,6.16
net989,6.16
net1055,6.16
net1132,6.16
net1133,6.16
net1173,6.16
net1174,6.16
net1296,6.16
net1355,6.16
net1421,6.16
net1435,6.16
net1436,6.16
net172,6.16
net236,6.16
net277,6.16
net283,6.16
net287,6.16
net314,6.16
net444,6.16
net484,6.16
net491,6.16
net565,6.16
net595,6.16
net627,6.16
net665,6.16
net737,6.16
net795,6.16
adder_tree._0005_,6.16
adder_tree._0097_,6.16
adder_tree._0102_,6.16
adder_tree._0236_,6.16
adder_tree._0335_,6.16
adder_tree._0374_,6.16
adder_tree._0523_,6.16
adder_tree._0659_,6.16
adder_tree._0696_,6.16
adder_tree._0702_,6.16
bgc_0.comp_col.A\[10\],6.16
bgc_0.comp_col._19_,6.16
bgc_0.comp_col.pe1._01_,6.16
bgc_0.comp_col.pe1._04_,6.16
bgc_0.comp_row.pe2._04_,6.16
bgc_0.final_counter._11_,6.16
bgc_0.row_reg._000_\[3\],6.16
bgc_0.row_reg._017_,6.16
bgc_0.row_reg._052_,6.16
bgc_1.col_reg._000_\[2\],6.16
bgc_1.comp_row.A\[3\],6.16
bgc_1.comp_row._00_,6.16
bgc_1.comp_row.pe2._00_,6.16
bgc_1.comp_row.pe2._06_,6.16
bgc_1.lfsr_col._22_,6.16
bgc_1.row_reg._000_\[10\],6.16
bgc_1.row_reg._000_\[4\],6.16
bgc_1.row_reg._000_\[9\],6.16
bgc_1.row_reg._013_,6.16
bgc_1.row_reg._044_,6.16
bgc_10.comp_col.GL_bits\[10\],6.16
bgc_10.comp_col.pe1._06_,6.16
bgc_10.comp_col.pe1._17_,6.16
bgc_10.comp_row.pe2._06_,6.16
bgc_10.lfsr_col._26_,6.16
bgc_10.lfsr_row._00_\[9\],6.16
bgc_10.row_reg._005_,6.16
bgc_10.row_reg._051_,6.16
bgc_11.col_reg._030_,6.16
bgc_11.comp_row.A\[1\],6.16
bgc_11.comp_row.A\[5\],6.16
bgc_11.comp_row.GR_bits\[2\],6.16
bgc_11.final_counter._00_\[1\],6.16
bgc_11.lfsr_col._03_,6.16
bgc_11.lfsr_row._12_,6.16
bgc_11.row_reg._035_,6.16
bgc_12.col_data_in\[1\],6.16
bgc_12.col_reg._000_\[5\],6.16
bgc_12.col_reg._028_,6.16
bgc_12.col_reg._051_,6.16
bgc_12.comp_col.GL_bits\[0\],6.16
bgc_12.comp_row.pe2._17_,6.16
bgc_12.lfsr_col._00_\[8\],6.16
bgc_12.lfsr_row._00_\[4\],6.16
bgc_12.lfsr_row._21_,6.16
bgc_13.col_reg._048_,6.16
bgc_13.comp_col.A\[9\],6.16
bgc_13.lfsr_row._18_,6.16
bgc_13.row_reg._034_,6.16
bgc_13.row_reg._050_,6.16
bgc_14.col_reg._019_,6.16
bgc_14.col_reg._047_,6.16
bgc_14.comp_col.GR_bits\[1\],6.16
bgc_14.comp_col._17_,6.16
bgc_14.comp_col.pe2._17_,6.16
bgc_14.lfsr_col._00_\[1\],6.16
bgc_14.row_reg._030_,6.16
bgc_15.col_data_in\[1\],6.16
bgc_15.col_reg._000_\[0\],6.16
bgc_15.col_reg._000_\[2\],6.16
bgc_15.col_reg._026_,6.16
bgc_15.comp_col.A\[3\],6.16
bgc_15.comp_col.pe1._17_,6.16
bgc_15.comp_row.A\[5\],6.16
bgc_15.final_counter._00_\[4\],6.16
bgc_15.lfsr_col._00_\[6\],6.16
bgc_15.lfsr_row._07_,6.16
bgc_15.lfsr_row._10_,6.16
bgc_15.row_reg._020_,6.16
bgc_15.row_reg._040_,6.16
bgc_15.row_reg._045_,6.16
bgc_2._04_,6.16
bgc_2.col_data_in\[2\],6.16
bgc_2.col_reg._000_\[4\],6.16
bgc_2.col_reg._019_,6.16
bgc_2.comp_col.pe2._04_,6.16
bgc_2.comp_row.pe1._05_,6.16
bgc_2.final_counter._24_,6.16
bgc_2.lfsr_col._02_,6.16
bgc_2.row_reg._022_,6.16
bgc_3._03_,6.16
bgc_3.col_data_in\[7\],6.16
bgc_3.comp_row.A\[1\],6.16
bgc_3.comp_row.GR_bits\[10\],6.16
bgc_3.comp_row._11_,6.16
bgc_3.lfsr_col._11_,6.16
bgc_3.lfsr_row._00_\[0\],6.16
bgc_3.row_reg._011_,6.16
bgc_3.row_reg._023_,6.16
bgc_4._03_,6.16
bgc_4.col_reg._033_,6.16
bgc_4.comp_col.A\[8\],6.16
bgc_4.comp_col.GL_bits\[7\],6.16
bgc_4.comp_col.GR_bits\[10\],6.16
bgc_4.comp_col.GR_bits\[7\],6.16
bgc_4.comp_col._00_,6.16
bgc_4.comp_col._17_,6.16
bgc_4.lfsr_col._00_\[7\],6.16
bgc_4.lfsr_col._02_,6.16
bgc_4.lfsr_row._00_\[6\],6.16
bgc_4.row_reg._000_\[4\],6.16
bgc_4.row_reg._049_,6.16
bgc_5.comp_col.pe2._06_,6.16
bgc_5.comp_row.GR_index\[1\],6.16
bgc_5.comp_row.pe1._05_,6.16
bgc_5.final_counter._00_\[4\],6.16
bgc_5.final_counter._00_\[6\],6.16
bgc_5.lfsr_col._00_\[6\],6.16
bgc_5.lfsr_row._19_,6.16
bgc_5.row_reg._000_\[5\],6.16
bgc_5.row_reg._025_,6.16
bgc_6.col_data_in\[7\],6.16
bgc_6.col_reg._000_\[6\],6.16
bgc_6.comp_col._17_,6.16
bgc_6.comp_col.pe1._04_,6.16
bgc_6.comp_col.pe2._04_,6.16
bgc_6.comp_row.pe2._12_,6.16
bgc_6.final_counter._00_\[2\],6.16
bgc_6.row_reg._033_,6.16
bgc_7.col_data_in\[6\],6.16
bgc_7.col_reg._014_,6.16
bgc_7.comp_col.GR_index\[1\],6.16
bgc_7.comp_col._17_,6.16
bgc_7.comp_row.pe2._04_,6.16
bgc_7.row_reg._000_\[3\],6.16
bgc_7.row_reg._021_,6.16
bgc_7.row_reg._052_,6.16
bgc_8.comp_col.GL_bits\[1\],6.16
bgc_8.comp_col.GR_bits\[9\],6.16
bgc_8.comp_row.pe1._02_,6.16
bgc_8.row_reg._005_,6.16
bgc_9.col_reg._005_,6.16
bgc_9.col_reg._027_,6.16
bgc_9.col_reg._046_,6.16
bgc_9.comp_col.GR_index\[1\],6.16
bgc_9.comp_col.pe2._17_,6.16
bgc_9.comp_row.A\[3\],6.16
bgc_9.final_counter._00_\[2\],6.16
bgc_9.final_counter._02_,6.16
dec_inst._00_\[1\],6.16
res_mem_inst.slot\[0\].slot_reg._026_,6.16
res_mem_inst.slot\[10\].slot_reg._025_,6.16
res_mem_inst.slot\[10\].slot_reg._032_,6.16
res_mem_inst.slot\[11\].slot_reg._021_,6.16
res_mem_inst.slot\[12\].slot_reg._002_,6.16
res_mem_inst.slot\[12\].slot_reg._045_,6.16
res_mem_inst.slot\[13\].slot_reg._000_\[11\],6.16
res_mem_inst.slot\[13\].slot_reg._002_,6.16
res_mem_inst.slot\[13\].slot_reg._038_,6.16
res_mem_inst.slot\[14\].slot_reg._047_,6.16
res_mem_inst.slot\[15\].slot_reg._036_,6.16
res_mem_inst.slot\[15\].slot_reg._038_,6.16
res_mem_inst.slot\[2\].slot_reg._011_,6.16
res_mem_inst.slot\[2\].slot_reg._024_,6.16
res_mem_inst.slot\[2\].slot_reg._028_,6.16
res_mem_inst.slot\[3\].slot_reg._004_,6.16
res_mem_inst.slot\[3\].slot_reg._034_,6.16
res_mem_inst.slot\[3\].slot_reg._049_,6.16
res_mem_inst.slot\[5\].slot_reg._020_,6.16
res_mem_inst.slot\[5\].slot_reg._021_,6.16
res_mem_inst.slot\[5\].slot_reg._030_,6.16
res_mem_inst.slot\[5\].slot_reg._045_,6.16
res_mem_inst.slot\[6\].slot_reg._000_\[1\],6.16
res_mem_inst.slot\[6\].slot_reg._000_\[5\],6.16
res_mem_inst.slot\[7\].slot_reg._032_,6.16
res_mem_inst.slot\[7\].slot_reg._038_,6.16
res_mem_inst.slot\[7\].slot_reg._052_,6.16
res_mem_inst.slot\[8\].slot_reg._000_\[1\],6.16
res_mem_inst.slot\[8\].slot_reg._000_\[2\],6.16
res_mem_inst.slot\[8\].slot_reg._000_\[6\],6.16
res_mem_inst.slot\[8\].slot_reg._049_,6.16
res_mem_inst.slot\[9\].slot_reg._000_\[3\],6.16
res_mem_inst.slot\[9\].slot_reg._028_,6.16
res_mem_inst.slot\[9\].slot_reg._037_,6.16
res_mem_inst.slot\[9\].slot_reg._038_,6.16
net76,6.16
net1217,5.88
net981,5.7
net83,5.7
net138,5.7
adder_tree._0262_,5.7
bgc_0.comp_col._00_,5.7
bgc_1.col_reg._037_,5.7
bgc_1.final_counter._00_\[6\],5.7
bgc_10.lfsr_col._19_,5.7
bgc_12.col_reg._025_,5.7
bgc_12.comp_col.GR_bits\[0\],5.7
bgc_14.final_counter._26_,5.7
bgc_14.row_reg._013_,5.7
bgc_2.comp_col.pe1._11_,5.7
bgc_2.final_counter._07_,5.7
bgc_2.lfsr_col._26_,5.7
bgc_3.col_reg._048_,5.7
bgc_3.final_counter._10_,5.7
bgc_3.row_reg._013_,5.7
bgc_4.final_counter._24_,5.7
bgc_5.col_data_in\[9\],5.7
bgc_5.col_reg._035_,5.7
bgc_5.comp_col._13_,5.7
bgc_5.comp_row._00_,5.7
bgc_6.comp_col.pe2._11_,5.7
bgc_9.col_reg._021_,5.7
res_mem_inst.slot\[0\].slot_reg._015_,5.7
res_mem_inst.slot\[12\].slot_reg._000_\[6\],5.7
res_mem_inst.slot\[14\].slot_reg._048_,5.7
res_mem_inst.slot\[3\].slot_reg._031_,5.7
res_mem_inst.slot\[5\].slot_reg._002_,5.7
res_mem_inst.slot\[5\].slot_reg._010_,5.7
res_mem_inst.slot\[7\].slot_reg._001_,5.7
net844,5.65
net891,5.65
net933,5.65
net1306,5.65
net1415,5.65
net1418,5.65
net145,5.65
net372,5.65
net506,5.65
net703,5.65
net758,5.65
net767,5.65
adder_tree._0586_,5.65
bgc_0.col_reg._007_,5.65
bgc_0.col_reg._013_,5.65
bgc_1.lfsr_col._15_,5.65
bgc_1.row_reg._023_,5.65
bgc_10.col_reg._000_\[7\],5.65
bgc_10.col_reg._023_,5.65
bgc_10.row_reg._023_,5.65
bgc_11.comp_col.A\[5\],5.65
bgc_11.comp_row.GR_index\[0\],5.65
bgc_11.comp_row.pe2._05_,5.65
bgc_11.comp_row.pe2._06_,5.65
bgc_11.final_counter._13_,5.65
bgc_12.col_reg._000_\[3\],5.65
bgc_12.lfsr_col._15_,5.65
bgc_12.lfsr_row._13_,5.65
bgc_12.row_reg._049_,5.65
bgc_13.col_reg._013_,5.65
bgc_13.comp_row.GR_index\[1\],5.65
bgc_13.final_counter._27_,5.65
bgc_14.col_reg._015_,5.65
bgc_14.comp_row.pe2._09_,5.65
bgc_14.final_counter._18_,5.65
bgc_14.row_reg._000_\[5\],5.65
bgc_14.row_reg._000_\[8\],5.65
bgc_14.row_reg._039_,5.65
bgc_15.col_reg._044_,5.65
bgc_15.row_reg._038_,5.65
bgc_2.row_reg._007_,5.65
bgc_3.col_data_in\[10\],5.65
bgc_3.col_reg._000_\[5\],5.65
bgc_4.comp_row.GR_index\[2\],5.65
bgc_4.comp_row._19_,5.65
bgc_4.final_counter._28_,5.65
bgc_4.lfsr_row._07_,5.65
bgc_4.row_reg._000_\[1\],5.65
bgc_4.row_reg._038_,5.65
bgc_4.row_reg._044_,5.65
bgc_5.comp_row.GL_index\[0\],5.65
bgc_5.row_reg._000_\[9\],5.65
bgc_6.comp_row.pe2._08_,5.65
bgc_7.col_reg._021_,5.65
bgc_7.comp_col.pe2._02_,5.65
bgc_7.lfsr_row._03_,5.65
bgc_7.row_reg._018_,5.65
bgc_8.comp_col.GR_index\[2\],5.65
bgc_8.row_reg._048_,5.65
bgc_9.col_reg._009_,5.65
bgc_9.lfsr_row._22_,5.65
res_mem_inst.slot\[0\].slot_reg._012_,5.65
res_mem_inst.slot\[0\].slot_reg._017_,5.65
res_mem_inst.slot\[0\].slot_reg._024_,5.65
res_mem_inst.slot\[10\].slot_reg._002_,5.65
res_mem_inst.slot\[10\].slot_reg._051_,5.65
res_mem_inst.slot\[11\].slot_reg._030_,5.65
res_mem_inst.slot\[12\].slot_reg._000_\[7\],5.65
res_mem_inst.slot\[12\].slot_reg._044_,5.65
res_mem_inst.slot\[13\].slot_reg._000_\[8\],5.65
res_mem_inst.slot\[14\].slot_reg._000_\[2\],5.65
res_mem_inst.slot\[14\].slot_reg._033_,5.65
res_mem_inst.slot\[14\].slot_reg._050_,5.65
res_mem_inst.slot\[2\].slot_reg._025_,5.65
res_mem_inst.slot\[3\].slot_reg._000_\[11\],5.65
res_mem_inst.slot\[3\].slot_reg._000_\[9\],5.65
res_mem_inst.slot\[4\].slot_reg._035_,5.65
res_mem_inst.slot\[5\].slot_reg._022_,5.65
res_mem_inst.slot\[5\].slot_reg._028_,5.65
res_mem_inst.slot\[6\].slot_reg._015_,5.65
res_mem_inst.slot\[6\].slot_reg._044_,5.65
res_mem_inst.slot\[7\].slot_reg._028_,5.65
res_mem_inst.slot\[7\].slot_reg._046_,5.65
res_mem_inst.slot\[7\].slot_reg._051_,5.65
res_mem_inst.slot\[9\].slot_reg._000_\[1\],5.65
res_mem_inst.slot\[9\].slot_reg._030_,5.65
res_mem_inst.slot\[9\].slot_reg._034_,5.65
net857,5.6
net919,5.6
net934,5.6
net983,5.6
net1011,5.6
net1022,5.6
net1065,5.6
net1081,5.6
net1083,5.6
net1088,5.6
net1191,5.6
net1225,5.6
net1239,5.6
net1267,5.6
net1305,5.6
net1328,5.6
net1331,5.6
net1347,5.6
net1460,5.6
net176,5.6
net178,5.6
net203,5.6
net260,5.6
net261,5.6
net302,5.6
net367,5.6
net432,5.6
net437,5.6
net508,5.6
net629,5.6
net646,5.6
net710,5.6
net771,5.6
adder_tree._0044_,5.6
adder_tree._0101_,5.6
adder_tree._0211_,5.6
adder_tree._0246_,5.6
adder_tree._0272_,5.6
adder_tree._0318_,5.6
adder_tree._0337_,5.6
adder_tree._0390_,5.6
adder_tree._0458_,5.6
adder_tree._0513_,5.6
adder_tree._0617_,5.6
adder_tree._0653_,5.6
adder_tree._0665_,5.6
bgc_0.col_reg._000_\[10\],5.6
bgc_0.col_reg._048_,5.6
bgc_0.comp_col.GR_bits\[0\],5.6
bgc_0.comp_col.pe2._02_,5.6
bgc_0.comp_row.A\[6\],5.6
bgc_0.comp_row.GR_index\[1\],5.6
bgc_0.final_counter._00_\[5\],5.6
bgc_0.lfsr_col._00_\[0\],5.6
bgc_0.lfsr_row._00_\[5\],5.6
bgc_0.lfsr_row._00_\[7\],5.6
bgc_0.lfsr_row._00_\[8\],5.6
bgc_0.row_reg._006_,5.6
bgc_0.row_reg._049_,5.6
bgc_1.col_data_in\[0\],5.6
bgc_1.col_reg._000_\[8\],5.6
bgc_1.comp_col.A\[8\],5.6
bgc_1.comp_row.A\[2\],5.6
bgc_1.comp_row.A\[6\],5.6
bgc_1.comp_row.GR_bits\[2\],5.6
bgc_1.comp_row.pe2._11_,5.6
bgc_1.final_counter._00_\[2\],5.6
bgc_1.final_counter._00_\[8\],5.6
bgc_1.final_counter._26_,5.6
bgc_1.lfsr_col._00_\[3\],5.6
bgc_1.lfsr_col._00_\[6\],5.6
bgc_1.lfsr_col._00_\[9\],5.6
bgc_1.lfsr_col._10_,5.6
bgc_1.lfsr_row._07_,5.6
bgc_1.row_reg._021_,5.6
bgc_1.row_reg._025_,5.6
bgc_1.row_reg._051_,5.6
bgc_10.comp_col.pe1._11_,5.6
bgc_10.comp_row._17_,5.6
bgc_10.comp_row.pe1._05_,5.6
bgc_10.final_counter._00_\[3\],5.6
bgc_10.lfsr_col._00_\[1\],5.6
bgc_10.lfsr_col._00_\[4\],5.6
bgc_10.lfsr_row._00_\[3\],5.6
bgc_10.lfsr_row._00_\[7\],5.6
bgc_10.lfsr_row._20_,5.6
bgc_10.row_reg._044_,5.6
bgc_10.row_reg._050_,5.6
bgc_11.col_reg._000_\[11\],5.6
bgc_11.comp_col.GR_bits\[1\],5.6
bgc_11.comp_col.pe2._04_,5.6
bgc_11.comp_row.pe1._02_,5.6
bgc_11.final_counter._11_,5.6
bgc_11.lfsr_col._00_\[2\],5.6
bgc_11.lfsr_col._18_,5.6
bgc_11.lfsr_row._00_\[5\],5.6
bgc_11.row_reg._000_\[1\],5.6
bgc_11.row_reg._000_\[6\],5.6
bgc_11.row_reg._001_,5.6
bgc_11.row_reg._010_,5.6
bgc_11.row_reg._044_,5.6
bgc_12._04_,5.6
bgc_12.col_reg._006_,5.6
bgc_12.col_reg._045_,5.6
bgc_12.comp_col.A\[10\],5.6
bgc_12.comp_col.GR_bits\[1\],5.6
bgc_12.comp_row.pe1._11_,5.6
bgc_12.comp_row.pe1._12_,5.6
bgc_12.final_counter._00_\[9\],5.6
bgc_12.lfsr_col._00_\[10\],5.6
bgc_12.lfsr_col._03_,5.6
bgc_12.lfsr_col._24_,5.6
bgc_12.lfsr_row._00_\[2\],5.6
bgc_12.lfsr_row._00_\[3\],5.6
bgc_12.row_reg._051_,5.6
bgc_13.col_reg._008_,5.6
bgc_13.comp_col.GR_bits\[9\],5.6
bgc_13.comp_row.A\[9\],5.6
bgc_13.final_counter._13_,5.6
bgc_13.lfsr_col._08_,5.6
bgc_13.lfsr_row._00_\[5\],5.6
bgc_14.col_data_in\[8\],5.6
bgc_14.col_reg._005_,5.6
bgc_14.col_reg._048_,5.6
bgc_14.comp_col.A\[11\],5.6
bgc_14.comp_col.GL_index\[1\],5.6
bgc_14.comp_col.GR_index\[2\],5.6
bgc_14.comp_col.pe1._04_,5.6
bgc_14.comp_col.pe1._06_,5.6
bgc_14.comp_row.GL_bits\[2\],5.6
bgc_14.comp_row.pe1._06_,5.6
bgc_14.final_counter._00_\[8\],5.6
bgc_14.lfsr_col._00_\[2\],5.6
bgc_14.lfsr_col._00_\[9\],5.6
bgc_14.row_reg._000_\[7\],5.6
bgc_14.row_reg._044_,5.6
bgc_14.row_reg._047_,5.6
bgc_15.col_reg._037_,5.6
bgc_15.col_reg._050_,5.6
bgc_15.comp_col.A\[7\],5.6
bgc_15.comp_col._14_,5.6
bgc_15.comp_row.pe2._01_,5.6
bgc_15.final_counter._13_,5.6
bgc_15.lfsr_col._00_\[2\],5.6
bgc_15.lfsr_col._18_,5.6
bgc_15.lfsr_row._00_\[2\],5.6
bgc_15.lfsr_row._00_\[8\],5.6
bgc_15.lfsr_row._24_,5.6
bgc_15.row_reg._005_,5.6
bgc_15.row_reg._019_,5.6
bgc_15.row_reg._023_,5.6
bgc_2._02_,5.6
bgc_2.col_data_in\[5\],5.6
bgc_2.col_reg._000_\[7\],5.6
bgc_2.col_reg._009_,5.6
bgc_2.col_reg._027_,5.6
bgc_2.comp_col.GL_bits\[0\],5.6
bgc_2.comp_col._17_,5.6
bgc_2.comp_col.pe1._04_,5.6
bgc_2.comp_col.pe2._02_,5.6
bgc_2.comp_row.A\[10\],5.6
bgc_2.comp_row.A\[1\],5.6
bgc_2.comp_row.GR_bits\[10\],5.6
bgc_2.final_counter._00_\[2\],5.6
bgc_2.final_counter._00_\[8\],5.6
bgc_2.lfsr_col._12_,5.6
bgc_2.lfsr_col._19_,5.6
bgc_2.lfsr_row._06_,5.6
bgc_2.lfsr_row._24_,5.6
bgc_3.col_reg._000_\[8\],5.6
bgc_3.col_reg._009_,5.6
bgc_3.comp_col.pe2._04_,5.6
bgc_3.comp_row.A\[10\],5.6
bgc_3.comp_row.A\[2\],5.6
bgc_3.comp_row.pe1._10_,5.6
bgc_3.comp_row.pe2._07_,5.6
bgc_3.lfsr_row._00_\[9\],5.6
bgc_3.row_reg._025_,5.6
bgc_4.col_reg._021_,5.6
bgc_4.col_reg._023_,5.6
bgc_4.col_reg._048_,5.6
bgc_4.comp_col.x,5.6
bgc_4.comp_row.pe2._00_,5.6
bgc_4.lfsr_col._00_\[1\],5.6
bgc_4.row_reg._003_,5.6
bgc_5.col_reg._000_\[6\],5.6
bgc_5.col_reg._000_\[7\],5.6
bgc_5.col_reg._017_,5.6
bgc_5.col_reg._031_,5.6
bgc_5.comp_col.A\[6\],5.6
bgc_5.comp_col.GL_index\[1\],5.6
bgc_5.comp_col.pe2._05_,5.6
bgc_5.comp_row.pe2._00_,5.6
bgc_5.final_counter._26_,5.6
bgc_5.lfsr_col._00_\[8\],5.6
bgc_5.lfsr_row._16_,5.6
bgc_5.row_reg._005_,5.6
bgc_5.row_reg._027_,5.6
bgc_6.col_reg._023_,5.6
bgc_6.col_reg._031_,5.6
bgc_6.comp_col.GL_index\[0\],5.6
bgc_6.comp_col.GR_bits\[10\],5.6
bgc_6.comp_col.GR_bits\[8\],5.6
bgc_6.comp_col.GR_bits\[9\],5.6
bgc_6.comp_col.GR_index\[0\],5.6
bgc_6.comp_col.pe2._01_,5.6
bgc_6.comp_col.pe2._05_,5.6
bgc_6.comp_row.A\[1\],5.6
bgc_6.comp_row.pe1._05_,5.6
bgc_6.lfsr_row._01_,5.6
bgc_6.row_reg._000_\[11\],5.6
bgc_6.row_reg._000_\[1\],5.6
bgc_6.row_reg._013_,5.6
bgc_6.row_reg._044_,5.6
bgc_6.row_reg._046_,5.6
bgc_7.col_data_in\[10\],5.6
bgc_7.col_reg._000_\[3\],5.6
bgc_7.col_reg._000_\[5\],5.6
bgc_7.col_reg._000_\[7\],5.6
bgc_7.col_reg._011_,5.6
bgc_7.comp_col.GL_index\[0\],5.6
bgc_7.comp_row.GR_index\[1\],5.6
bgc_7.comp_row.pe2._02_,5.6
bgc_7.comp_row.pe2._07_,5.6
bgc_7.final_counter._00_\[1\],5.6
bgc_7.lfsr_col._22_,5.6
bgc_7.row_reg._012_,5.6
bgc_7.row_reg._025_,5.6
bgc_8.comp_col.A\[6\],5.6
bgc_8.comp_col.A\[7\],5.6
bgc_8.comp_row.pe1._17_,5.6
bgc_8.comp_row.pe2._17_,5.6
bgc_8.lfsr_row._04_,5.6
bgc_8.row_reg._000_\[3\],5.6
bgc_8.row_reg._001_,5.6
bgc_9.final_counter._26_,5.6
bgc_9.lfsr_col._00_\[4\],5.6
bgc_9.row_reg._012_,5.6
lfsr_enabler._00_,5.6
lfsr_enabler._01_\[3\],5.6
lfsr_enabler._15_,5.6
lfsr_enabler._24_,5.6
res_mem_inst.slot\[0\].slot_reg._011_,5.6
res_mem_inst.slot\[10\].slot_reg._000_\[0\],5.6
res_mem_inst.slot\[11\].slot_reg._000_\[8\],5.6
res_mem_inst.slot\[11\].slot_reg._000_\[9\],5.6
res_mem_inst.slot\[11\].slot_reg._005_,5.6
res_mem_inst.slot\[11\].slot_reg._007_,5.6
res_mem_inst.slot\[11\].slot_reg._026_,5.6
res_mem_inst.slot\[12\].slot_reg._000_\[0\],5.6
res_mem_inst.slot\[12\].slot_reg._047_,5.6
res_mem_inst.slot\[12\].slot_reg._049_,5.6
res_mem_inst.slot\[13\].slot_reg._031_,5.6
res_mem_inst.slot\[13\].slot_reg._046_,5.6
res_mem_inst.slot\[14\].slot_reg._015_,5.6
res_mem_inst.slot\[15\].slot_reg._000_\[3\],5.6
res_mem_inst.slot\[15\].slot_reg._002_,5.6
res_mem_inst.slot\[15\].slot_reg._047_,5.6
res_mem_inst.slot\[1\].slot_reg._000_\[10\],5.6
res_mem_inst.slot\[1\].slot_reg._005_,5.6
res_mem_inst.slot\[2\].slot_reg._000_\[0\],5.6
res_mem_inst.slot\[2\].slot_reg._004_,5.6
res_mem_inst.slot\[2\].slot_reg._017_,5.6
res_mem_inst.slot\[2\].slot_reg._048_,5.6
res_mem_inst.slot\[2\].slot_reg._051_,5.6
res_mem_inst.slot\[3\].slot_reg._000_\[6\],5.6
res_mem_inst.slot\[3\].slot_reg._010_,5.6
res_mem_inst.slot\[3\].slot_reg._050_,5.6
res_mem_inst.slot\[4\].slot_reg._031_,5.6
res_mem_inst.slot\[5\].slot_reg._000_\[2\],5.6
res_mem_inst.slot\[6\].slot_reg._000_\[11\],5.6
res_mem_inst.slot\[7\].slot_reg._000_\[11\],5.6
res_mem_inst.slot\[7\].slot_reg._045_,5.6
res_mem_inst.slot\[8\].slot_reg._000_\[0\],5.6
res_mem_inst.slot\[8\].slot_reg._000_\[7\],5.6
res_mem_inst.slot\[8\].slot_reg._052_,5.6
res_mem_inst.slot\[0\].slot_reg._000_\[10\],5.54
net1222,5.32
net164,5.14
net465,5.14
net733,5.14
net791,5.14
adder_tree._0004_,5.14
adder_tree._0645_,5.14
bgc_0.col_reg._006_,5.14
bgc_0.col_reg._011_,5.14
bgc_1.col_reg._023_,5.14
bgc_1.col_reg._051_,5.14
bgc_11.col_reg._014_,5.14
bgc_11.comp_row.GR_index\[2\],5.14
bgc_11.row_reg._007_,5.14
bgc_12.col_reg._004_,5.14
bgc_12.comp_col.pe1._09_,5.14
bgc_12.comp_row.GR_index\[1\],5.14
bgc_12.final_counter._02_,5.14
bgc_12.row_reg._006_,5.14
bgc_13.comp_row.pe1._11_,5.14
bgc_14.row_reg._000_\[11\],5.14
bgc_15.row_reg._001_,5.14
bgc_2.comp_row.A\[9\],5.14
bgc_3.col_data_in\[5\],5.14
bgc_4.comp_row.GR_index\[0\],5.14
bgc_4.final_counter._02_,5.14
bgc_4.final_counter._11_,5.14
bgc_5.comp_row.pe1._11_,5.14
bgc_5.row_reg._003_,5.14
bgc_5.row_reg._052_,5.14
bgc_6.col_reg._007_,5.14
bgc_6.col_reg._047_,5.14
bgc_6.col_reg._049_,5.14
bgc_7.col_data_in\[4\],5.14
bgc_7.col_reg._044_,5.14
bgc_7.row_reg._028_,5.14
bgc_9.col_reg._013_,5.14
bgc_9.row_reg._004_,5.14
res_mem_inst.slot\[0\].slot_reg._006_,5.14
res_mem_inst.slot\[10\].slot_reg._005_,5.14
res_mem_inst.slot\[10\].slot_reg._010_,5.14
res_mem_inst.slot\[11\].slot_reg._009_,5.14
res_mem_inst.slot\[13\].slot_reg._011_,5.14
res_mem_inst.slot\[15\].slot_reg._000_\[6\],5.14
res_mem_inst.slot\[2\].slot_reg._005_,5.14
res_mem_inst.slot\[5\].slot_reg._011_,5.14
res_mem_inst.slot\[6\].slot_reg._012_,5.14
res_mem_inst.slot\[7\].slot_reg._044_,5.14
res_mem_inst.slot\[7\].slot_reg._047_,5.14
res_mem_inst.slot\[9\].slot_reg._004_,5.14
net999,5.09
net1232,5.09
net489,5.09
net809,5.09
adder_tree._0074_,5.09
adder_tree._0688_,5.09
bgc_0.comp_col.A\[5\],5.09
bgc_0.lfsr_col._00_\[9\],5.09
bgc_0.row_reg._009_,5.09
bgc_1.col_reg._044_,5.09
bgc_10.col_reg._000_\[4\],5.09
bgc_10.comp_col._17_,5.09
bgc_10.lfsr_row._09_,5.09
bgc_11.col_reg._027_,5.09
bgc_11.final_counter._00_\[11\],5.09
bgc_11.row_reg._038_,5.09
bgc_12.col_reg._000_\[9\],5.09
bgc_12.comp_row.A\[10\],5.09
bgc_13.comp_col.pe2._02_,5.09
bgc_13.comp_row.GR_index\[2\],5.09
bgc_13.final_counter._00_\[6\],5.09
bgc_13.final_counter._07_,5.09
bgc_14.col_reg._033_,5.09
bgc_14.lfsr_row._23_,5.09
bgc_14.row_reg._007_,5.09
bgc_14.row_reg._035_,5.09
bgc_14.row_reg._040_,5.09
bgc_15.col_reg._021_,5.09
bgc_2.final_counter._00_\[4\],5.09
bgc_2.row_reg._000_\[9\],5.09
bgc_3.final_counter._08_,5.09
bgc_3.lfsr_row._07_,5.09
bgc_4.row_reg._018_,5.09
bgc_5.final_counter._00_\[1\],5.09
bgc_5.final_counter._10_,5.09
bgc_6.comp_row.pe2._11_,5.09
bgc_6.final_counter._00_\[3\],5.09
bgc_7._03_,5.09
bgc_7.row_reg._000_\[1\],5.09
bgc_7.row_reg._022_,5.09
bgc_7.row_reg._050_,5.09
bgc_8.comp_row.GR_index\[3\],5.09
bgc_8.final_counter._24_,5.09
bgc_8.final_counter._27_,5.09
bgc_8.row_reg._021_,5.09
bgc_9.col_reg._035_,5.09
bgc_9.comp_col.pe2._11_,5.09
lfsr_enabler._12_,5.09
res_mem_inst.slot\[10\].slot_reg._024_,5.09
res_mem_inst.slot\[12\].slot_reg._018_,5.09
res_mem_inst.slot\[12\].slot_reg._034_,5.09
res_mem_inst.slot\[14\].slot_reg._000_\[3\],5.09
res_mem_inst.slot\[1\].slot_reg._007_,5.09
res_mem_inst.slot\[1\].slot_reg._021_,5.09
res_mem_inst.slot\[1\].slot_reg._029_,5.09
res_mem_inst.slot\[1\].slot_reg._046_,5.09
res_mem_inst.slot\[4\].slot_reg._044_,5.09
res_mem_inst.slot\[6\].slot_reg._032_,5.09
res_mem_inst.slot\[6\].slot_reg._039_,5.09
res_mem_inst.slot\[8\].slot_reg._027_,5.09
net822,5.04
net847,5.04
net849,5.04
net858,5.04
net935,5.04
net961,5.04
net977,5.04
net991,5.04
net1026,5.04
net1058,5.04
net1070,5.04
net1119,5.04
net1150,5.04
net1171,5.04
net1175,5.04
net1206,5.04
net1236,5.04
net1278,5.04
net1337,5.04
net1340,5.04
net1373,5.04
net1379,5.04
net1401,5.04
net1412,5.04
net1442,5.04
net116,5.04
net143,5.04
net246,5.04
net278,5.04
net422,5.04
net546,5.04
net552,5.04
net558,5.04
net574,5.04
net628,5.04
net687,5.04
net705,5.04
net747,5.04
adder_tree._0031_,5.04
adder_tree._0072_,5.04
adder_tree._0082_,5.04
adder_tree._0601_,5.04
adder_tree._0614_,5.04
adder_tree._0628_,5.04
adder_tree._0639_,5.04
adder_tree._0664_,5.04
bgc_0.col_data_in\[3\],5.04
bgc_0.col_reg._000_\[4\],5.04
bgc_0.col_reg._000_\[8\],5.04
bgc_0.comp_col.A\[11\],5.04
bgc_0.comp_col.A\[3\],5.04
bgc_0.comp_col.A\[4\],5.04
bgc_0.comp_col.A\[6\],5.04
bgc_0.comp_row.A\[3\],5.04
bgc_0.final_counter._00_\[2\],5.04
bgc_0.lfsr_col._05_,5.04
bgc_0.lfsr_col._09_,5.04
bgc_0.lfsr_col._11_,5.04
bgc_0.lfsr_col._13_,5.04
bgc_0.lfsr_row._13_,5.04
bgc_0.lfsr_row._22_,5.04
bgc_0.row_reg._014_,5.04
bgc_0.row_reg._036_,5.04
bgc_0.row_reg._048_,5.04
bgc_1.col_reg._019_,5.04
bgc_1.comp_col.A\[5\],5.04
bgc_1.comp_col.A\[6\],5.04
bgc_1.comp_col.A\[7\],5.04
bgc_1.comp_row.A\[8\],5.04
bgc_1.comp_row.pe1._11_,5.04
bgc_1.lfsr_col._00_\[11\],5.04
bgc_1.lfsr_row._00_\[9\],5.04
bgc_1.lfsr_row._03_,5.04
bgc_1.lfsr_row._05_,5.04
bgc_1.lfsr_row._15_,5.04
bgc_1.lfsr_row._19_,5.04
bgc_1.row_reg._003_,5.04
bgc_1.row_reg._011_,5.04
bgc_10.col_reg._009_,5.04
bgc_10.col_reg._044_,5.04
bgc_10.col_reg._048_,5.04
bgc_10.comp_col.A\[5\],5.04
bgc_10.comp_col.GR_index\[0\],5.04
bgc_10.comp_col.GR_index\[3\],5.04
bgc_10.comp_row.A\[11\],5.04
bgc_10.comp_row.GL_bits\[9\],5.04
bgc_10.comp_row.GR_index\[1\],5.04
bgc_10.lfsr_col._10_,5.04
bgc_10.lfsr_row._00_\[1\],5.04
bgc_10.lfsr_row._00_\[4\],5.04
bgc_10.lfsr_row._02_,5.04
bgc_10.lfsr_row._15_,5.04
bgc_10.lfsr_row._23_,5.04
bgc_10.row_reg._000_\[8\],5.04
bgc_10.row_reg._037_,5.04
bgc_11.col_data_in\[2\],5.04
bgc_11.col_reg._003_,5.04
bgc_11.col_reg._011_,5.04
bgc_11.comp_col.A\[8\],5.04
bgc_11.comp_row.GR_bits\[0\],5.04
bgc_11.comp_row.GR_index\[3\],5.04
bgc_11.comp_row.pe1._00_,5.04
bgc_11.lfsr_col._00_\[0\],5.04
bgc_11.lfsr_col._00_\[10\],5.04
bgc_11.lfsr_col._00_\[3\],5.04
bgc_11.lfsr_col._00_\[5\],5.04
bgc_11.lfsr_row._13_,5.04
bgc_11.lfsr_row._24_,5.04
bgc_11.row_reg._000_\[9\],5.04
bgc_11.row_reg._017_,5.04
bgc_11.row_reg._033_,5.04
bgc_12.col_reg._000_\[6\],5.04
bgc_12.col_reg._001_,5.04
bgc_12.comp_col.GR_index\[1\],5.04
bgc_12.comp_row.pe2._04_,5.04
bgc_12.final_counter._00_\[5\],5.04
bgc_12.final_counter._20_,5.04
bgc_12.lfsr_col._00_\[7\],5.04
bgc_12.lfsr_col._01_,5.04
bgc_12.lfsr_col._04_,5.04
bgc_12.lfsr_col._11_,5.04
bgc_12.lfsr_col._12_,5.04
bgc_12.lfsr_row._00_\[9\],5.04
bgc_12.lfsr_row._17_,5.04
bgc_12.lfsr_row._18_,5.04
bgc_12.row_reg._044_,5.04
bgc_13.comp_col.A\[2\],5.04
bgc_13.comp_col.A\[8\],5.04
bgc_13.comp_col.GL_bits\[0\],5.04
bgc_13.comp_col._19_,5.04
bgc_13.comp_col.pe1._17_,5.04
bgc_13.final_counter._00_\[8\],5.04
bgc_13.final_counter._17_,5.04
bgc_13.lfsr_col._16_,5.04
bgc_13.lfsr_col._24_,5.04
bgc_13.lfsr_row._00_\[7\],5.04
bgc_13.lfsr_row._08_,5.04
bgc_13.lfsr_row._17_,5.04
bgc_13.lfsr_row._19_,5.04
bgc_13.lfsr_row._22_,5.04
bgc_13.row_reg._000_\[3\],5.04
bgc_13.row_reg._000_\[5\],5.04
bgc_13.row_reg._000_\[8\],5.04
bgc_13.row_reg._013_,5.04
bgc_13.row_reg._020_,5.04
bgc_14.col_reg._000_\[6\],5.04
bgc_14.col_reg._020_,5.04
bgc_14.comp_col.pe1._03_,5.04
bgc_14.comp_row.A\[5\],5.04
bgc_14.comp_row.pe1._07_,5.04
bgc_14.final_counter._28_,5.04
bgc_14.lfsr_col._00_\[10\],5.04
bgc_14.lfsr_col._00_\[5\],5.04
bgc_14.lfsr_col._01_,5.04
bgc_14.lfsr_col._07_,5.04
bgc_14.lfsr_col._09_,5.04
bgc_14.lfsr_col._19_,5.04
bgc_14.lfsr_row._00_\[5\],5.04
bgc_14.lfsr_row._07_,5.04
bgc_14.row_reg._000_\[3\],5.04
bgc_14.row_reg._006_,5.04
bgc_14.row_reg._008_,5.04
bgc_14.row_reg._010_,5.04
bgc_14.row_reg._020_,5.04
bgc_14.row_reg._021_,5.04
bgc_14.row_reg._034_,5.04
bgc_15._03_,5.04
bgc_15.col_reg._007_,5.04
bgc_15.col_reg._010_,5.04
bgc_15.col_reg._015_,5.04
bgc_15.comp_row.A\[10\],5.04
bgc_15.final_counter._02_,5.04
bgc_15.final_counter._15_,5.04
bgc_15.final_counter._20_,5.04
bgc_15.lfsr_col._00_\[9\],5.04
bgc_15.lfsr_col._13_,5.04
bgc_15.lfsr_col._15_,5.04
bgc_15.lfsr_col._16_,5.04
bgc_15.lfsr_col._21_,5.04
bgc_15.lfsr_row._00_\[7\],5.04
bgc_15.lfsr_row._22_,5.04
bgc_15.row_reg._002_,5.04
bgc_15.row_reg._006_,5.04
bgc_15.row_reg._007_,5.04
bgc_15.row_reg._035_,5.04
bgc_2.col_reg._021_,5.04
bgc_2.col_reg._035_,5.04
bgc_2.col_reg.mode\[0\],5.04
bgc_2.comp_row.GL_bits\[10\],5.04
bgc_2.comp_row.GR_bits\[9\],5.04
bgc_2.comp_row.pe2._00_,5.04
bgc_2.comp_row.pe2._02_,5.04
bgc_2.final_counter._00_\[1\],5.04
bgc_2.lfsr_col._06_,5.04
bgc_2.lfsr_row._05_,5.04
bgc_2.lfsr_row._07_,5.04
bgc_2.lfsr_row._12_,5.04
bgc_2.lfsr_row._14_,5.04
bgc_2.lfsr_row._21_,5.04
bgc_2.row_reg._049_,5.04
bgc_3.col_reg._002_,5.04
bgc_3.col_reg._020_,5.04
bgc_3.col_reg._044_,5.04
bgc_3.comp_col.A\[6\],5.04
bgc_3.comp_col.GR_bits\[1\],5.04
bgc_3.comp_col.pe2._02_,5.04
bgc_3.comp_col.pe2._17_,5.04
bgc_3.final_counter._27_,5.04
bgc_3.lfsr_col._03_,5.04
bgc_3.lfsr_col._05_,5.04
bgc_3.lfsr_col._21_,5.04
bgc_3.lfsr_row._00_\[11\],5.04
bgc_3.lfsr_row._18_,5.04
bgc_3.row_reg._005_,5.04
bgc_3.row_reg._007_,5.04
bgc_3.row_reg._045_,5.04
bgc_3.row_reg._047_,5.04
bgc_4.col_data_in\[8\],5.04
bgc_4.col_reg._000_\[9\],5.04
bgc_4.col_reg._052_,5.04
bgc_4.comp_col.A\[9\],5.04
bgc_4.comp_col.GR_bits\[0\],5.04
bgc_4.comp_col.pe1._02_,5.04
bgc_4.comp_row.A\[2\],5.04
bgc_4.final_counter._00_\[5\],5.04
bgc_4.lfsr_col._00_\[11\],5.04
bgc_4.lfsr_col._09_,5.04
bgc_4.lfsr_col._15_,5.04
bgc_4.lfsr_row._00_\[4\],5.04
bgc_4.lfsr_row._08_,5.04
bgc_4.lfsr_row._09_,5.04
bgc_4.row_reg._014_,5.04
bgc_4.row_reg._031_,5.04
bgc_4.row_reg._046_,5.04
bgc_4.row_reg._048_,5.04
bgc_5.col_reg._007_,5.04
bgc_5.col_reg._019_,5.04
bgc_5.col_reg._029_,5.04
bgc_5.comp_col.A\[3\],5.04
bgc_5.comp_col.A\[7\],5.04
bgc_5.comp_row.A\[4\],5.04
bgc_5.comp_row.GL_index\[1\],5.04
bgc_5.lfsr_col._11_,5.04
bgc_5.lfsr_col._15_,5.04
bgc_5.lfsr_col._16_,5.04
bgc_5.lfsr_row._00_\[9\],5.04
bgc_5.lfsr_row._07_,5.04
bgc_5.lfsr_row._11_,5.04
bgc_5.lfsr_row._13_,5.04
bgc_5.lfsr_row._14_,5.04
bgc_5.lfsr_row._22_,5.04
bgc_5.lfsr_row._24_,5.04
bgc_5.row_reg._035_,5.04
bgc_5.row_reg._045_,5.04
bgc_6.col_data_in\[11\],5.04
bgc_6.col_reg._012_,5.04
bgc_6.col_reg._014_,5.04
bgc_6.col_reg._037_,5.04
bgc_6.col_reg._052_,5.04
bgc_6.comp_row._19_,5.04
bgc_6.final_counter._00_\[0\],5.04
bgc_6.final_counter._00_\[5\],5.04
bgc_6.lfsr_col._00_\[5\],5.04
bgc_6.lfsr_col._00_\[6\],5.04
bgc_6.lfsr_col._01_,5.04
bgc_6.lfsr_col._03_,5.04
bgc_6.lfsr_col._05_,5.04
bgc_6.lfsr_col._22_,5.04
bgc_6.lfsr_col._23_,5.04
bgc_6.lfsr_row._00_\[0\],5.04
bgc_6.lfsr_row._00_\[1\],5.04
bgc_6.lfsr_row._00_\[4\],5.04
bgc_6.lfsr_row._15_,5.04
bgc_6.row_reg._026_,5.04
bgc_6.row_reg._034_,5.04
bgc_6.row_reg._036_,5.04
bgc_7.col_reg._008_,5.04
bgc_7.col_reg._023_,5.04
bgc_7.col_reg._046_,5.04
bgc_7.col_reg._052_,5.04
bgc_7.comp_col.pe1._00_,5.04
bgc_7.comp_col.pe2._04_,5.04
bgc_7.comp_col.pe2._06_,5.04
bgc_7.comp_row.A\[4\],5.04
bgc_7.comp_row.A\[5\],5.04
bgc_7.comp_row.pe1._04_,5.04
bgc_7.final_counter._00_\[5\],5.04
bgc_7.lfsr_col._13_,5.04
bgc_7.lfsr_row._00_\[4\],5.04
bgc_7.lfsr_row._06_,5.04
bgc_7.lfsr_row._15_,5.04
bgc_7.row_reg._003_,5.04
bgc_7.row_reg._006_,5.04
bgc_7.row_reg._019_,5.04
bgc_7.row_reg._036_,5.04
bgc_7.row_reg._048_,5.04
bgc_8.col_data_in\[7\],5.04
bgc_8.col_reg._000_\[3\],5.04
bgc_8.col_reg._000_\[6\],5.04
bgc_8.col_reg._049_,5.04
bgc_8.comp_col.GR_bits\[1\],5.04
bgc_8.comp_col._09_,5.04
bgc_8.comp_row.GR_bits\[7\],5.04
bgc_8.comp_row.GR_index\[2\],5.04
bgc_8.lfsr_col._23_,5.04
bgc_8.lfsr_row._00_\[8\],5.04
bgc_8.lfsr_row._02_,5.04
bgc_8.lfsr_row._06_,5.04
bgc_8.row_reg._000_\[5\],5.04
bgc_8.row_reg._038_,5.04
bgc_9.col_reg._000_\[7\],5.04
bgc_9.comp_col.GL_bits\[8\],5.04
bgc_9.comp_col.GL_bits\[9\],5.04
bgc_9.comp_col._01_,5.04
bgc_9.comp_row.GR_bits\[1\],5.04
bgc_9.comp_row.pe1._02_,5.04
bgc_9.comp_row.pe2._01_,5.04
bgc_9.lfsr_col._00_\[6\],5.04
bgc_9.lfsr_col._00_\[7\],5.04
bgc_9.lfsr_col._00_\[9\],5.04
bgc_9.lfsr_col._07_,5.04
bgc_9.lfsr_col._16_,5.04
bgc_9.lfsr_col._17_,5.04
bgc_9.lfsr_row._00_\[2\],5.04
bgc_9.lfsr_row._04_,5.04
bgc_9.lfsr_row._08_,5.04
bgc_9.lfsr_row._16_,5.04
bgc_9.row_reg._002_,5.04
bgc_9.row_reg._027_,5.04
bgc_9.row_reg._028_,5.04
res_mem_inst.out_dec_inst._00_\[0\],5.04
res_mem_inst.slot\[0\].slot_reg._000_\[7\],5.04
res_mem_inst.slot\[10\].slot_reg._000_\[8\],5.04
res_mem_inst.slot\[11\].slot_reg._000_\[0\],5.04
res_mem_inst.slot\[11\].slot_reg._000_\[2\],5.04
res_mem_inst.slot\[11\].slot_reg._044_,5.04
res_mem_inst.slot\[12\].slot_reg._006_,5.04
res_mem_inst.slot\[12\].slot_reg._013_,5.04
res_mem_inst.slot\[12\].slot_reg._050_,5.04
res_mem_inst.slot\[13\].slot_reg._025_,5.04
res_mem_inst.slot\[13\].slot_reg._050_,5.04
res_mem_inst.slot\[14\].slot_reg._029_,5.04
res_mem_inst.slot\[15\].slot_reg._048_,5.04
res_mem_inst.slot\[1\].slot_reg._000_\[9\],5.04
res_mem_inst.slot\[1\].slot_reg._008_,5.04
res_mem_inst.slot\[1\].slot_reg._024_,5.04
res_mem_inst.slot\[1\].slot_reg._052_,5.04
res_mem_inst.slot\[3\].slot_reg._018_,5.04
res_mem_inst.slot\[3\].slot_reg._052_,5.04
res_mem_inst.slot\[4\].slot_reg._032_,5.04
res_mem_inst.slot\[4\].slot_reg._046_,5.04
res_mem_inst.slot\[6\].slot_reg._000_\[3\],5.04
res_mem_inst.slot\[6\].slot_reg._000_\[7\],5.04
res_mem_inst.slot\[6\].slot_reg._048_,5.04
res_mem_inst.slot\[7\].slot_reg._000_\[9\],5.04
res_mem_inst.slot\[7\].slot_reg._004_,5.04
res_mem_inst.slot\[7\].slot_reg._008_,5.04
res_mem_inst.slot\[7\].slot_reg._040_,5.04
res_mem_inst.slot\[8\].slot_reg._000_\[10\],5.04
res_mem_inst.slot\[8\].slot_reg._017_,5.04
res_mem_inst.slot\[8\].slot_reg._037_,5.04
timer_inst._19_,5.04
bgc_12.comp_col.GR_bits\[8\],4.73
bgc_12.row_reg._031_,4.63
bgc_3.comp_row.GR_index\[2\],4.63
net940,4.58
net1079,4.58
net1457,4.58
net120,4.58
net139,4.58
net168,4.58
net284,4.58
net441,4.58
net490,4.58
net598,4.58
net624,4.58
net645,4.58
net675,4.58
net681,4.58
net760,4.58
adder_tree._0133_,4.58
adder_tree._0161_,4.58
adder_tree._0657_,4.58
bgc_0.col_reg._052_,4.58
bgc_10._02_,4.58
bgc_10.comp_col.A\[7\],4.58
bgc_10.comp_col.pe1._04_,4.58
bgc_10.row_reg._033_,4.58
bgc_10.row_reg._047_,4.58
bgc_11.comp_col.pe1._11_,4.58
bgc_11.comp_row._18_,4.58
bgc_11.final_counter._00_\[4\],4.58
bgc_11.final_counter._10_,4.58
bgc_11.final_counter._26_,4.58
bgc_12.comp_col.A\[7\],4.58
bgc_12.comp_col.pe1._01_,4.58
bgc_13.final_counter._00_\[11\],4.58
bgc_14.comp_col.A\[7\],4.58
bgc_14.comp_col.pe1._09_,4.58
bgc_14.comp_row._18_,4.58
bgc_14.final_counter._07_,4.58
bgc_14.final_counter._11_,4.58
bgc_14.row_reg._025_,4.58
bgc_15.col_data_in\[2\],4.58
bgc_15.col_data_in\[8\],4.58
bgc_2.comp_col.pe2._01_,4.58
bgc_2.comp_row.GR_bits\[1\],4.58
bgc_2.row_reg._033_,4.58
bgc_3.col_reg._047_,4.58
bgc_3.final_counter._00_\[3\],4.58
bgc_3.row_reg._017_,4.58
bgc_3.row_reg._030_,4.58
bgc_4._04_,4.58
bgc_4.lfsr_row._04_,4.58
bgc_5.comp_col._01_,4.58
bgc_8.row_reg._019_,4.58
bgc_9.col_reg._004_,4.58
bgc_9.comp_col.pe2._02_,4.58
bgc_9.final_counter._00_\[1\],4.58
lfsr_enabler._08_,4.58
res_mem_inst.slot\[12\].slot_reg._031_,4.58
res_mem_inst.slot\[15\].slot_reg._004_,4.58
res_mem_inst.slot\[15\].slot_reg._022_,4.58
res_mem_inst.slot\[15\].slot_reg._052_,4.58
res_mem_inst.slot\[6\].slot_reg._034_,4.58
net1067,4.53
net1193,4.53
net1209,4.53
net1287,4.53
net271,4.53
adder_tree._0706_,4.53
bgc_0.col_reg._039_,4.53
bgc_0.row_reg._000_\[10\],4.53
bgc_1.comp_col.pe1._05_,4.53
bgc_10.row_reg._014_,4.53
bgc_13.col_reg._000_\[9\],4.53
bgc_13.comp_col.pe2._11_,4.53
bgc_13.comp_row._19_,4.53
bgc_13.row_reg._045_,4.53
bgc_14.row_reg._000_\[1\],4.53
bgc_14.row_reg._019_,4.53
bgc_15.comp_col.pe1._05_,4.53
bgc_15.comp_row.pe1._00_,4.53
bgc_15.row_reg._000_\[1\],4.53
bgc_2.row_reg._000_\[3\],4.53
bgc_3.comp_row.pe2._02_,4.53
bgc_3.final_counter._00_\[7\],4.53
bgc_4.col_reg._000_\[10\],4.53
bgc_4.col_reg._005_,4.53
bgc_4.col_reg._037_,4.53
bgc_4.col_reg._049_,4.53
bgc_4.col_reg._050_,4.53
bgc_4.comp_row.GR_bits\[7\],4.53
bgc_5.col_reg._033_,4.53
bgc_5.row_reg._009_,4.53
bgc_5.row_reg._024_,4.53
bgc_5.row_reg._048_,4.53
bgc_5.row_reg._049_,4.53
bgc_6.row_reg._000_\[8\],4.53
bgc_6.row_reg._031_,4.53
bgc_6.row_reg._048_,4.53
bgc_7.lfsr_row._05_,4.53
bgc_8.col_reg._002_,4.53
bgc_8.col_reg._044_,4.53
bgc_8.col_reg._047_,4.53
bgc_8.comp_col.GL_index\[0\],4.53
bgc_8.comp_row.GR_bits\[10\],4.53
bgc_8.lfsr_col._21_,4.53
bgc_9.col_reg._008_,4.53
bgc_9.comp_col.GL_index\[0\],4.53
res_mem_inst.slot\[0\].slot_reg._014_,4.53
res_mem_inst.slot\[11\].slot_reg._000_\[4\],4.53
res_mem_inst.slot\[13\].slot_reg._000_\[10\],4.53
res_mem_inst.slot\[1\].slot_reg._000_\[6\],4.53
res_mem_inst.slot\[4\].slot_reg._000_\[8\],4.53
res_mem_inst.slot\[5\].slot_reg._000_\[0\],4.53
res_mem_inst.slot\[5\].slot_reg._048_,4.53
res_mem_inst.slot\[7\].slot_reg._049_,4.53
res_mem_inst.slot\[7\].slot_reg._050_,4.53
net851,4.48
net920,4.48
net946,4.48
net953,4.48
net966,4.48
net994,4.48
net1000,4.48
net1031,4.48
net1046,4.48
net1086,4.48
net1092,4.48
net1123,4.48
net1135,4.48
net1141,4.48
net1165,4.48
net1183,4.48
net1190,4.48
net1212,4.48
net1214,4.48
net1260,4.48
net1290,4.48
net1325,4.48
net1345,4.48
net1366,4.48
net1391,4.48
net1411,4.48
net1420,4.48
net1426,4.48
net1439,4.48
net1441,4.48
net1465,4.48
net89,4.48
net148,4.48
net224,4.48
net272,4.48
net281,4.48
net324,4.48
net388,4.48
net389,4.48
net394,4.48
net411,4.48
net428,4.48
net445,4.48
net485,4.48
net500,4.48
net526,4.48
net573,4.48
net576,4.48
net589,4.48
net619,4.48
net637,4.48
net682,4.48
net685,4.48
net717,4.48
net769,4.48
net776,4.48
adder_tree._0011_,4.48
adder_tree._0012_,4.48
adder_tree._0303_,4.48
adder_tree._0365_,4.48
adder_tree._0388_,4.48
adder_tree._0393_,4.48
adder_tree._0427_,4.48
adder_tree._0522_,4.48
adder_tree._0531_,4.48
adder_tree._0626_,4.48
adder_tree._0661_,4.48
bgc_0.col_data_in\[6\],4.48
bgc_0.col_reg._009_,4.48
bgc_0.comp_col._01_,4.48
bgc_0.comp_col.pe1._17_,4.48
bgc_0.comp_col.pe2._17_,4.48
bgc_0.comp_row.A\[10\],4.48
bgc_0.comp_row.A\[11\],4.48
bgc_0.comp_row.A\[2\],4.48
bgc_0.lfsr_col._00_\[10\],4.48
bgc_0.lfsr_col._00_\[8\],4.48
bgc_0.lfsr_col._03_,4.48
bgc_0.lfsr_col._23_,4.48
bgc_0.lfsr_row._00_\[10\],4.48
bgc_0.lfsr_row._00_\[9\],4.48
bgc_0.row_reg._000_\[0\],4.48
bgc_0.row_reg._051_,4.48
bgc_1.col_reg._039_,4.48
bgc_1.col_reg.mode\[0\],4.48
bgc_1.comp_col.A\[11\],4.48
bgc_1.comp_row.A\[1\],4.48
bgc_1.comp_row.GL_bits\[0\],4.48
bgc_1.comp_row.pe1._02_,4.48
bgc_1.comp_row.pe2._10_,4.48
bgc_1.lfsr_col._00_\[4\],4.48
bgc_1.lfsr_col._00_\[5\],4.48
bgc_1.lfsr_row._00_\[5\],4.48
bgc_1.lfsr_row._04_,4.48
bgc_1.row_reg._027_,4.48
bgc_1.row_reg._029_,4.48
bgc_10.col_data_in\[1\],4.48
bgc_10.comp_col.GR_index\[1\],4.48
bgc_10.comp_row.pe2._04_,4.48
bgc_10.lfsr_col._00_\[2\],4.48
bgc_10.lfsr_col._00_\[5\],4.48
bgc_10.lfsr_col._05_,4.48
bgc_10.lfsr_col._14_,4.48
bgc_10.lfsr_row._00_\[0\],4.48
bgc_10.lfsr_row._01_,4.48
bgc_10.lfsr_row._17_,4.48
bgc_10.lfsr_row._19_,4.48
bgc_10.row_reg._000_\[6\],4.48
bgc_10.row_reg._006_,4.48
bgc_10.row_reg._027_,4.48
bgc_11._04_,4.48
bgc_11.col_data_in\[5\],4.48
bgc_11.col_reg._000_\[6\],4.48
bgc_11.col_reg._031_,4.48
bgc_11.comp_row.A\[10\],4.48
bgc_11.comp_row.A\[3\],4.48
bgc_11.comp_row.GL_bits\[1\],4.48
bgc_11.comp_row._19_,4.48
bgc_11.comp_row.pe1._17_,4.48
bgc_11.final_counter._00_\[0\],4.48
bgc_11.final_counter._00_\[2\],4.48
bgc_11.final_counter._00_\[3\],4.48
bgc_11.lfsr_col._02_,4.48
bgc_11.lfsr_row._00_\[10\],4.48
bgc_11.lfsr_row._00_\[1\],4.48
bgc_11.lfsr_row._00_\[2\],4.48
bgc_11.lfsr_row._00_\[6\],4.48
bgc_11.lfsr_row._07_,4.48
bgc_11.lfsr_row._16_,4.48
bgc_11.lfsr_row._19_,4.48
bgc_11.row_reg._045_,4.48
bgc_12.col_data_in\[10\],4.48
bgc_12.col_reg._000_\[4\],4.48
bgc_12.col_reg._010_,4.48
bgc_12.col_reg._019_,4.48
bgc_12.col_reg._046_,4.48
bgc_12.col_reg._048_,4.48
bgc_12.comp_col.GR_index\[2\],4.48
bgc_12.comp_col._00_,4.48
bgc_12.comp_col._13_,4.48
bgc_12.comp_col._19_,4.48
bgc_12.comp_col.pe1._06_,4.48
bgc_12.comp_col.x,4.48
bgc_12.comp_row.A\[5\],4.48
bgc_12.comp_row.A\[9\],4.48
bgc_12.comp_row.GL_index\[0\],4.48
bgc_12.final_counter._00_\[7\],4.48
bgc_12.lfsr_col._00_\[0\],4.48
bgc_12.lfsr_col._00_\[5\],4.48
bgc_12.lfsr_col._02_,4.48
bgc_12.lfsr_col._07_,4.48
bgc_12.lfsr_col._17_,4.48
bgc_12.lfsr_row._02_,4.48
bgc_12.lfsr_row._16_,4.48
bgc_12.row_reg._003_,4.48
bgc_12.row_reg._034_,4.48
bgc_12.row_reg._045_,4.48
bgc_12.row_reg._052_,4.48
bgc_13.col_reg._000_\[10\],4.48
bgc_13.col_reg._000_\[4\],4.48
bgc_13.col_reg._012_,4.48
bgc_13.col_reg._052_,4.48
bgc_13.comp_col.pe1._02_,4.48
bgc_13.comp_row._01_,4.48
bgc_13.comp_row.pe1._02_,4.48
bgc_13.comp_row.pe2._00_,4.48
bgc_13.final_counter._25_,4.48
bgc_13.lfsr_col._05_,4.48
bgc_13.lfsr_row._07_,4.48
bgc_13.lfsr_row._09_,4.48
bgc_13.lfsr_row._23_,4.48
bgc_13.row_reg._006_,4.48
bgc_13.row_reg._015_,4.48
bgc_13.row_reg._048_,4.48
bgc_14.col_reg._000_\[2\],4.48
bgc_14.col_reg._025_,4.48
bgc_14.comp_col._00_,4.48
bgc_14.comp_row.A\[11\],4.48
bgc_14.comp_row.A\[8\],4.48
bgc_14.comp_row.GR_index\[1\],4.48
bgc_14.comp_row._19_,4.48
bgc_14.final_counter._00_\[1\],4.48
bgc_14.final_counter._00_\[2\],4.48
bgc_14.final_counter._00_\[4\],4.48
bgc_14.final_counter._20_,4.48
bgc_14.lfsr_col._12_,4.48
bgc_14.lfsr_row._00_\[11\],4.48
bgc_14.lfsr_row._02_,4.48
bgc_14.lfsr_row._12_,4.48
bgc_14.row_reg._036_,4.48
bgc_14.row_reg._046_,4.48
bgc_14.row_reg._051_,4.48
bgc_14.row_reg._052_,4.48
bgc_15.col_data_in\[5\],4.48
bgc_15.col_reg._012_,4.48
bgc_15.col_reg._013_,4.48
bgc_15.col_reg._035_,4.48
bgc_15.col_reg._046_,4.48
bgc_15.comp_col.A\[1\],4.48
bgc_15.comp_col.A\[4\],4.48
bgc_15.comp_row.A\[11\],4.48
bgc_15.lfsr_col._14_,4.48
bgc_15.lfsr_row._05_,4.48
bgc_15.lfsr_row._09_,4.48
bgc_15.lfsr_row._16_,4.48
bgc_15.row_reg._000_\[2\],4.48
bgc_15.row_reg._034_,4.48
bgc_15.row_reg._049_,4.48
bgc_15.row_reg._050_,4.48
bgc_2.col_reg._052_,4.48
bgc_2.comp_row.pe1._08_,4.48
bgc_2.comp_row.pe2._11_,4.48
bgc_2.comp_row.pe2._17_,4.48
bgc_2.lfsr_col._11_,4.48
bgc_2.lfsr_col._20_,4.48
bgc_2.lfsr_row._00_\[3\],4.48
bgc_2.lfsr_row._00_\[4\],4.48
bgc_2.lfsr_row._00_\[5\],4.48
bgc_2.lfsr_row._09_,4.48
bgc_2.lfsr_row._15_,4.48
bgc_2.lfsr_row._16_,4.48
bgc_2.lfsr_row._17_,4.48
bgc_2.lfsr_row._18_,4.48
bgc_2.row_reg._000_\[10\],4.48
bgc_2.row_reg._029_,4.48
bgc_2.row_reg._039_,4.48
bgc_3.col_reg._000_\[3\],4.48
bgc_3.col_reg._021_,4.48
bgc_3.col_reg._049_,4.48
bgc_3.comp_col.GL_bits\[2\],4.48
bgc_3.comp_col.GL_bits\[9\],4.48
bgc_3.comp_col._00_,4.48
bgc_3.comp_col.pe1._17_,4.48
bgc_3.comp_col.pe2._05_,4.48
bgc_3.comp_row.pe2._04_,4.48
bgc_3.comp_row.pe2._10_,4.48
bgc_3.final_counter._02_,4.48
bgc_3.lfsr_col._00_\[8\],4.48
bgc_3.lfsr_col._19_,4.48
bgc_3.lfsr_row._00_\[2\],4.48
bgc_3.lfsr_row._04_,4.48
bgc_3.lfsr_row._06_,4.48
bgc_3.lfsr_row._08_,4.48
bgc_3.lfsr_row._09_,4.48
bgc_3.lfsr_row._11_,4.48
bgc_3.row_reg._000_\[6\],4.48
bgc_3.row_reg._036_,4.48
bgc_3.row_reg._046_,4.48
bgc_3.row_reg._048_,4.48
bgc_4.col_data_in\[9\],4.48
bgc_4.col_reg._000_\[11\],4.48
bgc_4.col_reg._047_,4.48
bgc_4.comp_col.A\[11\],4.48
bgc_4.comp_col.GL_bits\[8\],4.48
bgc_4.comp_col.pe1._04_,4.48
bgc_4.comp_col.pe2._05_,4.48
bgc_4.final_counter._25_,4.48
bgc_4.lfsr_col._00_\[10\],4.48
bgc_4.lfsr_col._13_,4.48
bgc_4.lfsr_col._18_,4.48
bgc_4.row_reg._000_\[3\],4.48
bgc_4.row_reg._004_,4.48
bgc_5._03_,4.48
bgc_5.col_data_in\[11\],4.48
bgc_5.col_reg._047_,4.48
bgc_5.comp_col.A\[11\],4.48
bgc_5.comp_col.A\[4\],4.48
bgc_5.comp_col.A\[8\],4.48
bgc_5.comp_col._19_,4.48
bgc_5.comp_col.pe1._05_,4.48
bgc_5.comp_col.pe1._09_,4.48
bgc_5.comp_col.pe2._01_,4.48
bgc_5.comp_row.A\[10\],4.48
bgc_5.comp_row._18_,4.48
bgc_5.comp_row.pe1._04_,4.48
bgc_5.comp_row.pe2._02_,4.48
bgc_5.final_counter._00_\[2\],4.48
bgc_5.final_counter._00_\[7\],4.48
bgc_5.lfsr_col._00_\[0\],4.48
bgc_5.lfsr_col._24_,4.48
bgc_5.lfsr_row._00_\[6\],4.48
bgc_5.lfsr_row._00_\[7\],4.48
bgc_5.lfsr_row._00_\[8\],4.48
bgc_5.lfsr_row._05_,4.48
bgc_5.lfsr_row._10_,4.48
bgc_5.lfsr_row._17_,4.48
bgc_5.lfsr_row._18_,4.48
bgc_5.lfsr_row._20_,4.48
bgc_5.row_reg._000_\[7\],4.48
bgc_5.row_reg._000_\[8\],4.48
bgc_5.row_reg._008_,4.48
bgc_5.row_reg._040_,4.48
bgc_5.row_reg._047_,4.48
bgc_6.col_data_in\[8\],4.48
bgc_6.col_data_in\[9\],4.48
bgc_6.col_reg._000_\[0\],4.48
bgc_6.col_reg._000_\[11\],4.48
bgc_6.col_reg._000_\[2\],4.48
bgc_6.comp_col.A\[8\],4.48
bgc_6.comp_col.pe2._17_,4.48
bgc_6.comp_row.A\[3\],4.48
bgc_6.comp_row.A\[8\],4.48
bgc_6.comp_row.pe1._02_,4.48
bgc_6.lfsr_col._00_\[9\],4.48
bgc_6.lfsr_col._17_,4.48
bgc_6.lfsr_col._19_,4.48
bgc_6.lfsr_row._00_\[3\],4.48
bgc_6.lfsr_row._04_,4.48
bgc_6.lfsr_row._10_,4.48
bgc_6.lfsr_row._16_,4.48
bgc_6.lfsr_row._18_,4.48
bgc_6.row_reg._002_,4.48
bgc_6.row_reg._022_,4.48
bgc_6.row_reg._052_,4.48
bgc_7.col_reg._000_\[4\],4.48
bgc_7.col_reg._029_,4.48
bgc_7.col_reg._039_,4.48
bgc_7.comp_col.A\[6\],4.48
bgc_7.comp_col.pe1._05_,4.48
bgc_7.comp_col.pe2._11_,4.48
bgc_7.comp_row.A\[3\],4.48
bgc_7.comp_row.A\[9\],4.48
bgc_7.comp_row.GR_bits\[1\],4.48
bgc_7.comp_row.pe2._06_,4.48
bgc_7.final_counter._00_\[3\],4.48
bgc_7.lfsr_col._00_\[3\],4.48
bgc_7.lfsr_col._07_,4.48
bgc_7.lfsr_col._08_,4.48
bgc_7.lfsr_col._17_,4.48
bgc_7.lfsr_row._08_,4.48
bgc_7.lfsr_row._09_,4.48
bgc_7.lfsr_row._21_,4.48
bgc_7.lfsr_row._22_,4.48
bgc_7.lfsr_row._23_,4.48
bgc_7.row_reg._008_,4.48
bgc_7.row_reg._027_,4.48
bgc_7.row_reg._034_,4.48
bgc_7.row_reg._051_,4.48
bgc_8.col_reg._025_,4.48
bgc_8.col_reg._027_,4.48
bgc_8.comp_col.A\[2\],4.48
bgc_8.comp_col.pe1._01_,4.48
bgc_8.comp_col.pe2._08_,4.48
bgc_8.comp_col.pe2._11_,4.48
bgc_8.comp_row.pe1._04_,4.48
bgc_8.comp_row.pe2._00_,4.48
bgc_8.lfsr_col._08_,4.48
bgc_8.lfsr_col._15_,4.48
bgc_8.lfsr_col._16_,4.48
bgc_8.lfsr_col._18_,4.48
bgc_8.lfsr_col._22_,4.48
bgc_8.lfsr_row._22_,4.48
bgc_8.row_reg._017_,4.48
bgc_8.row_reg._029_,4.48
bgc_9._02_,4.48
bgc_9.col_reg._006_,4.48
bgc_9.col_reg._010_,4.48
bgc_9.col_reg._039_,4.48
bgc_9.col_reg._040_,4.48
bgc_9.comp_col.A\[3\],4.48
bgc_9.comp_col.GL_bits\[10\],4.48
bgc_9.comp_col.GL_index\[3\],4.48
bgc_9.comp_col.GR_index\[2\],4.48
bgc_9.comp_row.A\[5\],4.48
bgc_9.comp_row.A\[6\],4.48
bgc_9.comp_row.GR_index\[2\],4.48
bgc_9.final_counter._08_,4.48
bgc_9.lfsr_col._00_\[1\],4.48
bgc_9.lfsr_col._15_,4.48
bgc_9.lfsr_col._20_,4.48
bgc_9.lfsr_row._00_\[11\],4.48
bgc_9.lfsr_row._00_\[3\],4.48
bgc_9.lfsr_row._03_,4.48
bgc_9.lfsr_row._09_,4.48
bgc_9.lfsr_row._13_,4.48
bgc_9.lfsr_row._17_,4.48
bgc_9.lfsr_row._23_,4.48
bgc_9.row_reg._000_\[11\],4.48
bgc_9.row_reg._000_\[4\],4.48
bgc_9.row_reg._000_\[9\],4.48
bgc_9.row_reg._031_,4.48
bgc_9.row_reg._046_,4.48
bgc_9.row_reg._052_,4.48
dec_inst._00_\[0\],4.48
lfsr_enabler._10_,4.48
res_mem_inst._021_,4.48
res_mem_inst.slot\[0\].slot_reg._000_\[6\],4.48
res_mem_inst.slot\[10\].slot_reg._015_,4.48
res_mem_inst.slot\[10\].slot_reg._036_,4.48
res_mem_inst.slot\[11\].slot_reg._000_\[5\],4.48
res_mem_inst.slot\[11\].slot_reg._000_\[6\],4.48
res_mem_inst.slot\[11\].slot_reg._008_,4.48
res_mem_inst.slot\[11\].slot_reg._048_,4.48
res_mem_inst.slot\[11\].slot_reg._049_,4.48
res_mem_inst.slot\[12\].slot_reg._000_\[1\],4.48
res_mem_inst.slot\[12\].slot_reg._000_\[8\],4.48
res_mem_inst.slot\[12\].slot_reg._028_,4.48
res_mem_inst.slot\[13\].slot_reg._000_\[7\],4.48
res_mem_inst.slot\[13\].slot_reg._006_,4.48
res_mem_inst.slot\[13\].slot_reg._014_,4.48
res_mem_inst.slot\[14\].slot_reg._013_,4.48
res_mem_inst.slot\[14\].slot_reg._022_,4.48
res_mem_inst.slot\[14\].slot_reg._051_,4.48
res_mem_inst.slot\[14\].slot_reg._052_,4.48
res_mem_inst.slot\[15\].slot_reg._000_\[2\],4.48
res_mem_inst.slot\[15\].slot_reg._000_\[5\],4.48
res_mem_inst.slot\[15\].slot_reg._000_\[7\],4.48
res_mem_inst.slot\[15\].slot_reg._049_,4.48
res_mem_inst.slot\[1\].slot_reg._000_\[11\],4.48
res_mem_inst.slot\[1\].slot_reg._017_,4.48
res_mem_inst.slot\[2\].slot_reg._008_,4.48
res_mem_inst.slot\[2\].slot_reg._037_,4.48
res_mem_inst.slot\[2\].slot_reg._039_,4.48
res_mem_inst.slot\[2\].slot_reg._045_,4.48
res_mem_inst.slot\[3\].slot_reg._032_,4.48
res_mem_inst.slot\[4\].slot_reg._000_\[9\],4.48
res_mem_inst.slot\[4\].slot_reg._029_,4.48
res_mem_inst.slot\[5\].slot_reg._000_\[11\],4.48
res_mem_inst.slot\[5\].slot_reg._000_\[6\],4.48
res_mem_inst.slot\[6\].slot_reg._000_\[6\],4.48
res_mem_inst.slot\[6\].slot_reg._014_,4.48
res_mem_inst.slot\[6\].slot_reg._018_,4.48
res_mem_inst.slot\[7\].slot_reg._012_,4.48
res_mem_inst.slot\[7\].slot_reg._026_,4.48
res_mem_inst.slot\[9\].slot_reg._000_\[11\],4.48
res_mem_inst.slot\[9\].slot_reg._000_\[2\],4.48
res_mem_inst.slot\[9\].slot_reg._001_,4.48
res_mem_inst.slot\[9\].slot_reg._007_,4.48
res_mem_inst.slot\[9\].slot_reg._014_,4.48
res_mem_inst.slot\[9\].slot_reg._022_,4.48
timer_inst._17_,4.48
net1052,4.02
net1409,4.02
net270,4.02
adder_tree._0028_,4.02
adder_tree._0033_,4.02
adder_tree._0045_,4.02
adder_tree._0168_,4.02
adder_tree._0656_,4.02
bgc_0.col_reg._004_,4.02
bgc_0.col_reg._021_,4.02
bgc_0.col_reg._046_,4.02
bgc_0.col_reg._051_,4.02
bgc_1.col_reg._003_,4.02
bgc_1.comp_row.A\[4\],4.02
bgc_1.final_counter._10_,4.02
bgc_1.row_reg._005_,4.02
bgc_10.row_reg._012_,4.02
bgc_11.col_reg._010_,4.02
bgc_11.final_counter._24_,4.02
bgc_11.row_reg._046_,4.02
bgc_11.row_reg._051_,4.02
bgc_12.col_reg._003_,4.02
bgc_12.comp_col.A\[6\],4.02
bgc_12.comp_row.pe1._05_,4.02
bgc_12.comp_row.pe2._01_,4.02
bgc_12.row_reg._005_,4.02
bgc_13._04_,4.02
bgc_13.col_reg._010_,4.02
bgc_13.col_reg._046_,4.02
bgc_13.col_reg._050_,4.02
bgc_13.row_reg._007_,4.02
bgc_14.col_reg._004_,4.02
bgc_14.col_reg._051_,4.02
bgc_14.comp_row.A\[9\],4.02
bgc_14.row_reg._002_,4.02
bgc_14.row_reg._012_,4.02
bgc_15.col_data_in\[4\],4.02
bgc_15.col_reg._001_,4.02
bgc_15.col_reg._003_,4.02
bgc_15.comp_row.GR_bits\[1\],4.02
bgc_15.final_counter._27_,4.02
bgc_15.row_reg._010_,4.02
bgc_2.col_reg._047_,4.02
bgc_2.col_reg._048_,4.02
bgc_2.comp_col.A\[3\],4.02
bgc_2.row_reg._003_,4.02
bgc_2.row_reg._011_,4.02
bgc_3.col_reg._004_,4.02
bgc_3.col_reg._013_,4.02
bgc_3.comp_row.pe2._08_,4.02
bgc_3.row_reg._033_,4.02
bgc_4.row_reg._011_,4.02
bgc_4.row_reg._050_,4.02
bgc_5.col_reg._006_,4.02
bgc_5.col_reg._051_,4.02
bgc_5.col_reg._052_,4.02
bgc_5.row_reg._051_,4.02
bgc_6.col_reg._002_,4.02
bgc_6.col_reg._048_,4.02
bgc_6.comp_col.A\[6\],4.02
bgc_6.comp_row.A\[6\],4.02
bgc_6.row_reg._007_,4.02
bgc_6.row_reg._015_,4.02
bgc_6.row_reg._047_,4.02
bgc_7.col_reg._005_,4.02
bgc_7.col_reg._006_,4.02
bgc_7.col_reg._007_,4.02
bgc_7.col_reg._049_,4.02
bgc_7.row_reg._007_,4.02
bgc_7.row_reg._009_,4.02
bgc_7.row_reg._014_,4.02
bgc_8.col_reg._011_,4.02
bgc_8.comp_col.A\[3\],4.02
bgc_8.row_reg._004_,4.02
bgc_9.col_reg._003_,4.02
bgc_9.col_reg._011_,4.02
bgc_9.col_reg._015_,4.02
bgc_9.col_reg._050_,4.02
bgc_9.col_reg._052_,4.02
bgc_9.comp_col.A\[1\],4.02
bgc_9.comp_row.pe1._17_,4.02
bgc_9.final_counter._25_,4.02
bgc_9.row_reg._015_,4.02
bgc_9.row_reg._047_,4.02
res_mem_inst.slot\[0\].slot_reg._007_,4.02
res_mem_inst.slot\[0\].slot_reg._009_,4.02
res_mem_inst.slot\[10\].slot_reg._001_,4.02
res_mem_inst.slot\[10\].slot_reg._047_,4.02
res_mem_inst.slot\[11\].slot_reg._001_,4.02
res_mem_inst.slot\[12\].slot_reg._009_,4.02
res_mem_inst.slot\[12\].slot_reg._010_,4.02
res_mem_inst.slot\[12\].slot_reg._015_,4.02
res_mem_inst.slot\[13\].slot_reg._044_,4.02
res_mem_inst.slot\[13\].slot_reg._049_,4.02
res_mem_inst.slot\[14\].slot_reg._004_,4.02
res_mem_inst.slot\[15\].slot_reg._013_,4.02
res_mem_inst.slot\[15\].slot_reg._017_,4.02
res_mem_inst.slot\[1\].slot_reg._004_,4.02
res_mem_inst.slot\[1\].slot_reg._010_,4.02
res_mem_inst.slot\[1\].slot_reg._034_,4.02
res_mem_inst.slot\[2\].slot_reg._001_,4.02
res_mem_inst.slot\[2\].slot_reg._010_,4.02
res_mem_inst.slot\[3\].slot_reg._001_,4.02
res_mem_inst.slot\[3\].slot_reg._005_,4.02
res_mem_inst.slot\[3\].slot_reg._011_,4.02
res_mem_inst.slot\[3\].slot_reg._014_,4.02
res_mem_inst.slot\[4\].slot_reg._009_,4.02
res_mem_inst.slot\[4\].slot_reg._048_,4.02
res_mem_inst.slot\[4\].slot_reg._050_,4.02
res_mem_inst.slot\[5\].slot_reg._007_,4.02
res_mem_inst.slot\[5\].slot_reg._012_,4.02
res_mem_inst.slot\[5\].slot_reg._049_,4.02
res_mem_inst.slot\[6\].slot_reg._003_,4.02
res_mem_inst.slot\[6\].slot_reg._005_,4.02
res_mem_inst.slot\[6\].slot_reg._008_,4.02
res_mem_inst.slot\[6\].slot_reg._047_,4.02
res_mem_inst.slot\[6\].slot_reg._051_,4.02
res_mem_inst.slot\[6\].slot_reg._052_,4.02
res_mem_inst.slot\[7\].slot_reg._010_,4.02
res_mem_inst.slot\[7\].slot_reg._015_,4.02
res_mem_inst.slot\[8\].slot_reg._002_,4.02
res_mem_inst.slot\[8\].slot_reg._010_,4.02
res_mem_inst.slot\[8\].slot_reg._014_,4.02
res_mem_inst.slot\[8\].slot_reg._047_,4.02
res_mem_inst.slot\[8\].slot_reg._048_,4.02
res_mem_inst.slot\[8\].slot_reg._050_,4.02
res_mem_inst.slot\[9\].slot_reg._023_,4.02
timer_inst._23_,4.02
net1100,3.97
net1318,3.97
net1427,3.97
net1447,3.97
net90,3.97
net196,3.97
net450,3.97
net525,3.97
adder_tree._0479_,3.97
adder_tree._0627_,3.97
bgc_0.final_counter._05_,3.97
bgc_0.row_reg._015_,3.97
bgc_1.col_reg._033_,3.97
bgc_11.row_reg._015_,3.97
bgc_12.comp_row._18_,3.97
bgc_13.lfsr_row._00_\[8\],3.97
bgc_14.col_reg._007_,3.97
bgc_14.col_reg._044_,3.97
bgc_14.final_counter._27_,3.97
bgc_3.comp_row.A\[5\],3.97
bgc_3.row_reg._052_,3.97
bgc_4.col_reg._025_,3.97
bgc_5.comp_col.GL_bits\[0\],3.97
bgc_5.comp_row._19_,3.97
bgc_7.comp_row.pe1._00_,3.97
bgc_7.row_reg._033_,3.97
res_mem_inst.slot\[2\].slot_reg._052_,3.97
res_mem_inst.slot\[4\].slot_reg._025_,3.97
res_mem_inst.slot\[8\].slot_reg._006_,3.97
timer_inst._11_,3.97
net855,3.92
net883,3.92
net915,3.92
net929,3.92
net930,3.92
net938,3.92
net952,3.92
net967,3.92
net1015,3.92
net1016,3.92
net1021,3.92
net1057,3.92
net1108,3.92
net1110,3.92
net1146,3.92
net1161,3.92
net1195,3.92
net1218,3.92
net1220,3.92
net1226,3.92
net1245,3.92
net1246,3.92
net1265,3.92
net1270,3.92
net1288,3.92
net1307,3.92
net1327,3.92
net1392,3.92
net1399,3.92
net1414,3.92
net104,3.92
net119,3.92
net130,3.92
net133,3.92
net150,3.92
net192,3.92
net212,3.92
net250,3.92
net279,3.92
net300,3.92
net331,3.92
net430,3.92
net496,3.92
net522,3.92
net560,3.92
net618,3.92
net651,3.92
net655,3.92
net780,3.92
net810,3.92
adder_tree._0019_,3.92
adder_tree._0104_,3.92
adder_tree._0108_,3.92
adder_tree._0196_,3.92
adder_tree._0253_,3.92
adder_tree._0279_,3.92
adder_tree._0287_,3.92
adder_tree._0310_,3.92
adder_tree._0405_,3.92
adder_tree._0406_,3.92
adder_tree._0692_,3.92
bgc_0.col_data_in\[4\],3.92
bgc_0.col_data_in\[9\],3.92
bgc_0.col_reg._000_\[9\],3.92
bgc_0.col_reg._012_,3.92
bgc_0.col_reg._023_,3.92
bgc_0.comp_col._17_,3.92
bgc_0.comp_row.pe1._01_,3.92
bgc_0.comp_row.pe2._05_,3.92
bgc_0.final_counter._20_,3.92
bgc_0.lfsr_col._15_,3.92
bgc_0.lfsr_col._16_,3.92
bgc_0.lfsr_col._24_,3.92
bgc_0.row_reg._011_,3.92
bgc_0.row_reg._025_,3.92
bgc_1.col_data_in\[5\],3.92
bgc_1.col_data_in\[7\],3.92
bgc_1.comp_col.pe2._05_,3.92
bgc_1.comp_row.A\[5\],3.92
bgc_1.final_counter._15_,3.92
bgc_1.lfsr_col._06_,3.92
bgc_1.lfsr_col._14_,3.92
bgc_1.lfsr_col._16_,3.92
bgc_1.lfsr_col._24_,3.92
bgc_1.lfsr_row._06_,3.92
bgc_1.lfsr_row._08_,3.92
bgc_1.lfsr_row._11_,3.92
bgc_1.lfsr_row._22_,3.92
bgc_1.row_reg._006_,3.92
bgc_1.row_reg._007_,3.92
bgc_10.col_reg._003_,3.92
bgc_10.col_reg._004_,3.92
bgc_10.comp_col.pe2._02_,3.92
bgc_10.comp_col.x,3.92
bgc_10.comp_row.A\[2\],3.92
bgc_10.comp_row.pe2._00_,3.92
bgc_10.lfsr_col._00_\[8\],3.92
bgc_10.lfsr_col._02_,3.92
bgc_10.lfsr_col._03_,3.92
bgc_10.lfsr_col._07_,3.92
bgc_10.lfsr_col._09_,3.92
bgc_10.lfsr_col._18_,3.92
bgc_10.lfsr_row._07_,3.92
bgc_10.lfsr_row._13_,3.92
bgc_10.lfsr_row._22_,3.92
bgc_10.row_reg._000_\[4\],3.92
bgc_10.row_reg._000_\[5\],3.92
bgc_10.row_reg._000_\[7\],3.92
bgc_10.row_reg._001_,3.92
bgc_10.row_reg._002_,3.92
bgc_10.row_reg._009_,3.92
bgc_10.row_reg._011_,3.92
bgc_10.row_reg._020_,3.92
bgc_10.row_reg._046_,3.92
bgc_11.col_data_in\[4\],3.92
bgc_11.col_data_in\[6\],3.92
bgc_11.col_reg._000_\[0\],3.92
bgc_11.col_reg._002_,3.92
bgc_11.col_reg._004_,3.92
bgc_11.col_reg._007_,3.92
bgc_11.col_reg._012_,3.92
bgc_11.col_reg._021_,3.92
bgc_11.col_reg._025_,3.92
bgc_11.col_reg._033_,3.92
bgc_11.comp_col.A\[3\],3.92
bgc_11.comp_col.A\[6\],3.92
bgc_11.comp_col.GL_bits\[0\],3.92
bgc_11.comp_col.GR_index\[0\],3.92
bgc_11.comp_col.pe1._00_,3.92
bgc_11.comp_col.x,3.92
bgc_11.lfsr_col._00_\[1\],3.92
bgc_11.lfsr_col._00_\[4\],3.92
bgc_11.lfsr_col._00_\[7\],3.92
bgc_11.lfsr_col._07_,3.92
bgc_11.lfsr_col._08_,3.92
bgc_11.lfsr_col._11_,3.92
bgc_11.lfsr_col._15_,3.92
bgc_11.lfsr_row._00_\[8\],3.92
bgc_11.lfsr_row._06_,3.92
bgc_11.lfsr_row._17_,3.92
bgc_11.lfsr_row._20_,3.92
bgc_11.lfsr_row._21_,3.92
bgc_11.lfsr_row._22_,3.92
bgc_11.row_reg._000_\[0\],3.92
bgc_11.row_reg._000_\[2\],3.92
bgc_11.row_reg._002_,3.92
bgc_11.row_reg._009_,3.92
bgc_11.row_reg._011_,3.92
bgc_11.row_reg._012_,3.92
bgc_11.row_reg._019_,3.92
bgc_12.col_data_in\[4\],3.92
bgc_12.col_reg._009_,3.92
bgc_12.col_reg._012_,3.92
bgc_12.col_reg._031_,3.92
bgc_12.comp_col.A\[4\],3.92
bgc_12.comp_row._19_,3.92
bgc_12.comp_row.pe2._10_,3.92
bgc_12.final_counter._00_\[1\],3.92
bgc_12.final_counter._25_,3.92
bgc_12.final_counter._26_,3.92
bgc_12.lfsr_col._00_\[1\],3.92
bgc_12.lfsr_col._00_\[2\],3.92
bgc_12.lfsr_col._00_\[3\],3.92
bgc_12.lfsr_col._00_\[6\],3.92
bgc_12.lfsr_col._18_,3.92
bgc_12.lfsr_col._21_,3.92
bgc_12.lfsr_row._00_\[0\],3.92
bgc_12.lfsr_row._00_\[1\],3.92
bgc_12.lfsr_row._10_,3.92
bgc_12.lfsr_row._11_,3.92
bgc_12.lfsr_row._12_,3.92
bgc_12.lfsr_row._19_,3.92
bgc_12.row_reg._000_\[1\],3.92
bgc_12.row_reg._001_,3.92
bgc_12.row_reg._002_,3.92
bgc_12.row_reg._004_,3.92
bgc_12.row_reg._012_,3.92
bgc_12.row_reg._017_,3.92
bgc_12.row_reg._050_,3.92
bgc_13.col_data_in\[7\],3.92
bgc_13.col_reg._003_,3.92
bgc_13.col_reg._006_,3.92
bgc_13.col_reg._009_,3.92
bgc_13.col_reg._011_,3.92
bgc_13.col_reg._015_,3.92
bgc_13.comp_col.A\[7\],3.92
bgc_13.comp_col.GR_bits\[1\],3.92
bgc_13.comp_row.A\[10\],3.92
bgc_13.comp_row.A\[5\],3.92
bgc_13.comp_row.pe1._04_,3.92
bgc_13.lfsr_col._00_\[11\],3.92
bgc_13.lfsr_col._00_\[3\],3.92
bgc_13.lfsr_col._00_\[5\],3.92
bgc_13.lfsr_col._00_\[8\],3.92
bgc_13.lfsr_col._11_,3.92
bgc_13.lfsr_col._15_,3.92
bgc_13.lfsr_col._20_,3.92
bgc_13.lfsr_col._21_,3.92
bgc_13.lfsr_col._23_,3.92
bgc_13.lfsr_row._00_\[10\],3.92
bgc_13.lfsr_row._00_\[11\],3.92
bgc_13.lfsr_row._00_\[2\],3.92
bgc_13.lfsr_row._05_,3.92
bgc_13.lfsr_row._20_,3.92
bgc_13.row_reg._004_,3.92
bgc_13.row_reg._005_,3.92
bgc_13.row_reg._010_,3.92
bgc_13.row_reg._026_,3.92
bgc_13.row_reg._033_,3.92
bgc_13.row_reg._035_,3.92
bgc_14.col_reg._000_\[1\],3.92
bgc_14.col_reg._002_,3.92
bgc_14.col_reg._029_,3.92
bgc_14.comp_row.pe1._02_,3.92
bgc_14.comp_row.pe2._00_,3.92
bgc_14.comp_row.pe2._11_,3.92
bgc_14.final_counter._00_\[5\],3.92
bgc_14.final_counter._00_\[9\],3.92
bgc_14.lfsr_col._00_\[3\],3.92
bgc_14.lfsr_col._00_\[7\],3.92
bgc_14.lfsr_col._03_,3.92
bgc_14.lfsr_col._05_,3.92
bgc_14.lfsr_col._14_,3.92
bgc_14.lfsr_col._16_,3.92
bgc_14.lfsr_row._09_,3.92
bgc_14.lfsr_row._11_,3.92
bgc_14.lfsr_row._24_,3.92
bgc_14.row_reg._003_,3.92
bgc_14.row_reg._005_,3.92
bgc_14.row_reg._011_,3.92
bgc_14.row_reg._018_,3.92
bgc_14.row_reg._029_,3.92
bgc_15.col_data_in\[10\],3.92
bgc_15.col_reg._000_\[9\],3.92
bgc_15.col_reg._004_,3.92
bgc_15.col_reg._009_,3.92
bgc_15.comp_col.A\[5\],3.92
bgc_15.comp_col._17_,3.92
bgc_15.comp_col.pe1._02_,3.92
bgc_15.comp_col.pe1._11_,3.92
bgc_15.comp_col.pe2._04_,3.92
bgc_15.lfsr_col._03_,3.92
bgc_15.lfsr_col._19_,3.92
bgc_15.lfsr_row._00_\[10\],3.92
bgc_15.lfsr_row._00_\[4\],3.92
bgc_15.lfsr_row._00_\[5\],3.92
bgc_15.lfsr_row._00_\[9\],3.92
bgc_15.lfsr_row._12_,3.92
bgc_15.lfsr_row._13_,3.92
bgc_2.col_data_in\[11\],3.92
bgc_2.col_reg._003_,3.92
bgc_2.col_reg._012_,3.92
bgc_2.comp_col.pe1._00_,3.92
bgc_2.comp_col.pe1._08_,3.92
bgc_2.comp_col.pe2._00_,3.92
bgc_2.comp_col.pe2._05_,3.92
bgc_2.comp_row.GL_index\[0\],3.92
bgc_2.comp_row.pe1._00_,3.92
bgc_2.comp_row.pe1._02_,3.92
bgc_2.final_counter._00_\[7\],3.92
bgc_2.final_counter._27_,3.92
bgc_2.lfsr_col._00_\[3\],3.92
bgc_2.lfsr_col._00_\[9\],3.92
bgc_2.lfsr_col._03_,3.92
bgc_2.lfsr_col._05_,3.92
bgc_2.lfsr_col._13_,3.92
bgc_2.lfsr_col._14_,3.92
bgc_2.lfsr_col._22_,3.92
bgc_2.lfsr_col._24_,3.92
bgc_2.lfsr_row._00_\[9\],3.92
bgc_2.lfsr_row._11_,3.92
bgc_2.lfsr_row._19_,3.92
bgc_2.lfsr_row._20_,3.92
bgc_2.row_reg._000_\[11\],3.92
bgc_2.row_reg._001_,3.92
bgc_2.row_reg._002_,3.92
bgc_2.row_reg._004_,3.92
bgc_2.row_reg._010_,3.92
bgc_2.row_reg._012_,3.92
bgc_2.row_reg._044_,3.92
bgc_3.col_reg._006_,3.92
bgc_3.col_reg._008_,3.92
bgc_3.col_reg._010_,3.92
bgc_3.comp_col.A\[4\],3.92
bgc_3.comp_col.GL_index\[0\],3.92
bgc_3.comp_col.GR_bits\[10\],3.92
bgc_3.comp_col.GR_index\[1\],3.92
bgc_3.comp_row.GR_bits\[1\],3.92
bgc_3.comp_row.pe1._01_,3.92
bgc_3.comp_row.pe2._05_,3.92
bgc_3.final_counter._24_,3.92
bgc_3.lfsr_col._00_\[0\],3.92
bgc_3.lfsr_col._00_\[5\],3.92
bgc_3.lfsr_col._04_,3.92
bgc_3.lfsr_col._09_,3.92
bgc_3.lfsr_col._10_,3.92
bgc_3.lfsr_row._00_\[10\],3.92
bgc_3.lfsr_row._20_,3.92
bgc_3.lfsr_row._24_,3.92
bgc_3.row_reg._000_\[5\],3.92
bgc_3.row_reg._000_\[9\],3.92
bgc_3.row_reg._004_,3.92
bgc_3.row_reg._010_,3.92
bgc_3.row_reg._026_,3.92
bgc_3.row_reg._044_,3.92
bgc_4.col_data_in\[6\],3.92
bgc_4.col_reg._000_\[0\],3.92
bgc_4.col_reg._000_\[4\],3.92
bgc_4.col_reg._003_,3.92
bgc_4.col_reg._004_,3.92
bgc_4.col_reg._008_,3.92
bgc_4.col_reg._010_,3.92
bgc_4.col_reg._012_,3.92
bgc_4.col_reg._018_,3.92
bgc_4.col_reg._039_,3.92
bgc_4.comp_col.A\[4\],3.92
bgc_4.comp_col.A\[6\],3.92
bgc_4.comp_col.GL_index\[0\],3.92
bgc_4.comp_col.pe1._05_,3.92
bgc_4.comp_row.A\[4\],3.92
bgc_4.comp_row.pe2._17_,3.92
bgc_4.final_counter._00_\[3\],3.92
bgc_4.lfsr_col._00_\[0\],3.92
bgc_4.lfsr_col._00_\[8\],3.92
bgc_4.lfsr_col._00_\[9\],3.92
bgc_4.lfsr_col._19_,3.92
bgc_4.lfsr_row._05_,3.92
bgc_4.lfsr_row._15_,3.92
bgc_4.lfsr_row._17_,3.92
bgc_4.lfsr_row._19_,3.92
bgc_4.row_reg._009_,3.92
bgc_4.row_reg._015_,3.92
bgc_5.col_data_in\[2\],3.92
bgc_5.col_reg._000_\[2\],3.92
bgc_5.col_reg._010_,3.92
bgc_5.comp_col.pe2._17_,3.92
bgc_5.comp_row.pe2._10_,3.92
bgc_5.lfsr_col._00_\[2\],3.92
bgc_5.lfsr_col._00_\[5\],3.92
bgc_5.lfsr_col._05_,3.92
bgc_5.lfsr_col._08_,3.92
bgc_5.lfsr_col._14_,3.92
bgc_5.lfsr_col._23_,3.92
bgc_5.lfsr_row._00_\[5\],3.92
bgc_5.lfsr_row._03_,3.92
bgc_5.lfsr_row._15_,3.92
bgc_5.row_reg._000_\[2\],3.92
bgc_5.row_reg._006_,3.92
bgc_6.col_reg._003_,3.92
bgc_6.col_reg._008_,3.92
bgc_6.col_reg._009_,3.92
bgc_6.comp_col.A\[2\],3.92
bgc_6.comp_col.A\[3\],3.92
bgc_6.comp_col.GR_bits\[0\],3.92
bgc_6.comp_col.GR_index\[1\],3.92
bgc_6.comp_col.pe1._05_,3.92
bgc_6.comp_row.A\[9\],3.92
bgc_6.comp_row.GL_bits\[0\],3.92
bgc_6.comp_row.GR_index\[2\],3.92
bgc_6.comp_row.pe1._01_,3.92
bgc_6.comp_row.pe2._00_,3.92
bgc_6.lfsr_col._00_\[0\],3.92
bgc_6.lfsr_col._00_\[4\],3.92
bgc_6.lfsr_col._00_\[8\],3.92
bgc_6.lfsr_col._04_,3.92
bgc_6.lfsr_col._07_,3.92
bgc_6.lfsr_col._08_,3.92
bgc_6.lfsr_col._14_,3.92
bgc_6.lfsr_row._02_,3.92
bgc_6.lfsr_row._06_,3.92
bgc_6.lfsr_row._09_,3.92
bgc_6.lfsr_row._20_,3.92
bgc_6.row_reg._010_,3.92
bgc_6.row_reg._025_,3.92
bgc_6.row_reg._028_,3.92
bgc_6.row_reg._037_,3.92
bgc_7.col_reg._004_,3.92
bgc_7.col_reg._037_,3.92
bgc_7.comp_col.A\[5\],3.92
bgc_7.comp_row.pe2._00_,3.92
bgc_7.final_counter._28_,3.92
bgc_7.lfsr_col._00_\[11\],3.92
bgc_7.lfsr_col._00_\[6\],3.92
bgc_7.lfsr_col._01_,3.92
bgc_7.lfsr_col._02_,3.92
bgc_7.lfsr_col._11_,3.92
bgc_7.lfsr_col._21_,3.92
bgc_7.lfsr_row._00_\[11\],3.92
bgc_7.lfsr_row._00_\[2\],3.92
bgc_7.lfsr_row._01_,3.92
bgc_7.lfsr_row._04_,3.92
bgc_7.lfsr_row._07_,3.92
bgc_7.lfsr_row._10_,3.92
bgc_7.lfsr_row._12_,3.92
bgc_7.lfsr_row._24_,3.92
bgc_7.row_reg._004_,3.92
bgc_7.row_reg._005_,3.92
bgc_7.row_reg._010_,3.92
bgc_7.row_reg._011_,3.92
bgc_7.row_reg._020_,3.92
bgc_7.row_reg._031_,3.92
bgc_8.col_reg._009_,3.92
bgc_8.comp_col.A\[4\],3.92
bgc_8.comp_row.A\[7\],3.92
bgc_8.comp_row.pe1._00_,3.92
bgc_8.final_counter._00_\[7\],3.92
bgc_8.final_counter._11_,3.92
bgc_8.lfsr_col._00_\[10\],3.92
bgc_8.lfsr_col._00_\[8\],3.92
bgc_8.lfsr_col._09_,3.92
bgc_8.lfsr_row._07_,3.92
bgc_8.lfsr_row._13_,3.92
bgc_8.lfsr_row._16_,3.92
bgc_8.lfsr_row._23_,3.92
bgc_8.lfsr_row._24_,3.92
bgc_8.row_reg._003_,3.92
bgc_8.row_reg._006_,3.92
bgc_8.row_reg._007_,3.92
bgc_8.row_reg._008_,3.92
bgc_8.row_reg._010_,3.92
bgc_8.row_reg._012_,3.92
bgc_8.row_reg._025_,3.92
bgc_9._04_,3.92
bgc_9.col_reg._000_\[2\],3.92
bgc_9.col_reg._007_,3.92
bgc_9.col_reg._024_,3.92
bgc_9.comp_col.pe2._00_,3.92
bgc_9.comp_col.pe2._05_,3.92
bgc_9.comp_col.pe2._07_,3.92
bgc_9.comp_row.A\[4\],3.92
bgc_9.lfsr_col._14_,3.92
bgc_9.lfsr_row._00_\[7\],3.92
bgc_9.lfsr_row._01_,3.92
bgc_9.lfsr_row._05_,3.92
bgc_9.lfsr_row._06_,3.92
bgc_9.lfsr_row._07_,3.92
bgc_9.row_reg._003_,3.92
bgc_9.row_reg._005_,3.92
bgc_9.row_reg._008_,3.92
bgc_9.row_reg._009_,3.92
bgc_9.row_reg._021_,3.92
bgc_9.row_reg._023_,3.92
bgc_9.row_reg._024_,3.92
bgc_9.row_reg._039_,3.92
lfsr_enabler._19_,3.92
res_mem_inst._001_\[4\],3.92
res_mem_inst._033_,3.92
res_mem_inst.slot\[0\].slot_reg._000_\[4\],3.92
res_mem_inst.slot\[0\].slot_reg._000_\[5\],3.92
res_mem_inst.slot\[0\].slot_reg._001_,3.92
res_mem_inst.slot\[0\].slot_reg._002_,3.92
res_mem_inst.slot\[0\].slot_reg._010_,3.92
res_mem_inst.slot\[0\].slot_reg._023_,3.92
res_mem_inst.slot\[10\].slot_reg._009_,3.92
res_mem_inst.slot\[10\].slot_reg._019_,3.92
res_mem_inst.slot\[10\].slot_reg._022_,3.92
res_mem_inst.slot\[11\].slot_reg._002_,3.92
res_mem_inst.slot\[11\].slot_reg._012_,3.92
res_mem_inst.slot\[11\].slot_reg._024_,3.92
res_mem_inst.slot\[11\].slot_reg._033_,3.92
res_mem_inst.slot\[12\].slot_reg._005_,3.92
res_mem_inst.slot\[12\].slot_reg._012_,3.92
res_mem_inst.slot\[12\].slot_reg._019_,3.92
res_mem_inst.slot\[13\].slot_reg._003_,3.92
res_mem_inst.slot\[13\].slot_reg._008_,3.92
res_mem_inst.slot\[13\].slot_reg._021_,3.92
res_mem_inst.slot\[13\].slot_reg._022_,3.92
res_mem_inst.slot\[13\].slot_reg._047_,3.92
res_mem_inst.slot\[14\].slot_reg._002_,3.92
res_mem_inst.slot\[14\].slot_reg._007_,3.92
res_mem_inst.slot\[15\].slot_reg._000_\[4\],3.92
res_mem_inst.slot\[15\].slot_reg._000_\[9\],3.92
res_mem_inst.slot\[15\].slot_reg._003_,3.92
res_mem_inst.slot\[15\].slot_reg._005_,3.92
res_mem_inst.slot\[15\].slot_reg._006_,3.92
res_mem_inst.slot\[15\].slot_reg._007_,3.92
res_mem_inst.slot\[15\].slot_reg._009_,3.92
res_mem_inst.slot\[15\].slot_reg._023_,3.92
res_mem_inst.slot\[15\].slot_reg._050_,3.92
res_mem_inst.slot\[1\].slot_reg._002_,3.92
res_mem_inst.slot\[2\].slot_reg._000_\[5\],3.92
res_mem_inst.slot\[2\].slot_reg._020_,3.92
res_mem_inst.slot\[3\].slot_reg._000_\[10\],3.92
res_mem_inst.slot\[3\].slot_reg._003_,3.92
res_mem_inst.slot\[3\].slot_reg._009_,3.92
res_mem_inst.slot\[3\].slot_reg._051_,3.92
res_mem_inst.slot\[4\].slot_reg._005_,3.92
res_mem_inst.slot\[4\].slot_reg._008_,3.92
res_mem_inst.slot\[4\].slot_reg._017_,3.92
res_mem_inst.slot\[5\].slot_reg._009_,3.92
res_mem_inst.slot\[5\].slot_reg._027_,3.92
res_mem_inst.slot\[5\].slot_reg._044_,3.92
res_mem_inst.slot\[6\].slot_reg._000_\[8\],3.92
res_mem_inst.slot\[6\].slot_reg._010_,3.92
res_mem_inst.slot\[6\].slot_reg._049_,3.92
res_mem_inst.slot\[7\].slot_reg._002_,3.92
res_mem_inst.slot\[7\].slot_reg._003_,3.92
res_mem_inst.slot\[7\].slot_reg._009_,3.92
res_mem_inst.slot\[7\].slot_reg._035_,3.92
res_mem_inst.slot\[8\].slot_reg._004_,3.92
res_mem_inst.slot\[8\].slot_reg._045_,3.92
res_mem_inst.slot\[9\].slot_reg._006_,3.92
res_mem_inst.slot\[9\].slot_reg._009_,3.92
timer_inst._15_,3.92
net1073,3.64
net498,3.46
adder_tree._0006_,3.46
adder_tree._0008_,3.46
adder_tree._0636_,3.46
adder_tree._0704_,3.46
bgc_0.col_reg._047_,3.46
bgc_0.comp_col.pe1._00_,3.46
bgc_0.comp_row.pe2._00_,3.46
bgc_1.final_counter._25_,3.46
bgc_10.col_data_in\[5\],3.46
bgc_10.comp_row.A\[6\],3.46
bgc_10.comp_row.A\[9\],3.46
bgc_10.row_reg._048_,3.46
bgc_11.col_reg._046_,3.46
bgc_11.comp_col.pe2._01_,3.46
bgc_12.col_reg._013_,3.46
bgc_12.col_reg._052_,3.46
bgc_14.col_data_in\[9\],3.46
bgc_15.comp_row.pe1._01_,3.46
bgc_15.comp_row.pe2._07_,3.46
bgc_15.lfsr_row._00_\[1\],3.46
bgc_2.row_reg._052_,3.46
bgc_4.comp_row.pe1._08_,3.46
bgc_4.lfsr_row._00_\[8\],3.46
bgc_5.final_counter._24_,3.46
bgc_6.col_reg._045_,3.46
bgc_6.comp_col.GL_bits\[1\],3.46
bgc_6.comp_row.A\[7\],3.46
bgc_6.comp_row.pe1._00_,3.46
bgc_8.col_data_in\[3\],3.46
bgc_8.comp_row.pe1._08_,3.46
bgc_8.row_reg._044_,3.46
bgc_8.row_reg._045_,3.46
bgc_9.comp_col.pe2._01_,3.46
bgc_9.final_counter._18_,3.46
bgc_9.row_reg._014_,3.46
res_mem_inst.slot\[0\].slot_reg._051_,3.46
res_mem_inst.slot\[1\].slot_reg._037_,3.46
res_mem_inst.slot\[4\].slot_reg._014_,3.46
res_mem_inst.slot\[4\].slot_reg._036_,3.46
res_mem_inst.slot\[7\].slot_reg._048_,3.46
net1071,3.41
net1090,3.41
net1149,3.41
net1221,3.41
net1302,3.41
net1371,3.41
net1374,3.41
net1395,3.41
adder_tree._0681_,3.41
bgc_1.comp_col.pe2._02_,3.41
bgc_11.col_reg._048_,3.41
bgc_14.col_reg._046_,3.41
bgc_15.row_reg._046_,3.41
bgc_3._02_,3.41
bgc_3.col_reg._014_,3.41
bgc_5.col_reg._045_,3.41
bgc_8.final_counter._07_,3.41
bgc_8.row_reg._040_,3.41
bgc_9.comp_row.pe1._01_,3.41
res_mem_inst.slot\[0\].slot_reg._032_,3.41
res_mem_inst.slot\[10\].slot_reg._045_,3.41
res_mem_inst.slot\[10\].slot_reg._046_,3.41
res_mem_inst.slot\[5\].slot_reg._052_,3.41
res_mem_inst.slot\[6\].slot_reg._036_,3.41
net821,3.36
net824,3.36
net840,3.36
net861,3.36
net862,3.36
net863,3.36
net884,3.36
net885,3.36
net888,3.36
net906,3.36
net909,3.36
net928,3.36
net932,3.36
net945,3.36
net948,3.36
net949,3.36
net965,3.36
net1047,3.36
net1051,3.36
net1075,3.36
net1107,3.36
net1109,3.36
net1114,3.36
net1125,3.36
net1126,3.36
net1182,3.36
net1186,3.36
net1219,3.36
net1243,3.36
net1244,3.36
net1266,3.36
net1268,3.36
net1286,3.36
net1289,3.36
net1294,3.36
net1301,3.36
net1308,3.36
net1309,3.36
net1323,3.36
net1326,3.36
net1332,3.36
net1333,3.36
net1339,3.36
net1349,3.36
net1351,3.36
net1369,3.36
net1393,3.36
net1394,3.36
net1396,3.36
net1398,3.36
net1403,3.36
net1404,3.36
net1434,3.36
net1451,3.36
net1453,3.36
net1458,3.36
net95,3.36
net110,3.36
net135,3.36
net147,3.36
net149,3.36
net155,3.36
net234,3.36
net235,3.36
net301,3.36
net344,3.36
net391,3.36
net400,3.36
net406,3.36
net451,3.36
net473,3.36
net474,3.36
net480,3.36
net501,3.36
net536,3.36
net561,3.36
net570,3.36
net585,3.36
net634,3.36
net739,3.36
net761,3.36
net765,3.36
net766,3.36
net786,3.36
net796,3.36
adder_tree._0029_,3.36
adder_tree._0100_,3.36
adder_tree._0119_,3.36
adder_tree._0178_,3.36
adder_tree._0197_,3.36
adder_tree._0231_,3.36
adder_tree._0233_,3.36
adder_tree._0322_,3.36
adder_tree._0367_,3.36
adder_tree._0375_,3.36
adder_tree._0459_,3.36
bgc_0.col_data_in\[11\],3.36
bgc_0.col_reg._005_,3.36
bgc_0.comp_col.pe1._05_,3.36
bgc_0.comp_col.pe2._01_,3.36
bgc_0.comp_row.pe2._09_,3.36
bgc_0.final_counter._25_,3.36
bgc_0.lfsr_col._00_\[4\],3.36
bgc_0.lfsr_col._17_,3.36
bgc_0.lfsr_col._19_,3.36
bgc_0.lfsr_row._00_\[3\],3.36
bgc_0.lfsr_row._01_,3.36
bgc_0.lfsr_row._02_,3.36
bgc_0.lfsr_row._14_,3.36
bgc_0.lfsr_row._20_,3.36
bgc_0.lfsr_row._21_,3.36
bgc_0.row_reg._013_,3.36
bgc_0.row_reg._023_,3.36
bgc_0.row_reg._046_,3.36
bgc_1._03_,3.36
bgc_1.col_reg._000_\[7\],3.36
bgc_1.col_reg._008_,3.36
bgc_1.comp_col.A\[3\],3.36
bgc_1.comp_col.GL_bits\[0\],3.36
bgc_1.comp_col.pe1._02_,3.36
bgc_1.comp_col.pe1._08_,3.36
bgc_1.comp_row.pe1._00_,3.36
bgc_1.comp_row.pe2._05_,3.36
bgc_1.lfsr_col._01_,3.36
bgc_1.lfsr_col._05_,3.36
bgc_1.lfsr_col._13_,3.36
bgc_1.lfsr_col._18_,3.36
bgc_1.lfsr_col._19_,3.36
bgc_1.lfsr_row._00_\[10\],3.36
bgc_1.lfsr_row._00_\[3\],3.36
bgc_1.lfsr_row._00_\[4\],3.36
bgc_1.lfsr_row._00_\[7\],3.36
bgc_1.lfsr_row._12_,3.36
bgc_1.lfsr_row._13_,3.36
bgc_1.lfsr_row._16_,3.36
bgc_1.lfsr_row._21_,3.36
bgc_1.row_reg._000_\[3\],3.36
bgc_1.row_reg._001_,3.36
bgc_10.col_data_in\[7\],3.36
bgc_10.comp_col.A\[8\],3.36
bgc_10.comp_col.pe2._00_,3.36
bgc_10.comp_row.A\[5\],3.36
bgc_10.comp_row._01_,3.36
bgc_10.comp_row.pe2._08_,3.36
bgc_10.final_counter._00_\[4\],3.36
bgc_10.final_counter._00_\[6\],3.36
bgc_10.lfsr_col._01_,3.36
bgc_10.lfsr_col._17_,3.36
bgc_10.lfsr_row._05_,3.36
bgc_10.lfsr_row._14_,3.36
bgc_10.lfsr_row._24_,3.36
bgc_10.row_reg._000_\[11\],3.36
bgc_10.row_reg._013_,3.36
bgc_10.row_reg._029_,3.36
bgc_10.row_reg._035_,3.36
bgc_11.col_reg._001_,3.36
bgc_11.col_reg._009_,3.36
bgc_11.col_reg._049_,3.36
bgc_11.comp_col.A\[11\],3.36
bgc_11.comp_col.A\[7\],3.36
bgc_11.comp_col.A\[9\],3.36
bgc_11.comp_col._00_,3.36
bgc_11.comp_row.pe2._01_,3.36
bgc_11.final_counter._00_\[7\],3.36
bgc_11.final_counter._18_,3.36
bgc_11.lfsr_col._09_,3.36
bgc_11.lfsr_col._23_,3.36
bgc_11.lfsr_col._24_,3.36
bgc_11.lfsr_row._00_\[4\],3.36
bgc_11.lfsr_row._01_,3.36
bgc_11.lfsr_row._03_,3.36
bgc_11.lfsr_row._09_,3.36
bgc_11.lfsr_row._11_,3.36
bgc_11.row_reg._004_,3.36
bgc_11.row_reg._020_,3.36
bgc_12.col_reg._000_\[10\],3.36
bgc_12.col_reg._002_,3.36
bgc_12.comp_col.pe1._00_,3.36
bgc_12.comp_col.pe1._05_,3.36
bgc_12.comp_col.pe1._17_,3.36
bgc_12.comp_col.pe2._01_,3.36
bgc_12.comp_row.GL_bits\[0\],3.36
bgc_12.comp_row.pe1._10_,3.36
bgc_12.final_counter._00_\[11\],3.36
bgc_12.final_counter._24_,3.36
bgc_12.final_counter._28_,3.36
bgc_12.lfsr_col._08_,3.36
bgc_12.lfsr_col._13_,3.36
bgc_12.lfsr_col._14_,3.36
bgc_12.lfsr_col._19_,3.36
bgc_12.lfsr_col._20_,3.36
bgc_12.lfsr_row._00_\[11\],3.36
bgc_12.lfsr_row._07_,3.36
bgc_12.lfsr_row._23_,3.36
bgc_12.row_reg._000_\[0\],3.36
bgc_12.row_reg._000_\[4\],3.36
bgc_12.row_reg._010_,3.36
bgc_12.row_reg._011_,3.36
bgc_13.col_data_in\[4\],3.36
bgc_13.col_reg._004_,3.36
bgc_13.col_reg._007_,3.36
bgc_13.col_reg._021_,3.36
bgc_13.col_reg._029_,3.36
bgc_13.comp_col.A\[4\],3.36
bgc_13.comp_col.A\[5\],3.36
bgc_13.comp_col.GR_index\[2\],3.36
bgc_13.comp_row.A\[2\],3.36
bgc_13.comp_row.A\[6\],3.36
bgc_13.comp_row._18_,3.36
bgc_13.final_counter._15_,3.36
bgc_13.final_counter._24_,3.36
bgc_13.lfsr_col._07_,3.36
bgc_13.lfsr_col._09_,3.36
bgc_13.lfsr_row._00_\[3\],3.36
bgc_13.lfsr_row._00_\[6\],3.36
bgc_13.lfsr_row._13_,3.36
bgc_13.lfsr_row._21_,3.36
bgc_13.row_reg._009_,3.36
bgc_13.row_reg._021_,3.36
bgc_13.row_reg._022_,3.36
bgc_13.row_reg._040_,3.36
bgc_14._04_,3.36
bgc_14.col_data_in\[6\],3.36
bgc_14.col_reg._000_\[4\],3.36
bgc_14.col_reg._021_,3.36
bgc_14.col_reg._031_,3.36
bgc_14.col_reg._040_,3.36
bgc_14.comp_col.A\[3\],3.36
bgc_14.comp_col.GL_index\[0\],3.36
bgc_14.comp_col.pe1._17_,3.36
bgc_14.comp_row.GL_bits\[1\],3.36
bgc_14.comp_row.GR_index\[0\],3.36
bgc_14.comp_row._00_,3.36
bgc_14.final_counter._13_,3.36
bgc_14.lfsr_col._00_\[0\],3.36
bgc_14.lfsr_col._10_,3.36
bgc_14.lfsr_col._11_,3.36
bgc_14.lfsr_col._15_,3.36
bgc_14.lfsr_col._20_,3.36
bgc_14.lfsr_col._21_,3.36
bgc_14.lfsr_row._00_\[4\],3.36
bgc_14.lfsr_row._00_\[7\],3.36
bgc_14.lfsr_row._06_,3.36
bgc_14.lfsr_row._10_,3.36
bgc_14.lfsr_row._22_,3.36
bgc_14.row_reg._004_,3.36
bgc_14.row_reg._015_,3.36
bgc_14.row_reg._038_,3.36
bgc_15.col_reg._000_\[10\],3.36
bgc_15.col_reg._000_\[3\],3.36
bgc_15.comp_col.A\[9\],3.36
bgc_15.comp_col.pe1._00_,3.36
bgc_15.comp_col.pe2._05_,3.36
bgc_15.comp_col.pe2._11_,3.36
bgc_15.comp_row.A\[7\],3.36
bgc_15.comp_row.pe2._05_,3.36
bgc_15.final_counter._26_,3.36
bgc_15.final_counter._28_,3.36
bgc_15.lfsr_col._00_\[1\],3.36
bgc_15.lfsr_col._00_\[7\],3.36
bgc_15.lfsr_row._11_,3.36
bgc_15.lfsr_row._17_,3.36
bgc_15.lfsr_row._21_,3.36
bgc_15.row_reg._011_,3.36
bgc_15.row_reg._026_,3.36
bgc_2.col_data_in\[10\],3.36
bgc_2.col_reg._046_,3.36
bgc_2.col_reg._049_,3.36
bgc_2.comp_col.A\[4\],3.36
bgc_2.comp_col.GR_index\[1\],3.36
bgc_2.comp_row.GR_index\[0\],3.36
bgc_2.final_counter._23_,3.36
bgc_2.lfsr_col._00_\[11\],3.36
bgc_2.lfsr_col._01_,3.36
bgc_2.lfsr_col._07_,3.36
bgc_2.lfsr_col._10_,3.36
bgc_2.lfsr_col._17_,3.36
bgc_2.lfsr_row._00_\[2\],3.36
bgc_2.lfsr_row._00_\[6\],3.36
bgc_2.lfsr_row._13_,3.36
bgc_2.lfsr_row._23_,3.36
bgc_2.row_reg._000_\[2\],3.36
bgc_2.row_reg._018_,3.36
bgc_3.col_reg._011_,3.36
bgc_3.col_reg._026_,3.36
bgc_3.col_reg._027_,3.36
bgc_3.col_reg._031_,3.36
bgc_3.col_reg._037_,3.36
bgc_3.comp_col.A\[7\],3.36
bgc_3.comp_col._01_,3.36
bgc_3.comp_col.pe1._00_,3.36
bgc_3.comp_row.A\[11\],3.36
bgc_3.comp_row.A\[3\],3.36
bgc_3.comp_row.GL_index\[0\],3.36
bgc_3.comp_row._01_,3.36
bgc_3.lfsr_col._00_\[2\],3.36
bgc_3.lfsr_col._00_\[4\],3.36
bgc_3.lfsr_col._06_,3.36
bgc_3.lfsr_col._13_,3.36
bgc_3.lfsr_col._22_,3.36
bgc_3.lfsr_row._02_,3.36
bgc_3.lfsr_row._03_,3.36
bgc_3.lfsr_row._13_,3.36
bgc_3.lfsr_row._17_,3.36
bgc_3.row_reg._000_\[11\],3.36
bgc_3.row_reg._000_\[3\],3.36
bgc_3.row_reg._000_\[4\],3.36
bgc_3.row_reg._008_,3.36
bgc_3.row_reg._014_,3.36
bgc_3.row_reg._015_,3.36
bgc_3.row_reg._029_,3.36
bgc_3.row_reg._032_,3.36
bgc_4.col_reg._046_,3.36
bgc_4.comp_col.A\[7\],3.36
bgc_4.comp_col._01_,3.36
bgc_4.comp_col.pe2._00_,3.36
bgc_4.comp_row.GR_bits\[1\],3.36
bgc_4.comp_row.pe1._04_,3.36
bgc_4.comp_row.pe2._02_,3.36
bgc_4.final_counter._00_\[6\],3.36
bgc_4.lfsr_col._07_,3.36
bgc_4.lfsr_col._17_,3.36
bgc_4.lfsr_col._24_,3.36
bgc_4.lfsr_row._00_\[1\],3.36
bgc_4.lfsr_row._00_\[3\],3.36
bgc_4.lfsr_row._11_,3.36
bgc_4.lfsr_row._13_,3.36
bgc_4.row_reg._000_\[10\],3.36
bgc_4.row_reg._000_\[2\],3.36
bgc_4.row_reg._000_\[5\],3.36
bgc_4.row_reg._000_\[7\],3.36
bgc_4.row_reg._000_\[8\],3.36
bgc_4.row_reg._006_,3.36
bgc_4.row_reg._008_,3.36
bgc_4.row_reg._012_,3.36
bgc_4.row_reg._029_,3.36
bgc_5.col_data_in\[1\],3.36
bgc_5.col_reg._003_,3.36
bgc_5.col_reg._025_,3.36
bgc_5.comp_row.GR_bits\[1\],3.36
bgc_5.comp_row.pe2._11_,3.36
bgc_5.final_counter._00_\[9\],3.36
bgc_5.final_counter._02_,3.36
bgc_5.final_counter._15_,3.36
bgc_5.final_counter._23_,3.36
bgc_5.lfsr_col._19_,3.36
bgc_5.lfsr_row._00_\[11\],3.36
bgc_5.lfsr_row._08_,3.36
bgc_5.lfsr_row._09_,3.36
bgc_5.lfsr_row._21_,3.36
bgc_5.lfsr_row._23_,3.36
bgc_5.row_reg._000_\[4\],3.36
bgc_5.row_reg._001_,3.36
bgc_5.row_reg._010_,3.36
bgc_5.row_reg._012_,3.36
bgc_5.row_reg._013_,3.36
bgc_6._04_,3.36
bgc_6.col_reg._010_,3.36
bgc_6.col_reg._011_,3.36
bgc_6.col_reg._013_,3.36
bgc_6.col_reg._050_,3.36
bgc_6.comp_col.GR_bits\[1\],3.36
bgc_6.comp_col.pe1._02_,3.36
bgc_6.comp_row._00_,3.36
bgc_6.final_counter._00_\[1\],3.36
bgc_6.final_counter._00_\[9\],3.36
bgc_6.final_counter._28_,3.36
bgc_6.lfsr_col._00_\[10\],3.36
bgc_6.lfsr_col._00_\[1\],3.36
bgc_6.lfsr_col._11_,3.36
bgc_6.lfsr_col._12_,3.36
bgc_6.lfsr_col._13_,3.36
bgc_6.lfsr_col._15_,3.36
bgc_6.lfsr_col._21_,3.36
bgc_6.lfsr_col._24_,3.36
bgc_6.lfsr_row._00_\[5\],3.36
bgc_6.lfsr_row._00_\[7\],3.36
bgc_6.lfsr_row._00_\[8\],3.36
bgc_6.lfsr_row._08_,3.36
bgc_6.lfsr_row._23_,3.36
bgc_6.lfsr_row._24_,3.36
bgc_7.col_data_in\[3\],3.36
bgc_7.col_reg._009_,3.36
bgc_7.col_reg._050_,3.36
bgc_7.comp_col.pe1._04_,3.36
bgc_7.comp_col.pe1._17_,3.36
bgc_7.comp_row.A\[11\],3.36
bgc_7.final_counter._00_\[0\],3.36
bgc_7.final_counter._02_,3.36
bgc_7.final_counter._25_,3.36
bgc_7.lfsr_col._00_\[5\],3.36
bgc_7.lfsr_col._00_\[8\],3.36
bgc_7.lfsr_col._09_,3.36
bgc_7.lfsr_col._15_,3.36
bgc_7.lfsr_col._20_,3.36
bgc_7.lfsr_row._00_\[10\],3.36
bgc_7.lfsr_row._00_\[1\],3.36
bgc_7.lfsr_row._00_\[7\],3.36
bgc_7.lfsr_row._14_,3.36
bgc_7.lfsr_row._17_,3.36
bgc_7.lfsr_row._18_,3.36
bgc_7.row_reg._000_\[7\],3.36
bgc_7.row_reg._002_,3.36
bgc_7.row_reg._013_,3.36
bgc_7.row_reg._023_,3.36
bgc_7.row_reg._040_,3.36
bgc_8.col_data_in\[10\],3.36
bgc_8.col_data_in\[5\],3.36
bgc_8.col_reg._000_\[1\],3.36
bgc_8.col_reg._015_,3.36
bgc_8.col_reg._033_,3.36
bgc_8.comp_col.A\[11\],3.36
bgc_8.comp_col.A\[9\],3.36
bgc_8.comp_col.GR_bits\[0\],3.36
bgc_8.comp_col._19_,3.36
bgc_8.comp_row.A\[3\],3.36
bgc_8.comp_row.A\[5\],3.36
bgc_8.final_counter._00_\[3\],3.36
bgc_8.final_counter._00_\[8\],3.36
bgc_8.lfsr_col._00_\[11\],3.36
bgc_8.lfsr_col._00_\[2\],3.36
bgc_8.lfsr_col._01_,3.36
bgc_8.lfsr_col._05_,3.36
bgc_8.lfsr_col._24_,3.36
bgc_8.lfsr_row._00_\[11\],3.36
bgc_8.lfsr_row._00_\[2\],3.36
bgc_8.lfsr_row._00_\[3\],3.36
bgc_8.lfsr_row._03_,3.36
bgc_8.lfsr_row._15_,3.36
bgc_8.lfsr_row._21_,3.36
bgc_8.row_reg._027_,3.36
bgc_8.row_reg._035_,3.36
bgc_8.row_reg._036_,3.36
bgc_8.row_reg._039_,3.36
bgc_9.col_reg._000_\[1\],3.36
bgc_9.col_reg._000_\[5\],3.36
bgc_9.col_reg._019_,3.36
bgc_9.col_reg._037_,3.36
bgc_9.comp_col.pe1._08_,3.36
bgc_9.comp_row.A\[2\],3.36
bgc_9.comp_row.GL_index\[0\],3.36
bgc_9.comp_row.pe1._10_,3.36
bgc_9.comp_row.pe2._02_,3.36
bgc_9.lfsr_col._00_\[8\],3.36
bgc_9.lfsr_col._01_,3.36
bgc_9.lfsr_col._02_,3.36
bgc_9.lfsr_col._23_,3.36
bgc_9.lfsr_col._26_,3.36
bgc_9.lfsr_row._00_\[1\],3.36
bgc_9.lfsr_row._00_\[5\],3.36
bgc_9.lfsr_row._10_,3.36
bgc_9.lfsr_row._20_,3.36
bgc_9.lfsr_row._26_,3.36
bgc_9.row_reg._001_,3.36
bgc_9.row_reg._011_,3.36
bgc_9.row_reg._017_,3.36
bgc_9.row_reg._022_,3.36
lfsr_enabler._16_,3.36
res_mem_inst._001_\[0\],3.36
res_mem_inst.slot\[0\].slot_reg._000_\[11\],3.36
res_mem_inst.slot\[10\].slot_reg._027_,3.36
res_mem_inst.slot\[10\].slot_reg._029_,3.36
res_mem_inst.slot\[10\].slot_reg._031_,3.36
res_mem_inst.slot\[10\].slot_reg._049_,3.36
res_mem_inst.slot\[11\].slot_reg._000_\[10\],3.36
res_mem_inst.slot\[11\].slot_reg._000_\[11\],3.36
res_mem_inst.slot\[11\].slot_reg._003_,3.36
res_mem_inst.slot\[11\].slot_reg._010_,3.36
res_mem_inst.slot\[11\].slot_reg._040_,3.36
res_mem_inst.slot\[12\].slot_reg._000_\[10\],3.36
res_mem_inst.slot\[12\].slot_reg._000_\[2\],3.36
res_mem_inst.slot\[12\].slot_reg._000_\[9\],3.36
res_mem_inst.slot\[12\].slot_reg._007_,3.36
res_mem_inst.slot\[12\].slot_reg._008_,3.36
res_mem_inst.slot\[12\].slot_reg._011_,3.36
res_mem_inst.slot\[13\].slot_reg._015_,3.36
res_mem_inst.slot\[13\].slot_reg._017_,3.36
res_mem_inst.slot\[13\].slot_reg._035_,3.36
res_mem_inst.slot\[13\].slot_reg._048_,3.36
res_mem_inst.slot\[14\].slot_reg._005_,3.36
res_mem_inst.slot\[14\].slot_reg._018_,3.36
res_mem_inst.slot\[14\].slot_reg._019_,3.36
res_mem_inst.slot\[14\].slot_reg._024_,3.36
res_mem_inst.slot\[14\].slot_reg._030_,3.36
res_mem_inst.slot\[15\].slot_reg._030_,3.36
res_mem_inst.slot\[15\].slot_reg._033_,3.36
res_mem_inst.slot\[15\].slot_reg._046_,3.36
res_mem_inst.slot\[15\].slot_reg._051_,3.36
res_mem_inst.slot\[1\].slot_reg._012_,3.36
res_mem_inst.slot\[1\].slot_reg._035_,3.36
res_mem_inst.slot\[1\].slot_reg._036_,3.36
res_mem_inst.slot\[1\].slot_reg._044_,3.36
res_mem_inst.slot\[1\].slot_reg._047_,3.36
res_mem_inst.slot\[3\].slot_reg._006_,3.36
res_mem_inst.slot\[3\].slot_reg._013_,3.36
res_mem_inst.slot\[4\].slot_reg._012_,3.36
res_mem_inst.slot\[4\].slot_reg._013_,3.36
res_mem_inst.slot\[5\].slot_reg._008_,3.36
res_mem_inst.slot\[5\].slot_reg._017_,3.36
res_mem_inst.slot\[5\].slot_reg._023_,3.36
res_mem_inst.slot\[6\].slot_reg._000_\[4\],3.36
res_mem_inst.slot\[6\].slot_reg._000_\[9\],3.36
res_mem_inst.slot\[6\].slot_reg._001_,3.36
res_mem_inst.slot\[6\].slot_reg._007_,3.36
res_mem_inst.slot\[6\].slot_reg._025_,3.36
res_mem_inst.slot\[6\].slot_reg._029_,3.36
res_mem_inst.slot\[6\].slot_reg._033_,3.36
res_mem_inst.slot\[7\].slot_reg._000_\[2\],3.36
res_mem_inst.slot\[7\].slot_reg._017_,3.36
res_mem_inst.slot\[7\].slot_reg._023_,3.36
res_mem_inst.slot\[7\].slot_reg._027_,3.36
adder_tree._0409_,2.9
adder_tree._0518_,2.9
bgc_0.comp_row._19_,2.9
bgc_1.comp_col._00_,2.9
bgc_1.comp_col.pe2._01_,2.9
bgc_1.row_reg._026_,2.9
bgc_10.col_reg._035_,2.9
bgc_10.final_counter._10_,2.9
bgc_10.row_reg._052_,2.9
bgc_11.col_reg._015_,2.9
bgc_11.row_reg._025_,2.9
bgc_12.col_reg._017_,2.9
bgc_12.comp_col.pe1._02_,2.9
bgc_12.comp_row.GL_bits\[1\],2.9
bgc_12.comp_row.pe1._00_,2.9
bgc_12.comp_row.pe2._00_,2.9
bgc_13.comp_row.pe2._02_,2.9
bgc_13.row_reg._046_,2.9
bgc_14.comp_col.pe1._11_,2.9
bgc_14.comp_col.pe2._02_,2.9
bgc_14.comp_row.pe1._00_,2.9
bgc_14.comp_row.pe2._01_,2.9
bgc_15.comp_col.pe2._00_,2.9
bgc_15.comp_row.pe1._02_,2.9
bgc_2.comp_col._19_,2.9
bgc_2.comp_col.pe1._01_,2.9
bgc_2.row_reg._046_,2.9
bgc_3.col_reg._046_,2.9
bgc_4.row_reg._033_,2.9
bgc_4.row_reg._047_,2.9
bgc_7.col_reg._047_,2.9
bgc_7.comp_row.pe2._01_,2.9
bgc_7.final_counter._23_,2.9
bgc_8.comp_row._19_,2.9
bgc_8.row_reg._013_,2.9
bgc_9.col_reg._045_,2.9
bgc_9.row_reg._044_,2.9
res_mem_inst.slot\[11\].slot_reg._015_,2.9
res_mem_inst.slot\[12\].slot_reg._014_,2.9
res_mem_inst.slot\[12\].slot_reg._051_,2.9
res_mem_inst.slot\[13\].slot_reg._013_,2.9
res_mem_inst.slot\[14\].slot_reg._046_,2.9
res_mem_inst.slot\[2\].slot_reg._015_,2.9
res_mem_inst.slot\[2\].slot_reg._049_,2.9
res_mem_inst.slot\[3\].slot_reg._045_,2.9
net947,2.85
net124,2.85
net191,2.85
net510,2.85
bgc_1._04_,2.85
bgc_10.row_reg._028_,2.85
bgc_12.col_reg._033_,2.85
bgc_7.final_counter._08_,2.85
net833,2.8
net848,2.8
net859,2.8
net866,2.8
net868,2.8
net875,2.8
net876,2.8
net877,2.8
net880,2.8
net893,2.8
net899,2.8
net900,2.8
net905,2.8
net914,2.8
net922,2.8
net937,2.8
net942,2.8
net943,2.8
net985,2.8
net986,2.8
net988,2.8
net1013,2.8
net1014,2.8
net1030,2.8
net1041,2.8
net1049,2.8
net1059,2.8
net1062,2.8
net1063,2.8
net1069,2.8
net1085,2.8
net1096,2.8
net1102,2.8
net1103,2.8
net1104,2.8
net1105,2.8
net1106,2.8
net1138,2.8
net1156,2.8
net1163,2.8
net1189,2.8
net1210,2.8
net1213,2.8
net1229,2.8
net1237,2.8
net1257,2.8
net1279,2.8
net1280,2.8
net1281,2.8
net1284,2.8
net1293,2.8
net1360,2.8
net1364,2.8
net1376,2.8
net1390,2.8
net1410,2.8
net1429,2.8
net1432,2.8
net1446,2.8
net1466,2.8
net88,2.8
net92,2.8
net94,2.8
net98,2.8
net109,2.8
net126,2.8
net129,2.8
net142,2.8
net184,2.8
net195,2.8
net223,2.8
net247,2.8
net248,2.8
net266,2.8
net289,2.8
net293,2.8
net291,2.8
net295,2.8
net305,2.8
net309,2.8
net317,2.8
net341,2.8
net362,2.8
net364,2.8
net369,2.8
net380,2.8
net384,2.8
net404,2.8
net407,2.8
net410,2.8
net454,2.8
net460,2.8
net466,2.8
net469,2.8
net481,2.8
net482,2.8
net505,2.8
net507,2.8
net513,2.8
net520,2.8
net528,2.8
net543,2.8
net547,2.8
net564,2.8
net614,2.8
net622,2.8
net630,2.8
net652,2.8
net671,2.8
net674,2.8
net693,2.8
net712,2.8
net713,2.8
net727,2.8
net736,2.8
net755,2.8
net757,2.8
net775,2.8
net789,2.8
net818,2.8
adder_tree._0096_,2.8
adder_tree._0126_,2.8
adder_tree._0326_,2.8
adder_tree._0373_,2.8
adder_tree._0449_,2.8
adder_tree._0550_,2.8
adder_tree._0606_,2.8
adder_tree._0615_,2.8
adder_tree._0684_,2.8
bgc_0._04_,2.8
bgc_0.col_data_in\[7\],2.8
bgc_0.col_reg._000_\[6\],2.8
bgc_0.col_reg._003_,2.8
bgc_0.comp_col.pe1._02_,2.8
bgc_0.comp_row.GL_bits\[0\],2.8
bgc_0.comp_row.pe1._02_,2.8
bgc_0.lfsr_col._00_\[2\],2.8
bgc_0.lfsr_col._02_,2.8
bgc_0.lfsr_col._04_,2.8
bgc_0.lfsr_col._06_,2.8
bgc_0.lfsr_col._07_,2.8
bgc_0.lfsr_col._08_,2.8
bgc_0.lfsr_col._10_,2.8
bgc_0.lfsr_col._20_,2.8
bgc_0.lfsr_col._21_,2.8
bgc_0.lfsr_col._22_,2.8
bgc_0.lfsr_row._00_\[0\],2.8
bgc_0.lfsr_row._00_\[4\],2.8
bgc_0.lfsr_row._03_,2.8
bgc_0.lfsr_row._06_,2.8
bgc_0.lfsr_row._07_,2.8
bgc_0.lfsr_row._09_,2.8
bgc_0.lfsr_row._15_,2.8
bgc_0.lfsr_row._17_,2.8
bgc_0.row_reg._037_,2.8
bgc_1.col_data_in\[10\],2.8
bgc_1.col_data_in\[11\],2.8
bgc_1.col_reg._000_\[11\],2.8
bgc_1.col_reg._012_,2.8
bgc_1.col_reg._025_,2.8
bgc_1.col_reg._027_,2.8
bgc_1.col_reg._029_,2.8
bgc_1.col_reg._049_,2.8
bgc_1.col_reg._052_,2.8
bgc_1.comp_col.GL_index\[0\],2.8
bgc_1.comp_col._01_,2.8
bgc_1.comp_col.pe2._04_,2.8
bgc_1.comp_col.pe2._10_,2.8
bgc_1.comp_col.pe2._17_,2.8
bgc_1.comp_row.A\[11\],2.8
bgc_1.comp_row.A\[7\],2.8
bgc_1.comp_row.GR_index\[0\],2.8
bgc_1.comp_row.pe2._02_,2.8
bgc_1.final_counter._00_\[10\],2.8
bgc_1.final_counter._13_,2.8
bgc_1.lfsr_col._02_,2.8
bgc_1.lfsr_col._07_,2.8
bgc_1.lfsr_col._12_,2.8
bgc_1.lfsr_col._23_,2.8
bgc_1.lfsr_row._01_,2.8
bgc_1.lfsr_row._09_,2.8
bgc_1.lfsr_row._20_,2.8
bgc_1.row_reg._000_\[11\],2.8
bgc_1.row_reg._000_\[2\],2.8
bgc_1.row_reg._010_,2.8
bgc_10.col_data_in\[11\],2.8
bgc_10.col_data_in\[2\],2.8
bgc_10.col_data_in\[8\],2.8
bgc_10.col_data_in\[9\],2.8
bgc_10.col_reg._027_,2.8
bgc_10.col_reg._046_,2.8
bgc_10.comp_col.pe1._01_,2.8
bgc_10.comp_row.GL_bits\[0\],2.8
bgc_10.comp_row.GR_bits\[1\],2.8
bgc_10.comp_row.GR_index\[3\],2.8
bgc_10.comp_row.pe1._01_,2.8
bgc_10.comp_row.pe1._02_,2.8
bgc_10.comp_row.pe1._10_,2.8
bgc_10.comp_row.pe2._02_,2.8
bgc_10.final_counter._00_\[9\],2.8
bgc_10.final_counter._13_,2.8
bgc_10.lfsr_col._00_\[3\],2.8
bgc_10.lfsr_col._00_\[6\],2.8
bgc_10.lfsr_col._00_\[7\],2.8
bgc_10.lfsr_col._00_\[9\],2.8
bgc_10.lfsr_col._06_,2.8
bgc_10.lfsr_col._08_,2.8
bgc_10.lfsr_col._12_,2.8
bgc_10.lfsr_col._13_,2.8
bgc_10.lfsr_col._16_,2.8
bgc_10.lfsr_col._21_,2.8
bgc_10.lfsr_col._23_,2.8
bgc_10.lfsr_col._24_,2.8
bgc_10.lfsr_row._03_,2.8
bgc_10.lfsr_row._10_,2.8
bgc_10.lfsr_row._11_,2.8
bgc_10.row_reg._038_,2.8
bgc_11.col_data_in\[8\],2.8
bgc_11.col_data_in\[9\],2.8
bgc_11.col_reg._000_\[1\],2.8
bgc_11.col_reg._035_,2.8
bgc_11.col_reg._050_,2.8
bgc_11.comp_col.pe1._02_,2.8
bgc_11.comp_col.pe2._00_,2.8
bgc_11.comp_col.pe2._02_,2.8
bgc_11.comp_row.A\[2\],2.8
bgc_11.comp_row.A\[8\],2.8
bgc_11.comp_row.pe1._11_,2.8
bgc_11.comp_row.pe2._00_,2.8
bgc_11.lfsr_col._04_,2.8
bgc_11.lfsr_col._06_,2.8
bgc_11.lfsr_col._10_,2.8
bgc_11.lfsr_col._16_,2.8
bgc_11.lfsr_col._21_,2.8
bgc_11.lfsr_row._00_\[0\],2.8
bgc_11.lfsr_row._05_,2.8
bgc_11.lfsr_row._14_,2.8
bgc_11.lfsr_row._23_,2.8
bgc_11.row_reg._000_\[7\],2.8
bgc_12.col_data_in\[5\],2.8
bgc_12.col_reg._022_,2.8
bgc_12.comp_col.pe1._04_,2.8
bgc_12.comp_col.pe2._00_,2.8
bgc_12.comp_row.A\[11\],2.8
bgc_12.comp_row.A\[7\],2.8
bgc_12.comp_row.GR_index\[0\],2.8
bgc_12.final_counter._07_,2.8
bgc_12.lfsr_col._00_\[9\],2.8
bgc_12.lfsr_col._16_,2.8
bgc_12.lfsr_col._22_,2.8
bgc_12.lfsr_col._23_,2.8
bgc_12.lfsr_row._00_\[10\],2.8
bgc_12.lfsr_row._00_\[7\],2.8
bgc_12.lfsr_row._01_,2.8
bgc_12.lfsr_row._04_,2.8
bgc_12.lfsr_row._05_,2.8
bgc_12.lfsr_row._06_,2.8
bgc_12.lfsr_row._09_,2.8
bgc_12.lfsr_row._15_,2.8
bgc_12.lfsr_row._20_,2.8
bgc_13.col_data_in\[2\],2.8
bgc_13.col_data_in\[3\],2.8
bgc_13.col_data_in\[5\],2.8
bgc_13.col_reg._000_\[11\],2.8
bgc_13.col_reg._014_,2.8
bgc_13.col_reg._023_,2.8
bgc_13.comp_col.GL_index\[0\],2.8
bgc_13.comp_row.GR_bits\[1\],2.8
bgc_13.comp_row._17_,2.8
bgc_13.comp_row.pe2._11_,2.8
bgc_13.final_counter._00_\[7\],2.8
bgc_13.final_counter._28_,2.8
bgc_13.lfsr_col._00_\[2\],2.8
bgc_13.lfsr_col._00_\[9\],2.8
bgc_13.lfsr_col._01_,2.8
bgc_13.lfsr_col._02_,2.8
bgc_13.lfsr_col._04_,2.8
bgc_13.lfsr_col._17_,2.8
bgc_13.lfsr_col._18_,2.8
bgc_13.lfsr_col._26_,2.8
bgc_13.lfsr_row._00_\[9\],2.8
bgc_13.lfsr_row._03_,2.8
bgc_13.lfsr_row._06_,2.8
bgc_13.lfsr_row._11_,2.8
bgc_13.lfsr_row._15_,2.8
bgc_13.lfsr_row._24_,2.8
bgc_13.row_reg._008_,2.8
bgc_13.row_reg._038_,2.8
bgc_14.col_data_in\[7\],2.8
bgc_14.col_reg._013_,2.8
bgc_14.col_reg._037_,2.8
bgc_14.comp_col.GR_bits\[0\],2.8
bgc_14.comp_row.pe1._05_,2.8
bgc_14.comp_row.pe2._05_,2.8
bgc_14.final_counter._05_,2.8
bgc_14.lfsr_col._00_\[4\],2.8
bgc_14.lfsr_col._23_,2.8
bgc_14.lfsr_row._00_\[2\],2.8
bgc_14.lfsr_row._00_\[9\],2.8
bgc_14.lfsr_row._01_,2.8
bgc_14.lfsr_row._05_,2.8
bgc_14.lfsr_row._08_,2.8
bgc_14.lfsr_row._16_,2.8
bgc_14.lfsr_row._19_,2.8
bgc_14.lfsr_row._20_,2.8
bgc_14.row_reg._048_,2.8
bgc_15.col_data_in\[7\],2.8
bgc_15.col_reg._017_,2.8
bgc_15.comp_col._00_,2.8
bgc_15.comp_col._19_,2.8
bgc_15.comp_col.pe2._17_,2.8
bgc_15.comp_row.A\[2\],2.8
bgc_15.comp_row.pe1._05_,2.8
bgc_15.comp_row.pe1._17_,2.8
bgc_15.final_counter._00_\[0\],2.8
bgc_15.final_counter._11_,2.8
bgc_15.lfsr_col._00_\[4\],2.8
bgc_15.lfsr_col._00_\[5\],2.8
bgc_15.lfsr_col._04_,2.8
bgc_15.lfsr_col._08_,2.8
bgc_15.lfsr_col._09_,2.8
bgc_15.lfsr_col._11_,2.8
bgc_15.lfsr_col._17_,2.8
bgc_15.lfsr_col._23_,2.8
bgc_15.lfsr_row._00_\[6\],2.8
bgc_15.lfsr_row._01_,2.8
bgc_15.lfsr_row._02_,2.8
bgc_15.lfsr_row._14_,2.8
bgc_15.lfsr_row._19_,2.8
bgc_15.lfsr_row._20_,2.8
bgc_15.row_reg._003_,2.8
bgc_15.row_reg._021_,2.8
bgc_2.col_data_in\[7\],2.8
bgc_2.col_reg._000_\[8\],2.8
bgc_2.col_reg._025_,2.8
bgc_2.col_reg._044_,2.8
bgc_2.col_reg._050_,2.8
bgc_2.comp_col.A\[5\],2.8
bgc_2.comp_col.GR_index\[0\],2.8
bgc_2.comp_col.GR_index\[3\],2.8
bgc_2.final_counter._00_\[5\],2.8
bgc_2.final_counter._13_,2.8
bgc_2.final_counter._28_,2.8
bgc_2.lfsr_col._00_\[1\],2.8
bgc_2.lfsr_col._00_\[5\],2.8
bgc_2.lfsr_col._00_\[6\],2.8
bgc_2.lfsr_col._09_,2.8
bgc_2.lfsr_col._23_,2.8
bgc_2.lfsr_row._00_\[1\],2.8
bgc_2.lfsr_row._00_\[8\],2.8
bgc_2.lfsr_row._03_,2.8
bgc_2.lfsr_row._04_,2.8
bgc_2.lfsr_row._08_,2.8
bgc_2.lfsr_row._22_,2.8
bgc_2.row_reg._017_,2.8
bgc_2.row_reg._035_,2.8
bgc_2.row_reg._051_,2.8
bgc_3.col_reg._052_,2.8
bgc_3.comp_col.A\[8\],2.8
bgc_3.comp_col._19_,2.8
bgc_3.comp_row.GL_bits\[1\],2.8
bgc_3.comp_row._19_,2.8
bgc_3.comp_row.pe1._04_,2.8
bgc_3.comp_row.pe1._05_,2.8
bgc_3.final_counter._05_,2.8
bgc_3.final_counter._15_,2.8
bgc_3.final_counter._20_,2.8
bgc_3.lfsr_col._00_\[10\],2.8
bgc_3.lfsr_col._00_\[3\],2.8
bgc_3.lfsr_col._00_\[7\],2.8
bgc_3.lfsr_col._01_,2.8
bgc_3.lfsr_col._07_,2.8
bgc_3.lfsr_col._12_,2.8
bgc_3.lfsr_col._15_,2.8
bgc_3.lfsr_col._20_,2.8
bgc_3.lfsr_row._00_\[1\],2.8
bgc_3.lfsr_row._00_\[4\],2.8
bgc_3.lfsr_row._00_\[5\],2.8
bgc_3.lfsr_row._00_\[6\],2.8
bgc_3.lfsr_row._00_\[7\],2.8
bgc_3.lfsr_row._05_,2.8
bgc_3.lfsr_row._10_,2.8
bgc_3.lfsr_row._14_,2.8
bgc_3.lfsr_row._15_,2.8
bgc_3.lfsr_row._16_,2.8
bgc_3.lfsr_row._19_,2.8
bgc_3.row_reg._000_\[2\],2.8
bgc_3.row_reg._019_,2.8
bgc_3.row_reg._035_,2.8
bgc_4.col_data_in\[7\],2.8
bgc_4.col_reg._024_,2.8
bgc_4.col_reg._045_,2.8
bgc_4.comp_col.A\[3\],2.8
bgc_4.comp_col.GL_bits\[0\],2.8
bgc_4.comp_row.A\[6\],2.8
bgc_4.comp_row.GR_index\[3\],2.8
bgc_4.lfsr_col._04_,2.8
bgc_4.lfsr_col._05_,2.8
bgc_4.lfsr_col._11_,2.8
bgc_4.lfsr_col._14_,2.8
bgc_4.lfsr_col._16_,2.8
bgc_4.lfsr_col._21_,2.8
bgc_4.lfsr_col._22_,2.8
bgc_4.lfsr_col._23_,2.8
bgc_4.lfsr_row._10_,2.8
bgc_4.lfsr_row._12_,2.8
bgc_4.lfsr_row._23_,2.8
bgc_4.row_reg._021_,2.8
bgc_4.row_reg._024_,2.8
bgc_4.row_reg._025_,2.8
bgc_5.col_data_in\[6\],2.8
bgc_5.col_reg._015_,2.8
bgc_5.col_reg._032_,2.8
bgc_5.comp_col.GL_index\[0\],2.8
bgc_5.comp_col.GR_index\[3\],2.8
bgc_5.comp_col.pe1._11_,2.8
bgc_5.comp_col.pe2._11_,2.8
bgc_5.comp_row.A\[11\],2.8
bgc_5.comp_row.GR_bits\[0\],2.8
bgc_5.comp_row.pe1._02_,2.8
bgc_5.comp_row.pe1._10_,2.8
bgc_5.comp_row.pe2._17_,2.8
bgc_5.final_counter._05_,2.8
bgc_5.final_counter._20_,2.8
bgc_5.final_counter._28_,2.8
bgc_5.lfsr_col._00_\[11\],2.8
bgc_5.lfsr_col._02_,2.8
bgc_5.lfsr_col._06_,2.8
bgc_5.lfsr_col._13_,2.8
bgc_5.lfsr_col._20_,2.8
bgc_5.lfsr_row._12_,2.8
bgc_5.row_reg._032_,2.8
bgc_5.row_reg._044_,2.8
bgc_6.col_data_in\[3\],2.8
bgc_6.col_data_in\[4\],2.8
bgc_6.col_data_in\[6\],2.8
bgc_6.col_reg._025_,2.8
bgc_6.col_reg._032_,2.8
bgc_6.col_reg._044_,2.8
bgc_6.comp_col.pe1._11_,2.8
bgc_6.comp_row.GL_bits\[1\],2.8
bgc_6.comp_row.GR_index\[0\],2.8
bgc_6.comp_row.pe1._04_,2.8
bgc_6.comp_row.pe1._14_,2.8
bgc_6.final_counter._07_,2.8
bgc_6.final_counter._20_,2.8
bgc_6.lfsr_col._00_\[2\],2.8
bgc_6.lfsr_col._02_,2.8
bgc_6.lfsr_col._09_,2.8
bgc_6.lfsr_col._16_,2.8
bgc_6.lfsr_col._18_,2.8
bgc_6.lfsr_row._00_\[2\],2.8
bgc_6.lfsr_row._00_\[6\],2.8
bgc_6.lfsr_row._03_,2.8
bgc_6.lfsr_row._07_,2.8
bgc_6.lfsr_row._11_,2.8
bgc_6.lfsr_row._19_,2.8
bgc_6.lfsr_row._21_,2.8
bgc_6.row_reg._021_,2.8
bgc_6.row_reg._029_,2.8
bgc_7.col_reg._024_,2.8
bgc_7.comp_col.A\[2\],2.8
bgc_7.comp_col.GL_bits\[1\],2.8
bgc_7.comp_col.GR_bits\[1\],2.8
bgc_7.comp_col._01_,2.8
bgc_7.comp_row.A\[7\],2.8
bgc_7.comp_row.GL_index\[0\],2.8
bgc_7.final_counter._13_,2.8
bgc_7.final_counter._18_,2.8
bgc_7.lfsr_col._00_\[10\],2.8
bgc_7.lfsr_col._00_\[1\],2.8
bgc_7.lfsr_col._00_\[9\],2.8
bgc_7.lfsr_col._03_,2.8
bgc_7.lfsr_col._05_,2.8
bgc_7.lfsr_col._16_,2.8
bgc_7.lfsr_col._19_,2.8
bgc_7.lfsr_row._00_\[5\],2.8
bgc_7.lfsr_row._00_\[6\],2.8
bgc_7.lfsr_row._02_,2.8
bgc_7.lfsr_row._11_,2.8
bgc_7.lfsr_row._13_,2.8
bgc_8._02_,2.8
bgc_8.col_data_in\[1\],2.8
bgc_8.col_reg._008_,2.8
bgc_8.col_reg._019_,2.8
bgc_8.col_reg._029_,2.8
bgc_8.col_reg._045_,2.8
bgc_8.comp_col.pe1._08_,2.8
bgc_8.comp_col.x,2.8
bgc_8.comp_row.A\[6\],2.8
bgc_8.comp_row.GR_index\[0\],2.8
bgc_8.comp_row._01_,2.8
bgc_8.comp_row._17_,2.8
bgc_8.lfsr_col._00_\[4\],2.8
bgc_8.lfsr_col._00_\[5\],2.8
bgc_8.lfsr_col._00_\[7\],2.8
bgc_8.lfsr_col._00_\[9\],2.8
bgc_8.lfsr_col._02_,2.8
bgc_8.lfsr_col._03_,2.8
bgc_8.lfsr_col._07_,2.8
bgc_8.lfsr_col._11_,2.8
bgc_8.lfsr_col._12_,2.8
bgc_8.lfsr_col._13_,2.8
bgc_8.lfsr_col._19_,2.8
bgc_8.lfsr_col._20_,2.8
bgc_8.lfsr_row._00_\[5\],2.8
bgc_8.lfsr_row._01_,2.8
bgc_8.lfsr_row._11_,2.8
bgc_8.lfsr_row._14_,2.8
bgc_8.lfsr_row._19_,2.8
bgc_9.col_data_in\[2\],2.8
bgc_9.col_data_in\[6\],2.8
bgc_9.col_reg._029_,2.8
bgc_9.comp_col.pe2._04_,2.8
bgc_9.comp_row.pe2._00_,2.8
bgc_9.final_counter._05_,2.8
bgc_9.final_counter._13_,2.8
bgc_9.lfsr_col._00_\[11\],2.8
bgc_9.lfsr_col._03_,2.8
bgc_9.lfsr_col._08_,2.8
bgc_9.lfsr_col._09_,2.8
bgc_9.lfsr_col._18_,2.8
bgc_9.lfsr_col._22_,2.8
bgc_9.lfsr_row._00_\[10\],2.8
bgc_9.lfsr_row._00_\[4\],2.8
bgc_9.lfsr_row._00_\[6\],2.8
bgc_9.lfsr_row._00_\[8\],2.8
bgc_9.lfsr_row._00_\[9\],2.8
bgc_9.lfsr_row._12_,2.8
bgc_9.lfsr_row._15_,2.8
bgc_9.lfsr_row._21_,2.8
bgc_9.lfsr_row._24_,2.8
bgc_9.row_reg._032_,2.8
bgc_9.row_reg._035_,2.8
bgc_9.row_reg._040_,2.8
bgc_9.row_reg._049_,2.8
lfsr_enabler._21_,2.8
res_mem_inst.slot\[0\].slot_reg._022_,2.8
res_mem_inst.slot\[10\].slot_reg._000_\[5\],2.8
res_mem_inst.slot\[10\].slot_reg._000_\[7\],2.8
res_mem_inst.slot\[10\].slot_reg._018_,2.8
res_mem_inst.slot\[10\].slot_reg._021_,2.8
res_mem_inst.slot\[11\].slot_reg._023_,2.8
res_mem_inst.slot\[11\].slot_reg._035_,2.8
res_mem_inst.slot\[11\].slot_reg._050_,2.8
res_mem_inst.slot\[12\].slot_reg._000_\[11\],2.8
res_mem_inst.slot\[12\].slot_reg._022_,2.8
res_mem_inst.slot\[12\].slot_reg._026_,2.8
res_mem_inst.slot\[12\].slot_reg._038_,2.8
res_mem_inst.slot\[13\].slot_reg._000_\[9\],2.8
res_mem_inst.slot\[13\].slot_reg._034_,2.8
res_mem_inst.slot\[14\].slot_reg._017_,2.8
res_mem_inst.slot\[14\].slot_reg._031_,2.8
res_mem_inst.slot\[15\].slot_reg._000_\[1\],2.8
res_mem_inst.slot\[15\].slot_reg._031_,2.8
res_mem_inst.slot\[15\].slot_reg._032_,2.8
res_mem_inst.slot\[1\].slot_reg._000_\[0\],2.8
res_mem_inst.slot\[1\].slot_reg._000_\[8\],2.8
res_mem_inst.slot\[1\].slot_reg._009_,2.8
res_mem_inst.slot\[1\].slot_reg._019_,2.8
res_mem_inst.slot\[1\].slot_reg._025_,2.8
res_mem_inst.slot\[2\].slot_reg._000_\[8\],2.8
res_mem_inst.slot\[2\].slot_reg._009_,2.8
res_mem_inst.slot\[2\].slot_reg._019_,2.8
res_mem_inst.slot\[3\].slot_reg._028_,2.8
res_mem_inst.slot\[3\].slot_reg._044_,2.8
res_mem_inst.slot\[4\].slot_reg._000_\[10\],2.8
res_mem_inst.slot\[4\].slot_reg._000_\[11\],2.8
res_mem_inst.slot\[4\].slot_reg._022_,2.8
res_mem_inst.slot\[4\].slot_reg._040_,2.8
res_mem_inst.slot\[5\].slot_reg._032_,2.8
res_mem_inst.slot\[6\].slot_reg._013_,2.8
res_mem_inst.slot\[6\].slot_reg._024_,2.8
res_mem_inst.slot\[7\].slot_reg._000_\[10\],2.8
res_mem_inst.slot\[7\].slot_reg._000_\[8\],2.8
res_mem_inst.slot\[7\].slot_reg._011_,2.8
res_mem_inst.slot\[7\].slot_reg._014_,2.8
res_mem_inst.slot\[8\].slot_reg._029_,2.8
res_mem_inst.slot\[8\].slot_reg._030_,2.8
res_mem_inst.slot\[8\].slot_reg._031_,2.8
res_mem_inst.slot\[8\].slot_reg._033_,2.8
res_mem_inst.slot\[9\].slot_reg._020_,2.8
res_mem_inst.slot\[9\].slot_reg._033_,2.8
timer_inst._01_\[0\],2.8
net181,2.34
net200,2.34
net256,2.34
net259,2.34
net379,2.34
net439,2.34
net518,2.34
net551,2.34
net579,2.34
net581,2.34
net603,2.34
net679,2.34
net680,2.34
adder_tree._0578_,2.34
adder_tree._0632_,2.34
bgc_0.comp_row.GL_index\[0\],2.34
bgc_0.comp_row.GR_index\[2\],2.34
bgc_10.final_counter._15_,2.34
bgc_11.final_counter._23_,2.34
bgc_13.comp_row.GL_index\[0\],2.34
bgc_13.final_counter._02_,2.34
bgc_14.final_counter._23_,2.34
bgc_14.row_reg._026_,2.34
bgc_3.comp_row.pe1._07_,2.34
bgc_4.comp_row.A\[5\],2.34
bgc_4.comp_row.GL_index\[0\],2.34
bgc_5.comp_col.pe1._04_,2.34
bgc_5.comp_row.pe1._07_,2.34
bgc_6.col_reg._040_,2.34
bgc_6.comp_col.pe1._08_,2.34
bgc_7.row_reg._032_,2.34
bgc_8.final_counter._05_,2.34
res_mem_inst.slot\[1\].slot_reg._027_,2.34
bgc_13.row_reg._030_,2.29
bgc_2.comp_col.A\[8\],2.29
bgc_8.row_reg._033_,2.29
res_mem_inst.slot\[14\].slot_reg._020_,2.29
net852,2.24
net81,2.24
net99,2.24
net141,2.24
net255,2.24
net262,2.24
net264,2.24
net274,2.24
net306,2.24
net308,2.24
net328,2.24
net345,2.24
net352,2.24
net349,2.24
net357,2.24
net358,2.24
net359,2.24
net401,2.24
net402,2.24
net403,2.24
net405,2.24
net420,2.24
net434,2.24
net440,2.24
net456,2.24
net462,2.24
net470,2.24
net488,2.24
net495,2.24
net514,2.24
net533,2.24
net548,2.24
net550,2.24
net555,2.24
net566,2.24
net577,2.24
net580,2.24
net586,2.24
net610,2.24
net612,2.24
net617,2.24
net636,2.24
net656,2.24
net676,2.24
net677,2.24
net678,2.24
net695,2.24
net696,2.24
net702,2.24
net715,2.24
net716,2.24
net721,2.24
net730,2.24
net738,2.24
net764,2.24
net768,2.24
net792,2.24
net794,2.24
net801,2.24
net803,2.24
adder_tree._0146_,2.24
adder_tree._0183_,2.24
adder_tree._0241_,2.24
adder_tree._0302_,2.24
adder_tree._0349_,2.24
adder_tree._0566_,2.24
bgc_0.col_data_in\[8\],2.24
bgc_0.col_reg._033_,2.24
bgc_0.col_reg._038_,2.24
bgc_0.col_reg._045_,2.24
bgc_0.comp_col.A\[9\],2.24
bgc_0.comp_row.A\[8\],2.24
bgc_0.comp_row.pe1._00_,2.24
bgc_0.comp_row.pe1._08_,2.24
bgc_0.row_reg._012_,2.24
bgc_0.row_reg._032_,2.24
bgc_0.row_reg._034_,2.24
bgc_0.row_reg._045_,2.24
bgc_1.col_reg._021_,2.24
bgc_1.comp_col.A\[1\],2.24
bgc_1.comp_col.GR_bits\[1\],2.24
bgc_1.comp_col.GR_index\[0\],2.24
bgc_1.comp_col.pe1._01_,2.24
bgc_1.comp_row.pe1._17_,2.24
bgc_1.final_counter._08_,2.24
bgc_1.row_reg._017_,2.24
bgc_1.row_reg._018_,2.24
bgc_1.row_reg._030_,2.24
bgc_1.row_reg._034_,2.24
bgc_1.row_reg._036_,2.24
bgc_10.col_data_in\[10\],2.24
bgc_10.col_data_in\[3\],2.24
bgc_10.col_reg._049_,2.24
bgc_10.comp_col.GL_bits\[0\],2.24
bgc_10.final_counter._18_,2.24
bgc_10.row_reg._021_,2.24
bgc_10.row_reg._025_,2.24
bgc_10.row_reg._026_,2.24
bgc_10.row_reg._030_,2.24
bgc_10.row_reg._049_,2.24
bgc_11._02_,2.24
bgc_11.col_reg._013_,2.24
bgc_11.col_reg._017_,2.24
bgc_11.col_reg._051_,2.24
bgc_11.comp_col._19_,2.24
bgc_11.comp_row.GR_bits\[1\],2.24
bgc_11.comp_row._00_,2.24
bgc_11.row_reg._021_,2.24
bgc_12._03_,2.24
bgc_12.col_data_in\[6\],2.24
bgc_12.col_data_in\[7\],2.24
bgc_12.col_data_in\[8\],2.24
bgc_12.col_reg._015_,2.24
bgc_12.col_reg._024_,2.24
bgc_12.col_reg._035_,2.24
bgc_12.comp_col.A\[2\],2.24
bgc_12.comp_col.A\[8\],2.24
bgc_12.comp_col.GR_index\[3\],2.24
bgc_12.comp_col._17_,2.24
bgc_12.comp_row.GR_index\[2\],2.24
bgc_12.final_counter._13_,2.24
bgc_12.final_counter._23_,2.24
bgc_12.row_reg._008_,2.24
bgc_12.row_reg._013_,2.24
bgc_12.row_reg._036_,2.24
bgc_12.row_reg._047_,2.24
bgc_13.col_data_in\[6\],2.24
bgc_13.col_data_in\[8\],2.24
bgc_13.col_data_in\[9\],2.24
bgc_13.col_reg._051_,2.24
bgc_13.comp_col.A\[10\],2.24
bgc_13.final_counter._05_,2.24
bgc_13.row_reg._032_,2.24
bgc_14.col_data_in\[4\],2.24
bgc_14.col_data_in\[5\],2.24
bgc_14.col_reg._014_,2.24
bgc_14.comp_col.A\[9\],2.24
bgc_14.comp_col.GR_index\[1\],2.24
bgc_14.comp_col.pe1._05_,2.24
bgc_14.comp_row.pe2._04_,2.24
bgc_14.comp_row.pe2._17_,2.24
bgc_14.row_reg._022_,2.24
bgc_14.row_reg._050_,2.24
bgc_15._04_,2.24
bgc_15.col_reg._011_,2.24
bgc_15.col_reg._040_,2.24
bgc_15.col_reg._051_,2.24
bgc_15.comp_col.pe1._07_,2.24
bgc_15.comp_row.GL_bits\[0\],2.24
bgc_15.comp_row.GR_bits\[0\],2.24
bgc_15.final_counter._05_,2.24
bgc_15.row_reg._009_,2.24
bgc_15.row_reg._032_,2.24
bgc_15.row_reg._052_,2.24
bgc_2.comp_col.pe1._17_,2.24
bgc_2.comp_row.A\[3\],2.24
bgc_2.comp_row._19_,2.24
bgc_2.final_counter._02_,2.24
bgc_2.final_counter._05_,2.24
bgc_2.final_counter._08_,2.24
bgc_3.col_data_in\[2\],2.24
bgc_3.col_reg._001_,2.24
bgc_3.col_reg._023_,2.24
bgc_3.col_reg._030_,2.24
bgc_3.col_reg._051_,2.24
bgc_3.comp_col.A\[1\],2.24
bgc_3.row_reg._020_,2.24
bgc_3.row_reg._040_,2.24
bgc_4.col_data_in\[2\],2.24
bgc_4.col_data_in\[5\],2.24
bgc_4.comp_col.A\[10\],2.24
bgc_4.comp_col._19_,2.24
bgc_4.comp_col.pe1._00_,2.24
bgc_4.comp_row.GL_bits\[1\],2.24
bgc_4.final_counter._13_,2.24
bgc_4.lfsr_col._26_,2.24
bgc_4.row_reg._002_,2.24
bgc_4.row_reg._022_,2.24
bgc_4.row_reg._030_,2.24
bgc_5.col_data_in\[0\],2.24
bgc_5.col_data_in\[5\],2.24
bgc_5.col_data_in\[7\],2.24
bgc_5.col_reg._046_,2.24
bgc_5.comp_col.pe1._00_,2.24
bgc_5.final_counter._13_,2.24
bgc_5.row_reg._004_,2.24
bgc_6.col_reg._019_,2.24
bgc_6.comp_col.A\[11\],2.24
bgc_6.comp_row.pe1._08_,2.24
bgc_6.final_counter._02_,2.24
bgc_6.final_counter._08_,2.24
bgc_6.row_reg._014_,2.24
bgc_6.row_reg._018_,2.24
bgc_6.row_reg._020_,2.24
bgc_6.row_reg._038_,2.24
bgc_6.row_reg._040_,2.24
bgc_7.col_reg._022_,2.24
bgc_7.col_reg._048_,2.24
bgc_7.comp_row.GL_bits\[1\],2.24
bgc_7.comp_row.pe1._02_,2.24
bgc_7.comp_row.pe2._11_,2.24
bgc_7.row_reg._045_,2.24
bgc_8._03_,2.24
bgc_8.col_data_in\[0\],2.24
bgc_8.col_data_in\[6\],2.24
bgc_8.col_reg._017_,2.24
bgc_8.col_reg._052_,2.24
bgc_8.comp_row.A\[8\],2.24
bgc_8.comp_row.GR_bits\[0\],2.24
bgc_8.comp_row.pe2._05_,2.24
bgc_8.final_counter._18_,2.24
bgc_8.row_reg._014_,2.24
bgc_8.row_reg._026_,2.24
bgc_8.row_reg._050_,2.24
bgc_8.row_reg._052_,2.24
bgc_9._03_,2.24
bgc_9.col_data_in\[0\],2.24
bgc_9.col_data_in\[4\],2.24
bgc_9.col_data_in\[7\],2.24
bgc_9.col_data_in\[9\],2.24
bgc_9.comp_col.A\[11\],2.24
bgc_9.comp_col.GR_bits\[1\],2.24
bgc_9.row_reg._019_,2.24
lfsr_enabler._22_,2.24
lfsr_enabler._23_,2.24
res_mem_inst.slot\[0\].slot_reg._004_,2.24
res_mem_inst.slot\[0\].slot_reg._013_,2.24
res_mem_inst.slot\[0\].slot_reg._040_,2.24
res_mem_inst.slot\[10\].slot_reg._004_,2.24
res_mem_inst.slot\[10\].slot_reg._020_,2.24
res_mem_inst.slot\[11\].slot_reg._028_,2.24
res_mem_inst.slot\[12\].slot_reg._017_,2.24
res_mem_inst.slot\[12\].slot_reg._029_,2.24
res_mem_inst.slot\[13\].slot_reg._004_,2.24
res_mem_inst.slot\[13\].slot_reg._026_,2.24
res_mem_inst.slot\[13\].slot_reg._028_,2.24
res_mem_inst.slot\[14\].slot_reg._028_,2.24
res_mem_inst.slot\[14\].slot_reg._036_,2.24
res_mem_inst.slot\[14\].slot_reg._045_,2.24
res_mem_inst.slot\[15\].slot_reg._001_,2.24
res_mem_inst.slot\[15\].slot_reg._024_,2.24
res_mem_inst.slot\[1\].slot_reg._013_,2.24
res_mem_inst.slot\[1\].slot_reg._051_,2.24
res_mem_inst.slot\[2\].slot_reg._002_,2.24
res_mem_inst.slot\[2\].slot_reg._018_,2.24
res_mem_inst.slot\[2\].slot_reg._027_,2.24
res_mem_inst.slot\[2\].slot_reg._034_,2.24
res_mem_inst.slot\[2\].slot_reg._038_,2.24
res_mem_inst.slot\[2\].slot_reg._040_,2.24
res_mem_inst.slot\[3\].slot_reg._020_,2.24
res_mem_inst.slot\[4\].slot_reg._003_,2.24
res_mem_inst.slot\[4\].slot_reg._030_,2.24
res_mem_inst.slot\[4\].slot_reg._051_,2.24
res_mem_inst.slot\[5\].slot_reg._038_,2.24
res_mem_inst.slot\[6\].slot_reg._011_,2.24
res_mem_inst.slot\[6\].slot_reg._017_,2.24
res_mem_inst.slot\[7\].slot_reg._013_,2.24
res_mem_inst.slot\[7\].slot_reg._018_,2.24
res_mem_inst.slot\[7\].slot_reg._022_,2.24
res_mem_inst.slot\[7\].slot_reg._039_,2.24
res_mem_inst.slot\[8\].slot_reg._008_,2.24
res_mem_inst.slot\[8\].slot_reg._019_,2.24
res_mem_inst.slot\[8\].slot_reg._036_,2.24
res_mem_inst.slot\[8\].slot_reg._038_,2.24
net1338,1.78
bgc_1.col_data_in\[2\],1.78
bgc_11.comp_row.A\[4\],1.78
bgc_11.row_reg._039_,1.78
bgc_14.row_reg._037_,1.78
bgc_4.comp_col.A\[2\],1.78
bgc_4.comp_row.A\[11\],1.78
res_mem_inst.slot\[0\].slot_reg._035_,1.78
res_mem_inst.slot\[1\].slot_reg._038_,1.78
res_mem_inst.slot\[3\].slot_reg._027_,1.78
res_mem_inst.slot\[4\].slot_reg._021_,1.78
res_mem_inst.slot\[6\].slot_reg._027_,1.78
bgc_7.comp_row.GL_bits\[0\],1.73
bgc_8.comp_col.GL_bits\[0\],1.73
net869,1.68
net867,1.68
net892,1.68
net895,1.68
net918,1.68
net958,1.68
net971,1.68
net973,1.68
net1034,1.68
net1053,1.68
net1154,1.68
net1203,1.68
net1230,1.68
net1251,1.68
net1254,1.68
net1272,1.68
net1273,1.68
net1275,1.68
net1291,1.68
net1315,1.68
net1316,1.68
net1353,1.68
net1354,1.68
net1359,1.68
net1378,1.68
net1381,1.68
net1382,1.68
net1424,1.68
net113,1.68
net122,1.68
net137,1.68
net154,1.68
net157,1.68
net163,1.68
net189,1.68
net205,1.68
net206,1.68
net209,1.68
net214,1.68
net215,1.68
net221,1.68
net222,1.68
net263,1.68
net268,1.68
net269,1.68
net275,1.68
net280,1.68
net315,1.68
net322,1.68
net334,1.68
net416,1.68
net459,1.68
net467,1.68
net476,1.68
net478,1.68
net494,1.68
net523,1.68
net539,1.68
net553,1.68
net556,1.68
net557,1.68
net563,1.68
net567,1.68
net568,1.68
net607,1.68
net615,1.68
net625,1.68
net626,1.68
net697,1.68
net701,1.68
net704,1.68
net734,1.68
net735,1.68
net740,1.68
net741,1.68
net750,1.68
net772,1.68
net773,1.68
net774,1.68
net797,1.68
net799,1.68
net807,1.68
adder_tree._0041_,1.68
adder_tree._0114_,1.68
adder_tree._0125_,1.68
adder_tree._0130_,1.68
adder_tree._0244_,1.68
adder_tree._0300_,1.68
adder_tree._0359_,1.68
adder_tree._0410_,1.68
adder_tree._0503_,1.68
adder_tree._0524_,1.68
bgc_0.col_reg._002_,1.68
bgc_0.col_reg._017_,1.68
bgc_0.col_reg._025_,1.68
bgc_0.col_reg._029_,1.68
bgc_0.col_reg._031_,1.68
bgc_0.comp_col.A\[7\],1.68
bgc_0.comp_row.pe1._04_,1.68
bgc_0.row_reg._003_,1.68
bgc_0.row_reg._004_,1.68
bgc_0.row_reg._005_,1.68
bgc_0.row_reg._007_,1.68
bgc_0.row_reg._008_,1.68
bgc_0.row_reg._019_,1.68
bgc_0.row_reg._021_,1.68
bgc_0.row_reg._031_,1.68
bgc_1.col_data_in\[3\],1.68
bgc_1.col_data_in\[4\],1.68
bgc_1.col_data_in\[6\],1.68
bgc_1.col_reg._005_,1.68
bgc_1.col_reg._011_,1.68
bgc_1.col_reg._018_,1.68
bgc_1.col_reg._031_,1.68
bgc_1.comp_row.A\[10\],1.68
bgc_1.comp_row.GR_bits\[1\],1.68
bgc_1.row_reg._012_,1.68
bgc_1.row_reg._019_,1.68
bgc_1.row_reg._028_,1.68
bgc_1.row_reg._037_,1.68
bgc_1.row_reg._038_,1.68
bgc_1.row_reg._050_,1.68
bgc_10.col_data_in\[4\],1.68
bgc_10.col_reg._005_,1.68
bgc_10.col_reg._008_,1.68
bgc_10.col_reg._012_,1.68
bgc_10.col_reg._019_,1.68
bgc_10.col_reg._021_,1.68
bgc_10.col_reg._025_,1.68
bgc_10.col_reg._033_,1.68
bgc_10.col_reg._037_,1.68
bgc_10.comp_col.GR_bits\[1\],1.68
bgc_10.comp_col.pe2._17_,1.68
bgc_10.comp_row.A\[7\],1.68
bgc_10.row_reg._003_,1.68
bgc_10.row_reg._008_,1.68
bgc_10.row_reg._018_,1.68
bgc_10.row_reg._019_,1.68
bgc_10.row_reg._034_,1.68
bgc_11.col_reg._005_,1.68
bgc_11.col_reg._006_,1.68
bgc_11.col_reg._008_,1.68
bgc_11.col_reg._023_,1.68
bgc_11.col_reg._052_,1.68
bgc_11.comp_col._17_,1.68
bgc_11.comp_row.pe1._05_,1.68
bgc_11.row_reg._003_,1.68
bgc_11.row_reg._005_,1.68
bgc_11.row_reg._008_,1.68
bgc_11.row_reg._018_,1.68
bgc_11.row_reg._031_,1.68
bgc_11.row_reg._037_,1.68
bgc_12._02_,1.68
bgc_12.col_reg._007_,1.68
bgc_12.col_reg._011_,1.68
bgc_12.col_reg._039_,1.68
bgc_12.comp_col.GR_index\[0\],1.68
bgc_12.comp_row.A\[4\],1.68
bgc_12.comp_row.A\[6\],1.68
bgc_12.comp_row.GR_index\[3\],1.68
bgc_12.final_counter._10_,1.68
bgc_12.final_counter._11_,1.68
bgc_12.row_reg._007_,1.68
bgc_12.row_reg._009_,1.68
bgc_12.row_reg._023_,1.68
bgc_12.row_reg._032_,1.68
bgc_12.row_reg._033_,1.68
bgc_13._03_,1.68
bgc_13.col_reg._001_,1.68
bgc_13.col_reg._005_,1.68
bgc_13.col_reg._017_,1.68
bgc_13.col_reg._025_,1.68
bgc_13.col_reg._027_,1.68
bgc_13.col_reg._031_,1.68
bgc_13.col_reg._033_,1.68
bgc_13.col_reg._037_,1.68
bgc_13.col_reg._039_,1.68
bgc_13.col_reg._047_,1.68
bgc_13.comp_col.A\[6\],1.68
bgc_13.row_reg._002_,1.68
bgc_13.row_reg._012_,1.68
bgc_13.row_reg._018_,1.68
bgc_13.row_reg._019_,1.68
bgc_13.row_reg._031_,1.68
bgc_13.row_reg._037_,1.68
bgc_13.row_reg._039_,1.68
bgc_13.row_reg._052_,1.68
bgc_14.col_data_in\[3\],1.68
bgc_14.col_reg._008_,1.68
bgc_14.col_reg._009_,1.68
bgc_14.col_reg._010_,1.68
bgc_14.col_reg._011_,1.68
bgc_14.col_reg._039_,1.68
bgc_14.comp_col.GL_bits\[0\],1.68
bgc_14.comp_col.pe2._04_,1.68
bgc_14.comp_row.A\[2\],1.68
bgc_14.comp_row.A\[4\],1.68
bgc_14.comp_row.A\[7\],1.68
bgc_14.row_reg._023_,1.68
bgc_15._02_,1.68
bgc_15.col_data_in\[6\],1.68
bgc_15.col_reg._005_,1.68
bgc_15.col_reg._006_,1.68
bgc_15.col_reg._008_,1.68
bgc_15.col_reg._019_,1.68
bgc_15.col_reg._023_,1.68
bgc_15.col_reg._028_,1.68
bgc_15.col_reg._029_,1.68
bgc_15.col_reg._031_,1.68
bgc_15.col_reg._033_,1.68
bgc_15.col_reg._052_,1.68
bgc_15.comp_col.A\[11\],1.68
bgc_15.comp_col.A\[2\],1.68
bgc_15.comp_col.A\[6\],1.68
bgc_15.comp_col.GR_bits\[1\],1.68
bgc_15.comp_row.A\[4\],1.68
bgc_15.comp_row._19_,1.68
bgc_15.row_reg._012_,1.68
bgc_15.row_reg._017_,1.68
bgc_15.row_reg._029_,1.68
bgc_15.row_reg._030_,1.68
bgc_2.col_data_in\[6\],1.68
bgc_2.col_data_in\[9\],1.68
bgc_2.col_reg._002_,1.68
bgc_2.col_reg._005_,1.68
bgc_2.col_reg._007_,1.68
bgc_2.col_reg._008_,1.68
bgc_2.col_reg._011_,1.68
bgc_2.col_reg._029_,1.68
bgc_2.comp_col.A\[6\],1.68
bgc_2.comp_col.pe1._05_,1.68
bgc_2.comp_row.A\[11\],1.68
bgc_2.row_reg._027_,1.68
bgc_2.row_reg._034_,1.68
bgc_2.row_reg._036_,1.68
bgc_2.row_reg._037_,1.68
bgc_3.col_reg._003_,1.68
bgc_3.col_reg._005_,1.68
bgc_3.col_reg._035_,1.68
bgc_3.comp_row.A\[4\],1.68
bgc_3.row_reg._003_,1.68
bgc_3.row_reg._009_,1.68
bgc_3.row_reg._012_,1.68
bgc_3.row_reg._018_,1.68
bgc_3.row_reg._021_,1.68
bgc_3.row_reg._022_,1.68
bgc_3.row_reg._024_,1.68
bgc_3.row_reg._027_,1.68
bgc_4.col_reg._002_,1.68
bgc_4.col_reg._011_,1.68
bgc_4.col_reg._017_,1.68
bgc_4.col_reg._027_,1.68
bgc_4.col_reg._035_,1.68
bgc_4.comp_col.GL_bits\[1\],1.68
bgc_4.comp_row._01_,1.68
bgc_4.row_reg._005_,1.68
bgc_4.row_reg._007_,1.68
bgc_4.row_reg._017_,1.68
bgc_5._04_,1.68
bgc_5.col_reg._002_,1.68
bgc_5.col_reg._008_,1.68
bgc_5.col_reg._009_,1.68
bgc_5.col_reg._011_,1.68
bgc_5.col_reg._027_,1.68
bgc_5.col_reg._037_,1.68
bgc_5.comp_col.A\[10\],1.68
bgc_5.comp_col.A\[2\],1.68
bgc_5.comp_col.A\[5\],1.68
bgc_5.row_reg._011_,1.68
bgc_5.row_reg._017_,1.68
bgc_5.row_reg._019_,1.68
bgc_5.row_reg._023_,1.68
bgc_5.row_reg._031_,1.68
bgc_5.row_reg._033_,1.68
bgc_5.row_reg._036_,1.68
bgc_6.col_reg._004_,1.68
bgc_6.col_reg._005_,1.68
bgc_6.col_reg._006_,1.68
bgc_6.col_reg._027_,1.68
bgc_6.comp_row.A\[2\],1.68
bgc_6.row_reg._005_,1.68
bgc_6.row_reg._006_,1.68
bgc_6.row_reg._009_,1.68
bgc_6.row_reg._012_,1.68
bgc_6.row_reg._017_,1.68
bgc_6.row_reg._023_,1.68
bgc_6.row_reg._027_,1.68
bgc_6.row_reg._039_,1.68
bgc_7._04_,1.68
bgc_7.col_data_in\[5\],1.68
bgc_7.col_reg._001_,1.68
bgc_7.col_reg._010_,1.68
bgc_7.col_reg._012_,1.68
bgc_7.col_reg._017_,1.68
bgc_7.col_reg._019_,1.68
bgc_7.col_reg._025_,1.68
bgc_7.col_reg._027_,1.68
bgc_7.col_reg._035_,1.68
bgc_7.comp_col.A\[4\],1.68
bgc_7.comp_col.A\[7\],1.68
bgc_7.row_reg._026_,1.68
bgc_8._04_,1.68
bgc_8.col_data_in\[4\],1.68
bgc_8.col_reg._007_,1.68
bgc_8.col_reg._010_,1.68
bgc_8.col_reg._012_,1.68
bgc_8.col_reg._022_,1.68
bgc_8.col_reg._023_,1.68
bgc_8.comp_col.A\[5\],1.68
bgc_8.comp_col.GR_index\[0\],1.68
bgc_8.comp_row.A\[4\],1.68
bgc_8.comp_row.A\[9\],1.68
bgc_8.row_reg._018_,1.68
bgc_8.row_reg._020_,1.68
bgc_8.row_reg._034_,1.68
bgc_9.col_reg._001_,1.68
bgc_9.col_reg._002_,1.68
bgc_9.col_reg._012_,1.68
bgc_9.col_reg._031_,1.68
bgc_9.comp_col.A\[6\],1.68
bgc_9.comp_row.A\[11\],1.68
bgc_9.row_reg._006_,1.68
bgc_9.row_reg._010_,1.68
bgc_9.row_reg._018_,1.68
bgc_9.row_reg._026_,1.68
lfsr_enabler._18_,1.68
res_mem_inst.slot\[0\].slot_reg._003_,1.68
res_mem_inst.slot\[0\].slot_reg._019_,1.68
res_mem_inst.slot\[0\].slot_reg._036_,1.68
res_mem_inst.slot\[0\].slot_reg._044_,1.68
res_mem_inst.slot\[0\].slot_reg._047_,1.68
res_mem_inst.slot\[10\].slot_reg._006_,1.68
res_mem_inst.slot\[10\].slot_reg._008_,1.68
res_mem_inst.slot\[10\].slot_reg._012_,1.68
res_mem_inst.slot\[10\].slot_reg._023_,1.68
res_mem_inst.slot\[10\].slot_reg._028_,1.68
res_mem_inst.slot\[10\].slot_reg._030_,1.68
res_mem_inst.slot\[10\].slot_reg._035_,1.68
res_mem_inst.slot\[11\].slot_reg._017_,1.68
res_mem_inst.slot\[11\].slot_reg._018_,1.68
res_mem_inst.slot\[11\].slot_reg._027_,1.68
res_mem_inst.slot\[12\].slot_reg._001_,1.68
res_mem_inst.slot\[12\].slot_reg._023_,1.68
res_mem_inst.slot\[12\].slot_reg._033_,1.68
res_mem_inst.slot\[12\].slot_reg._039_,1.68
res_mem_inst.slot\[13\].slot_reg._005_,1.68
res_mem_inst.slot\[13\].slot_reg._010_,1.68
res_mem_inst.slot\[13\].slot_reg._023_,1.68
res_mem_inst.slot\[13\].slot_reg._027_,1.68
res_mem_inst.slot\[14\].slot_reg._003_,1.68
res_mem_inst.slot\[14\].slot_reg._006_,1.68
res_mem_inst.slot\[14\].slot_reg._009_,1.68
res_mem_inst.slot\[14\].slot_reg._012_,1.68
res_mem_inst.slot\[14\].slot_reg._023_,1.68
res_mem_inst.slot\[14\].slot_reg._035_,1.68
res_mem_inst.slot\[14\].slot_reg._039_,1.68
res_mem_inst.slot\[15\].slot_reg._008_,1.68
res_mem_inst.slot\[15\].slot_reg._025_,1.68
res_mem_inst.slot\[15\].slot_reg._027_,1.68
res_mem_inst.slot\[1\].slot_reg._001_,1.68
res_mem_inst.slot\[1\].slot_reg._018_,1.68
res_mem_inst.slot\[1\].slot_reg._023_,1.68
res_mem_inst.slot\[2\].slot_reg._006_,1.68
res_mem_inst.slot\[2\].slot_reg._029_,1.68
res_mem_inst.slot\[2\].slot_reg._033_,1.68
res_mem_inst.slot\[2\].slot_reg._035_,1.68
res_mem_inst.slot\[3\].slot_reg._007_,1.68
res_mem_inst.slot\[3\].slot_reg._012_,1.68
res_mem_inst.slot\[3\].slot_reg._021_,1.68
res_mem_inst.slot\[3\].slot_reg._025_,1.68
res_mem_inst.slot\[3\].slot_reg._030_,1.68
res_mem_inst.slot\[3\].slot_reg._033_,1.68
res_mem_inst.slot\[3\].slot_reg._035_,1.68
res_mem_inst.slot\[3\].slot_reg._040_,1.68
res_mem_inst.slot\[4\].slot_reg._002_,1.68
res_mem_inst.slot\[4\].slot_reg._010_,1.68
res_mem_inst.slot\[4\].slot_reg._037_,1.68
res_mem_inst.slot\[5\].slot_reg._001_,1.68
res_mem_inst.slot\[5\].slot_reg._005_,1.68
res_mem_inst.slot\[5\].slot_reg._006_,1.68
res_mem_inst.slot\[5\].slot_reg._026_,1.68
res_mem_inst.slot\[5\].slot_reg._031_,1.68
res_mem_inst.slot\[5\].slot_reg._046_,1.68
res_mem_inst.slot\[6\].slot_reg._002_,1.68
res_mem_inst.slot\[6\].slot_reg._004_,1.68
res_mem_inst.slot\[6\].slot_reg._006_,1.68
res_mem_inst.slot\[6\].slot_reg._009_,1.68
res_mem_inst.slot\[6\].slot_reg._023_,1.68
res_mem_inst.slot\[6\].slot_reg._031_,1.68
res_mem_inst.slot\[6\].slot_reg._037_,1.68
res_mem_inst.slot\[7\].slot_reg._006_,1.68
res_mem_inst.slot\[7\].slot_reg._007_,1.68
res_mem_inst.slot\[7\].slot_reg._021_,1.68
res_mem_inst.slot\[7\].slot_reg._031_,1.68
res_mem_inst.slot\[7\].slot_reg._036_,1.68
res_mem_inst.slot\[8\].slot_reg._001_,1.68
res_mem_inst.slot\[8\].slot_reg._003_,1.68
res_mem_inst.slot\[8\].slot_reg._021_,1.68
res_mem_inst.slot\[8\].slot_reg._022_,1.68
res_mem_inst.slot\[8\].slot_reg._032_,1.68
res_mem_inst.slot\[9\].slot_reg._012_,1.68
res_mem_inst.slot\[9\].slot_reg._025_,1.68
timer_inst._21_,1.68
timer_inst._24_,1.68
bgc_8.final_counter._28_,1.22
adder_tree._0066_,1.12
adder_tree._0227_,1.12
adder_tree._0255_,1.12
adder_tree._0273_,1.12
adder_tree._0321_,1.12
adder_tree._0331_,1.12
adder_tree._0380_,1.12
adder_tree._0395_,1.12
adder_tree._0429_,1.12
adder_tree._0466_,1.12
adder_tree._0495_,1.12
adder_tree._0652_,1.12
adder_tree._0678_,1.12
adder_tree._0683_,1.12
bgc_0.comp_col.pe2._04_,1.12
bgc_0.comp_col.pe2._05_,1.12
bgc_0.comp_row.GR_index\[3\],1.12
bgc_0.final_counter._10_,1.12
bgc_0.final_counter._28_,1.12
bgc_1.comp_row.pe1._04_,1.12
bgc_1.comp_row.pe1._05_,1.12
bgc_1.comp_row.pe2._04_,1.12
bgc_1.final_counter._11_,1.12
bgc_1.final_counter._28_,1.12
bgc_10.comp_col.pe2._05_,1.12
bgc_10.comp_row.pe1._17_,1.12
bgc_10.comp_row.pe2._05_,1.12
bgc_10.final_counter._11_,1.12
bgc_11.comp_col.pe1._04_,1.12
bgc_11.comp_row.pe2._17_,1.12
bgc_12.comp_col.pe2._04_,1.12
bgc_12.comp_col.pe2._17_,1.12
bgc_12.final_counter._08_,1.12
bgc_13.comp_col.pe2._05_,1.12
bgc_13.comp_row.GR_bits\[0\],1.12
bgc_13.comp_row.pe1._05_,1.12
bgc_13.comp_row.pe2._04_,1.12
bgc_13.final_counter._11_,1.12
bgc_14.comp_col.pe2._05_,1.12
bgc_14.comp_row.pe1._17_,1.12
bgc_15.comp_col.pe1._04_,1.12
bgc_15.comp_row.pe1._04_,1.12
bgc_15.final_counter._08_,1.12
bgc_15.final_counter._10_,1.12
bgc_2.comp_col.pe2._17_,1.12
bgc_2.comp_row.pe1._04_,1.12
bgc_2.comp_row.pe1._17_,1.12
bgc_2.comp_row.pe2._04_,1.12
bgc_2.comp_row.pe2._05_,1.12
bgc_3.comp_col.pe1._04_,1.12
bgc_3.comp_col.pe1._05_,1.12
bgc_3.comp_row.GR_bits\[0\],1.12
bgc_3.final_counter._28_,1.12
bgc_4.comp_row.GR_bits\[0\],1.12
bgc_4.comp_row.pe2._05_,1.12
bgc_4.final_counter._10_,1.12
bgc_5.final_counter._08_,1.12
bgc_5.final_counter._11_,1.12
bgc_6.comp_col.pe1._17_,1.12
bgc_6.comp_row.GR_index\[3\],1.12
bgc_6.comp_row.pe2._05_,1.12
bgc_6.final_counter._11_,1.12
bgc_7.comp_col.GR_index\[3\],1.12
bgc_7.comp_col.pe2._05_,1.12
bgc_7.comp_row.pe2._05_,1.12
bgc_7.comp_row.pe2._17_,1.12
bgc_8.comp_col.pe2._05_,1.12
bgc_8.comp_row.pe1._05_,1.12
bgc_9.comp_row.GR_index\[3\],1.12
bgc_9.comp_row.pe1._05_,1.12
bgc_9.comp_row.pe2._04_,1.12
bgc_9.final_counter._11_,1.12
