net,length_um
net77,2893.09
bgc_0.count_en,1806.16
adder_tree.sum_out\[5\],1512.49
adder_tree.sum_out\[7\],1504.02
net51,1475.6
adder_tree.sum_out\[8\],1423.86
adder_tree.sum_out\[3\],1400.39
mode_row_g1,1380.14
adder_tree.sum_out\[4\],1378.12
adder_tree.sum_out\[2\],1294.24
clknet_0_clk,1223.23
adder_tree.sum_out\[1\],1184.41
adder_tree.sum_out\[0\],1140.91
mode_row_g0,1139.69
net9,1116.47
net52,1076.97
net68,1071.99
net6,1051.52
net1470,1023.13
net1493,996.74
mode_row_g3,995.93
net42,972.85
net5,965.84
net62,952.92
net1476,948.94
net1511,944.71
net33,942.51
net64,908.55
net46,906.46
net36,896.48
net56,889.55
net47,886.49
net1477,883.92
net57,883.35
net1472,880.41
net41,878.845
net70,872.97
net40,867.51
net18,864.36
net76,861.26
net1494,861.17
net39,861.11
net8,860.99
net1510,860
net7,851.65
net26,817.32
net65,797.22
net73,794.19
net69,791.65
bgc_4._00_,771.27
net28,771.05
net30,768.68
net54,756.48
net49,754.7
net74,751.85
net71,749.5
net37,749.23
net53,746.6
net25,745.96
bgc_0._01_,728.74
net66,728.18
net50,725.22
net58,722.42
net48,720.99
bgc_6._01_,720.86
clknet_4_13__leaf_clk,719.56
net38,718.5
bgc_1._01_,717.42
mode_row_g2,715.35
net55,708.12
net29,702.46
bgc_12._00_,697.2
net75,690.81
net45,689.165
net32,683.49
net44,679.04
clknet_4_12__leaf_clk,672.8
clknet_4_1__leaf_clk,671.93
clknet_4_11__leaf_clk,670.41
net16,667.29
net35,665.3
net17,664.14
clknet_4_7__leaf_clk,661.04
clknet_4_14__leaf_clk,660.88
net24,646.17
net31,642.88
clknet_4_9__leaf_clk,638.51
bgc_11._00_,633.96
bgc_7._00_,633.61
net14,628.62
res_mem_inst.out_dec_inst.inc,627.45
clknet_4_15__leaf_clk,626.04
net60,620.34
clknet_4_4__leaf_clk,618.12
clknet_4_0__leaf_clk,592.16
clknet_4_6__leaf_clk,590.23
net67,587.76
bgc_13._01_,585.84
clknet_4_5__leaf_clk,584.73
bgc_2._01_,577.75
clknet_4_10__leaf_clk,577.39
clk,573.3
net20,571.5
net23,571.22
bgc_3._01_,570.16
bgc_10._01_,566.7
clknet_4_3__leaf_clk,559.58
clknet_4_8__leaf_clk,559.17
net15,557.04
bgc_4._01_,556.72
bgc_12._01_,552.6
bgc_8._01_,551.96
net22,550
bgc_13._00_,549.1
net13,542.74
bgc_14._01_,542.57
clknet_4_2__leaf_clk,542.22
bgc_15._00_,538.36
net21,537.02
bgc_3._00_,534.95
mode_col_g2,529.55
bgc_9._01_,517.63
bgc_8._00_,512.09
bgc_7._01_,510.22
bgc_11._01_,504.19
net61,502.3
net1,492.02
net11,490.61
bgc_15._01_,489.45
bgc_5._01_,486.72
res_mem_inst.group_active\[1\],479.42
res_mem_inst.group_active\[0\],477.88
net59,477.1
net43,472.47
res_mem_inst._023_,469.4
res_mem_inst._022_,467.14
net34,448.7
mode_col_g3,418.47
net27,415.3
res_mem_inst._025_,413.12
res_mem_inst.group_active\[2\],403.65
net72,400.34
bgc_0._00_,387.77
net63,384.35
net19,375.89
res_mem_inst._041_,366.54
net2,359.64
net10,354.12
bgc_9._00_,338.49
res_mem_inst._024_,323.37
bgc_10._03_,314.26
bgc_2.col_reg._041_,307.79
bgc_13.final_counter._16_,296.9
lfsr_enabler.timer_done,287.53
bgc_1.comp_col.x,286.77
bgc_2._00_,285.29
res_mem_inst.slot\[10\].slot_reg._042_,280.4
res_mem_inst.slot\[1\].slot_reg._041_,275.91
bgc_2.row_reg._043_,274.95
bgc_12.final_counter._16_,274.34
res_mem_inst._009_,273.63
clknet_leaf_146_clk,272.2
bgc_1.lfsr_row._25_,272.07
res_mem_inst.slot\[1\].slot_reg._042_,270.42
res_mem_inst.slot\[6\].slot_reg._042_,269.96
res_mem_inst.slot\[2\].slot_reg._042_,268.13
res_mem_inst.slot\[2\].slot_reg._041_,264.87
res_mem_inst.slot\[6\].slot_reg._041_,264.56
bgc_6._00_,264.47
bgc_6.row_reg._042_,263.34
res_mem_inst.slot\[9\].slot_reg._042_,262.715
res_mem_inst._006_,262.33
bgc_3.row_reg._041_,261.82
bgc_1.row_reg._042_,261.46
bgc_1.row_reg._041_,258.71
bgc_2.col_reg._043_,257.54
res_mem_inst.slot\[8\].slot_reg._042_,257.49
res_mem_inst.slot\[6\].slot_reg._043_,255.86
bgc_0.row_reg._042_,254.99
res_mem_inst.slot\[5\].slot_reg._041_,254.53
clknet_leaf_122_clk,253.67
bgc_12.lfsr_row._25_,252.4
bgc_14.row_reg._042_,251.99
bgc_9.lfsr_row._25_,251.22
res_mem_inst.slot\[0\].slot_reg._042_,250.46
res_mem_inst.slot\[8\].slot_reg._041_,249.19
bgc_2.col_reg._042_,248.58
bgc_6.lfsr_col._25_,248.58
bgc_4.row_reg._042_,247.87
bgc_2.row_reg._042_,245.98
res_mem_inst.slot\[10\].slot_reg._043_,245.78
bgc_10.prev_step_output\[0\],243.85
bgc_9.lfsr_col._25_,243.72
bgc_1.lfsr_col._25_,243.08
bgc_5.lfsr_row._25_,242.93
res_mem_inst.slot\[0\].slot_reg._041_,242.42
bgc_6.row_reg._041_,242.145
res_mem_inst.slot\[10\].slot_reg._041_,241.96
bgc_13.row_reg._043_,241.76
res_mem_inst.slot\[11\].slot_reg._041_,241.7
bgc_4.lfsr_row._25_,241.63
bgc_8.lfsr_col._25_,241.35
bgc_13.row_reg._041_,240.43
bgc_10.row_reg._042_,239.36
bgc_4.row_reg._041_,239.06
res_mem_inst._048_,238.66
bgc_0.lfsr_row._25_,238.65
res_mem_inst._008_,238.1
res_mem_inst.slot\[8\].slot_reg._043_,237.99
res_mem_inst.slot\[14\].slot_reg._041_,237.84
bgc_5.row_reg._041_,237.53
bgc_13.lfsr_row._25_,237.28
bgc_14.final_counter._16_,237.23
bgc_5.row_reg._042_,236.08
bgc_11.lfsr_row._25_,235.14
bgc_2.row_reg._041_,234.78
bgc_12.col_reg._042_,234.68
clknet_leaf_154_clk,234.58
bgc_5.lfsr_col._25_,231.72
bgc_7.lfsr_col._25_,231.47
bgc_3.lfsr_col._25_,231.42
bgc_3.lfsr_row._25_,231.32
bgc_10.lfsr_row._25_,230.71
res_mem_inst.slot\[11\].slot_reg._042_,229.74
res_mem_inst.slot\[9\].slot_reg._041_,229.59
bgc_2.lfsr_col._25_,229.54
bgc_10.row_reg._043_,228.88
bgc_6.col_reg._043_,228.57
bgc_6.lfsr_row._25_,227.76
bgc_3.row_reg._042_,227.25
bgc_8.col_reg._041_,226.64
bgc_5.row_reg._043_,226.61
bgc_9.row_reg._041_,226.38
bgc_14.row_reg._043_,226.28
bgc_8.col_reg._042_,226.03
bgc_10.row_reg._041_,225.52
res_mem_inst.slot\[11\].slot_reg._043_,225.11
bgc_4.col_reg._042_,225.06
bgc_8.lfsr_row._25_,224.45
bgc_0.lfsr_col._25_,223.94
bgc_13.row_reg._042_,223.28
clknet_leaf_62_clk,222.92
res_mem_inst.slot\[2\].slot_reg._043_,222.79
bgc_15.lfsr_col._25_,222.51
bgc_4.lfsr_col._25_,222
clknet_leaf_83_clk,221.8
res_mem_inst.slot\[14\].slot_reg._042_,220.94
bgc_12.lfsr_col._25_,220.93
timer_inst._03_,220.73
res_mem_inst.slot\[12\].slot_reg._043_,220.58
bgc_6.row_reg._043_,220.48
bgc_6.col_reg._041_,220.02
clknet_leaf_71_clk,219.92
res_mem_inst._050_,219.82
bgc_9.col_reg._041_,219.71
bgc_14._00_,219.51
bgc_2.lfsr_row._25_,218.8
bgc_14.row_reg._041_,218.03
bgc_13.lfsr_col._25_,217.93
bgc_15.lfsr_row._25_,217.93
bgc_4.col_reg._041_,217.88
res_mem_inst.slot\[9\].slot_reg._043_,217.88
clknet_leaf_13_clk,217.88
bgc_11.row_reg._041_,216.81
bgc_10.lfsr_col._25_,216.61
res_mem_inst.slot\[5\].slot_reg._042_,216.45
res_mem_inst.slot\[2\].slot_reg.mode\[1\],215.85
bgc_14.lfsr_row._25_,215.08
bgc_3.col_reg._043_,213.34
bgc_7.row_reg._041_,212.36
bgc_0.row_reg._041_,211.21
clknet_leaf_151_clk,210.4
bgc_12.col_reg._041_,210.14
clknet_leaf_160_clk,209.99
bgc_6.col_reg._042_,209.84
bgc_8.col_reg._043_,209.53
clknet_leaf_137_clk,209.03
bgc_3.row_reg._043_,208.82
bgc_4.final_counter._16_,208.01
bgc_11._03_,207.06
clknet_leaf_113_clk,204.24
bgc_6.final_counter._16_,203.53
res_mem_inst.slot\[3\].slot_reg._041_,203.47
bgc_14.lfsr_col._25_,202.18
clknet_leaf_25_clk,202.1
bgc_9.row_reg._042_,201.54
timer_inst._16_,201.29
bgc_14.col_reg._042_,201.28
clknet_leaf_159_clk,199.81
bgc_0.row_reg._043_,198.79
res_mem_inst.slot\[3\].slot_reg._042_,198.38
res_mem_inst.slot\[5\].slot_reg._043_,198.31
clknet_leaf_115_clk,198.28
bgc_7.lfsr_row._25_,197.26
res_mem_inst._004_,196.86
bgc_9.col_reg._042_,196.5
bgc_7.final_counter._16_,195.79
clknet_leaf_0_clk,195.43
clknet_leaf_118_clk,194.82
res_mem_inst.slot\[0\].slot_reg._043_,194.74
clknet_leaf_170_clk,194.11
clknet_leaf_112_clk,193.19
bgc_3.col_reg._042_,192.3
bgc_1.col_reg._043_,192.07
bgc_9.col_reg._043_,191.71
clknet_leaf_128_clk,191.54
bgc_7.row_reg._042_,190.06
clknet_3_6_0_clk,188.46
res_mem_inst.slot\[10\].slot_reg.mode\[1\],188.31
bgc_11.lfsr_col._25_,188.2
bgc_4.final_counter._09_,187.7
clknet_leaf_45_clk,187.39
res_mem_inst.slot\[1\].slot_reg._043_,187.34
bgc_5.col_reg._043_,187.215
bgc_0.col_reg._041_,186.93
clknet_leaf_124_clk,186.83
clknet_leaf_40_clk,186.22
clknet_leaf_38_clk,185.76
bgc_3.final_counter._16_,185.56
bgc_3.comp_row.x,185.46
bgc_14.col_reg._043_,185.25
clknet_leaf_79_clk,185.25
bgc_1.col_reg._042_,185
bgc_3.col_reg._041_,185
bgc_8.row_reg._041_,184.59
bgc_13.comp_row.x,183.88
bgc_9.row_reg._043_,181.94
bgc_5.final_counter._16_,181.54
res_mem_inst._012_,181.21
clknet_leaf_181_clk,180.72
clknet_leaf_165_clk,179.09
bgc_8.final_counter._16_,178.94
clknet_leaf_164_clk,178.07
clknet_leaf_35_clk,177.87
clknet_leaf_117_clk,176.44
clknet_leaf_69_clk,175.63
bgc_4.row_reg._043_,175.5
bgc_3.final_counter._09_,175.33
clknet_leaf_100_clk,175.17
clknet_leaf_64_clk,175.12
bgc_0.comp_row.x,174.21
bgc_12.comp_row.x,173.29
res_mem_inst.slot\[3\].slot_reg._043_,173.28
res_mem_inst.slot\[4\].slot_reg._043_,173.19
bgc_5.col_reg._041_,172.88
bgc_2.final_counter._16_,172.47
bgc_9.lfsr_row.seed_mem\[3\],171.15
bgc_1.row_reg._043_,170.9
clknet_3_0_0_clk,170.9
clknet_leaf_163_clk,170.59
res_mem_inst.slot\[10\].slot_reg.mode\[0\],170.39
bgc_15.row_reg._043_,169.98
bgc_12.row_reg._041_,169.42
bgc_6.final_counter._09_,169.22
clknet_leaf_65_clk,167.84
net3,166.98
clknet_leaf_167_clk,166.72
res_mem_inst.slot\[7\].slot_reg._041_,166.62
bgc_11.col_reg._042_,165.96
clknet_leaf_54_clk,165.14
bgc_14.col_reg._041_,164.48
clknet_leaf_33_clk,164.38
clknet_leaf_84_clk,163.72
bgc_7.final_counter._09_,163.31
bgc_0.col_reg._042_,162.85
clknet_leaf_99_clk,162.14
bgc_7.row_reg._043_,159.85
bgc_12.row_reg._042_,159.24
bgc_10.col_reg._042_,158.63
res_mem_inst.slot\[12\].slot_reg._042_,158.37
bgc_6.comp_col.x,158.02
bgc_14.final_counter._09_,157.66
bgc_8.comp_row.x,157.46
bgc_15.row_reg._041_,157.05
clknet_leaf_55_clk,156.95
clknet_3_2_0_clk,156.85
res_mem_inst.slot\[14\].slot_reg._043_,156.59
clknet_leaf_149_clk,156.13
res_mem_inst.slot\[15\].slot_reg._041_,156.08
clknet_leaf_110_clk,155.98
bgc_13.col_reg._041_,155.78
clknet_leaf_59_clk,155.37
res_mem_inst.slot\[7\].slot_reg._042_,155.01
clknet_leaf_48_clk,154.91
res_mem_inst.slot\[4\].slot_reg._042_,154.86
clknet_leaf_50_clk,153.74
bgc_0.lfsr_row.seed_mem\[10\],153.59
clknet_leaf_126_clk,151.96
clknet_leaf_91_clk,151.4
bgc_7.col_reg._041_,151.35
bgc_11.col_reg._043_,151.04
clknet_leaf_134_clk,150.99
bgc_8.row_reg._042_,150.89
bgc_10.col_reg._041_,150.74
clknet_leaf_24_clk,150.58
res_mem_inst.slot\[12\].slot_reg._041_,150.28
bgc_12.col_reg._043_,149.82
bgc_11.final_counter._09_,149.62
clknet_leaf_101_clk,149.46
res_mem_inst.slot\[15\].slot_reg._042_,148.65
bgc_8.row_reg._043_,148.24
bgc_13.col_reg._042_,147.81
bgc_9.lfsr_col.seed_mem\[4\],147.63
res_mem_inst.slot\[4\].slot_reg._041_,146.92
bgc_14.comp_col.x,146.77
adder_tree.r\[12\]\[9\],146.1
bgc_11.row_reg._043_,145.9
bgc_15.col_reg._042_,145.52
clknet_leaf_140_clk,145.29
bgc_13.col_reg._043_,144.78
clknet_leaf_36_clk,144.78
bgc_12.row_reg._043_,144.32
bgc_5.final_counter._09_,144.12
bgc_10.col_reg._043_,143.66
res_mem_inst.slot\[7\].slot_reg._043_,143.61
bgc_15.col_reg._041_,143
bgc_11.col_reg._041_,142.72
bgc_7.col_reg._042_,142.64
clknet_leaf_109_clk,142.49
bgc_15.col_reg._043_,142.41
net12,142.29
bgc_0.col_reg._043_,142.18
res_mem_inst.slot\[15\].slot_reg._043_,142.01
bgc_11.row_reg._042_,141.98
bgc_15.row_reg._042_,141.98
bgc_1.col_reg._041_,141.83
bgc_14.lfsr_col.seed_mem\[3\],141.47
bgc_5.col_reg._042_,141.37
bgc_7.col_reg._043_,140.35
clknet_leaf_136_clk,140.1
clknet_leaf_187_clk,139.79
clknet_leaf_185_clk,138.98
bgc_12.final_counter._09_,137.96
bgc_11.lfsr_col.seed_mem\[9\],137.91
res_mem_inst.slot\[13\].slot_reg._043_,136.89
clknet_leaf_171_clk,136.28
bgc_15.final_counter._16_,135.72
clknet_leaf_172_clk,135.26
bgc_9.lfsr_row.seed_mem\[8\],135.16
bgc_13.lfsr_row.seed_mem\[3\],135.06
clknet_leaf_16_clk,134.8
clknet_leaf_51_clk,134.75
clknet_leaf_78_clk,134.7
clknet_leaf_94_clk,134.04
bgc_6.lfsr_row.seed_mem\[5\],133.02
bgc_13.final_counter._09_,132.26
clknet_leaf_108_clk,131.8
bgc_6.lfsr_col.seed_mem\[1\],131.65
bgc_9.comp_row.x,131.65
bgc_0.lfsr_col.seed_mem\[3\],131.19
clknet_3_7_0_clk,130.68
bgc_12.lfsr_row.seed_mem\[2\],130.63
bgc_5._00_,130.63
adder_tree._0177_,130.07
bgc_8.final_counter._09_,130.07
clknet_leaf_121_clk,130.07
clknet_leaf_127_clk,129.46
res_mem_inst.slot\[13\].slot_reg._042_,129.2
bgc_10.comp_row.x,128.9
res_mem_inst.slot\[13\].slot_reg._041_,128.59
res_mem_inst.slot\[5\].slot_reg.mode\[1\],128.39
clknet_leaf_19_clk,127.88
bgc_15.lfsr_col.seed_mem\[3\],127.83
adder_tree._0700_,127.78
adder_tree._0695_,127.12
clknet_3_3_0_clk,125.69
clknet_leaf_176_clk,125.59
clknet_3_5_0_clk,125.59
bgc_8.lfsr_col.seed_mem\[1\],125.54
clknet_leaf_74_clk,125.54
clknet_leaf_76_clk,125.23
bgc_0.lfsr_col.seed_mem\[2\],125.13
bgc_4.col_reg._043_,125.03
bgc_13.lfsr_col.seed_mem\[11\],124.93
clknet_3_1_0_clk,124.57
clknet_leaf_174_clk,124.52
bgc_0.lfsr_col.seed_mem\[8\],124.37
bgc_11.lfsr_col.seed_mem\[4\],123.45
bgc_0.lfsr_row.seed_mem\[2\],122.94
bgc_2.lfsr_row.seed_mem\[5\],122.84
clknet_leaf_114_clk,122.74
clknet_leaf_98_clk,122.33
bgc_4.lfsr_row.seed_mem\[4\],121.67
clknet_leaf_104_clk,120.6
clknet_leaf_27_clk,120.14
clknet_leaf_32_clk,120.14
clknet_leaf_177_clk,119.53
bgc_4.lfsr_row.seed_mem\[9\],119.43
clknet_leaf_143_clk,118.92
bgc_9.lfsr_col.seed_mem\[6\],118.87
bgc_0.lfsr_col.seed_mem\[5\],118.82
bgc_14.comp_row.B\[2\],118.31
clknet_leaf_63_clk,118.31
clknet_leaf_120_clk,118.31
clknet_leaf_17_clk,117.8
clknet_leaf_161_clk,117.34
bgc_9.final_counter._09_,116.17
bgc_14.lfsr_col.seed_mem\[4\],115.66
clknet_leaf_49_clk,115.61
bgc_3.lfsr_col.seed_mem\[11\],115.56
clknet_leaf_1_clk,115.56
bgc_4.lfsr_row.seed_mem\[2\],115.46
bgc_3.lfsr_col.seed_mem\[2\],114.49
bgc_14.comp_row.B\[7\],114.39
bgc_6.lfsr_row.seed_mem\[4\],114.34
clknet_leaf_29_clk,113.93
clknet_leaf_72_clk,113.88
bgc_10.final_counter._09_,113.83
clknet_3_4_0_clk,113.17
bgc_14.lfsr_row.seed_mem\[1\],112.81
bgc_15.final_counter._09_,112.81
clknet_leaf_10_clk,112.81
clknet_leaf_67_clk,112.76
net4,112.61
bgc_11.lfsr_row.seed_mem\[3\],112.56
bgc_14.comp_row.B\[11\],112.56
clknet_leaf_26_clk,112.2
clknet_leaf_148_clk,112.2
clknet_leaf_6_clk,112.1
bgc_4.comp_row.x,112.05
bgc_15.comp_row.x,110.98
bgc_10.lfsr_col.seed_mem\[1\],110.57
adder_tree._0473_,110.47
bgc_2.lfsr_row.seed_mem\[3\],110.47
clknet_leaf_162_clk,110.47
bgc_3.lfsr_row.seed_mem\[5\],110.04
bgc_12.col_reg.q\[11\],109.91
clknet_leaf_30_clk,109.91
bgc_7.lfsr_row.seed_mem\[4\],109.45
clknet_leaf_96_clk,108.89
bgc_15.lfsr_row.seed_mem\[9\],108.84
clknet_leaf_44_clk,108.51
clknet_leaf_66_clk,108.28
bgc_2.lfsr_col.seed_mem\[1\],108.23
clknet_leaf_123_clk,108.23
clknet_leaf_139_clk,108.23
bgc_7.comp_row.x,108.18
bgc_7.prev_step_output\[0\],108.18
bgc_6.lfsr_col.seed_mem\[4\],107.87
clknet_leaf_119_clk,107.82
clknet_leaf_57_clk,107.67
bgc_14.lfsr_col.seed_mem\[1\],107.62
bgc_10.lfsr_col.seed_mem\[3\],107.57
bgc_2.lfsr_col.seed_mem\[3\],107.06
bgc_13.prev_step_output\[0\],106.6
bgc_14.comp_row.B\[4\],106.6
clknet_leaf_169_clk,106.6
bgc_13.lfsr_row.seed_mem\[8\],106.55
clknet_leaf_22_clk,106.45
adder_tree.r\[13\]\[11\],106.32
clknet_leaf_20_clk,106.04
adder_tree._0198_,105.94
clknet_leaf_9_clk,105.43
bgc_6.lfsr_row.seed_mem\[3\],104.82
bgc_14.lfsr_row.seed_mem\[6\],104.41
res_mem_inst._042_,104.21
clknet_leaf_31_clk,103.85
clknet_leaf_90_clk,103.7
clknet_leaf_53_clk,103.24
bgc_11.comp_row.x,103.09
clknet_leaf_182_clk,102.78
clknet_leaf_41_clk,102.58
bgc_5.lfsr_row.seed_mem\[8\],102.48
bgc_4.lfsr_col.seed_mem\[9\],102.17
bgc_11.lfsr_row.seed_mem\[0\],102.12
bgc_15.lfsr_row.seed_mem\[4\],102.07
clknet_leaf_144_clk,102.07
adder_tree._0538_,102.02
bgc_4.lfsr_row.seed_mem\[5\],102.02
res_mem_inst._018_,101.97
bgc_7.lfsr_row.seed_mem\[8\],101.76
clknet_leaf_58_clk,101.71
adder_tree._0376_,101.51
clknet_leaf_168_clk,101.51
bgc_15.col_reg.q\[11\],101.36
clknet_leaf_173_clk,99.93
bgc_13.col_reg.q\[10\],99.88
bgc_9.lfsr_col.seed_mem\[1\],99.78
adder_tree.r\[2\]\[0\],99.27
clknet_leaf_46_clk,98.3
clknet_leaf_107_clk,98.25
adder_tree.r\[10\]\[0\],98.2
bgc_10.lfsr_row.seed_mem\[1\],98.15
bgc_7.comp_row.B\[7\],98.15
bgc_5.lfsr_col.seed_mem\[4\],98.1
bgc_12.lfsr_row.seed_mem\[6\],97.54
clknet_leaf_8_clk,97.13
adder_tree.r\[4\]\[6\],97.03
bgc_5.lfsr_col.seed_mem\[2\],96.98
bgc_8.lfsr_row.seed_mem\[9\],96.98
clknet_leaf_184_clk,96.57
bgc_8.lfsr_row.seed_mem\[4\],96.42
clknet_leaf_5_clk,95.45
clknet_leaf_2_clk,95.35
clknet_leaf_12_clk,95.35
clknet_leaf_135_clk,95.35
bgc_2.col_reg.q\[0\],95.25
bgc_8.lfsr_row.seed_mem\[3\],94.89
clknet_leaf_23_clk,94.84
bgc_10.lfsr_row.seed_mem\[5\],94.74
bgc_4.lfsr_col.seed_mem\[2\],94.74
bgc_13.lfsr_col.seed_mem\[3\],94.69
bgc_13.lfsr_row.seed_mem\[0\],94.18
bgc_1.lfsr_row.seed_mem\[6\],94.13
bgc_9.final_counter._16_,93.77
clknet_leaf_155_clk,93.67
bgc_11.lfsr_col.seed_mem\[0\],93.62
clknet_leaf_105_clk,93.06
bgc_12.lfsr_col.seed_mem\[6\],92.96
bgc_8.comp_row.B\[7\],92.6
bgc_7.lfsr_col.seed_mem\[9\],92.5
bgc_7.lfsr_col.seed_mem\[6\],92.09
adder_tree._0501_,91.99
bgc_2.lfsr_col.seed_mem\[6\],91.99
bgc_7.col_reg.mode\[0\],91.99
clknet_leaf_34_clk,91.99
bgc_12.lfsr_row.seed_mem\[4\],91.94
bgc_3.comp_row.B\[11\],91.94
bgc_7.lfsr_row.seed_mem\[3\],91.94
res_mem_inst._049_,91.94
clknet_leaf_52_clk,91.89
bgc_1.lfsr_row.seed_mem\[2\],91.38
bgc_0.final_counter._16_,91.02
clknet_leaf_81_clk,90.87
bgc_8.lfsr_row.seed_mem\[11\],90.82
adder_tree.r\[3\]\[0\],90.56
clknet_leaf_153_clk,90.36
clknet_leaf_157_clk,90.36
bgc_13.col_reg.q\[11\],90.31
adder_tree._0710_,90.21
bgc_13._02_,90.16
adder_tree.r\[1\]\[6\],89.8
adder_tree.r\[12\]\[10\],89.75
bgc_15.comp_row.B\[11\],89.75
adder_tree.r\[6\]\[7\],89.7
bgc_0.final_counter._09_,89.7
bgc_11.lfsr_row.seed_mem\[4\],89.7
adder_tree.r\[12\]\[6\],89.29
clknet_leaf_142_clk,89.29
bgc_3.lfsr_row.seed_mem\[3\],89.09
bgc_6.lfsr_col.seed_mem\[7\],89.09
bgc_11.lfsr_col.seed_mem\[2\],88.58
bgc_6.lfsr_col.seed_mem\[10\],88.58
bgc_5.prev_step_output\[0\],88.53
bgc_7.lfsr_col.seed_mem\[7\],88.53
bgc_8.comp_row.B\[10\],88.53
bgc_14.lfsr_row.seed_mem\[7\],88.48
bgc_5.lfsr_row.seed_mem\[7\],88.48
bgc_0.lfsr_row.seed_mem\[4\],88.12
adder_tree.r\[13\]\[8\],88.02
clknet_leaf_4_clk,88.02
bgc_14.lfsr_col.seed_mem\[10\],87.92
bgc_10.lfsr_row.seed_mem\[2\],87.51
bgc_13.col_reg.q\[9\],87.51
bgc_2.lfsr_row.seed_mem\[6\],87.51
clknet_leaf_166_clk,87.51
bgc_12.col_reg.q\[3\],87.46
bgc_12.lfsr_col.seed_mem\[8\],87.46
bgc_2.lfsr_row.seed_mem\[4\],87.46
clknet_leaf_86_clk,87.46
bgc_5.col_reg.q\[11\],87.41
clknet_leaf_82_clk,87.1
adder_tree.r\[12\]\[8\],86.95
bgc_0.lfsr_col.seed_mem\[4\],86.95
clknet_leaf_88_clk,86.95
bgc_0.col_reg.q\[5\],86.9
bgc_13.lfsr_col.seed_mem\[4\],86.9
bgc_15.lfsr_col.seed_mem\[2\],86.9
bgc_2.col_reg.q\[1\],86.9
bgc_8.lfsr_col.seed_mem\[4\],86.9
bgc_15.lfsr_row.seed_mem\[6\],86.85
bgc_9.lfsr_row.seed_mem\[9\],86.85
bgc_14.comp_row.B\[0\],86.8
bgc_5.lfsr_row.seed_mem\[10\],86.44
bgc_8.comp_row.B\[9\],86.39
adder_tree._0357_,86.34
bgc_6.comp_row.x,86.29
bgc_9.lfsr_col.seed_mem\[10\],86.29
bgc_1.lfsr_col.seed_mem\[10\],85.83
bgc_0.lfsr_col.seed_mem\[0\],85.78
bgc_13.col_reg.q\[3\],85.78
clknet_leaf_7_clk,85.78
clknet_leaf_80_clk,85.78
clknet_leaf_180_clk,85.37
bgc_3.lfsr_row.seed_mem\[2\],85.32
bgc_4.col_reg.q\[9\],85.32
clknet_leaf_21_clk,85.32
bgc_14.lfsr_row.seed_mem\[5\],85.22
bgc_15.lfsr_col.seed_mem\[1\],85.22
bgc_4.lfsr_row.seed_mem\[3\],85.22
clknet_leaf_95_clk,85.22
res_mem_inst._020_,85.17
bgc_15.col_reg.q\[4\],84.98
bgc_8.comp_row.B\[8\],84.81
bgc_4.col_reg.q\[11\],84.76
bgc_10.lfsr_row.seed_mem\[4\],84.61
bgc_4.lfsr_col.seed_mem\[3\],84.1
bgc_5.lfsr_row.seed_mem\[9\],84.1
bgc_6.lfsr_col.seed_mem\[3\],84.1
bgc_8.comp_row.B\[2\],84.1
bgc_1.final_counter._09_,84.05
bgc_10.lfsr_col.seed_mem\[4\],84.05
clknet_leaf_133_clk,84.05
clknet_leaf_116_clk,83.79
bgc_12.comp_row.B\[3\],83.59
bgc_4.lfsr_col.seed_mem\[0\],83.59
bgc_1.comp_row.B\[2\],83.49
bgc_2.comp_row.x,83.49
bgc_3.col_reg.q\[5\],83.49
bgc_8.comp_row.B\[3\],83.44
bgc_2.lfsr_row.seed_mem\[2\],83.03
bgc_4.lfsr_col.seed_mem\[5\],83.03
clknet_leaf_37_clk,83.03
adder_tree._0166_,82.93
bgc_13.lfsr_row.seed_mem\[10\],82.93
bgc_7.prev_step_output\[2\],82.93
bgc_15.col_reg.q\[5\],82.88
res_mem_inst.slot\[13\].slot_reg.mode\[1\],82.88
bgc_0.comp_row.B\[2\],82.57
adder_tree.r\[14\]\[11\],82.47
bgc_13.col_reg.q\[4\],82.42
bgc_6.comp_row.B\[5\],82.37
bgc_9.lfsr_row.seed_mem\[4\],82.37
bgc_4.lfsr_col.seed_mem\[11\],82.32
clknet_leaf_106_clk,82.32
bgc_14.col_reg.q\[2\],81.91
bgc_0.lfsr_row.seed_mem\[3\],81.86
bgc_3.lfsr_row.seed_mem\[8\],81.86
bgc_3.lfsr_col.seed_mem\[5\],81.81
bgc_9.col_reg.q\[5\],81.81
adder_tree._0705_,81.76
bgc_8.lfsr_col.seed_mem\[10\],81.35
res_mem_inst._015_,81.35
adder_tree._0220_,81.25
bgc_2.lfsr_col.seed_mem\[8\],81.25
adder_tree.r\[6\]\[0\],80.89
dec_inst.active_select\[0\],80.84
bgc_10.lfsr_row.seed_mem\[3\],80.79
clknet_leaf_147_clk,80.79
bgc_11.lfsr_row.seed_mem\[7\],80.74
_01_,80.69
bgc_0.lfsr_row.seed_mem\[8\],80.69
bgc_2.lfsr_row.seed_mem\[1\],80.69
bgc_3.lfsr_col.seed_mem\[8\],80.69
bgc_9.lfsr_col.seed_mem\[8\],80.69
bgc_14.comp_row.B\[3\],80.28
clknet_leaf_152_clk,80.28
adder_tree.r\[9\]\[0\],80.23
adder_tree._0714_,80.18
clknet_leaf_111_clk,80.18
adder_tree._0095_,80.13
bgc_14.lfsr_row.seed_mem\[0\],79.67
bgc_2.lfsr_col.seed_mem\[2\],79.67
bgc_14.lfsr_row.seed_mem\[8\],79.62
bgc_4.lfsr_row.seed_mem\[6\],79.62
bgc_11.final_counter._16_,79.57
bgc_12.lfsr_col.seed_mem\[7\],79.57
bgc_15.lfsr_col.seed_mem\[8\],79.57
adder_tree.r\[4\]\[10\],79.52
clknet_leaf_3_clk,79.49
bgc_2.comp_row.B\[3\],79.16
bgc_8.lfsr_row.seed_mem\[5\],79.16
bgc_1.lfsr_col.seed_mem\[2\],79.11
bgc_6.comp_row.B\[10\],79.11
bgc_1.lfsr_row.seed_mem\[10\],79.01
bgc_15.prev_step_output\[1\],79.01
bgc_15.comp_row.B\[10\],78.6
bgc_5.col_reg.q\[2\],78.55
bgc_9.comp_row.B\[5\],78.55
adder_tree.r\[15\]\[10\],78.5
bgc_12.lfsr_row.seed_mem\[9\],78.5
bgc_13.lfsr_row.seed_mem\[4\],78.45
bgc_5.comp_col._07_,78.45
bgc_14.lfsr_col.seed_mem\[2\],78.04
adder_tree.r\[15\]\[6\],77.99
bgc_11.lfsr_row.seed_mem\[9\],77.99
adder_tree.r\[15\]\[11\],77.94
adder_tree.r\[1\]\[11\],77.94
bgc_12.lfsr_col.seed_mem\[9\],77.94
clknet_leaf_132_clk,77.94
adder_tree.r\[4\]\[7\],77.89
bgc_0.lfsr_row.seed_mem\[1\],77.89
bgc_12.comp_row.B\[10\],77.84
bgc_5.lfsr_row.seed_mem\[1\],77.84
bgc_7.lfsr_col.seed_mem\[2\],77.84
res_mem_inst.slot\[3\].slot_reg.mode\[1\],77.84
bgc_10.comp_row.B\[7\],77.48
bgc_13.lfsr_col.seed_mem\[2\],77.48
bgc_5.lfsr_col.seed_mem\[5\],77.43
bgc_11.lfsr_row.seed_mem\[6\],77.38
bgc_12.comp_row.B\[11\],77.38
bgc_7.lfsr_row.seed_mem\[5\],77.38
bgc_1.lfsr_row.seed_mem\[0\],77.33
bgc_14._02_,77.33
bgc_15.lfsr_col.seed_mem\[7\],77.33
bgc_10.col_reg.q\[3\],76.92
bgc_12.comp_row.B\[4\],76.92
bgc_2.col_reg.q\[8\],76.92
bgc_3.lfsr_row.seed_mem\[10\],76.92
bgc_0.lfsr_col.seed_mem\[10\],76.87
bgc_1.lfsr_row.seed_mem\[7\],76.87
bgc_10.comp_row.B\[10\],76.87
bgc_2.comp_row.B\[8\],76.87
clknet_leaf_61_clk,76.87
bgc_1.lfsr_row.seed_mem\[3\],76.82
bgc_2.lfsr_row.seed_mem\[7\],76.82
bgc_10.col_reg.q\[2\],76.36
bgc_10.col_reg.q\[8\],76.36
bgc_10.lfsr_col.seed_mem\[5\],76.26
bgc_9.col_reg.q\[6\],76.26
res_mem_inst.slot\[6\].slot_reg.mode\[1\],76.26
clknet_leaf_42_clk,76.26
bgc_13.lfsr_col.seed_mem\[8\],76.21
bgc_14.comp_row.B\[5\],76.21
bgc_15.col_reg.q\[3\],76.21
bgc_11.col_reg.mode\[0\],76.16
bgc_0.comp_row.B\[7\],75.8
clknet_leaf_77_clk,75.75
clknet_leaf_131_clk,75.75
bgc_5.lfsr_col.seed_mem\[6\],75.7
bgc_14.lfsr_col.seed_mem\[8\],75.65
bgc_3.col_reg.q\[1\],75.24
bgc_8.comp_row.B\[6\],75.19
bgc_9.lfsr_col.seed_mem\[0\],75.19
adder_tree._0708_,75.14
bgc_10.prev_step_output\[3\],75.14
bgc_12.prev_step_output\[1\],75.14
bgc_12.prev_step_output\[9\],75.14
bgc_0.comp_row.B\[6\],75.09
bgc_2.lfsr_row.seed_mem\[8\],75.09
bgc_1.comp_row.B\[11\],74.91
bgc_11.comp_row.B\[11\],74.58
bgc_6.comp_row.B\[1\],74.58
adder_tree.r\[0\]\[11\],74.53
bgc_3.col_reg.q\[11\],74.48
bgc_2.final_counter._21_,74.12
bgc_12.comp_row.B\[5\],74.07
bgc_9.comp_row.B\[7\],74.07
clknet_leaf_150_clk,74.07
bgc_1.lfsr_col.seed_mem\[5\],74.02
bgc_10.col_reg.q\[6\],74.02
bgc_7.comp_row.B\[11\],74.02
adder_tree.r\[13\]\[6\],73.51
bgc_2.comp_row.B\[5\],73.51
bgc_1.lfsr_col.seed_mem\[4\],73.46
bgc_5.col_reg.q\[9\],73.46
bgc_6.lfsr_row.seed_mem\[6\],73.41
bgc_5.lfsr_col.seed_mem\[10\],73.36
bgc_0.col_reg.q\[6\],73.05
bgc_14.comp_row.B\[8\],73
bgc_15.comp_row.B\[8\],73
_06_,72.95
bgc_0.comp_row.B\[11\],72.95
bgc_11.lfsr_col.seed_mem\[11\],72.95
bgc_15.lfsr_row.seed_mem\[7\],72.9
bgc_7.lfsr_col.seed_mem\[4\],72.9
bgc_10.lfsr_row.seed_mem\[10\],72.85
bgc_12.comp_row.B\[2\],72.85
bgc_15.lfsr_row.seed_mem\[5\],72.85
bgc_7.lfsr_col.seed_mem\[11\],72.85
dec_inst.en_out\[2\],72.8
bgc_1.final_counter._16_,72.49
bgc_11.comp_row.B\[6\],72.44
bgc_2.lfsr_col.seed_mem\[4\],72.39
clknet_leaf_93_clk,72.39
adder_tree._0436_,72.34
bgc_0.comp_row.B\[4\],72.34
bgc_13.lfsr_col.seed_mem\[6\],72.34
bgc_6.comp_row.B\[8\],72.29
bgc_11.lfsr_row.seed_mem\[5\],72.24
adder_tree._0384_,71.83
bgc_11.lfsr_col.seed_mem\[8\],71.73
bgc_8.col_reg.q\[11\],71.73
adder_tree.r\[5\]\[6\],71.68
bgc_8.lfsr_row.seed_mem\[8\],71.68
res_mem_inst._040_,71.68
adder_tree.r\[2\]\[6\],71.42
clknet_leaf_39_clk,71.32
bgc_10.lfsr_col.seed_mem\[2\],71.27
bgc_12.lfsr_row.seed_mem\[3\],71.22
bgc_7.lfsr_row.seed_mem\[9\],71.22
bgc_11.lfsr_col.seed_mem\[5\],71.17
bgc_12.comp_row.B\[7\],71.17
bgc_5.lfsr_col.seed_mem\[3\],71.17
bgc_11.col_reg.q\[11\],71.12
bgc_8.col_reg.q\[4\],70.71
bgc_9.comp_row.B\[11\],70.71
adder_tree._0232_,70.66
bgc_6.lfsr_col.seed_mem\[2\],70.66
clknet_leaf_141_clk,70.66
bgc_11.col_data_in\[1\],70.61
bgc_3.lfsr_col.seed_mem\[4\],70.61
bgc_10.comp_row.B\[5\],70.15
bgc_4.comp_row.B\[2\],70.15
bgc_6.col_reg.q\[2\],70.15
bgc_8.lfsr_col.seed_mem\[2\],70.15
bgc_15.prev_step_output\[0\],70.1
bgc_10.lfsr_col.seed_mem\[9\],70.05
bgc_12.col_reg.q\[2\],70.05
bgc_9.lfsr_row.seed_mem\[5\],70.05
bgc_14.lfsr_row.seed_mem\[2\],70
bgc_5.col_reg.q\[8\],70
adder_tree.r\[4\]\[8\],69.69
adder_tree.r\[0\]\[6\],69.59
bgc_5.col_reg.q\[10\],69.59
adder_tree.r\[15\]\[3\],69.54
res_mem_inst.slot\[7\].slot_reg.mode\[1\],69.54
clknet_leaf_56_clk,69.54
bgc_15.lfsr_col.seed_mem\[5\],69.49
bgc_3.comp_row._08_,69.49
bgc_8.lfsr_col.seed_mem\[8\],69.49
bgc_1.col_reg.q\[7\],69.13
bgc_3.lfsr_col.seed_mem\[3\],69.08
bgc_3.final_counter._21_,68.98
bgc_8.col_reg.q\[7\],68.93
bgc_1.lfsr_row.seed_mem\[1\],68.88
bgc_15.comp_row.B\[5\],68.57
bgc_12.col_reg.q\[10\],68.52
bgc_8.prev_step_output\[0\],68.47
bgc_10.lfsr_col.seed_mem\[10\],68.42
bgc_11.lfsr_row.seed_mem\[2\],68.42
bgc_13.comp_row.B\[6\],68.42
bgc_3.lfsr_row.seed_mem\[4\],68.42
bgc_10.lfsr_col.seed_mem\[8\],68.37
bgc_14.lfsr_row.seed_mem\[10\],68.37
bgc_4.col_reg.q\[6\],68.37
bgc_9.comp_row.B\[8\],68.37
clknet_leaf_186_clk,68.32
adder_tree.r\[13\]\[0\],68.01
bgc_11.col_reg.q\[10\],67.96
bgc_7.lfsr_col.seed_mem\[0\],67.96
bgc_6.lfsr_col.seed_mem\[5\],67.91
bgc_1.comp_row.B\[9\],67.86
clknet_leaf_103_clk,67.86
bgc_0.comp_row.B\[1\],67.81
bgc_13.prev_step_output\[9\],67.81
bgc_15.comp_row.B\[4\],67.81
adder_tree._0184_,67.76
bgc_8.lfsr_row.seed_mem\[0\],67.76
bgc_9.lfsr_row.seed_mem\[2\],67.53
bgc_12.lfsr_col.seed_mem\[11\],67.35
bgc_3.col_reg.q\[9\],67.35
bgc_5.col_reg.q\[3\],67.35
bgc_7.prev_step_output\[10\],67.3
bgc_6.lfsr_row.seed_mem\[8\],67.25
adder_tree._0267_,67.2
bgc_14.comp_row.B\[9\],67.2
bgc_8.lfsr_col.seed_mem\[3\],67.2
adder_tree.r\[12\]\[0\],66.89
adder_tree.r\[1\]\[10\],66.84
bgc_1.col_reg.q\[9\],66.84
bgc_10.col_reg.q\[4\],66.84
clknet_leaf_87_clk,66.84
adder_tree.r\[1\]\[0\],66.79
bgc_12.col_reg.q\[8\],66.79
bgc_3.col_reg.q\[10\],66.79
bgc_3.lfsr_row.seed_mem\[6\],66.79
bgc_12.col_reg.q\[5\],66.74
clknet_leaf_183_clk,66.74
adder_tree.r\[14\]\[5\],66.69
bgc_1.lfsr_col.seed_mem\[7\],66.69
bgc_12.lfsr_col.seed_mem\[2\],66.69
res_mem_inst.slot\[9\].slot_reg.mode\[1\],66.69
clknet_leaf_138_clk,66.69
bgc_9.comp_row.B\[4\],66.64
adder_tree._0682_,66.41
bgc_4.comp_row.B\[7\],66.28
bgc_12.col_reg.q\[9\],66.23
bgc_14.col_reg.q\[1\],66.23
bgc_15.lfsr_col.seed_mem\[4\],66.23
bgc_5.lfsr_col.seed_mem\[9\],66.23
bgc_7.comp_row.B\[2\],66.23
bgc_9.lfsr_col.seed_mem\[7\],66.23
bgc_1.lfsr_col.seed_mem\[0\],66.18
bgc_15.comp_row.B\[3\],66.18
bgc_7.col_reg.q\[11\],66.18
bgc_11.final_counter._21_,66.13
bgc_13.lfsr_col.seed_mem\[9\],66.13
bgc_15.lfsr_row.seed_mem\[2\],66.13
bgc_2.comp_row.B\[2\],66.13
adder_tree._0051_,66.08
bgc_11.col_reg._038_,66.08
bgc_14.comp_row.B\[1\],66.08
bgc_8.comp_row.B\[11\],65.95
bgc_10.final_counter._16_,65.82
adder_tree.r\[13\]\[9\],65.67
bgc_0.comp_row.B\[10\],65.62
bgc_11.comp_row.B\[10\],65.62
bgc_13.col_reg.q\[7\],65.62
bgc_10.lfsr_row.seed_mem\[7\],65.57
bgc_11.col_reg.q\[3\],65.57
bgc_11.comp_row.B\[9\],65.57
bgc_13.lfsr_col.seed_mem\[0\],65.57
bgc_2.final_counter._09_,65.57
bgc_6.lfsr_row.seed_mem\[1\],65.57
bgc_7.prev_step_output\[1\],65.52
bgc_15.col_reg.q\[6\],65.16
bgc_1.comp_row.B\[10\],65.11
bgc_1.comp_row.B\[5\],65.11
bgc_1.col_reg.q\[10\],65.06
bgc_14.col_reg.q\[6\],65.06
adder_tree.r\[10\]\[1\],65.01
adder_tree.r\[7\]\[9\],65.01
bgc_11.col_data_in\[11\],64.96
bgc_4.comp_col.A\[1\],64.96
adder_tree.r\[9\]\[6\],64.6
bgc_12.lfsr_col.seed_mem\[0\],64.55
bgc_13.lfsr_row.seed_mem\[11\],64.55
bgc_8.lfsr_col.seed_mem\[6\],64.55
lfsr_enabler._07_,64.55
clknet_leaf_92_clk,64.55
bgc_11.comp_row.B\[5\],64.5
bgc_12.lfsr_row.seed_mem\[5\],64.5
bgc_6.comp_row.B\[0\],64.5
adder_tree.r\[10\]\[6\],64.45
bgc_11.col_reg.q\[4\],64.45
bgc_11.col_reg.q\[7\],64.45
bgc_12.comp_row.B\[6\],64.45
bgc_6.lfsr_row.seed_mem\[2\],64.45
bgc_7.prev_step_output\[3\],64.45
bgc_9.lfsr_col.seed_mem\[2\],64.4
adder_tree.r\[4\]\[0\],64.04
bgc_13.lfsr_col.seed_mem\[5\],64.04
bgc_6.comp_row.B\[6\],64.04
clknet_leaf_156_clk,64.04
adder_tree.r\[14\]\[9\],63.99
bgc_15.prev_step_output\[2\],63.99
bgc_2.col_reg.q\[2\],63.99
adder_tree.r\[1\]\[9\],63.94
bgc_3.col_data_in\[0\],63.94
bgc_4.comp_row.B\[1\],63.94
bgc_1.comp_row.B\[3\],63.84
adder_tree.r\[2\]\[4\],63.53
adder_tree._0162_,63.48
bgc_13.comp_row.B\[7\],63.48
bgc_2.prev_step_output\[1\],63.48
bgc_8.comp_row.B\[4\],63.48
adder_tree.r\[1\]\[4\],63.43
bgc_10.comp_row.B\[6\],63.43
bgc_6.col_reg.q\[0\],63.43
adder_tree.r\[6\]\[9\],63.33
bgc_13.comp_row.B\[8\],63.33
bgc_8.col_reg.q\[5\],63.33
bgc_1.lfsr_row.seed_mem\[8\],63.28
bgc_5.lfsr_row.seed_mem\[5\],63.28
bgc_9.col_reg.q\[7\],63.02
adder_tree._0204_,62.82
bgc_1.col_reg.q\[3\],62.82
bgc_10.final_counter._22_,62.82
bgc_14.lfsr_col.seed_mem\[5\],62.82
bgc_1.lfsr_col.seed_mem\[6\],62.77
bgc_3.prev_step_output\[10\],62.77
res_mem_inst.slot\[12\].slot_reg.mode\[1\],62.72
bgc_7.comp_row.B\[3\],62.36
adder_tree.r\[0\]\[0\],62.31
adder_tree.r\[3\]\[4\],62.31
bgc_13.col_reg.q\[5\],62.31
bgc_5.comp_row.B\[11\],62.31
adder_tree.r\[2\]\[5\],62.26
bgc_14.comp_row.B\[10\],62.26
bgc_2.col_reg.q\[4\],62.26
net1478,62.26
bgc_12.lfsr_col.seed_mem\[3\],62.21
bgc_12.lfsr_row.seed_mem\[10\],62.16
bgc_4.lfsr_row.seed_mem\[10\],62.16
clknet_leaf_125_clk,61.93
adder_tree.r\[8\]\[6\],61.75
bgc_7.col_reg.q\[3\],61.75
bgc_7.lfsr_row.seed_mem\[1\],61.75
adder_tree.r\[1\]\[7\],61.7
bgc_1.comp_row.B\[0\],61.7
bgc_9.lfsr_row.seed_mem\[10\],61.7
bgc_3.col_reg.q\[2\],61.65
adder_tree._0107_,61.6
adder_tree.r\[15\]\[9\],61.34
bgc_0.col_reg.q\[11\],61.29
bgc_4.comp_row.B\[4\],61.24
bgc_7.lfsr_col.seed_mem\[5\],61.24
adder_tree.r\[10\]\[9\],61.19
bgc_0.lfsr_row.seed_mem\[5\],61.19
bgc_10.lfsr_row.seed_mem\[6\],61.19
bgc_11.prev_step_output\[2\],61.19
res_mem_inst._005_,61.19
bgc_14.lfsr_col.seed_mem\[6\],61.14
bgc_14.lfsr_col.seed_mem\[7\],61.14
bgc_14.prev_step_output\[10\],61.14
bgc_7.lfsr_row.seed_mem\[0\],61.14
bgc_8.lfsr_row.seed_mem\[2\],61.14
adder_tree._0467_,61.09
adder_tree._0533_,61.09
bgc_3.col_reg.q\[4\],61.09
bgc_7.lfsr_row.seed_mem\[2\],61.09
dec_inst.en_out\[3\],61.09
adder_tree._0697_,61.04
adder_tree.r\[11\]\[6\],60.73
adder_tree.r\[8\]\[0\],60.63
bgc_13.prev_step_output\[1\],60.63
bgc_3.comp_row.B\[1\],60.58
res_mem_inst._003_,60.58
bgc_13.comp_row.B\[11\],60.53
bgc_15.lfsr_col.seed_mem\[9\],60.53
bgc_0.comp_row._11_,60.48
bgc_7.lfsr_row.seed_mem\[7\],60.48
lfsr_enabler._03_,60.17
adder_tree.r\[10\]\[10\],60.12
bgc_1.prev_step_output\[3\],60.12
bgc_14.lfsr_row.seed_mem\[3\],60.12
bgc_12.col_reg.q\[7\],60.07
bgc_6.comp_row.B\[11\],60.07
clknet_leaf_14_clk,60.07
bgc_10.final_counter._01_,59.97
bgc_12.prev_step_output\[10\],59.97
bgc_15.final_counter._21_,59.97
bgc_3.final_counter._22_,59.97
bgc_4.col_reg.q\[10\],59.97
bgc_7.comp_row.B\[4\],59.56
adder_tree.r\[6\]\[3\],59.51
bgc_4.col_reg.q\[0\],59.51
bgc_10.col_reg.q\[7\],59.46
bgc_11.comp_row.B\[2\],59.46
bgc_3.col_reg.q\[3\],59.46
bgc_8.lfsr_col.seed_mem\[7\],59.46
bgc_15.lfsr_row.seed_mem\[11\],59.41
bgc_15.lfsr_row.seed_mem\[3\],59.41
bgc_3.lfsr_row.seed_mem\[7\],59.41
adder_tree._0289_,59.36
adder_tree._0339_,59.36
adder_tree.r\[3\]\[10\],59.36
bgc_15.comp_row.pe2._13_,59.36
adder_tree.r\[10\]\[3\],58.95
bgc_0.comp_row._12_,58.95
bgc_7.comp_row.B\[6\],58.95
adder_tree._0016_,58.9
bgc_10.comp_row.B\[1\],58.9
bgc_13.lfsr_row.seed_mem\[9\],58.9
bgc_2.col_reg.q\[5\],58.9
bgc_3.lfsr_col.seed_mem\[7\],58.9
bgc_5.col_reg.q\[6\],58.9
bgc_7.col_reg.q\[10\],58.9
clknet_leaf_130_clk,58.9
clknet_leaf_175_clk,58.9
adder_tree._0397_,58.85
adder_tree._0534_,58.85
bgc_11.comp_col._11_,58.8
adder_tree.r\[8\]\[9\],58.44
adder_tree.r\[14\]\[0\],58.39
bgc_13.lfsr_row.seed_mem\[5\],58.34
bgc_14.lfsr_row.seed_mem\[4\],58.34
bgc_2.lfsr_row.seed_mem\[9\],58.34
bgc_5.lfsr_col.seed_mem\[8\],58.34
bgc_9.col_reg.mode\[0\],58.34
adder_tree._0383_,58.29
bgc_0.col_reg.q\[10\],58.29
bgc_0.final_counter._01_,58.29
bgc_1.lfsr_row.seed_mem\[4\],58.29
bgc_2.lfsr_col.seed_mem\[9\],58.29
bgc_9.col_data_in\[1\],58.29
bgc_9.lfsr_row.seed_mem\[1\],58.29
adder_tree._0036_,58.24
bgc_1.col_reg.q\[2\],57.93
bgc_9.comp_row.B\[6\],57.88
bgc_0.lfsr_row.seed_mem\[9\],57.83
bgc_1.col_reg.q\[8\],57.83
bgc_11.col_reg.q\[6\],57.83
bgc_4.col_reg.q\[4\],57.83
bgc_8.col_reg.q\[1\],57.83
bgc_1.comp_row.B\[8\],57.78
bgc_1.lfsr_col.seed_mem\[3\],57.78
bgc_12.lfsr_col.seed_mem\[4\],57.78
bgc_3.comp_row.B\[6\],57.78
bgc_8.lfsr_row.seed_mem\[6\],57.78
bgc_9.col_reg.q\[8\],57.78
bgc_9.lfsr_row.seed_mem\[7\],57.78
adder_tree.r\[12\]\[7\],57.73
bgc_11.comp_row._03_,57.68
bgc_13.comp_row.B\[4\],57.68
bgc_13.lfsr_row.seed_mem\[7\],57.68
bgc_13.comp_row.B\[3\],57.5
adder_tree.r\[11\]\[0\],57.37
adder_tree.r\[4\]\[9\],57.37
bgc_8.col_reg.q\[8\],57.32
clknet_leaf_11_clk,57.32
bgc_2.col_reg.q\[7\],57.27
clknet_leaf_28_clk,57.27
adder_tree.r\[3\]\[6\],57.22
bgc_11.comp_row.B\[7\],57.22
bgc_1._00_,57.17
bgc_11.lfsr_row.seed_mem\[10\],57.17
bgc_11.lfsr_row.seed_mem\[8\],57.17
bgc_0.comp_row.B\[0\],57.12
res_mem_inst._014_,57.12
lfsr_enabler._05_,56.76
adder_tree.r\[15\]\[0\],56.71
bgc_10.comp_row.B\[4\],56.71
adder_tree._0667_,56.66
bgc_11.lfsr_col.seed_mem\[6\],56.66
bgc_12.lfsr_row.seed_mem\[7\],56.66
bgc_4.comp_col.pe2._13_,56.66
bgc_4.comp_row.B\[8\],56.66
bgc_5.prev_step_output\[2\],56.66
bgc_8.col_reg.q\[2\],56.61
adder_tree._0301_,56.56
bgc_1.prev_step_output\[0\],56.56
bgc_6.prev_step_output\[11\],56.56
bgc_7.lfsr_row.seed_mem\[10\],56.56
clknet_leaf_15_clk,56.56
bgc_3.prev_step_output\[1\],56.2
bgc_5.col_reg.q\[5\],56.15
bgc_7.final_counter._21_,56.15
adder_tree.r\[9\]\[10\],56.1
adder_tree.r\[9\]\[11\],56.1
bgc_0.lfsr_col.seed_mem\[6\],56.1
bgc_11.comp_row.B\[4\],56.1
bgc_13.col_reg.q\[8\],56.1
bgc_15.comp_row.B\[6\],56.1
bgc_2.lfsr_col.seed_mem\[10\],56.1
bgc_6.comp_row.B\[2\],56.1
clknet_leaf_75_clk,56.1
adder_tree._0507_,56.05
adder_tree.r\[1\]\[5\],56.05
bgc_11.comp_row.B\[3\],56.05
bgc_2.lfsr_col.seed_mem\[5\],56.05
bgc_6.lfsr_col.seed_mem\[8\],56.05
bgc_9.lfsr_col.seed_mem\[3\],56.05
adder_tree.r\[15\]\[5\],56
bgc_11.col_reg.q\[8\],56
bgc_13.comp_row.B\[2\],55.64
adder_tree.r\[5\]\[1\],55.59
adder_tree._0098_,55.54
bgc_10.col_reg._020_,55.54
bgc_2.comp_row.B\[11\],55.54
bgc_4.comp_row.B\[5\],55.54
bgc_6.lfsr_col.seed_mem\[6\],55.54
bgc_7.col_reg.q\[2\],55.54
bgc_9.col_reg.q\[0\],55.54
bgc_9.final_counter._21_,55.54
adder_tree._0404_,55.44
bgc_12.comp_row._08_,55.44
bgc_12.prev_step_output\[4\],55.44
bgc_6.prev_step_output\[0\],55.44
bgc_9.comp_col._02_,55.44
adder_tree._0171_,55.16
bgc_0.col_reg.q\[9\],55.08
adder_tree.r\[9\]\[9\],55.03
bgc_0.col_reg._018_,55.03
bgc_15.col_reg.q\[2\],55.03
bgc_7.lfsr_col.seed_mem\[8\],55.03
bgc_2.comp_row.B\[7\],54.98
bgc_3.comp_row.B\[10\],54.98
bgc_3.lfsr_col.seed_mem\[9\],54.98
bgc_6.col_reg.q\[1\],54.98
adder_tree.r\[11\]\[8\],54.93
bgc_8.lfsr_row.seed_mem\[10\],54.93
res_mem_inst.slot\[0\].slot_reg.mode\[1\],54.93
adder_tree._0137_,54.88
bgc_7.col_data_in\[1\],54.88
dec_inst.en_out\[1\],54.88
adder_tree.r\[2\]\[9\],54.7
bgc_6.col_reg.q\[6\],54.52
bgc_2.comp_row.B\[10\],54.47
bgc_3.comp_row.B\[7\],54.47
bgc_4.col_reg.q\[7\],54.47
bgc_7.comp_row.B\[5\],54.47
bgc_2.comp_row.B\[9\],54.42
bgc_2.lfsr_col.seed_mem\[7\],54.42
bgc_3.lfsr_row.seed_mem\[1\],54.42
bgc_4.col_reg.q\[5\],54.42
clknet_leaf_178_clk,54.42
adder_tree._0690_,54.37
bgc_1.lfsr_col.seed_mem\[1\],54.37
clknet_leaf_85_clk,54.37
adder_tree._0425_,54.32
bgc_4.comp_row._12_,54.32
bgc_4.comp_row.B\[10\],54.01
adder_tree.r\[1\]\[2\],53.96
adder_tree.r\[2\]\[7\],53.96
adder_tree.r\[5\]\[0\],53.96
bgc_15.comp_row.B\[7\],53.96
bgc_7.col_reg.q\[6\],53.96
bgc_8.comp_row.B\[5\],53.96
bgc_0.col_reg.q\[4\],53.91
bgc_13.lfsr_col.seed_mem\[7\],53.91
adder_tree.r\[3\]\[3\],53.86
bgc_10.col_reg.q\[11\],53.86
bgc_10.comp_row.B\[2\],53.86
bgc_4.col_reg.q\[1\],53.86
bgc_5.final_counter._21_,53.86
bgc_5.lfsr_row.seed_mem\[2\],53.86
bgc_7.lfsr_row.seed_mem\[6\],53.86
timer_inst._07_,53.86
bgc_11.col_reg._036_,53.81
bgc_2.final_counter._22_,53.81
bgc_3.col_reg.q\[8\],53.81
bgc_9.comp_row.B\[3\],53.81
bgc_12.col_data_in\[0\],53.76
bgc_12.comp_row._03_,53.76
bgc_3.comp_row._05_,53.76
clknet_leaf_68_clk,53.4
bgc_13.col_reg.q\[2\],53.35
bgc_4.lfsr_col.seed_mem\[6\],53.35
adder_tree._0059_,53.3
adder_tree.r\[7\]\[0\],53.3
bgc_13.col_reg.q\[6\],53.3
bgc_3.lfsr_col.seed_mem\[0\],53.3
bgc_5.lfsr_col.seed_mem\[11\],53.3
res_mem_inst.step_done_trigger,53.3
adder_tree._0079_,53.25
bgc_1.lfsr_row._26_,53.25
bgc_1.prev_step_output\[10\],53.25
bgc_12.prev_step_output\[6\],53.25
bgc_15.lfsr_col.seed_mem\[6\],53.25
bgc_5.lfsr_row.seed_mem\[3\],53.25
bgc_4.lfsr_row.seed_mem\[7\],53.2
bgc_5.col_reg.q\[4\],52.84
adder_tree.r\[13\]\[7\],52.79
bgc_11.col_reg.q\[2\],52.79
bgc_12.comp_row.B\[9\],52.74
bgc_12.lfsr_row.seed_mem\[0\],52.74
bgc_13.col_reg.q\[1\],52.74
adder_tree._0270_,52.69
bgc_10.comp_row.pe2._13_,52.69
bgc_2.final_counter._01_,52.69
bgc_4.col_reg.q\[3\],52.69
adder_tree.r\[12\]\[4\],52.64
bgc_5.col_reg._018_,52.64
bgc_4.comp_row.B\[9\],52.23
bgc_1.lfsr_col.seed_mem\[8\],52.18
bgc_15.prev_step_output\[4\],52.18
bgc_6.lfsr_row.seed_mem\[7\],52.18
adder_tree._0354_,52.13
adder_tree.r\[12\]\[5\],52.13
bgc_2.prev_step_output\[0\],52.13
bgc_5.comp_row.B\[5\],52.13
bgc_9.comp_col.pe1._15_,52.13
bgc_5.comp_row.B\[10\],52.08
bgc_5.comp_col._10_,51.85
bgc_13.lfsr_row.seed_mem\[2\],51.67
bgc_2.prev_step_output\[8\],51.67
adder_tree.r\[12\]\[1\],51.62
bgc_10.col_reg.q\[10\],51.62
bgc_2.lfsr_row.seed_mem\[10\],51.62
adder_tree._0597_,51.57
bgc_11.col_reg._018_,51.57
bgc_6.prev_step_output\[4\],51.57
adder_tree._0570_,51.52
bgc_10.lfsr_row.seed_mem\[8\],51.52
bgc_11.lfsr_row.seed_mem\[11\],51.52
bgc_15.prev_step_output\[7\],51.52
bgc_2._03_,51.52
bgc_2.comp_row._13_,51.52
bgc_9.col_reg._018_,51.52
bgc_5.col_reg.q\[7\],51.26
res_mem_inst.slot\[15\].slot_reg.mode\[1\],51.21
adder_tree.r\[3\]\[1\],51.11
bgc_15.prev_step_output\[10\],51.11
bgc_12.lfsr_col.seed_mem\[5\],51.06
bgc_14.col_reg.q\[3\],51.06
bgc_15.lfsr_row.seed_mem\[0\],51.06
bgc_4.comp_row.B\[3\],51.06
bgc_5.lfsr_col.seed_mem\[1\],51.06
bgc_7.col_reg.q\[5\],51.06
bgc_2.col_reg.q\[10\],51.01
adder_tree._0366_,50.96
bgc_0.comp_col.pe1._13_,50.96
bgc_11.comp_col.A\[10\],50.96
bgc_13.prev_step_output\[2\],50.96
bgc_3.final_counter._01_,50.96
bgc_7.lfsr_col.seed_mem\[3\],50.96
bgc_12.lfsr_row.seed_mem\[8\],50.65
adder_tree.r\[5\]\[7\],50.6
bgc_9.col_reg.q\[3\],50.6
adder_tree.r\[5\]\[4\],50.55
bgc_10.comp_row._05_,50.55
bgc_10.final_counter._21_,50.55
clknet_leaf_73_clk,50.55
adder_tree.r\[1\]\[1\],50.5
adder_tree.r\[1\]\[3\],50.5
bgc_1.comp_row.pe1._13_,50.5
bgc_5.lfsr_row.seed_mem\[0\],50.5
adder_tree._0450_,50.45
adder_tree._0478_,50.45
adder_tree._0635_,50.45
bgc_0.col_reg.q\[1\],50.45
bgc_13.prev_step_output\[8\],50.45
bgc_15.comp_row.B\[9\],50.45
bgc_3.prev_step_output\[5\],50.45
bgc_7.comp_col._02_,50.45
clknet_leaf_145_clk,50.45
adder_tree.r\[5\]\[9\],50.04
bgc_10.col_reg.q\[1\],50.04
bgc_9.prev_step_output\[2\],50.04
adder_tree.r\[3\]\[7\],49.99
adder_tree._0165_,49.94
bgc_10.comp_row.B\[11\],49.94
bgc_11.col_reg.q\[5\],49.94
bgc_7.comp_row.B\[10\],49.94
bgc_7.comp_row.B\[8\],49.94
bgc_2.comp_row.pe1._13_,49.89
bgc_2.lfsr_row.seed_mem\[0\],49.89
bgc_4.lfsr_row.seed_mem\[0\],49.89
bgc_6.lfsr_row.seed_mem\[0\],49.89
bgc_10.comp_row._13_,49.84
bgc_5.final_counter._22_,49.84
adder_tree.r\[14\]\[6\],49.53
bgc_10._00_,49.48
adder_tree._0176_,49.43
bgc_0.comp_row._13_,49.43
bgc_14.lfsr_col.seed_mem\[9\],49.43
adder_tree._0686_,49.38
adder_tree.r\[6\]\[1\],49.38
adder_tree.r\[6\]\[6\],49.38
adder_tree.r\[7\]\[7\],49.38
adder_tree.r\[9\]\[4\],49.38
bgc_0.col_reg.q\[3\],49.38
bgc_0.lfsr_col.seed_mem\[1\],49.38
bgc_10.comp_row._12_,49.38
bgc_10.prev_step_output\[1\],49.38
bgc_12.prev_step_output\[5\],49.38
bgc_2.comp_row.B\[6\],49.38
bgc_3.col_reg.q\[7\],49.38
bgc_4.lfsr_col.seed_mem\[10\],49.38
bgc_4.prev_step_output\[9\],49.38
bgc_15.comp_col._03_,49.33
bgc_3.comp_row.B\[0\],49.33
bgc_4.lfsr_col.seed_mem\[1\],49.33
adder_tree._0460_,49.28
adder_tree.r\[7\]\[10\],49.28
bgc_9.lfsr_row.seed_mem\[11\],49.28
bgc_3.comp_row.B\[2\],48.92
bgc_6.comp_row.B\[7\],48.87
bgc_7.col_reg.q\[4\],48.87
bgc_12.col_reg.q\[4\],48.82
bgc_9.comp_row.B\[2\],48.82
adder_tree.r\[6\]\[10\],48.77
bgc_10.prev_step_output\[10\],48.77
bgc_15.col_reg.q\[10\],48.77
bgc_6.col_reg.q\[8\],48.77
bgc_13.col_data_in\[10\],48.72
bgc_4.comp_col.pe2._16_,48.72
bgc_8.comp_col.pe2._09_,48.72
bgc_4.comp_row.B\[6\],48.36
adder_tree.r\[10\]\[8\],48.31
adder_tree.r\[7\]\[3\],48.31
bgc_10.lfsr_col.seed_mem\[6\],48.31
bgc_7.lfsr_col.seed_mem\[10\],48.31
bgc_1.comp_row.B\[1\],48.26
bgc_15.comp_row._03_,48.26
bgc_2.col_reg.q\[9\],48.26
bgc_6.col_reg.q\[4\],48.26
adder_tree._0546_,48.21
bgc_1.col_reg.q\[0\],48.21
bgc_14.lfsr_col._26_,48.21
bgc_4.col_reg.q\[2\],48.21
bgc_9.comp_row._02_,48.21
res_mem_inst._039_,48.21
bgc_11.lfsr_col.seed_mem\[7\],48.16
adder_tree.r\[15\]\[4\],47.85
bgc_7.col_reg.q\[7\],47.8
bgc_13.comp_row.B\[1\],47.75
bgc_5.prev_step_output\[9\],47.75
bgc_9.lfsr_row.seed_mem\[6\],47.75
bgc_2.prev_step_output\[2\],47.7
bgc_4.comp_row.B\[0\],47.7
bgc_4.lfsr_row.seed_mem\[8\],47.7
bgc_4.prev_step_output\[8\],47.7
bgc_9.final_counter._22_,47.7
adder_tree._0613_,47.65
adder_tree.r\[6\]\[4\],47.65
bgc_11.lfsr_col._00_\[11\],47.65
bgc_2.col_reg._000_\[9\],47.65
bgc_0.lfsr_row.seed_mem\[0\],47.6
bgc_11.comp_col._10_,47.6
bgc_12.col_data_in\[11\],47.6
bgc_13.col_reg._018_,47.6
bgc_7.comp_row.B\[9\],47.6
adder_tree._0344_,47.19
bgc_12.comp_row._12_,47.19
bgc_14.comp_row.pe1._13_,47.19
adder_tree.r\[15\]\[7\],47.14
bgc_11.col_reg.q\[9\],47.14
bgc_11.prev_step_output\[4\],47.14
bgc_8.col_reg.q\[3\],47.14
bgc_9.col_reg.q\[11\],47.14
bgc_1.lfsr_col.seed_mem\[9\],47.09
bgc_10.comp_row.B\[3\],47.09
bgc_12.prev_step_output\[3\],47.09
bgc_2.prev_step_output\[11\],47.09
bgc_5.comp_col._06_,47.09
adder_tree.r\[0\]\[2\],47.04
bgc_13.col_data_in\[11\],47.04
bgc_3.comp_row.pe1._09_,47.04
bgc_5.comp_row._10_,47.04
bgc_8.comp_row._10_,47.04
bgc_9.col_reg._000_\[9\],47.04
bgc_9.comp_row.B\[1\],46.73
bgc_6.final_counter._01_,46.715
bgc_13.lfsr_row.seed_mem\[1\],46.63
bgc_13.prev_step_output\[7\],46.63
bgc_3.col_reg.q\[6\],46.63
bgc_5.comp_row.pe1._13_,46.63
bgc_7.comp_col._10_,46.63
bgc_9.comp_row.B\[10\],46.63
adder_tree.r\[0\]\[10\],46.58
bgc_0.comp_row.B\[3\],46.58
bgc_10.col_reg.q\[5\],46.58
bgc_15.col_reg.q\[8\],46.58
bgc_15.lfsr_col.seed_mem\[11\],46.58
bgc_3.prev_step_output\[7\],46.58
adder_tree._0243_,46.53
adder_tree.r\[12\]\[3\],46.53
bgc_4.prev_step_output\[10\],46.53
bgc_7.comp_row._05_,46.53
bgc_1.col_reg.q\[6\],46.48
bgc_14.col_data_in\[0\],46.48
bgc_15.comp_row._12_,46.48
bgc_3.comp_row._07_,46.48
bgc_5.col_reg._020_,46.48
bgc_5.comp_col.GR_bits\[11\],46.48
adder_tree.r\[9\]\[7\],46.17
bgc_13.prev_step_output\[11\],46.12
bgc_14.col_reg.q\[4\],46.12
timer_inst.cycle_cnt\[0\],46.12
bgc_3.comp_row.B\[8\],46.07
bgc_5.lfsr_row.seed_mem\[11\],46.07
bgc_10.lfsr_row.seed_mem\[9\],46.02
adder_tree._0508_,45.97
bgc_12.comp_row._05_,45.97
bgc_15.col_data_in\[11\],45.97
bgc_2.comp_col._06_,45.97
bgc_6.col_reg.q\[7\],45.97
bgc_7.comp_col.A\[9\],45.97
adder_tree._0378_,45.92
bgc_12.comp_col._04_,45.92
bgc_4.col_reg._038_,45.92
bgc_4.lfsr_row.seed_mem\[1\],45.92
bgc_7.col_reg.q\[9\],45.61
bgc_9.prev_step_output\[8\],45.56
adder_tree._0415_,45.51
bgc_0.prev_step_output\[5\],45.51
bgc_10.col_reg.q\[9\],45.51
bgc_12.prev_step_output\[8\],45.46
bgc_15.comp_col.pe1._13_,45.46
bgc_3.comp_col.pe2._16_,45.46
bgc_6.prev_step_output\[8\],45.46
bgc_7.prev_step_output\[4\],45.46
adder_tree._0443_,45.41
bgc_0.final_counter._22_,45.41
bgc_0.prev_step_output\[8\],45.41
bgc_12.lfsr_col.seed_mem\[10\],45.41
bgc_13.col_data_in\[1\],45.41
bgc_4.comp_row.A\[9\],45.41
bgc_4.comp_row.GR_bits\[11\],45.41
bgc_10.col_reg._018_,45.36
bgc_14.col_reg.q\[0\],45.36
bgc_15.lfsr_row.seed_mem\[8\],45.36
bgc_5.comp_row.pe1._09_,45.36
bgc_9.col_reg.q\[2\],45.36
adder_tree.r\[6\]\[5\],45.05
dec_inst.active_select\[1\],45
bgc_10.comp_row.B\[9\],44.95
bgc_7.comp_col._12_,44.95
bgc_8.lfsr_col.seed_mem\[5\],44.95
clknet_leaf_89_clk,44.95
clknet_leaf_179_clk,44.95
adder_tree._0441_,44.9
adder_tree._0650_,44.9
bgc_3.comp_col.pe2._13_,44.9
bgc_8.comp_row._07_,44.9
adder_tree._0391_,44.85
adder_tree._0638_,44.85
bgc_3.prev_step_output\[9\],44.85
bgc_4.lfsr_col.seed_mem\[8\],44.85
bgc_9.lfsr_col.seed_mem\[5\],44.85
res_mem_inst.write_counter\[1\],44.85
clknet_leaf_70_clk,44.85
adder_tree._0634_,44.8
bgc_2.comp_row.GL_bits\[11\],44.8
bgc_7.final_counter._01_,44.8
clknet_leaf_158_clk,44.8
bgc_11.prev_step_output\[6\],44.44
bgc_2.col_reg.q\[3\],44.44
bgc_6.lfsr_col.seed_mem\[0\],44.44
bgc_14.col_reg.q\[8\],44.39
adder_tree._0481_,44.34
bgc_1.col_reg.q\[5\],44.34
bgc_4.col_reg._034_,44.34
bgc_6.final_counter._21_,44.34
bgc_14.final_counter._21_,44.29
bgc_15.comp_col._10_,44.29
bgc_4.comp_row.B\[11\],44.29
bgc_0.comp_col._12_,44.24
bgc_11.lfsr_col.seed_mem\[3\],44.24
bgc_9.comp_col.pe2._15_,44.24
adder_tree.r\[8\]\[1\],43.88
bgc_12.col_reg.q\[1\],43.88
bgc_2.col_reg.q\[6\],43.88
bgc_1.comp_row.B\[6\],43.83
bgc_11.prev_step_output\[3\],43.83
bgc_2.col_reg.q\[11\],43.83
bgc_4.col_reg._022_,43.83
bgc_5.lfsr_row.seed_mem\[6\],43.83
bgc_8.comp_row.pe1._13_,43.83
adder_tree._0251_,43.78
adder_tree.r\[4\]\[3\],43.78
bgc_10.lfsr_col.seed_mem\[7\],43.78
bgc_14.lfsr_row.seed_mem\[9\],43.78
bgc_3.prev_step_output\[8\],43.78
adder_tree._0588_,43.73
bgc_0.prev_step_output\[2\],43.73
bgc_5.comp_col.pe2._15_,43.73
bgc_8.comp_row.pe2._16_,43.73
bgc_9.final_counter._01_,43.73
adder_tree._0440_,43.68
bgc_14.comp_row.pe1._16_,43.68
bgc_15.comp_col._05_,43.68
bgc_15.comp_col._12_,43.68
bgc_4.col_data_in\[0\],43.68
bgc_9.col_reg.q\[10\],43.37
adder_tree.r\[0\]\[9\],43.32
adder_tree.r\[11\]\[9\],43.32
adder_tree.r\[4\]\[1\],43.32
adder_tree.r\[6\]\[8\],43.27
adder_tree.r\[9\]\[1\],43.27
bgc_10.col_reg.q\[0\],43.27
bgc_10.comp_row._06_,43.27
adder_tree.r\[6\]\[11\],43.22
bgc_12.prev_step_output\[7\],43.22
bgc_15.comp_row._11_,43.22
bgc_4.lfsr_col.seed_mem\[7\],43.22
bgc_6.lfsr_col._26_,43.22
bgc_7.prev_step_output\[7\],43.22
bgc_8.lfsr_row.seed_mem\[7\],43.22
bgc_8.prev_step_output\[11\],43.22
adder_tree._0274_,43.17
bgc_1.comp_col.pe1._16_,43.17
bgc_3.lfsr_row.seed_mem\[9\],43.17
bgc_3.prev_step_output\[11\],43.17
bgc_5.lfsr_col.seed_mem\[7\],43.17
bgc_5.prev_step_output\[3\],43.17
bgc_6.col_reg.q\[3\],43.17
adder_tree._0205_,43.12
bgc_14.comp_row.B\[6\],43.12
adder_tree._0185_,42.76
bgc_2.comp_row.B\[4\],42.76
bgc_6.lfsr_row.seed_mem\[10\],42.76
adder_tree.r\[0\]\[3\],42.71
bgc_0.prev_step_output\[4\],42.71
bgc_11.prev_step_output\[5\],42.71
bgc_8.comp_row.B\[1\],42.71
adder_tree._0561_,42.66
adder_tree.r\[7\]\[4\],42.66
bgc_1.prev_step_output\[1\],42.66
bgc_15.prev_step_output\[3\],42.66
bgc_3.lfsr_row._26_,42.66
bgc_9.col_reg.q\[1\],42.66
res_mem_inst._038_,42.66
adder_tree.r\[5\]\[5\],42.61
bgc_1.col_reg._040_,42.61
bgc_12.prev_step_output\[2\],42.61
bgc_13.prev_step_output\[6\],42.61
bgc_15.col_reg._018_,42.61
bgc_15.comp_col._02_,42.61
bgc_3.comp_row.pe1._13_,42.61
bgc_3.lfsr_col.seed_mem\[1\],42.61
bgc_7.lfsr_row.seed_mem\[11\],42.61
bgc_12.comp_row.pe2._09_,42.56
bgc_3.col_data_in\[11\],42.56
bgc_3.comp_col.pe2._14_,42.56
adder_tree.r\[14\]\[8\],42.2
bgc_15.col_reg.q\[9\],42.2
res_mem_inst.slot\[14\].slot_reg.mode\[1\],42.2
adder_tree.r\[14\]\[4\],42.15
bgc_14.comp_row._06_,42.15
bgc_15.comp_row.B\[2\],42.15
res_mem_inst.out_active_select\[0\],42.15
adder_tree._0254_,42.1
adder_tree.r\[10\]\[4\],42.1
adder_tree.r\[15\]\[8\],42.1
bgc_14.prev_step_output\[8\],42.1
bgc_15.col_reg.q\[1\],42.1
bgc_3.lfsr_col.seed_mem\[6\],42.1
bgc_4.lfsr_col.seed_mem\[4\],42.1
bgc_5.comp_row.B\[8\],42.1
bgc_8.col_reg.q\[6\],42.1
res_mem_inst.out_active_select\[1\],42.1
bgc_1.prev_step_output\[6\],42.05
bgc_12.lfsr_row.seed_mem\[1\],42.05
bgc_2.lfsr_row.seed_mem\[11\],42.05
bgc_5.comp_row.B\[0\],42.05
bgc_5.comp_row.B\[4\],42.05
bgc_6.col_reg.q\[9\],42.05
adder_tree._0123_,42
bgc_10.prev_step_output\[6\],42
bgc_14.comp_row.pe1._14_,42
bgc_4.comp_row.A\[0\],42
bgc_7.comp_col._08_,42
bgc_15.col_reg.q\[7\],41.64
bgc_15.lfsr_row.seed_mem\[10\],41.59
bgc_8.col_reg.q\[10\],41.59
adder_tree._0250_,41.54
adder_tree._0535_,41.54
bgc_0.comp_row.B\[9\],41.54
bgc_11.comp_row._12_,41.54
bgc_11.prev_step_output\[8\],41.54
bgc_4.final_counter._21_,41.54
bgc_8.lfsr_col.seed_mem\[0\],41.54
bgc_13.comp_col.A\[0\],41.49
bgc_13.comp_row.B\[0\],41.49
bgc_13.lfsr_row.seed_mem\[6\],41.49
bgc_14.col_reg.q\[10\],41.49
bgc_4.prev_step_output\[0\],41.49
bgc_6.comp_col.pe1._15_,41.49
bgc_6.comp_row._05_,41.49
adder_tree._0174_,41.44
bgc_11.comp_row.pe2._13_,41.44
bgc_3.comp_row.B\[4\],41.44
bgc_4.comp_col._12_,41.44
res_mem_inst._017_,41.44
timer_inst._10_,41.44
bgc_13.comp_row.B\[5\],41.13
bgc_0.col_reg._024_,41.03
bgc_7.comp_row._02_,41.03
bgc_10.prev_step_output\[8\],40.98
bgc_13.comp_col._06_,40.98
bgc_0.col_data_in\[1\],40.93
bgc_11.comp_row.pe2._14_,40.93
bgc_11.lfsr_col.seed_mem\[10\],40.93
bgc_14.comp_col._09_,40.93
bgc_15.lfsr_col.seed_mem\[0\],40.93
bgc_2.prev_step_output\[4\],40.93
bgc_3.col_reg.q\[0\],40.93
bgc_3.comp_row.B\[3\],40.93
bgc_7.comp_row.pe1._13_,40.93
bgc_8.lfsr_row.seed_mem\[1\],40.93
bgc_12.comp_row.pe1._13_,40.88
bgc_13.col_reg._030_,40.88
bgc_8.comp_row.pe2._13_,40.88
adder_tree.r\[5\]\[8\],40.57
adder_tree.r\[15\]\[2\],40.47
adder_tree.r\[1\]\[8\],40.47
bgc_0.prev_step_output\[9\],40.47
bgc_12.comp_row.B\[1\],40.47
bgc_7.comp_row.B\[0\],40.47
bgc_7.comp_row._10_,40.47
bgc_7.prev_step_output\[6\],40.47
timer_inst.cycle_cnt\[1\],40.47
adder_tree.r\[8\]\[5\],40.42
bgc_15.comp_col._08_,40.42
bgc_7.comp_col._05_,40.42
bgc_8.prev_step_output\[10\],40.42
adder_tree.r\[14\]\[10\],40.37
bgc_10.comp_col._07_,40.37
bgc_12.comp_row._02_,40.37
bgc_14.prev_step_output\[0\],40.37
bgc_5.comp_row.A\[0\],40.37
bgc_7.comp_col.A\[10\],40.37
bgc_7.comp_row._12_,40.37
adder_tree._0188_,40.32
adder_tree._0447_,40.32
bgc_10.col_reg._022_,40.32
bgc_13.col_reg._032_,40.32
bgc_14.col_reg.q\[7\],40.32
bgc_14.comp_col.pe1._15_,40.32
bgc_14.final_counter._01_,40.32
bgc_15.comp_row.pe2._16_,40.32
bgc_2.comp_row._04_,40.32
bgc_2.comp_row._07_,40.32
bgc_2.comp_row.pe1._14_,40.32
bgc_3.comp_col._05_,40.32
bgc_9.col_reg._022_,40.32
adder_tree.r\[8\]\[3\],39.96
bgc_12.lfsr_row.seed_mem\[11\],39.96
adder_tree.r\[8\]\[7\],39.91
bgc_1.comp_row.B\[4\],39.91
bgc_11.comp_row.B\[8\],39.91
adder_tree.r\[0\]\[4\],39.86
adder_tree.r\[14\]\[1\],39.86
bgc_12.final_counter._21_,39.86
adder_tree._0173_,39.81
adder_tree.r\[11\]\[3\],39.81
bgc_11.comp_col.pe1._13_,39.81
bgc_8.comp_col.GR_bits\[11\],39.81
adder_tree._0699_,39.76
bgc_4.col_reg._036_,39.76
adder_tree.r\[5\]\[3\],39.35
bgc_0.comp_row.GL_bits\[8\],39.35
bgc_1.comp_col._06_,39.35
bgc_1.comp_row.B\[7\],39.35
adder_tree._0134_,39.3
adder_tree._0608_,39.3
bgc_0.col_reg.q\[2\],39.3
bgc_10.comp_row._08_,39.3
bgc_11.col_reg.q\[1\],39.3
bgc_11.prev_step_output\[11\],39.3
bgc_9.comp_col.pe1._13_,39.3
res_mem_inst.slot\[14\].slot_reg.mode\[0\],39.3
adder_tree._0030_,39.25
bgc_11.comp_row.pe1._13_,39.25
bgc_14.col_reg.q\[9\],39.25
bgc_15.col_reg._022_,39.25
bgc_2.prev_step_output\[6\],39.25
bgc_6.comp_row._08_,39.25
bgc_9.lfsr_col.seed_mem\[9\],39.25
_02_,39.2
bgc_11.lfsr_row.seed_mem\[1\],39.2
bgc_12.comp_col._05_,39.2
bgc_12.comp_col._10_,39.2
bgc_4.comp_row.A\[1\],39.2
bgc_9.comp_col.pe2._09_,39.2
bgc_7.col_reg.q\[1\],38.89
adder_tree.r\[10\]\[5\],38.79
adder_tree.r\[2\]\[1\],38.79
adder_tree._0025_,38.74
adder_tree._0492_,38.74
bgc_4.prev_step_output\[7\],38.74
bgc_6.lfsr_col.seed_mem\[11\],38.74
bgc_12.comp_col._12_,38.69
bgc_12.prev_step_output\[0\],38.69
bgc_2.comp_row.pe2._13_,38.69
bgc_7.comp_col._09_,38.69
res_mem_inst.write_counter\[3\],38.69
adder_tree.r\[8\]\[10\],38.64
bgc_0.lfsr_row.seed_mem\[6\],38.64
bgc_14.col_reg.q\[11\],38.64
bgc_2.comp_col._07_,38.64
bgc_4.col_reg._032_,38.64
bgc_5.comp_row._05_,38.64
bgc_5.comp_row.x,38.64
adder_tree.r\[3\]\[2\],38.23
bgc_11.comp_row.pe2._16_,38.23
timer_inst._13_,38.23
bgc_0.final_counter._21_,38.18
bgc_11.prev_step_output\[0\],38.18
bgc_12.col_reg.q\[6\],38.18
bgc_12.comp_row._10_,38.18
bgc_14.comp_col.A\[0\],38.18
bgc_4.comp_row.pe1._13_,38.18
bgc_5.lfsr_row.seed_mem\[4\],38.18
adder_tree._0392_,38.13
adder_tree._0442_,38.13
bgc_1.col_reg.q\[1\],38.13
bgc_1.comp_row._03_,38.13
bgc_10.col_reg._026_,38.13
bgc_10.comp_col.pe2._15_,38.13
bgc_13.comp_row.B\[10\],38.13
bgc_2.comp_row.GR_bits\[6\],38.13
bgc_2.comp_row._11_,38.13
bgc_7.prev_step_output\[9\],38.13
bgc_9.col_data_in\[10\],38.13
adder_tree.r\[10\]\[11\],38.08
bgc_12.comp_col.pe1._16_,38.08
bgc_13.comp_col._10_,38.08
bgc_13.prev_step_output\[4\],38.08
bgc_15.col_reg._030_,38.08
bgc_4.comp_row._06_,38.08
bgc_8.comp_col._07_,38.08
bgc_6.col_reg.q\[10\],37.72
bgc_0.comp_row.B\[5\],37.67
bgc_4.prev_step_output\[11\],37.67
bgc_6.comp_row._13_,37.67
adder_tree._0629_,37.62
adder_tree.r\[0\]\[5\],37.62
adder_tree.r\[10\]\[7\],37.62
bgc_10.col_reg._040_,37.62
bgc_15.comp_col.GL_bits\[3\],37.62
bgc_8.prev_step_output\[1\],37.62
bgc_9.comp_row._05_,37.62
bgc_1.lfsr_row.seed_mem\[5\],37.57
bgc_10.comp_row._07_,37.57
bgc_12.comp_row._11_,37.57
bgc_6.comp_row._04_,37.57
bgc_7.prev_step_output\[8\],37.57
bgc_9.prev_step_output\[3\],37.57
net1485,37.57
adder_tree._0604_,37.52
bgc_0.prev_step_output\[7\],37.52
bgc_1.comp_col.pe1._13_,37.52
bgc_14.col_reg._036_,37.52
bgc_3.comp_row._06_,37.52
bgc_10.comp_row.pe2._15_,37.11
adder_tree.r\[13\]\[4\],37.06
adder_tree.r\[3\]\[9\],37.06
bgc_0.comp_col._10_,37.06
bgc_0.prev_step_output\[10\],37.06
bgc_12.lfsr_col.seed_mem\[1\],37.06
bgc_2.comp_row._05_,37.06
bgc_5.comp_col.GL_bits\[5\],37.06
bgc_8.comp_col.A\[0\],37.06
adder_tree._0504_,37.01
adder_tree._0557_,37.01
adder_tree.r\[11\]\[4\],37.01
bgc_13.prev_step_output\[3\],37.01
bgc_14.comp_col.pe2._13_,37.01
bgc_15.col_reg._036_,37.01
bgc_3.comp_row._10_,37.01
bgc_6.comp_row.GL_index\[3\],37.01
bgc_8.prev_step_output\[2\],37.01
bgc_9.comp_col._03_,37.01
adder_tree._0093_,36.96
bgc_1.comp_row.pe1._16_,36.96
bgc_15.comp_row._02_,36.96
bgc_4.prev_step_output\[5\],36.96
bgc_5.col_reg._000_\[9\],36.96
adder_tree.r\[2\]\[10\],36.6
adder_tree._0268_,36.55
adder_tree.r\[9\]\[3\],36.55
bgc_15.lfsr_col.seed_mem\[10\],36.55
bgc_3.comp_col.pe1._13_,36.55
adder_tree._0013_,36.5
bgc_10.prev_step_output\[2\],36.5
bgc_12.comp_col.pe1._13_,36.5
bgc_15.comp_col._11_,36.5
bgc_6.col_reg.q\[5\],36.5
bgc_7.col_data_in\[11\],36.5
bgc_7.col_reg.q\[8\],36.5
bgc_7.comp_col._07_,36.5
bgc_9.col_reg.q\[4\],36.5
res_mem_inst._032_,36.5
adder_tree._0284_,36.45
bgc_10.comp_row._02_,36.45
bgc_10.prev_step_output\[7\],36.45
bgc_11.comp_col._03_,36.45
bgc_11.comp_row._09_,36.45
bgc_2.col_reg._000_\[11\],36.45
bgc_2.prev_step_output\[9\],36.45
bgc_4.comp_col.pe1._16_,36.45
bgc_4.comp_row.GL_bits\[11\],36.45
bgc_5.comp_row.B\[3\],36.45
bgc_5.comp_row._06_,36.45
res_mem_inst._007_,36.45
bgc_0.comp_col.pe2._13_,36.4
bgc_0.comp_row._10_,36.4
bgc_15.comp_row.pe2._14_,36.4
bgc_5.col_reg._000_\[1\],36.4
bgc_12.comp_col._11_,36.12
bgc_11.final_counter._22_,36.04
bgc_2.comp_col.pe1._13_,35.99
bgc_5.final_counter._01_,35.99
bgc_8.lfsr_col.seed_mem\[9\],35.99
adder_tree._0347_,35.94
adder_tree.r\[4\]\[11\],35.94
bgc_0.comp_row.GL_bits\[5\],35.94
bgc_10.col_reg._036_,35.94
bgc_11.col_data_in\[0\],35.94
bgc_6.comp_col.pe2._13_,35.94
bgc_6.comp_row.GR_bits\[4\],35.94
bgc_7.comp_col.GR_bits\[11\],35.94
bgc_9.comp_row._07_,35.94
dec_inst.en_out\[0\],35.94
adder_tree._0132_,35.89
adder_tree._0314_,35.89
bgc_12.comp_row.B\[8\],35.89
bgc_2.col_data_in\[0\],35.89
bgc_4.comp_row._05_,35.89
bgc_5.lfsr_row._26_,35.89
bgc_5.prev_step_output\[4\],35.89
adder_tree._0172_,35.84
adder_tree.r\[13\]\[1\],35.84
bgc_15.comp_col._09_,35.84
bgc_15.comp_col.pe1._16_,35.84
bgc_4.col_reg._040_,35.84
adder_tree.r\[4\]\[4\],35.66
bgc_6.col_reg.q\[11\],35.53
bgc_2.prev_step_output\[10\],35.48
bgc_3.comp_row.pe2._15_,35.48
bgc_1.col_reg.q\[4\],35.43
bgc_3.comp_row.B\[9\],35.43
bgc_8.comp_col.pe1._15_,35.43
_05_,35.38
adder_tree._0309_,35.38
adder_tree._0679_,35.38
bgc_0.comp_row._09_,35.38
bgc_12.comp_col.GL_bits\[11\],35.38
bgc_12.comp_row.B\[0\],35.38
bgc_2.comp_col._02_,35.38
bgc_2.comp_row.GL_bits\[4\],35.38
bgc_3.comp_row.pe2._13_,35.38
adder_tree._0269_,35.33
adder_tree._0712_,35.33
adder_tree.r\[11\]\[2\],35.33
bgc_14.comp_col.pe2._10_,35.33
bgc_14.prev_step_output\[3\],35.33
bgc_15.final_counter._22_,35.33
bgc_2.comp_col._08_,35.33
bgc_2.prev_step_output\[7\],35.33
bgc_3.col_reg._000_\[0\],35.33
bgc_4.comp_row._15_,35.33
bgc_9.comp_row._13_,35.33
lfsr_enabler.row_load_count\[4\],35.33
adder_tree._0563_,35.28
bgc_10.col_reg._034_,35.28
bgc_13.comp_col.pe2._16_,35.28
bgc_14.comp_col._06_,35.28
bgc_2.comp_col.pe2._15_,35.28
bgc_4.comp_row._07_,35.28
bgc_8.comp_row._09_,35.28
mode_col_g1,35.28
res_mem_inst.write_counter\[2\],35.28
bgc_3.prev_step_output\[3\],34.97
adder_tree._0394_,34.87
bgc_1.comp_row.A\[0\],34.87
bgc_12.comp_row._04_,34.87
bgc_2.prev_step_output\[3\],34.87
timer_inst.cycle_cnt\[10\],34.87
adder_tree.r\[5\]\[10\],34.82
bgc_0.comp_row.GL_bits\[11\],34.82
bgc_10.comp_row.B\[8\],34.82
bgc_10.comp_row.GR_bits\[9\],34.82
bgc_14.comp_row._07_,34.82
bgc_2.comp_row._12_,34.82
bgc_6.comp_col.pe1._13_,34.82
bgc_6.prev_step_output\[10\],34.82
bgc_9.comp_col._04_,34.82
adder_tree._0286_,34.77
adder_tree._0577_,34.77
bgc_11.comp_col.GL_index\[2\],34.77
bgc_5.comp_col.GL_bits\[11\],34.77
bgc_9.comp_col.GR_bits\[11\],34.77
adder_tree._0046_,34.72
adder_tree._0585_,34.72
bgc_1.col_reg._026_,34.72
bgc_12.comp_col._07_,34.72
bgc_13.comp_col._08_,34.72
bgc_13.comp_col._13_,34.72
bgc_14.col_data_in\[11\],34.72
bgc_2.comp_col._04_,34.72
bgc_5.comp_row.B\[6\],34.72
bgc_7.final_counter._22_,34.72
bgc_0.comp_col._11_,34.49
adder_tree.r\[0\]\[7\],34.36
adder_tree.r\[8\]\[8\],34.36
adder_tree.r\[11\]\[1\],34.31
bgc_15.final_counter._01_,34.31
bgc_6.comp_row.B\[3\],34.31
bgc_8.comp_col.pe2._15_,34.31
adder_tree.r\[12\]\[11\],34.26
bgc_0.comp_col._09_,34.26
bgc_14.prev_step_output\[1\],34.26
bgc_15.prev_step_output\[9\],34.26
bgc_4.comp_col.pe2._14_,34.26
bgc_5.comp_col._09_,34.26
bgc_8.prev_step_output\[6\],34.26
lfsr_enabler.row_load_count\[3\],34.26
adder_tree._0038_,34.21
adder_tree._0084_,34.21
adder_tree.r\[13\]\[10\],34.21
adder_tree.r\[14\]\[2\],34.21
bgc_1.comp_row._04_,34.21
bgc_13.comp_col.A\[1\],34.21
bgc_14.prev_step_output\[2\],34.21
bgc_15.comp_row.B\[0\],34.21
bgc_3.comp_row.pe2._09_,34.21
bgc_8.comp_col.GL_bits\[11\],34.21
res_mem_inst.slot\[4\].slot_reg.mode\[1\],34.21
adder_tree._0403_,34.16
adder_tree._0603_,34.16
bgc_15.comp_row._10_,34.16
bgc_5.comp_col.pe2._10_,34.16
bgc_8.prev_step_output\[3\],34.16
bgc_4.col_reg.q\[8\],33.9
bgc_10.comp_row.GR_bits\[11\],33.88
adder_tree._0620_,33.75
bgc_1.col_reg.q\[11\],33.75
bgc_15.prev_step_output\[6\],33.75
bgc_3.lfsr_col.seed_mem\[10\],33.75
res_mem_inst._027_,33.75
adder_tree.r\[11\]\[7\],33.7
bgc_1.comp_col._13_,33.7
bgc_10.comp_col._06_,33.7
bgc_10.lfsr_col.seed_mem\[11\],33.7
bgc_12.col_reg.q\[0\],33.7
bgc_14.lfsr_col.seed_mem\[0\],33.7
bgc_5.comp_row.B\[2\],33.7
bgc_5.prev_step_output\[10\],33.7
adder_tree._0414_,33.65
bgc_0.comp_col.pe1._15_,33.65
bgc_12.comp_row.pe2._13_,33.65
bgc_13.comp_col.pe1._13_,33.65
bgc_14.comp_col.pe2._14_,33.65
bgc_14.comp_col.pe2._16_,33.65
bgc_14.comp_row._08_,33.65
bgc_2.lfsr_col.seed_mem\[11\],33.65
bgc_3.comp_row._09_,33.65
bgc_5.comp_row.B\[7\],33.65
bgc_6.final_counter._22_,33.65
adder_tree._0581_,33.6
bgc_0.comp_col.x,33.6
bgc_14.col_reg._000_\[0\],33.6
bgc_4.comp_row.GR_bits\[4\],33.6
bgc_9.col_reg._000_\[8\],33.6
bgc_9.comp_col.pe1._09_,33.6
adder_tree.r\[8\]\[4\],33.19
bgc_1.comp_col._02_,33.14
bgc_10.comp_col._02_,33.14
bgc_12.comp_col.pe2._13_,33.14
bgc_14.prev_step_output\[5\],33.14
bgc_15.col_reg.q\[0\],33.14
bgc_3.prev_step_output\[4\],33.14
bgc_3.prev_step_output\[6\],33.14
bgc_8.col_reg.q\[9\],33.14
bgc_8.lfsr_col._26_,33.14
bgc_10.comp_col._05_,33.09
bgc_10.comp_row.B\[0\],33.09
bgc_14.col_reg._022_,33.09
bgc_15.col_reg._034_,33.09
bgc_2.comp_col.GR_bits\[3\],33.09
bgc_2.comp_row.A\[0\],33.09
bgc_7.comp_row._09_,33.09
bgc_7.comp_row._15_,33.09
adder_tree._0647_,33.04
bgc_13.comp_row.B\[9\],33.04
bgc_15.comp_row.pe1._16_,33.04
bgc_5.comp_row.GL_bits\[9\],33.04
bgc_5.comp_row._04_,33.04
bgc_6.col_reg._028_,33.04
bgc_6.comp_col._12_,33.04
adder_tree.r\[2\]\[2\],32.68
bgc_1.comp_col.pe2._13_,32.63
bgc_13.prev_step_output\[10\],32.58
bgc_15.comp_row.B\[1\],32.58
bgc_6.comp_row._07_,32.58
bgc_6.lfsr_row._00_\[9\],32.58
bgc_9.prev_step_output\[9\],32.58
adder_tree.r\[8\]\[11\],32.53
bgc_1.comp_row._06_,32.53
bgc_11.comp_col._13_,32.53
bgc_14.col_reg._024_,32.53
bgc_4.comp_row.pe1._15_,32.53
bgc_4.prev_step_output\[6\],32.53
bgc_7.final_counter._19_,32.53
bgc_9.comp_row._10_,32.53
bgc_9.lfsr_row.seed_mem\[0\],32.53
net629,32.48
adder_tree._0521_,32.48
bgc_10.prev_step_output\[4\],32.48
bgc_12.comp_col._09_,32.48
bgc_12.comp_row._07_,32.48
bgc_13.comp_row.A\[0\],32.48
bgc_13.comp_row.pe1._10_,32.48
bgc_2.comp_col._13_,32.48
bgc_2.comp_row.pe1._16_,32.48
bgc_4.col_data_in\[1\],32.48
bgc_5.comp_row._07_,32.48
bgc_8.comp_row.pe1._16_,32.48
bgc_9.final_counter._00_\[11\],32.48
bgc_6.comp_row.GR_bits\[3\],32.12
adder_tree.r\[11\]\[10\],32.07
bgc_1.prev_step_output\[5\],32.07
bgc_10.comp_row.GL_bits\[3\],32.07
bgc_10.comp_row.pe1._15_,32.07
bgc_10.prev_step_output\[5\],32.07
bgc_11.prev_step_output\[7\],32.07
bgc_12.prev_step_output\[11\],32.07
bgc_14.comp_row.GR_bits\[6\],32.07
adder_tree._0434_,32.02
bgc_0.col_reg.q\[7\],32.02
bgc_1.comp_col.GL_bits\[11\],32.02
bgc_10.comp_col.GL_index\[3\],32.02
bgc_11.comp_col.A\[0\],32.02
bgc_11.comp_row._10_,32.02
bgc_14.comp_col.GL_bits\[3\],32.02
bgc_5.comp_row.B\[9\],32.02
bgc_7.comp_row._11_,32.02
adder_tree._0371_,31.97
adder_tree._0515_,31.97
adder_tree.r\[6\]\[2\],31.97
bgc_12.comp_row.GL_bits\[11\],31.97
bgc_12.comp_row.pe1._09_,31.97
bgc_13.comp_col.pe2._13_,31.97
bgc_4.comp_row.GL_bits\[4\],31.97
bgc_6.lfsr_row.seed_mem\[9\],31.97
bgc_6.prev_step_output\[1\],31.97
bgc_8.lfsr_col.seed_mem\[11\],31.97
bgc_12.col_reg._034_,31.92
bgc_14.comp_col.pe1._10_,31.92
bgc_15.col_reg._020_,31.92
bgc_2.final_counter._00_\[11\],31.92
bgc_8.comp_col._13_,31.92
bgc_9.col_reg.q\[9\],31.92
res_mem_inst.write_counter\[0\],31.56
adder_tree.r\[10\]\[2\],31.51
adder_tree.r\[2\]\[3\],31.51
bgc_0.prev_step_output\[6\],31.51
bgc_11.comp_col._07_,31.46
bgc_12.final_counter._12_,31.46
bgc_2.prev_step_output\[5\],31.46
bgc_3.comp_col.pe1._14_,31.46
bgc_3.comp_row.B\[5\],31.46
bgc_4.final_counter._22_,31.46
bgc_7.comp_col._06_,31.46
bgc_8.comp_col._06_,31.46
adder_tree._0336_,31.41
bgc_1.comp_row._08_,31.41
bgc_14.comp_row._05_,31.41
bgc_2.col_reg._024_,31.41
bgc_5.comp_row._12_,31.41
bgc_6.comp_row.A\[0\],31.41
bgc_7.comp_col._04_,31.41
dec_inst._01_,31.41
adder_tree._0259_,31.36
bgc_11.comp_col.pe1._16_,31.36
bgc_11.comp_row._08_,31.36
bgc_12.comp_col._08_,31.36
bgc_13.col_reg._028_,31.36
bgc_13.col_reg._034_,31.36
bgc_13.comp_col.GL_index\[3\],31.36
bgc_14.comp_row.GL_bits\[11\],31.36
bgc_2.row_reg._000_\[0\],31.36
bgc_3.comp_col._07_,31.36
bgc_6.col_reg._020_,31.36
bgc_6.comp_col.pe2._15_,31.36
bgc_6.lfsr_row._00_\[10\],31.36
bgc_7.comp_row._08_,31.36
bgc_7.comp_row.B\[1\],31
adder_tree._0551_,30.95
bgc_0.prev_step_output\[3\],30.95
bgc_2.lfsr_col.seed_mem\[0\],30.95
adder_tree._0528_,30.9
adder_tree._0654_,30.9
adder_tree.r\[0\]\[1\],30.9
adder_tree.r\[13\]\[5\],30.9
bgc_0.col_reg.q\[8\],30.9
bgc_0.comp_row.B\[8\],30.9
bgc_0.comp_row._08_,30.9
bgc_13.comp_row.pe1._15_,30.9
bgc_9.prev_step_output\[0\],30.9
adder_tree.r\[7\]\[1\],30.85
bgc_0.col_reg._032_,30.85
bgc_11.col_reg._032_,30.85
bgc_14.comp_col.GL_bits\[11\],30.85
bgc_2.row_reg._000_\[1\],30.85
bgc_7.comp_col.A\[1\],30.85
bgc_7.comp_row.pe1._15_,30.85
bgc_8.lfsr_row._00_\[6\],30.85
adder_tree._0562_,30.8
bgc_0.col_reg._034_,30.8
bgc_0.comp_col._04_,30.8
bgc_10.col_reg._038_,30.8
bgc_6.comp_col._13_,30.8
bgc_8.comp_col.GL_index\[3\],30.8
bgc_8.final_counter._01_,30.8
bgc_9.col_data_in\[11\],30.8
bgc_9.comp_row._08_,30.8
bgc_5.prev_step_output\[11\],30.49
bgc_9.prev_step_output\[4\],30.44
adder_tree._0054_,30.34
bgc_10.col_reg._028_,30.34
bgc_13.comp_row.GL_bits\[11\],30.34
bgc_15.col_data_in\[7\],30.34
bgc_3.lfsr_row.seed_mem\[0\],30.34
bgc_8.comp_col.pe2._13_,30.34
adder_tree._0110_,30.29
bgc_0.lfsr_col.seed_mem\[7\],30.29
bgc_1.prev_step_output\[7\],30.29
bgc_11.comp_row._05_,30.29
bgc_14.comp_row.GR_bits\[9\],30.29
bgc_2.comp_col.pe2._12_,30.29
bgc_3.comp_col.A\[9\],30.29
bgc_4.comp_col.GL_index\[2\],30.29
bgc_4.comp_row.pe2._13_,30.29
bgc_6.comp_col.pe1._16_,30.29
bgc_8.comp_col._08_,30.29
adder_tree._0494_,30.24
bgc_11.final_counter._12_,30.24
bgc_2.comp_col.pe1._16_,30.24
clknet_leaf_102_clk,30.24
adder_tree._0111_,29.83
bgc_0.lfsr_col.seed_mem\[9\],29.83
bgc_11.comp_row.B\[0\],29.83
adder_tree._0275_,29.78
bgc_13.lfsr_col.seed_mem\[1\],29.78
bgc_5.comp_row.pe2._15_,29.78
bgc_6.comp_col.pe2._16_,29.78
res_mem_inst.slot\[6\].slot_reg._016_,29.78
adder_tree._0086_,29.73
adder_tree._0512_,29.73
adder_tree.r\[12\]\[2\],29.73
bgc_13.col_reg._000_\[0\],29.73
bgc_13.comp_row.GR_bits\[3\],29.73
bgc_14.comp_row.pe2._08_,29.73
bgc_14.lfsr_col.seed_mem\[11\],29.73
bgc_7.col_reg._018_,29.73
bgc_7.comp_col.pe2._15_,29.73
bgc_8.comp_row.pe1._14_,29.73
timer_inst.cycle_cnt\[7\],29.73
adder_tree._0297_,29.68
adder_tree._0330_,29.68
adder_tree._0431_,29.68
adder_tree._0625_,29.68
bgc_11.comp_col.pe2._10_,29.68
bgc_3.comp_row.GL_bits\[11\],29.37
adder_tree._0276_,29.27
adder_tree._0408_,29.27
adder_tree._0517_,29.27
adder_tree._0090_,29.22
adder_tree._0113_,29.22
adder_tree.r\[5\]\[2\],29.22
bgc_0.comp_row.pe1._13_,29.22
bgc_0.comp_row.pe1._15_,29.22
bgc_1.lfsr_row.seed_mem\[9\],29.22
bgc_10.comp_col.pe1._13_,29.22
bgc_7.col_reg.mode\[1\],29.22
adder_tree._0226_,29.17
adder_tree._0470_,29.17
adder_tree._0565_,29.17
adder_tree.r\[13\]\[3\],29.17
adder_tree.r\[5\]\[11\],29.17
adder_tree.r\[9\]\[8\],29.17
bgc_10.comp_row.GL_index\[3\],29.17
bgc_15.col_reg._000_\[1\],29.17
bgc_2.comp_row.pe1._10_,29.17
bgc_4.comp_col.A\[0\],29.17
bgc_4.comp_col._13_,29.17
bgc_5.comp_col.GR_bits\[0\],29.17
bgc_5.comp_col.GR_bits\[1\],29.17
bgc_5.comp_col._04_,29.17
bgc_7.prev_step_output\[5\],29.17
adder_tree._0180_,29.12
adder_tree._0605_,29.12
bgc_13.final_counter._01_,29.12
bgc_15.comp_col.GL_bits\[6\],29.12
bgc_2.final_counter._12_,29.12
bgc_4.final_counter._14_,29.12
bgc_7.comp_row._06_,29.12
bgc_8.comp_col._05_,29.12
adder_tree.r\[3\]\[8\],28.71
adder_tree.r\[9\]\[2\],28.71
bgc_14.comp_row.GL_index\[3\],28.71
bgc_6.lfsr_col.seed_mem\[9\],28.71
adder_tree._0192_,28.66
bgc_1.comp_col._08_,28.66
bgc_1.final_counter._21_,28.66
bgc_15.final_counter._12_,28.66
bgc_3.lfsr_row.seed_mem\[11\],28.66
bgc_5.comp_row.GR_bits\[4\],28.66
bgc_5.comp_row.pe1._15_,28.66
bgc_5.final_counter._06_,28.66
bgc_9.comp_row.B\[9\],28.66
bgc_9.prev_step_output\[11\],28.66
bgc_0.comp_col.A\[0\],28.61
bgc_0.lfsr_row.seed_mem\[7\],28.61
bgc_15.comp_row.GL_bits\[2\],28.61
bgc_3.comp_col.GL_index\[3\],28.61
bgc_4.comp_col.pe1._13_,28.61
bgc_6.comp_row.B\[9\],28.61
bgc_9.comp_row.pe1._13_,28.61
adder_tree._0340_,28.56
adder_tree.r\[15\]\[1\],28.56
bgc_1.col_reg._028_,28.56
bgc_11.final_counter._00_\[11\],28.56
bgc_15.comp_col.pe1._14_,28.56
bgc_4.comp_row._08_,28.56
bgc_5.comp_row._09_,28.56
bgc_6.comp_col.GL_bits\[11\],28.56
bgc_9.comp_row.pe1._15_,28.56
res_mem_inst.slot\[2\].slot_reg._003_,28.56
bgc_15.comp_col.pe2._13_,28.33
bgc_13.final_counter._21_,28.25
adder_tree.r\[14\]\[7\],28.15
adder_tree.r\[4\]\[2\],28.15
res_mem_inst.shift_cycle_count\[5\],28.15
adder_tree._0027_,28.1
adder_tree._0060_,28.1
adder_tree.r\[7\]\[6\],28.1
bgc_10.col_reg._032_,28.1
bgc_10.comp_row.pe1._11_,28.1
bgc_11.comp_col.GL_index\[3\],28.1
bgc_11.comp_row.GL_bits\[11\],28.1
bgc_12.final_counter._01_,28.1
bgc_13.comp_row._08_,28.1
bgc_13.comp_row.pe2._12_,28.1
bgc_14.prev_step_output\[4\],28.1
bgc_14.prev_step_output\[7\],28.1
bgc_15.comp_col.GL_bits\[4\],28.1
bgc_15.comp_col.GL_bits\[5\],28.1
bgc_2.comp_col.GR_bits\[11\],28.1
bgc_3.comp_col.pe1._16_,28.1
bgc_5.comp_row.B\[1\],28.1
bgc_5.final_counter._00_\[10\],28.1
bgc_6.comp_col.A\[0\],28.1
bgc_6.comp_col.pe1._10_,28.1
bgc_9.comp_col._05_,28.1
res_mem_inst.slot\[7\].slot_reg._016_,28.1
_04_,28.05
adder_tree._0145_,28.05
bgc_0.lfsr_row._26_,28.05
bgc_0.lfsr_row.seed_mem\[11\],28.05
bgc_13.comp_row.GL_bits\[3\],28.05
bgc_14.comp_col.pe2._15_,28.05
bgc_15.comp_row.GL_index\[3\],28.05
bgc_3.final_counter._12_,28.05
bgc_5.col_reg._000_\[11\],28.05
bgc_6.comp_col.pe1._14_,28.05
bgc_6.comp_col.pe2._14_,28.05
bgc_8.comp_row._13_,28.05
res_mem_inst.slot\[11\].slot_reg.mode\[1\],28.05
timer_inst.cycle_cnt\[4\],28.05
bgc_10.comp_row.pe2._09_,28
bgc_11.comp_row.pe1._14_,28
bgc_14.comp_col._07_,28
bgc_14.comp_col._08_,28
bgc_15.comp_row.pe1._13_,28
bgc_5.col_reg._032_,28
bgc_6.comp_row.B\[4\],28
bgc_7.comp_row._07_,28
bgc_7.comp_row.pe1._10_,28
bgc_7.comp_row.pe1._16_,28
bgc_9.col_reg._034_,28
bgc_9.col_reg._036_,28
bgc_9.comp_row.GL_bits\[7\],28
lfsr_enabler._06_,28
bgc_1.prev_step_output\[8\],27.59
bgc_10.prev_step_output\[11\],27.59
bgc_4.prev_step_output\[1\],27.59
adder_tree._0182_,27.54
adder_tree.r\[2\]\[8\],27.54
bgc_13.comp_row.pe2._13_,27.54
bgc_14.final_counter._00_\[7\],27.54
bgc_6.comp_col.pe2._10_,27.54
bgc_6.final_counter._12_,27.54
bgc_6.prev_step_output\[6\],27.54
bgc_7.comp_col.pe2._13_,27.54
adder_tree._0280_,27.49
adder_tree._0670_,27.49
bgc_1.comp_row._13_,27.49
bgc_10.final_counter._12_,27.49
bgc_12.col_reg._032_,27.49
bgc_13.comp_col.GL_bits\[9\],27.49
bgc_14.comp_row.pe2._13_,27.49
bgc_3.comp_row.GR_bits\[3\],27.49
bgc_3.prev_step_output\[2\],27.49
bgc_5.lfsr_col.seed_mem\[0\],27.49
bgc_6.comp_row._12_,27.49
bgc_7.comp_col._03_,27.49
bgc_8.comp_row.pe2._14_,27.49
bgc_9.comp_col.A\[9\],27.49
bgc_9.comp_col.GL_bits\[6\],27.49
res_mem_inst.slot\[14\].slot_reg._016_,27.49
timer_inst._01_\[1\],27.49
adder_tree._0698_,27.44
bgc_0.comp_col._05_,27.44
bgc_1.comp_row.pe1._14_,27.44
bgc_11.comp_col._12_,27.44
bgc_13.comp_col._07_,27.44
bgc_14.comp_col._13_,27.44
bgc_14.comp_row.pe1._15_,27.44
bgc_3.col_reg._034_,27.44
bgc_6.comp_col.A\[1\],27.44
bgc_6.comp_row.pe2._09_,27.44
bgc_7.comp_row.A\[1\],27.44
bgc_7.comp_row._04_,27.44
bgc_8.final_counter._21_,27.44
bgc_9.comp_col._06_,27.44
bgc_9.comp_row.pe2._09_,27.44
mode_col_g0,27.44
bgc_5.comp_col._08_,27.03
bgc_7.col_reg._016_,27.03
bgc_1.prev_step_output\[11\],26.98
bgc_10.prev_step_output\[9\],26.98
bgc_11.comp_col.pe2._15_,26.98
bgc_2.comp_row.GL_bits\[3\],26.98
bgc_2.comp_row._06_,26.98
bgc_4.comp_row._04_,26.98
bgc_5.col_reg.q\[1\],26.98
bgc_7.comp_row.GL_bits\[11\],26.98
res_mem_inst.shift_cycle_count\[2\],26.98
adder_tree._0144_,26.93
adder_tree._0474_,26.93
bgc_1.comp_col.pe2._15_,26.93
bgc_1.final_counter._01_,26.93
bgc_1.prev_step_output\[9\],26.93
bgc_12.comp_row._09_,26.93
bgc_12.lfsr_col._26_,26.93
bgc_2.comp_row.B\[0\],26.93
bgc_3.comp_col.A\[10\],26.93
bgc_6.comp_col._08_,26.93
bgc_8.comp_col.A\[1\],26.93
adder_tree._0266_,26.88
adder_tree._0506_,26.88
bgc_0.col_reg._030_,26.88
bgc_1.comp_col._04_,26.88
bgc_1.prev_step_output\[4\],26.88
bgc_13.col_reg._022_,26.88
bgc_13.comp_col._05_,26.88
bgc_14.col_reg.q\[5\],26.88
bgc_14.comp_row.pe2._16_,26.88
bgc_15.comp_col._13_,26.88
bgc_3.comp_row.GR_bits\[4\],26.88
bgc_5.col_reg._038_,26.88
bgc_6.comp_col._10_,26.88
bgc_8.comp_col.pe1._13_,26.88
bgc_0.lfsr_col.seed_mem\[11\],26.7
bgc_4.prev_step_output\[3\],26.52
bgc_9.comp_row.GL_bits\[3\],26.52
adder_tree._0356_,26.42
adder_tree._0418_,26.42
adder_tree._0456_,26.42
bgc_12.comp_col.pe1._14_,26.42
bgc_12.comp_row.GR_bits\[6\],26.42
bgc_15.comp_col.GR_bits\[6\],26.42
bgc_15.prev_step_output\[8\],26.42
bgc_7.final_counter._12_,26.42
bgc_9.comp_row.pe2._13_,26.42
adder_tree.r\[3\]\[11\],26.37
bgc_0.comp_row.pe2._15_,26.37
bgc_10.final_counter._00_\[11\],26.37
bgc_11.final_counter._01_,26.37
bgc_12.comp_row.GL_bits\[4\],26.37
bgc_14.col_reg._000_\[10\],26.37
bgc_14.col_reg._026_,26.37
bgc_15.comp_row._07_,26.37
bgc_15.prev_step_output\[5\],26.37
bgc_3.col_reg._000_\[10\],26.37
bgc_6.final_counter._00_\[8\],26.37
bgc_6.prev_step_output\[2\],26.37
adder_tree._0316_,26.32
adder_tree._0575_,26.32
adder_tree._0593_,26.32
adder_tree._0701_,26.32
bgc_0.col_reg._022_,26.32
bgc_1.comp_col.pe2._14_,26.32
bgc_14.comp_col._05_,26.32
bgc_2.comp_col.GL_bits\[3\],26.32
bgc_4.comp_col._10_,26.32
bgc_4.comp_row.pe2._09_,26.32
bgc_9.comp_col._13_,26.32
bgc_10.comp_row.pe1._13_,25.96
bgc_0.col_data_in\[11\],25.91
bgc_13.comp_col.GL_bits\[10\],25.91
bgc_13.prev_step_output\[5\],25.91
bgc_5.prev_step_output\[8\],25.91
adder_tree._0153_,25.86
adder_tree._0589_,25.86
bgc_10.comp_col.GL_index\[2\],25.86
bgc_13.comp_row._09_,25.86
bgc_5.comp_col._05_,25.86
bgc_5.comp_row.GR_bits\[3\],25.86
bgc_5.comp_row.pe1._03_,25.86
bgc_5.final_counter._19_,25.86
adder_tree._0208_,25.81
adder_tree._0420_,25.81
adder_tree._0616_,25.81
adder_tree._0633_,25.81
bgc_1.comp_col.GR_bits\[3\],25.81
bgc_13.lfsr_col._00_\[6\],25.81
bgc_13.row_reg._000_\[11\],25.81
bgc_14.comp_col.pe2._09_,25.81
bgc_14.comp_row.GL_bits\[3\],25.81
bgc_2.final_counter._14_,25.81
bgc_4.comp_col._08_,25.81
bgc_5.col_reg._000_\[10\],25.81
bgc_5.col_reg.q\[0\],25.81
bgc_8.comp_col.pe1._09_,25.81
bgc_9.comp_row._15_,25.81
res_mem_inst.shift_cycle_count\[4\],25.81
res_mem_inst.slot\[4\].slot_reg._000_\[3\],25.81
res_mem_inst.slot\[7\].slot_reg._018_,25.81
adder_tree._0064_,25.76
bgc_14.prev_step_output\[9\],25.76
bgc_3.comp_col._08_,25.76
bgc_7.comp_col.pe2._09_,25.76
bgc_7.lfsr_row._26_,25.76
bgc_9.lfsr_col.seed_mem\[11\],25.76
bgc_10.comp_col.pe2._13_,25.35
bgc_10.comp_row.GL_index\[2\],25.35
bgc_6.comp_row.GR_bits\[8\],25.35
adder_tree._0076_,25.3
adder_tree._0148_,25.3
bgc_0.comp_col._08_,25.3
bgc_11.comp_col._09_,25.3
bgc_14.comp_row.A\[0\],25.3
bgc_8.final_counter._14_,25.3
bgc_9.comp_row.GL_bits\[4\],25.3
adder_tree._0333_,25.25
adder_tree._0426_,25.25
bgc_0.comp_col._13_,25.25
bgc_10.final_counter._17_,25.25
bgc_11.comp_col.GL_index\[1\],25.25
bgc_11.comp_row.B\[1\],25.25
bgc_12.final_counter._22_,25.25
bgc_13.lfsr_col.seed_mem\[10\],25.25
bgc_6.comp_row.GL_bits\[3\],25.25
bgc_7.comp_row.GR_bits\[6\],25.25
bgc_9.comp_row.B\[0\],25.25
bgc_9.comp_row.pe2._15_,25.25
bgc_9.final_counter._06_,25.25
res_mem_inst.shift_cycle_count\[0\],25.25
timer_inst.cycle_cnt\[8\],25.25
adder_tree._0070_,25.2
adder_tree._0713_,25.2
bgc_0.comp_col.pe1._09_,25.2
bgc_0.comp_row._07_,25.2
bgc_10.comp_col.pe1._10_,25.2
bgc_11.comp_col.GR_bits\[11\],25.2
bgc_11.comp_row.pe1._16_,25.2
bgc_13.col_reg._000_\[1\],25.2
bgc_14.col_data_in\[1\],25.2
bgc_14.comp_row.pe2._12_,25.2
bgc_15.comp_col.pe2._16_,25.2
bgc_2.comp_col.GR_bits\[4\],25.2
bgc_2.comp_col.pe2._10_,25.2
bgc_3.comp_row._12_,25.2
bgc_4.comp_col.pe1._12_,25.2
bgc_5.col_reg._030_,25.2
bgc_5.comp_row._13_,25.2
bgc_6.col_reg._024_,25.2
bgc_7.comp_col.GR_bits\[6\],25.2
bgc_7.comp_row.pe1._06_,25.2
res_mem_inst._046_,25.2
res_mem_inst.slot\[15\].slot_reg._039_,25.2
bgc_1.comp_row.GR_bits\[3\],24.79
bgc_10.comp_row._09_,24.79
adder_tree._0400_,24.74
bgc_1.comp_row.GR_bits\[4\],24.74
bgc_1.comp_row._07_,24.74
bgc_12.comp_col.GR_bits\[10\],24.74
bgc_2.comp_col._03_,24.74
bgc_4.comp_col._09_,24.74
bgc_8.prev_step_output\[8\],24.74
bgc_1.col_reg._034_,24.69
bgc_11.comp_row.pe2._15_,24.69
bgc_12.comp_row.A\[2\],24.69
bgc_12.comp_row._14_,24.69
bgc_14.col_reg._000_\[9\],24.69
bgc_15.comp_row.GL_bits\[3\],24.69
bgc_15.comp_row._08_,24.69
bgc_4.comp_col.pe2._12_,24.69
bgc_6.comp_col.pe2._09_,24.69
bgc_8.col_reg.q\[0\],24.69
bgc_9.comp_row._04_,24.69
bgc_9.lfsr_col._26_,24.69
lfsr_enabler._11_,24.69
timer_inst.cycle_cnt\[9\],24.69
adder_tree._0350_,24.64
bgc_1.comp_col.pe1._14_,24.64
bgc_1.comp_col.pe2._16_,24.64
bgc_13.col_reg._036_,24.64
bgc_13.comp_col._09_,24.64
bgc_2.comp_row.GR_bits\[4\],24.64
bgc_3.comp_col.GL_bits\[4\],24.64
bgc_4.comp_row.pe1._09_,24.64
bgc_6.col_reg._036_,24.64
bgc_9.final_counter._00_\[9\],24.64
bgc_6.comp_row.GL_bits\[4\],24.28
adder_tree._0048_,24.23
adder_tree.r\[0\]\[8\],24.23
bgc_12.comp_row.GR_bits\[4\],24.23
bgc_5.comp_col.GR_bits\[6\],24.23
bgc_6.comp_row._09_,24.23
bgc_9.comp_row._11_,24.23
adder_tree._0281_,24.18
adder_tree._0439_,24.18
adder_tree.r\[11\]\[11\],24.18
bgc_11.comp_col.pe2._13_,24.18
bgc_12.comp_col.pe2._16_,24.18
bgc_15.comp_row._05_,24.18
bgc_2.col_reg._020_,24.18
bgc_4.final_counter._00_\[6\],24.18
bgc_5.prev_step_output\[5\],24.18
bgc_6.comp_row.GL_index\[1\],24.18
bgc_7.comp_row.pe2._15_,24.18
adder_tree._0584_,24.13
bgc_0.prev_step_output\[0\],24.13
bgc_0.row_reg._000_\[1\],24.13
bgc_1.comp_col._05_,24.13
bgc_10.final_counter._00_\[10\],24.13
bgc_10.final_counter._04_,24.13
bgc_11.col_reg.q\[0\],24.13
bgc_13.comp_col.GL_bits\[4\],24.13
bgc_14.final_counter._00_\[6\],24.13
bgc_2.final_counter._19_,24.13
bgc_3.comp_col.GR_bits\[3\],24.13
bgc_3.comp_row.pe1._03_,24.13
bgc_8.col_reg._036_,24.13
bgc_8.comp_row.GL_bits\[10\],24.13
bgc_8.comp_row.pe2._10_,24.13
adder_tree._0417_,24.08
bgc_10.final_counter._03_,24.08
bgc_10.lfsr_row.seed_mem\[0\],24.08
bgc_12.comp_col.GR_bits\[7\],24.08
bgc_15.comp_col.GL_index\[2\],24.08
bgc_3.comp_row.pe1._15_,24.08
bgc_3.lfsr_col._00_\[6\],24.08
bgc_4.col_reg._000_\[2\],24.08
bgc_0.final_counter._12_,23.67
bgc_1.comp_col.GL_bits\[4\],23.67
bgc_5.comp_col._02_,23.67
bgc_6.comp_row.pe2._15_,23.67
bgc_7.col_reg.q\[0\],23.67
adder_tree._0026_,23.62
bgc_14.lfsr_row.seed_mem\[11\],23.62
bgc_3.comp_col.A\[0\],23.62
bgc_5.comp_col.pe1._13_,23.62
bgc_6.final_counter._00_\[9\],23.62
adder_tree._0022_,23.57
adder_tree._0358_,23.57
bgc_1.final_counter._19_,23.57
bgc_10.comp_col.A\[0\],23.57
bgc_2.comp_col.GL_bits\[6\],23.57
bgc_2.comp_col.GL_index\[2\],23.57
bgc_2.comp_row.pe2._15_,23.57
bgc_7.comp_row.pe1._14_,23.57
bgc_9.prev_step_output\[5\],23.57
res_mem_inst.slot\[13\].slot_reg._000_\[3\],23.57
res_mem_inst.slot\[4\].slot_reg._000_\[4\],23.57
net1481,23.57
net268,23.52
adder_tree._0183_,23.52
adder_tree._0240_,23.52
adder_tree._0323_,23.52
adder_tree._0413_,23.52
adder_tree._0432_,23.52
adder_tree._0479_,23.52
adder_tree.r\[7\]\[2\],23.52
bgc_0.col_reg.q\[0\],23.52
bgc_0.prev_step_output\[1\],23.52
bgc_0.row_reg._002_,23.52
bgc_1.comp_row.pe2._13_,23.52
bgc_1.comp_row.pe2._16_,23.52
bgc_11.comp_col.GL_bits\[3\],23.52
bgc_11.comp_col.GR_bits\[3\],23.52
bgc_13.comp_row._05_,23.52
bgc_2.comp_col.pe1._10_,23.52
bgc_2.comp_row.pe1._15_,23.52
bgc_5.col_reg._028_,23.52
bgc_5.final_counter._00_\[7\],23.52
bgc_6.comp_row.pe2._13_,23.52
bgc_7.comp_col._11_,23.52
bgc_8.comp_row.B\[0\],23.52
res_mem_inst._019_,23.52
res_mem_inst.shift_cycle_count\[1\],23.52
spi_in3,23.38
bgc_13.comp_col.pe2._15_,23.11
bgc_3.col_reg._022_,23.11
bgc_4.comp_col.GR_bits\[11\],23.11
bgc_4.final_counter._12_,23.11
bgc_6.comp_col.GR_bits\[11\],23.11
bgc_6.lfsr_row.seed_mem\[11\],23.11
adder_tree._0452_,23.06
adder_tree._0658_,23.06
adder_tree._0673_,23.06
bgc_1.col_reg._032_,23.06
bgc_11.comp_row._07_,23.06
bgc_12.comp_row.GL_bits\[6\],23.06
bgc_4.comp_row.GR_bits\[3\],23.06
bgc_7.comp_col.pe1._15_,23.06
bgc_7.comp_row.pe2._16_,23.06
bgc_8.comp_row._04_,23.06
res_mem_inst.slot\[7\].slot_reg._039_,23.06
bgc_0.final_counter._00_\[10\],23.01
bgc_10.comp_col.GR_bits\[11\],23.01
bgc_14.comp_row.GL_index\[2\],23.01
bgc_4.comp_col.GL_index\[3\],23.01
bgc_6.comp_col._02_,23.01
bgc_6.comp_col._18_,23.01
bgc_7.col_reg._034_,23.01
bgc_7.comp_row.pe2._13_,23.01
bgc_7.row_reg._000_\[11\],23.01
bgc_8.comp_col.pe1._12_,23.01
bgc_9.comp_col.GL_bits\[3\],23.01
net747,22.96
adder_tree._0407_,22.96
bgc_10.comp_col.pe2._10_,22.96
bgc_14.final_counter._12_,22.96
bgc_15.comp_col.pe2._15_,22.96
bgc_15.comp_row.pe1._14_,22.96
bgc_4.comp_row.pe2._15_,22.96
bgc_5.comp_col.GL_bits\[10\],22.96
bgc_5.comp_row._08_,22.96
bgc_5.prev_step_output\[7\],22.96
bgc_5.row_reg._000_\[1\],22.96
bgc_6.final_counter._19_,22.96
bgc_6.row_reg.mode\[1\],22.96
bgc_8.comp_row.GL_bits\[9\],22.96
bgc_8.comp_row.pe2._12_,22.96
bgc_9.comp_row._14_,22.96
res_mem_inst.slot\[4\].slot_reg._000_\[2\],22.96
bgc_2.comp_row.pe2._06_,22.73
bgc_0.comp_col.GL_bits\[3\],22.55
bgc_1.row_reg._016_,22.55
bgc_11.comp_row.GR_bits\[3\],22.55
bgc_13.comp_row.pe2._15_,22.55
bgc_9.comp_row._06_,22.55
adder_tree._0242_,22.5
adder_tree._0352_,22.5
adder_tree._0483_,22.5
bgc_0.comp_col.GR_bits\[4\],22.5
bgc_0.comp_col.pe2._16_,22.5
bgc_0.comp_row._06_,22.5
bgc_1.comp_col._09_,22.5
bgc_10.comp_row.GL_bits\[5\],22.5
bgc_13.comp_col.GL_bits\[5\],22.5
bgc_15.comp_row.GR_bits\[4\],22.5
bgc_3.comp_row.GR_bits\[11\],22.5
bgc_5.prev_step_output\[1\],22.5
bgc_8.comp_col.pe2._03_,22.5
bgc_8.comp_row.GL_index\[2\],22.5
clknet_leaf_129_clk,22.5
adder_tree._0150_,22.45
adder_tree._0219_,22.45
adder_tree._0422_,22.45
bgc_0.comp_row.GR_bits\[4\],22.45
bgc_1.col_reg._000_\[1\],22.45
bgc_10.comp_col._08_,22.45
bgc_10.lfsr_row.seed_mem\[11\],22.45
bgc_11.col_reg._037_,22.45
bgc_12.comp_row.GL_bits\[9\],22.45
bgc_12.comp_row.GR_bits\[3\],22.45
bgc_13.comp_row.pe1._03_,22.45
bgc_14.prev_step_output\[11\],22.45
bgc_4.comp_row.pe2._12_,22.45
bgc_4.lfsr_row.seed_mem\[11\],22.45
bgc_6.comp_col.GL_bits\[3\],22.45
bgc_6.comp_col.GR_bits\[4\],22.45
bgc_6.comp_col.pe2._12_,22.45
bgc_8.comp_col.GL_bits\[6\],22.45
res_mem_inst.slot\[13\].slot_reg._000_\[1\],22.45
adder_tree._0225_,22.4
adder_tree._0364_,22.4
bgc_0.comp_col.GR_index\[3\],22.4
bgc_10.comp_col.pe1._16_,22.4
bgc_10.comp_row.GL_bits\[2\],22.4
bgc_11.col_reg._020_,22.4
bgc_11.comp_col.pe1._10_,22.4
bgc_11.comp_col.pe1._14_,22.4
bgc_13.col_reg._000_\[2\],22.4
bgc_13.row_reg._000_\[10\],22.4
bgc_15.col_reg._000_\[11\],22.4
bgc_3.comp_row._04_,22.4
bgc_4.comp_col.GL_bits\[11\],22.4
bgc_5.comp_col._03_,22.4
bgc_6.comp_row.pe1._15_,22.4
bgc_8.col_reg._000_\[0\],22.4
bgc_8.comp_row._08_,22.4
net1491,22.4
adder_tree.r\[11\]\[5\],22.04
bgc_14.comp_col.GL_bits\[6\],22.04
bgc_7.comp_col.GL_bits\[5\],22.04
bgc_11.comp_col.GR_bits\[5\],21.99
bgc_11.comp_row.GR_bits\[5\],21.99
bgc_13.comp_row.GR_bits\[4\],21.99
bgc_3.comp_col.GL_bits\[3\],21.99
bgc_9.final_counter._12_,21.99
bgc_9.prev_step_output\[6\],21.99
adder_tree._0062_,21.94
adder_tree._0338_,21.94
adder_tree._0525_,21.94
bgc_1.comp_row.pe2._15_,21.94
bgc_10.comp_col.GL_bits\[3\],21.94
bgc_10.comp_row._11_,21.94
bgc_10.row_reg._000_\[0\],21.94
bgc_11.col_reg._034_,21.94
bgc_11.comp_col._05_,21.94
bgc_11.lfsr_col.seed_mem\[1\],21.94
bgc_13.comp_col.pe1._16_,21.94
bgc_13.comp_row.pe1._13_,21.94
bgc_13.comp_row.pe2._16_,21.94
bgc_15.comp_row.GL_index\[2\],21.94
bgc_4.comp_col.GR_bits\[9\],21.94
bgc_7.comp_row.GR_bits\[3\],21.94
bgc_8.col_reg._016_,21.94
bgc_8.prev_step_output\[5\],21.94
adder_tree._0419_,21.89
adder_tree.r\[7\]\[5\],21.89
bgc_0.comp_col.pe1._12_,21.89
bgc_0.comp_row._16_,21.89
bgc_0.comp_row.pe2._13_,21.89
bgc_1.col_reg._022_,21.89
bgc_1.comp_col._12_,21.89
bgc_10.comp_row.GL_bits\[4\],21.89
bgc_10.comp_row.pe1._12_,21.89
bgc_12.comp_row._06_,21.89
bgc_13.row_reg._000_\[9\],21.89
bgc_15.comp_col._04_,21.89
bgc_15.comp_row.GL_bits\[11\],21.89
bgc_15.comp_row.GR_bits\[3\],21.89
bgc_4.comp_row.GL_index\[2\],21.89
bgc_4.final_counter._00_\[1\],21.89
bgc_4.final_counter._00_\[7\],21.89
bgc_5.col_reg.mode\[1\],21.89
bgc_5.comp_col.A\[0\],21.89
bgc_6.col_reg._000_\[9\],21.89
bgc_7.col_reg._026_,21.89
bgc_8.comp_row.GL_bits\[5\],21.89
bgc_9.col_reg._000_\[10\],21.89
bgc_9.comp_col._10_,21.89
bgc_9.comp_row.pe1._09_,21.89
res_mem_inst.slot\[8\].slot_reg._016_,21.89
timer_inst._02_,21.89
adder_tree._0493_,21.84
bgc_0.comp_col.pe2._12_,21.84
bgc_1.comp_col.pe2._12_,21.84
bgc_10.comp_row._10_,21.84
bgc_11.comp_col.GR_bits\[6\],21.84
bgc_11.lfsr_col._04_,21.84
bgc_11.row_reg._000_\[10\],21.84
bgc_13.comp_col.pe1._03_,21.84
bgc_13.comp_row._07_,21.84
bgc_13.comp_row._10_,21.84
bgc_13.comp_row.pe1._16_,21.84
bgc_13.lfsr_row._00_\[11\],21.84
bgc_15.comp_row.GR_bits\[11\],21.84
bgc_4.comp_col._07_,21.84
bgc_4.comp_row._14_,21.84
bgc_4.final_counter._01_,21.84
bgc_6.col_data_in\[2\],21.84
bgc_6.comp_row._03_,21.84
bgc_6.final_counter._04_,21.84
bgc_8.col_reg._026_,21.84
bgc_9.col_reg._013_,21.84
bgc_7.comp_row.GR_bits\[8\],21.48
adder_tree._0387_,21.43
adder_tree._0674_,21.43
bgc_8.final_counter._04_,21.43
timer_inst.cycle_cnt\[5\],21.43
adder_tree._0278_,21.38
adder_tree._0543_,21.38
bgc_11.comp_row.GR_bits\[4\],21.38
bgc_11.comp_row._02_,21.38
bgc_14.col_reg._000_\[11\],21.38
bgc_15.comp_row._17_,21.38
bgc_4.comp_row.pe2._14_,21.38
bgc_5.comp_row.pe1._06_,21.38
bgc_6.comp_col.pe1._06_,21.38
bgc_9.comp_row.GL_bits\[11\],21.38
res_mem_inst.slot\[13\].slot_reg._000_\[4\],21.38
res_mem_inst.slot\[15\].slot_reg._016_,21.38
res_mem_inst.slot\[8\].slot_reg.mode\[1\],21.38
adder_tree._0109_,21.33
bgc_0.col_reg._000_\[1\],21.33
bgc_1.comp_col._10_,21.33
bgc_1.row_reg._002_,21.33
bgc_10.row_reg._039_,21.33
bgc_10.row_reg.mode\[1\],21.33
bgc_11.final_counter._03_,21.33
bgc_13.col_reg._000_\[6\],21.33
bgc_14.prev_step_output\[6\],21.33
bgc_4.comp_col._11_,21.33
bgc_4.comp_col.pe2._09_,21.33
bgc_5.comp_col.x,21.33
bgc_5.comp_row.pe2._03_,21.33
bgc_7.comp_col.pe1._14_,21.33
res_mem_inst._002_\[1\],21.33
res_mem_inst.slot\[15\].slot_reg._021_,21.33
adder_tree._0471_,21.28
adder_tree._0707_,21.28
bgc_0.comp_col.pe2._10_,21.28
bgc_0.comp_row.pe1._10_,21.28
bgc_1.col_data_in\[0\],21.28
bgc_10.comp_col._04_,21.28
bgc_11.comp_col.GR_bits\[8\],21.28
bgc_11.comp_col.pe2._14_,21.28
bgc_2.comp_col.A\[0\],21.28
bgc_2.comp_col.pe2._09_,21.28
bgc_3.comp_col.pe2._12_,21.28
bgc_3.prev_step_output\[0\],21.28
bgc_4.lfsr_row._26_,21.28
bgc_5.lfsr_col._00_\[7\],21.28
bgc_6.comp_col._09_,21.28
bgc_7.comp_col.x,21.28
bgc_7.final_counter._03_,21.28
bgc_8.col_reg._034_,21.28
bgc_8.row_reg._000_\[0\],21.28
bgc_9.final_counter._00_\[4\],21.28
res_mem_inst._001_\[0\],21.28
timer_inst._01_\[2\],21.28
bgc_3.final_counter._04_,20.92
bgc_5.comp_row.pe2._13_,20.92
adder_tree._0201_,20.87
adder_tree._0555_,20.87
bgc_12.comp_row.GR_bits\[8\],20.87
bgc_2.comp_col.GR_bits\[8\],20.87
bgc_3.comp_row.GL_bits\[3\],20.87
adder_tree.r\[9\]\[5\],20.82
bgc_0.comp_col.pe1._16_,20.82
bgc_1.lfsr_row.seed_mem\[11\],20.82
bgc_10.comp_col.GL_bits\[6\],20.82
bgc_10.comp_col._13_,20.82
bgc_12.comp_col.GL_index\[3\],20.82
bgc_12.comp_row._16_,20.82
bgc_13.final_counter._22_,20.82
bgc_14.comp_row.GL_index\[1\],20.82
bgc_15.final_counter._03_,20.82
bgc_15.final_counter._06_,20.82
bgc_2.final_counter._03_,20.82
bgc_8.comp_row.pe2._15_,20.82
lfsr_enabler.row_load_count\[5\],20.82
adder_tree._0117_,20.77
adder_tree._0216_,20.77
adder_tree.r\[14\]\[3\],20.77
adder_tree.r\[7\]\[11\],20.77
bgc_0.comp_row._14_,20.77
bgc_1.final_counter._22_,20.77
bgc_10.row_reg._016_,20.77
bgc_15.comp_row.GR_index\[2\],20.77
bgc_15.lfsr_row.seed_mem\[1\],20.77
bgc_2.comp_row.GR_index\[3\],20.77
bgc_2.comp_row._18_,20.77
bgc_2.row_reg._000_\[7\],20.77
bgc_3.comp_col._09_,20.77
bgc_3.final_counter._14_,20.77
bgc_4.final_counter._00_\[4\],20.77
bgc_5.comp_col.pe2._16_,20.77
bgc_5.final_counter._00_\[0\],20.77
bgc_5.final_counter._03_,20.77
bgc_5.final_counter._23_,20.77
bgc_6.comp_row._06_,20.77
bgc_6.prev_step_output\[3\],20.77
bgc_8.comp_row.pe1._12_,20.77
bgc_8.final_counter._12_,20.77
bgc_9.col_reg._038_,20.77
res_mem_inst.slot\[1\].slot_reg.mode\[1\],20.77
adder_tree._0170_,20.72
adder_tree._0359_,20.72
bgc_0.col_reg._036_,20.72
bgc_0.comp_col.GR_bits\[3\],20.72
bgc_1.comp_col.GR_bits\[4\],20.72
bgc_13.comp_row._06_,20.72
bgc_14.comp_col.pe1._16_,20.72
bgc_14.comp_row.GL_bits\[5\],20.72
bgc_15.comp_col.pe1._15_,20.72
bgc_15.lfsr_row._00_\[7\],20.72
bgc_3.final_counter._00_\[9\],20.72
bgc_4.comp_col.pe1._14_,20.72
bgc_6.comp_row.GR_bits\[11\],20.72
bgc_6.lfsr_col._04_,20.72
bgc_7.lfsr_col.seed_mem\[1\],20.72
bgc_8.final_counter._22_,20.72
bgc_9.col_reg.mode\[1\],20.72
bgc_9.comp_col._08_,20.72
bgc_9.comp_col.pe2._12_,20.72
bgc_9.final_counter._11_,20.72
bgc_9.prev_step_output\[10\],20.72
rst_n,20.63
adder_tree.r\[2\]\[11\],20.44
bgc_0.final_counter._14_,20.31
bgc_2.comp_row.GR_bits\[5\],20.31
bgc_9.comp_row.GR_bits\[11\],20.31
adder_tree._0139_,20.26
adder_tree._0158_,20.26
adder_tree._0621_,20.26
bgc_1.comp_col._07_,20.26
bgc_10.comp_col.GR_bits\[3\],20.26
bgc_10.comp_col.GR_bits\[6\],20.26
bgc_10.comp_row.GL_index\[1\],20.26
bgc_11.comp_row.GL_bits\[4\],20.26
bgc_12.comp_col.GR_bits\[6\],20.26
bgc_13.final_counter._03_,20.26
bgc_15.col_reg._016_,20.26
bgc_15.final_counter._04_,20.26
bgc_4.comp_col.pe2._15_,20.26
bgc_7.comp_col.GL_index\[3\],20.26
bgc_9.comp_row._16_,20.26
bgc_9.final_counter._03_,20.26
res_mem_inst.group_active\[3\],20.26
res_mem_inst.slot\[13\].slot_reg._000_\[2\],20.26
res_mem_inst.slot\[4\].slot_reg._016_,20.26
bgc_11.final_counter._14_,20.21
bgc_12.comp_col.A\[1\],20.21
bgc_12.comp_col.GR_bits\[9\],20.21
bgc_12.comp_col.pe2._03_,20.21
bgc_13.comp_row.pe1._08_,20.21
bgc_13.comp_row.pe2._14_,20.21
bgc_14.final_counter._00_\[1\],20.21
bgc_15.comp_col._14_,20.21
bgc_15.comp_row.pe1._15_,20.21
bgc_15.row_reg._000_\[10\],20.21
bgc_3.comp_row.GL_bits\[4\],20.21
bgc_5.final_counter._14_,20.21
bgc_6.comp_row.GL_bits\[2\],20.21
bgc_6.comp_row.GR_bits\[0\],20.21
bgc_6.final_counter._00_\[11\],20.21
bgc_9.comp_col.pe1._14_,20.21
bgc_9.prev_step_output\[7\],20.21
res_mem_inst.slot\[11\].slot_reg._014_,20.21
adder_tree._0078_,20.16
adder_tree._0209_,20.16
adder_tree._0212_,20.16
bgc_0.comp_row.pe1._07_,20.16
bgc_1.comp_row._09_,20.16
bgc_11.comp_col._04_,20.16
bgc_12.comp_col._02_,20.16
bgc_12.comp_col.pe2._12_,20.16
bgc_13.comp_row.GR_bits\[2\],20.16
bgc_13.comp_row.pe2._08_,20.16
bgc_14.col_reg._028_,20.16
bgc_14.comp_col._10_,20.16
bgc_2.comp_col.pe1._14_,20.16
bgc_3.col_reg._036_,20.16
bgc_4.col_reg._029_,20.16
bgc_5.row_reg._016_,20.16
bgc_6.col_reg._000_\[10\],20.16
bgc_7.comp_row.pe2._08_,20.16
bgc_7.final_counter._00_\[11\],20.16
bgc_9.comp_row.GR_bits\[3\],20.16
bgc_9.final_counter._10_,20.16
adder_tree._0319_,19.75
bgc_1.col_reg._039_,19.75
bgc_1.comp_col.GR_bits\[6\],19.75
bgc_12.comp_col.GL_bits\[9\],19.75
bgc_12.final_counter._06_,19.75
bgc_15.comp_row._06_,19.75
bgc_2.comp_row.GR_bits\[3\],19.75
bgc_6.comp_row.GL_index\[2\],19.75
bgc_6.comp_row.GR_bits\[5\],19.75
adder_tree._0151_,19.7
bgc_0.comp_col._03_,19.7
bgc_1.comp_row.GR_bits\[6\],19.7
bgc_13.comp_row.pe2._10_,19.7
bgc_15.comp_row._09_,19.7
bgc_4.comp_col.GL_bits\[3\],19.7
bgc_4.comp_col.GR_bits\[3\],19.7
bgc_5.comp_col.pe2._13_,19.7
timer_inst.cycle_cnt\[11\],19.7
net1471,19.7
net1337,19.65
adder_tree._0052_,19.65
adder_tree._0085_,19.65
adder_tree._0689_,19.65
adder_tree.sum_out\[10\],19.65
bgc_0.comp_row.A\[0\],19.65
bgc_0.lfsr_row._00_\[3\],19.65
bgc_1.comp_row.GR_bits\[5\],19.65
bgc_1.lfsr_col._00_\[2\],19.65
bgc_10.col_reg._016_,19.65
bgc_10.comp_col.pe2._12_,19.65
bgc_11.prev_step_output\[1\],19.65
bgc_11.prev_step_output\[9\],19.65
bgc_12.final_counter._00_\[10\],19.65
bgc_13.col_reg.mode\[0\],19.65
bgc_2.final_counter._17_,19.65
bgc_3.col_reg._016_,19.65
bgc_3.col_reg._029_,19.65
bgc_3.comp_col.GL_bits\[5\],19.65
bgc_3.comp_col._12_,19.65
bgc_3.comp_col.pe1._12_,19.65
bgc_4.comp_row.GL_index\[1\],19.65
bgc_4.comp_row._16_,19.65
bgc_4.comp_row._17_,19.65
bgc_5.comp_col.GL_bits\[4\],19.65
bgc_6.col_reg._018_,19.65
bgc_7.col_data_in\[9\],19.65
bgc_7.comp_col.pe2._10_,19.65
bgc_8.comp_col.pe2._16_,19.65
bgc_8.comp_row._03_,19.65
bgc_9.comp_col.GR_bits\[3\],19.65
lfsr_enabler._09_,19.65
net516,19.6
net626,19.6
adder_tree._0155_,19.6
adder_tree._0308_,19.6
adder_tree._0363_,19.6
bgc_0.col_reg._000_\[0\],19.6
bgc_0.comp_row._05_,19.6
bgc_1.comp_col.pe1._03_,19.6
bgc_1.comp_row.GL_index\[3\],19.6
bgc_1.comp_row.pe2._03_,19.6
bgc_10.final_counter._14_,19.6
bgc_11.comp_row.GL_bits\[2\],19.6
bgc_11.comp_row.pe2._12_,19.6
bgc_13.comp_col.pe2._08_,19.6
bgc_14.col_reg._034_,19.6
bgc_15.comp_col.pe2._12_,19.6
bgc_15.comp_row.pe2._09_,19.6
bgc_2.comp_col.x,19.6
bgc_3.comp_col._06_,19.6
bgc_3.comp_row.pe1._02_,19.6
bgc_4.comp_row._02_,19.6
bgc_5.col_reg.mode\[0\],19.6
bgc_5.comp_row.GL_bits\[0\],19.6
bgc_5.comp_row._14_,19.6
bgc_6.prev_step_output\[5\],19.6
bgc_6.row_reg._000_\[9\],19.6
bgc_9.comp_col._07_,19.6
res_mem_inst.slot\[5\].slot_reg._016_,19.6
res_mem_inst.slot\[8\].slot_reg._052_,19.6
bgc_10.comp_col.GL_bits\[5\],19.19
bgc_15.prev_step_output\[11\],19.19
bgc_3.comp_col.GL_index\[2\],19.19
bgc_4.comp_col.pe1._15_,19.19
bgc_5.comp_row.GL_bits\[3\],19.19
bgc_7.comp_col.pe1._13_,19.19
bgc_9.final_counter._04_,19.19
adder_tree._0672_,19.14
adder_tree.r\[8\]\[2\],19.14
bgc_0.comp_row.GR_bits\[3\],19.14
bgc_1.comp_row._12_,19.14
bgc_11.comp_row._14_,19.14
bgc_12.comp_col.GL_bits\[5\],19.14
bgc_15.comp_row.GL_bits\[10\],19.14
bgc_2.comp_col.GL_bits\[5\],19.14
bgc_5.comp_col.GL_bits\[9\],19.14
bgc_5.comp_col._15_,19.14
bgc_7.comp_row._13_,19.14
bgc_7.comp_row._16_,19.14
bgc_9.comp_row.GL_bits\[5\],19.14
bgc_9.comp_row._09_,19.14
bgc_9.row_reg.mode\[0\],19.14
adder_tree._0021_,19.09
adder_tree._0463_,19.09
adder_tree._0609_,19.09
adder_tree.r\[7\]\[8\],19.09
bgc_0.comp_col.pe2._14_,19.09
bgc_1.comp_col.A\[1\],19.09
bgc_1.comp_col.GL_bits\[6\],19.09
bgc_10.comp_row._04_,19.09
bgc_12.final_counter._19_,19.09
bgc_13.comp_row.pe1._14_,19.09
bgc_15.col_reg._038_,19.09
bgc_2.comp_col.GL_bits\[4\],19.09
bgc_2.comp_col.GL_index\[3\],19.09
bgc_2.comp_col._10_,19.09
bgc_3.comp_row.A\[0\],19.09
bgc_3.comp_row.GL_index\[2\],19.09
bgc_3.lfsr_col._26_,19.09
bgc_4.col_reg._000_\[1\],19.09
bgc_4.comp_col._05_,19.09
bgc_4.row_reg._000_\[11\],19.09
bgc_5.comp_row.GR_bits\[11\],19.09
bgc_6.comp_col.pe1._03_,19.09
bgc_6.row_reg._008_,19.09
lfsr_enabler._01_\[5\],19.09
res_mem_inst.slot\[3\].slot_reg._000_\[0\],19.09
net1497,19.09
net562,19.04
adder_tree._0003_,19.04
adder_tree._0009_,19.04
adder_tree._0142_,19.04
adder_tree._0662_,19.04
bgc_0.lfsr_col._00_\[11\],19.04
bgc_1.comp_row.pe2._12_,19.04
bgc_10.col_reg._000_\[1\],19.04
bgc_10.comp_col.pe1._14_,19.04
bgc_12.row_reg._000_\[7\],19.04
bgc_13.comp_row.GL_bits\[5\],19.04
bgc_13.comp_row.GR_bits\[6\],19.04
bgc_13.comp_row._02_,19.04
bgc_13.final_counter._04_,19.04
bgc_15.comp_col.GR_bits\[3\],19.04
bgc_2.col_data_in\[3\],19.04
bgc_2.comp_col.A\[11\],19.04
bgc_3.comp_col._10_,19.04
bgc_4.col_reg._000_\[8\],19.04
bgc_5.comp_col.pe1._16_,19.04
bgc_6.comp_col._05_,19.04
bgc_6.comp_row.A\[1\],19.04
bgc_7.comp_row.pe2._12_,19.04
bgc_9.comp_col.pe1._06_,19.04
res_mem_inst.shift_cycle_count\[3\],19.04
res_mem_inst.slot\[15\].slot_reg._015_,19.04
res_mem_inst.slot\[1\].slot_reg._000_\[2\],19.04
net1508,19.04
bgc_8.comp_row.GR_bits\[3\],18.86
adder_tree._0112_,18.63
bgc_1.comp_row.GL_index\[2\],18.63
bgc_10.comp_row.GL_bits\[6\],18.63
bgc_14.comp_col.GL_bits\[5\],18.63
bgc_14.comp_row._04_,18.63
bgc_5.comp_row.GL_bits\[11\],18.63
adder_tree._0018_,18.58
adder_tree._0067_,18.58
adder_tree._0157_,18.58
adder_tree.r\[4\]\[5\],18.58
bgc_0.comp_col.pe1._10_,18.58
bgc_0.lfsr_col._00_\[6\],18.58
bgc_1.comp_col.GL_bits\[5\],18.58
bgc_1.comp_col._11_,18.58
bgc_1.comp_row.GL_bits\[6\],18.58
bgc_10.col_reg.mode\[1\],18.58
bgc_10.comp_col.GR_bits\[5\],18.58
bgc_12.final_counter._03_,18.58
bgc_13.comp_col.GR_bits\[11\],18.58
bgc_14.comp_row.GL_bits\[8\],18.58
bgc_2.final_counter._06_,18.58
bgc_3.comp_col.pe2._15_,18.58
bgc_4.comp_row.pe2._16_,18.58
bgc_5.comp_row.GL_bits\[2\],18.58
bgc_5.comp_row.GR_bits\[7\],18.58
bgc_6.row_reg._016_,18.58
bgc_7.col_reg._039_,18.58
bgc_8.comp_col.GL_bits\[2\],18.58
bgc_8.comp_col.pe2._14_,18.58
net1305,18.53
adder_tree._0043_,18.53
adder_tree._0102_,18.53
adder_tree._0573_,18.53
bgc_0.col_reg._000_\[2\],18.53
bgc_0.comp_col._06_,18.53
bgc_0.comp_row.GL_bits\[6\],18.53
bgc_0.comp_row._15_,18.53
bgc_0.final_counter._06_,18.53
bgc_0.prev_step_output\[11\],18.53
bgc_10.comp_col.GR_bits\[9\],18.53
bgc_10.comp_col.pe2._08_,18.53
bgc_11.comp_col.GL_bits\[6\],18.53
bgc_11.comp_col._08_,18.53
bgc_11.comp_col.pe1._15_,18.53
bgc_11.comp_row._11_,18.53
bgc_12.comp_col.pe1._03_,18.53
bgc_12.row_reg._000_\[3\],18.53
bgc_14.comp_row._09_,18.53
bgc_15.comp_col.GR_index\[3\],18.53
bgc_3.final_counter._00_\[0\],18.53
bgc_5.row_reg.mode\[1\],18.53
bgc_6.comp_col.GL_index\[3\],18.53
bgc_6.comp_col.pe1._12_,18.53
bgc_7.comp_col.pe1._11_,18.53
bgc_8.comp_col._12_,18.53
bgc_8.row_reg._016_,18.53
bgc_9.comp_col.GL_bits\[11\],18.53
res_mem_inst.slot\[2\].slot_reg._025_,18.53
net1209,18.48
net614,18.48
adder_tree._0014_,18.48
adder_tree._0181_,18.48
adder_tree._0477_,18.48
adder_tree._0550_,18.48
adder_tree.r\[3\]\[5\],18.48
bgc_0.comp_row.pe1._14_,18.48
bgc_1.comp_col.GL_index\[3\],18.48
bgc_1.comp_row._11_,18.48
bgc_1.lfsr_col.seed_mem\[11\],18.48
bgc_10.comp_row.pe2._16_,18.48
bgc_10.final_counter._10_,18.48
bgc_11.comp_col.pe1._03_,18.48
bgc_12.col_reg.mode\[1\],18.48
bgc_12.comp_col.pe1._12_,18.48
bgc_13.comp_row._12_,18.48
bgc_14.comp_row.A\[1\],18.48
bgc_14.comp_row.GL_bits\[6\],18.48
bgc_14.comp_row.pe2._14_,18.48
bgc_15.comp_col.A\[0\],18.48
bgc_15.comp_col.GR_bits\[4\],18.48
bgc_15.comp_col.pe1._10_,18.48
bgc_15.comp_col.pe2._08_,18.48
bgc_15.comp_row.GL_index\[1\],18.48
bgc_2.comp_row._09_,18.48
bgc_3.comp_row.GL_bits\[9\],18.48
bgc_3.comp_row._13_,18.48
bgc_3.comp_row._14_,18.48
bgc_4.col_reg.mode\[0\],18.48
bgc_4.prev_step_output\[4\],18.48
bgc_5.col_reg._036_,18.48
bgc_5.comp_col._16_,18.48
bgc_5.comp_col.pe1._14_,18.48
bgc_6.col_reg._016_,18.48
bgc_6.comp_row.GL_index\[0\],18.48
bgc_7.comp_row.pe2._10_,18.48
bgc_8.comp_row._02_,18.48
bgc_8.comp_row._06_,18.48
bgc_9.comp_row.pe1._12_,18.48
bgc_9.comp_row.pe2._12_,18.48
clknet_leaf_18_clk,18.48
bgc_14.comp_row.GR_bits\[3\],18.35
bgc_1.comp_col.GR_bits\[9\],18.07
bgc_10.comp_col._09_,18.07
bgc_11.comp_row.pe1._15_,18.07
bgc_11.final_counter._06_,18.07
bgc_12.final_counter._04_,18.07
bgc_2.comp_col._05_,18.07
bgc_7.comp_col.GL_bits\[11\],18.07
adder_tree._0587_,18.02
bgc_0.comp_col.GL_bits\[5\],18.02
bgc_0.comp_row.GR_bits\[6\],18.02
bgc_0.final_counter._04_,18.02
bgc_10.comp_row.A\[0\],18.02
bgc_10.final_counter._19_,18.02
bgc_10.lfsr_col.seed_mem\[0\],18.02
bgc_14.comp_col._04_,18.02
bgc_14.final_counter._03_,18.02
bgc_15.col_reg.mode\[1\],18.02
bgc_15.comp_col.GR_bits\[5\],18.02
bgc_2.final_counter._04_,18.02
bgc_4.comp_col.GR_bits\[4\],18.02
bgc_5.comp_row.GR_bits\[5\],18.02
bgc_8.comp_col.GL_bits\[3\],18.02
bgc_9.comp_col._15_,18.02
bgc_9.comp_col.pe2._13_,18.02
res_mem_inst._021_,18.02
res_mem_inst.slot\[6\].slot_reg._000_\[0\],18.02
net353,17.97
net379,17.97
net475,17.97
net633,17.97
adder_tree._0034_,17.97
adder_tree._0307_,17.97
adder_tree._0416_,17.97
adder_tree._0448_,17.97
adder_tree._0451_,17.97
adder_tree._0482_,17.97
adder_tree._0622_,17.97
adder_tree._0642_,17.97
bgc_0.comp_col.GR_bits\[11\],17.97
bgc_1.comp_row.pe1._15_,17.97
bgc_1.final_counter._06_,17.97
bgc_10.col_reg._001_,17.97
bgc_10.final_counter._00_\[1\],17.97
bgc_10.final_counter._00_\[7\],17.97
bgc_10.final_counter._23_,17.97
bgc_11.comp_col.pe1._04_,17.97
bgc_11.comp_col.pe2._03_,17.97
bgc_12.comp_col.GR_bits\[4\],17.97
bgc_12.comp_row.pe1._06_,17.97
bgc_12.final_counter._00_\[0\],17.97
bgc_14.final_counter._20_,17.97
bgc_2.comp_col.GR_bits\[9\],17.97
bgc_4.comp_row.pe1._10_,17.97
bgc_5.comp_row.GR_bits\[10\],17.97
bgc_5.prev_step_output\[6\],17.97
bgc_6.comp_col._14_,17.97
bgc_7.comp_col.GR_bits\[4\],17.97
bgc_7.comp_row.GL_bits\[6\],17.97
bgc_8.col_data_in\[1\],17.97
bgc_8.col_reg._028_,17.97
bgc_8.comp_col.pe1._07_,17.97
bgc_8.comp_col.pe2._08_,17.97
bgc_9.row_reg._000_\[5\],17.97
res_mem_inst.slot\[14\].slot_reg._000_\[9\],17.97
net1050,17.92
net1087,17.92
net573,17.92
net769,17.92
adder_tree._0007_,17.92
adder_tree._0010_,17.92
adder_tree._0124_,17.92
adder_tree._0195_,17.92
adder_tree._0218_,17.92
adder_tree._0409_,17.92
adder_tree._0612_,17.92
adder_tree.sum_out\[6\],17.92
bgc_0.comp_row.pe2._16_,17.92
bgc_1.comp_col.pe2._09_,17.92
bgc_10.lfsr_row._00_\[0\],17.92
bgc_11.col_reg._028_,17.92
bgc_13.col_reg._024_,17.92
bgc_13.comp_col.pe2._12_,17.92
bgc_14.comp_row._02_,17.92
bgc_15.comp_row.pe2._10_,17.92
bgc_2.comp_row.pe1._12_,17.92
bgc_3.col_reg.mode\[1\],17.92
bgc_3.comp_col._03_,17.92
bgc_3.comp_row.pe1._14_,17.92
bgc_4.col_data_in\[4\],17.92
bgc_4.col_reg._024_,17.92
bgc_5.row_reg._000_\[3\],17.92
bgc_6.lfsr_row._26_,17.92
bgc_8.comp_col.GL_index\[1\],17.92
bgc_9.col_reg._000_\[11\],17.92
bgc_9.comp_row.GL_bits\[6\],17.92
res_mem_inst.slot\[5\].slot_reg._000_\[1\],17.92
res_mem_inst.slot\[7\].slot_reg._000_\[11\],17.92
res_mem_inst.slot\[7\].slot_reg.mode\[0\],17.92
bgc_14.comp_col._12_,17.64
bgc_4.comp_row._13_,17.64
bgc_14.comp_col.GR_bits\[11\],17.56
bgc_4.final_counter._04_,17.56
adder_tree._0193_,17.51
adder_tree.r\[13\]\[2\],17.51
bgc_0.comp_col.GL_bits\[4\],17.51
bgc_1.comp_col.GL_bits\[8\],17.51
bgc_11.comp_row.GL_bits\[5\],17.51
bgc_11.comp_row.GL_bits\[6\],17.51
bgc_4.comp_row.pe1._03_,17.51
bgc_4.row_reg.mode\[1\],17.51
bgc_7.comp_row.GL_bits\[3\],17.51
bgc_9.comp_row.GR_bits\[6\],17.51
bgc_0.comp_col.pe2._07_,17.46
bgc_1.comp_col.GL_bits\[2\],17.46
bgc_1.row_reg.mode\[1\],17.46
bgc_11.comp_col.GR_bits\[4\],17.46
bgc_11.comp_row.GL_bits\[3\],17.46
bgc_11.comp_row.pe2._03_,17.46
bgc_11.row_reg._000_\[2\],17.46
bgc_14.col_reg.mode\[1\],17.46
bgc_15.comp_row.GR_bits\[6\],17.46
bgc_15.final_counter._14_,17.46
bgc_2.comp_row.B\[1\],17.46
bgc_3.comp_col.pe2._09_,17.46
bgc_3.comp_row.GL_bits\[5\],17.46
bgc_3.comp_row.GR_bits\[5\],17.46
bgc_5.comp_row.pe2._09_,17.46
bgc_5.row_reg._050_,17.46
bgc_6.prev_step_output\[7\],17.46
bgc_7.final_counter._18_,17.46
bgc_8.comp_row.GL_bits\[11\],17.46
bgc_8.comp_row.GR_bits\[6\],17.46
_03_,17.41
adder_tree._0035_,17.41
adder_tree._0224_,17.41
adder_tree._0230_,17.41
adder_tree._0505_,17.41
adder_tree._0574_,17.41
bgc_0.comp_col.pe1._14_,17.41
bgc_1.row_reg._009_,17.41
bgc_11.comp_col.GL_bits\[4\],17.41
bgc_11.final_counter._17_,17.41
bgc_12.col_reg._000_\[8\],17.41
bgc_12.comp_row._13_,17.41
bgc_12.comp_row.pe1._15_,17.41
bgc_12.lfsr_row._00_\[5\],17.41
bgc_13.comp_col._14_,17.41
bgc_14.comp_col._14_,17.41
bgc_15.final_counter._00_\[1\],17.41
bgc_15.lfsr_col._21_,17.41
bgc_2.comp_col.GR_bits\[6\],17.41
bgc_2.comp_col._15_,17.41
bgc_3.comp_col._04_,17.41
bgc_3.comp_row.pe2._16_,17.41
bgc_4.col_reg._000_\[9\],17.41
bgc_4.col_reg._009_,17.41
bgc_4.comp_col.pe1._11_,17.41
bgc_5.comp_row.pe1._12_,17.41
bgc_6.comp_col._06_,17.41
bgc_6.comp_col._15_,17.41
bgc_6.prev_step_output\[9\],17.41
bgc_7.comp_col.GL_bits\[3\],17.41
bgc_8.comp_row.A\[1\],17.41
bgc_8.comp_row.GR_bits\[8\],17.41
bgc_8.comp_row._11_,17.41
bgc_9.comp_col.pe2._16_,17.41
lfsr_enabler._01_\[0\],17.41
res_mem_inst.slot\[0\].slot_reg._000_\[1\],17.41
res_mem_inst.slot\[13\].slot_reg._000_\[0\],17.41
net894,17.36
net1019,17.36
net368,17.36
adder_tree._0106_,17.36
adder_tree._0238_,17.36
adder_tree._0292_,17.36
bgc_1.comp_row.pe2._14_,17.36
bgc_10.final_counter._25_,17.36
bgc_12.col_reg._000_\[1\],17.36
bgc_13.comp_col._04_,17.36
bgc_13.comp_col.pe1._14_,17.36
bgc_13.comp_col.pe1._15_,17.36
bgc_13.comp_row._14_,17.36
bgc_13.final_counter._26_,17.36
bgc_2.row_reg._000_\[2\],17.36
bgc_3.comp_col._15_,17.36
bgc_6.comp_col.pe2._08_,17.36
bgc_6.comp_row.pe1._09_,17.36
bgc_7.final_counter._06_,17.36
bgc_7.row_reg._040_,17.36
bgc_8.col_data_in\[11\],17.36
bgc_8.final_counter._00_\[10\],17.36
res_mem_inst._002_\[0\],17.36
res_mem_inst._037_,17.36
res_mem_inst.slot\[5\].slot_reg._004_,17.36
res_mem_inst.slot\[9\].slot_reg._000_\[1\],17.36
bgc_12.comp_row.pe2._15_,17.1
bgc_14.comp_row.GR_bits\[10\],17.05
bgc_14.row_reg.mode\[1\],17
bgc_2.comp_row.GR_bits\[11\],17
bgc_4.comp_row.GR_bits\[5\],17
adder_tree._0081_,16.95
bgc_1.prev_step_output\[2\],16.95
bgc_12.comp_row.GL_bits\[3\],16.95
bgc_14.comp_col.pe1._13_,16.95
bgc_2.comp_row._16_,16.95
bgc_6.comp_col.GL_bits\[5\],16.95
bgc_6.comp_row.GL_bits\[6\],16.95
bgc_7.comp_row.GL_index\[2\],16.95
bgc_8.comp_row.GL_bits\[3\],16.95
adder_tree._0353_,16.9
bgc_10.comp_row.GR_bits\[6\],16.9
bgc_11.comp_row.GR_bits\[6\],16.9
bgc_11.comp_row._15_,16.9
bgc_11.row_reg._007_,16.9
bgc_11.row_reg.mode\[0\],16.9
bgc_13.comp_row._15_,16.9
bgc_14.comp_row._12_,16.9
bgc_2.row_reg._016_,16.9
bgc_2.row_reg.mode\[0\],16.9
bgc_4.final_counter._03_,16.9
bgc_5.comp_row.GR_bits\[9\],16.9
bgc_5.lfsr_col._26_,16.9
bgc_7.comp_col.GL_index\[2\],16.9
bgc_7.final_counter._00_\[7\],16.9
bgc_8.col_reg._001_,16.9
bgc_8.comp_row.GL_index\[1\],16.9
bgc_8.comp_row.pe1._15_,16.9
bgc_9.comp_row.GR_bits\[5\],16.9
bgc_9.final_counter._00_\[1\],16.9
net1025,16.85
net181,16.85
net341,16.85
net362,16.85
adder_tree._0047_,16.85
adder_tree._0074_,16.85
adder_tree._0115_,16.85
adder_tree._0343_,16.85
adder_tree._0372_,16.85
adder_tree._0480_,16.85
adder_tree._0484_,16.85
adder_tree._0560_,16.85
bgc_1.col_reg._004_,16.85
bgc_1.col_reg.mode\[1\],16.85
bgc_1.comp_row._18_,16.85
bgc_10.col_data_in\[10\],16.85
bgc_11.comp_row._06_,16.85
bgc_11.comp_row._16_,16.85
bgc_12.comp_col.GL_bits\[4\],16.85
bgc_14.comp_col._15_,16.85
bgc_14.comp_row.GR_bits\[0\],16.85
bgc_14.comp_row.pe2._03_,16.85
bgc_15.row_reg._024_,16.85
bgc_2.col_reg._019_,16.85
bgc_2.comp_col._14_,16.85
bgc_2.comp_row.pe2._09_,16.85
bgc_2.row_reg._000_\[6\],16.85
bgc_3.comp_col.GR_bits\[5\],16.85
bgc_3.final_counter._00_\[1\],16.85
bgc_3.final_counter._17_,16.85
bgc_4.comp_col.GL_bits\[7\],16.85
bgc_4.comp_col.x,16.85
bgc_4.row_reg._000_\[1\],16.85
bgc_6.comp_col._07_,16.85
bgc_7.comp_row.A\[0\],16.85
bgc_8.col_reg.mode\[1\],16.85
bgc_9.comp_col.GR_bits\[2\],16.85
bgc_9.comp_row.A\[10\],16.85
bgc_9.comp_row.pe1._08_,16.85
bgc_9.lfsr_row._01_,16.85
res_mem_inst.slot\[0\].slot_reg._000_\[2\],16.85
res_mem_inst.slot\[0\].slot_reg._000_\[3\],16.85
res_mem_inst.slot\[13\].slot_reg._000_\[10\],16.85
res_mem_inst.slot\[15\].slot_reg._038_,16.85
res_mem_inst.slot\[1\].slot_reg._000_\[0\],16.85
res_mem_inst.slot\[3\].slot_reg._000_\[2\],16.85
res_mem_inst.slot\[8\].slot_reg._000_\[9\],16.85
net1010,16.8
net567,16.8
adder_tree._0041_,16.8
adder_tree._0138_,16.8
adder_tree._0691_,16.8
bgc_0.col_data_in\[10\],16.8
bgc_0.comp_col.GR_bits\[5\],16.8
bgc_0.comp_row.pe1._03_,16.8
bgc_0.comp_row.pe1._16_,16.8
bgc_1.comp_row.GL_bits\[3\],16.8
bgc_10.comp_col._15_,16.8
bgc_11.comp_col._06_,16.8
bgc_12.col_reg._036_,16.8
bgc_13.comp_row.GR_index\[3\],16.8
bgc_13.comp_row._13_,16.8
bgc_14.final_counter._22_,16.8
bgc_2.col_reg._040_,16.8
bgc_3.comp_col.A\[2\],16.8
bgc_4.comp_col.GL_bits\[10\],16.8
bgc_4.comp_col.GR_index\[3\],16.8
bgc_6.comp_col.GR_bits\[5\],16.8
bgc_6.comp_col.pe1._09_,16.8
bgc_8.comp_col.GL_index\[2\],16.8
bgc_9.comp_col._16_,16.8
timer_inst._06_,16.8
bgc_12.comp_row.pe2._03_,16.72
spi_out0,16.71
bgc_1.comp_col.GL_index\[2\],16.39
bgc_11.final_counter._19_,16.39
bgc_12.comp_row.pe1._03_,16.39
bgc_13.col_reg.mode\[1\],16.39
bgc_13.comp_row.pe2._09_,16.39
bgc_14.comp_col.GR_bits\[5\],16.39
bgc_7.comp_col.GR_bits\[8\],16.39
bgc_8.comp_col.GR_bits\[4\],16.39
bgc_0.final_counter._17_,16.34
bgc_13.comp_row.GL_bits\[2\],16.34
bgc_14.comp_row.GR_bits\[11\],16.34
bgc_14.comp_row._10_,16.34
bgc_15.comp_col.GL_bits\[8\],16.34
bgc_2.comp_row._08_,16.34
bgc_4.comp_col.GR_bits\[5\],16.34
bgc_4.comp_row.pe2._10_,16.34
bgc_4.row_reg._016_,16.34
bgc_5.comp_col.GR_bits\[8\],16.34
bgc_5.comp_col.GR_bits\[9\],16.34
bgc_7.comp_col._13_,16.34
bgc_7.comp_row.GR_bits\[5\],16.34
bgc_8.prev_step_output\[4\],16.34
res_mem_inst.slot\[9\].slot_reg._016_,16.34
timer_inst._04_,16.34
net826,16.29
net1113,16.29
net1458,16.29
net432,16.29
adder_tree._0152_,16.29
adder_tree._0215_,16.29
adder_tree._0239_,16.29
adder_tree._0552_,16.29
bgc_0.comp_col.GL_bits\[6\],16.29
bgc_0.comp_row.GL_bits\[3\],16.29
bgc_0.final_counter._00_\[7\],16.29
bgc_1.comp_col.pe1._15_,16.29
bgc_1.comp_row.GR_bits\[11\],16.29
bgc_1.comp_row.pe1._03_,16.29
bgc_10.col_reg.mode\[0\],16.29
bgc_10.comp_col.pe2._03_,16.29
bgc_11.comp_col.GL_bits\[5\],16.29
bgc_11.comp_row._17_,16.29
bgc_12.col_reg._018_,16.29
bgc_12.comp_col.GR_bits\[11\],16.29
bgc_12.comp_col.pe2._09_,16.29
bgc_13.comp_row._16_,16.29
bgc_13.final_counter._19_,16.29
bgc_14.lfsr_row._00_\[0\],16.29
bgc_15.row_reg._000_\[4\],16.29
bgc_2.final_counter._00_\[10\],16.29
bgc_3.col_reg._007_,16.29
bgc_3.comp_col.GL_bits\[6\],16.29
bgc_3.comp_col.GL_index\[1\],16.29
bgc_3.comp_col.pe1._08_,16.29
bgc_3.comp_row.GL_bits\[6\],16.29
bgc_4.col_reg._016_,16.29
bgc_4.final_counter._25_,16.29
bgc_4.row_reg._000_\[4\],16.29
bgc_5.comp_row.pe1._14_,16.29
bgc_6.comp_col.GR_bits\[3\],16.29
bgc_6.comp_col._16_,16.29
bgc_7.col_reg._040_,16.29
bgc_7.comp_row.GL_bits\[4\],16.29
bgc_7.comp_row.pe1._03_,16.29
bgc_7.lfsr_row._13_,16.29
bgc_8.prev_step_output\[7\],16.29
bgc_9.comp_col.pe2._08_,16.29
bgc_9.final_counter._20_,16.29
bgc_9.lfsr_row._00_\[0\],16.29
bgc_9.row_reg._000_\[7\],16.29
res_mem_inst._001_\[4\],16.29
res_mem_inst.out_dec_inst._01_,16.29
res_mem_inst.slot\[0\].slot_reg.mode\[0\],16.29
res_mem_inst.slot\[12\].slot_reg._000_\[7\],16.29
res_mem_inst.slot\[12\].slot_reg._014_,16.29
res_mem_inst.slot\[4\].slot_reg._000_\[5\],16.29
res_mem_inst.slot\[8\].slot_reg._034_,16.29
net1500,16.29
net1512,16.29
net691,16.24
adder_tree._0094_,16.24
adder_tree._0127_,16.24
adder_tree._0210_,16.24
adder_tree._0468_,16.24
bgc_0.comp_col._07_,16.24
bgc_0.final_counter._00_\[0\],16.24
bgc_1.col_reg._002_,16.24
bgc_1.comp_col._14_,16.24
bgc_11.comp_col.pe2._09_,16.24
bgc_11.comp_row.GL_index\[2\],16.24
bgc_11.comp_row.pe1._09_,16.24
bgc_11.lfsr_row._22_,16.24
bgc_12.col_data_in\[4\],16.24
bgc_13.col_reg.q\[0\],16.24
bgc_13.comp_col._16_,16.24
bgc_15.comp_col.pe2._14_,16.24
bgc_2.comp_row.GL_index\[3\],16.24
bgc_3.comp_col._11_,16.24
bgc_3.comp_row._17_,16.24
bgc_4.comp_col._02_,16.24
bgc_5.col_data_in\[11\],16.24
bgc_5.comp_col.pe2._14_,16.24
bgc_5.row_reg._000_\[2\],16.24
bgc_7.col_reg._000_\[1\],16.24
bgc_7.comp_row.pe2._14_,16.24
bgc_8.col_reg._024_,16.24
bgc_8.comp_col.GL_index\[0\],16.24
bgc_9.col_reg._051_,16.24
res_mem_inst.slot\[2\].slot_reg._030_,16.24
res_mem_inst.slot\[4\].slot_reg._045_,16.24
res_mem_inst.slot\[5\].slot_reg._000_\[2\],16.24
spi_in0,16.15
spi_out1,16.1
bgc_0.comp_row.GL_index\[3\],15.93
bgc_4.comp_col.GL_bits\[6\],15.88
adder_tree._0017_,15.83
adder_tree._0271_,15.83
adder_tree._0646_,15.83
bgc_10.comp_col.GL_index\[1\],15.83
bgc_2.comp_col.pe1._15_,15.83
bgc_4.comp_row.GL_bits\[5\],15.83
bgc_8.comp_row.GR_bits\[5\],15.83
bgc_9.comp_row._12_,15.83
adder_tree._0058_,15.78
adder_tree._0149_,15.78
adder_tree._0421_,15.78
adder_tree._0549_,15.78
adder_tree._0619_,15.78
bgc_0.col_reg._009_,15.78
bgc_0.comp_row.pe2._14_,15.78
bgc_1.comp_col._15_,15.78
bgc_1.comp_row._02_,15.78
bgc_1.row_reg._008_,15.78
bgc_10.comp_col.pe1._15_,15.78
bgc_11.col_reg._000_\[0\],15.78
bgc_11.prev_step_output\[10\],15.78
bgc_13.comp_col.GR_bits\[3\],15.78
bgc_13.comp_row.GR_bits\[11\],15.78
bgc_13.comp_row.GR_bits\[9\],15.78
bgc_14.comp_col.GL_bits\[8\],15.78
bgc_14.comp_col._16_,15.78
bgc_15.comp_row.GL_bits\[5\],15.78
bgc_3.comp_row.GR_bits\[6\],15.78
bgc_4.comp_row.GL_bits\[2\],15.78
bgc_4.comp_row._10_,15.78
bgc_5.col_reg._005_,15.78
lfsr_enabler.row_load_count\[2\],15.78
res_mem_inst.slot\[1\].slot_reg._001_,15.78
res_mem_inst.slot\[2\].slot_reg._012_,15.78
res_mem_inst.slot\[3\].slot_reg._016_,15.78
res_mem_inst.slot\[9\].slot_reg._011_,15.78
timer_inst._14_,15.78
net1000,15.73
net234,15.73
adder_tree._0065_,15.73
adder_tree._0160_,15.73
adder_tree._0488_,15.73
bgc_0.col_reg._035_,15.73
bgc_0.comp_row.pe1._04_,15.73
bgc_1.comp_row._10_,15.73
bgc_10.col_reg._011_,15.73
bgc_10.comp_row.GR_bits\[3\],15.73
bgc_12.col_reg._000_\[6\],15.73
bgc_12.comp_col._06_,15.73
bgc_12.row_reg._049_,15.73
bgc_13.comp_col.pe2._09_,15.73
bgc_13.comp_row.GL_bits\[4\],15.73
bgc_13.comp_row.pe1._09_,15.73
bgc_13.lfsr_col._20_,15.73
bgc_13.lfsr_row._00_\[3\],15.73
bgc_14.comp_col.pe2._03_,15.73
bgc_14.comp_row._15_,15.73
bgc_15.comp_col.GR_bits\[11\],15.73
bgc_15.comp_row._16_,15.73
bgc_15.row_reg.mode\[1\],15.73
bgc_2.comp_col.A\[5\],15.73
bgc_2.comp_row.pe2._07_,15.73
bgc_2.comp_row.pe2._14_,15.73
bgc_3.col_reg._000_\[9\],15.73
bgc_3.comp_row.GL_bits\[2\],15.73
bgc_4.comp_col.pe1._06_,15.73
bgc_4.prev_step_output\[2\],15.73
bgc_5.col_reg._015_,15.73
bgc_5.comp_row.pe2._12_,15.73
bgc_7.comp_col.pe1._16_,15.73
bgc_8.comp_row._15_,15.73
bgc_8.comp_row.pe2._07_,15.73
bgc_8.comp_row.pe2._09_,15.73
bgc_8.row_reg.mode\[1\],15.73
bgc_9.comp_col.GR_bits\[6\],15.73
bgc_9.comp_row.pe1._11_,15.73
bgc_9.row_reg._000_\[3\],15.73
bgc_9.row_reg._000_\[6\],15.73
res_mem_inst.slot\[11\].slot_reg._031_,15.73
res_mem_inst.slot\[1\].slot_reg._039_,15.73
res_mem_inst.slot\[2\].slot_reg._000_\[11\],15.73
net847,15.68
net1024,15.68
net1224,15.68
net1428,15.68
net175,15.68
net213,15.68
net229,15.68
net748,15.68
net810,15.68
adder_tree._0015_,15.68
adder_tree._0028_,15.68
adder_tree._0290_,15.68
adder_tree._0537_,15.68
bgc_0.comp_row.GL_index\[2\],15.68
bgc_0.lfsr_row._00_\[1\],15.68
bgc_0.lfsr_row._00_\[5\],15.68
bgc_0.lfsr_row._05_,15.68
bgc_1.lfsr_row._10_,15.68
bgc_10.comp_row.pe2._12_,15.68
bgc_11.final_counter._20_,15.68
bgc_11.row_reg._021_,15.68
bgc_12.col_reg._028_,15.68
bgc_12.col_reg._040_,15.68
bgc_12.comp_col.GL_index\[2\],15.68
bgc_12.comp_col.pe1._08_,15.68
bgc_12.comp_row.A\[1\],15.68
bgc_13.comp_row.A\[10\],15.68
bgc_13.comp_row.A\[1\],15.68
bgc_13.comp_row._04_,15.68
bgc_14.comp_col._02_,15.68
bgc_14.comp_row.pe1._10_,15.68
bgc_14.comp_row.pe2._15_,15.68
bgc_14.final_counter._06_,15.68
bgc_15.comp_row.A\[1\],15.68
bgc_15.comp_row.GR_bits\[2\],15.68
bgc_15.comp_row.pe2._15_,15.68
bgc_15.lfsr_col._00_\[10\],15.68
bgc_15.lfsr_row._13_,15.68
bgc_15.row_reg._018_,15.68
bgc_2.comp_row.A\[7\],15.68
bgc_2.comp_row.GL_bits\[5\],15.68
bgc_3.col_reg._000_\[2\],15.68
bgc_4.comp_col._04_,15.68
bgc_5.col_reg._016_,15.68
bgc_5.lfsr_row._13_,15.68
bgc_6.comp_col.GL_bits\[10\],15.68
bgc_6.final_counter._00_\[10\],15.68
bgc_6.final_counter._06_,15.68
bgc_6.row_reg._011_,15.68
bgc_7.comp_col.GL_bits\[4\],15.68
bgc_7.comp_col.pe1._08_,15.68
bgc_7.final_counter._00_\[4\],15.68
bgc_9.comp_col.GR_bits\[4\],15.68
bgc_9.comp_row._03_,15.68
bgc_9.row_reg._000_\[2\],15.68
res_mem_inst._002_\[3\],15.68
res_mem_inst._011_,15.68
res_mem_inst.slot\[12\].slot_reg._032_,15.68
res_mem_inst.slot\[1\].slot_reg._016_,15.68
res_mem_inst.slot\[2\].slot_reg._013_,15.68
bgc_0.comp_row.pe2._10_,15.27
bgc_0.row_reg._016_,15.27
bgc_11.final_counter._04_,15.27
bgc_12.comp_col.GR_bits\[3\],15.27
bgc_2.comp_row._10_,15.27
bgc_3.comp_col.GR_bits\[11\],15.27
bgc_7.comp_col.GR_bits\[5\],15.27
adder_tree._0325_,15.22
bgc_1.row_reg.mode\[0\],15.22
bgc_12.comp_col.A\[2\],15.22
bgc_12.comp_col.pe1._09_,15.22
bgc_12.comp_row.GR_bits\[9\],15.22
bgc_14.comp_col.A\[1\],15.22
bgc_14.comp_row._13_,15.22
bgc_15.lfsr_row._04_,15.22
bgc_2.comp_col._09_,15.22
bgc_3.comp_row.pe1._12_,15.22
bgc_3.comp_row.pe2._03_,15.22
bgc_4.comp_row.GR_bits\[7\],15.22
bgc_5.comp_col.GL_bits\[3\],15.22
bgc_5.comp_row.pe1._16_,15.22
bgc_6.comp_row.GR_bits\[7\],15.22
bgc_6.comp_row.GR_bits\[9\],15.22
net839,15.17
net892,15.17
net1202,15.17
net1204,15.17
net1232,15.17
net219,15.17
net220,15.17
net435,15.17
net646,15.17
net779,15.17
adder_tree._0072_,15.17
adder_tree._0310_,15.17
adder_tree._0385_,15.17
adder_tree._0558_,15.17
bgc_1.final_counter._00_\[11\],15.17
bgc_1.final_counter._12_,15.17
bgc_10.comp_col.GL_bits\[4\],15.17
bgc_10.comp_col._18_,15.17
bgc_10.comp_row.GR_bits\[4\],15.17
bgc_12.final_counter._23_,15.17
bgc_13.comp_col.GL_bits\[3\],15.17
bgc_13.comp_col.GL_index\[2\],15.17
bgc_13.comp_col._15_,15.17
bgc_13.comp_row.pe1._12_,15.17
bgc_14.comp_row.GL_bits\[4\],15.17
bgc_15.comp_row.pe1._03_,15.17
bgc_15.final_counter._00_\[6\],15.17
bgc_2.comp_row._02_,15.17
bgc_3.comp_row.pe2._12_,15.17
bgc_4.comp_col.GL_index\[1\],15.17
bgc_4.comp_row.GL_bits\[3\],15.17
bgc_4.lfsr_row._18_,15.17
bgc_5.comp_row.GL_bits\[4\],15.17
bgc_6.comp_col.GR_index\[3\],15.17
bgc_6.comp_col.pe1._02_,15.17
bgc_6.final_counter._00_\[4\],15.17
bgc_7.comp_row.pe2._05_,15.17
bgc_7.final_counter._00_\[2\],15.17
bgc_7.row_reg._016_,15.17
bgc_8.col_reg._031_,15.17
bgc_8.comp_row.GL_bits\[2\],15.17
bgc_9.comp_row.GR_bits\[4\],15.17
bgc_9.comp_row._17_,15.17
bgc_9.final_counter._15_,15.17
bgc_9.final_counter._17_,15.17
lfsr_enabler._01_\[1\],15.17
res_mem_inst.slot\[12\].slot_reg._004_,15.17
res_mem_inst.slot\[9\].slot_reg._032_,15.17
adder_tree._0191_,15.12
adder_tree._0196_,15.12
adder_tree._0360_,15.12
adder_tree._0643_,15.12
bgc_0.comp_row.pe2._08_,15.12
bgc_1.col_reg._000_\[10\],15.12
bgc_1.comp_col.GR_index\[2\],15.12
bgc_1.final_counter._04_,15.12
bgc_10.comp_col.GR_bits\[4\],15.12
bgc_10.lfsr_col._00_\[10\],15.12
bgc_11.col_reg._016_,15.12
bgc_11.comp_row.GL_index\[0\],15.12
bgc_11.lfsr_col._21_,15.12
bgc_12.col_reg._038_,15.12
bgc_12.comp_col.A\[0\],15.12
bgc_12.comp_col.GL_bits\[3\],15.12
bgc_13.comp_col.x,15.12
bgc_13.comp_row.pe1._06_,15.12
bgc_14.comp_col.pe2._08_,15.12
bgc_15.comp_row.GL_bits\[4\],15.12
bgc_15.row_reg._015_,15.12
bgc_2.final_counter._00_\[6\],15.12
bgc_2.lfsr_row._00_\[10\],15.12
bgc_3.col_reg._000_\[6\],15.12
bgc_3.comp_col._13_,15.12
bgc_4.comp_col.pe1._09_,15.12
bgc_5.comp_col._18_,15.12
bgc_5.comp_row._15_,15.12
bgc_6.final_counter._24_,15.12
bgc_6.lfsr_col._00_\[1\],15.12
bgc_7.comp_col.pe1._12_,15.12
bgc_7.comp_row.GL_bits\[5\],15.12
bgc_7.final_counter._17_,15.12
bgc_7.lfsr_col._10_,15.12
bgc_8.col_reg._022_,15.12
bgc_8.col_reg._032_,15.12
bgc_8.comp_col.GL_bits\[5\],15.12
bgc_8.comp_row._05_,15.12
bgc_8.comp_row._16_,15.12
bgc_8.final_counter._03_,15.12
bgc_9.col_reg._000_\[4\],15.12
bgc_9.col_reg._031_,15.12
bgc_9.lfsr_row._02_,15.12
bgc_9.lfsr_row._26_,15.12
lfsr_enabler._10_,15.12
res_mem_inst.slot\[11\].slot_reg._000_\[1\],15.12
res_mem_inst.slot\[14\].slot_reg._011_,15.12
bgc_5.comp_col.pe1._15_,14.76
adder_tree._0056_,14.71
bgc_10.comp_col._03_,14.71
bgc_14.comp_col.GL_bits\[4\],14.71
bgc_2.comp_row.GR_bits\[2\],14.71
bgc_3.row_reg.mode\[1\],14.71
bgc_7.final_counter._04_,14.71
bgc_8.comp_row.GR_bits\[11\],14.71
adder_tree._0167_,14.66
adder_tree._0446_,14.66
adder_tree._0500_,14.66
adder_tree._0567_,14.66
adder_tree._0624_,14.66
bgc_0.col_reg.mode\[1\],14.66
bgc_1.comp_row.GR_bits\[8\],14.66
bgc_10.comp_col.GR_bits\[8\],14.66
bgc_10.comp_row._14_,14.66
bgc_12.comp_row._15_,14.66
bgc_13.comp_col.pe2._03_,14.66
bgc_13.row_reg._016_,14.66
bgc_14.col_reg._023_,14.66
bgc_14.comp_col.GR_bits\[6\],14.66
bgc_14.comp_row.GR_bits\[5\],14.66
bgc_15.row_reg._016_,14.66
bgc_2.comp_col.GL_bits\[8\],14.66
bgc_2.comp_col.GL_index\[1\],14.66
bgc_3.comp_col.GL_bits\[9\],14.66
bgc_3.comp_col.pe1._11_,14.66
bgc_4.comp_row.pe1._07_,14.66
bgc_5.row_reg.mode\[0\],14.66
bgc_8.comp_col.GR_bits\[6\],14.66
bgc_8.comp_col._15_,14.66
bgc_9.col_reg._016_,14.66
net1091,14.61
net1352,14.61
net1461,14.61
adder_tree._0005_,14.61
bgc_0.comp_col.GR_bits\[6\],14.61
bgc_0.final_counter.on_switch,14.61
bgc_0.lfsr_col._00_\[4\],14.61
bgc_1.col_reg._016_,14.61
bgc_1.comp_row.GL_index\[1\],14.61
bgc_10.comp_col._12_,14.61
bgc_10.comp_row.pe2._03_,14.61
bgc_10.comp_row.pe2._07_,14.61
bgc_10.row_reg._002_,14.61
bgc_11.comp_col.GR_bits\[0\],14.61
bgc_11.comp_row.GL_index\[1\],14.61
bgc_11.lfsr_row._00_\[9\],14.61
bgc_12.row_reg._014_,14.61
bgc_13.comp_col.pe2._14_,14.61
bgc_13.comp_row.GL_bits\[6\],14.61
bgc_13.final_counter._00_\[4\],14.61
bgc_14.col_reg._000_\[5\],14.61
bgc_14.comp_col.pe1._06_,14.61
bgc_14.comp_col.pe1._07_,14.61
bgc_14.comp_col.pe1._14_,14.61
bgc_14.comp_col.pe2._12_,14.61
bgc_15.comp_col.GR_index\[1\],14.61
bgc_3.comp_col.pe1._09_,14.61
bgc_3.comp_row._16_,14.61
bgc_3.comp_row.pe1._01_,14.61
bgc_4.comp_col.GL_bits\[4\],14.61
bgc_4.comp_col.pe1._08_,14.61
bgc_5.col_reg._004_,14.61
bgc_5.row_reg._002_,14.61
bgc_5.row_reg._003_,14.61
bgc_6.comp_row.GL_bits\[5\],14.61
bgc_6.comp_row.GR_bits\[1\],14.61
bgc_6.row_reg._000_\[7\],14.61
bgc_7.row_reg._000_\[0\],14.61
bgc_8.comp_col._09_,14.61
bgc_8.comp_col.pe2._12_,14.61
bgc_8.final_counter._02_,14.61
bgc_9.comp_col.GL_bits\[2\],14.61
bgc_9.comp_col.pe1._11_,14.61
bgc_9.comp_col.pe1._17_,14.61
bgc_9.row_reg._039_,14.61
lfsr_enabler._20_,14.61
res_mem_inst._001_\[2\],14.61
res_mem_inst._001_\[5\],14.61
res_mem_inst.slot\[12\].slot_reg._050_,14.61
res_mem_inst.slot\[2\].slot_reg._016_,14.61
res_mem_inst.slot\[4\].slot_reg.mode\[0\],14.61
res_mem_inst.slot\[6\].slot_reg._021_,14.61
net976,14.56
net984,14.56
net1046,14.56
net1134,14.56
net1200,14.56
net1222,14.56
net1300,14.56
net204,14.56
net206,14.56
net266,14.56
adder_tree._0061_,14.56
adder_tree._0197_,14.56
adder_tree._0542_,14.56
bgc_0.comp_col.GR_index\[0\],14.56
bgc_1.comp_col.GL_bits\[3\],14.56
bgc_1.comp_row._01_,14.56
bgc_1.row_reg._005_,14.56
bgc_11.col_reg._000_\[4\],14.56
bgc_11.col_reg.mode\[1\],14.56
bgc_11.comp_col.pe2._12_,14.56
bgc_11.comp_col.pe2._16_,14.56
bgc_11.comp_row.pe2._08_,14.56
bgc_12.comp_col.GL_bits\[0\],14.56
bgc_12.comp_col.pe2._07_,14.56
bgc_12.comp_row._19_,14.56
bgc_12.comp_row.pe1._14_,14.56
bgc_12.final_counter._18_,14.56
bgc_12.row_reg._025_,14.56
bgc_13.comp_col.GL_bits\[11\],14.56
bgc_13.comp_col.GR_index\[3\],14.56
bgc_13.lfsr_col._19_,14.56
bgc_2.col_data_in\[5\],14.56
bgc_3.col_reg._024_,14.56
bgc_4.col_reg._028_,14.56
bgc_4.comp_col._06_,14.56
bgc_4.comp_row.GL_bits\[10\],14.56
bgc_4.comp_row.pe2._03_,14.56
bgc_5.comp_col.GL_bits\[6\],14.56
bgc_5.comp_col.pe1._08_,14.56
bgc_5.comp_row.GL_bits\[1\],14.56
bgc_7.col_reg._000_\[10\],14.56
bgc_7.col_reg._000_\[9\],14.56
bgc_7.comp_col._15_,14.56
bgc_7.comp_col.pe2._16_,14.56
bgc_7.lfsr_row._00_\[0\],14.56
bgc_8.col_reg._000_\[9\],14.56
bgc_8.comp_col.pe1._03_,14.56
bgc_8.prev_step_output\[9\],14.56
bgc_9.col_reg._026_,14.56
bgc_9.final_counter._00_\[7\],14.56
bgc_9.row_reg._047_,14.56
res_mem_inst.slot\[12\].slot_reg._000_\[6\],14.56
res_mem_inst.slot\[6\].slot_reg._035_,14.56
net1475,14.56
bgc_4.comp_row.pe1._06_,14.25
bgc_15.comp_row._14_,14.15
adder_tree._0099_,14.1
bgc_10.comp_row.GR_bits\[8\],14.1
bgc_12.comp_col.pe1._10_,14.1
bgc_12.comp_col.pe2._14_,14.1
bgc_12.comp_row.GR_bits\[5\],14.1
bgc_12.comp_row.pe1._01_,14.1
bgc_13.row_reg.mode\[1\],14.1
bgc_14.row_reg._016_,14.1
bgc_15.col_reg.mode\[0\],14.1
bgc_15.comp_row.GR_bits\[8\],14.1
bgc_2.col_reg._016_,14.1
bgc_2.comp_col.GL_bits\[7\],14.1
bgc_3.comp_col.GR_bits\[6\],14.1
bgc_6.col_reg.mode\[1\],14.1
bgc_7.comp_col.GL_bits\[6\],14.1
bgc_9.comp_col.pe1._16_,14.1
res_mem_inst._036_,14.1
res_mem_inst.slot\[5\].slot_reg.mode\[0\],14.1
net1098,14.05
net1180,14.05
net1448,14.05
net350,14.05
net422,14.05
net495,14.05
adder_tree._0071_,14.05
adder_tree._0260_,14.05
adder_tree._0261_,14.05
adder_tree._0287_,14.05
adder_tree._0337_,14.05
adder_tree._0386_,14.05
adder_tree._0569_,14.05
adder_tree._0572_,14.05
adder_tree._0669_,14.05
bgc_0.comp_col.GR_bits\[7\],14.05
bgc_0.comp_row.GL_bits\[2\],14.05
bgc_0.comp_row.GR_bits\[0\],14.05
bgc_0.comp_row._17_,14.05
bgc_0.final_counter._19_,14.05
bgc_0.row_reg._006_,14.05
bgc_1.comp_row.pe2._08_,14.05
bgc_10.col_reg._002_,14.05
bgc_10.col_reg._010_,14.05
bgc_10.comp_col.pe2._09_,14.05
bgc_10.comp_row.GL_bits\[9\],14.05
bgc_11.col_data_in\[10\],14.05
bgc_11.comp_col.GL_index\[0\],14.05
bgc_11.comp_col.pe1._06_,14.05
bgc_12.final_counter._17_,14.05
bgc_13.comp_col.pe2._10_,14.05
bgc_13.comp_row.GL_bits\[8\],14.05
bgc_13.final_counter._00_\[7\],14.05
bgc_14.comp_row._03_,14.05
bgc_14.comp_row._14_,14.05
bgc_15.final_counter._00_\[2\],14.05
bgc_2.col_reg.mode\[1\],14.05
bgc_2.comp_col._16_,14.05
bgc_3.comp_col._16_,14.05
bgc_3.comp_col.pe2._07_,14.05
bgc_3.comp_row._18_,14.05
bgc_3.final_counter._03_,14.05
bgc_4.col_reg._001_,14.05
bgc_4.comp_col.GR_bits\[2\],14.05
bgc_4.comp_row.GL_bits\[8\],14.05
bgc_4.comp_row._00_,14.05
bgc_5.col_data_in\[4\],14.05
bgc_5.comp_col.GL_bits\[8\],14.05
bgc_5.comp_col.GL_index\[2\],14.05
bgc_6.comp_col.A\[7\],14.05
bgc_6.comp_col.GR_bits\[6\],14.05
bgc_7.final_counter._24_,14.05
bgc_7.lfsr_col._00_\[4\],14.05
bgc_8.comp_row.pe1._07_,14.05
bgc_8.final_counter._00_\[2\],14.05
bgc_9.comp_col._09_,14.05
bgc_9.comp_col._12_,14.05
bgc_9.comp_col.pe1._10_,14.05
bgc_9.final_counter._14_,14.05
bgc_9.row_reg._013_,14.05
lfsr_enabler._17_,14.05
res_mem_inst.slot\[0\].slot_reg._014_,14.05
res_mem_inst.slot\[0\].slot_reg._027_,14.05
res_mem_inst.slot\[0\].slot_reg._032_,14.05
res_mem_inst.slot\[0\].slot_reg._033_,14.05
res_mem_inst.slot\[3\].slot_reg._037_,14.05
res_mem_inst.slot\[4\].slot_reg._006_,14.05
res_mem_inst.slot\[7\].slot_reg._030_,14.05
res_mem_inst.slot\[9\].slot_reg._005_,14.05
res_mem_inst.slot\[9\].slot_reg._039_,14.05
res_mem_inst.slot\[9\].slot_reg._045_,14.05
timer_inst._01_\[7\],14.05
net1486,14.05
net830,14
net936,14
net951,14
net1394,14
net1435,14
net741,14
adder_tree._0053_,14
adder_tree._0057_,14
adder_tree._0104_,14
adder_tree._0116_,14
adder_tree._0293_,14
adder_tree._0341_,14
adder_tree._0553_,14
bgc_1.comp_col.GL_bits\[9\],14
bgc_1.comp_col.GR_index\[3\],14
bgc_1.comp_row.pe1._12_,14
bgc_1.final_counter._00_\[7\],14
bgc_1.lfsr_col._21_,14
bgc_10.comp_col.GL_bits\[9\],14
bgc_10.comp_col.pe2._14_,14
bgc_10.comp_row.GL_bits\[8\],14
bgc_10.comp_row.GR_bits\[5\],14
bgc_10.lfsr_col._00_\[0\],14
bgc_11.comp_col.pe1._09_,14
bgc_11.lfsr_row._00_\[10\],14
bgc_11.row_reg._032_,14
bgc_12.col_reg._029_,14
bgc_12.col_reg.mode\[0\],14
bgc_12.comp_row.GR_bits\[0\],14
bgc_12.comp_row.pe2._04_,14
bgc_12.comp_row.pe2._08_,14
bgc_12.comp_row.pe2._16_,14
bgc_12.row_reg._029_,14
bgc_13.final_counter._00_\[9\],14
bgc_14.comp_row.pe1._12_,14
bgc_14.final_counter._00_\[10\],14
bgc_15.comp_row.pe2._12_,14
bgc_2.col_reg._000_\[2\],14
bgc_3.comp_col.GR_index\[0\],14
bgc_3.comp_row.A\[2\],14
bgc_3.final_counter._19_,14
bgc_3.row_reg._000_\[1\],14
bgc_4.comp_row.GL_index\[3\],14
bgc_5.comp_col.GL_index\[3\],14
bgc_5.comp_col.GR_bits\[4\],14
bgc_5.comp_row.GR_bits\[6\],14
bgc_6.col_reg.mode\[0\],14
bgc_6.comp_col.GR_bits\[2\],14
bgc_6.final_counter._03_,14
bgc_7.row_reg._000_\[2\],14
bgc_7.row_reg._052_,14
bgc_8.comp_col._02_,14
bgc_8.row_reg._000_\[1\],14
bgc_9.col_reg._000_\[2\],14
bgc_9.comp_row.pe1._14_,14
res_mem_inst.slot\[14\].slot_reg._038_,14
res_mem_inst.slot\[7\].slot_reg._014_,14
net1487,14
spi_out2,13.86
bgc_0.comp_col.GL_bits\[2\],13.59
bgc_1.comp_row.GR_bits\[9\],13.59
bgc_12.comp_col.pe2._15_,13.59
bgc_14.comp_col.GR_bits\[4\],13.59
bgc_6.comp_row.GR_bits\[10\],13.59
bgc_8.comp_col.GR_bits\[3\],13.59
res_mem_inst.slot\[1\].slot_reg.mode\[0\],13.59
bgc_0.comp_row._04_,13.54
bgc_0.row_reg.mode\[1\],13.54
bgc_1.comp_col.GR_bits\[5\],13.54
bgc_1.comp_row.GL_bits\[11\],13.54
bgc_11.comp_col.GL_bits\[11\],13.54
bgc_12.comp_col.GL_bits\[6\],13.54
bgc_12.comp_col.GR_bits\[8\],13.54
bgc_12.comp_row.GL_index\[1\],13.54
bgc_12.row_reg._039_,13.54
bgc_13.comp_row.GR_bits\[8\],13.54
bgc_13.row_reg.mode\[0\],13.54
bgc_15.comp_row.GL_bits\[6\],13.54
bgc_2.comp_col.GL_bits\[9\],13.54
bgc_2.comp_row._15_,13.54
bgc_2.comp_row.pe2._03_,13.54
bgc_3.comp_col.GL_bits\[7\],13.54
bgc_3.comp_col.pe1._15_,13.54
bgc_4.col_reg.mode\[1\],13.54
bgc_4.comp_col.GR_bits\[6\],13.54
bgc_4.comp_col._16_,13.54
bgc_5.final_counter._12_,13.54
bgc_7.comp_row.GR_bits\[11\],13.54
bgc_8.final_counter._19_,13.54
res_mem_inst.slot\[12\].slot_reg._028_,13.54
net1361,13.49
net373,13.49
net647,13.49
net669,13.49
adder_tree._0068_,13.49
adder_tree._0223_,13.49
adder_tree._0516_,13.49
adder_tree._0641_,13.49
bgc_0.comp_col._15_,13.49
bgc_0.comp_col.pe2._15_,13.49
bgc_0.final_counter._00_\[8\],13.49
bgc_0.final_counter._00_\[9\],13.49
bgc_0.final_counter._03_,13.49
bgc_1.comp_col.A\[10\],13.49
bgc_1.comp_col.GR_bits\[2\],13.49
bgc_1.comp_row.GL_bits\[4\],13.49
bgc_10.col_reg._006_,13.49
bgc_11.comp_row.pe1._01_,13.49
bgc_11.comp_row.pe2._06_,13.49
bgc_12.col_reg._007_,13.49
bgc_12.comp_row.pe2._12_,13.49
bgc_13.comp_col.pe1._12_,13.49
bgc_13.row_reg._000_\[3\],13.49
bgc_14.comp_col.pe1._12_,13.49
bgc_15.final_counter._17_,13.49
bgc_2.col_reg._000_\[3\],13.49
bgc_2.final_counter._20_,13.49
bgc_3.col_reg._001_,13.49
bgc_3.col_reg._027_,13.49
bgc_3.col_reg._040_,13.49
bgc_3.comp_row.pe1._16_,13.49
bgc_3.final_counter._20_,13.49
bgc_4.comp_col._14_,13.49
bgc_4.comp_col.pe2._10_,13.49
bgc_4.comp_row.GL_bits\[6\],13.49
bgc_4.comp_row._03_,13.49
bgc_4.comp_row.pe1._12_,13.49
bgc_4.comp_row.pe2._08_,13.49
bgc_4.final_counter._06_,13.49
bgc_5.col_reg._000_\[3\],13.49
bgc_5.final_counter._26_,13.49
bgc_6.final_counter._00_\[5\],13.49
bgc_7.comp_col.A\[11\],13.49
bgc_8.final_counter._00_\[11\],13.49
bgc_8.final_counter._10_,13.49
bgc_9.comp_row.pe2._14_,13.49
lfsr_enabler._21_,13.49
res_mem_inst.slot\[0\].slot_reg._019_,13.49
res_mem_inst.slot\[10\].slot_reg._011_,13.49
res_mem_inst.slot\[10\].slot_reg._022_,13.49
res_mem_inst.slot\[12\].slot_reg._030_,13.49
res_mem_inst.slot\[3\].slot_reg._000_\[6\],13.49
net868,13.44
net888,13.44
net899,13.44
net1092,13.44
net1145,13.44
net1265,13.44
net1346,13.44
net100,13.44
net309,13.44
net424,13.44
net684,13.44
adder_tree._0080_,13.44
adder_tree._0295_,13.44
adder_tree._0491_,13.44
bgc_0.comp_row.GL_index\[1\],13.44
bgc_1.comp_col._18_,13.44
bgc_1.comp_row.pe1._07_,13.44
bgc_1.comp_row.x,13.44
bgc_1.lfsr_row._21_,13.44
bgc_1.row_reg._000_\[4\],13.44
bgc_10.comp_col.GL_index\[0\],13.44
bgc_10.lfsr_col._11_,13.44
bgc_11.comp_col._02_,13.44
bgc_12.comp_row.GR_bits\[7\],13.44
bgc_12.final_counter._00_\[3\],13.44
bgc_12.lfsr_row._00_\[6\],13.44
bgc_13.comp_row.GL_bits\[9\],13.44
bgc_13.comp_row.pe1._17_,13.44
bgc_14.comp_col.GR_bits\[9\],13.44
bgc_14.comp_row.pe2._07_,13.44
bgc_14.final_counter._28_,13.44
bgc_14.lfsr_row._00_\[1\],13.44
bgc_2.col_reg._022_,13.44
bgc_2.col_reg._045_,13.44
bgc_2.final_counter._00_\[5\],13.44
bgc_5.comp_col.GL_bits\[7\],13.44
bgc_5.comp_row.A\[1\],13.44
bgc_5.lfsr_col._00_\[8\],13.44
bgc_6.comp_row._11_,13.44
bgc_6.comp_row.pe1._12_,13.44
bgc_7.comp_col._16_,13.44
bgc_7.lfsr_col._00_\[2\],13.44
bgc_7.lfsr_col._09_,13.44
bgc_8.comp_col.GR_bits\[8\],13.44
bgc_8.lfsr_col._03_,13.44
bgc_8.lfsr_row._00_\[0\],13.44
res_mem_inst._034_,13.44
res_mem_inst.slot\[13\].slot_reg._011_,13.44
res_mem_inst.slot\[14\].slot_reg._015_,13.44
res_mem_inst.slot\[2\].slot_reg._036_,13.44
res_mem_inst.slot\[2\].slot_reg.mode\[0\],13.44
res_mem_inst.slot\[4\].slot_reg._012_,13.44
res_mem_inst.slot\[5\].slot_reg._000_\[8\],13.44
res_mem_inst.slot\[9\].slot_reg._019_,13.44
spi_in2,13.3
adder_tree._0485_,13.03
bgc_0.comp_col.GL_index\[1\],13.03
bgc_1.comp_col.A\[0\],13.03
bgc_13.comp_col.GR_bits\[6\],13.03
bgc_6.comp_col.GL_bits\[6\],13.03
bgc_6.comp_row.GR_bits\[6\],13.03
bgc_7.comp_col.GR_bits\[9\],13.03
adder_tree._0351_,12.98
adder_tree._0530_,12.98
adder_tree._0541_,12.98
bgc_0.comp_row.GL_bits\[4\],12.98
bgc_1.comp_col.GL_index\[1\],12.98
bgc_10.comp_col.pe2._01_,12.98
bgc_12.col_reg._016_,12.98
bgc_13.comp_col.GL_index\[1\],12.98
bgc_13.final_counter._12_,12.98
bgc_14.final_counter._04_,12.98
bgc_15.comp_col.GR_bits\[9\],12.98
bgc_15.comp_row.GR_bits\[5\],12.98
bgc_3.comp_col.pe1._07_,12.98
bgc_4.comp_col.GL_bits\[5\],12.98
bgc_4.comp_row.GR_bits\[9\],12.98
bgc_4.final_counter._17_,12.98
bgc_5.comp_col.GR_bits\[5\],12.98
bgc_5.comp_row.GL_bits\[5\],12.98
bgc_7.comp_col.GR_bits\[3\],12.98
bgc_8.comp_row.GL_index\[3\],12.98
bgc_8.comp_row._18_,12.98
net1501,12.98
net1293,12.93
net1388,12.93
net300,12.93
net327,12.93
net577,12.93
net638,12.93
net648,12.93
net818,12.93
adder_tree._0245_,12.93
adder_tree._0252_,12.93
adder_tree._0298_,12.93
adder_tree._0395_,12.93
adder_tree._0455_,12.93
adder_tree._0472_,12.93
adder_tree._0518_,12.93
adder_tree._0547_,12.93
adder_tree._0556_,12.93
adder_tree._0645_,12.93
bgc_0.comp_row.pe1._08_,12.93
bgc_0.lfsr_col._26_,12.93
bgc_0.lfsr_row._11_,12.93
bgc_1.comp_row.GL_index\[0\],12.93
bgc_1.lfsr_row._00_\[10\],12.93
bgc_10.col_reg._000_\[0\],12.93
bgc_10.comp_col._11_,12.93
bgc_11.col_reg._019_,12.93
bgc_11.comp_col.pe2._07_,12.93
bgc_12.col_reg._050_,12.93
bgc_12.comp_col._14_,12.93
bgc_12.row_reg._028_,12.93
bgc_13.comp_row.GR_bits\[5\],12.93
bgc_13.lfsr_col._00_\[9\],12.93
bgc_14.comp_row.pe1._04_,12.93
bgc_15.col_reg._000_\[6\],12.93
bgc_15.comp_col._18_,12.93
bgc_15.comp_row.GR_index\[1\],12.93
bgc_15.lfsr_row._03_,12.93
bgc_2.comp_col.GR_bits\[0\],12.93
bgc_2.comp_col._12_,12.93
bgc_2.comp_row.GL_bits\[2\],12.93
bgc_2.comp_row.GL_bits\[9\],12.93
bgc_2.comp_row.GR_bits\[1\],12.93
bgc_2.final_counter._15_,12.93
bgc_3.comp_col.GL_bits\[11\],12.93
bgc_3.row_reg._038_,12.93
bgc_4.comp_col.pe2._08_,12.93
bgc_4.comp_row._11_,12.93
bgc_4.row_reg._023_,12.93
bgc_5.col_data_in\[9\],12.93
bgc_5.comp_row.GL_bits\[8\],12.93
bgc_5.comp_row._03_,12.93
bgc_5.row_reg._000_\[4\],12.93
bgc_5.row_reg._015_,12.93
bgc_6.comp_col.GL_index\[2\],12.93
bgc_6.comp_row.GR_index\[3\],12.93
bgc_6.comp_row._18_,12.93
bgc_7.col_reg._000_\[7\],12.93
bgc_7.comp_col.GR_bits\[10\],12.93
bgc_7.comp_col.pe1._10_,12.93
bgc_7.comp_row.pe2._07_,12.93
bgc_7.final_counter._07_,12.93
bgc_7.prev_step_output\[11\],12.93
bgc_8.col_reg._004_,12.93
bgc_8.comp_col.A\[8\],12.93
bgc_8.comp_col.pe1._14_,12.93
bgc_9.comp_row.GL_index\[3\],12.93
bgc_9.final_counter._27_,12.93
res_mem_inst._001_\[3\],12.93
res_mem_inst.slot\[10\].slot_reg._000_\[10\],12.93
res_mem_inst.slot\[14\].slot_reg._037_,12.93
res_mem_inst.slot\[15\].slot_reg._040_,12.93
res_mem_inst.slot\[2\].slot_reg._031_,12.93
res_mem_inst.slot\[7\].slot_reg._038_,12.93
res_mem_inst.slot\[9\].slot_reg._000_\[3\],12.93
timer_inst._01_\[5\],12.93
net1507,12.93
net825,12.88
net874,12.88
net893,12.88
net928,12.88
net1005,12.88
net1020,12.88
net1033,12.88
net1040,12.88
net1290,12.88
net1313,12.88
net1387,12.88
net208,12.88
net287,12.88
net411,12.88
net590,12.88
net602,12.88
net702,12.88
net726,12.88
adder_tree._0136_,12.88
adder_tree._0175_,12.88
adder_tree._0179_,12.88
adder_tree._0265_,12.88
adder_tree._0320_,12.88
adder_tree._0539_,12.88
bgc_0.comp_col.GL_bits\[11\],12.88
bgc_0.comp_col._18_,12.88
bgc_1.col_reg._045_,12.88
bgc_1.comp_col.pe1._12_,12.88
bgc_1.comp_row.pe1._10_,12.88
bgc_1.comp_row.pe2._07_,12.88
bgc_1.lfsr_row._00_\[1\],12.88
bgc_10.comp_col._14_,12.88
bgc_10.comp_row.GL_bits\[11\],12.88
bgc_10.final_counter._06_,12.88
bgc_10.lfsr_col._20_,12.88
bgc_11.comp_row._04_,12.88
bgc_12.comp_row.GL_bits\[0\],12.88
bgc_12.comp_row.GR_bits\[1\],12.88
bgc_12.comp_row.pe1._16_,12.88
bgc_12.comp_row.pe2._14_,12.88
bgc_12.row_reg._030_,12.88
bgc_13.col_reg._026_,12.88
bgc_13.row_reg._007_,12.88
bgc_13.row_reg._047_,12.88
bgc_14.row_reg._000_\[3\],12.88
bgc_15.col_reg._012_,12.88
bgc_15.comp_col.GL_bits\[11\],12.88
bgc_15.comp_row.pe1._12_,12.88
bgc_15.final_counter._00_\[5\],12.88
bgc_15.row_reg._051_,12.88
bgc_2.col_reg._018_,12.88
bgc_2.comp_col.GR_bits\[5\],12.88
bgc_3.comp_col._02_,12.88
bgc_3.comp_row._15_,12.88
bgc_3.comp_row.pe1._06_,12.88
bgc_3.lfsr_col._13_,12.88
bgc_4.col_data_in\[3\],12.88
bgc_4.col_reg._000_\[5\],12.88
bgc_4.col_reg._017_,12.88
bgc_4.comp_row.GL_index\[0\],12.88
bgc_4.final_counter._08_,12.88
bgc_5.col_reg._026_,12.88
bgc_5.final_counter._04_,12.88
bgc_6.col_reg._038_,12.88
bgc_6.lfsr_col._03_,12.88
bgc_7.comp_row.GR_bits\[4\],12.88
bgc_7.comp_row.pe1._11_,12.88
bgc_7.comp_row.pe2._03_,12.88
bgc_7.final_counter._00_\[9\],12.88
bgc_7.lfsr_row._00_\[6\],12.88
bgc_8.comp_col.GR_bits\[7\],12.88
bgc_8.comp_row.pe1._08_,12.88
bgc_9.final_counter._00_\[2\],12.88
res_mem_inst.slot\[0\].slot_reg._034_,12.88
res_mem_inst.slot\[5\].slot_reg._009_,12.88
res_mem_inst.slot\[8\].slot_reg._023_,12.88
res_mem_inst.slot\[8\].slot_reg.mode\[0\],12.88
res_mem_inst.slot\[9\].slot_reg._018_,12.88
timer_inst._25_,12.88
bgc_13.comp_col.GR_bits\[5\],12.52
adder_tree._0222_,12.47
adder_tree._0327_,12.47
bgc_0.comp_col.pe1._03_,12.47
bgc_0.comp_col.pe2._03_,12.47
bgc_7.comp_row._14_,12.47
bgc_8.comp_row.pe1._03_,12.47
bgc_1.col_reg.mode\[0\],12.42
bgc_1.comp_row.GL_bits\[5\],12.42
bgc_12.comp_row.A\[0\],12.42
bgc_13.comp_row.GL_index\[1\],12.42
bgc_14.col_reg._016_,12.42
bgc_15.comp_col.GR_bits\[10\],12.42
bgc_15.lfsr_row._12_,12.42
bgc_3.final_counter._23_,12.42
bgc_5.row_reg._021_,12.42
bgc_6.comp_row.pe1._17_,12.42
bgc_7.comp_col.pe2._12_,12.42
bgc_8.comp_row.pe1._09_,12.42
lfsr_enabler._23_,12.42
res_mem_inst.slot\[13\].slot_reg._016_,12.42
res_mem_inst.slot\[6\].slot_reg._038_,12.42
net1488,12.42
net1509,12.42
net931,12.37
net1379,12.37
net191,12.37
net338,12.37
net415,12.37
net441,12.37
net505,12.37
net604,12.37
net781,12.37
adder_tree._0050_,12.37
adder_tree._0306_,12.37
adder_tree._0334_,12.37
adder_tree._0510_,12.37
adder_tree._0511_,12.37
bgc_0.col_reg._000_\[7\],12.37
bgc_1.col_reg._020_,12.37
bgc_1.col_reg._035_,12.37
bgc_10.comp_row.A\[1\],12.37
bgc_11.row_reg._016_,12.37
bgc_12.col_data_in\[6\],12.37
bgc_12.comp_row.GL_index\[3\],12.37
bgc_12.row_reg.mode\[1\],12.37
bgc_13.row_reg._025_,12.37
bgc_14.col_reg._001_,12.37
bgc_14.final_counter._19_,12.37
bgc_14.row_reg._004_,12.37
bgc_15.comp_col.pe1._01_,12.37
bgc_2.col_reg._000_\[10\],12.37
bgc_2.comp_col.pe1._05_,12.37
bgc_2.comp_row.GL_bits\[8\],12.37
bgc_2.row_reg._000_\[4\],12.37
bgc_2.row_reg._030_,12.37
bgc_2.row_reg.mode\[1\],12.37
bgc_4.comp_col.GL_bits\[2\],12.37
bgc_4.comp_col._03_,12.37
bgc_4.comp_row.pe1._17_,12.37
bgc_4.row_reg.mode\[0\],12.37
bgc_5.col_data_in\[0\],12.37
bgc_5.comp_row._16_,12.37
bgc_5.comp_row.pe1._17_,12.37
bgc_6.comp_col.GL_bits\[7\],12.37
bgc_6.comp_row._02_,12.37
bgc_7.comp_col.GL_bits\[9\],12.37
bgc_7.comp_col.pe2._03_,12.37
bgc_7.final_counter._25_,12.37
bgc_7.row_reg._017_,12.37
bgc_8.comp_col.GL_bits\[4\],12.37
bgc_8.row_reg._031_,12.37
bgc_9.comp_col._00_,12.37
bgc_9.comp_col.pe1._07_,12.37
bgc_9.comp_row.GR_bits\[7\],12.37
bgc_9.comp_row.pe1._01_,12.37
bgc_9.final_counter._02_,12.37
bgc_9.row_reg._019_,12.37
res_mem_inst.slot\[0\].slot_reg._016_,12.37
res_mem_inst.slot\[11\].slot_reg._051_,12.37
res_mem_inst.slot\[1\].slot_reg._007_,12.37
res_mem_inst.slot\[8\].slot_reg._000_\[10\],12.37
net1490,12.37
net832,12.32
net867,12.32
net921,12.32
net942,12.32
net958,12.32
net1062,12.32
net1217,12.32
net1307,12.32
net1308,12.32
net1392,12.32
net1468,12.32
net127,12.32
net135,12.32
net285,12.32
net417,12.32
net615,12.32
net662,12.32
net672,12.32
net764,12.32
net795,12.32
adder_tree._0083_,12.32
adder_tree._0103_,12.32
adder_tree._0211_,12.32
adder_tree._0256_,12.32
adder_tree._0430_,12.32
adder_tree._0453_,12.32
adder_tree._0580_,12.32
bgc_1.final_counter._02_,12.32
bgc_1.final_counter._23_,12.32
bgc_1.row_reg._038_,12.32
bgc_10.final_counter._07_,12.32
bgc_10.final_counter._24_,12.32
bgc_10.lfsr_col._09_,12.32
bgc_11.col_data_in\[4\],12.32
bgc_11.comp_col.pe1._07_,12.32
bgc_11.comp_row.pe2._10_,12.32
bgc_11.final_counter._00_\[6\],12.32
bgc_11.lfsr_col._00_\[6\],12.32
bgc_11.lfsr_row._21_,12.32
bgc_12.col_data_in\[3\],12.32
bgc_12.comp_row.GL_bits\[1\],12.32
bgc_12.comp_row.pe1._11_,12.32
bgc_12.comp_row.pe2._00_,12.32
bgc_12.comp_row.pe2._06_,12.32
bgc_12.row_reg._048_,12.32
bgc_13.col_reg._016_,12.32
bgc_13.comp_row.GL_index\[3\],12.32
bgc_13.row_reg._051_,12.32
bgc_14.col_reg._014_,12.32
bgc_14.comp_col.GL_bits\[9\],12.32
bgc_14.comp_col._17_,12.32
bgc_14.final_counter._27_,12.32
bgc_15.comp_col.GR_index\[2\],12.32
bgc_15.comp_col.pe1._12_,12.32
bgc_15.row_reg._040_,12.32
bgc_2.col_reg._021_,12.32
bgc_2.comp_col.GL_bits\[11\],12.32
bgc_2.row_reg._001_,12.32
bgc_3.comp_row.A\[9\],12.32
bgc_3.comp_row.pe1._05_,12.32
bgc_4.comp_col._18_,12.32
bgc_4.final_counter._00_\[3\],12.32
bgc_5.comp_col._01_,12.32
bgc_5.comp_col.pe2._12_,12.32
bgc_6.col_reg._022_,12.32
bgc_6.row_reg._000_\[3\],12.32
bgc_6.row_reg._004_,12.32
bgc_7.lfsr_row._20_,12.32
bgc_7.row_reg._001_,12.32
bgc_8.col_data_in\[10\],12.32
bgc_8.col_reg._030_,12.32
bgc_8.comp_col._10_,12.32
bgc_8.comp_col.pe2._06_,12.32
bgc_8.comp_row.A\[0\],12.32
bgc_8.row_reg._034_,12.32
bgc_9.col_reg._030_,12.32
bgc_9.final_counter._19_,12.32
bgc_9.lfsr_col._17_,12.32
lfsr_enabler._14_,12.32
res_mem_inst.slot\[0\].slot_reg._028_,12.32
res_mem_inst.slot\[14\].slot_reg._008_,12.32
res_mem_inst.slot\[14\].slot_reg._052_,12.32
res_mem_inst.slot\[1\].slot_reg._049_,12.32
res_mem_inst.slot\[2\].slot_reg._004_,12.32
res_mem_inst.slot\[4\].slot_reg._000_\[11\],12.32
net78,12.32
bgc_4.comp_col.GL_bits\[8\],11.96
bgc_5.comp_row.GL_bits\[6\],11.96
bgc_11.comp_col.GL_bits\[7\],11.91
bgc_2.comp_row.GL_bits\[6\],11.91
bgc_4.col_reg._015_,11.91
adder_tree._0328_,11.86
adder_tree._0454_,11.86
adder_tree._0513_,11.86
adder_tree.sum_out\[9\],11.86
bgc_0.comp_row.GR_bits\[5\],11.86
bgc_11.comp_row.GR_bits\[8\],11.86
bgc_12.col_reg._000_\[9\],11.86
bgc_12.comp_col.GL_bits\[8\],11.86
bgc_12.comp_col.GR_bits\[5\],11.86
bgc_12.comp_row.GL_bits\[10\],11.86
bgc_12.comp_row.GL_bits\[5\],11.86
bgc_12.comp_row.pe2._02_,11.86
bgc_15.comp_col.GL_index\[1\],11.86
bgc_15.comp_row.pe1._06_,11.86
bgc_3.comp_col.pe2._11_,11.86
bgc_3.comp_row._02_,11.86
bgc_3.row_reg._016_,11.86
bgc_5.comp_col.GR_bits\[7\],11.86
bgc_6.comp_row.pe1._06_,11.86
bgc_6.comp_row.pe1._13_,11.86
bgc_7.comp_col.GL_index\[1\],11.86
bgc_7.comp_col.pe2._17_,11.86
bgc_8.row_reg.mode\[0\],11.86
bgc_9.comp_row.GL_bits\[8\],11.86
res_mem_inst.slot\[2\].slot_reg._026_,11.86
net906,11.81
net1003,11.81
net1149,11.81
net1230,11.81
net81,11.81
net90,11.81
net200,11.81
net258,11.81
net337,11.81
net517,11.81
net742,11.81
net765,11.81
adder_tree._0031_,11.81
adder_tree._0082_,11.81
adder_tree._0105_,11.81
adder_tree._0121_,11.81
adder_tree._0203_,11.81
adder_tree._0486_,11.81
adder_tree._0540_,11.81
adder_tree._0611_,11.81
adder_tree._0668_,11.81
bgc_0.comp_col.pe1._08_,11.81
bgc_0.comp_row.GL_bits\[10\],11.81
bgc_0.comp_row.GR_bits\[9\],11.81
bgc_1.col_reg._007_,11.81
bgc_1.col_reg._010_,11.81
bgc_1.col_reg._038_,11.81
bgc_1.final_counter._00_\[9\],11.81
bgc_10.col_data_in\[4\],11.81
bgc_10.col_reg._012_,11.81
bgc_10.comp_row._03_,11.81
bgc_10.final_counter._26_,11.81
bgc_11.comp_col.GL_bits\[8\],11.81
bgc_11.lfsr_row._00_\[11\],11.81
bgc_11.row_reg.mode\[1\],11.81
bgc_12.col_data_in\[10\],11.81
bgc_12.col_data_in\[2\],11.81
bgc_12.comp_col.pe2._08_,11.81
bgc_13.comp_col._03_,11.81
bgc_13.comp_col.pe1._07_,11.81
bgc_14.comp_col.GL_bits\[7\],11.81
bgc_14.comp_col.GL_index\[1\],11.81
bgc_14.comp_row.GL_bits\[9\],11.81
bgc_14.final_counter._00_\[5\],11.81
bgc_15.col_reg._048_,11.81
bgc_15.comp_row.pe2._07_,11.81
bgc_15.final_counter._00_\[11\],11.81
bgc_2.col_reg._046_,11.81
bgc_3.comp_col.A\[6\],11.81
bgc_3.comp_col._17_,11.81
bgc_3.comp_row.A\[6\],11.81
bgc_4.comp_col.pe1._03_,11.81
bgc_4.comp_col.pe2._11_,11.81
bgc_4.row_reg._048_,11.81
bgc_5.col_reg._000_\[0\],11.81
bgc_5.col_reg._022_,11.81
bgc_5.col_reg._048_,11.81
bgc_5.comp_row.GR_bits\[2\],11.81
bgc_5.comp_row.pe1._05_,11.81
bgc_5.row_reg._004_,11.81
bgc_6.col_reg._035_,11.81
bgc_6.comp_col.pe2._06_,11.81
bgc_8.comp_col.GR_bits\[5\],11.81
bgc_8.comp_row.GL_bits\[4\],11.81
bgc_8.comp_row.GR_bits\[10\],11.81
bgc_8.comp_row.pe1._11_,11.81
bgc_8.row_reg._000_\[10\],11.81
bgc_9.comp_col.GL_bits\[7\],11.81
bgc_9.comp_col.pe2._01_,11.81
res_mem_inst._028_,11.81
res_mem_inst.slot\[13\].slot_reg._000_\[5\],11.81
res_mem_inst.slot\[14\].slot_reg._000_\[7\],11.81
res_mem_inst.slot\[14\].slot_reg._034_,11.81
res_mem_inst.slot\[14\].slot_reg._044_,11.81
res_mem_inst.slot\[2\].slot_reg._029_,11.81
res_mem_inst.slot\[3\].slot_reg._032_,11.81
res_mem_inst.slot\[9\].slot_reg._010_,11.81
net1498,11.81
net1505,11.81
net890,11.76
net904,11.76
net927,11.76
net1042,11.76
net1109,11.76
net1179,11.76
net1246,11.76
net1285,11.76
net1297,11.76
net1438,11.76
net155,11.76
net262,11.76
net363,11.76
net446,11.76
net464,11.76
net485,11.76
net491,11.76
net670,11.76
net709,11.76
net814,11.76
adder_tree._0039_,11.76
adder_tree._0122_,11.76
adder_tree._0496_,11.76
adder_tree._0636_,11.76
bgc_0.col_reg._016_,11.76
bgc_0.comp_col.GL_bits\[8\],11.76
bgc_0.final_counter._24_,11.76
bgc_0.lfsr_col._10_,11.76
bgc_1.col_data_in\[11\],11.76
bgc_1.comp_col.pe1._01_,11.76
bgc_1.comp_col.pe1._10_,11.76
bgc_1.comp_row.GR_index\[3\],11.76
bgc_1.final_counter._05_,11.76
bgc_1.lfsr_row._09_,11.76
bgc_1.row_reg._031_,11.76
bgc_10.comp_col.GL_bits\[10\],11.76
bgc_10.comp_col.GL_bits\[11\],11.76
bgc_10.comp_col.pe1._08_,11.76
bgc_10.comp_col.pe1._12_,11.76
bgc_11.comp_col.GR_bits\[10\],11.76
bgc_11.comp_row.GL_index\[3\],11.76
bgc_11.comp_row.GR_bits\[10\],11.76
bgc_11.comp_row.pe1._12_,11.76
bgc_11.comp_row.pe2._09_,11.76
bgc_12.comp_col._18_,11.76
bgc_12.comp_row.GR_bits\[11\],11.76
bgc_12.lfsr_row._26_,11.76
bgc_12.row_reg._000_\[10\],11.76
bgc_12.row_reg._026_,11.76
bgc_13.comp_col._17_,11.76
bgc_13.comp_col.pe2._11_,11.76
bgc_13.comp_row.A\[4\],11.76
bgc_13.comp_row._11_,11.76
bgc_13.final_counter._00_\[1\],11.76
bgc_13.final_counter._14_,11.76
bgc_13.lfsr_col._07_,11.76
bgc_14.col_data_in\[10\],11.76
bgc_14.comp_row.GR_bits\[4\],11.76
bgc_14.lfsr_col._22_,11.76
bgc_15.comp_row.pe2._11_,11.76
bgc_15.lfsr_col._19_,11.76
bgc_15.lfsr_col._26_,11.76
bgc_15.lfsr_row._14_,11.76
bgc_15.row_reg._031_,11.76
bgc_15.row_reg._047_,11.76
bgc_2.comp_col.pe1._12_,11.76
bgc_2.comp_col.pe2._08_,11.76
bgc_2.final_counter._00_\[9\],11.76
bgc_2.row_reg._003_,11.76
bgc_2.row_reg._036_,11.76
bgc_3.comp_col.GL_bits\[10\],11.76
bgc_3.comp_row.GL_bits\[0\],11.76
bgc_3.comp_row.GL_index\[1\],11.76
bgc_3.comp_row._00_,11.76
bgc_4.comp_col._17_,11.76
bgc_4.comp_row.A\[3\],11.76
bgc_4.comp_row.GR_bits\[6\],11.76
bgc_4.final_counter._19_,11.76
bgc_5.col_reg._002_,11.76
bgc_5.comp_col.pe1._06_,11.76
bgc_5.comp_col.pe2._06_,11.76
bgc_5.comp_col.pe2._08_,11.76
bgc_5.final_counter._00_\[6\],11.76
bgc_5.final_counter._20_,11.76
bgc_5.lfsr_row._14_,11.76
bgc_5.row_reg._034_,11.76
bgc_6.comp_col.GL_index\[1\],11.76
bgc_6.row_reg._000_\[10\],11.76
bgc_7.comp_col.pe1._09_,11.76
bgc_7.final_counter._00_\[6\],11.76
bgc_7.final_counter._14_,11.76
bgc_7.row_reg._022_,11.76
bgc_7.row_reg._050_,11.76
bgc_9.col_reg._000_\[0\],11.76
bgc_9.comp_col.GL_bits\[4\],11.76
bgc_9.comp_col.pe2._03_,11.76
bgc_9.row_reg._028_,11.76
res_mem_inst.slot\[0\].slot_reg._025_,11.76
res_mem_inst.slot\[0\].slot_reg._039_,11.76
res_mem_inst.slot\[0\].slot_reg._044_,11.76
res_mem_inst.slot\[2\].slot_reg._050_,11.76
res_mem_inst.slot\[4\].slot_reg._034_,11.76
res_mem_inst.slot\[5\].slot_reg._003_,11.76
res_mem_inst.slot\[6\].slot_reg._000_\[11\],11.76
res_mem_inst.slot\[6\].slot_reg._012_,11.76
timer_inst._20_,11.76
spi_out3,11.62
adder_tree._0381_,11.35
bgc_15.comp_col.GR_bits\[8\],11.35
bgc_4.comp_col.pe2._03_,11.35
bgc_6.comp_row.pe1._03_,11.35
bgc_7.comp_row.pe2._06_,11.35
lfsr_enabler.row_load_count\[0\],11.35
adder_tree._0217_,11.3
adder_tree._0236_,11.3
bgc_0.comp_row.GR_index\[0\],11.3
bgc_10.col_reg._024_,11.3
bgc_10.comp_col.GL_bits\[2\],11.3
bgc_10.comp_col.GL_bits\[8\],11.3
bgc_11.comp_row.GL_bits\[10\],11.3
bgc_13.comp_col.GL_bits\[6\],11.3
bgc_15.comp_col.GR_bits\[2\],11.3
bgc_15.comp_row._04_,11.3
bgc_15.comp_row._15_,11.3
bgc_2.comp_row.GR_bits\[7\],11.3
bgc_2.comp_row.GR_index\[2\],11.3
bgc_3.comp_col.pe1._03_,11.3
bgc_3.comp_col.pe2._03_,11.3
bgc_3.row_reg.mode\[0\],11.3
bgc_4.comp_col._15_,11.3
bgc_5.comp_row.pe2._14_,11.3
bgc_6.comp_col.pe1._07_,11.3
bgc_7.col_reg._028_,11.3
bgc_9.comp_col.pe2._14_,11.3
net824,11.25
net871,11.25
net937,11.25
net967,11.25
net1008,11.25
net1377,11.25
net1422,11.25
net370,11.25
net450,11.25
net797,11.25
adder_tree._0006_,11.25
adder_tree._0075_,11.25
adder_tree._0194_,11.25
adder_tree._0559_,11.25
adder_tree._0696_,11.25
bgc_0.comp_col.GL_index\[2\],11.25
bgc_0.comp_col.pe1._07_,11.25
bgc_0.comp_row.A\[10\],11.25
bgc_0.comp_row.pe2._07_,11.25
bgc_0.row_reg._000_\[5\],11.25
bgc_1.col_reg._050_,11.25
bgc_1.comp_col.GR_bits\[8\],11.25
bgc_1.final_counter._00_\[3\],11.25
bgc_1.final_counter._07_,11.25
bgc_1.row_reg._015_,11.25
bgc_10.final_counter._20_,11.25
bgc_11.comp_col.GR_index\[2\],11.25
bgc_11.lfsr_row._26_,11.25
bgc_13.col_reg._000_\[5\],11.25
bgc_13.comp_col.GR_bits\[0\],11.25
bgc_13.row_reg._045_,11.25
bgc_14.comp_col.GR_bits\[3\],11.25
bgc_14.comp_col.GR_bits\[8\],11.25
bgc_14.row_reg._000_\[11\],11.25
bgc_15.col_reg._025_,11.25
bgc_15.comp_col.GL_bits\[9\],11.25
bgc_15.lfsr_row._10_,11.25
bgc_2.comp_col.pe2._13_,11.25
bgc_2.comp_row._03_,11.25
bgc_2.comp_row.pe1._03_,11.25
bgc_2.comp_row.pe2._16_,11.25
bgc_3.col_reg._011_,11.25
bgc_3.comp_col._18_,11.25
bgc_4.comp_row.A\[8\],11.25
bgc_4.comp_row._18_,11.25
bgc_5.comp_row.A\[5\],11.25
bgc_5.comp_row._02_,11.25
bgc_5.comp_row.pe2._07_,11.25
bgc_6.col_reg._046_,11.25
bgc_6.row_reg._000_\[4\],11.25
bgc_6.row_reg._026_,11.25
bgc_6.row_reg._033_,11.25
bgc_7.comp_row.GL_bits\[9\],11.25
bgc_7.comp_row.GR_index\[2\],11.25
bgc_7.comp_row.pe1._07_,11.25
bgc_7.final_counter._00_\[3\],11.25
bgc_7.row_reg._012_,11.25
bgc_7.row_reg._039_,11.25
bgc_8.col_data_in\[6\],11.25
bgc_8.comp_row._14_,11.25
bgc_8.comp_row._19_,11.25
bgc_8.lfsr_col._09_,11.25
bgc_9.col_reg._033_,11.25
bgc_9.comp_col.GR_bits\[9\],11.25
bgc_9.comp_col.GR_index\[0\],11.25
bgc_9.comp_row.pe2._01_,11.25
res_mem_inst.slot\[10\].slot_reg._040_,11.25
res_mem_inst.slot\[12\].slot_reg._000_\[3\],11.25
res_mem_inst.slot\[14\].slot_reg._014_,11.25
res_mem_inst.slot\[4\].slot_reg._039_,11.25
res_mem_inst.slot\[8\].slot_reg._037_,11.25
res_mem_inst.slot\[9\].slot_reg._000_\[4\],11.25
net1502,11.25
net872,11.2
net994,11.2
net1043,11.2
net1065,11.2
net1173,11.2
net1317,11.2
net1385,11.2
net1442,11.2
net109,11.2
net165,11.2
net177,11.2
net245,11.2
net306,11.2
net315,11.2
net369,11.2
net389,11.2
net486,11.2
net529,11.2
net563,11.2
net619,11.2
net630,11.2
net641,11.2
net654,11.2
net676,11.2
net683,11.2
net688,11.2
net739,11.2
adder_tree._0154_,11.2
adder_tree._0159_,11.2
adder_tree._0200_,11.2
adder_tree._0398_,11.2
adder_tree._0586_,11.2
adder_tree._0649_,11.2
adder_tree._0693_,11.2
bgc_0.comp_col.A\[8\],11.2
bgc_0.comp_col._02_,11.2
bgc_0.comp_col.pe1._01_,11.2
bgc_0.comp_col.pe1._11_,11.2
bgc_0.comp_row.GR_bits\[11\],11.2
bgc_0.comp_row._18_,11.2
bgc_0.comp_row.pe2._12_,11.2
bgc_0.final_counter._00_\[3\],11.2
bgc_1.comp_col.pe1._09_,11.2
bgc_1.comp_row.GL_bits\[2\],11.2
bgc_1.comp_row._15_,11.2
bgc_1.final_counter._00_\[0\],11.2
bgc_1.final_counter._00_\[4\],11.2
bgc_1.final_counter._18_,11.2
bgc_1.final_counter._24_,11.2
bgc_1.lfsr_row._03_,11.2
bgc_1.row_reg._039_,11.2
bgc_10.col_reg._000_\[3\],11.2
bgc_10.col_reg._000_\[9\],11.2
bgc_10.col_reg._004_,11.2
bgc_10.lfsr_col._00_\[4\],11.2
bgc_11._02_,11.2
bgc_11.comp_col.pe2._11_,11.2
bgc_11.comp_row.GL_bits\[0\],11.2
bgc_11.comp_row.pe1._07_,11.2
bgc_11.final_counter._27_,11.2
bgc_11.row_reg._024_,11.2
bgc_12.comp_col._03_,11.2
bgc_12.comp_col.x,11.2
bgc_12.comp_row.GL_bits\[2\],11.2
bgc_12.comp_row._00_,11.2
bgc_12.final_counter._00_\[7\],11.2
bgc_12.final_counter._14_,11.2
bgc_13.comp_col.GR_bits\[4\],11.2
bgc_13.comp_col.GR_bits\[8\],11.2
bgc_13.comp_col.GR_index\[1\],11.2
bgc_14.col_reg._021_,11.2
bgc_14.col_reg._044_,11.2
bgc_14.comp_row.pe2._10_,11.2
bgc_15.col_data_in\[6\],11.2
bgc_15.comp_col.pe1._03_,11.2
bgc_15.comp_row.pe1._08_,11.2
bgc_15.comp_row.pe1._10_,11.2
bgc_15.final_counter._00_\[3\],11.2
bgc_15.final_counter._20_,11.2
bgc_15.row_reg._044_,11.2
bgc_2.col_reg._026_,11.2
bgc_2.comp_col.pe1._09_,11.2
bgc_2.comp_row._01_,11.2
bgc_2.lfsr_col._00_\[0\],11.2
bgc_2.lfsr_col._06_,11.2
bgc_2.lfsr_row._06_,11.2
bgc_2.lfsr_row._22_,11.2
bgc_3.col_reg._038_,11.2
bgc_3.comp_row.GR_bits\[7\],11.2
bgc_3.comp_row.pe1._04_,11.2
bgc_3.comp_row.pe2._06_,11.2
bgc_3.lfsr_col._18_,11.2
bgc_3.lfsr_row._00_\[8\],11.2
bgc_4.col_reg._000_\[10\],11.2
bgc_4.col_reg._026_,11.2
bgc_4.comp_col.GR_index\[1\],11.2
bgc_4.comp_row._09_,11.2
bgc_4.final_counter._07_,11.2
bgc_4.row_reg._025_,11.2
bgc_5.col_reg._034_,11.2
bgc_5.comp_col.GL_index\[1\],11.2
bgc_5.comp_row.A\[8\],11.2
bgc_5.comp_row.GL_bits\[10\],11.2
bgc_5.lfsr_col._17_,11.2
bgc_5.row_reg._000_\[10\],11.2
bgc_5.row_reg._037_,11.2
bgc_6.col_reg._015_,11.2
bgc_6.col_reg._047_,11.2
bgc_6.comp_col._01_,11.2
bgc_6.comp_row.pe1._16_,11.2
bgc_7.col_reg._036_,11.2
bgc_7.comp_col.GL_bits\[8\],11.2
bgc_7.comp_row._00_,11.2
bgc_7.comp_row.pe1._12_,11.2
bgc_7.lfsr_row._19_,11.2
bgc_7.row_reg._000_\[7\],11.2
bgc_8.final_counter._18_,11.2
bgc_9.comp_row.pe1._16_,11.2
bgc_9.final_counter._26_,11.2
res_mem_inst._031_,11.2
res_mem_inst.slot\[0\].slot_reg._040_,11.2
res_mem_inst.slot\[10\].slot_reg._032_,11.2
res_mem_inst.slot\[11\].slot_reg._036_,11.2
res_mem_inst.slot\[13\].slot_reg._032_,11.2
res_mem_inst.slot\[13\].slot_reg.mode\[0\],11.2
res_mem_inst.slot\[1\].slot_reg._023_,11.2
res_mem_inst.slot\[1\].slot_reg._052_,11.2
res_mem_inst.slot\[3\].slot_reg._038_,11.2
res_mem_inst.slot\[4\].slot_reg._019_,11.2
res_mem_inst.slot\[5\].slot_reg._000_\[5\],11.2
res_mem_inst.slot\[5\].slot_reg._014_,11.2
res_mem_inst.slot\[9\].slot_reg._000_\[10\],11.2
res_mem_inst.slot\[9\].slot_reg._027_,11.2
bgc_1.comp_row._05_,10.79
bgc_2.comp_col.GR_bits\[7\],10.79
bgc_6.comp_row.pe2._03_,10.79
bgc_7.comp_col.pe2._06_,10.79
bgc_9.prev_step_output\[1\],10.79
adder_tree._0097_,10.74
adder_tree._0228_,10.74
adder_tree._0237_,10.74
adder_tree._0362_,10.74
adder_tree._0412_,10.74
adder_tree._0424_,10.74
adder_tree._0519_,10.74
adder_tree._0582_,10.74
adder_tree._0709_,10.74
bgc_0.comp_col.GL_index\[3\],10.74
bgc_0.comp_col.pe1._17_,10.74
bgc_11.comp_row.pe1._03_,10.74
bgc_11.row_reg._039_,10.74
bgc_12.comp_row.GL_bits\[7\],10.74
bgc_13.comp_col.pe1._09_,10.74
bgc_14.comp_row.GL_bits\[7\],10.74
bgc_15.comp_col._06_,10.74
bgc_15.comp_col.pe1._06_,10.74
bgc_3.comp_row.GL_bits\[7\],10.74
bgc_3.comp_row.pe1._17_,10.74
bgc_5.comp_col.GR_bits\[3\],10.74
bgc_6.comp_col.GL_bits\[2\],10.74
bgc_7.comp_row.GL_bits\[8\],10.74
bgc_7.comp_row.GR_index\[0\],10.74
bgc_8.comp_col._03_,10.74
bgc_9.comp_col.pe2._10_,10.74
bgc_9.row_reg.mode\[1\],10.74
net837,10.69
net843,10.69
net880,10.69
net920,10.69
net952,10.69
net961,10.69
net1002,10.69
net1174,10.69
net1332,10.69
net1359,10.69
net1443,10.69
net112,10.69
net167,10.69
net197,10.69
net334,10.69
net513,10.69
adder_tree._0001_,10.69
adder_tree._0161_,10.69
adder_tree._0214_,10.69
adder_tree._0382_,10.69
adder_tree._0490_,10.69
adder_tree._0703_,10.69
bgc_0.comp_col.GL_index\[0\],10.69
bgc_0.comp_row.GR_bits\[7\],10.69
bgc_1.col_reg._012_,10.69
bgc_1.comp_col._00_,10.69
bgc_1.comp_col.pe2._07_,10.69
bgc_1.comp_row.A\[9\],10.69
bgc_1.comp_row.GR_bits\[0\],10.69
bgc_1.final_counter._00_\[1\],10.69
bgc_1.row_reg._000_\[8\],10.69
bgc_10.comp_col.GR_bits\[0\],10.69
bgc_10.lfsr_col._15_,10.69
bgc_10.lfsr_row._00_\[6\],10.69
bgc_11.comp_col.GR_bits\[9\],10.69
bgc_11.comp_row._19_,10.69
bgc_11.final_counter._11_,10.69
bgc_11.row_reg._000_\[6\],10.69
bgc_12.lfsr_col._05_,10.69
bgc_13.comp_col.GR_bits\[7\],10.69
bgc_13.comp_row.GL_index\[2\],10.69
bgc_13.comp_row.pe1._07_,10.69
bgc_14.col_reg._037_,10.69
bgc_15.col_reg._002_,10.69
bgc_15.comp_col.GL_index\[0\],10.69
bgc_15.comp_col.x,10.69
bgc_15.comp_row.pe1._02_,10.69
bgc_15.row_reg._000_\[6\],10.69
bgc_2.col_reg._011_,10.69
bgc_2.comp_col.GR_bits\[10\],10.69
bgc_2.lfsr_row._00_\[6\],10.69
bgc_3.comp_col.GR_bits\[0\],10.69
bgc_3.comp_col.GR_bits\[7\],10.69
bgc_3.row_reg._028_,10.69
bgc_4.comp_col.GL_bits\[9\],10.69
bgc_4.comp_col.pe2._07_,10.69
bgc_4.comp_row.GR_bits\[2\],10.69
bgc_4.row_reg._005_,10.69
bgc_5.comp_col.pe2._07_,10.69
bgc_5.final_counter._00_\[5\],10.69
bgc_5.final_counter._00_\[9\],10.69
bgc_5.row_reg._005_,10.69
bgc_5.row_reg._039_,10.69
bgc_6._02_,10.69
bgc_6.comp_col.pe1._08_,10.69
bgc_6.comp_row.GL_bits\[8\],10.69
bgc_6.comp_row.pe2._06_,10.69
bgc_6.row_reg._035_,10.69
bgc_7.col_reg._022_,10.69
bgc_7.comp_col.GR_index\[3\],10.69
bgc_7.comp_col._18_,10.69
bgc_7.comp_col.pe1._03_,10.69
bgc_8.col_reg._006_,10.69
bgc_8.col_reg._023_,10.69
bgc_8.comp_col._04_,10.69
bgc_8.comp_row.A\[10\],10.69
bgc_8.comp_row.GL_bits\[6\],10.69
bgc_8.comp_row.pe1._01_,10.69
bgc_9.comp_col.GR_bits\[1\],10.69
bgc_9.lfsr_col._02_,10.69
lfsr_enabler._13_,10.69
res_mem_inst._001_\[1\],10.69
res_mem_inst.slot\[10\].slot_reg._019_,10.69
res_mem_inst.slot\[11\].slot_reg._039_,10.69
res_mem_inst.slot\[12\].slot_reg._031_,10.69
res_mem_inst.slot\[14\].slot_reg._049_,10.69
res_mem_inst.slot\[4\].slot_reg._033_,10.69
res_mem_inst.slot\[7\].slot_reg._021_,10.69
res_mem_inst.slot\[8\].slot_reg._000_\[8\],10.69
timer_inst._18_,10.69
net1479,10.69
net838,10.64
net875,10.64
net877,10.64
net891,10.64
net1016,10.64
net1018,10.64
net1034,10.64
net1099,10.64
net1129,10.64
net1144,10.64
net1226,10.64
net1318,10.64
net103,10.64
net479,10.64
net499,10.64
net643,10.64
net649,10.64
net700,10.64
net772,10.64
adder_tree._0073_,10.64
adder_tree._0199_,10.64
adder_tree._0255_,10.64
adder_tree._0374_,10.64
adder_tree._0435_,10.64
adder_tree._0623_,10.64
bgc_0.col_reg.mode\[0\],10.64
bgc_0.comp_row.A\[9\],10.64
bgc_0.lfsr_row._06_,10.64
bgc_0.lfsr_row._12_,10.64
bgc_0.row_reg._000_\[6\],10.64
bgc_0.row_reg._039_,10.64
bgc_1.comp_col._19_,10.64
bgc_1.comp_row.A\[2\],10.64
bgc_1.final_counter._20_,10.64
bgc_10.col_reg._035_,10.64
bgc_10.col_reg._050_,10.64
bgc_10.final_counter._08_,10.64
bgc_10.lfsr_col._10_,10.64
bgc_10.lfsr_row._14_,10.64
bgc_10.row_reg._038_,10.64
bgc_11.col_reg._000_\[1\],10.64
bgc_11.comp_row.A\[10\],10.64
bgc_11.final_counter._00_\[1\],10.64
bgc_11.lfsr_col._02_,10.64
bgc_12.comp_col.GL_bits\[1\],10.64
bgc_12.lfsr_row._14_,10.64
bgc_12.row_reg._000_\[6\],10.64
bgc_13.comp_col.pe1._04_,10.64
bgc_13.comp_row.GR_bits\[7\],10.64
bgc_13.comp_row._00_,10.64
bgc_13.lfsr_row._00_\[7\],10.64
bgc_13.row_reg._044_,10.64
bgc_14.comp_col._03_,10.64
bgc_14.comp_col.pe2._07_,10.64
bgc_14.lfsr_row._24_,10.64
bgc_15.comp_col.GL_bits\[7\],10.64
bgc_15.comp_col.pe2._10_,10.64
bgc_2.comp_col.GL_index\[0\],10.64
bgc_2.comp_col._18_,10.64
bgc_2.comp_col.pe1._03_,10.64
bgc_2.comp_row.pe1._01_,10.64
bgc_2.comp_row.pe1._09_,10.64
bgc_2.comp_row.pe2._17_,10.64
bgc_2.lfsr_col._10_,10.64
bgc_3.col_reg.mode\[0\],10.64
bgc_3.comp_col._14_,10.64
bgc_3.final_counter._10_,10.64
bgc_3.lfsr_row._02_,10.64
bgc_3.row_reg._039_,10.64
bgc_4.col_reg._000_\[11\],10.64
bgc_4.comp_col.GR_index\[2\],10.64
bgc_4.comp_row.pe1._14_,10.64
bgc_5.lfsr_col._06_,10.64
bgc_6.col_reg._026_,10.64
bgc_6.col_reg._034_,10.64
bgc_6.col_reg._039_,10.64
bgc_6.comp_row.GL_bits\[11\],10.64
bgc_6.comp_row.pe2._14_,10.64
bgc_7.col_reg._000_\[0\],10.64
bgc_7.col_reg._038_,10.64
bgc_7.comp_row._01_,10.64
bgc_7.row_reg._000_\[10\],10.64
bgc_7.row_reg._008_,10.64
bgc_8.lfsr_row._26_,10.64
bgc_9.comp_row.A\[0\],10.64
bgc_9.comp_row.pe1._06_,10.64
bgc_9.final_counter._25_,10.64
lfsr_enabler.row_load_count\[1\],10.64
res_mem_inst.slot\[0\].slot_reg._026_,10.64
res_mem_inst.slot\[13\].slot_reg._039_,10.64
res_mem_inst.slot\[4\].slot_reg._015_,10.64
res_mem_inst.slot\[5\].slot_reg._000_\[3\],10.64
res_mem_inst.slot\[6\].slot_reg._000_\[4\],10.64
input_ready,10.5
load_row_or_col,10.5
output_valid,10.5
spi_in1,10.5
bgc_0.comp_col.GL_bits\[10\],10.33
bgc_1.comp_col.GR_bits\[11\],10.23
bgc_3.comp_col.GR_bits\[9\],10.23
bgc_5.comp_row.GL_bits\[7\],10.23
net107,10.18
adder_tree._0583_,10.18
adder_tree._0637_,10.18
bgc_0.comp_col.pe2._01_,10.18
bgc_0.comp_row.GL_bits\[9\],10.18
bgc_0.comp_row.GR_bits\[2\],10.18
bgc_0.comp_row._03_,10.18
bgc_0.final_counter._15_,10.18
bgc_1.comp_col.GL_bits\[7\],10.18
bgc_1.comp_row.GR_bits\[10\],10.18
bgc_10.comp_row.GR_bits\[7\],10.18
bgc_10.comp_row._15_,10.18
bgc_11.comp_row.GL_bits\[8\],10.18
bgc_15.comp_row.GL_bits\[9\],10.18
bgc_15.lfsr_row._24_,10.18
bgc_2.comp_col._11_,10.18
bgc_4.comp_col.GR_bits\[8\],10.18
bgc_4.row_reg._026_,10.18
bgc_5.comp_col._11_,10.18
bgc_6.comp_col._19_,10.18
bgc_6.comp_row.pe1._05_,10.18
bgc_7.comp_col.GL_bits\[2\],10.18
bgc_8.comp_col.GR_bits\[10\],10.18
bgc_9.comp_col.GR_bits\[5\],10.18
bgc_9.comp_col.GR_bits\[8\],10.18
bgc_9.comp_col.pe2._04_,10.18
res_mem_inst.slot\[10\].slot_reg._016_,10.18
res_mem_inst.slot\[11\].slot_reg._016_,10.18
res_mem_inst.slot\[6\].slot_reg._036_,10.18
net974,10.13
net1011,10.13
net1076,10.13
net1127,10.13
net1197,10.13
net1215,10.13
net1253,10.13
net1331,10.13
net1425,10.13
net82,10.13
net271,10.13
net359,10.13
net534,10.13
net566,10.13
net711,10.13
net721,10.13
net740,10.13
net793,10.13
net803,10.13
adder_tree._0599_,10.13
adder_tree._0676_,10.13
bgc_0.comp_col._17_,10.13
bgc_0.comp_row._19_,10.13
bgc_0.lfsr_row._08_,10.13
bgc_0.row_reg._000_\[9\],10.13
bgc_0.row_reg._026_,10.13
bgc_1.col_reg._000_\[0\],10.13
bgc_1.col_reg._000_\[4\],10.13
bgc_1.col_reg._000_\[8\],10.13
bgc_1.col_reg._017_,10.13
bgc_1.col_reg._018_,10.13
bgc_1.comp_col.A\[5\],10.13
bgc_1.comp_col._16_,10.13
bgc_1.row_reg._047_,10.13
bgc_10.col_reg._000_\[11\],10.13
bgc_10.col_reg._047_,10.13
bgc_10.comp_row.pe2._01_,10.13
bgc_10.final_counter._11_,10.13
bgc_10.row_reg._000_\[1\],10.13
bgc_10.row_reg._032_,10.13
bgc_11.comp_col.GL_bits\[9\],10.13
bgc_11.comp_col._15_,10.13
bgc_11.lfsr_col._22_,10.13
bgc_11.row_reg._017_,10.13
bgc_13.lfsr_col._26_,10.13
bgc_13.row_reg._023_,10.13
bgc_13.row_reg._029_,10.13
bgc_14.comp_col.GL_index\[3\],10.13
bgc_14.comp_col.pe1._09_,10.13
bgc_14.comp_row.GL_bits\[10\],10.13
bgc_14.comp_row._18_,10.13
bgc_14.lfsr_row._26_,10.13
bgc_15.col_reg._000_\[3\],10.13
bgc_15.col_reg._021_,10.13
bgc_15.comp_col.A\[10\],10.13
bgc_15.comp_col.GL_bits\[2\],10.13
bgc_15.comp_col.pe2._11_,10.13
bgc_15.comp_row.pe2._06_,10.13
bgc_2.col_reg._001_,10.13
bgc_2.comp_col.pe1._17_,10.13
bgc_2.comp_row.pe1._07_,10.13
bgc_3.col_reg._033_,10.13
bgc_3.comp_row.GR_bits\[10\],10.13
bgc_3.comp_row.pe1._11_,10.13
bgc_3.final_counter._00_\[4\],10.13
bgc_4.comp_col.pe1._07_,10.13
bgc_4.comp_row.pe2._06_,10.13
bgc_4.final_counter._00_\[2\],10.13
bgc_4.lfsr_row._00_\[11\],10.13
bgc_5.comp_col.A\[3\],10.13
bgc_5.comp_col.A\[5\],10.13
bgc_5.row_reg._030_,10.13
bgc_6.comp_col.GL_bits\[8\],10.13
bgc_6.comp_row.A\[8\],10.13
bgc_6.comp_row.pe1._07_,10.13
bgc_7.col_reg._010_,10.13
bgc_7.comp_row.pe1._01_,10.13
bgc_8.col_reg._018_,10.13
bgc_8.comp_col._18_,10.13
bgc_8.comp_row.GR_bits\[7\],10.13
bgc_8.comp_row._00_,10.13
bgc_8.row_reg._003_,10.13
bgc_9._02_,10.13
bgc_9.col_reg._035_,10.13
bgc_9.comp_col.GL_bits\[9\],10.13
bgc_9.comp_col._11_,10.13
bgc_9.comp_row.pe2._08_,10.13
res_mem_inst.slot\[11\].slot_reg._033_,10.13
res_mem_inst.slot\[12\].slot_reg._000_\[0\],10.13
res_mem_inst.slot\[12\].slot_reg._020_,10.13
res_mem_inst.slot\[13\].slot_reg._037_,10.13
res_mem_inst.slot\[14\].slot_reg._026_,10.13
res_mem_inst.slot\[15\].slot_reg._000_\[11\],10.13
res_mem_inst.slot\[1\].slot_reg._040_,10.13
res_mem_inst.slot\[3\].slot_reg._024_,10.13
res_mem_inst.slot\[4\].slot_reg._040_,10.13
res_mem_inst.slot\[5\].slot_reg._000_\[4\],10.13
res_mem_inst.slot\[8\].slot_reg._027_,10.13
res_mem_inst.slot\[9\].slot_reg._044_,10.13
timer_inst._01_\[6\],10.13
timer_inst.cycle_cnt\[3\],10.13
net1489,10.13
net842,10.08
net873,10.08
net913,10.08
net924,10.08
net933,10.08
net965,10.08
net978,10.08
net1006,10.08
net1041,10.08
net1049,10.08
net1057,10.08
net1155,10.08
net1178,10.08
net1219,10.08
net1266,10.08
net1384,10.08
net1424,10.08
net97,10.08
net186,10.08
net314,10.08
net367,10.08
net408,10.08
net409,10.08
net426,10.08
net523,10.08
net554,10.08
net645,10.08
net693,10.08
net722,10.08
net724,10.08
net789,10.08
net805,10.08
adder_tree._0101_,10.08
adder_tree._0244_,10.08
adder_tree._0291_,10.08
adder_tree._0377_,10.08
adder_tree._0406_,10.08
adder_tree._0411_,10.08
adder_tree._0497_,10.08
adder_tree._0630_,10.08
adder_tree._0677_,10.08
bgc_0.col_reg._000_\[11\],10.08
bgc_0.col_reg._008_,10.08
bgc_0.comp_row.pe2._06_,10.08
bgc_0.lfsr_col._00_\[0\],10.08
bgc_0.lfsr_col._20_,10.08
bgc_0.row_reg._000_\[4\],10.08
bgc_1.col_reg._000_\[5\],10.08
bgc_1.final_counter._03_,10.08
bgc_10.col_reg._017_,10.08
bgc_10.comp_col.A\[10\],10.08
bgc_10.comp_col.pe1._03_,10.08
bgc_10.comp_row.pe2._14_,10.08
bgc_10.final_counter._05_,10.08
bgc_10.final_counter._28_,10.08
bgc_11.comp_row.pe2._07_,10.08
bgc_11.lfsr_col._00_\[2\],10.08
bgc_11.row_reg._052_,10.08
bgc_12.col_reg._030_,10.08
bgc_12.comp_col.GL_index\[0\],10.08
bgc_12.comp_col.pe2._06_,10.08
bgc_12.final_counter._00_\[4\],10.08
bgc_12.final_counter._00_\[6\],10.08
bgc_13.col_reg._049_,10.08
bgc_13.comp_col.GL_bits\[7\],10.08
bgc_13.comp_col._12_,10.08
bgc_13.comp_row.pe2._00_,10.08
bgc_13.lfsr_col._03_,10.08
bgc_13.row_reg._034_,10.08
bgc_13.row_reg._050_,10.08
bgc_14.comp_col.A\[8\],10.08
bgc_14.comp_col.GL_bits\[1\],10.08
bgc_14.comp_col._01_,10.08
bgc_14.comp_row.GR_index\[2\],10.08
bgc_14.final_counter._00_\[0\],10.08
bgc_14.final_counter._23_,10.08
bgc_15.col_data_in\[1\],10.08
bgc_15.comp_row.GL_bits\[7\],10.08
bgc_15.comp_row.pe1._07_,10.08
bgc_15.final_counter._00_\[8\],10.08
bgc_2.comp_row.GL_bits\[10\],10.08
bgc_2.comp_row._19_,10.08
bgc_2.comp_row.pe2._12_,10.08
bgc_2.final_counter._02_,10.08
bgc_2.row_reg._008_,10.08
bgc_2.row_reg._021_,10.08
bgc_3.col_reg._026_,10.08
bgc_3.comp_col.GR_index\[3\],10.08
bgc_3.comp_row.GR_bits\[2\],10.08
bgc_3.final_counter._00_\[10\],10.08
bgc_3.row_reg._000_\[10\],10.08
bgc_4.lfsr_row._00_\[9\],10.08
bgc_5._02_,10.08
bgc_5.col_reg._012_,10.08
bgc_5.comp_row._17_,10.08
bgc_5.row_reg._014_,10.08
bgc_6.comp_col.GR_bits\[0\],10.08
bgc_6.comp_row.A\[9\],10.08
bgc_6.comp_row.pe1._10_,10.08
bgc_7._02_,10.08
bgc_7.col_reg._000_\[3\],10.08
bgc_7.comp_col.A\[0\],10.08
bgc_7.comp_col.A\[8\],10.08
bgc_7.row_reg._000_\[8\],10.08
bgc_8.col_reg._010_,10.08
bgc_8.comp_col.A\[11\],10.08
bgc_8.comp_col.GR_bits\[9\],10.08
bgc_8.comp_col.GR_index\[3\],10.08
bgc_8.final_counter._00_\[4\],10.08
bgc_8.row_reg._023_,10.08
bgc_9.col_reg._015_,10.08
bgc_9.col_reg._024_,10.08
bgc_9.col_reg._044_,10.08
bgc_9.comp_col.GL_index\[2\],10.08
bgc_9.comp_col._14_,10.08
bgc_9.comp_row.GL_bits\[0\],10.08
bgc_9.comp_row.GL_bits\[9\],10.08
bgc_9.final_counter._13_,10.08
bgc_9.lfsr_col._24_,10.08
bgc_9.lfsr_row._00_\[2\],10.08
res_mem_inst.slot\[0\].slot_reg._024_,10.08
res_mem_inst.slot\[11\].slot_reg._049_,10.08
res_mem_inst.slot\[12\].slot_reg._007_,10.08
res_mem_inst.slot\[1\].slot_reg._000_\[3\],10.08
res_mem_inst.slot\[3\].slot_reg._028_,10.08
res_mem_inst.slot\[7\].slot_reg._000_\[4\],10.08
adder_tree._0037_,9.67
adder_tree._0077_,9.67
bgc_15.comp_col.pe2._03_,9.67
bgc_2.comp_col.GL_bits\[2\],9.67
bgc_2.comp_col.pe2._03_,9.67
bgc_7.comp_row.GR_bits\[9\],9.67
net569,9.62
net583,9.62
adder_tree._0304_,9.62
adder_tree._0461_,9.62
adder_tree._0618_,9.62
bgc_0.comp_col.GR_bits\[9\],9.62
bgc_1.comp_row.GL_bits\[7\],9.62
bgc_10.comp_row.pe2._10_,9.62
bgc_11.comp_row.GR_bits\[11\],9.62
bgc_12.comp_row.GL_index\[0\],9.62
bgc_13.comp_col.GR_bits\[2\],9.62
bgc_13.comp_col._18_,9.62
bgc_13.comp_row.GL_bits\[7\],9.62
bgc_13.row_reg._000_\[1\],9.62
bgc_14.comp_row._11_,9.62
bgc_15.col_reg._000_\[4\],9.62
bgc_15.comp_row.pe2._03_,9.62
bgc_2.comp_col.pe1._06_,9.62
bgc_3.comp_col.pe2._10_,9.62
bgc_3.comp_row.pe1._08_,9.62
bgc_5.comp_row.GL_index\[3\],9.62
bgc_7.comp_row.GL_bits\[7\],9.62
bgc_8.comp_row.pe2._08_,9.62
bgc_9.col_data_in\[9\],9.62
res_mem_inst._045_,9.62
res_mem_inst.slot\[5\].slot_reg._052_,9.62
res_mem_inst.slot\[6\].slot_reg.mode\[0\],9.62
bgc_8.comp_row.GR_bits\[4\],9.61
net845,9.57
net980,9.57
net1375,9.57
net1440,9.57
net108,9.57
net504,9.57
net674,9.57
net746,9.57
net786,9.57
adder_tree._0141_,9.57
adder_tree._0213_,9.57
adder_tree._0282_,9.57
adder_tree._0503_,9.57
adder_tree._0694_,9.57
bgc_0.col_data_in\[3\],9.57
bgc_0.comp_col.pe2._09_,9.57
bgc_0.comp_row.GL_bits\[7\],9.57
bgc_0.comp_row.GR_bits\[1\],9.57
bgc_0.comp_row.GR_index\[2\],9.57
bgc_0.final_counter._07_,9.57
bgc_0.row_reg._010_,9.57
bgc_0.row_reg._019_,9.57
bgc_1.col_reg._000_\[3\],9.57
bgc_1.comp_col.GR_bits\[1\],9.57
bgc_1.comp_row.GL_bits\[8\],9.57
bgc_1.comp_row._16_,9.57
bgc_10.row_reg._034_,9.57
bgc_11.col_reg._022_,9.57
bgc_11.col_reg._048_,9.57
bgc_11.comp_col.GR_bits\[2\],9.57
bgc_11.comp_col.GR_bits\[7\],9.57
bgc_11.comp_row.A\[1\],9.57
bgc_11.comp_row.pe1._00_,9.57
bgc_12.comp_col._13_,9.57
bgc_12.comp_col.pe1._07_,9.57
bgc_13.comp_col.A\[8\],9.57
bgc_13.comp_row.pe1._00_,9.57
bgc_13.row_reg._000_\[4\],9.57
bgc_13.row_reg._000_\[6\],9.57
bgc_14.col_reg._020_,9.57
bgc_14.comp_row.GR_bits\[8\],9.57
bgc_14.final_counter._00_\[3\],9.57
bgc_15.comp_row.GR_bits\[9\],9.57
bgc_15.row_reg._037_,9.57
bgc_2.col_reg._004_,9.57
bgc_2.lfsr_row._02_,9.57
bgc_4.final_counter._00_\[0\],9.57
bgc_5.col_reg._027_,9.57
bgc_5.lfsr_col._00_\[1\],9.57
bgc_5.row_reg._038_,9.57
bgc_6.col_reg._017_,9.57
bgc_6.comp_row.GL_bits\[9\],9.57
bgc_7.col_reg._000_\[11\],9.57
bgc_7.col_reg._046_,9.57
bgc_7.comp_col.pe1._02_,9.57
bgc_7.comp_col.pe2._14_,9.57
bgc_7.row_reg._034_,9.57
bgc_7.row_reg._037_,9.57
bgc_7.row_reg.mode\[1\],9.57
bgc_8.comp_col.pe1._10_,9.57
bgc_8.comp_col.pe1._16_,9.57
bgc_8.comp_row.A\[11\],9.57
bgc_8.comp_row.GL_bits\[7\],9.57
bgc_8.final_counter._00_\[6\],9.57
bgc_8.final_counter._07_,9.57
bgc_9.col_reg._003_,9.57
bgc_9.final_counter._08_,9.57
bgc_9.final_counter._18_,9.57
bgc_9.row_reg._016_,9.57
lfsr_enabler._00_,9.57
res_mem_inst._044_,9.57
res_mem_inst.slot\[14\].slot_reg._000_\[2\],9.57
res_mem_inst.slot\[15\].slot_reg._000_\[10\],9.57
res_mem_inst.slot\[1\].slot_reg._047_,9.57
res_mem_inst.slot\[3\].slot_reg._000_\[4\],9.57
res_mem_inst.slot\[3\].slot_reg._046_,9.57
res_mem_inst.slot\[5\].slot_reg._000_\[9\],9.57
res_mem_inst.slot\[5\].slot_reg._047_,9.57
res_mem_inst.slot\[8\].slot_reg._017_,9.57
res_mem_inst.slot\[8\].slot_reg._035_,9.57
res_mem_inst.slot\[9\].slot_reg._000_\[8\],9.57
res_mem_inst.slot\[9\].slot_reg._000_\[9\],9.57
res_mem_inst.slot\[9\].slot_reg._037_,9.57
net1496,9.57
net855,9.52
net977,9.52
net1058,9.52
net1103,9.52
net1121,9.52
net1187,9.52
net1208,9.52
net1432,9.52
net1446,9.52
net125,9.52
net134,9.52
net242,9.52
net265,9.52
net267,9.52
net270,9.52
net289,9.52
net291,9.52
net313,9.52
net360,9.52
net455,9.52
net472,9.52
net507,9.52
net514,9.52
net530,9.52
net561,9.52
net570,9.52
net664,9.52
net675,9.52
net744,9.52
adder_tree._0063_,9.52
adder_tree._0247_,9.52
adder_tree._0332_,9.52
adder_tree._0548_,9.52
adder_tree._0648_,9.52
adder_tree._0665_,9.52
bgc_0.col_reg._015_,9.52
bgc_0.col_reg._027_,9.52
bgc_0.comp_col.GR_bits\[2\],9.52
bgc_0.comp_col.pe1._06_,9.52
bgc_0.comp_row.pe1._12_,9.52
bgc_0.comp_row.pe2._00_,9.52
bgc_0.final_counter._18_,9.52
bgc_0.row_reg._036_,9.52
bgc_1.col_reg._000_\[6\],9.52
bgc_1.comp_col._17_,9.52
bgc_1.comp_row.A\[10\],9.52
bgc_1.comp_row._19_,9.52
bgc_1.comp_row.pe1._09_,9.52
bgc_1.final_counter._26_,9.52
bgc_1.lfsr_row._00_\[5\],9.52
bgc_1.row_reg._049_,9.52
bgc_11.comp_col._14_,9.52
bgc_11.comp_row.A\[7\],9.52
bgc_11.comp_row.GR_index\[0\],9.52
bgc_11.row_reg._000_\[9\],9.52
bgc_12.col_reg._000_\[2\],9.52
bgc_12.comp_col.GL_bits\[2\],9.52
bgc_12.comp_col.GL_index\[1\],9.52
bgc_12.comp_row.GL_bits\[8\],9.52
bgc_12.final_counter._00_\[5\],9.52
bgc_12.lfsr_row._20_,9.52
bgc_13.comp_col.A\[5\],9.52
bgc_13.comp_col._19_,9.52
bgc_13.comp_col.pe2._00_,9.52
bgc_13.comp_row.A\[2\],9.52
bgc_13.comp_row._01_,9.52
bgc_13.comp_row._03_,9.52
bgc_14.col_reg._046_,9.52
bgc_14.comp_col.GR_index\[3\],9.52
bgc_14.comp_row.GR_bits\[7\],9.52
bgc_14.comp_row.pe2._06_,9.52
bgc_14.lfsr_row._00_\[4\],9.52
bgc_14.row_reg._038_,9.52
bgc_15.comp_row.GL_bits\[8\],9.52
bgc_15.final_counter._00_\[9\],9.52
bgc_15.final_counter._27_,9.52
bgc_15.lfsr_row._08_,9.52
bgc_15.row_reg._000_\[8\],9.52
bgc_2.col_data_in\[1\],9.52
bgc_2.comp_col.A\[2\],9.52
bgc_2.comp_row.GL_index\[1\],9.52
bgc_3.comp_col.GR_bits\[10\],9.52
bgc_3.comp_row.GL_index\[3\],9.52
bgc_3.comp_row.GR_bits\[8\],9.52
bgc_3.final_counter._00_\[11\],9.52
bgc_3.final_counter._07_,9.52
bgc_3.row_reg._050_,9.52
bgc_4.col_reg._046_,9.52
bgc_4.lfsr_col._00_\[5\],9.52
bgc_5.col_reg._008_,9.52
bgc_5.comp_col._14_,9.52
bgc_5.comp_col.pe1._12_,9.52
bgc_5.comp_row.A\[2\],9.52
bgc_5.comp_row.A\[4\],9.52
bgc_5.comp_row._01_,9.52
bgc_5.comp_row.pe2._01_,9.52
bgc_6.col_reg._027_,9.52
bgc_6.comp_col.GR_bits\[8\],9.52
bgc_6.comp_col._04_,9.52
bgc_6.comp_row._01_,9.52
bgc_6.final_counter._14_,9.52
bgc_6.lfsr_col._06_,9.52
bgc_6.row_reg._032_,9.52
bgc_7.col_reg._021_,9.52
bgc_7.final_counter._23_,9.52
bgc_8.col_reg._040_,9.52
bgc_8.comp_col.pe1._06_,9.52
bgc_8.final_counter._15_,9.52
bgc_8.lfsr_col._01_,9.52
bgc_8.lfsr_col._14_,9.52
bgc_8.row_reg._000_\[8\],9.52
bgc_9.col_reg._000_\[7\],9.52
bgc_9.comp_col.A\[10\],9.52
bgc_9.comp_row.GR_bits\[10\],9.52
bgc_9.lfsr_col._00_\[1\],9.52
res_mem_inst.slot\[0\].slot_reg._048_,9.52
res_mem_inst.slot\[11\].slot_reg._037_,9.52
res_mem_inst.slot\[12\].slot_reg._036_,9.52
res_mem_inst.slot\[13\].slot_reg._040_,9.52
res_mem_inst.slot\[14\].slot_reg._040_,9.52
res_mem_inst.slot\[14\].slot_reg._051_,9.52
res_mem_inst.slot\[15\].slot_reg._000_\[4\],9.52
res_mem_inst.slot\[15\].slot_reg._018_,9.52
res_mem_inst.slot\[1\].slot_reg._000_\[6\],9.52
res_mem_inst.slot\[2\].slot_reg._000_\[6\],9.52
res_mem_inst.slot\[2\].slot_reg._032_,9.52
res_mem_inst.slot\[2\].slot_reg._048_,9.52
res_mem_inst.slot\[4\].slot_reg._000_\[1\],9.52
res_mem_inst.slot\[9\].slot_reg._049_,9.52
res_mem_inst.slot\[9\].slot_reg._050_,9.52
timer_inst._01_\[8\],9.52
timer_inst._19_,9.52
bgc_14.comp_col._11_,9.24
bgc_14.comp_row.pe1._03_,9.16
bgc_13.comp_col.GR_bits\[9\],9.11
bgc_13.comp_col._11_,9.11
bgc_3.comp_col.GR_bits\[4\],9.11
bgc_9.comp_row.GL_index\[2\],9.11
net212,9.06
net286,9.06
adder_tree._0264_,9.06
adder_tree._0576_,9.06
adder_tree._0591_,9.06
bgc_1.comp_col.GL_bits\[10\],9.06
bgc_1.comp_col.GR_bits\[10\],9.06
bgc_1.comp_row.pe2._01_,9.06
bgc_10.comp_col.GR_bits\[2\],9.06
bgc_10.comp_col.GR_bits\[7\],9.06
bgc_11.col_reg._044_,9.06
bgc_12.row_reg._017_,9.06
bgc_12.row_reg._027_,9.06
bgc_13.comp_col.pe1._08_,9.06
bgc_14.comp_col.GL_bits\[2\],9.06
bgc_15.comp_col.pe2._01_,9.06
bgc_2.comp_col.pe2._06_,9.06
bgc_2.comp_row.pe2._10_,9.06
bgc_3.comp_row.pe2._14_,9.06
bgc_5.comp_col.pe1._03_,9.06
bgc_5.comp_col.pe2._03_,9.06
bgc_7.comp_col.pe1._06_,9.06
bgc_7.comp_row._03_,9.06
bgc_8.comp_col.pe2._00_,9.06
bgc_8.comp_row.pe1._10_,9.06
bgc_8.comp_row.pe2._03_,9.06
bgc_9.row_reg._030_,9.06
res_mem_inst.slot\[10\].slot_reg._036_,9.06
res_mem_inst.slot\[15\].slot_reg._036_,9.06
res_mem_inst.slot\[8\].slot_reg._006_,9.06
net938,9.01
net981,9.01
net989,9.01
net1094,9.01
net1147,9.01
net1157,9.01
net1175,9.01
net1256,9.01
net1335,9.01
net1339,9.01
net1351,9.01
net1373,9.01
net1376,9.01
net1391,9.01
net1423,9.01
net1437,9.01
net180,9.01
net330,9.01
net328,9.01
net397,9.01
net410,9.01
net414,9.01
net599,9.01
net776,9.01
net785,9.01
adder_tree._0069_,9.01
adder_tree._0258_,9.01
adder_tree._0318_,9.01
adder_tree._0554_,9.01
adder_tree._0610_,9.01
bgc_0.comp_row.pe2._04_,9.01
bgc_1.col_reg._001_,9.01
bgc_1.comp_row.GL_bits\[10\],9.01
bgc_1.final_counter._14_,9.01
bgc_1.lfsr_row._22_,9.01
bgc_10.col_reg._000_\[4\],9.01
bgc_10.comp_col.A\[9\],9.01
bgc_10.comp_col.pe1._06_,9.01
bgc_10.comp_col.pe2._07_,9.01
bgc_10.final_counter._00_\[2\],9.01
bgc_10.lfsr_col._26_,9.01
bgc_11.comp_row._00_,9.01
bgc_11.final_counter._00_\[10\],9.01
bgc_12.col_reg._014_,9.01
bgc_12.comp_row.A\[3\],9.01
bgc_12.comp_row._17_,9.01
bgc_12.final_counter._00_\[11\],9.01
bgc_12.row_reg._000_\[9\],9.01
bgc_13.col_reg._040_,9.01
bgc_13.comp_col.GL_bits\[1\],9.01
bgc_13.final_counter._00_\[5\],9.01
bgc_13.final_counter._23_,9.01
bgc_13.lfsr_row._23_,9.01
bgc_14.comp_col.GR_index\[0\],9.01
bgc_14.comp_col.pe2._06_,9.01
bgc_14.comp_row.GL_index\[0\],9.01
bgc_14.comp_row.GR_bits\[1\],9.01
bgc_15.col_reg._026_,9.01
bgc_15.final_counter._00_\[10\],9.01
bgc_2.comp_col.pe2._16_,9.01
bgc_2.comp_row.GR_bits\[0\],9.01
bgc_3._03_,9.01
bgc_3.comp_col.GL_bits\[8\],9.01
bgc_3.comp_row.pe2._11_,9.01
bgc_3.row_reg._000_\[7\],9.01
bgc_4.col_reg._003_,9.01
bgc_4.lfsr_row._02_,9.01
bgc_5.col_reg._000_\[4\],9.01
bgc_5.comp_col.pe1._00_,9.01
bgc_5.lfsr_row._00_\[3\],9.01
bgc_6.comp_col.pe2._00_,9.01
bgc_6.comp_row.pe2._10_,9.01
bgc_6.final_counter._00_\[3\],9.01
bgc_7.comp_row.pe2._04_,9.01
bgc_7.final_counter._20_,9.01
bgc_7.lfsr_row._14_,9.01
bgc_8.comp_col.A\[2\],9.01
bgc_8.lfsr_row._00_\[1\],9.01
bgc_9.comp_col.A\[2\],9.01
res_mem_inst._030_,9.01
res_mem_inst.slot\[10\].slot_reg._017_,9.01
res_mem_inst.slot\[13\].slot_reg._029_,9.01
res_mem_inst.slot\[15\].slot_reg._000_\[1\],9.01
res_mem_inst.slot\[15\].slot_reg._012_,9.01
res_mem_inst.slot\[7\].slot_reg._012_,9.01
res_mem_inst.slot\[8\].slot_reg._051_,9.01
res_mem_inst.slot\[9\].slot_reg._048_,9.01
timer_inst._01_\[11\],9.01
timer_inst.cycle_cnt\[6\],9.01
net1483,9.01
net834,8.96
net854,8.96
net923,8.96
net1030,8.96
net1037,8.96
net1085,8.96
net1106,8.96
net1139,8.96
net1203,8.96
net1273,8.96
net1279,8.96
net1304,8.96
net1309,8.96
net1371,8.96
net1380,8.96
net1444,8.96
net1445,8.96
net1469,8.96
net91,8.96
net129,8.96
net183,8.96
net227,8.96
net247,8.96
net248,8.96
net255,8.96
net281,8.96
net347,8.96
net425,8.96
net474,8.96
net512,8.96
net558,8.96
net594,8.96
net598,8.96
net608,8.96
net651,8.96
net660,8.96
net665,8.96
net668,8.96
net716,8.96
net751,8.96
net780,8.96
net801,8.96
net812,8.96
net813,8.96
adder_tree._0000_,8.96
adder_tree._0029_,8.96
adder_tree._0032_,8.96
adder_tree._0087_,8.96
adder_tree._0089_,8.96
adder_tree._0206_,8.96
adder_tree._0312_,8.96
adder_tree._0368_,8.96
adder_tree._0399_,8.96
adder_tree._0487_,8.96
adder_tree._0498_,8.96
adder_tree._0545_,8.96
adder_tree.sum_out\[11\],8.96
bgc_0.col_reg._026_,8.96
bgc_0.comp_col.A\[2\],8.96
bgc_0.comp_col.GR_index\[1\],8.96
bgc_0.comp_row.pe2._03_,8.96
bgc_0.final_counter._23_,8.96
bgc_0.row_reg._000_\[8\],8.96
bgc_0.row_reg._038_,8.96
bgc_1.col_reg._000_\[7\],8.96
bgc_1.col_reg._015_,8.96
bgc_1.comp_col.GL_index\[0\],8.96
bgc_1.comp_col.pe1._06_,8.96
bgc_1.comp_col.pe2._06_,8.96
bgc_1.lfsr_col._00_\[8\],8.96
bgc_1.lfsr_col._10_,8.96
bgc_1.lfsr_row._04_,8.96
bgc_1.row_reg._000_\[9\],8.96
bgc_1.row_reg._048_,8.96
bgc_10.comp_col.A\[11\],8.96
bgc_10.comp_col.A\[2\],8.96
bgc_10.comp_row._16_,8.96
bgc_11.col_reg._000_\[8\],8.96
bgc_11.final_counter._18_,8.96
bgc_11.lfsr_row._20_,8.96
bgc_11.row_reg._000_\[4\],8.96
bgc_12.col_data_in\[9\],8.96
bgc_12.col_reg._015_,8.96
bgc_12.col_reg._024_,8.96
bgc_12.comp_col.pe1._15_,8.96
bgc_12.comp_row.GR_bits\[10\],8.96
bgc_13.comp_col.pe2._06_,8.96
bgc_13.final_counter._20_,8.96
bgc_13.lfsr_col._14_,8.96
bgc_13.lfsr_row._00_\[4\],8.96
bgc_14.comp_col.pe2._01_,8.96
bgc_14.comp_row.A\[11\],8.96
bgc_14.final_counter._00_\[2\],8.96
bgc_14.lfsr_row._07_,8.96
bgc_14.row_reg._040_,8.96
bgc_15.comp_col._15_,8.96
bgc_15.comp_row._18_,8.96
bgc_15.final_counter._00_\[0\],8.96
bgc_15.final_counter._10_,8.96
bgc_15.lfsr_row._00_\[10\],8.96
bgc_2.comp_col.A\[10\],8.96
bgc_2.comp_col.A\[1\],8.96
bgc_2.comp_row.A\[2\],8.96
bgc_2.comp_row.GL_bits\[7\],8.96
bgc_2.comp_row.GR_bits\[10\],8.96
bgc_2.final_counter._27_,8.96
bgc_2.lfsr_col._04_,8.96
bgc_2.lfsr_row._00_\[4\],8.96
bgc_2.lfsr_row._26_,8.96
bgc_3.col_reg._000_\[7\],8.96
bgc_3.lfsr_row._15_,8.96
bgc_3.row_reg._000_\[9\],8.96
bgc_3.row_reg._018_,8.96
bgc_4.comp_col.pe2._01_,8.96
bgc_4.comp_row.pe2._07_,8.96
bgc_4.final_counter._00_\[10\],8.96
bgc_4.final_counter._00_\[11\],8.96
bgc_4.lfsr_row._24_,8.96
bgc_4.row_reg._004_,8.96
bgc_4.row_reg._052_,8.96
bgc_5.comp_col.A\[4\],8.96
bgc_5.comp_row.pe1._00_,8.96
bgc_5.row_reg._000_\[11\],8.96
bgc_6.col_reg._029_,8.96
bgc_6.comp_col.GL_bits\[4\],8.96
bgc_6.comp_col._11_,8.96
bgc_6.comp_row.GR_index\[1\],8.96
bgc_6.row_reg._000_\[2\],8.96
bgc_7.comp_col.GR_bits\[2\],8.96
bgc_7.comp_col.pe1._00_,8.96
bgc_7.comp_row.GR_bits\[10\],8.96
bgc_7.final_counter._27_,8.96
bgc_7.lfsr_col._26_,8.96
bgc_8.col_data_in\[4\],8.96
bgc_8.col_reg.mode\[0\],8.96
bgc_8.comp_col.GL_bits\[8\],8.96
bgc_9.col_reg._047_,8.96
bgc_9.comp_row._18_,8.96
bgc_9.comp_row.pe2._03_,8.96
bgc_9.final_counter._28_,8.96
bgc_9.lfsr_col._23_,8.96
res_mem_inst._043_,8.96
res_mem_inst.slot\[0\].slot_reg._049_,8.96
res_mem_inst.slot\[10\].slot_reg._000_\[3\],8.96
res_mem_inst.slot\[10\].slot_reg._050_,8.96
res_mem_inst.slot\[11\].slot_reg._000_\[10\],8.96
res_mem_inst.slot\[11\].slot_reg._000_\[2\],8.96
res_mem_inst.slot\[12\].slot_reg._038_,8.96
res_mem_inst.slot\[14\].slot_reg._000_\[11\],8.96
res_mem_inst.slot\[1\].slot_reg._000_\[10\],8.96
res_mem_inst.slot\[1\].slot_reg._048_,8.96
res_mem_inst.slot\[2\].slot_reg._051_,8.96
res_mem_inst.slot\[5\].slot_reg._000_\[10\],8.96
res_mem_inst.slot\[5\].slot_reg._000_\[6\],8.96
res_mem_inst.slot\[6\].slot_reg._014_,8.96
res_mem_inst.slot\[7\].slot_reg._004_,8.96
res_mem_inst.slot\[8\].slot_reg._046_,8.96
res_mem_inst.slot\[9\].slot_reg._000_\[0\],8.96
timer_inst._00_,8.96
output_ready,8.87
adder_tree._0526_,8.55
bgc_13.comp_row.pe2._01_,8.55
bgc_9.comp_row.GL_bits\[2\],8.55
adder_tree._0024_,8.5
adder_tree._0235_,8.5
adder_tree._0248_,8.5
adder_tree._0315_,8.5
adder_tree._0402_,8.5
adder_tree._0655_,8.5
adder_tree._0660_,8.5
bgc_14.comp_col.GL_index\[2\],8.5
bgc_14.comp_col.pe1._00_,8.5
bgc_14.comp_row.A\[7\],8.5
bgc_15.comp_col.GL_index\[3\],8.5
bgc_2.comp_col.GR_bits\[2\],8.5
bgc_2.comp_col.pe2._11_,8.5
bgc_4.comp_row.pe1._16_,8.5
bgc_7.comp_col.GL_bits\[10\],8.5
bgc_7.comp_row.GL_bits\[10\],8.5
bgc_8.row_reg._020_,8.5
bgc_9.comp_col.pe2._02_,8.5
bgc_9.comp_row.GL_index\[1\],8.5
bgc_9.comp_row.pe2._10_,8.5
res_mem_inst.slot\[3\].slot_reg._010_,8.5
res_mem_inst.slot\[4\].slot_reg._030_,8.5
net930,8.45
net311,8.45
net387,8.45
net552,8.45
net745,8.45
net768,8.45
adder_tree._0044_,8.45
adder_tree._0092_,8.45
adder_tree._0108_,8.45
adder_tree._0502_,8.45
adder_tree._0602_,8.45
adder_tree._0659_,8.45
bgc_0.comp_col.GR_bits\[0\],8.45
bgc_0.final_counter._00_\[11\],8.45
bgc_0.final_counter._20_,8.45
bgc_0.final_counter._27_,8.45
bgc_0.lfsr_row._20_,8.45
bgc_1.comp_col.pe1._02_,8.45
bgc_1.comp_row._17_,8.45
bgc_1.final_counter._00_\[6\],8.45
bgc_1.row_reg._023_,8.45
bgc_10.comp_col.A\[3\],8.45
bgc_10.comp_col.GR_bits\[10\],8.45
bgc_10.comp_col._16_,8.45
bgc_10.comp_row.GR_index\[1\],8.45
bgc_10.final_counter._00_\[5\],8.45
bgc_10.lfsr_col._00_\[11\],8.45
bgc_10.lfsr_col._21_,8.45
bgc_10.lfsr_row._26_,8.45
bgc_11.col_reg._024_,8.45
bgc_11.col_reg._026_,8.45
bgc_11.lfsr_row._04_,8.45
bgc_11.row_reg._000_\[8\],8.45
bgc_12.comp_col._16_,8.45
bgc_12.lfsr_row._06_,8.45
bgc_12.row_reg._037_,8.45
bgc_13.col_reg._013_,8.45
bgc_13.col_reg._021_,8.45
bgc_13.lfsr_row._00_\[9\],8.45
bgc_13.row_reg._021_,8.45
bgc_14.col_data_in\[3\],8.45
bgc_14.comp_col.A\[2\],8.45
bgc_14.comp_col.A\[7\],8.45
bgc_14.final_counter._18_,8.45
bgc_15.col_reg._031_,8.45
bgc_15.col_reg._032_,8.45
bgc_15.comp_row.GR_index\[0\],8.45
bgc_15.lfsr_col._23_,8.45
bgc_2.comp_row.pe2._00_,8.45
bgc_2.comp_row.pe2._01_,8.45
bgc_2.final_counter._00_\[8\],8.45
bgc_2.lfsr_col._18_,8.45
bgc_3.comp_row.GL_bits\[10\],8.45
bgc_3.comp_row.pe2._00_,8.45
bgc_4.comp_row.pe2._17_,8.45
bgc_5.comp_row.pe1._08_,8.45
bgc_6.comp_row.pe2._01_,8.45
bgc_6.final_counter._10_,8.45
bgc_6.final_counter._28_,8.45
bgc_6.row_reg._001_,8.45
bgc_8.comp_col.x,8.45
bgc_8.lfsr_col._07_,8.45
bgc_8.row_reg._052_,8.45
bgc_9.comp_col.x,8.45
bgc_9.comp_row.GL_bits\[10\],8.45
bgc_9.lfsr_col._12_,8.45
res_mem_inst.slot\[0\].slot_reg._052_,8.45
res_mem_inst.slot\[10\].slot_reg._000_\[2\],8.45
res_mem_inst.slot\[10\].slot_reg._000_\[8\],8.45
res_mem_inst.slot\[13\].slot_reg._000_\[11\],8.45
res_mem_inst.slot\[13\].slot_reg._038_,8.45
res_mem_inst.slot\[14\].slot_reg._000_\[10\],8.45
res_mem_inst.slot\[15\].slot_reg._000_\[6\],8.45
res_mem_inst.slot\[1\].slot_reg._029_,8.45
res_mem_inst.slot\[1\].slot_reg._050_,8.45
res_mem_inst.slot\[3\].slot_reg._039_,8.45
res_mem_inst.slot\[6\].slot_reg._001_,8.45
res_mem_inst.slot\[6\].slot_reg._030_,8.45
net881,8.4
net884,8.4
net897,8.4
net907,8.4
net919,8.4
net949,8.4
net963,8.4
net969,8.4
net982,8.4
net1012,8.4
net1072,8.4
net1088,8.4
net1124,8.4
net1125,8.4
net1160,8.4
net1162,8.4
net1164,8.4
net1166,8.4
net1189,8.4
net1190,8.4
net1205,8.4
net1216,8.4
net1241,8.4
net1284,8.4
net1286,8.4
net1325,8.4
net1386,8.4
net1410,8.4
net1433,8.4
net84,8.4
net120,8.4
net123,8.4
net143,8.4
net148,8.4
net159,8.4
net163,8.4
net174,8.4
net240,8.4
net272,8.4
net276,8.4
net292,8.4
net293,8.4
net325,8.4
net335,8.4
net392,8.4
net394,8.4
net402,8.4
net403,8.4
net404,8.4
net427,8.4
net428,8.4
net431,8.4
net436,8.4
net433,8.4
net463,8.4
net467,8.4
net571,8.4
net593,8.4
net634,8.4
net650,8.4
net656,8.4
net687,8.4
net689,8.4
net690,8.4
net704,8.4
net719,8.4
net728,8.4
net730,8.4
net735,8.4
net758,8.4
net783,8.4
net79,8.4
adder_tree._0033_,8.4
adder_tree._0049_,8.4
adder_tree._0249_,8.4
adder_tree._0263_,8.4
adder_tree._0300_,8.4
adder_tree._0369_,8.4
adder_tree._0396_,8.4
adder_tree._0465_,8.4
adder_tree._0476_,8.4
adder_tree._0523_,8.4
adder_tree._0527_,8.4
adder_tree._0529_,8.4
adder_tree._0595_,8.4
adder_tree._0596_,8.4
adder_tree._0600_,8.4
adder_tree._0675_,8.4
adder_tree._0678_,8.4
bgc_0.comp_col.GL_bits\[1\],8.4
bgc_0.final_counter._13_,8.4
bgc_0.lfsr_col._00_\[5\],8.4
bgc_1.col_data_in\[4\],8.4
bgc_1.col_reg._024_,8.4
bgc_1.col_reg._048_,8.4
bgc_1.col_reg._052_,8.4
bgc_1.comp_col.GR_index\[0\],8.4
bgc_1.comp_row.GL_bits\[9\],8.4
bgc_1.comp_row.pe1._06_,8.4
bgc_1.lfsr_col._19_,8.4
bgc_1.lfsr_row._00_\[0\],8.4
bgc_1.row_reg._033_,8.4
bgc_10._02_,8.4
bgc_10.col_reg._031_,8.4
bgc_10.col_reg._046_,8.4
bgc_10.comp_col.GL_bits\[7\],8.4
bgc_10.comp_col._00_,8.4
bgc_10.comp_col._01_,8.4
bgc_10.comp_col._19_,8.4
bgc_10.comp_row.GL_bits\[10\],8.4
bgc_10.comp_row.pe1._00_,8.4
bgc_10.lfsr_col._08_,8.4
bgc_10.row_reg._028_,8.4
bgc_11.col_reg._004_,8.4
bgc_11.comp_row.GR_bits\[9\],8.4
bgc_11.final_counter._00_\[8\],8.4
bgc_11.row_reg._018_,8.4
bgc_11.row_reg._025_,8.4
bgc_12.col_reg._026_,8.4
bgc_12.comp_row.A\[4\],8.4
bgc_12.comp_row.A\[6\],8.4
bgc_12.comp_row.GR_bits\[2\],8.4
bgc_12.lfsr_col._00_\[8\],8.4
bgc_12.row_reg._000_\[11\],8.4
bgc_12.row_reg._000_\[2\],8.4
bgc_12.row_reg._000_\[8\],8.4
bgc_12.row_reg._015_,8.4
bgc_13.comp_col._00_,8.4
bgc_13.comp_col.pe1._06_,8.4
bgc_13.comp_row.A\[8\],8.4
bgc_13.comp_row.GL_bits\[0\],8.4
bgc_13.comp_row.pe2._03_,8.4
bgc_13.final_counter._00_\[3\],8.4
bgc_13.lfsr_row._00_\[0\],8.4
bgc_13.lfsr_row._14_,8.4
bgc_13.row_reg._000_\[7\],8.4
bgc_14.comp_col.GR_bits\[2\],8.4
bgc_14.final_counter._00_\[11\],8.4
bgc_14.lfsr_col._00_\[8\],8.4
bgc_14.lfsr_col._13_,8.4
bgc_14.lfsr_row._00_\[2\],8.4
bgc_14.row_reg._015_,8.4
bgc_15.col_reg._046_,8.4
bgc_15.comp_col.A\[9\],8.4
bgc_15.comp_col.pe1._08_,8.4
bgc_15.final_counter._18_,8.4
bgc_15.lfsr_col._06_,8.4
bgc_15.lfsr_row._01_,8.4
bgc_15.row_reg._039_,8.4
bgc_2.comp_col.pe2._14_,8.4
bgc_2.lfsr_row._00_\[0\],8.4
bgc_2.lfsr_row._00_\[2\],8.4
bgc_2.lfsr_row._05_,8.4
bgc_2.row_reg._005_,8.4
bgc_3.comp_row.A\[7\],8.4
bgc_3.final_counter._06_,8.4
bgc_3.lfsr_col._24_,8.4
bgc_3.row_reg._052_,8.4
bgc_4.col_reg._050_,8.4
bgc_4.comp_col.A\[11\],8.4
bgc_4.comp_col.pe2._17_,8.4
bgc_4.lfsr_col._19_,8.4
bgc_4.lfsr_col._26_,8.4
bgc_4.lfsr_row._00_\[2\],8.4
bgc_4.lfsr_row._00_\[7\],8.4
bgc_4.row_reg._021_,8.4
bgc_4.row_reg._024_,8.4
bgc_5.comp_col.pe1._10_,8.4
bgc_5.lfsr_col._00_\[10\],8.4
bgc_5.lfsr_row._00_\[2\],8.4
bgc_6.col_reg._050_,8.4
bgc_6.comp_row.GL_bits\[7\],8.4
bgc_6.final_counter._00_\[6\],8.4
bgc_7.comp_row.GL_bits\[2\],8.4
bgc_7.comp_row._18_,8.4
bgc_7.comp_row.pe1._09_,8.4
bgc_7.comp_row.pe2._00_,8.4
bgc_7.lfsr_row._00_\[11\],8.4
bgc_7.row_reg._020_,8.4
bgc_7.row_reg._047_,8.4
bgc_8.col_reg._003_,8.4
bgc_8.col_reg._015_,8.4
bgc_8.col_reg._045_,8.4
bgc_8.comp_col.A\[6\],8.4
bgc_8.comp_col.A\[7\],8.4
bgc_8.comp_col.GR_index\[0\],8.4
bgc_8.comp_col.GR_index\[1\],8.4
bgc_8.comp_col._00_,8.4
bgc_8.comp_row.GR_bits\[9\],8.4
bgc_8.comp_row.pe1._17_,8.4
bgc_8.comp_row.pe2._00_,8.4
bgc_8.final_counter._17_,8.4
bgc_8.lfsr_row._04_,8.4
bgc_8.lfsr_row._09_,8.4
bgc_8.row_reg._051_,8.4
bgc_9.comp_col.A\[11\],8.4
bgc_9.comp_col.GR_bits\[0\],8.4
bgc_9.comp_col.GR_index\[1\],8.4
bgc_9.final_counter._00_\[6\],8.4
bgc_9.final_counter._07_,8.4
bgc_9.lfsr_row._00_\[8\],8.4
bgc_9.row_reg._015_,8.4
bgc_9.row_reg._033_,8.4
dec_inst._00_\[0\],8.4
lfsr_enabler._08_,8.4
res_mem_inst.slot\[0\].slot_reg._000_\[4\],8.4
res_mem_inst.slot\[10\].slot_reg._035_,8.4
res_mem_inst.slot\[11\].slot_reg._019_,8.4
res_mem_inst.slot\[11\].slot_reg._035_,8.4
res_mem_inst.slot\[12\].slot_reg._051_,8.4
res_mem_inst.slot\[15\].slot_reg._034_,8.4
res_mem_inst.slot\[15\].slot_reg._047_,8.4
res_mem_inst.slot\[15\].slot_reg.mode\[0\],8.4
res_mem_inst.slot\[2\].slot_reg._000_\[3\],8.4
res_mem_inst.slot\[2\].slot_reg._049_,8.4
res_mem_inst.slot\[3\].slot_reg._040_,8.4
res_mem_inst.slot\[5\].slot_reg._024_,8.4
res_mem_inst.slot\[5\].slot_reg._035_,8.4
res_mem_inst.slot\[5\].slot_reg._039_,8.4
res_mem_inst.slot\[7\].slot_reg._050_,8.4
res_mem_inst.slot\[8\].slot_reg._039_,8.4
res_mem_inst.slot\[8\].slot_reg._050_,8.4
res_mem_inst.slot\[9\].slot_reg._002_,8.4
res_mem_inst.slot\[9\].slot_reg._021_,8.4
res_mem_inst.slot\[9\].slot_reg._026_,8.4
timer_inst._01_\[4\],8.4
timer_inst._22_,8.4
bgc_8.comp_col.GR_bits\[2\],8.12
bgc_8.comp_row._12_,8.12
adder_tree._0317_,7.99
bgc_1.comp_row.GR_bits\[7\],7.99
bgc_10.comp_row.GL_bits\[7\],7.99
bgc_11.comp_row.GR_bits\[7\],7.99
bgc_6.comp_col.GR_bits\[7\],7.99
bgc_7.comp_row.GL_index\[1\],7.99
res_mem_inst.slot\[10\].slot_reg._020_,7.99
net185,7.94
net401,7.94
net550,7.94
adder_tree._0288_,7.94
adder_tree._0601_,7.94
bgc_10.comp_row.GR_index\[2\],7.94
bgc_10.comp_row.pe1._07_,7.94
bgc_11.col_reg._000_\[5\],7.94
bgc_11.col_reg._000_\[9\],7.94
bgc_12.comp_col.pe2._17_,7.94
bgc_14.comp_col.GR_bits\[7\],7.94
bgc_15.comp_col.GR_bits\[7\],7.94
bgc_15.comp_col.pe1._05_,7.94
bgc_15.comp_row.GR_bits\[7\],7.94
bgc_2.comp_col.pe2._02_,7.94
bgc_2.comp_row.GR_index\[1\],7.94
bgc_3.comp_col.pe2._08_,7.94
bgc_3.comp_row.GL_bits\[8\],7.94
bgc_4.col_reg._025_,7.94
bgc_4.comp_col.GR_bits\[7\],7.94
bgc_7.col_reg._000_\[5\],7.94
bgc_8.comp_row.pe1._02_,7.94
bgc_8.lfsr_col._06_,7.94
bgc_9.comp_col.GR_bits\[7\],7.94
bgc_9.comp_col.pe1._03_,7.94
bgc_9.comp_row.pe1._00_,7.94
bgc_9.comp_row.pe2._06_,7.94
bgc_9.lfsr_row._08_,7.94
bgc_9.row_reg._037_,7.94
res_mem_inst._047_,7.94
res_mem_inst.slot\[15\].slot_reg._000_\[0\],7.94
timer_inst.cycle_cnt\[2\],7.94
net1503,7.94
net1506,7.94
net1513,7.94
net932,7.89
net945,7.89
net968,7.89
net1063,7.89
net1068,7.89
net1078,7.89
net1096,7.89
net1128,7.89
net1169,7.89
net1223,7.89
net1260,7.89
net1416,7.89
net1436,7.89
net161,7.89
net263,7.89
net488,7.89
net725,7.89
net822,7.89
adder_tree._0012_,7.89
adder_tree._0169_,7.89
adder_tree._0187_,7.89
bgc_0.col_reg._049_,7.89
bgc_0.comp_col.GR_index\[2\],7.89
bgc_0.comp_col._00_,7.89
bgc_0.comp_row.pe1._06_,7.89
bgc_0.lfsr_row._18_,7.89
bgc_0.row_reg._000_\[11\],7.89
bgc_1.col_data_in\[8\],7.89
bgc_1.comp_col.GR_index\[1\],7.89
bgc_1.final_counter._00_\[5\],7.89
bgc_1.lfsr_col._03_,7.89
bgc_1.lfsr_col._08_,7.89
bgc_10.col_reg._000_\[8\],7.89
bgc_10.comp_col.GR_index\[3\],7.89
bgc_10.comp_col.pe2._04_,7.89
bgc_10.comp_row.GR_bits\[2\],7.89
bgc_11.col_reg._005_,7.89
bgc_11.lfsr_col._00_\[8\],7.89
bgc_11.row_reg._049_,7.89
bgc_12.col_reg._051_,7.89
bgc_12.comp_row.pe1._00_,7.89
bgc_12.lfsr_col._01_,7.89
bgc_13.col_reg._038_,7.89
bgc_13.final_counter._10_,7.89
bgc_13.lfsr_col._12_,7.89
bgc_14.final_counter._15_,7.89
bgc_14.row_reg._000_\[5\],7.89
bgc_15.col_data_in\[2\],7.89
bgc_15.col_reg._000_\[8\],7.89
bgc_15.col_reg._039_,7.89
bgc_15.col_reg._047_,7.89
bgc_15.comp_col._16_,7.89
bgc_15.final_counter._00_\[7\],7.89
bgc_15.lfsr_col._22_,7.89
bgc_2.col_reg._000_\[0\],7.89
bgc_2.col_reg._000_\[4\],7.89
bgc_2.col_reg._047_,7.89
bgc_2.comp_col.GR_index\[2\],7.89
bgc_2.comp_col.GR_index\[3\],7.89
bgc_2.comp_row.GR_index\[0\],7.89
bgc_2.final_counter._24_,7.89
bgc_2.lfsr_col._00_\[2\],7.89
bgc_2.lfsr_col._14_,7.89
bgc_2.row_reg._007_,7.89
bgc_3.col_reg._032_,7.89
bgc_3.comp_col.GR_index\[1\],7.89
bgc_3.comp_col.x,7.89
bgc_3.lfsr_col._00_\[11\],7.89
bgc_3.lfsr_col._00_\[1\],7.89
bgc_3.lfsr_col._06_,7.89
bgc_3.row_reg._017_,7.89
bgc_4.col_data_in\[8\],7.89
bgc_4.col_reg._000_\[6\],7.89
bgc_4.col_reg._013_,7.89
bgc_4.comp_row.GL_bits\[7\],7.89
bgc_4.comp_row.GR_bits\[10\],7.89
bgc_5.comp_row.pe1._02_,7.89
bgc_5.lfsr_row._00_\[11\],7.89
bgc_5.lfsr_row._04_,7.89
bgc_5.row_reg._046_,7.89
bgc_6.col_reg._000_\[4\],7.89
bgc_6.comp_col.pe2._07_,7.89
bgc_6.final_counter._17_,7.89
bgc_6.final_counter._20_,7.89
bgc_6.final_counter._23_,7.89
bgc_7.col_data_in\[4\],7.89
bgc_7.col_reg._002_,7.89
bgc_7.comp_col._17_,7.89
bgc_8.comp_col.pe1._05_,7.89
bgc_8.lfsr_col._08_,7.89
bgc_8.lfsr_row._00_\[10\],7.89
bgc_8.lfsr_row._16_,7.89
bgc_9.final_counter._00_\[8\],7.89
res_mem_inst.slot\[0\].slot_reg._018_,7.89
res_mem_inst.slot\[11\].slot_reg._000_\[6\],7.89
res_mem_inst.slot\[14\].slot_reg._000_\[5\],7.89
res_mem_inst.slot\[14\].slot_reg._039_,7.89
res_mem_inst.slot\[1\].slot_reg._018_,7.89
res_mem_inst.slot\[1\].slot_reg._034_,7.89
res_mem_inst.slot\[2\].slot_reg._000_\[7\],7.89
res_mem_inst.slot\[2\].slot_reg._023_,7.89
res_mem_inst.slot\[6\].slot_reg._000_\[2\],7.89
res_mem_inst.slot\[7\].slot_reg._010_,7.89
res_mem_inst.slot\[7\].slot_reg._024_,7.89
res_mem_inst.slot\[8\].slot_reg._000_\[3\],7.89
res_mem_inst.slot\[9\].slot_reg._025_,7.89
timer_inst._27_,7.89
net829,7.84
net833,7.84
net869,7.84
net914,7.84
net972,7.84
net1009,7.84
net1090,7.84
net1153,7.84
net1172,7.84
net1182,7.84
net1192,7.84
net1252,7.84
net1310,7.84
net1314,7.84
net1354,7.84
net1358,7.84
net1362,7.84
net1398,7.84
net1402,7.84
net1420,7.84
net99,7.84
net119,7.84
net150,7.84
net156,7.84
net173,7.84
net178,7.84
net195,7.84
net244,7.84
net257,7.84
net288,7.84
net294,7.84
net323,7.84
net385,7.84
net419,7.84
net421,7.84
net437,7.84
net457,7.84
net468,7.84
net477,7.84
net508,7.84
net525,7.84
net537,7.84
net543,7.84
net553,7.84
net580,7.84
net640,7.84
net703,7.84
net736,7.84
net754,7.84
net796,7.84
net806,7.84
net815,7.84
net819,7.84
adder_tree._0088_,7.84
adder_tree._0190_,7.84
adder_tree._0272_,7.84
adder_tree._0302_,7.84
adder_tree._0335_,7.84
adder_tree._0388_,7.84
adder_tree._0428_,7.84
adder_tree._0457_,7.84
adder_tree._0459_,7.84
adder_tree._0469_,7.84
adder_tree._0532_,7.84
adder_tree._0651_,7.84
adder_tree._0664_,7.84
bgc_0.col_reg._000_\[3\],7.84
bgc_0.col_reg._020_,7.84
bgc_0.comp_row.A\[11\],7.84
bgc_0.lfsr_col._00_\[1\],7.84
bgc_0.row_reg._035_,7.84
bgc_0.row_reg._052_,7.84
bgc_0.row_reg.mode\[0\],7.84
bgc_1.col_reg._037_,7.84
bgc_1.comp_row.GR_index\[1\],7.84
bgc_1.comp_row.pe1._08_,7.84
bgc_1.comp_row.pe2._06_,7.84
bgc_1.lfsr_col._00_\[3\],7.84
bgc_1.row_reg._000_\[6\],7.84
bgc_1.row_reg._034_,7.84
bgc_1.row_reg._051_,7.84
bgc_10.col_reg._014_,7.84
bgc_10.col_reg._037_,7.84
bgc_10.comp_col.pe1._05_,7.84
bgc_10.comp_col.pe2._11_,7.84
bgc_10.comp_col.pe2._16_,7.84
bgc_10.comp_row._00_,7.84
bgc_10.comp_row.pe1._06_,7.84
bgc_10.lfsr_col._00_\[1\],7.84
bgc_11.comp_col.pe1._02_,7.84
bgc_11.comp_col.pe1._12_,7.84
bgc_11.comp_row.A\[6\],7.84
bgc_11.comp_row.GR_index\[3\],7.84
bgc_11.comp_row.pe2._02_,7.84
bgc_11.final_counter._00_\[9\],7.84
bgc_11.lfsr_col._00_\[7\],7.84
bgc_11.lfsr_col._12_,7.84
bgc_11.row_reg._002_,7.84
bgc_11.row_reg._044_,7.84
bgc_12.comp_col.A\[7\],7.84
bgc_12.comp_col.GR_bits\[1\],7.84
bgc_12.comp_col.GR_index\[1\],7.84
bgc_12.comp_col.pe1._06_,7.84
bgc_12.comp_row.A\[5\],7.84
bgc_12.final_counter._24_,7.84
bgc_12.lfsr_col._00_\[2\],7.84
bgc_12.row_reg._000_\[5\],7.84
bgc_13.col_reg._000_\[7\],7.84
bgc_13.col_reg._000_\[8\],7.84
bgc_13.comp_col.A\[11\],7.84
bgc_13.comp_row.A\[7\],7.84
bgc_13.comp_row.GR_index\[0\],7.84
bgc_13.comp_row._17_,7.84
bgc_13.comp_row.pe2._02_,7.84
bgc_13.final_counter._13_,7.84
bgc_13.lfsr_col._22_,7.84
bgc_13.lfsr_row._26_,7.84
bgc_14.col_reg._003_,7.84
bgc_14.col_reg._018_,7.84
bgc_14.col_reg._030_,7.84
bgc_14.comp_row.pe1._08_,7.84
bgc_14.comp_row.pe1._09_,7.84
bgc_14.lfsr_col._00_\[5\],7.84
bgc_14.lfsr_col._00_\[9\],7.84
bgc_14.lfsr_col._17_,7.84
bgc_14.lfsr_row._11_,7.84
bgc_14.row_reg._020_,7.84
bgc_15.col_reg._037_,7.84
bgc_15.comp_row.A\[0\],7.84
bgc_15.comp_row.A\[10\],7.84
bgc_15.comp_row.A\[3\],7.84
bgc_15.comp_row.A\[6\],7.84
bgc_15.comp_row.pe1._01_,7.84
bgc_15.lfsr_row._00_\[2\],7.84
bgc_15.lfsr_row._00_\[8\],7.84
bgc_15.lfsr_row._09_,7.84
bgc_15.row_reg._000_\[3\],7.84
bgc_2.col_reg._002_,7.84
bgc_2.col_reg._052_,7.84
bgc_2.comp_row.A\[6\],7.84
bgc_2.final_counter._00_\[3\],7.84
bgc_2.lfsr_col._00_\[6\],7.84
bgc_2.lfsr_row._10_,7.84
bgc_2.row_reg._023_,7.84
bgc_2.row_reg._049_,7.84
bgc_3.col_data_in\[7\],7.84
bgc_3.col_reg._039_,7.84
bgc_3.col_reg._047_,7.84
bgc_3.comp_col.GR_bits\[1\],7.84
bgc_3.comp_row.GR_bits\[9\],7.84
bgc_3.comp_row.pe2._07_,7.84
bgc_3.lfsr_row._22_,7.84
bgc_3.row_reg._000_\[3\],7.84
bgc_3.row_reg._037_,7.84
bgc_4.col_data_in\[2\],7.84
bgc_4.col_reg._000_\[3\],7.84
bgc_4.col_reg._014_,7.84
bgc_4.comp_col.pe2._06_,7.84
bgc_4.comp_row.A\[4\],7.84
bgc_4.comp_row.GR_bits\[1\],7.84
bgc_4.comp_row.GR_bits\[8\],7.84
bgc_4.final_counter._27_,7.84
bgc_4.lfsr_col._01_,7.84
bgc_4.lfsr_row._20_,7.84
bgc_4.row_reg._010_,7.84
bgc_5.comp_row.A\[7\],7.84
bgc_5.comp_row.GR_bits\[8\],7.84
bgc_5.comp_row._11_,7.84
bgc_5.comp_row.pe1._01_,7.84
bgc_5.comp_row.pe2._06_,7.84
bgc_5.final_counter._11_,7.84
bgc_5.lfsr_col._14_,7.84
bgc_5.lfsr_col._18_,7.84
bgc_5.lfsr_row._00_\[4\],7.84
bgc_5.lfsr_row._09_,7.84
bgc_5.row_reg._000_\[0\],7.84
bgc_5.row_reg._031_,7.84
bgc_6.col_reg._000_\[6\],7.84
bgc_6.col_reg._013_,7.84
bgc_6.col_reg._052_,7.84
bgc_6.comp_col._03_,7.84
bgc_6.comp_col.pe1._01_,7.84
bgc_6.comp_row._16_,7.84
bgc_6.comp_row.pe2._16_,7.84
bgc_6.final_counter._05_,7.84
bgc_6.lfsr_col._00_\[5\],7.84
bgc_6.lfsr_col._12_,7.84
bgc_6.lfsr_col._14_,7.84
bgc_6.row_reg._000_\[0\],7.84
bgc_6.row_reg._028_,7.84
bgc_7.col_reg._001_,7.84
bgc_7.comp_col.A\[5\],7.84
bgc_7.comp_col._14_,7.84
bgc_7.comp_col.pe1._07_,7.84
bgc_7.comp_col.pe2._07_,7.84
bgc_7.comp_row._17_,7.84
bgc_7.comp_row.pe1._08_,7.84
bgc_7.final_counter._00_\[8\],7.84
bgc_7.lfsr_col._23_,7.84
bgc_7.lfsr_col._24_,7.84
bgc_7.lfsr_row._15_,7.84
bgc_7.row_reg._000_\[6\],7.84
bgc_8.col_reg._000_\[2\],7.84
bgc_8.col_reg._039_,7.84
bgc_8.comp_col.GR_bits\[1\],7.84
bgc_8.comp_col.pe2._10_,7.84
bgc_8.comp_row.A\[4\],7.84
bgc_8.lfsr_col._20_,7.84
bgc_8.lfsr_row._06_,7.84
bgc_8.lfsr_row._24_,7.84
bgc_8.row_reg._044_,7.84
bgc_9.col_reg._027_,7.84
bgc_9.col_reg._028_,7.84
bgc_9.comp_col.GL_bits\[5\],7.84
bgc_9.comp_col.pe1._01_,7.84
bgc_9.final_counter._00_\[5\],7.84
dec_inst._02_,7.84
res_mem_inst._035_,7.84
res_mem_inst.slot\[0\].slot_reg._020_,7.84
res_mem_inst.slot\[10\].slot_reg._000_\[9\],7.84
res_mem_inst.slot\[10\].slot_reg._031_,7.84
res_mem_inst.slot\[10\].slot_reg._052_,7.84
res_mem_inst.slot\[11\].slot_reg._000_\[7\],7.84
res_mem_inst.slot\[11\].slot_reg._020_,7.84
res_mem_inst.slot\[11\].slot_reg._032_,7.84
res_mem_inst.slot\[11\].slot_reg.mode\[0\],7.84
res_mem_inst.slot\[12\].slot_reg._001_,7.84
res_mem_inst.slot\[12\].slot_reg._016_,7.84
res_mem_inst.slot\[12\].slot_reg._019_,7.84
res_mem_inst.slot\[12\].slot_reg._025_,7.84
res_mem_inst.slot\[12\].slot_reg.mode\[0\],7.84
res_mem_inst.slot\[13\].slot_reg._013_,7.84
res_mem_inst.slot\[13\].slot_reg._052_,7.84
res_mem_inst.slot\[1\].slot_reg._000_\[9\],7.84
res_mem_inst.slot\[2\].slot_reg._014_,7.84
res_mem_inst.slot\[2\].slot_reg._019_,7.84
res_mem_inst.slot\[2\].slot_reg._040_,7.84
res_mem_inst.slot\[5\].slot_reg._013_,7.84
res_mem_inst.slot\[5\].slot_reg._022_,7.84
res_mem_inst.slot\[5\].slot_reg._045_,7.84
res_mem_inst.slot\[6\].slot_reg._000_\[9\],7.84
res_mem_inst.slot\[6\].slot_reg._024_,7.84
res_mem_inst.slot\[6\].slot_reg._046_,7.84
res_mem_inst.slot\[6\].slot_reg._050_,7.84
res_mem_inst.slot\[7\].slot_reg._022_,7.84
res_mem_inst.slot\[8\].slot_reg._038_,7.84
res_mem_inst.slot\[8\].slot_reg._040_,7.84
res_mem_inst.slot\[9\].slot_reg._000_\[2\],7.84
res_mem_inst.slot\[9\].slot_reg._038_,7.84
res_mem_inst.slot\[9\].slot_reg.mode\[0\],7.84
bgc_1.comp_col.GR_bits\[7\],7.43
bgc_15.comp_col._07_,7.43
net1029,7.38
net652,7.38
adder_tree._0370_,7.38
adder_tree._0607_,7.38
adder_tree._0687_,7.38
bgc_0.comp_row.GR_bits\[8\],7.38
bgc_1.comp_row._14_,7.38
bgc_10.final_counter._00_\[0\],7.38
bgc_11.comp_row.A\[0\],7.38
bgc_12.comp_col.GL_bits\[7\],7.38
bgc_12.comp_col.pe2._11_,7.38
bgc_12.comp_row.GL_index\[2\],7.38
bgc_13.comp_col.pe1._00_,7.38
bgc_13.final_counter._07_,7.38
bgc_14.col_reg.mode\[0\],7.38
bgc_15.comp_col.pe1._04_,7.38
bgc_3.comp_col.pe1._10_,7.38
bgc_3.comp_row.GR_index\[1\],7.38
bgc_4.col_reg._018_,7.38
bgc_4.row_reg._034_,7.38
bgc_5.col_reg._052_,7.38
bgc_5.comp_row.pe2._16_,7.38
bgc_6.col_reg._040_,7.38
bgc_6.comp_row._14_,7.38
bgc_6.comp_row._15_,7.38
bgc_6.comp_row.pe1._00_,7.38
bgc_6.comp_row.pe2._00_,7.38
bgc_6.comp_row.pe2._04_,7.38
bgc_7.col_reg._032_,7.38
bgc_8.col_reg._038_,7.38
bgc_9.comp_col.GR_bits\[10\],7.38
bgc_9.comp_row.pe1._03_,7.38
bgc_9.lfsr_row._10_,7.38
res_mem_inst.slot\[11\].slot_reg._038_,7.38
res_mem_inst.slot\[13\].slot_reg._036_,7.38
res_mem_inst.slot\[1\].slot_reg._030_,7.38
res_mem_inst.slot\[5\].slot_reg._051_,7.38
net1480,7.38
net1031,7.33
net1130,7.33
net102,7.33
net172,7.33
net210,7.33
net237,7.33
net307,7.33
net349,7.33
net420,7.33
net601,7.33
net697,7.33
net811,7.33
adder_tree._0140_,7.33
adder_tree._0285_,7.33
adder_tree._0329_,7.33
adder_tree._0342_,7.33
adder_tree._0373_,7.33
adder_tree._0410_,7.33
adder_tree._0445_,7.33
adder_tree._0626_,7.33
bgc_0.col_reg._050_,7.33
bgc_0.comp_row.GR_bits\[10\],7.33
bgc_0.comp_row._00_,7.33
bgc_0.comp_row.pe1._11_,7.33
bgc_0.final_counter._02_,7.33
bgc_1.col_reg._046_,7.33
bgc_1.lfsr_row._00_\[2\],7.33
bgc_1.row_reg._000_\[0\],7.33
bgc_1.row_reg._000_\[3\],7.33
bgc_1.row_reg._027_,7.33
bgc_10.comp_col.GL_bits\[1\],7.33
bgc_10.comp_row.GR_bits\[0\],7.33
bgc_10.lfsr_row._12_,7.33
bgc_10.row_reg._024_,7.33
bgc_11.col_data_in\[9\],7.33
bgc_11.comp_col._16_,7.33
bgc_11.comp_col.pe2._06_,7.33
bgc_11.comp_row.pe1._02_,7.33
bgc_12.col_reg._000_\[5\],7.33
bgc_12.lfsr_col._22_,7.33
bgc_12.lfsr_row._24_,7.33
bgc_12.row_reg._005_,7.33
bgc_13.col_reg._010_,7.33
bgc_13.col_reg._035_,7.33
bgc_13.comp_col.GL_index\[0\],7.33
bgc_13.lfsr_col._00_\[8\],7.33
bgc_14.col_reg._000_\[8\],7.33
bgc_14.col_reg._015_,7.33
bgc_14.col_reg._051_,7.33
bgc_14.comp_col._18_,7.33
bgc_15.comp_col._01_,7.33
bgc_15.comp_row.GR_bits\[0\],7.33
bgc_15.row_reg._000_\[7\],7.33
bgc_2.col_reg._000_\[8\],7.33
bgc_2.col_reg._013_,7.33
bgc_2.row_reg._015_,7.33
bgc_4._03_,7.33
bgc_4.col_data_in\[10\],7.33
bgc_4.final_counter._18_,7.33
bgc_4.lfsr_col._00_\[3\],7.33
bgc_4.row_reg._000_\[3\],7.33
bgc_5.col_data_in\[6\],7.33
bgc_5.comp_col.pe1._01_,7.33
bgc_5.comp_row.GR_bits\[0\],7.33
bgc_5.lfsr_col._02_,7.33
bgc_6.row_reg._010_,7.33
bgc_7._03_,7.33
bgc_7.col_reg._000_\[8\],7.33
bgc_7.col_reg._027_,7.33
bgc_7.comp_col.GL_bits\[1\],7.33
bgc_7.comp_col.GL_bits\[7\],7.33
bgc_7.comp_col.GR_bits\[0\],7.33
bgc_7.comp_col.GR_bits\[7\],7.33
bgc_7.comp_col.pe1._17_,7.33
bgc_7.final_counter._10_,7.33
bgc_7.lfsr_row._09_,7.33
bgc_7.lfsr_row._22_,7.33
bgc_7.row_reg._044_,7.33
bgc_8.col_reg._000_\[3\],7.33
bgc_8.comp_col._16_,7.33
bgc_8.comp_col.pe1._11_,7.33
bgc_8.comp_row.GR_bits\[1\],7.33
bgc_8.row_reg._033_,7.33
bgc_9.comp_col.pe1._12_,7.33
bgc_9.comp_row.GR_bits\[0\],7.33
bgc_9.comp_row.GR_bits\[9\],7.33
lfsr_enabler._24_,7.33
res_mem_inst.slot\[12\].slot_reg._034_,7.33
res_mem_inst.slot\[15\].slot_reg._004_,7.33
res_mem_inst.slot\[15\].slot_reg._025_,7.33
res_mem_inst.slot\[15\].slot_reg._031_,7.33
res_mem_inst.slot\[15\].slot_reg._033_,7.33
res_mem_inst.slot\[1\].slot_reg._015_,7.33
res_mem_inst.slot\[4\].slot_reg._027_,7.33
res_mem_inst.slot\[7\].slot_reg._000_\[6\],7.33
res_mem_inst.slot\[8\].slot_reg._000_\[11\],7.33
res_mem_inst.slot\[9\].slot_reg._030_,7.33
net1495,7.33
res_mem_inst.slot\[10\].slot_reg._000_\[1\],7.32
net876,7.28
net935,7.28
net939,7.28
net941,7.28
net946,7.28
net957,7.28
net975,7.28
net999,7.28
net1059,7.28
net1136,7.28
net1163,7.28
net1201,7.28
net1227,7.28
net1242,7.28
net1249,7.28
net1264,7.28
net1319,7.28
net1322,7.28
net1345,7.28
net1347,7.28
net1356,7.28
net1360,7.28
net85,7.28
net124,7.28
net130,7.28
net140,7.28
net141,7.28
net162,7.28
net223,7.28
net241,7.28
net290,7.28
net317,7.28
net318,7.28
net375,7.28
net378,7.28
net400,7.28
net466,7.28
net518,7.28
net540,7.28
net627,7.28
net631,7.28
net708,7.28
net710,7.28
net712,7.28
net738,7.28
net777,7.28
net788,7.28
adder_tree._0023_,7.28
adder_tree._0045_,7.28
adder_tree._0055_,7.28
adder_tree._0147_,7.28
adder_tree._0186_,7.28
adder_tree._0202_,7.28
adder_tree._0246_,7.28
adder_tree._0305_,7.28
adder_tree._0331_,7.28
adder_tree._0348_,7.28
adder_tree._0437_,7.28
adder_tree._0522_,7.28
adder_tree._0531_,7.28
adder_tree._0631_,7.28
adder_tree._0692_,7.28
adder_tree._0711_,7.28
bgc_0._03_,7.28
bgc_0.col_reg._028_,7.28
bgc_0.comp_col.GL_bits\[7\],7.28
bgc_0.comp_col._16_,7.28
bgc_0.comp_col.pe2._00_,7.28
bgc_0.comp_col.pe2._06_,7.28
bgc_0.comp_row.pe1._01_,7.28
bgc_0.lfsr_col._18_,7.28
bgc_0.lfsr_row._00_\[2\],7.28
bgc_0.lfsr_row._16_,7.28
bgc_0.row_reg._000_\[0\],7.28
bgc_0.row_reg._013_,7.28
bgc_0.row_reg._014_,7.28
bgc_0.row_reg._015_,7.28
bgc_0.row_reg._020_,7.28
bgc_1.col_data_in\[3\],7.28
bgc_1.col_reg._000_\[9\],7.28
bgc_1.col_reg._003_,7.28
bgc_1.comp_row.GR_index\[2\],7.28
bgc_1.comp_row.pe2._10_,7.28
bgc_1.lfsr_col._01_,7.28
bgc_1.lfsr_col._12_,7.28
bgc_1.lfsr_row._24_,7.28
bgc_10.col_reg._013_,7.28
bgc_10.comp_col.GR_index\[2\],7.28
bgc_10.comp_col.pe1._00_,7.28
bgc_10.comp_col.pe2._02_,7.28
bgc_10.comp_row.pe1._14_,7.28
bgc_10.lfsr_col._16_,7.28
bgc_10.lfsr_row._07_,7.28
bgc_10.row_reg._000_\[6\],7.28
bgc_10.row_reg._017_,7.28
bgc_10.row_reg._050_,7.28
bgc_11._04_,7.28
bgc_11.col_data_in\[2\],7.28
bgc_11.col_reg._017_,7.28
bgc_11.col_reg._040_,7.28
bgc_11.comp_col.pe2._08_,7.28
bgc_11.comp_row.A\[11\],7.28
bgc_11.comp_row._13_,7.28
bgc_11.comp_row.pe1._10_,7.28
bgc_11.final_counter._24_,7.28
bgc_11.lfsr_col._05_,7.28
bgc_11.lfsr_col._20_,7.28
bgc_12.col_data_in\[8\],7.28
bgc_12.col_reg._017_,7.28
bgc_12.comp_col.GL_bits\[10\],7.28
bgc_12.comp_col._15_,7.28
bgc_12.comp_row.A\[8\],7.28
bgc_12.comp_row.pe2._10_,7.28
bgc_12.lfsr_col._00_\[4\],7.28
bgc_12.lfsr_col._24_,7.28
bgc_12.row_reg._031_,7.28
bgc_12.row_reg._038_,7.28
bgc_13.comp_col.GL_bits\[2\],7.28
bgc_13.comp_col.pe1._10_,7.28
bgc_13.comp_col.pe2._01_,7.28
bgc_13.final_counter._06_,7.28
bgc_13.final_counter._25_,7.28
bgc_13.lfsr_row._13_,7.28
bgc_14.col_reg._000_\[7\],7.28
bgc_14.col_reg._032_,7.28
bgc_14.col_reg._045_,7.28
bgc_14.col_reg._049_,7.28
bgc_14.comp_row._00_,7.28
bgc_14.comp_row._19_,7.28
bgc_14.comp_row.pe1._06_,7.28
bgc_14.comp_row.pe2._01_,7.28
bgc_14.lfsr_col._04_,7.28
bgc_14.lfsr_col._24_,7.28
bgc_14.row_reg._045_,7.28
bgc_15.col_reg._017_,7.28
bgc_15.comp_col.A\[2\],7.28
bgc_15.comp_col.pe1._09_,7.28
bgc_15.comp_row.A\[2\],7.28
bgc_15.comp_row._13_,7.28
bgc_15.comp_row.pe1._00_,7.28
bgc_15.comp_row.pe2._08_,7.28
bgc_15.final_counter._24_,7.28
bgc_15.lfsr_col._05_,7.28
bgc_15.lfsr_row._00_\[11\],7.28
bgc_15.lfsr_row._00_\[4\],7.28
bgc_2.col_reg._012_,7.28
bgc_2.col_reg._031_,7.28
bgc_2.comp_col.GL_bits\[1\],7.28
bgc_2.comp_col.pe1._07_,7.28
bgc_2.comp_row.GL_bits\[0\],7.28
bgc_2.comp_row.GL_index\[2\],7.28
bgc_2.comp_row.pe2._02_,7.28
bgc_2.final_counter._11_,7.28
bgc_2.lfsr_col._19_,7.28
bgc_2.lfsr_row._00_\[9\],7.28
bgc_2.row_reg._000_\[9\],7.28
bgc_2.row_reg._050_,7.28
bgc_3.col_reg._008_,7.28
bgc_3.col_reg._030_,7.28
bgc_3.col_reg._045_,7.28
bgc_3.col_reg._050_,7.28
bgc_3.comp_col.A\[5\],7.28
bgc_3.comp_col.A\[7\],7.28
bgc_3.comp_col.GL_bits\[1\],7.28
bgc_3.comp_col.pe1._06_,7.28
bgc_3.comp_col.pe2._00_,7.28
bgc_3.comp_row._03_,7.28
bgc_3.comp_row._11_,7.28
bgc_3.comp_row.pe1._00_,7.28
bgc_3.final_counter._00_\[6\],7.28
bgc_3.lfsr_col._16_,7.28
bgc_3.lfsr_row._00_\[3\],7.28
bgc_3.lfsr_row._14_,7.28
bgc_4.col_reg._033_,7.28
bgc_4.col_reg._044_,7.28
bgc_4.col_reg._048_,7.28
bgc_4.col_reg._049_,7.28
bgc_4.col_reg._051_,7.28
bgc_4.comp_col.A\[5\],7.28
bgc_4.comp_col._01_,7.28
bgc_4.comp_row.A\[6\],7.28
bgc_4.comp_row.pe1._01_,7.28
bgc_4.final_counter._00_\[9\],7.28
bgc_4.row_reg._000_\[7\],7.28
bgc_4.row_reg._032_,7.28
bgc_4.row_reg._036_,7.28
bgc_5.col_reg._050_,7.28
bgc_5.comp_col.pe1._11_,7.28
bgc_5.comp_col.pe2._02_,7.28
bgc_5.comp_col.pe2._04_,7.28
bgc_5.comp_row.GR_bits\[1\],7.28
bgc_5.comp_row.GR_index\[3\],7.28
bgc_5.comp_row.pe2._11_,7.28
bgc_5.final_counter._00_\[11\],7.28
bgc_5.final_counter._00_\[3\],7.28
bgc_5.lfsr_col._00_\[6\],7.28
bgc_5.lfsr_col._10_,7.28
bgc_5.lfsr_col._16_,7.28
bgc_5.lfsr_row._00_\[5\],7.28
bgc_5.lfsr_row._01_,7.28
bgc_5.lfsr_row._10_,7.28
bgc_5.row_reg._022_,7.28
bgc_6.col_data_in\[8\],7.28
bgc_6.col_data_in\[9\],7.28
bgc_6.col_reg._048_,7.28
bgc_6.comp_row._10_,7.28
bgc_6.comp_row.pe2._12_,7.28
bgc_6.lfsr_row._12_,7.28
bgc_6.row_reg._005_,7.28
bgc_6.row_reg._006_,7.28
bgc_6.row_reg._018_,7.28
bgc_6.row_reg._034_,7.28
bgc_6.row_reg._051_,7.28
bgc_6.row_reg._052_,7.28
bgc_7.col_data_in\[3\],7.28
bgc_7.col_reg._000_\[2\],7.28
bgc_7.col_reg._033_,7.28
bgc_7.comp_row.A\[10\],7.28
bgc_7.comp_row.A\[6\],7.28
bgc_7.comp_row.pe1._17_,7.28
bgc_7.final_counter._05_,7.28
bgc_7.final_counter._08_,7.28
bgc_7.final_counter._11_,7.28
bgc_7.lfsr_col._00_\[0\],7.28
bgc_7.lfsr_col._00_\[11\],7.28
bgc_7.lfsr_row._00_\[3\],7.28
bgc_7.lfsr_row._00_\[8\],7.28
bgc_7.lfsr_row._23_,7.28
bgc_7.row_reg._000_\[5\],7.28
bgc_7.row_reg._003_,7.28
bgc_7.row_reg.mode\[0\],7.28
bgc_8.col_reg._000_\[8\],7.28
bgc_8.col_reg._014_,7.28
bgc_8.col_reg._027_,7.28
bgc_8.col_reg._033_,7.28
bgc_8.col_reg._047_,7.28
bgc_8.comp_col.A\[10\],7.28
bgc_8.comp_col.GR_index\[2\],7.28
bgc_8.comp_col._11_,7.28
bgc_8.comp_col.pe2._01_,7.28
bgc_8.comp_row.pe2._11_,7.28
bgc_8.final_counter._00_\[5\],7.28
bgc_8.final_counter._24_,7.28
bgc_8.lfsr_col._00_\[1\],7.28
bgc_8.lfsr_col._10_,7.28
bgc_9.col_reg._005_,7.28
bgc_9.comp_col.GL_bits\[1\],7.28
bgc_9.comp_col._18_,7.28
bgc_9.comp_row.A\[7\],7.28
bgc_9.comp_row.pe2._07_,7.28
bgc_9.final_counter._00_\[10\],7.28
bgc_9.final_counter._05_,7.28
bgc_9.lfsr_col._00_\[11\],7.28
bgc_9.lfsr_col._13_,7.28
bgc_9.lfsr_row._14_,7.28
bgc_9.row_reg._000_\[11\],7.28
bgc_9.row_reg._001_,7.28
bgc_9.row_reg._032_,7.28
lfsr_enabler._01_\[3\],7.28
lfsr_enabler._15_,7.28
res_mem_inst._013_,7.28
res_mem_inst._029_,7.28
res_mem_inst.slot\[0\].slot_reg._050_,7.28
res_mem_inst.slot\[0\].slot_reg._051_,7.28
res_mem_inst.slot\[10\].slot_reg._012_,7.28
res_mem_inst.slot\[10\].slot_reg._023_,7.28
res_mem_inst.slot\[11\].slot_reg._010_,7.28
res_mem_inst.slot\[11\].slot_reg._018_,7.28
res_mem_inst.slot\[12\].slot_reg._013_,7.28
res_mem_inst.slot\[12\].slot_reg._024_,7.28
res_mem_inst.slot\[14\].slot_reg._017_,7.28
res_mem_inst.slot\[15\].slot_reg._014_,7.28
res_mem_inst.slot\[15\].slot_reg._028_,7.28
res_mem_inst.slot\[15\].slot_reg._048_,7.28
res_mem_inst.slot\[15\].slot_reg._052_,7.28
res_mem_inst.slot\[1\].slot_reg._019_,7.28
res_mem_inst.slot\[1\].slot_reg._026_,7.28
res_mem_inst.slot\[1\].slot_reg._032_,7.28
res_mem_inst.slot\[1\].slot_reg._044_,7.28
res_mem_inst.slot\[1\].slot_reg._051_,7.28
res_mem_inst.slot\[3\].slot_reg._000_\[7\],7.28
res_mem_inst.slot\[3\].slot_reg._047_,7.28
res_mem_inst.slot\[4\].slot_reg._000_\[0\],7.28
res_mem_inst.slot\[4\].slot_reg._046_,7.28
res_mem_inst.slot\[4\].slot_reg._048_,7.28
res_mem_inst.slot\[5\].slot_reg._026_,7.28
res_mem_inst.slot\[5\].slot_reg._040_,7.28
res_mem_inst.slot\[7\].slot_reg._000_\[3\],7.28
res_mem_inst.slot\[7\].slot_reg._037_,7.28
res_mem_inst.slot\[7\].slot_reg._046_,7.28
res_mem_inst.slot\[8\].slot_reg._019_,7.28
res_mem_inst.slot\[8\].slot_reg._024_,7.28
res_mem_inst.slot\[8\].slot_reg._044_,7.28
res_mem_inst.slot\[8\].slot_reg._047_,7.28
res_mem_inst.slot\[8\].slot_reg._049_,7.28
res_mem_inst.slot\[9\].slot_reg._014_,7.28
timer_inst._05_,7.28
clknet_leaf_47_clk,7.28
bgc_10.comp_row.pe1._03_,6.87
net1298,6.82
net1383,6.82
net98,6.82
net101,6.82
net117,6.82
net136,6.82
net154,6.82
net331,6.82
net348,6.82
net440,6.82
net533,6.82
net692,6.82
adder_tree._0299_,6.82
bgc_0.comp_row._02_,6.82
bgc_1.comp_col.GR_bits\[0\],6.82
bgc_1.comp_col.pe2._03_,6.82
bgc_1.lfsr_col._04_,6.82
bgc_10.comp_col.pe2._06_,6.82
bgc_10.final_counter._02_,6.82
bgc_11.row_reg._029_,6.82
bgc_12.comp_col.A\[9\],6.82
bgc_12.comp_col.pe2._10_,6.82
bgc_12.row_reg._016_,6.82
bgc_13.comp_col.pe1._02_,6.82
bgc_13.lfsr_col._16_,6.82
bgc_13.lfsr_col._18_,6.82
bgc_13.lfsr_col._23_,6.82
bgc_13.lfsr_row._18_,6.82
bgc_14.lfsr_col._08_,6.82
bgc_15.col_reg._014_,6.82
bgc_15.col_reg._028_,6.82
bgc_15.comp_row.pe2._17_,6.82
bgc_15.lfsr_col._12_,6.82
bgc_2.col_reg._032_,6.82
bgc_2.lfsr_col._08_,6.82
bgc_3.col_reg._044_,6.82
bgc_4.comp_col.pe1._10_,6.82
bgc_4.lfsr_col._04_,6.82
bgc_4.lfsr_row._07_,6.82
bgc_5.comp_col.GR_bits\[10\],6.82
bgc_5.lfsr_col._04_,6.82
bgc_6.row_reg._021_,6.82
bgc_7.lfsr_col._04_,6.82
bgc_8.comp_col.GL_bits\[7\],6.82
bgc_8.final_counter._23_,6.82
bgc_9.col_reg._014_,6.82
res_mem_inst.slot\[0\].slot_reg._029_,6.82
res_mem_inst.slot\[11\].slot_reg._013_,6.82
res_mem_inst.slot\[12\].slot_reg._023_,6.82
res_mem_inst.slot\[15\].slot_reg._022_,6.82
res_mem_inst.slot\[3\].slot_reg._027_,6.82
res_mem_inst.slot\[4\].slot_reg._037_,6.82
res_mem_inst.slot\[6\].slot_reg._049_,6.82
net1499,6.82
net909,6.77
net1114,6.77
net1237,6.77
net1240,6.77
net1289,6.77
net1365,6.77
net1419,6.77
net1449,6.77
net188,6.77
net238,6.77
net246,6.77
net310,6.77
net372,6.77
net621,6.77
net642,6.77
net698,6.77
net717,6.77
adder_tree._0042_,6.77
adder_tree._0509_,6.77
bgc_0.comp_col.pe2._17_,6.77
bgc_0.final_counter._00_\[6\],6.77
bgc_0.lfsr_col._19_,6.77
bgc_1.col_reg._044_,6.77
bgc_1.comp_col.pe1._00_,6.77
bgc_1.row_reg._000_\[7\],6.77
bgc_10.col_data_in\[0\],6.77
bgc_10.comp_col.GL_bits\[0\],6.77
bgc_10.comp_col.pe1._17_,6.77
bgc_10.comp_row.GL_index\[0\],6.77
bgc_10.comp_row.pe1._16_,6.77
bgc_10.comp_row.pe2._11_,6.77
bgc_10.lfsr_col._18_,6.77
bgc_10.row_reg._036_,6.77
bgc_11.comp_col.A\[3\],6.77
bgc_11.comp_col.x,6.77
bgc_11.lfsr_row._00_\[2\],6.77
bgc_11.row_reg._013_,6.77
bgc_12.lfsr_row._00_\[3\],6.77
bgc_13.comp_col.pe1._11_,6.77
bgc_13.final_counter._00_\[11\],6.77
bgc_13.final_counter._15_,6.77
bgc_13.lfsr_row._08_,6.77
bgc_14.col_reg._047_,6.77
bgc_14.final_counter._00_\[8\],6.77
bgc_14.row_reg._000_\[7\],6.77
bgc_15.col_data_in\[5\],6.77
bgc_15.comp_col.GR_bits\[0\],6.77
bgc_15.final_counter._25_,6.77
bgc_15.lfsr_col._00_\[3\],6.77
bgc_15.lfsr_row._11_,6.77
bgc_15.row_reg._009_,6.77
bgc_15.row_reg._020_,6.77
bgc_15.row_reg._027_,6.77
bgc_2.col_reg._000_\[5\],6.77
bgc_2.col_reg._028_,6.77
bgc_2.col_reg._034_,6.77
bgc_2.comp_col.A\[8\],6.77
bgc_2.lfsr_row._00_\[1\],6.77
bgc_2.row_reg._045_,6.77
bgc_3.comp_col.GL_bits\[0\],6.77
bgc_4.comp_col.GL_index\[0\],6.77
bgc_4.lfsr_col._00_\[2\],6.77
bgc_4.lfsr_row._00_\[3\],6.77
bgc_4.row_reg._051_,6.77
bgc_5.col_reg._011_,6.77
bgc_5.comp_row.A\[6\],6.77
bgc_5.final_counter._00_\[4\],6.77
bgc_5.lfsr_col._23_,6.77
bgc_6.col_reg._011_,6.77
bgc_6.comp_col.pe2._11_,6.77
bgc_6.comp_row.A\[6\],6.77
bgc_6.comp_row.GL_bits\[10\],6.77
bgc_6.row_reg._023_,6.77
bgc_7.col_reg._013_,6.77
bgc_7.col_reg._049_,6.77
bgc_7.comp_row.pe2._11_,6.77
bgc_7.row_reg._045_,6.77
bgc_8.final_counter._00_\[1\],6.77
bgc_8.final_counter._20_,6.77
bgc_8.row_reg._048_,6.77
bgc_9.comp_col.GL_bits\[8\],6.77
bgc_9.comp_row.A\[4\],6.77
bgc_9.comp_row.pe1._02_,6.77
bgc_9.lfsr_row._04_,6.77
bgc_9.row_reg._000_\[8\],6.77
res_mem_inst._016_,6.77
res_mem_inst.slot\[0\].slot_reg._047_,6.77
res_mem_inst.slot\[10\].slot_reg._033_,6.77
res_mem_inst.slot\[11\].slot_reg._044_,6.77
res_mem_inst.slot\[12\].slot_reg._029_,6.77
res_mem_inst.slot\[13\].slot_reg._022_,6.77
res_mem_inst.slot\[15\].slot_reg._046_,6.77
res_mem_inst.slot\[1\].slot_reg._000_\[1\],6.77
res_mem_inst.slot\[1\].slot_reg._000_\[5\],6.77
res_mem_inst.slot\[1\].slot_reg._000_\[7\],6.77
res_mem_inst.slot\[1\].slot_reg._002_,6.77
res_mem_inst.slot\[2\].slot_reg._044_,6.77
res_mem_inst.slot\[8\].slot_reg._000_\[2\],6.77
net831,6.72
net835,6.72
net840,6.72
net856,6.72
net858,6.72
net862,6.72
net870,6.72
net882,6.72
net903,6.72
net922,6.72
net962,6.72
net964,6.72
net991,6.72
net1004,6.72
net1013,6.72
net1035,6.72
net1066,6.72
net1082,6.72
net1084,6.72
net1110,6.72
net1123,6.72
net1131,6.72
net1133,6.72
net1138,6.72
net1150,6.72
net1154,6.72
net1167,6.72
net1171,6.72
net1186,6.72
net1196,6.72
net1235,6.72
net1245,6.72
net1261,6.72
net1259,6.72
net1323,6.72
net1333,6.72
net1340,6.72
net1343,6.72
net1363,6.72
net1368,6.72
net1369,6.72
net1389,6.72
net1390,6.72
net1409,6.72
net1430,6.72
net1431,6.72
net1450,6.72
net96,6.72
net105,6.72
net187,6.72
net192,6.72
net207,6.72
net221,6.72
net277,6.72
net284,6.72
net296,6.72
net298,6.72
net320,6.72
net326,6.72
net340,6.72
net344,6.72
net366,6.72
net376,6.72
net386,6.72
net429,6.72
net454,6.72
net456,6.72
net481,6.72
net548,6.72
net596,6.72
net606,6.72
net635,6.72
net699,6.72
net713,6.72
net727,6.72
net755,6.72
net756,6.72
net760,6.72
net778,6.72
net794,6.72
net817,6.72
net820,6.72
adder_tree._0002_,6.72
adder_tree._0020_,6.72
adder_tree._0118_,6.72
adder_tree._0125_,6.72
adder_tree._0164_,6.72
adder_tree._0234_,6.72
adder_tree._0257_,6.72
adder_tree._0262_,6.72
adder_tree._0321_,6.72
adder_tree._0393_,6.72
adder_tree._0401_,6.72
adder_tree._0429_,6.72
adder_tree._0464_,6.72
adder_tree._0514_,6.72
adder_tree._0524_,6.72
adder_tree._0571_,6.72
adder_tree._0652_,6.72
adder_tree._0656_,6.72
adder_tree._0657_,6.72
adder_tree._0685_,6.72
bgc_0.comp_col._19_,6.72
bgc_0.final_counter._00_\[4\],6.72
bgc_0.lfsr_col._00_\[7\],6.72
bgc_0.lfsr_col._01_,6.72
bgc_0.lfsr_col._02_,6.72
bgc_0.lfsr_col._13_,6.72
bgc_0.lfsr_row._24_,6.72
bgc_0.row_reg._000_\[2\],6.72
bgc_0.row_reg._037_,6.72
bgc_1.col_data_in\[9\],6.72
bgc_1.comp_col.pe1._07_,6.72
bgc_1.comp_col.pe2._08_,6.72
bgc_1.comp_col.pe2._10_,6.72
bgc_1.comp_row._00_,6.72
bgc_1.final_counter._08_,6.72
bgc_1.lfsr_col._00_\[0\],6.72
bgc_1.lfsr_row._00_\[11\],6.72
bgc_1.row_reg._011_,6.72
bgc_1.row_reg._019_,6.72
bgc_1.row_reg._020_,6.72
bgc_1.row_reg._045_,6.72
bgc_1.row_reg._052_,6.72
bgc_10.col_reg._000_\[6\],6.72
bgc_10.col_reg._051_,6.72
bgc_10.comp_col.A\[1\],6.72
bgc_10.comp_row.A\[3\],6.72
bgc_10.comp_row._19_,6.72
bgc_10.comp_row.pe1._09_,6.72
bgc_10.final_counter._00_\[8\],6.72
bgc_10.lfsr_col._00_\[5\],6.72
bgc_10.lfsr_row._00_\[10\],6.72
bgc_10.lfsr_row._13_,6.72
bgc_10.lfsr_row._16_,6.72
bgc_10.row_reg._000_\[4\],6.72
bgc_10.row_reg._010_,6.72
bgc_11.col_reg._000_\[10\],6.72
bgc_11.col_reg._023_,6.72
bgc_11.comp_col.A\[1\],6.72
bgc_11.comp_row.GR_index\[1\],6.72
bgc_11.comp_row.pe1._06_,6.72
bgc_11.final_counter._05_,6.72
bgc_11.final_counter._07_,6.72
bgc_11.final_counter._25_,6.72
bgc_11.lfsr_col._00_\[9\],6.72
bgc_11.lfsr_col._09_,6.72
bgc_11.lfsr_row._05_,6.72
bgc_11.lfsr_row._10_,6.72
bgc_11.row_reg._000_\[11\],6.72
bgc_11.row_reg._030_,6.72
bgc_11.row_reg._034_,6.72
bgc_12.col_reg._020_,6.72
bgc_12.col_reg._025_,6.72
bgc_12.col_reg._046_,6.72
bgc_12.comp_col.GR_index\[2\],6.72
bgc_12.comp_row.pe1._07_,6.72
bgc_12.final_counter._05_,6.72
bgc_12.final_counter._20_,6.72
bgc_12.lfsr_col._08_,6.72
bgc_12.lfsr_row._16_,6.72
bgc_12.row_reg._000_\[4\],6.72
bgc_12.row_reg._018_,6.72
bgc_13.comp_col.pe1._01_,6.72
bgc_13.comp_row.GR_bits\[0\],6.72
bgc_13.comp_row.GR_bits\[10\],6.72
bgc_13.final_counter._00_\[8\],6.72
bgc_13.lfsr_col._10_,6.72
bgc_13.lfsr_col._21_,6.72
bgc_13.row_reg._000_\[0\],6.72
bgc_13.row_reg._000_\[2\],6.72
bgc_13.row_reg._019_,6.72
bgc_13.row_reg._020_,6.72
bgc_13.row_reg._032_,6.72
bgc_14.col_data_in\[9\],6.72
bgc_14.col_reg._019_,6.72
bgc_14.comp_col.A\[4\],6.72
bgc_14.comp_col._00_,6.72
bgc_14.comp_col.pe1._01_,6.72
bgc_14.comp_col.pe1._02_,6.72
bgc_14.comp_col.pe1._08_,6.72
bgc_14.comp_row.A\[3\],6.72
bgc_14.comp_row.GR_index\[1\],6.72
bgc_14.comp_row.pe2._09_,6.72
bgc_14.final_counter._24_,6.72
bgc_14.lfsr_col._00_\[11\],6.72
bgc_14.lfsr_col._00_\[6\],6.72
bgc_14.lfsr_col._02_,6.72
bgc_14.lfsr_col._18_,6.72
bgc_14.lfsr_row._08_,6.72
bgc_14.lfsr_row._20_,6.72
bgc_14.row_reg._000_\[1\],6.72
bgc_14.row_reg._018_,6.72
bgc_14.row_reg._029_,6.72
bgc_14.row_reg.mode\[0\],6.72
bgc_15._04_,6.72
bgc_15.col_reg._004_,6.72
bgc_15.comp_col.GL_bits\[10\],6.72
bgc_15.comp_col.pe1._02_,6.72
bgc_15.comp_row.GL_index\[0\],6.72
bgc_15.final_counter._19_,6.72
bgc_15.lfsr_row._00_\[9\],6.72
bgc_15.lfsr_row._06_,6.72
bgc_15.lfsr_row._23_,6.72
bgc_15.row_reg._001_,6.72
bgc_15.row_reg._033_,6.72
bgc_2.col_data_in\[6\],6.72
bgc_2.col_reg._000_\[1\],6.72
bgc_2.col_reg._017_,6.72
bgc_2.col_reg._051_,6.72
bgc_2.comp_col.GR_index\[0\],6.72
bgc_2.comp_row.A\[3\],6.72
bgc_2.comp_row.GR_bits\[9\],6.72
bgc_2.comp_row.pe1._06_,6.72
bgc_2.final_counter._05_,6.72
bgc_2.final_counter._25_,6.72
bgc_2.lfsr_col._02_,6.72
bgc_2.row_reg._013_,6.72
bgc_2.row_reg._027_,6.72
bgc_2.row_reg._028_,6.72
bgc_2.row_reg._038_,6.72
bgc_3.col_data_in\[1\],6.72
bgc_3.col_data_in\[9\],6.72
bgc_3.col_reg._020_,6.72
bgc_3.comp_col.GR_bits\[2\],6.72
bgc_3.comp_row.pe2._17_,6.72
bgc_3.final_counter._00_\[8\],6.72
bgc_3.final_counter._13_,6.72
bgc_3.final_counter._18_,6.72
bgc_3.final_counter._25_,6.72
bgc_3.lfsr_col._00_\[7\],6.72
bgc_3.lfsr_row._00_\[4\],6.72
bgc_3.row_reg._019_,6.72
bgc_4.col_data_in\[6\],6.72
bgc_4.col_reg._000_\[0\],6.72
bgc_4.col_reg._011_,6.72
bgc_4.col_reg._019_,6.72
bgc_4.comp_col.A\[9\],6.72
bgc_4.comp_col.pe1._01_,6.72
bgc_4.final_counter._05_,6.72
bgc_4.lfsr_row._00_\[4\],6.72
bgc_4.lfsr_row._00_\[6\],6.72
bgc_4.lfsr_row._00_\[8\],6.72
bgc_4.lfsr_row._16_,6.72
bgc_4.row_reg._014_,6.72
bgc_4.row_reg._028_,6.72
bgc_4.row_reg._038_,6.72
bgc_4.row_reg._044_,6.72
bgc_5.col_reg._000_\[7\],6.72
bgc_5.col_reg._046_,6.72
bgc_5.comp_col.A\[9\],6.72
bgc_5.comp_col.GL_bits\[2\],6.72
bgc_5.comp_col.GR_index\[0\],6.72
bgc_5.comp_col._17_,6.72
bgc_5.comp_col.pe1._02_,6.72
bgc_5.comp_col.pe2._11_,6.72
bgc_5.lfsr_col._00_\[9\],6.72
bgc_5.lfsr_col._03_,6.72
bgc_5.lfsr_col._05_,6.72
bgc_5.lfsr_col._07_,6.72
bgc_5.lfsr_row._00_\[10\],6.72
bgc_5.lfsr_row._07_,6.72
bgc_5.lfsr_row._23_,6.72
bgc_6.col_data_in\[0\],6.72
bgc_6.col_reg._000_\[5\],6.72
bgc_6.col_reg._000_\[7\],6.72
bgc_6.col_reg._031_,6.72
bgc_6.comp_col.A\[5\],6.72
bgc_6.comp_col.A\[6\],6.72
bgc_6.comp_row.GR_index\[0\],6.72
bgc_6.comp_row.pe2._08_,6.72
bgc_6.lfsr_row._13_,6.72
bgc_6.row_reg._047_,6.72
bgc_7.col_data_in\[7\],6.72
bgc_7.col_reg._000_\[6\],6.72
bgc_7.comp_col.pe2._08_,6.72
bgc_7.comp_row.A\[2\],6.72
bgc_7.lfsr_col._06_,6.72
bgc_7.lfsr_col._14_,6.72
bgc_7.lfsr_row._02_,6.72
bgc_7.row_reg._000_\[4\],6.72
bgc_7.row_reg._000_\[9\],6.72
bgc_7.row_reg._018_,6.72
bgc_7.row_reg._019_,6.72
bgc_7.row_reg._024_,6.72
bgc_7.row_reg._029_,6.72
bgc_8.col_reg._000_\[1\],6.72
bgc_8.col_reg._000_\[5\],6.72
bgc_8.col_reg._021_,6.72
bgc_8.comp_col.pe2._02_,6.72
bgc_8.comp_row.GL_bits\[8\],6.72
bgc_8.comp_row.pe2._06_,6.72
bgc_8.lfsr_col._00_\[2\],6.72
bgc_8.lfsr_col._00_\[6\],6.72
bgc_8.lfsr_col._04_,6.72
bgc_8.lfsr_row._22_,6.72
bgc_8.row_reg._024_,6.72
bgc_8.row_reg._026_,6.72
bgc_8.row_reg._029_,6.72
bgc_9.col_reg._021_,6.72
bgc_9.comp_col.A\[0\],6.72
bgc_9.comp_col.GL_bits\[10\],6.72
bgc_9.comp_row.GR_index\[0\],6.72
bgc_9.comp_row.pe2._05_,6.72
bgc_9.comp_row.pe2._16_,6.72
bgc_9.lfsr_col._10_,6.72
bgc_9.lfsr_row._06_,6.72
lfsr_enabler._19_,6.72
res_mem_inst.slot\[0\].slot_reg._000_\[8\],6.72
res_mem_inst.slot\[0\].slot_reg._030_,6.72
res_mem_inst.slot\[10\].slot_reg._000_\[6\],6.72
res_mem_inst.slot\[10\].slot_reg._009_,6.72
res_mem_inst.slot\[10\].slot_reg._024_,6.72
res_mem_inst.slot\[10\].slot_reg._030_,6.72
res_mem_inst.slot\[10\].slot_reg._034_,6.72
res_mem_inst.slot\[11\].slot_reg._029_,6.72
res_mem_inst.slot\[11\].slot_reg._030_,6.72
res_mem_inst.slot\[11\].slot_reg._034_,6.72
res_mem_inst.slot\[12\].slot_reg._045_,6.72
res_mem_inst.slot\[12\].slot_reg._047_,6.72
res_mem_inst.slot\[13\].slot_reg._027_,6.72
res_mem_inst.slot\[13\].slot_reg._034_,6.72
res_mem_inst.slot\[14\].slot_reg._000_\[1\],6.72
res_mem_inst.slot\[14\].slot_reg._031_,6.72
res_mem_inst.slot\[15\].slot_reg._000_\[9\],6.72
res_mem_inst.slot\[1\].slot_reg._024_,6.72
res_mem_inst.slot\[2\].slot_reg._028_,6.72
res_mem_inst.slot\[2\].slot_reg._037_,6.72
res_mem_inst.slot\[3\].slot_reg._034_,6.72
res_mem_inst.slot\[3\].slot_reg._045_,6.72
res_mem_inst.slot\[4\].slot_reg._001_,6.72
res_mem_inst.slot\[5\].slot_reg._030_,6.72
res_mem_inst.slot\[6\].slot_reg._022_,6.72
res_mem_inst.slot\[6\].slot_reg._025_,6.72
res_mem_inst.slot\[6\].slot_reg._027_,6.72
res_mem_inst.slot\[7\].slot_reg._025_,6.72
res_mem_inst.slot\[7\].slot_reg._033_,6.72
res_mem_inst.slot\[8\].slot_reg._018_,6.72
res_mem_inst.slot\[8\].slot_reg._026_,6.72
res_mem_inst.slot\[8\].slot_reg._029_,6.72
res_mem_inst.slot\[8\].slot_reg._032_,6.72
res_mem_inst.slot\[9\].slot_reg._015_,6.72
res_mem_inst.slot\[9\].slot_reg._031_,6.72
res_mem_inst.slot\[9\].slot_reg._052_,6.72
net1474,6.72
bgc_9.comp_col.GL_index\[1\],6.41
bgc_14.comp_row.GR_bits\[2\],6.31
bgc_6.comp_row.GR_bits\[2\],6.31
bgc_7.comp_row.GR_bits\[7\],6.31
bgc_9.comp_col.pe2._06_,6.31
adder_tree._0663_,6.26
bgc_1.col_reg._023_,6.26
bgc_1.comp_col.A\[2\],6.26
bgc_1.comp_col._03_,6.26
bgc_1.row_reg._040_,6.26
bgc_10.final_counter._15_,6.26
bgc_10.row_reg._040_,6.26
bgc_12.row_reg._052_,6.26
bgc_15.final_counter._23_,6.26
bgc_3.comp_row.GR_index\[3\],6.26
bgc_3.row_reg._049_,6.26
bgc_4.comp_col.GR_index\[0\],6.26
bgc_5.comp_row.pe2._05_,6.26
bgc_5.row_reg._012_,6.26
bgc_6.comp_col.pe2._03_,6.26
bgc_6.row_reg.mode\[0\],6.26
bgc_7.col_reg._020_,6.26
bgc_8.comp_col._14_,6.26
bgc_9.comp_col.pe1._00_,6.26
bgc_9.comp_row.A\[1\],6.26
bgc_9.comp_row.GR_index\[2\],6.26
res_mem_inst.slot\[12\].slot_reg._026_,6.26
res_mem_inst.slot\[14\].slot_reg._030_,6.26
res_mem_inst.slot\[1\].slot_reg._022_,6.26
res_mem_inst.slot\[3\].slot_reg.mode\[0\],6.26
res_mem_inst.slot\[7\].slot_reg._034_,6.26
timer_inst._12_,6.26
net863,6.21
net917,6.21
net1107,6.21
net1161,6.21
net447,6.21
net597,6.21
adder_tree._0163_,6.21
adder_tree._0207_,6.21
adder_tree._0345_,6.21
adder_tree._0355_,6.21
adder_tree._0462_,6.21
adder_tree._0475_,6.21
adder_tree._0666_,6.21
bgc_0.comp_row.pe2._01_,6.21
bgc_0.lfsr_row._04_,6.21
bgc_1.comp_row.pe1._01_,6.21
bgc_1.row_reg._026_,6.21
bgc_10.col_reg._030_,6.21
bgc_10.col_reg._033_,6.21
bgc_10.comp_col.pe1._02_,6.21
bgc_10.comp_row.A\[6\],6.21
bgc_10.comp_row._18_,6.21
bgc_10.lfsr_col._17_,6.21
bgc_10.row_reg._052_,6.21
bgc_11.col_reg._027_,6.21
bgc_11.col_reg._049_,6.21
bgc_11.comp_col.GR_index\[3\],6.21
bgc_11.comp_row.A\[4\],6.21
bgc_11.comp_row.pe2._00_,6.21
bgc_11.row_reg._046_,6.21
bgc_12.lfsr_col._00_\[3\],6.21
bgc_13.col_reg._020_,6.21
bgc_13.comp_col.GL_bits\[0\],6.21
bgc_13.comp_col.GL_bits\[8\],6.21
bgc_13.comp_col.pe2._07_,6.21
bgc_13.comp_row.A\[6\],6.21
bgc_13.lfsr_row._20_,6.21
bgc_13.row_reg._028_,6.21
bgc_14.comp_row.GL_bits\[1\],6.21
bgc_14.comp_row.pe1._02_,6.21
bgc_14.comp_row.pe1._11_,6.21
bgc_14.final_counter._14_,6.21
bgc_14.lfsr_col._00_\[10\],6.21
bgc_14.lfsr_row._03_,6.21
bgc_14.row_reg._026_,6.21
bgc_15.comp_col._00_,6.21
bgc_15.comp_col.pe1._17_,6.21
bgc_15.comp_row.pe2._01_,6.21
bgc_15.comp_row.pe2._04_,6.21
bgc_15.comp_row.pe2._05_,6.21
bgc_15.lfsr_col._00_\[2\],6.21
bgc_15.row_reg._008_,6.21
bgc_15.row_reg._028_,6.21
bgc_2.col_reg._035_,6.21
bgc_2.comp_col._01_,6.21
bgc_2.comp_row.pe1._05_,6.21
bgc_2.lfsr_row._12_,6.21
bgc_2.row_reg._048_,6.21
bgc_3.comp_row.pe2._01_,6.21
bgc_3.lfsr_col._11_,6.21
bgc_3.lfsr_col._12_,6.21
bgc_3.row_reg._021_,6.21
bgc_4.comp_row._19_,6.21
bgc_4.final_counter._23_,6.21
bgc_4.lfsr_col._18_,6.21
bgc_4.row_reg._000_\[10\],6.21
bgc_5.comp_col.GL_bits\[1\],6.21
bgc_5.comp_row.GL_index\[0\],6.21
bgc_5.final_counter._08_,6.21
bgc_5.lfsr_col._01_,6.21
bgc_5.row_reg._000_\[9\],6.21
bgc_6.col_reg._000_\[3\],6.21
bgc_6.col_reg._014_,6.21
bgc_6.comp_col.GR_bits\[10\],6.21
bgc_6.comp_row.pe1._11_,6.21
bgc_7.col_data_in\[6\],6.21
bgc_7.comp_col.GR_index\[0\],6.21
bgc_7.comp_col._19_,6.21
bgc_7.lfsr_row._01_,6.21
bgc_8.col_reg._000_\[11\],6.21
bgc_8.col_reg._019_,6.21
bgc_8.comp_row.GR_index\[2\],6.21
bgc_8.final_counter._08_,6.21
bgc_8.final_counter._26_,6.21
bgc_8.row_reg._002_,6.21
bgc_9.lfsr_col._05_,6.21
bgc_9.lfsr_col._16_,6.21
bgc_9.row_reg._038_,6.21
res_mem_inst.slot\[0\].slot_reg._008_,6.21
res_mem_inst.slot\[10\].slot_reg._025_,6.21
res_mem_inst.slot\[11\].slot_reg._021_,6.21
res_mem_inst.slot\[11\].slot_reg._023_,6.21
res_mem_inst.slot\[12\].slot_reg._000_\[8\],6.21
res_mem_inst.slot\[13\].slot_reg._025_,6.21
res_mem_inst.slot\[14\].slot_reg._035_,6.21
res_mem_inst.slot\[14\].slot_reg._036_,6.21
res_mem_inst.slot\[1\].slot_reg._037_,6.21
res_mem_inst.slot\[4\].slot_reg._038_,6.21
res_mem_inst.slot\[7\].slot_reg._020_,6.21
res_mem_inst.slot\[7\].slot_reg._051_,6.21
res_mem_inst.slot\[7\].slot_reg._052_,6.21
res_mem_inst.slot\[9\].slot_reg._000_\[7\],6.21
res_mem_inst.slot\[9\].slot_reg._007_,6.21
res_mem_inst.slot\[9\].slot_reg._035_,6.21
net827,6.16
net866,6.16
net954,6.16
net960,6.16
net979,6.16
net997,6.16
net1026,6.16
net1054,6.16
net1056,6.16
net1069,6.16
net1070,6.16
net1075,6.16
net1080,6.16
net1086,6.16
net1132,6.16
net1135,6.16
net1152,6.16
net1181,6.16
net1191,6.16
net1271,6.16
net1278,6.16
net1281,6.16
net1355,6.16
net1400,6.16
net1408,6.16
net1413,6.16
net1426,6.16
net1441,6.16
net132,6.16
net160,6.16
net205,6.16
net211,6.16
net218,6.16
net278,6.16
net354,6.16
net358,6.16
net383,6.16
net575,6.16
net584,6.16
net589,6.16
net622,6.16
net685,6.16
net766,6.16
net774,6.16
net773,6.16
net790,6.16
adder_tree._0322_,6.16
adder_tree._0444_,6.16
adder_tree._0458_,6.16
adder_tree._0644_,6.16
bgc_0._02_,6.16
bgc_0.col_data_in\[9\],6.16
bgc_0.col_reg._000_\[6\],6.16
bgc_0.col_reg._019_,6.16
bgc_0.comp_col.A\[9\],6.16
bgc_0.comp_col.GL_bits\[9\],6.16
bgc_0.comp_row.A\[1\],6.16
bgc_0.final_counter._00_\[5\],6.16
bgc_0.final_counter._08_,6.16
bgc_0.final_counter._11_,6.16
bgc_0.lfsr_col._00_\[9\],6.16
bgc_0.row_reg._044_,6.16
bgc_0.row_reg._046_,6.16
bgc_1.comp_col.pe1._05_,6.16
bgc_1.comp_col.pe2._11_,6.16
bgc_1.comp_row.A\[3\],6.16
bgc_1.comp_row.pe2._11_,6.16
bgc_1.final_counter._00_\[2\],6.16
bgc_1.final_counter._13_,6.16
bgc_1.row_reg._000_\[5\],6.16
bgc_1.row_reg._021_,6.16
bgc_1.row_reg._035_,6.16
bgc_1.row_reg._037_,6.16
bgc_1.row_reg._044_,6.16
bgc_10.col_reg._021_,6.16
bgc_10.comp_row.A\[10\],6.16
bgc_10.lfsr_row._00_\[4\],6.16
bgc_10.row_reg._022_,6.16
bgc_10.row_reg._030_,6.16
bgc_11.col_reg._029_,6.16
bgc_11.col_reg._045_,6.16
bgc_11.comp_col.pe1._17_,6.16
bgc_11.comp_row.GR_bits\[2\],6.16
bgc_11.comp_row.GR_index\[2\],6.16
bgc_11.comp_row.pe2._11_,6.16
bgc_11.final_counter._26_,6.16
bgc_11.lfsr_row._00_\[3\],6.16
bgc_11.row_reg._033_,6.16
bgc_12.col_data_in\[5\],6.16
bgc_12.comp_col.A\[10\],6.16
bgc_12.comp_row.pe1._02_,6.16
bgc_12.comp_row.pe1._12_,6.16
bgc_12.lfsr_row._05_,6.16
bgc_12.row_reg._044_,6.16
bgc_12.row_reg.mode\[0\],6.16
bgc_13._03_,6.16
bgc_13.col_reg._003_,6.16
bgc_13.col_reg._048_,6.16
bgc_13.comp_col._02_,6.16
bgc_13.comp_col.pe2._02_,6.16
bgc_13.final_counter._00_\[2\],6.16
bgc_13.lfsr_col._00_\[2\],6.16
bgc_13.row_reg._000_\[5\],6.16
bgc_13.row_reg._024_,6.16
bgc_14.col_data_in\[2\],6.16
bgc_14.col_reg._017_,6.16
bgc_14.col_reg._048_,6.16
bgc_14.comp_col.GL_bits\[10\],6.16
bgc_14.comp_col.GR_index\[2\],6.16
bgc_14.comp_row.GR_index\[3\],6.16
bgc_14.comp_row._16_,6.16
bgc_14.row_reg._034_,6.16
bgc_14.row_reg._036_,6.16
bgc_15.col_reg._000_\[7\],6.16
bgc_15.col_reg._005_,6.16
bgc_15.col_reg._045_,6.16
bgc_15.comp_col.A\[1\],6.16
bgc_15.comp_col._17_,6.16
bgc_15.comp_col.pe1._07_,6.16
bgc_15.comp_row.A\[8\],6.16
bgc_15.final_counter._28_,6.16
bgc_15.row_reg.mode\[0\],6.16
bgc_2.col_reg._007_,6.16
bgc_2.col_reg._049_,6.16
bgc_2.col_reg.mode\[0\],6.16
bgc_2.comp_col.GL_bits\[10\],6.16
bgc_2.comp_col.pe1._11_,6.16
bgc_2.comp_row.GR_bits\[8\],6.16
bgc_2.comp_row._00_,6.16
bgc_2.lfsr_col._00_\[10\],6.16
bgc_2.lfsr_col._00_\[1\],6.16
bgc_2.lfsr_row._00_\[5\],6.16
bgc_2.row_reg._018_,6.16
bgc_2.row_reg._034_,6.16
bgc_3.col_reg._000_\[8\],6.16
bgc_3.col_reg._037_,6.16
bgc_3.comp_col.GL_bits\[2\],6.16
bgc_3.comp_col.GR_bits\[8\],6.16
bgc_3.comp_row.GL_bits\[1\],6.16
bgc_3.lfsr_row._00_\[9\],6.16
bgc_3.row_reg._022_,6.16
bgc_4.col_reg._008_,6.16
bgc_4.comp_col.GL_bits\[1\],6.16
bgc_4.comp_row.GL_bits\[0\],6.16
bgc_4.row_reg._022_,6.16
bgc_4.row_reg._033_,6.16
bgc_4.row_reg._049_,6.16
bgc_5.col_reg._000_\[8\],6.16
bgc_5.col_reg._039_,6.16
bgc_5.comp_col.GL_bits\[0\],6.16
bgc_5.comp_col._19_,6.16
bgc_5.comp_row.GR_index\[1\],6.16
bgc_5.final_counter._25_,6.16
bgc_5.lfsr_col._24_,6.16
bgc_5.lfsr_row._00_\[7\],6.16
bgc_5.lfsr_row._16_,6.16
bgc_5.lfsr_row._24_,6.16
bgc_6.col_data_in\[7\],6.16
bgc_6.comp_col.A\[8\],6.16
bgc_6.final_counter._00_\[2\],6.16
bgc_6.lfsr_col._00_\[9\],6.16
bgc_6.lfsr_row._21_,6.16
bgc_6.row_reg._030_,6.16
bgc_6.row_reg._037_,6.16
bgc_6.row_reg._044_,6.16
bgc_7.col_reg._007_,6.16
bgc_7.col_reg._047_,6.16
bgc_7.comp_col.pe2._01_,6.16
bgc_7.comp_col.pe2._11_,6.16
bgc_7.lfsr_row._08_,6.16
bgc_7.row_reg._000_\[1\],6.16
bgc_7.row_reg._015_,6.16
bgc_7.row_reg._035_,6.16
bgc_7.row_reg._046_,6.16
bgc_8.col_data_in\[8\],6.16
bgc_8.col_reg._037_,6.16
bgc_8.comp_row.GR_bits\[2\],6.16
bgc_8.lfsr_col._00_\[3\],6.16
bgc_8.lfsr_row._00_\[9\],6.16
bgc_8.row_reg._000_\[3\],6.16
bgc_8.row_reg._025_,6.16
bgc_9.col_data_in\[0\],6.16
bgc_9.comp_col.A\[5\],6.16
bgc_9.comp_col.pe2._00_,6.16
bgc_9.comp_row._00_,6.16
bgc_9.comp_row.pe1._07_,6.16
bgc_9.comp_row.pe2._00_,6.16
bgc_9.comp_row.pe2._17_,6.16
bgc_9.lfsr_col._00_\[6\],6.16
bgc_9.lfsr_col._19_,6.16
bgc_9.row_reg._000_\[10\],6.16
bgc_9.row_reg._021_,6.16
bgc_9.row_reg._025_,6.16
lfsr_enabler._01_\[2\],6.16
res_mem_inst.slot\[10\].slot_reg._000_\[0\],6.16
res_mem_inst.slot\[10\].slot_reg._000_\[7\],6.16
res_mem_inst.slot\[10\].slot_reg._014_,6.16
res_mem_inst.slot\[10\].slot_reg._038_,6.16
res_mem_inst.slot\[11\].slot_reg._017_,6.16
res_mem_inst.slot\[11\].slot_reg._040_,6.16
res_mem_inst.slot\[12\].slot_reg._035_,6.16
res_mem_inst.slot\[13\].slot_reg._000_\[6\],6.16
res_mem_inst.slot\[13\].slot_reg._044_,6.16
res_mem_inst.slot\[14\].slot_reg._050_,6.16
res_mem_inst.slot\[15\].slot_reg._000_\[3\],6.16
res_mem_inst.slot\[1\].slot_reg._000_\[4\],6.16
res_mem_inst.slot\[2\].slot_reg._047_,6.16
res_mem_inst.slot\[3\].slot_reg._017_,6.16
res_mem_inst.slot\[5\].slot_reg._029_,6.16
res_mem_inst.slot\[6\].slot_reg._000_\[5\],6.16
res_mem_inst.slot\[6\].slot_reg._002_,6.16
res_mem_inst.slot\[6\].slot_reg._011_,6.16
res_mem_inst.slot\[6\].slot_reg._020_,6.16
res_mem_inst.slot\[6\].slot_reg._028_,6.16
res_mem_inst.slot\[6\].slot_reg._032_,6.16
res_mem_inst.slot\[7\].slot_reg._000_\[9\],6.16
res_mem_inst.slot\[7\].slot_reg._001_,6.16
res_mem_inst.slot\[7\].slot_reg._023_,6.16
res_mem_inst.slot\[8\].slot_reg._000_\[1\],6.16
res_mem_inst.slot\[8\].slot_reg._000_\[7\],6.16
res_mem_inst.slot\[8\].slot_reg._014_,6.16
res_mem_inst.slot\[9\].slot_reg._034_,6.16
res_mem_inst.slot\[9\].slot_reg._040_,6.16
timer_inst._01_\[9\],6.16
bgc_2.comp_col._00_,5.75
net1117,5.7
net1159,5.7
net1251,5.7
net448,5.7
net663,5.7
adder_tree._0120_,5.7
adder_tree._0311_,5.7
adder_tree._0379_,5.7
bgc_0.row_reg._011_,5.7
bgc_1.lfsr_col._23_,5.7
bgc_1.lfsr_col._26_,5.7
bgc_10.comp_col._10_,5.7
bgc_10.comp_row.A\[8\],5.7
bgc_10.row_reg._045_,5.7
bgc_11.comp_row.GL_bits\[7\],5.7
bgc_12.col_reg._044_,5.7
bgc_12.comp_row.GR_index\[0\],5.7
bgc_13.row_reg._017_,5.7
bgc_13.row_reg._022_,5.7
bgc_15.col_reg._029_,5.7
bgc_15.col_reg._044_,5.7
bgc_15.lfsr_row._26_,5.7
bgc_15.row_reg._013_,5.7
bgc_2.col_reg._030_,5.7
bgc_2.col_reg._038_,5.7
bgc_2.comp_row._14_,5.7
bgc_3.comp_row.pe2._02_,5.7
bgc_5.col_reg._035_,5.7
bgc_5.comp_col.pe1._17_,5.7
bgc_5.comp_row._00_,5.7
bgc_6.comp_col._00_,5.7
bgc_6.comp_row.A\[5\],5.7
bgc_6.comp_row.A\[7\],5.7
bgc_6.final_counter._25_,5.7
bgc_8.row_reg._047_,5.7
bgc_9.comp_row._19_,5.7
bgc_9.final_counter._23_,5.7
bgc_9.row_reg._036_,5.7
res_mem_inst.out_dec_inst._02_,5.7
res_mem_inst.slot\[12\].slot_reg._002_,5.7
res_mem_inst.slot\[1\].slot_reg._000_\[11\],5.7
res_mem_inst.slot\[1\].slot_reg._021_,5.7
res_mem_inst.slot\[3\].slot_reg._014_,5.7
res_mem_inst.slot\[3\].slot_reg._025_,5.7
net844,5.65
net956,5.65
net955,5.65
net970,5.65
net996,5.65
net998,5.65
net1021,5.65
net1022,5.65
net1073,5.65
net1218,5.65
net1311,5.65
net1393,5.65
net1421,5.65
net1466,5.65
net169,5.65
net193,5.65
net551,5.65
net612,5.65
adder_tree._0129_,5.65
adder_tree._0241_,5.65
bgc_0.comp_col.A\[10\],5.65
bgc_0.comp_col.pe2._02_,5.65
bgc_0.row_reg._007_,5.65
bgc_1.lfsr_col._15_,5.65
bgc_1.row_reg._032_,5.65
bgc_10.col_reg._000_\[7\],5.65
bgc_10.col_reg._003_,5.65
bgc_10.row_reg._000_\[10\],5.65
bgc_10.row_reg._001_,5.65
bgc_10.row_reg._021_,5.65
bgc_11.comp_col.pe1._08_,5.65
bgc_11.comp_col.pe1._11_,5.65
bgc_11.final_counter._02_,5.65
bgc_12.comp_col.GR_bits\[0\],5.65
bgc_12.comp_col.pe1._00_,5.65
bgc_12.comp_row.pe2._17_,5.65
bgc_12.lfsr_row._00_\[10\],5.65
bgc_12.lfsr_row._00_\[4\],5.65
bgc_13.col_reg._047_,5.65
bgc_13.comp_row.pe2._07_,5.65
bgc_13.row_reg._033_,5.65
bgc_14.col_reg._038_,5.65
bgc_14.comp_row.GL_bits\[0\],5.65
bgc_15.col_data_in\[9\],5.65
bgc_15.col_reg._013_,5.65
bgc_15.comp_row._01_,5.65
bgc_15.lfsr_row._19_,5.65
bgc_15.row_reg._000_\[5\],5.65
bgc_2.col_reg._037_,5.65
bgc_2.comp_col.A\[9\],5.65
bgc_2.row_reg._037_,5.65
bgc_3.col_reg._000_\[5\],5.65
bgc_3.lfsr_col._15_,5.65
bgc_3.lfsr_col._22_,5.65
bgc_3.row_reg._051_,5.65
bgc_4.col_reg._006_,5.65
bgc_4.comp_row.pe1._00_,5.65
bgc_4.final_counter._10_,5.65
bgc_4.lfsr_col._00_\[0\],5.65
bgc_4.lfsr_col._13_,5.65
bgc_5.comp_row.GL_index\[2\],5.65
bgc_5.comp_row.pe2._17_,5.65
bgc_5.lfsr_row._19_,5.65
bgc_6.col_reg._010_,5.65
bgc_6.row_reg._013_,5.65
bgc_6.row_reg._017_,5.65
bgc_7.col_data_in\[2\],5.65
bgc_7.col_reg._017_,5.65
bgc_7.comp_col.pe1._01_,5.65
bgc_8.comp_row.GL_bits\[0\],5.65
bgc_8.lfsr_row._00_\[5\],5.65
bgc_8.row_reg._011_,5.65
bgc_8.row_reg._022_,5.65
bgc_9._04_,5.65
res_mem_inst.slot\[11\].slot_reg._000_\[5\],5.65
res_mem_inst.slot\[2\].slot_reg._000_\[5\],5.65
res_mem_inst.slot\[3\].slot_reg._029_,5.65
res_mem_inst.slot\[5\].slot_reg._020_,5.65
res_mem_inst.slot\[5\].slot_reg._025_,5.65
res_mem_inst.slot\[6\].slot_reg._000_\[7\],5.65
res_mem_inst.slot\[7\].slot_reg._036_,5.65
net878,5.6
net973,5.6
net1052,5.6
net1112,5.6
net1116,5.6
net1198,5.6
net1250,5.6
net1275,5.6
net1302,5.6
net1306,5.6
net1348,5.6
net1397,5.6
net1414,5.6
net1462,5.6
net92,5.6
net94,5.6
net113,5.6
net115,5.6
net182,5.6
net233,5.6
net264,5.6
net280,5.6
net324,5.6
net333,5.6
net391,5.6
net510,5.6
net555,5.6
net714,5.6
net782,5.6
net808,5.6
adder_tree._0114_,5.6
adder_tree._0131_,5.6
adder_tree._0294_,5.6
adder_tree._0349_,5.6
adder_tree._0361_,5.6
adder_tree._0367_,5.6
adder_tree._0423_,5.6
adder_tree._0598_,5.6
adder_tree._0617_,5.6
adder_tree._0632_,5.6
adder_tree._0640_,5.6
bgc_0.col_reg._000_\[4\],5.6
bgc_0.col_reg._000_\[5\],5.6
bgc_0.col_reg._000_\[8\],5.6
bgc_0.col_reg._048_,5.6
bgc_0.comp_row.A\[3\],5.6
bgc_0.comp_row.GL_bits\[0\],5.6
bgc_0.comp_row.GR_index\[1\],5.6
bgc_0.comp_row.pe2._02_,5.6
bgc_0.final_counter._05_,5.6
bgc_0.final_counter._26_,5.6
bgc_0.lfsr_col._04_,5.6
bgc_0.lfsr_col._12_,5.6
bgc_0.lfsr_row._22_,5.6
bgc_0.row_reg._028_,5.6
bgc_1.col_reg._019_,5.6
bgc_1.comp_col.A\[8\],5.6
bgc_1.comp_row.A\[8\],5.6
bgc_1.comp_row.GR_bits\[2\],5.6
bgc_1.final_counter._17_,5.6
bgc_1.final_counter._27_,5.6
bgc_1.lfsr_col._00_\[1\],5.6
bgc_1.lfsr_row._00_\[9\],5.6
bgc_1.row_reg._025_,5.6
bgc_10.col_reg._009_,5.6
bgc_10.comp_col.A\[8\],5.6
bgc_10.comp_col.pe1._01_,5.6
bgc_10.comp_col.pe1._04_,5.6
bgc_10.comp_row.A\[2\],5.6
bgc_10.comp_row.pe1._01_,5.6
bgc_10.final_counter._00_\[3\],5.6
bgc_10.final_counter._00_\[4\],5.6
bgc_10.lfsr_col._00_\[7\],5.6
bgc_10.lfsr_col._22_,5.6
bgc_10.lfsr_row._00_\[5\],5.6
bgc_10.lfsr_row._22_,5.6
bgc_10.row_reg.mode\[0\],5.6
bgc_11.col_data_in\[7\],5.6
bgc_11.comp_col.A\[11\],5.6
bgc_11.comp_col.GL_bits\[0\],5.6
bgc_11.comp_col.GL_bits\[2\],5.6
bgc_11.comp_row.GL_bits\[9\],5.6
bgc_11.comp_row.pe1._04_,5.6
bgc_11.final_counter._23_,5.6
bgc_11.lfsr_col._00_\[0\],5.6
bgc_11.lfsr_col._00_\[10\],5.6
bgc_11.lfsr_row._00_\[6\],5.6
bgc_11.lfsr_row._17_,5.6
bgc_11.row_reg._000_\[1\],5.6
bgc_11.row_reg._020_,5.6
bgc_12.col_data_in\[7\],5.6
bgc_12.col_reg._008_,5.6
bgc_12.col_reg._031_,5.6
bgc_12.comp_col.GR_bits\[2\],5.6
bgc_12.comp_row.A\[9\],5.6
bgc_12.comp_row.pe1._05_,5.6
bgc_12.final_counter._00_\[2\],5.6
bgc_12.lfsr_col._00_\[0\],5.6
bgc_12.lfsr_col._11_,5.6
bgc_12.lfsr_col._12_,5.6
bgc_12.lfsr_row._04_,5.6
bgc_12.row_reg._046_,5.6
bgc_13.comp_row.GL_bits\[10\],5.6
bgc_13.comp_row.GR_index\[2\],5.6
bgc_13.lfsr_col._24_,5.6
bgc_13.lfsr_row._00_\[8\],5.6
bgc_13.lfsr_row._02_,5.6
bgc_13.lfsr_row._11_,5.6
bgc_13.row_reg._049_,5.6
bgc_14.col_reg._052_,5.6
bgc_14.comp_col.A\[10\],5.6
bgc_14.comp_col.A\[5\],5.6
bgc_14.comp_col.GR_bits\[10\],5.6
bgc_14.comp_col.pe1._04_,5.6
bgc_14.comp_col.pe1._11_,5.6
bgc_14.comp_row.GL_bits\[2\],5.6
bgc_14.comp_row._01_,5.6
bgc_14.final_counter._07_,5.6
bgc_14.lfsr_col._00_\[2\],5.6
bgc_14.lfsr_col._03_,5.6
bgc_14.row_reg._000_\[2\],5.6
bgc_15.col_reg._001_,5.6
bgc_15.comp_col.A\[3\],5.6
bgc_15.comp_col._19_,5.6
bgc_15.comp_row.GR_bits\[10\],5.6
bgc_15.comp_row._00_,5.6
bgc_15.lfsr_col._00_\[5\],5.6
bgc_15.lfsr_col._00_\[6\],5.6
bgc_15.row_reg._000_\[2\],5.6
bgc_15.row_reg._010_,5.6
bgc_15.row_reg._019_,5.6
bgc_15.row_reg._026_,5.6
bgc_15.row_reg._029_,5.6
bgc_15.row_reg._045_,5.6
bgc_15.row_reg._049_,5.6
bgc_15.row_reg._052_,5.6
bgc_2.col_reg._009_,5.6
bgc_2.col_reg._050_,5.6
bgc_2.final_counter._00_\[2\],5.6
bgc_2.final_counter._00_\[7\],5.6
bgc_2.lfsr_col._00_\[8\],5.6
bgc_2.lfsr_col._03_,5.6
bgc_2.lfsr_row._00_\[8\],5.6
bgc_2.row_reg._029_,5.6
bgc_2.row_reg._047_,5.6
bgc_2.row_reg._051_,5.6
bgc_3.comp_row.A\[10\],5.6
bgc_3.final_counter._00_\[5\],5.6
bgc_3.final_counter._24_,5.6
bgc_3.lfsr_col._00_\[10\],5.6
bgc_3.lfsr_col._02_,5.6
bgc_3.lfsr_row._21_,5.6
bgc_3.row_reg._027_,5.6
bgc_3.row_reg._044_,5.6
bgc_4.col_data_in\[11\],5.6
bgc_4.comp_col.pe1._17_,5.6
bgc_4.comp_col.pe2._00_,5.6
bgc_4.comp_col.pe2._02_,5.6
bgc_4.final_counter._26_,5.6
bgc_4.lfsr_col._00_\[6\],5.6
bgc_4.lfsr_col._11_,5.6
bgc_4.lfsr_col._12_,5.6
bgc_4.lfsr_row._11_,5.6
bgc_5.col_reg._029_,5.6
bgc_5.comp_col.GR_bits\[2\],5.6
bgc_5.comp_col._00_,5.6
bgc_5.comp_col._12_,5.6
bgc_5.comp_row.A\[9\],5.6
bgc_5.comp_row._18_,5.6
bgc_5.comp_row._19_,5.6
bgc_5.final_counter._18_,5.6
bgc_5.lfsr_col._00_\[5\],5.6
bgc_5.row_reg._029_,5.6
bgc_5.row_reg._035_,5.6
bgc_5.row_reg._048_,5.6
bgc_6.col_reg._000_\[11\],5.6
bgc_6.col_reg._001_,5.6
bgc_6.col_reg._033_,5.6
bgc_6.comp_col.GL_bits\[9\],5.6
bgc_6.comp_col.GR_bits\[9\],5.6
bgc_6.comp_col._17_,5.6
bgc_6.comp_row.A\[3\],5.6
bgc_6.final_counter._00_\[0\],5.6
bgc_6.lfsr_col._22_,5.6
bgc_6.lfsr_row._01_,5.6
bgc_6.lfsr_row._11_,5.6
bgc_6.lfsr_row._22_,5.6
bgc_6.row_reg._000_\[11\],5.6
bgc_6.row_reg._025_,5.6
bgc_6.row_reg._046_,5.6
bgc_7.col_reg._035_,5.6
bgc_7.col_reg._045_,5.6
bgc_7.comp_col.GR_index\[2\],5.6
bgc_7.comp_col._00_,5.6
bgc_7.comp_row.A\[8\],5.6
bgc_7.comp_row.GL_index\[0\],5.6
bgc_7.lfsr_col._00_\[6\],5.6
bgc_7.lfsr_col._16_,5.6
bgc_7.row_reg._021_,5.6
bgc_7.row_reg._023_,5.6
bgc_7.row_reg._025_,5.6
bgc_8.comp_col.GL_bits\[9\],5.6
bgc_8.comp_row.GR_bits\[0\],5.6
bgc_8.final_counter._06_,5.6
bgc_8.lfsr_row._00_\[4\],5.6
bgc_8.row_reg._018_,5.6
bgc_8.row_reg._030_,5.6
bgc_9.col_data_in\[4\],5.6
bgc_9.col_data_in\[5\],5.6
bgc_9.col_reg._037_,5.6
bgc_9.col_reg._039_,5.6
bgc_9.comp_col._17_,5.6
bgc_9.comp_col.pe2._11_,5.6
bgc_9.comp_row.A\[8\],5.6
bgc_9.comp_row.GL_bits\[1\],5.6
bgc_9.final_counter._00_\[0\],5.6
bgc_9.row_reg._003_,5.6
dec_inst._00_\[1\],5.6
res_mem_inst.slot\[0\].slot_reg._000_\[0\],5.6
res_mem_inst.slot\[0\].slot_reg._000_\[5\],5.6
res_mem_inst.slot\[0\].slot_reg._000_\[9\],5.6
res_mem_inst.slot\[10\].slot_reg._021_,5.6
res_mem_inst.slot\[11\].slot_reg._000_\[8\],5.6
res_mem_inst.slot\[11\].slot_reg._000_\[9\],5.6
res_mem_inst.slot\[12\].slot_reg._000_\[11\],5.6
res_mem_inst.slot\[12\].slot_reg._015_,5.6
res_mem_inst.slot\[12\].slot_reg._017_,5.6
res_mem_inst.slot\[13\].slot_reg._007_,5.6
res_mem_inst.slot\[13\].slot_reg._045_,5.6
res_mem_inst.slot\[15\].slot_reg._020_,5.6
res_mem_inst.slot\[2\].slot_reg._000_\[10\],5.6
res_mem_inst.slot\[2\].slot_reg._000_\[1\],5.6
res_mem_inst.slot\[2\].slot_reg._000_\[4\],5.6
res_mem_inst.slot\[2\].slot_reg._011_,5.6
res_mem_inst.slot\[2\].slot_reg._017_,5.6
res_mem_inst.slot\[2\].slot_reg._027_,5.6
res_mem_inst.slot\[3\].slot_reg._000_\[11\],5.6
res_mem_inst.slot\[3\].slot_reg._000_\[8\],5.6
res_mem_inst.slot\[3\].slot_reg._049_,5.6
res_mem_inst.slot\[5\].slot_reg._018_,5.6
res_mem_inst.slot\[5\].slot_reg._028_,5.6
res_mem_inst.slot\[5\].slot_reg._031_,5.6
res_mem_inst.slot\[6\].slot_reg._000_\[1\],5.6
res_mem_inst.slot\[6\].slot_reg._019_,5.6
res_mem_inst.slot\[6\].slot_reg._051_,5.6
res_mem_inst.slot\[7\].slot_reg._000_\[7\],5.6
res_mem_inst.slot\[8\].slot_reg._004_,5.6
res_mem_inst.slot\[9\].slot_reg._000_\[5\],5.6
res_mem_inst.slot\[9\].slot_reg._003_,5.6
res_mem_inst.slot\[9\].slot_reg._046_,5.6
net1482,5.6
net1492,5.6
bgc_8.comp_col.pe1._00_,5.19
net110,5.14
net316,5.14
net382,5.14
net628,5.14
bgc_0.col_reg._006_,5.14
bgc_0.col_reg._011_,5.14
bgc_0.comp_col.GR_bits\[1\],5.14
bgc_0.comp_col.pe2._08_,5.14
bgc_0.comp_row._01_,5.14
bgc_10.comp_row.A\[5\],5.14
bgc_10.row_reg._046_,5.14
bgc_11.col_reg._002_,5.14
bgc_11.col_reg._014_,5.14
bgc_11.row_reg._006_,5.14
bgc_11.row_reg._009_,5.14
bgc_11.row_reg._012_,5.14
bgc_11.row_reg._045_,5.14
bgc_12.col_reg._004_,5.14
bgc_12.comp_row.GR_index\[2\],5.14
bgc_12.row_reg._006_,5.14
bgc_12.row_reg._022_,5.14
bgc_15.col_data_in\[4\],5.14
bgc_15.comp_col.GL_bits\[0\],5.14
bgc_15.row_reg._032_,5.14
bgc_2.row_reg._006_,5.14
bgc_2.row_reg._010_,5.14
bgc_3.row_reg._030_,5.14
bgc_4.row_reg._013_,5.14
bgc_5.comp_row.pe2._00_,5.14
bgc_5.row_reg._017_,5.14
bgc_5.row_reg._052_,5.14
bgc_6.col_reg._021_,5.14
bgc_6.col_reg._049_,5.14
bgc_6.col_reg._051_,5.14
bgc_7.col_reg._044_,5.14
bgc_7.row_reg._028_,5.14
bgc_8._04_,5.14
bgc_8.col_reg._013_,5.14
bgc_8.col_reg._051_,5.14
bgc_8.comp_col.pe1._02_,5.14
bgc_9.col_reg._052_,5.14
res_mem_inst.slot\[10\].slot_reg._010_,5.14
res_mem_inst.slot\[11\].slot_reg._009_,5.14
res_mem_inst.slot\[14\].slot_reg._048_,5.14
res_mem_inst.slot\[15\].slot_reg._009_,5.14
res_mem_inst.slot\[1\].slot_reg._004_,5.14
res_mem_inst.slot\[3\].slot_reg._051_,5.14
res_mem_inst.slot\[5\].slot_reg._007_,5.14
res_mem_inst.slot\[5\].slot_reg._050_,5.14
res_mem_inst.slot\[7\].slot_reg._009_,5.14
net1055,5.09
net1074,5.09
net1101,5.09
net1294,5.09
net1338,5.09
net557,5.09
adder_tree._0004_,5.09
adder_tree._0283_,5.09
adder_tree._0438_,5.09
adder_tree._0628_,5.09
bgc_0.col_reg._044_,5.09
bgc_0.comp_col.GL_bits\[0\],5.09
bgc_0.row_reg._000_\[10\],5.09
bgc_0.row_reg._017_,5.09
bgc_0.row_reg._030_,5.09
bgc_1.comp_row.pe1._02_,5.09
bgc_10.col_reg._005_,5.09
bgc_10.col_reg._029_,5.09
bgc_10.row_reg._000_\[8\],5.09
bgc_11.comp_col.pe2._04_,5.09
bgc_11.comp_col.pe2._05_,5.09
bgc_12.col_reg._019_,5.09
bgc_12.col_reg._023_,5.09
bgc_13.final_counter._00_\[6\],5.09
bgc_14.final_counter._17_,5.09
bgc_15.col_reg._019_,5.09
bgc_2.final_counter._00_\[4\],5.09
bgc_2.row_reg._000_\[10\],5.09
bgc_3.lfsr_col._00_\[5\],5.09
bgc_3.row_reg._020_,5.09
bgc_4._04_,5.09
bgc_4.comp_col.GR_bits\[10\],5.09
bgc_4.comp_row.A\[10\],5.09
bgc_4.comp_row.pe1._02_,5.09
bgc_5.row_reg._024_,5.09
bgc_6.col_reg._000_\[2\],5.09
bgc_6.final_counter._02_,5.09
bgc_7.lfsr_row._00_\[5\],5.09
bgc_8.lfsr_row._05_,5.09
bgc_9.comp_col.A\[6\],5.09
bgc_9.comp_row.GR_bits\[2\],5.09
bgc_9.row_reg._012_,5.09
bgc_9.row_reg._045_,5.09
res_mem_inst.slot\[0\].slot_reg._046_,5.09
res_mem_inst.slot\[10\].slot_reg._039_,5.09
res_mem_inst.slot\[11\].slot_reg._000_\[0\],5.09
res_mem_inst.slot\[12\].slot_reg._033_,5.09
res_mem_inst.slot\[14\].slot_reg._000_\[3\],5.09
res_mem_inst.slot\[14\].slot_reg._000_\[8\],5.09
res_mem_inst.slot\[15\].slot_reg._000_\[8\],5.09
res_mem_inst.slot\[3\].slot_reg._002_,5.09
res_mem_inst.slot\[5\].slot_reg._010_,5.09
res_mem_inst.slot\[6\].slot_reg._000_\[10\],5.09
res_mem_inst.slot\[6\].slot_reg._029_,5.09
res_mem_inst.slot\[6\].slot_reg._040_,5.09
res_mem_inst.slot\[7\].slot_reg._002_,5.09
res_mem_inst.slot\[9\].slot_reg._022_,5.09
net846,5.04
net1060,5.04
net1156,5.04
net1176,5.04
net1184,5.04
net1231,5.04
net1234,5.04
net1270,5.04
net1312,5.04
net1381,5.04
net1406,5.04
net114,5.04
net118,5.04
net133,5.04
net142,5.04
net158,5.04
net194,5.04
net199,5.04
net222,5.04
net236,5.04
net274,5.04
net336,5.04
net413,5.04
net430,5.04
net459,5.04
net476,5.04
net498,5.04
net503,5.04
net802,5.04
adder_tree._0096_,5.04
adder_tree._0536_,5.04
adder_tree._0544_,5.04
bgc_0.col_reg._014_,5.04
bgc_0.col_reg._045_,5.04
bgc_0.comp_col.GR_bits\[10\],5.04
bgc_0.comp_col._01_,5.04
bgc_0.comp_row.A\[4\],5.04
bgc_0.comp_row.GL_bits\[1\],5.04
bgc_0.final_counter._00_\[2\],5.04
bgc_0.lfsr_col._16_,5.04
bgc_0.lfsr_col._23_,5.04
bgc_0.lfsr_col._24_,5.04
bgc_0.lfsr_row._00_\[0\],5.04
bgc_0.lfsr_row._00_\[7\],5.04
bgc_0.lfsr_row._10_,5.04
bgc_0.row_reg._000_\[3\],5.04
bgc_0.row_reg._022_,5.04
bgc_0.row_reg._048_,5.04
bgc_1.col_reg._000_\[2\],5.04
bgc_1.col_reg._013_,5.04
bgc_1.comp_col.A\[7\],5.04
bgc_1.comp_col.GL_bits\[1\],5.04
bgc_1.comp_row.A\[6\],5.04
bgc_1.comp_row.pe2._09_,5.04
bgc_1.final_counter._15_,5.04
bgc_1.lfsr_col._00_\[4\],5.04
bgc_1.lfsr_col._13_,5.04
bgc_1.lfsr_col._20_,5.04
bgc_1.lfsr_row._00_\[6\],5.04
bgc_1.lfsr_row._05_,5.04
bgc_1.lfsr_row._14_,5.04
bgc_1.row_reg._000_\[2\],5.04
bgc_1.row_reg._003_,5.04
bgc_1.row_reg._007_,5.04
bgc_10.col_data_in\[9\],5.04
bgc_10.col_reg._045_,5.04
bgc_10.comp_col.GR_index\[0\],5.04
bgc_10.comp_col.GR_index\[1\],5.04
bgc_10.comp_col.pe1._11_,5.04
bgc_10.comp_row.A\[11\],5.04
bgc_10.comp_row.GL_bits\[0\],5.04
bgc_10.comp_row.GR_index\[0\],5.04
bgc_10.lfsr_col._00_\[6\],5.04
bgc_10.lfsr_col._23_,5.04
bgc_10.lfsr_row._00_\[8\],5.04
bgc_10.lfsr_row._17_,5.04
bgc_10.lfsr_row._23_,5.04
bgc_10.row_reg._003_,5.04
bgc_10.row_reg._008_,5.04
bgc_10.row_reg._027_,5.04
bgc_10.row_reg._049_,5.04
bgc_11.col_data_in\[8\],5.04
bgc_11.col_reg._000_\[3\],5.04
bgc_11.col_reg._000_\[6\],5.04
bgc_11.col_reg._051_,5.04
bgc_11.col_reg._052_,5.04
bgc_11.comp_col.GL_bits\[10\],5.04
bgc_11.comp_col.GL_bits\[1\],5.04
bgc_11.comp_col._18_,5.04
bgc_11.comp_col.pe1._01_,5.04
bgc_11.final_counter._00_\[2\],5.04
bgc_11.final_counter._13_,5.04
bgc_11.lfsr_col._00_\[5\],5.04
bgc_11.lfsr_col._01_,5.04
bgc_11.lfsr_col._23_,5.04
bgc_11.lfsr_row._07_,5.04
bgc_11.lfsr_row._14_,5.04
bgc_11.lfsr_row._24_,5.04
bgc_11.row_reg._000_\[3\],5.04
bgc_11.row_reg._008_,5.04
bgc_12.col_reg._000_\[0\],5.04
bgc_12.col_reg._009_,5.04
bgc_12.col_reg._037_,5.04
bgc_12.comp_col._19_,5.04
bgc_12.lfsr_col._02_,5.04
bgc_12.lfsr_col._19_,5.04
bgc_12.lfsr_row._00_\[0\],5.04
bgc_12.lfsr_row._00_\[1\],5.04
bgc_12.lfsr_row._00_\[8\],5.04
bgc_13.col_data_in\[4\],5.04
bgc_13.col_reg._006_,5.04
bgc_13.col_reg._044_,5.04
bgc_13.comp_col.GR_bits\[10\],5.04
bgc_13.comp_col.pe2._17_,5.04
bgc_13.comp_row.A\[9\],5.04
bgc_13.comp_row.GL_index\[0\],5.04
bgc_13.comp_row.pe1._05_,5.04
bgc_13.final_counter._17_,5.04
bgc_13.lfsr_col._17_,5.04
bgc_13.lfsr_row._00_\[2\],5.04
bgc_13.row_reg._000_\[8\],5.04
bgc_13.row_reg._048_,5.04
bgc_14._03_,5.04
bgc_14.col_reg._000_\[6\],5.04
bgc_14.col_reg._005_,5.04
bgc_14.col_reg._039_,5.04
bgc_14.comp_col.pe1._03_,5.04
bgc_14.comp_col.pe1._17_,5.04
bgc_14.comp_col.pe2._04_,5.04
bgc_14.comp_row.A\[10\],5.04
bgc_14.comp_row.A\[4\],5.04
bgc_14.comp_row.x,5.04
bgc_14.lfsr_row._00_\[3\],5.04
bgc_14.lfsr_row._00_\[6\],5.04
bgc_14.lfsr_row._12_,5.04
bgc_14.lfsr_row._13_,5.04
bgc_14.lfsr_row._15_,5.04
bgc_14.row_reg._000_\[10\],5.04
bgc_14.row_reg._002_,5.04
bgc_14.row_reg._023_,5.04
bgc_14.row_reg._039_,5.04
bgc_15.col_reg._010_,5.04
bgc_15.comp_col.A\[5\],5.04
bgc_15.comp_col.GR_index\[0\],5.04
bgc_15.comp_col.pe1._11_,5.04
bgc_15.comp_col.pe2._06_,5.04
bgc_15.comp_col.pe2._07_,5.04
bgc_15.comp_col.pe2._09_,5.04
bgc_15.lfsr_col._13_,5.04
bgc_15.lfsr_col._14_,5.04
bgc_15.row_reg._000_\[11\],5.04
bgc_15.row_reg._002_,5.04
bgc_2.col_reg._000_\[6\],5.04
bgc_2.col_reg._003_,5.04
bgc_2.comp_col.A\[3\],5.04
bgc_2.comp_col.pe1._00_,5.04
bgc_2.comp_row.pe2._04_,5.04
bgc_2.lfsr_col._20_,5.04
bgc_2.lfsr_col._21_,5.04
bgc_2.lfsr_row._15_,5.04
bgc_2.lfsr_row._24_,5.04
bgc_2.row_reg._000_\[5\],5.04
bgc_2.row_reg._019_,5.04
bgc_3.col_reg._009_,5.04
bgc_3.col_reg._046_,5.04
bgc_3.col_reg._048_,5.04
bgc_3.col_reg._049_,5.04
bgc_3.comp_col.A\[3\],5.04
bgc_3.comp_col.pe1._04_,5.04
bgc_3.comp_col.pe2._06_,5.04
bgc_3.comp_col.pe2._17_,5.04
bgc_3.comp_row.pe1._07_,5.04
bgc_3.comp_row.pe1._10_,5.04
bgc_3.comp_row.pe2._04_,5.04
bgc_3.final_counter._00_\[2\],5.04
bgc_3.final_counter._27_,5.04
bgc_3.lfsr_col._03_,5.04
bgc_3.lfsr_row._00_\[0\],5.04
bgc_3.lfsr_row._18_,5.04
bgc_3.row_reg._000_\[5\],5.04
bgc_3.row_reg._000_\[6\],5.04
bgc_3.row_reg._005_,5.04
bgc_3.row_reg._009_,5.04
bgc_4._02_,5.04
bgc_4.comp_col.pe1._02_,5.04
bgc_4.comp_col.pe1._05_,5.04
bgc_4.comp_row.A\[2\],5.04
bgc_4.comp_row.GL_bits\[9\],5.04
bgc_4.comp_row.GR_index\[0\],5.04
bgc_4.comp_row.pe2._11_,5.04
bgc_4.lfsr_col._14_,5.04
bgc_4.lfsr_col._15_,5.04
bgc_4.lfsr_row._00_\[1\],5.04
bgc_4.lfsr_row._14_,5.04
bgc_4.row_reg._000_\[6\],5.04
bgc_4.row_reg._002_,5.04
bgc_4.row_reg._011_,5.04
bgc_4.row_reg._012_,5.04
bgc_5.col_data_in\[7\],5.04
bgc_5.col_reg._033_,5.04
bgc_5.col_reg._049_,5.04
bgc_5.comp_col.A\[7\],5.04
bgc_5.comp_col.pe1._04_,5.04
bgc_5.comp_row.A\[3\],5.04
bgc_5.comp_row.GL_index\[1\],5.04
bgc_5.comp_row.GR_index\[0\],5.04
bgc_5.final_counter._00_\[1\],5.04
bgc_5.final_counter._13_,5.04
bgc_5.lfsr_col._00_\[11\],5.04
bgc_5.lfsr_col._00_\[3\],5.04
bgc_5.lfsr_row._20_,5.04
bgc_5.row_reg._006_,5.04
bgc_5.row_reg._025_,5.04
bgc_6.col_data_in\[11\],5.04
bgc_6.col_data_in\[3\],5.04
bgc_6.col_reg._012_,5.04
bgc_6.comp_col.A\[11\],5.04
bgc_6.comp_col.A\[4\],5.04
bgc_6.comp_col.pe1._11_,5.04
bgc_6.comp_row.pe2._07_,5.04
bgc_6.lfsr_col._17_,5.04
bgc_6.lfsr_row._00_\[0\],5.04
bgc_6.lfsr_row._14_,5.04
bgc_6.row_reg._000_\[5\],5.04
bgc_6.row_reg._007_,5.04
bgc_6.row_reg._050_,5.04
bgc_7.col_reg._011_,5.04
bgc_7.col_reg._024_,5.04
bgc_7.comp_col.GR_index\[1\],5.04
bgc_7.comp_row.GL_bits\[0\],5.04
bgc_7.final_counter._00_\[5\],5.04
bgc_7.final_counter._28_,5.04
bgc_7.lfsr_col._00_\[3\],5.04
bgc_7.lfsr_col._07_,5.04
bgc_7.lfsr_col._15_,5.04
bgc_7.lfsr_row._16_,5.04
bgc_7.row_reg._000_\[3\],5.04
bgc_7.row_reg._006_,5.04
bgc_7.row_reg._036_,5.04
bgc_8.col_reg._000_\[10\],5.04
bgc_8.col_reg._044_,5.04
bgc_8.comp_col.A\[9\],5.04
bgc_8.comp_col.pe2._04_,5.04
bgc_8.comp_col.pe2._07_,5.04
bgc_8.comp_row.pe1._00_,5.04
bgc_8.final_counter._00_\[3\],5.04
bgc_8.final_counter._00_\[9\],5.04
bgc_8.final_counter._27_,5.04
bgc_8.lfsr_col._00_\[0\],5.04
bgc_8.lfsr_col._11_,5.04
bgc_8.lfsr_col._17_,5.04
bgc_8.lfsr_col._23_,5.04
bgc_8.lfsr_row._00_\[7\],5.04
bgc_8.lfsr_row._00_\[8\],5.04
bgc_8.lfsr_row._01_,5.04
bgc_8.lfsr_row._02_,5.04
bgc_8.lfsr_row._07_,5.04
bgc_8.row_reg._000_\[6\],5.04
bgc_8.row_reg._000_\[9\],5.04
bgc_8.row_reg._005_,5.04
bgc_8.row_reg._017_,5.04
bgc_8.row_reg._032_,5.04
bgc_9.col_reg._000_\[6\],5.04
bgc_9.col_reg._001_,5.04
bgc_9.col_reg._006_,5.04
bgc_9.col_reg._023_,5.04
bgc_9.comp_row.GR_bits\[8\],5.04
bgc_9.lfsr_col._01_,5.04
bgc_9.lfsr_col._07_,5.04
bgc_9.lfsr_col._22_,5.04
bgc_9.lfsr_row._21_,5.04
bgc_9.lfsr_row._22_,5.04
bgc_9.row_reg._000_\[0\],5.04
lfsr_enabler._04_,5.04
res_mem_inst._000_,5.04
res_mem_inst.out_dec_inst._00_\[0\],5.04
res_mem_inst.slot\[0\].slot_reg._000_\[7\],5.04
res_mem_inst.slot\[0\].slot_reg._017_,5.04
res_mem_inst.slot\[0\].slot_reg._021_,5.04
res_mem_inst.slot\[10\].slot_reg._000_\[4\],5.04
res_mem_inst.slot\[11\].slot_reg._048_,5.04
res_mem_inst.slot\[12\].slot_reg._000_\[2\],5.04
res_mem_inst.slot\[13\].slot_reg._010_,5.04
res_mem_inst.slot\[14\].slot_reg._000_\[0\],5.04
res_mem_inst.slot\[14\].slot_reg._000_\[4\],5.04
res_mem_inst.slot\[14\].slot_reg._000_\[6\],5.04
res_mem_inst.slot\[14\].slot_reg._013_,5.04
res_mem_inst.slot\[15\].slot_reg._006_,5.04
res_mem_inst.slot\[15\].slot_reg._011_,5.04
res_mem_inst.slot\[1\].slot_reg._017_,5.04
res_mem_inst.slot\[2\].slot_reg._000_\[2\],5.04
res_mem_inst.slot\[2\].slot_reg._035_,5.04
res_mem_inst.slot\[3\].slot_reg._000_\[1\],5.04
res_mem_inst.slot\[3\].slot_reg._004_,5.04
res_mem_inst.slot\[4\].slot_reg._013_,5.04
res_mem_inst.slot\[4\].slot_reg._017_,5.04
res_mem_inst.slot\[4\].slot_reg._026_,5.04
res_mem_inst.slot\[5\].slot_reg._000_\[7\],5.04
res_mem_inst.slot\[5\].slot_reg._001_,5.04
res_mem_inst.slot\[6\].slot_reg._000_\[3\],5.04
res_mem_inst.slot\[6\].slot_reg._039_,5.04
res_mem_inst.slot\[7\].slot_reg._049_,5.04
res_mem_inst.slot\[8\].slot_reg._000_\[5\],5.04
res_mem_inst.slot\[8\].slot_reg._000_\[6\],5.04
res_mem_inst.slot\[8\].slot_reg._003_,5.04
res_mem_inst.slot\[8\].slot_reg._005_,5.04
res_mem_inst.slot\[8\].slot_reg._021_,5.04
res_mem_inst.slot\[8\].slot_reg._045_,5.04
res_mem_inst.slot\[9\].slot_reg._000_\[11\],5.04
net852,4.58
net1007,4.58
net1207,4.58
net1210,4.58
net1277,4.58
net190,4.58
net235,4.58
net443,4.58
net572,4.58
net666,4.58
net723,4.58
net809,4.58
net821,4.58
net80,4.58
bgc_0._04_,4.58
bgc_0.col_reg._052_,4.58
bgc_0.comp_col._14_,4.58
bgc_0.row_reg._034_,4.58
bgc_1.col_reg._047_,4.58
bgc_10.comp_row.A\[9\],4.58
bgc_10.final_counter._27_,4.58
bgc_11.row_reg._023_,4.58
bgc_11.row_reg._026_,4.58
bgc_12.lfsr_col._00_\[7\],4.58
bgc_12.row_reg._045_,4.58
bgc_13.col_reg._051_,4.58
bgc_14.col_data_in\[4\],4.58
bgc_14.final_counter._00_\[4\],4.58
bgc_14.row_reg._021_,4.58
bgc_14.row_reg._031_,4.58
bgc_14.row_reg._037_,4.58
bgc_15.row_reg._011_,4.58
bgc_2.col_reg._014_,4.58
bgc_2.comp_row.A\[8\],4.58
bgc_2.comp_row.A\[9\],4.58
bgc_3.row_reg._013_,4.58
bgc_4.comp_row.pe1._05_,4.58
bgc_5.comp_col.GR_index\[3\],4.58
bgc_5.comp_row.pe1._11_,4.58
bgc_5.row_reg._011_,4.58
bgc_6.col_reg._007_,4.58
bgc_6.row_reg._019_,4.58
bgc_8.col_data_in\[5\],4.58
bgc_8.comp_col._17_,4.58
bgc_9.col_reg._050_,4.58
bgc_9.comp_row.A\[11\],4.58
res_mem_inst.slot\[14\].slot_reg._023_,4.58
res_mem_inst.slot\[1\].slot_reg._010_,4.58
res_mem_inst.slot\[1\].slot_reg._036_,4.58
res_mem_inst.slot\[2\].slot_reg._021_,4.58
res_mem_inst.slot\[5\].slot_reg._015_,4.58
res_mem_inst.slot\[6\].slot_reg._026_,4.58
res_mem_inst.slot\[7\].slot_reg._017_,4.58
res_mem_inst.slot\[8\].slot_reg._020_,4.58
net1111,4.53
net460,4.53
net519,4.53
net816,4.53
bgc_1.col_reg._036_,4.53
bgc_1.row_reg._014_,4.53
bgc_10.col_reg._000_\[2\],4.53
bgc_10.comp_row.pe2._02_,4.53
bgc_10.row_reg._000_\[5\],4.53
bgc_10.row_reg._000_\[7\],4.53
bgc_10.row_reg._004_,4.53
bgc_11.col_reg._033_,4.53
bgc_11.row_reg._040_,4.53
bgc_12.comp_row._18_,4.53
bgc_12.comp_row.pe2._01_,4.53
bgc_13.col_reg._000_\[9\],4.53
bgc_13.col_reg._046_,4.53
bgc_13.comp_row._18_,4.53
bgc_13.comp_row.pe1._02_,4.53
bgc_14.col_reg._050_,4.53
bgc_14.comp_row.pe2._11_,4.53
bgc_14.row_reg._000_\[4\],4.53
bgc_15.col_reg._050_,4.53
bgc_15.comp_col.pe2._02_,4.53
bgc_15.lfsr_col._00_\[1\],4.53
bgc_15.lfsr_col._07_,4.53
bgc_15.row_reg._000_\[1\],4.53
bgc_2.col_reg._005_,4.53
bgc_2.comp_row.pe1._17_,4.53
bgc_2.final_counter._07_,4.53
bgc_3.col_reg._000_\[11\],4.53
bgc_3.row_reg._000_\[0\],4.53
bgc_4.comp_row.GR_index\[1\],4.53
bgc_5.col_reg._044_,4.53
bgc_5.comp_col.pe2._00_,4.53
bgc_6.col_reg._000_\[0\],4.53
bgc_6.comp_col.GR_index\[2\],4.53
bgc_6.row_reg._049_,4.53
bgc_8.col_reg._049_,4.53
bgc_8.row_reg._000_\[11\],4.53
bgc_8.row_reg._000_\[7\],4.53
bgc_9.comp_col.GL_index\[0\],4.53
bgc_9.row_reg._051_,4.53
res_mem_inst.slot\[0\].slot_reg._005_,4.53
res_mem_inst.slot\[10\].slot_reg._000_\[11\],4.53
res_mem_inst.slot\[10\].slot_reg._044_,4.53
res_mem_inst.slot\[12\].slot_reg._018_,4.53
res_mem_inst.slot\[14\].slot_reg._032_,4.53
res_mem_inst.slot\[15\].slot_reg._026_,4.53
res_mem_inst.slot\[2\].slot_reg._024_,4.53
res_mem_inst.slot\[3\].slot_reg._000_\[9\],4.53
res_mem_inst.slot\[3\].slot_reg._021_,4.53
res_mem_inst.slot\[3\].slot_reg._044_,4.53
res_mem_inst.slot\[3\].slot_reg._048_,4.53
res_mem_inst.slot\[4\].slot_reg._000_\[8\],4.53
res_mem_inst.slot\[5\].slot_reg._000_\[0\],4.53
res_mem_inst.slot\[5\].slot_reg._048_,4.53
res_mem_inst.slot\[6\].slot_reg._010_,4.53
res_mem_inst.slot\[6\].slot_reg._052_,4.53
res_mem_inst.slot\[7\].slot_reg._000_\[5\],4.53
res_mem_inst.slot\[7\].slot_reg._047_,4.53
net836,4.48
net851,4.48
net853,4.48
net902,4.48
net905,4.48
net910,4.48
net918,4.48
net944,4.48
net948,4.48
net959,4.48
net985,4.48
net1014,4.48
net1015,4.48
net1067,4.48
net1083,4.48
net1102,4.48
net1137,4.48
net1142,4.48
net1143,4.48
net1185,4.48
net1206,4.48
net1214,4.48
net1262,4.48
net1280,4.48
net1295,4.48
net1301,4.48
net1316,4.48
net1327,4.48
net1344,4.48
net1366,4.48
net1367,4.48
net1382,4.48
net1399,4.48
net1401,4.48
net1427,4.48
net1465,4.48
net87,4.48
net152,4.48
net170,4.48
net176,4.48
net201,4.48
net203,4.48
net214,4.48
net230,4.48
net228,4.48
net390,4.48
net592,4.48
net624,4.48
net639,4.48
net667,4.48
net695,4.48
net750,4.48
net752,4.48
net759,4.48
net804,4.48
adder_tree._0011_,4.48
adder_tree._0019_,4.48
adder_tree._0040_,4.48
adder_tree._0126_,4.48
adder_tree._0130_,4.48
adder_tree._0135_,4.48
adder_tree._0143_,4.48
adder_tree._0253_,4.48
adder_tree._0375_,4.48
adder_tree._0680_,4.48
adder_tree._0702_,4.48
bgc_0.col_data_in\[2\],4.48
bgc_0.col_reg._047_,4.48
bgc_0.comp_col.GR_bits\[8\],4.48
bgc_0.comp_col.pe1._00_,4.48
bgc_0.comp_col.pe1._05_,4.48
bgc_0.comp_row.A\[6\],4.48
bgc_0.comp_row.A\[7\],4.48
bgc_0.final_counter._00_\[1\],4.48
bgc_0.final_counter._28_,4.48
bgc_0.lfsr_col._00_\[10\],4.48
bgc_0.lfsr_col._00_\[2\],4.48
bgc_0.lfsr_col._00_\[8\],4.48
bgc_0.lfsr_col._05_,4.48
bgc_0.lfsr_col._17_,4.48
bgc_0.lfsr_row._00_\[10\],4.48
bgc_0.lfsr_row._00_\[8\],4.48
bgc_0.lfsr_row._01_,4.48
bgc_0.lfsr_row._03_,4.48
bgc_0.lfsr_row._21_,4.48
bgc_0.row_reg._000_\[7\],4.48
bgc_0.row_reg._018_,4.48
bgc_0.row_reg._050_,4.48
bgc_1.col_data_in\[1\],4.48
bgc_1.col_reg._000_\[11\],4.48
bgc_1.col_reg._051_,4.48
bgc_1.comp_col.A\[11\],4.48
bgc_1.comp_col.A\[4\],4.48
bgc_1.comp_row.A\[11\],4.48
bgc_1.final_counter._25_,4.48
bgc_1.lfsr_col._00_\[5\],4.48
bgc_1.lfsr_col._09_,4.48
bgc_1.lfsr_col._18_,4.48
bgc_1.lfsr_row._08_,4.48
bgc_1.lfsr_row._13_,4.48
bgc_1.lfsr_row._20_,4.48
bgc_1.row_reg._000_\[10\],4.48
bgc_1.row_reg._000_\[1\],4.48
bgc_1.row_reg._013_,4.48
bgc_10.col_data_in\[2\],4.48
bgc_10.col_reg._000_\[10\],4.48
bgc_10.col_reg._027_,4.48
bgc_10.col_reg._049_,4.48
bgc_10.comp_col.GR_bits\[1\],4.48
bgc_10.comp_col._17_,4.48
bgc_10.comp_col.x,4.48
bgc_10.comp_row.GR_bits\[10\],4.48
bgc_10.comp_row.pe1._04_,4.48
bgc_10.comp_row.pe1._05_,4.48
bgc_10.comp_row.pe1._08_,4.48
bgc_10.comp_row.pe2._06_,4.48
bgc_10.lfsr_col._05_,4.48
bgc_10.lfsr_col._19_,4.48
bgc_10.lfsr_row._04_,4.48
bgc_10.lfsr_row._20_,4.48
bgc_10.row_reg._013_,4.48
bgc_10.row_reg._029_,4.48
bgc_10.row_reg._037_,4.48
bgc_10.row_reg._044_,4.48
bgc_11.col_reg._003_,4.48
bgc_11.col_reg._013_,4.48
bgc_11.col_reg._030_,4.48
bgc_11.comp_col.A\[2\],4.48
bgc_11.comp_col.A\[7\],4.48
bgc_11.comp_col.A\[9\],4.48
bgc_11.comp_col._19_,4.48
bgc_11.comp_row.GR_bits\[0\],4.48
bgc_11.comp_row.pe1._08_,4.48
bgc_11.final_counter._00_\[0\],4.48
bgc_11.final_counter._00_\[3\],4.48
bgc_11.final_counter._00_\[5\],4.48
bgc_11.final_counter._15_,4.48
bgc_11.lfsr_col._00_\[1\],4.48
bgc_11.lfsr_col._00_\[3\],4.48
bgc_11.lfsr_col._06_,4.48
bgc_11.lfsr_col._13_,4.48
bgc_11.lfsr_row._00_\[5\],4.48
bgc_11.lfsr_row._02_,4.48
bgc_11.lfsr_row._09_,4.48
bgc_11.lfsr_row._11_,4.48
bgc_11.lfsr_row._12_,4.48
bgc_11.lfsr_row._15_,4.48
bgc_11.lfsr_row._16_,4.48
bgc_11.lfsr_row._19_,4.48
bgc_11.row_reg._000_\[5\],4.48
bgc_11.row_reg._000_\[7\],4.48
bgc_11.row_reg._019_,4.48
bgc_11.row_reg._038_,4.48
bgc_12._02_,4.48
bgc_12.col_reg._000_\[10\],4.48
bgc_12.col_reg._000_\[4\],4.48
bgc_12.col_reg._002_,4.48
bgc_12.col_reg._022_,4.48
bgc_12.col_reg._045_,4.48
bgc_12.comp_col.A\[3\],4.48
bgc_12.comp_col.A\[5\],4.48
bgc_12.comp_col.A\[8\],4.48
bgc_12.comp_col.GR_index\[0\],4.48
bgc_12.comp_col._00_,4.48
bgc_12.comp_col.pe1._01_,4.48
bgc_12.comp_row.GR_index\[1\],4.48
bgc_12.final_counter._28_,4.48
bgc_12.lfsr_col._00_\[5\],4.48
bgc_12.lfsr_col._06_,4.48
bgc_12.lfsr_col._10_,4.48
bgc_12.lfsr_col._13_,4.48
bgc_12.lfsr_col._15_,4.48
bgc_12.lfsr_col._23_,4.48
bgc_12.lfsr_row._09_,4.48
bgc_12.lfsr_row._17_,4.48
bgc_12.lfsr_row._21_,4.48
bgc_12.row_reg._035_,4.48
bgc_12.row_reg._047_,4.48
bgc_13.col_reg._000_\[10\],4.48
bgc_13.col_reg._000_\[3\],4.48
bgc_13.col_reg._000_\[4\],4.48
bgc_13.col_reg._002_,4.48
bgc_13.col_reg._004_,4.48
bgc_13.col_reg._008_,4.48
bgc_13.col_reg._012_,4.48
bgc_13.col_reg._045_,4.48
bgc_13.col_reg._052_,4.48
bgc_13.comp_col.A\[2\],4.48
bgc_13.comp_col.A\[4\],4.48
bgc_13.comp_col.GR_bits\[1\],4.48
bgc_13.comp_col.GR_index\[2\],4.48
bgc_13.comp_row.GR_index\[1\],4.48
bgc_13.comp_row.pe2._06_,4.48
bgc_13.comp_row.pe2._17_,4.48
bgc_13.final_counter._02_,4.48
bgc_13.lfsr_col._00_\[11\],4.48
bgc_13.lfsr_col._00_\[1\],4.48
bgc_13.lfsr_col._13_,4.48
bgc_13.lfsr_row._05_,4.48
bgc_13.lfsr_row._09_,4.48
bgc_13.lfsr_row._17_,4.48
bgc_13.row_reg._002_,4.48
bgc_13.row_reg._013_,4.48
bgc_13.row_reg._015_,4.48
bgc_14.col_reg._000_\[3\],4.48
bgc_14.col_reg._006_,4.48
bgc_14.col_reg._025_,4.48
bgc_14.comp_col.A\[3\],4.48
bgc_14.comp_col.GR_bits\[1\],4.48
bgc_14.comp_row.A\[2\],4.48
bgc_14.comp_row.GR_index\[0\],4.48
bgc_14.comp_row.pe1._07_,4.48
bgc_14.comp_row.pe2._04_,4.48
bgc_14.comp_row.pe2._05_,4.48
bgc_14.lfsr_col._00_\[1\],4.48
bgc_14.lfsr_col._19_,4.48
bgc_14.lfsr_row._00_\[10\],4.48
bgc_14.lfsr_row._00_\[5\],4.48
bgc_14.lfsr_row._05_,4.48
bgc_14.lfsr_row._21_,4.48
bgc_14.lfsr_row._22_,4.48
bgc_14.row_reg._000_\[0\],4.48
bgc_14.row_reg._006_,4.48
bgc_14.row_reg._011_,4.48
bgc_14.row_reg._019_,4.48
bgc_15.col_reg._000_\[0\],4.48
bgc_15.col_reg._000_\[10\],4.48
bgc_15.col_reg._000_\[5\],4.48
bgc_15.col_reg._007_,4.48
bgc_15.col_reg._015_,4.48
bgc_15.comp_col.A\[4\],4.48
bgc_15.comp_col.A\[6\],4.48
bgc_15.comp_col.A\[7\],4.48
bgc_15.comp_row.pe1._17_,4.48
bgc_15.lfsr_col._00_\[0\],4.48
bgc_15.lfsr_col._00_\[7\],4.48
bgc_15.lfsr_col._00_\[8\],4.48
bgc_15.lfsr_col._01_,4.48
bgc_15.lfsr_col._02_,4.48
bgc_15.lfsr_col._04_,4.48
bgc_15.lfsr_row._00_\[0\],4.48
bgc_15.lfsr_row._07_,4.48
bgc_15.row_reg._000_\[0\],4.48
bgc_15.row_reg._007_,4.48
bgc_15.row_reg._014_,4.48
bgc_15.row_reg._050_,4.48
bgc_2.col_reg._000_\[7\],4.48
bgc_2.comp_col.GR_index\[1\],4.48
bgc_2.comp_col.pe1._02_,4.48
bgc_2.comp_col.pe1._08_,4.48
bgc_2.comp_row.GL_bits\[1\],4.48
bgc_2.comp_row.GL_index\[0\],4.48
bgc_2.comp_row.pe1._00_,4.48
bgc_2.final_counter._00_\[0\],4.48
bgc_2.final_counter._10_,4.48
bgc_2.lfsr_col._00_\[4\],4.48
bgc_2.lfsr_col._00_\[9\],4.48
bgc_2.lfsr_col._15_,4.48
bgc_2.lfsr_col._23_,4.48
bgc_2.lfsr_row._00_\[3\],4.48
bgc_2.lfsr_row._01_,4.48
bgc_2.lfsr_row._09_,4.48
bgc_2.lfsr_row._17_,4.48
bgc_2.lfsr_row._20_,4.48
bgc_2.row_reg._000_\[3\],4.48
bgc_2.row_reg._024_,4.48
bgc_2.row_reg._025_,4.48
bgc_3.col_data_in\[3\],4.48
bgc_3.col_reg._000_\[3\],4.48
bgc_3.col_reg._003_,4.48
bgc_3.col_reg._015_,4.48
bgc_3.col_reg._051_,4.48
bgc_3.comp_col.A\[11\],4.48
bgc_3.comp_col._01_,4.48
bgc_3.comp_col.pe1._02_,4.48
bgc_3.comp_row.A\[1\],4.48
bgc_3.comp_row.A\[3\],4.48
bgc_3.comp_row.GR_index\[2\],4.48
bgc_3.comp_row.pe2._08_,4.48
bgc_3.lfsr_col._04_,4.48
bgc_3.lfsr_col._05_,4.48
bgc_3.lfsr_col._07_,4.48
bgc_3.lfsr_row._00_\[11\],4.48
bgc_3.lfsr_row._11_,4.48
bgc_3.lfsr_row._23_,4.48
bgc_3.row_reg._000_\[8\],4.48
bgc_3.row_reg._015_,4.48
bgc_3.row_reg._025_,4.48
bgc_3.row_reg._026_,4.48
bgc_3.row_reg._029_,4.48
bgc_3.row_reg._045_,4.48
bgc_3.row_reg._047_,4.48
bgc_3.row_reg._048_,4.48
bgc_4.col_reg._045_,4.48
bgc_4.comp_col.A\[10\],4.48
bgc_4.comp_col.A\[3\],4.48
bgc_4.comp_col.GR_bits\[1\],4.48
bgc_4.comp_row.A\[11\],4.48
bgc_4.comp_row.A\[7\],4.48
bgc_4.final_counter._20_,4.48
bgc_4.lfsr_col._00_\[10\],4.48
bgc_4.lfsr_col._00_\[11\],4.48
bgc_4.lfsr_col._00_\[7\],4.48
bgc_4.lfsr_col._02_,4.48
bgc_4.lfsr_col._03_,4.48
bgc_4.lfsr_col._05_,4.48
bgc_4.lfsr_col._09_,4.48
bgc_4.lfsr_col._21_,4.48
bgc_4.lfsr_row._06_,4.48
bgc_4.row_reg._018_,4.48
bgc_4.row_reg._031_,4.48
bgc_4.row_reg._045_,4.48
bgc_5.col_reg._000_\[5\],4.48
bgc_5.col_reg._000_\[6\],4.48
bgc_5.comp_col.A\[1\],4.48
bgc_5.comp_col.GR_index\[2\],4.48
bgc_5.comp_col._13_,4.48
bgc_5.comp_row.A\[10\],4.48
bgc_5.comp_row.pe2._08_,4.48
bgc_5.final_counter._27_,4.48
bgc_5.lfsr_col._21_,4.48
bgc_5.lfsr_row._00_\[6\],4.48
bgc_5.lfsr_row._00_\[8\],4.48
bgc_5.lfsr_row._05_,4.48
bgc_5.lfsr_row._15_,4.48
bgc_5.row_reg._000_\[5\],4.48
bgc_5.row_reg._000_\[7\],4.48
bgc_5.row_reg._000_\[8\],4.48
bgc_5.row_reg._047_,4.48
bgc_6.comp_col.A\[3\],4.48
bgc_6.comp_col.A\[9\],4.48
bgc_6.comp_col.GL_index\[0\],4.48
bgc_6.comp_col.GR_index\[0\],4.48
bgc_6.comp_row.A\[10\],4.48
bgc_6.final_counter._26_,4.48
bgc_6.lfsr_col._00_\[6\],4.48
bgc_6.lfsr_col._01_,4.48
bgc_6.lfsr_col._09_,4.48
bgc_6.lfsr_col._13_,4.48
bgc_6.lfsr_col._23_,4.48
bgc_6.lfsr_row._00_\[1\],4.48
bgc_6.lfsr_row._06_,4.48
bgc_6.lfsr_row._09_,4.48
bgc_6.lfsr_row._19_,4.48
bgc_6.row_reg._000_\[8\],4.48
bgc_7.col_data_in\[10\],4.48
bgc_7.col_data_in\[8\],4.48
bgc_7.col_reg._037_,4.48
bgc_7.comp_col.pe2._02_,4.48
bgc_7.comp_row.A\[5\],4.48
bgc_7.comp_row.GL_index\[3\],4.48
bgc_7.comp_row.GR_bits\[2\],4.48
bgc_7.comp_row.GR_index\[1\],4.48
bgc_7.comp_row.pe1._04_,4.48
bgc_7.final_counter._15_,4.48
bgc_7.lfsr_col._00_\[1\],4.48
bgc_7.lfsr_col._13_,4.48
bgc_7.lfsr_col._17_,4.48
bgc_7.lfsr_row._00_\[9\],4.48
bgc_7.lfsr_row._03_,4.48
bgc_7.row_reg._027_,4.48
bgc_7.row_reg._031_,4.48
bgc_8.col_data_in\[7\],4.48
bgc_8.col_reg._000_\[6\],4.48
bgc_8.col_reg._020_,4.48
bgc_8.comp_col.GL_bits\[10\],4.48
bgc_8.comp_col._01_,4.48
bgc_8.comp_col.pe1._17_,4.48
bgc_8.comp_row.A\[7\],4.48
bgc_8.comp_row.A\[8\],4.48
bgc_8.comp_row.pe1._06_,4.48
bgc_8.final_counter._00_\[8\],4.48
bgc_8.final_counter._25_,4.48
bgc_8.lfsr_col._02_,4.48
bgc_8.lfsr_row._00_\[2\],4.48
bgc_8.lfsr_row._00_\[3\],4.48
bgc_8.lfsr_row._14_,4.48
bgc_8.row_reg._000_\[4\],4.48
bgc_8.row_reg._008_,4.48
bgc_8.row_reg._036_,4.48
bgc_9.col_reg._000_\[1\],4.48
bgc_9.col_reg._000_\[3\],4.48
bgc_9.col_reg._004_,4.48
bgc_9.col_reg._009_,4.48
bgc_9.col_reg._032_,4.48
bgc_9.col_reg._046_,4.48
bgc_9.comp_col.GL_bits\[0\],4.48
bgc_9.comp_col.GL_index\[3\],4.48
bgc_9.comp_col.pe1._02_,4.48
bgc_9.comp_row.GR_index\[3\],4.48
bgc_9.lfsr_col._20_,4.48
bgc_9.lfsr_row._00_\[3\],4.48
bgc_9.lfsr_row._09_,4.48
bgc_9.lfsr_row._11_,4.48
bgc_9.lfsr_row._16_,4.48
bgc_9.row_reg._020_,4.48
bgc_9.row_reg._027_,4.48
bgc_9.row_reg._046_,4.48
bgc_9.row_reg._050_,4.48
lfsr_enabler._01_\[4\],4.48
res_mem_inst.slot\[0\].slot_reg._000_\[10\],4.48
res_mem_inst.slot\[0\].slot_reg._000_\[11\],4.48
res_mem_inst.slot\[0\].slot_reg._000_\[6\],4.48
res_mem_inst.slot\[10\].slot_reg._027_,4.48
res_mem_inst.slot\[11\].slot_reg._000_\[4\],4.48
res_mem_inst.slot\[12\].slot_reg._000_\[10\],4.48
res_mem_inst.slot\[12\].slot_reg._000_\[1\],4.48
res_mem_inst.slot\[12\].slot_reg._000_\[4\],4.48
res_mem_inst.slot\[12\].slot_reg._011_,4.48
res_mem_inst.slot\[13\].slot_reg._000_\[9\],4.48
res_mem_inst.slot\[13\].slot_reg._003_,4.48
res_mem_inst.slot\[13\].slot_reg._046_,4.48
res_mem_inst.slot\[14\].slot_reg._029_,4.48
res_mem_inst.slot\[15\].slot_reg._000_\[5\],4.48
res_mem_inst.slot\[15\].slot_reg._044_,4.48
res_mem_inst.slot\[1\].slot_reg._000_\[8\],4.48
res_mem_inst.slot\[1\].slot_reg._045_,4.48
res_mem_inst.slot\[2\].slot_reg._000_\[0\],4.48
res_mem_inst.slot\[2\].slot_reg._000_\[9\],4.48
res_mem_inst.slot\[2\].slot_reg._008_,4.48
res_mem_inst.slot\[3\].slot_reg._000_\[3\],4.48
res_mem_inst.slot\[3\].slot_reg._052_,4.48
res_mem_inst.slot\[4\].slot_reg._000_\[7\],4.48
res_mem_inst.slot\[4\].slot_reg._020_,4.48
res_mem_inst.slot\[4\].slot_reg._023_,4.48
res_mem_inst.slot\[5\].slot_reg._019_,4.48
res_mem_inst.slot\[6\].slot_reg._000_\[6\],4.48
res_mem_inst.slot\[6\].slot_reg._044_,4.48
res_mem_inst.slot\[6\].slot_reg._045_,4.48
res_mem_inst.slot\[7\].slot_reg._000_\[0\],4.48
res_mem_inst.slot\[7\].slot_reg._000_\[1\],4.48
res_mem_inst.slot\[7\].slot_reg._007_,4.48
res_mem_inst.slot\[7\].slot_reg._013_,4.48
res_mem_inst.slot\[7\].slot_reg._045_,4.48
res_mem_inst.slot\[8\].slot_reg._025_,4.48
res_mem_inst.slot\[8\].slot_reg._028_,4.48
res_mem_inst.slot\[8\].slot_reg._031_,4.48
res_mem_inst.slot\[9\].slot_reg._013_,4.48
timer_inst._01_\[3\],4.48
timer_inst._17_,4.48
net1473,4.48
bgc_11.comp_col.pe2._02_,4.12
net1118,4.02
bgc_0.col_reg._010_,4.02
bgc_0.col_reg._012_,4.02
bgc_0.row_reg._049_,4.02
bgc_1.comp_col.pe1._04_,4.02
bgc_1.comp_col.pe2._02_,4.02
bgc_1.comp_row.A\[4\],4.02
bgc_10.col_data_in\[5\],4.02
bgc_11.col_reg._009_,4.02
bgc_11.col_reg._010_,4.02
bgc_11.col_reg._015_,4.02
bgc_11.col_reg._050_,4.02
bgc_11.comp_col._01_,4.02
bgc_11.row_reg._014_,4.02
bgc_11.row_reg._048_,4.02
bgc_11.row_reg._051_,4.02
bgc_12.col_data_in\[1\],4.02
bgc_12.col_reg._003_,4.02
bgc_12.col_reg._052_,4.02
bgc_12.comp_col._01_,4.02
bgc_12.final_counter._02_,4.02
bgc_12.row_reg._011_,4.02
bgc_12.row_reg._013_,4.02
bgc_13.col_reg._050_,4.02
bgc_13.comp_row.pe1._11_,4.02
bgc_13.row_reg._006_,4.02
bgc_13.row_reg._052_,4.02
bgc_14.row_reg._005_,4.02
bgc_14.row_reg._044_,4.02
bgc_15.col_data_in\[8\],4.02
bgc_15.col_reg._027_,4.02
bgc_15.col_reg._049_,4.02
bgc_15.comp_row.GR_index\[3\],4.02
bgc_15.final_counter._11_,4.02
bgc_15.final_counter._15_,4.02
bgc_15.row_reg._046_,4.02
bgc_2.col_reg._015_,4.02
bgc_2.row_reg._012_,4.02
bgc_3.col_reg._004_,4.02
bgc_3.col_reg._012_,4.02
bgc_3.final_counter._15_,4.02
bgc_3.row_reg._003_,4.02
bgc_3.row_reg._006_,4.02
bgc_3.row_reg._011_,4.02
bgc_4.col_reg._005_,4.02
bgc_4.row_reg._001_,4.02
bgc_4.row_reg._050_,4.02
bgc_5.col_reg._001_,4.02
bgc_5.col_reg._009_,4.02
bgc_5.col_reg._013_,4.02
bgc_5.col_reg._047_,4.02
bgc_5.col_reg._051_,4.02
bgc_5.comp_col.pe2._09_,4.02
bgc_5.final_counter._17_,4.02
bgc_5.row_reg._044_,4.02
bgc_5.row_reg._049_,4.02
bgc_5.row_reg._051_,4.02
bgc_6.col_data_in\[10\],4.02
bgc_6.col_reg._002_,4.02
bgc_6.comp_row.pe1._04_,4.02
bgc_6.row_reg._002_,4.02
bgc_7.col_data_in\[5\],4.02
bgc_7.col_reg._005_,4.02
bgc_7.col_reg._008_,4.02
bgc_7.col_reg._009_,4.02
bgc_7.col_reg._051_,4.02
bgc_7.comp_row.pe1._05_,4.02
bgc_7.row_reg._007_,4.02
bgc_7.row_reg._014_,4.02
bgc_7.row_reg._049_,4.02
bgc_8.col_reg._011_,4.02
bgc_8.col_reg._050_,4.02
bgc_8.comp_row.GR_index\[3\],4.02
bgc_8.comp_row.pe2._02_,4.02
bgc_8.row_reg._006_,4.02
bgc_8.row_reg._045_,4.02
bgc_9.col_reg._002_,4.02
bgc_9.col_reg._008_,4.02
bgc_9.comp_col.A\[1\],4.02
bgc_9.comp_row.pe1._17_,4.02
bgc_9.row_reg._002_,4.02
res_mem_inst.slot\[0\].slot_reg._007_,4.02
res_mem_inst.slot\[0\].slot_reg._015_,4.02
res_mem_inst.slot\[10\].slot_reg._001_,4.02
res_mem_inst.slot\[10\].slot_reg._047_,4.02
res_mem_inst.slot\[10\].slot_reg._051_,4.02
res_mem_inst.slot\[11\].slot_reg._001_,4.02
res_mem_inst.slot\[11\].slot_reg._004_,4.02
res_mem_inst.slot\[11\].slot_reg._005_,4.02
res_mem_inst.slot\[11\].slot_reg._008_,4.02
res_mem_inst.slot\[11\].slot_reg._052_,4.02
res_mem_inst.slot\[12\].slot_reg._048_,4.02
res_mem_inst.slot\[13\].slot_reg._008_,4.02
res_mem_inst.slot\[13\].slot_reg._009_,4.02
res_mem_inst.slot\[13\].slot_reg._015_,4.02
res_mem_inst.slot\[13\].slot_reg._050_,4.02
res_mem_inst.slot\[13\].slot_reg._051_,4.02
res_mem_inst.slot\[14\].slot_reg._001_,4.02
res_mem_inst.slot\[14\].slot_reg._007_,4.02
res_mem_inst.slot\[14\].slot_reg._012_,4.02
res_mem_inst.slot\[15\].slot_reg._050_,4.02
res_mem_inst.slot\[1\].slot_reg._027_,4.02
res_mem_inst.slot\[2\].slot_reg._001_,4.02
res_mem_inst.slot\[2\].slot_reg._010_,4.02
res_mem_inst.slot\[3\].slot_reg._001_,4.02
res_mem_inst.slot\[3\].slot_reg._015_,4.02
res_mem_inst.slot\[4\].slot_reg._011_,4.02
res_mem_inst.slot\[4\].slot_reg._044_,4.02
res_mem_inst.slot\[4\].slot_reg._050_,4.02
res_mem_inst.slot\[5\].slot_reg._002_,4.02
res_mem_inst.slot\[5\].slot_reg._008_,4.02
res_mem_inst.slot\[5\].slot_reg._046_,4.02
res_mem_inst.slot\[5\].slot_reg._049_,4.02
res_mem_inst.slot\[6\].slot_reg._013_,4.02
res_mem_inst.slot\[6\].slot_reg._047_,4.02
res_mem_inst.slot\[7\].slot_reg._006_,4.02
res_mem_inst.slot\[7\].slot_reg._008_,4.02
res_mem_inst.slot\[8\].slot_reg._048_,4.02
res_mem_inst.slot\[9\].slot_reg._017_,4.02
res_mem_inst.slot\[9\].slot_reg._051_,4.02
timer_inst._23_,4.02
net1115,3.97
net1146,3.97
net1239,3.97
net1247,3.97
net1267,3.97
net1283,3.97
net1296,3.97
net1418,3.97
net198,3.97
net374,3.97
net438,3.97
net452,3.97
net527,3.97
net528,3.97
net547,3.97
net673,3.97
adder_tree._0704_,3.97
bgc_0.col_reg._037_,3.97
bgc_10.row_reg._035_,3.97
bgc_14.row_reg._030_,3.97
bgc_2.lfsr_col._13_,3.97
bgc_3.comp_col.pe2._02_,3.97
bgc_4.row_reg._015_,3.97
bgc_5.comp_row.pe2._10_,3.97
bgc_6.comp_row.pe2._17_,3.97
res_mem_inst.slot\[13\].slot_reg._021_,3.97
res_mem_inst.slot\[2\].slot_reg._052_,3.97
res_mem_inst.slot\[4\].slot_reg._052_,3.97
res_mem_inst.slot\[9\].slot_reg._029_,3.97
net823,3.92
net849,3.92
net857,3.92
net879,3.92
net886,3.92
net912,3.92
net934,3.92
net947,3.92
net986,3.92
net993,3.92
net1001,3.92
net1017,3.92
net1044,3.92
net1089,3.92
net1095,3.92
net1100,3.92
net1168,3.92
net1193,3.92
net1195,3.92
net1220,3.92
net1221,3.92
net1272,3.92
net1288,3.92
net1349,3.92
net1395,3.92
net1396,3.92
net1403,3.92
net1417,3.92
net1447,3.92
net1451,3.92
net1454,3.92
net121,3.92
net225,3.92
net226,3.92
net231,3.92
net252,3.92
net295,3.92
net304,3.92
net339,3.92
net418,3.92
net502,3.92
net524,3.92
net539,3.92
net607,3.92
net653,3.92
net715,3.92
net733,3.92
net749,3.92
net771,3.92
adder_tree._0146_,3.92
adder_tree._0189_,3.92
adder_tree._0296_,3.92
adder_tree._0303_,3.92
adder_tree._0326_,3.92
adder_tree._0346_,3.92
adder_tree._0389_,3.92
adder_tree._0390_,3.92
adder_tree._0427_,3.92
adder_tree._0606_,3.92
adder_tree._0653_,3.92
adder_tree._0661_,3.92
adder_tree._0681_,3.92
bgc_0.col_reg._000_\[9\],3.92
bgc_0.col_reg._005_,3.92
bgc_0.comp_col.A\[1\],3.92
bgc_0.comp_col.A\[6\],3.92
bgc_0.lfsr_col._03_,3.92
bgc_0.lfsr_col._08_,3.92
bgc_0.lfsr_col._11_,3.92
bgc_0.lfsr_row._00_\[9\],3.92
bgc_0.lfsr_row._14_,3.92
bgc_0.lfsr_row._17_,3.92
bgc_0.lfsr_row._19_,3.92
bgc_0.row_reg._004_,3.92
bgc_1.col_data_in\[2\],3.92
bgc_1.col_data_in\[7\],3.92
bgc_1.col_reg._006_,3.92
bgc_1.col_reg._011_,3.92
bgc_1.comp_col.GL_bits\[0\],3.92
bgc_1.comp_col.pe2._00_,3.92
bgc_1.comp_col.pe2._04_,3.92
bgc_1.comp_row.A\[1\],3.92
bgc_1.final_counter._00_\[8\],3.92
bgc_1.lfsr_col._00_\[10\],3.92
bgc_1.lfsr_col._05_,3.92
bgc_1.lfsr_row._00_\[4\],3.92
bgc_1.lfsr_row._00_\[7\],3.92
bgc_1.lfsr_row._01_,3.92
bgc_1.lfsr_row._15_,3.92
bgc_1.lfsr_row._17_,3.92
bgc_1.lfsr_row._18_,3.92
bgc_1.row_reg._004_,3.92
bgc_1.row_reg._006_,3.92
bgc_10.col_data_in\[3\],3.92
bgc_10.col_reg._044_,3.92
bgc_10.comp_col.pe1._09_,3.92
bgc_10.comp_row.GL_bits\[1\],3.92
bgc_10.comp_row.pe1._02_,3.92
bgc_10.final_counter._00_\[6\],3.92
bgc_10.lfsr_col._00_\[2\],3.92
bgc_10.lfsr_col._00_\[3\],3.92
bgc_10.lfsr_col._13_,3.92
bgc_10.lfsr_col._24_,3.92
bgc_10.lfsr_row._00_\[11\],3.92
bgc_10.lfsr_row._01_,3.92
bgc_10.lfsr_row._10_,3.92
bgc_10.row_reg._000_\[11\],3.92
bgc_10.row_reg._000_\[2\],3.92
bgc_10.row_reg._005_,3.92
bgc_10.row_reg._011_,3.92
bgc_10.row_reg._012_,3.92
bgc_10.row_reg._033_,3.92
bgc_11.col_data_in\[3\],3.92
bgc_11.col_reg._000_\[11\],3.92
bgc_11.col_reg._007_,3.92
bgc_11.col_reg._012_,3.92
bgc_11.comp_col.A\[4\],3.92
bgc_11.comp_col.A\[5\],3.92
bgc_11.comp_col.GR_bits\[1\],3.92
bgc_11.comp_col.GR_index\[1\],3.92
bgc_11.comp_row.A\[3\],3.92
bgc_11.final_counter._00_\[7\],3.92
bgc_11.final_counter._28_,3.92
bgc_11.lfsr_col._00_\[4\],3.92
bgc_11.lfsr_col._03_,3.92
bgc_11.lfsr_col._08_,3.92
bgc_11.lfsr_col._14_,3.92
bgc_11.lfsr_col._17_,3.92
bgc_11.lfsr_col._18_,3.92
bgc_11.lfsr_col._19_,3.92
bgc_11.lfsr_row._01_,3.92
bgc_11.row_reg._000_\[0\],3.92
bgc_11.row_reg._001_,3.92
bgc_11.row_reg._004_,3.92
bgc_11.row_reg._010_,3.92
bgc_12.col_reg._006_,3.92
bgc_12.col_reg._010_,3.92
bgc_12.col_reg._039_,3.92
bgc_12.comp_col.A\[11\],3.92
bgc_12.comp_col.A\[4\],3.92
bgc_12.comp_row.A\[11\],3.92
bgc_12.comp_row.pe1._08_,3.92
bgc_12.comp_row.pe2._07_,3.92
bgc_12.final_counter._00_\[1\],3.92
bgc_12.final_counter._13_,3.92
bgc_12.final_counter._27_,3.92
bgc_12.lfsr_col._00_\[10\],3.92
bgc_12.lfsr_col._03_,3.92
bgc_12.lfsr_col._07_,3.92
bgc_12.lfsr_col._16_,3.92
bgc_12.lfsr_col._21_,3.92
bgc_12.lfsr_row._00_\[9\],3.92
bgc_12.lfsr_row._01_,3.92
bgc_12.lfsr_row._03_,3.92
bgc_12.lfsr_row._07_,3.92
bgc_12.lfsr_row._12_,3.92
bgc_12.lfsr_row._13_,3.92
bgc_12.lfsr_row._19_,3.92
bgc_12.lfsr_row._22_,3.92
bgc_12.row_reg._000_\[0\],3.92
bgc_12.row_reg._001_,3.92
bgc_12.row_reg._002_,3.92
bgc_12.row_reg._003_,3.92
bgc_12.row_reg._004_,3.92
bgc_12.row_reg._010_,3.92
bgc_12.row_reg._024_,3.92
bgc_12.row_reg._034_,3.92
bgc_13.col_reg._001_,3.92
bgc_13.col_reg._011_,3.92
bgc_13.comp_col.A\[9\],3.92
bgc_13.comp_row.pe2._11_,3.92
bgc_13.final_counter._08_,3.92
bgc_13.final_counter._18_,3.92
bgc_13.lfsr_col._00_\[10\],3.92
bgc_13.lfsr_col._00_\[3\],3.92
bgc_13.lfsr_col._00_\[7\],3.92
bgc_13.lfsr_col._05_,3.92
bgc_13.lfsr_col._08_,3.92
bgc_13.lfsr_row._00_\[1\],3.92
bgc_13.lfsr_row._00_\[5\],3.92
bgc_13.lfsr_row._04_,3.92
bgc_13.lfsr_row._06_,3.92
bgc_13.lfsr_row._10_,3.92
bgc_13.lfsr_row._12_,3.92
bgc_13.lfsr_row._16_,3.92
bgc_13.lfsr_row._22_,3.92
bgc_13.row_reg._004_,3.92
bgc_13.row_reg._011_,3.92
bgc_13.row_reg._035_,3.92
bgc_13.row_reg._036_,3.92
bgc_14.col_reg._000_\[1\],3.92
bgc_14.col_reg._002_,3.92
bgc_14.col_reg._004_,3.92
bgc_14.col_reg._029_,3.92
bgc_14.col_reg._040_,3.92
bgc_14.comp_col.pe2._00_,3.92
bgc_14.comp_row.pe1._01_,3.92
bgc_14.comp_row.pe2._02_,3.92
bgc_14.final_counter._00_\[9\],3.92
bgc_14.final_counter._25_,3.92
bgc_14.lfsr_col._00_\[0\],3.92
bgc_14.lfsr_col._00_\[7\],3.92
bgc_14.lfsr_col._05_,3.92
bgc_14.lfsr_col._06_,3.92
bgc_14.lfsr_row._00_\[11\],3.92
bgc_14.lfsr_row._02_,3.92
bgc_14.lfsr_row._04_,3.92
bgc_14.lfsr_row._16_,3.92
bgc_14.lfsr_row._23_,3.92
bgc_14.row_reg._001_,3.92
bgc_14.row_reg._003_,3.92
bgc_14.row_reg._010_,3.92
bgc_14.row_reg._012_,3.92
bgc_14.row_reg._017_,3.92
bgc_15.col_reg._000_\[9\],3.92
bgc_15.col_reg._006_,3.92
bgc_15.comp_row.A\[7\],3.92
bgc_15.comp_row.A\[9\],3.92
bgc_15.comp_row.pe1._11_,3.92
bgc_15.final_counter._07_,3.92
bgc_15.final_counter._26_,3.92
bgc_15.lfsr_col._00_\[4\],3.92
bgc_15.lfsr_col._08_,3.92
bgc_15.lfsr_col._10_,3.92
bgc_15.lfsr_col._15_,3.92
bgc_15.lfsr_col._18_,3.92
bgc_15.lfsr_col._20_,3.92
bgc_15.lfsr_col._24_,3.92
bgc_15.lfsr_row._00_\[1\],3.92
bgc_15.lfsr_row._16_,3.92
bgc_15.lfsr_row._18_,3.92
bgc_15.row_reg._000_\[9\],3.92
bgc_15.row_reg._006_,3.92
bgc_15.row_reg._012_,3.92
bgc_15.row_reg._021_,3.92
bgc_15.row_reg._036_,3.92
bgc_2.col_data_in\[9\],3.92
bgc_2.col_reg._006_,3.92
bgc_2.col_reg._010_,3.92
bgc_2.comp_row.pe1._08_,3.92
bgc_2.final_counter._26_,3.92
bgc_2.lfsr_col._00_\[11\],3.92
bgc_2.lfsr_col._00_\[5\],3.92
bgc_2.lfsr_col._11_,3.92
bgc_2.lfsr_col._17_,3.92
bgc_2.lfsr_row._03_,3.92
bgc_2.lfsr_row._04_,3.92
bgc_2.lfsr_row._21_,3.92
bgc_2.row_reg._009_,3.92
bgc_2.row_reg._017_,3.92
bgc_2.row_reg._052_,3.92
bgc_3.col_data_in\[4\],3.92
bgc_3.col_reg._006_,3.92
bgc_3.col_reg._010_,3.92
bgc_3.comp_col.GR_index\[2\],3.92
bgc_3.comp_col._00_,3.92
bgc_3.comp_col._19_,3.92
bgc_3.comp_col.pe1._00_,3.92
bgc_3.comp_row.GR_index\[0\],3.92
bgc_3.final_counter._00_\[3\],3.92
bgc_3.lfsr_col._00_\[2\],3.92
bgc_3.lfsr_col._01_,3.92
bgc_3.lfsr_col._08_,3.92
bgc_3.lfsr_col._09_,3.92
bgc_3.lfsr_col._10_,3.92
bgc_3.lfsr_col._19_,3.92
bgc_3.lfsr_col._21_,3.92
bgc_3.lfsr_row._00_\[10\],3.92
bgc_3.lfsr_row._00_\[7\],3.92
bgc_3.lfsr_row._03_,3.92
bgc_3.lfsr_row._04_,3.92
bgc_3.lfsr_row._05_,3.92
bgc_3.lfsr_row._08_,3.92
bgc_3.lfsr_row._09_,3.92
bgc_3.lfsr_row._20_,3.92
bgc_3.lfsr_row._24_,3.92
bgc_3.row_reg._007_,3.92
bgc_3.row_reg._008_,3.92
bgc_3.row_reg._010_,3.92
bgc_3.row_reg._046_,3.92
bgc_4.col_reg._000_\[7\],3.92
bgc_4.col_reg._012_,3.92
bgc_4.col_reg._020_,3.92
bgc_4.col_reg._035_,3.92
bgc_4.col_reg._037_,3.92
bgc_4.comp_col.A\[6\],3.92
bgc_4.comp_col._00_,3.92
bgc_4.comp_row.GR_index\[2\],3.92
bgc_4.comp_row.pe1._04_,3.92
bgc_4.final_counter._00_\[5\],3.92
bgc_4.final_counter._02_,3.92
bgc_4.final_counter._15_,3.92
bgc_4.lfsr_col._10_,3.92
bgc_4.lfsr_col._20_,3.92
bgc_4.lfsr_col._24_,3.92
bgc_4.lfsr_row._00_\[5\],3.92
bgc_4.lfsr_row._01_,3.92
bgc_4.lfsr_row._10_,3.92
bgc_4.lfsr_row._21_,3.92
bgc_4.row_reg._000_\[0\],3.92
bgc_4.row_reg._006_,3.92
bgc_4.row_reg._007_,3.92
bgc_4.row_reg._020_,3.92
bgc_4.row_reg._037_,3.92
bgc_5.col_data_in\[8\],3.92
bgc_5.col_reg._006_,3.92
bgc_5.comp_col.A\[10\],3.92
bgc_5.comp_row.A\[11\],3.92
bgc_5.lfsr_col._00_\[2\],3.92
bgc_5.lfsr_col._12_,3.92
bgc_5.lfsr_col._19_,3.92
bgc_5.lfsr_row._00_\[0\],3.92
bgc_5.lfsr_row._00_\[9\],3.92
bgc_5.lfsr_row._03_,3.92
bgc_5.lfsr_row._17_,3.92
bgc_5.lfsr_row._18_,3.92
bgc_5.row_reg._001_,3.92
bgc_5.row_reg._007_,3.92
bgc_5.row_reg._019_,3.92
bgc_6.col_data_in\[1\],3.92
bgc_6.col_data_in\[6\],3.92
bgc_6.col_reg._000_\[8\],3.92
bgc_6.col_reg._005_,3.92
bgc_6.col_reg._006_,3.92
bgc_6.comp_col.pe1._04_,3.92
bgc_6.comp_col.pe2._02_,3.92
bgc_6.comp_row.A\[11\],3.92
bgc_6.comp_row.A\[4\],3.92
bgc_6.comp_row.pe1._01_,3.92
bgc_6.comp_row.pe2._11_,3.92
bgc_6.final_counter._18_,3.92
bgc_6.lfsr_col._00_\[0\],3.92
bgc_6.lfsr_col._00_\[7\],3.92
bgc_6.lfsr_col._00_\[8\],3.92
bgc_6.lfsr_row._00_\[5\],3.92
bgc_6.lfsr_row._00_\[7\],3.92
bgc_6.lfsr_row._02_,3.92
bgc_6.lfsr_row._04_,3.92
bgc_6.lfsr_row._08_,3.92
bgc_6.lfsr_row._16_,3.92
bgc_6.lfsr_row._17_,3.92
bgc_6.lfsr_row._18_,3.92
bgc_6.row_reg._000_\[1\],3.92
bgc_6.row_reg._003_,3.92
bgc_6.row_reg._012_,3.92
bgc_7.col_reg._003_,3.92
bgc_7.col_reg._004_,3.92
bgc_7.col_reg._006_,3.92
bgc_7.comp_col.A\[2\],3.92
bgc_7.comp_col.GL_index\[0\],3.92
bgc_7.comp_col.GR_bits\[1\],3.92
bgc_7.comp_col.pe1._05_,3.92
bgc_7.comp_col.pe2._00_,3.92
bgc_7.lfsr_col._00_\[5\],3.92
bgc_7.lfsr_col._01_,3.92
bgc_7.lfsr_col._02_,3.92
bgc_7.lfsr_col._11_,3.92
bgc_7.lfsr_row._00_\[2\],3.92
bgc_7.lfsr_row._00_\[7\],3.92
bgc_7.lfsr_row._05_,3.92
bgc_7.lfsr_row._11_,3.92
bgc_7.lfsr_row._12_,3.92
bgc_7.lfsr_row._17_,3.92
bgc_7.row_reg._004_,3.92
bgc_7.row_reg._005_,3.92
bgc_7.row_reg._010_,3.92
bgc_7.row_reg._011_,3.92
bgc_7.row_reg._048_,3.92
bgc_8.col_reg._000_\[4\],3.92
bgc_8.col_reg._000_\[7\],3.92
bgc_8.col_reg._002_,3.92
bgc_8.col_reg._005_,3.92
bgc_8.col_reg._009_,3.92
bgc_8.col_reg._012_,3.92
bgc_8.col_reg._017_,3.92
bgc_8.comp_row.A\[2\],3.92
bgc_8.comp_row.GL_index\[0\],3.92
bgc_8.comp_row.pe2._17_,3.92
bgc_8.lfsr_col._00_\[4\],3.92
bgc_8.lfsr_col._00_\[7\],3.92
bgc_8.lfsr_col._22_,3.92
bgc_8.lfsr_row._17_,3.92
bgc_8.row_reg._001_,3.92
bgc_8.row_reg._009_,3.92
bgc_8.row_reg._015_,3.92
bgc_8.row_reg._049_,3.92
bgc_9.col_data_in\[8\],3.92
bgc_9.col_reg._020_,3.92
bgc_9.comp_col.A\[8\],3.92
bgc_9.comp_col._01_,3.92
bgc_9.comp_row.A\[3\],3.92
bgc_9.comp_row.GR_index\[1\],3.92
bgc_9.comp_row._01_,3.92
bgc_9.comp_row.pe2._11_,3.92
bgc_9.final_counter._00_\[3\],3.92
bgc_9.lfsr_col._00_\[0\],3.92
bgc_9.lfsr_col._00_\[2\],3.92
bgc_9.lfsr_col._03_,3.92
bgc_9.lfsr_col._06_,3.92
bgc_9.lfsr_col._09_,3.92
bgc_9.lfsr_row._00_\[11\],3.92
bgc_9.lfsr_row._00_\[7\],3.92
bgc_9.lfsr_row._07_,3.92
bgc_9.lfsr_row._12_,3.92
bgc_9.lfsr_row._17_,3.92
bgc_9.lfsr_row._20_,3.92
bgc_9.lfsr_row._23_,3.92
bgc_9.row_reg._000_\[9\],3.92
bgc_9.row_reg._009_,3.92
bgc_9.row_reg._029_,3.92
bgc_9.row_reg._048_,3.92
bgc_9.row_reg._049_,3.92
res_mem_inst._002_\[2\],3.92
res_mem_inst._033_,3.92
res_mem_inst.slot\[0\].slot_reg._001_,3.92
res_mem_inst.slot\[0\].slot_reg._006_,3.92
res_mem_inst.slot\[0\].slot_reg._010_,3.92
res_mem_inst.slot\[0\].slot_reg._012_,3.92
res_mem_inst.slot\[10\].slot_reg._003_,3.92
res_mem_inst.slot\[10\].slot_reg._005_,3.92
res_mem_inst.slot\[10\].slot_reg._008_,3.92
res_mem_inst.slot\[10\].slot_reg._015_,3.92
res_mem_inst.slot\[11\].slot_reg._000_\[11\],3.92
res_mem_inst.slot\[11\].slot_reg._007_,3.92
res_mem_inst.slot\[11\].slot_reg._045_,3.92
res_mem_inst.slot\[12\].slot_reg._008_,3.92
res_mem_inst.slot\[13\].slot_reg._001_,3.92
res_mem_inst.slot\[13\].slot_reg._023_,3.92
res_mem_inst.slot\[13\].slot_reg._028_,3.92
res_mem_inst.slot\[13\].slot_reg._030_,3.92
res_mem_inst.slot\[13\].slot_reg._049_,3.92
res_mem_inst.slot\[14\].slot_reg._002_,3.92
res_mem_inst.slot\[14\].slot_reg._005_,3.92
res_mem_inst.slot\[14\].slot_reg._033_,3.92
res_mem_inst.slot\[15\].slot_reg._000_\[7\],3.92
res_mem_inst.slot\[15\].slot_reg._008_,3.92
res_mem_inst.slot\[15\].slot_reg._010_,3.92
res_mem_inst.slot\[15\].slot_reg._035_,3.92
res_mem_inst.slot\[2\].slot_reg._005_,3.92
res_mem_inst.slot\[2\].slot_reg._015_,3.92
res_mem_inst.slot\[3\].slot_reg._006_,3.92
res_mem_inst.slot\[3\].slot_reg._033_,3.92
res_mem_inst.slot\[4\].slot_reg._003_,3.92
res_mem_inst.slot\[4\].slot_reg._009_,3.92
res_mem_inst.slot\[4\].slot_reg._024_,3.92
res_mem_inst.slot\[5\].slot_reg._006_,3.92
res_mem_inst.slot\[5\].slot_reg._012_,3.92
res_mem_inst.slot\[5\].slot_reg._044_,3.92
res_mem_inst.slot\[6\].slot_reg._003_,3.92
res_mem_inst.slot\[6\].slot_reg._006_,3.92
res_mem_inst.slot\[6\].slot_reg._008_,3.92
res_mem_inst.slot\[6\].slot_reg._033_,3.92
res_mem_inst.slot\[6\].slot_reg._048_,3.92
res_mem_inst.slot\[7\].slot_reg._000_\[10\],3.92
res_mem_inst.slot\[7\].slot_reg._000_\[2\],3.92
res_mem_inst.slot\[7\].slot_reg._040_,3.92
res_mem_inst.slot\[8\].slot_reg._000_\[4\],3.92
res_mem_inst.slot\[8\].slot_reg._001_,3.92
res_mem_inst.slot\[8\].slot_reg._010_,3.92
res_mem_inst.slot\[9\].slot_reg._004_,3.92
res_mem_inst.slot\[9\].slot_reg._008_,3.92
res_mem_inst.slot\[9\].slot_reg._012_,3.92
res_mem_inst.slot\[9\].slot_reg._047_,3.92
timer_inst._08_,3.92
net1032,3.46
net1254,3.46
net509,3.46
adder_tree._0590_,3.46
bgc_0.comp_row.pe1._00_,3.46
bgc_1.col_reg._027_,3.46
bgc_10.comp_col.A\[7\],3.46
bgc_10.row_reg._025_,3.46
bgc_10.row_reg._047_,3.46
bgc_11.col_data_in\[5\],3.46
bgc_11.col_reg._046_,3.46
bgc_12.col_reg._047_,3.46
bgc_12.comp_col.pe2._01_,3.46
bgc_12.comp_row.pe1._10_,3.46
bgc_12.final_counter._10_,3.46
bgc_12.row_reg._050_,3.46
bgc_12.row_reg._051_,3.46
bgc_13.comp_col.pe1._17_,3.46
bgc_13.row_reg._026_,3.46
bgc_14.row_reg._013_,3.46
bgc_14.row_reg._014_,3.46
bgc_14.row_reg._025_,3.46
bgc_14.row_reg._051_,3.46
bgc_3.comp_row.A\[4\],3.46
bgc_3.comp_row.GR_bits\[1\],3.46
bgc_4.col_reg._030_,3.46
bgc_4.comp_row.pe1._08_,3.46
bgc_4.comp_row.pe2._04_,3.46
bgc_5.comp_col.pe1._07_,3.46
bgc_7.col_reg._048_,3.46
bgc_8.row_reg._014_,3.46
bgc_9.comp_col.pe2._07_,3.46
bgc_9.row_reg._014_,3.46
res_mem_inst.slot\[0\].slot_reg._036_,3.46
res_mem_inst.slot\[14\].slot_reg._018_,3.46
res_mem_inst.slot\[15\].slot_reg._051_,3.46
res_mem_inst.slot\[1\].slot_reg._014_,3.46
res_mem_inst.slot\[1\].slot_reg._031_,3.46
res_mem_inst.slot\[1\].slot_reg._038_,3.46
res_mem_inst.slot\[2\].slot_reg._046_,3.46
res_mem_inst.slot\[4\].slot_reg._032_,3.46
net841,3.41
net887,3.41
net908,3.41
net1291,3.41
net1439,3.41
bgc_1.comp_col.pe2._01_,3.41
bgc_10.col_reg._015_,3.41
bgc_12.final_counter._15_,3.41
bgc_13.comp_row.pe1._01_,3.41
bgc_14.row_reg._050_,3.41
bgc_15.comp_col.pe1._00_,3.41
bgc_4.comp_col.pe1._00_,3.41
bgc_4.comp_row.pe2._02_,3.41
bgc_5.row_reg._045_,3.41
bgc_6.row_reg._048_,3.41
bgc_7.comp_row.pe1._00_,3.41
bgc_8.row_reg._013_,3.41
bgc_8.row_reg._046_,3.41
res_mem_inst.slot\[10\].slot_reg._013_,3.41
res_mem_inst.slot\[10\].slot_reg._049_,3.41
res_mem_inst.slot\[14\].slot_reg._019_,3.41
res_mem_inst.slot\[7\].slot_reg._048_,3.41
net864,3.36
net865,3.36
net885,3.36
net889,3.36
net911,3.36
net926,3.36
net929,3.36
net950,3.36
net953,3.36
net966,3.36
net971,3.36
net995,3.36
net1023,3.36
net1027,3.36
net1028,3.36
net1038,3.36
net1045,3.36
net1047,3.36
net1048,3.36
net1071,3.36
net1081,3.36
net1093,3.36
net1126,3.36
net1148,3.36
net1151,3.36
net1158,3.36
net1170,3.36
net1194,3.36
net1199,3.36
net1225,3.36
net1236,3.36
net1243,3.36
net1244,3.36
net1268,3.36
net1269,3.36
net1292,3.36
net1303,3.36
net1328,3.36
net1329,3.36
net1330,3.36
net1334,3.36
net1350,3.36
net1353,3.36
net1357,3.36
net1370,3.36
net1372,3.36
net1374,3.36
net1415,3.36
net1452,3.36
net1453,3.36
net1455,3.36
net1456,3.36
net1457,3.36
net1467,3.36
net89,3.36
net116,3.36
net137,3.36
net139,3.36
net149,3.36
net151,3.36
net184,3.36
net202,3.36
net216,3.36
net253,3.36
net275,3.36
net332,3.36
net343,3.36
net346,3.36
net380,3.36
net381,3.36
net393,3.36
net398,3.36
net405,3.36
net445,3.36
net473,3.36
net482,3.36
net489,3.36
net532,3.36
net536,3.36
net538,3.36
net549,3.36
net585,3.36
net587,3.36
net600,3.36
net603,3.36
net636,3.36
net657,3.36
net680,3.36
net732,3.36
net762,3.36
net767,3.36
net784,3.36
net787,3.36
adder_tree._0119_,3.36
adder_tree._0156_,3.36
adder_tree._0168_,3.36
adder_tree._0221_,3.36
adder_tree._0233_,3.36
adder_tree._0277_,3.36
adder_tree._0279_,3.36
adder_tree._0324_,3.36
adder_tree._0365_,3.36
adder_tree._0489_,3.36
adder_tree._0566_,3.36
adder_tree._0594_,3.36
adder_tree._0627_,3.36
adder_tree._0683_,3.36
bgc_0.col_reg._000_\[10\],3.36
bgc_0.col_reg._004_,3.36
bgc_0.comp_col.A\[11\],3.36
bgc_0.comp_col.A\[4\],3.36
bgc_0.comp_col.pe1._02_,3.36
bgc_0.final_counter._25_,3.36
bgc_0.lfsr_col._00_\[3\],3.36
bgc_0.lfsr_col._09_,3.36
bgc_0.lfsr_col._21_,3.36
bgc_0.lfsr_col._22_,3.36
bgc_0.lfsr_row._07_,3.36
bgc_0.row_reg._003_,3.36
bgc_0.row_reg._023_,3.36
bgc_0.row_reg._031_,3.36
bgc_0.row_reg._045_,3.36
bgc_0.row_reg._051_,3.36
bgc_1.col_reg._014_,3.36
bgc_1.col_reg._030_,3.36
bgc_1.col_reg._031_,3.36
bgc_1.col_reg._033_,3.36
bgc_1.comp_col.pe1._11_,3.36
bgc_1.lfsr_col._00_\[9\],3.36
bgc_1.lfsr_col._06_,3.36
bgc_1.lfsr_col._16_,3.36
bgc_1.lfsr_col._17_,3.36
bgc_1.lfsr_row._02_,3.36
bgc_1.lfsr_row._07_,3.36
bgc_1.lfsr_row._11_,3.36
bgc_1.lfsr_row._23_,3.36
bgc_1.row_reg._000_\[11\],3.36
bgc_1.row_reg._001_,3.36
bgc_1.row_reg._046_,3.36
bgc_10.col_reg._000_\[5\],3.36
bgc_10.comp_col.pe1._07_,3.36
bgc_10.comp_row.A\[4\],3.36
bgc_10.comp_row.GR_bits\[1\],3.36
bgc_10.comp_row.pe2._17_,3.36
bgc_10.lfsr_col._00_\[8\],3.36
bgc_10.lfsr_col._01_,3.36
bgc_10.lfsr_col._03_,3.36
bgc_10.lfsr_col._12_,3.36
bgc_10.lfsr_row._00_\[1\],3.36
bgc_10.lfsr_row._00_\[2\],3.36
bgc_10.lfsr_row._00_\[7\],3.36
bgc_10.lfsr_row._03_,3.36
bgc_10.lfsr_row._06_,3.36
bgc_10.lfsr_row._08_,3.36
bgc_10.lfsr_row._09_,3.36
bgc_10.lfsr_row._11_,3.36
bgc_10.row_reg._000_\[3\],3.36
bgc_10.row_reg._007_,3.36
bgc_10.row_reg._019_,3.36
bgc_11.col_reg._000_\[2\],3.36
bgc_11.col_reg._006_,3.36
bgc_11.col_reg._011_,3.36
bgc_11.col_reg._035_,3.36
bgc_11.comp_col._00_,3.36
bgc_11.comp_row._18_,3.36
bgc_11.comp_row.pe2._17_,3.36
bgc_11.final_counter._00_\[4\],3.36
bgc_11.lfsr_col._07_,3.36
bgc_11.lfsr_col._11_,3.36
bgc_11.lfsr_col._15_,3.36
bgc_11.lfsr_col._24_,3.36
bgc_11.lfsr_col._26_,3.36
bgc_11.lfsr_row._00_\[4\],3.36
bgc_11.lfsr_row._00_\[7\],3.36
bgc_11.lfsr_row._00_\[8\],3.36
bgc_11.lfsr_row._03_,3.36
bgc_12._04_,3.36
bgc_12.col_reg._000_\[11\],3.36
bgc_12.col_reg._001_,3.36
bgc_12.col_reg._005_,3.36
bgc_12.comp_row._01_,3.36
bgc_12.comp_row.pe2._05_,3.36
bgc_12.comp_row.pe2._11_,3.36
bgc_12.final_counter._00_\[8\],3.36
bgc_12.final_counter._00_\[9\],3.36
bgc_12.final_counter._25_,3.36
bgc_12.lfsr_col._00_\[11\],3.36
bgc_12.lfsr_col._00_\[1\],3.36
bgc_12.lfsr_col._00_\[9\],3.36
bgc_12.lfsr_row._00_\[11\],3.36
bgc_12.lfsr_row._00_\[7\],3.36
bgc_12.lfsr_row._10_,3.36
bgc_12.row_reg._008_,3.36
bgc_12.row_reg._020_,3.36
bgc_13.col_data_in\[8\],3.36
bgc_13.col_data_in\[9\],3.36
bgc_13.col_reg._015_,3.36
bgc_13.col_reg._029_,3.36
bgc_13.comp_col.A\[3\],3.36
bgc_13.comp_col.A\[7\],3.36
bgc_13.comp_col.pe2._04_,3.36
bgc_13.comp_row.A\[3\],3.36
bgc_13.final_counter._00_\[0\],3.36
bgc_13.final_counter._27_,3.36
bgc_13.final_counter._28_,3.36
bgc_13.lfsr_col._00_\[0\],3.36
bgc_13.lfsr_col._01_,3.36
bgc_13.lfsr_col._11_,3.36
bgc_13.lfsr_row._00_\[10\],3.36
bgc_13.lfsr_row._19_,3.36
bgc_13.lfsr_row._21_,3.36
bgc_13.row_reg._005_,3.36
bgc_13.row_reg._010_,3.36
bgc_13.row_reg._012_,3.36
bgc_13.row_reg._040_,3.36
bgc_14.col_data_in\[6\],3.36
bgc_14.col_data_in\[8\],3.36
bgc_14.col_reg._000_\[2\],3.36
bgc_14.col_reg._013_,3.36
bgc_14.comp_col.GL_index\[0\],3.36
bgc_14.comp_col._19_,3.36
bgc_14.comp_col.pe2._02_,3.36
bgc_14.comp_row.pe1._05_,3.36
bgc_14.comp_row.pe1._17_,3.36
bgc_14.comp_row.pe2._00_,3.36
bgc_14.final_counter._05_,3.36
bgc_14.lfsr_col._00_\[3\],3.36
bgc_14.lfsr_col._10_,3.36
bgc_14.lfsr_col._11_,3.36
bgc_14.lfsr_col._12_,3.36
bgc_14.lfsr_col._14_,3.36
bgc_14.lfsr_col._21_,3.36
bgc_14.lfsr_row._00_\[9\],3.36
bgc_14.lfsr_row._01_,3.36
bgc_14.lfsr_row._14_,3.36
bgc_14.lfsr_row._17_,3.36
bgc_14.row_reg._000_\[9\],3.36
bgc_14.row_reg._008_,3.36
bgc_14.row_reg._009_,3.36
bgc_14.row_reg._032_,3.36
bgc_14.row_reg._047_,3.36
bgc_14.row_reg._052_,3.36
bgc_15.col_reg._000_\[2\],3.36
bgc_15.col_reg._011_,3.36
bgc_15.comp_col.A\[11\],3.36
bgc_15.comp_row.GL_bits\[0\],3.36
bgc_15.comp_row.GR_bits\[1\],3.36
bgc_15.comp_row.pe2._02_,3.36
bgc_15.final_counter._05_,3.36
bgc_15.lfsr_col._00_\[11\],3.36
bgc_15.lfsr_col._00_\[9\],3.36
bgc_15.lfsr_col._16_,3.36
bgc_15.lfsr_row._00_\[5\],3.36
bgc_15.lfsr_row._00_\[6\],3.36
bgc_15.lfsr_row._17_,3.36
bgc_15.lfsr_row._21_,3.36
bgc_15.row_reg._023_,3.36
bgc_15.row_reg._048_,3.36
bgc_2.col_data_in\[11\],3.36
bgc_2.col_data_in\[2\],3.36
bgc_2.col_data_in\[4\],3.36
bgc_2.col_reg._029_,3.36
bgc_2.col_reg._036_,3.36
bgc_2.comp_col.pe2._00_,3.36
bgc_2.comp_col.pe2._01_,3.36
bgc_2.comp_row.A\[1\],3.36
bgc_2.final_counter._00_\[1\],3.36
bgc_2.lfsr_col._05_,3.36
bgc_2.lfsr_col._07_,3.36
bgc_2.lfsr_col._09_,3.36
bgc_2.lfsr_row._00_\[7\],3.36
bgc_2.lfsr_row._23_,3.36
bgc_2.row_reg._000_\[11\],3.36
bgc_2.row_reg._040_,3.36
bgc_2.row_reg._044_,3.36
bgc_3.col_data_in\[8\],3.36
bgc_3.col_reg._000_\[4\],3.36
bgc_3.comp_col.A\[4\],3.36
bgc_3.comp_col.pe2._04_,3.36
bgc_3.comp_row.A\[11\],3.36
bgc_3.comp_row.GL_index\[0\],3.36
bgc_3.comp_row._01_,3.36
bgc_3.comp_row.pe2._10_,3.36
bgc_3.final_counter._08_,3.36
bgc_3.final_counter._26_,3.36
bgc_3.lfsr_col._00_\[0\],3.36
bgc_3.lfsr_col._14_,3.36
bgc_3.lfsr_col._17_,3.36
bgc_3.lfsr_col._23_,3.36
bgc_3.lfsr_row._00_\[2\],3.36
bgc_3.lfsr_row._00_\[5\],3.36
bgc_3.lfsr_row._07_,3.36
bgc_3.lfsr_row._10_,3.36
bgc_3.lfsr_row._17_,3.36
bgc_3.lfsr_row._19_,3.36
bgc_3.row_reg._000_\[11\],3.36
bgc_3.row_reg._014_,3.36
bgc_3.row_reg._033_,3.36
bgc_4.col_data_in\[5\],3.36
bgc_4.col_reg._039_,3.36
bgc_4.col_reg._047_,3.36
bgc_4.comp_col.A\[2\],3.36
bgc_4.comp_col.A\[7\],3.36
bgc_4.comp_row.GR_bits\[0\],3.36
bgc_4.comp_row.pe2._00_,3.36
bgc_4.final_counter._00_\[8\],3.36
bgc_4.lfsr_col._00_\[1\],3.36
bgc_4.lfsr_col._06_,3.36
bgc_4.lfsr_col._17_,3.36
bgc_4.lfsr_col._22_,3.36
bgc_4.lfsr_col._23_,3.36
bgc_4.lfsr_row._00_\[0\],3.36
bgc_4.lfsr_row._05_,3.36
bgc_4.lfsr_row._13_,3.36
bgc_4.lfsr_row._15_,3.36
bgc_4.lfsr_row._17_,3.36
bgc_4.lfsr_row._19_,3.36
bgc_4.lfsr_row._23_,3.36
bgc_4.row_reg._000_\[5\],3.36
bgc_4.row_reg._000_\[8\],3.36
bgc_4.row_reg._009_,3.36
bgc_4.row_reg._019_,3.36
bgc_4.row_reg._030_,3.36
bgc_4.row_reg._039_,3.36
bgc_4.row_reg._046_,3.36
bgc_5._03_,3.36
bgc_5.col_data_in\[1\],3.36
bgc_5.col_data_in\[2\],3.36
bgc_5.col_reg._014_,3.36
bgc_5.col_reg._023_,3.36
bgc_5.col_reg._024_,3.36
bgc_5.col_reg._045_,3.36
bgc_5.comp_row.GR_index\[2\],3.36
bgc_5.final_counter._00_\[2\],3.36
bgc_5.final_counter._00_\[8\],3.36
bgc_5.final_counter._15_,3.36
bgc_5.final_counter._28_,3.36
bgc_5.lfsr_col._00_\[4\],3.36
bgc_5.lfsr_col._08_,3.36
bgc_5.lfsr_col._11_,3.36
bgc_5.lfsr_row._02_,3.36
bgc_5.lfsr_row._06_,3.36
bgc_5.lfsr_row._12_,3.36
bgc_5.row_reg._000_\[6\],3.36
bgc_5.row_reg._008_,3.36
bgc_5.row_reg._010_,3.36
bgc_5.row_reg._013_,3.36
bgc_5.row_reg._018_,3.36
bgc_6.col_data_in\[5\],3.36
bgc_6.comp_col.GL_bits\[0\],3.36
bgc_6.comp_col.GR_bits\[1\],3.36
bgc_6.comp_col.pe1._05_,3.36
bgc_6.comp_row.pe1._02_,3.36
bgc_6.comp_row.pe1._08_,3.36
bgc_6.comp_row.pe1._14_,3.36
bgc_6.final_counter._00_\[1\],3.36
bgc_6.final_counter._27_,3.36
bgc_6.lfsr_col._00_\[3\],3.36
bgc_6.lfsr_col._07_,3.36
bgc_6.lfsr_col._08_,3.36
bgc_6.lfsr_col._10_,3.36
bgc_6.lfsr_col._11_,3.36
bgc_6.lfsr_col._19_,3.36
bgc_6.lfsr_col._21_,3.36
bgc_6.lfsr_col._24_,3.36
bgc_6.lfsr_row._00_\[2\],3.36
bgc_6.lfsr_row._00_\[3\],3.36
bgc_6.lfsr_row._00_\[6\],3.36
bgc_6.lfsr_row._00_\[8\],3.36
bgc_6.lfsr_row._03_,3.36
bgc_6.lfsr_row._20_,3.36
bgc_6.lfsr_row._24_,3.36
bgc_6.row_reg._009_,3.36
bgc_6.row_reg._031_,3.36
bgc_7.col_reg._000_\[4\],3.36
bgc_7.col_reg._029_,3.36
bgc_7.col_reg._050_,3.36
bgc_7.comp_col.A\[3\],3.36
bgc_7.comp_col.pe1._04_,3.36
bgc_7.comp_row.A\[11\],3.36
bgc_7.comp_row.A\[4\],3.36
bgc_7.comp_row.A\[9\],3.36
bgc_7.comp_row.GR_bits\[0\],3.36
bgc_7.comp_row._19_,3.36
bgc_7.comp_row.pe2._17_,3.36
bgc_7.final_counter._00_\[10\],3.36
bgc_7.final_counter._00_\[1\],3.36
bgc_7.final_counter._02_,3.36
bgc_7.final_counter._13_,3.36
bgc_7.lfsr_col._00_\[10\],3.36
bgc_7.lfsr_col._00_\[7\],3.36
bgc_7.lfsr_col._12_,3.36
bgc_7.lfsr_col._19_,3.36
bgc_7.lfsr_col._21_,3.36
bgc_7.lfsr_col._22_,3.36
bgc_7.lfsr_row._00_\[10\],3.36
bgc_7.lfsr_row._00_\[1\],3.36
bgc_7.lfsr_row._00_\[4\],3.36
bgc_7.lfsr_row._04_,3.36
bgc_7.lfsr_row._07_,3.36
bgc_7.lfsr_row._21_,3.36
bgc_7.row_reg._002_,3.36
bgc_7.row_reg._009_,3.36
bgc_7.row_reg._013_,3.36
bgc_7.row_reg._051_,3.36
bgc_8.col_data_in\[2\],3.36
bgc_8.col_reg._046_,3.36
bgc_8.comp_col.pe1._01_,3.36
bgc_8.comp_col.pe2._17_,3.36
bgc_8.comp_row.GR_index\[0\],3.36
bgc_8.comp_row.pe1._05_,3.36
bgc_8.comp_row.pe2._01_,3.36
bgc_8.comp_row.pe2._05_,3.36
bgc_8.final_counter._00_\[0\],3.36
bgc_8.final_counter._00_\[7\],3.36
bgc_8.final_counter._13_,3.36
bgc_8.lfsr_col._00_\[10\],3.36
bgc_8.lfsr_col._00_\[5\],3.36
bgc_8.lfsr_col._00_\[9\],3.36
bgc_8.lfsr_col._12_,3.36
bgc_8.lfsr_col._15_,3.36
bgc_8.lfsr_col._21_,3.36
bgc_8.lfsr_row._00_\[11\],3.36
bgc_8.lfsr_row._08_,3.36
bgc_8.lfsr_row._11_,3.36
bgc_8.lfsr_row._12_,3.36
bgc_8.lfsr_row._13_,3.36
bgc_8.lfsr_row._15_,3.36
bgc_8.lfsr_row._21_,3.36
bgc_8.lfsr_row._23_,3.36
bgc_8.row_reg._035_,3.36
bgc_9.col_reg._000_\[5\],3.36
bgc_9.comp_col.GR_index\[3\],3.36
bgc_9.comp_col.pe1._05_,3.36
bgc_9.comp_row.A\[2\],3.36
bgc_9.comp_row.GL_index\[0\],3.36
bgc_9.comp_row.pe1._10_,3.36
bgc_9.comp_row.pe2._02_,3.36
bgc_9.final_counter._24_,3.36
bgc_9.lfsr_col._00_\[4\],3.36
bgc_9.lfsr_col._00_\[8\],3.36
bgc_9.lfsr_col._00_\[9\],3.36
bgc_9.lfsr_col._08_,3.36
bgc_9.lfsr_col._21_,3.36
bgc_9.lfsr_row._00_\[1\],3.36
bgc_9.lfsr_row._15_,3.36
bgc_9.lfsr_row._18_,3.36
bgc_9.lfsr_row._19_,3.36
bgc_9.row_reg._000_\[1\],3.36
bgc_9.row_reg._011_,3.36
bgc_9.row_reg._022_,3.36
lfsr_enabler._18_,3.36
lfsr_enabler._22_,3.36
res_mem_inst._010_,3.36
res_mem_inst.out_dec_inst._00_\[1\],3.36
res_mem_inst.slot\[0\].slot_reg._002_,3.36
res_mem_inst.slot\[0\].slot_reg._003_,3.36
res_mem_inst.slot\[10\].slot_reg._029_,3.36
res_mem_inst.slot\[10\].slot_reg._045_,3.36
res_mem_inst.slot\[11\].slot_reg._000_\[3\],3.36
res_mem_inst.slot\[11\].slot_reg._002_,3.36
res_mem_inst.slot\[11\].slot_reg._012_,3.36
res_mem_inst.slot\[11\].slot_reg._047_,3.36
res_mem_inst.slot\[12\].slot_reg._000_\[5\],3.36
res_mem_inst.slot\[12\].slot_reg._000_\[9\],3.36
res_mem_inst.slot\[12\].slot_reg._021_,3.36
res_mem_inst.slot\[12\].slot_reg._046_,3.36
res_mem_inst.slot\[12\].slot_reg._049_,3.36
res_mem_inst.slot\[13\].slot_reg._000_\[7\],3.36
res_mem_inst.slot\[13\].slot_reg._000_\[8\],3.36
res_mem_inst.slot\[13\].slot_reg._019_,3.36
res_mem_inst.slot\[13\].slot_reg._033_,3.36
res_mem_inst.slot\[14\].slot_reg._025_,3.36
res_mem_inst.slot\[14\].slot_reg._046_,3.36
res_mem_inst.slot\[14\].slot_reg._047_,3.36
res_mem_inst.slot\[15\].slot_reg._007_,3.36
res_mem_inst.slot\[15\].slot_reg._017_,3.36
res_mem_inst.slot\[15\].slot_reg._023_,3.36
res_mem_inst.slot\[15\].slot_reg._049_,3.36
res_mem_inst.slot\[2\].slot_reg._007_,3.36
res_mem_inst.slot\[2\].slot_reg._045_,3.36
res_mem_inst.slot\[3\].slot_reg._000_\[5\],3.36
res_mem_inst.slot\[4\].slot_reg._000_\[6\],3.36
res_mem_inst.slot\[4\].slot_reg._004_,3.36
res_mem_inst.slot\[4\].slot_reg._007_,3.36
res_mem_inst.slot\[4\].slot_reg._028_,3.36
res_mem_inst.slot\[4\].slot_reg._049_,3.36
res_mem_inst.slot\[4\].slot_reg._051_,3.36
res_mem_inst.slot\[5\].slot_reg._000_\[11\],3.36
res_mem_inst.slot\[5\].slot_reg._023_,3.36
res_mem_inst.slot\[6\].slot_reg._017_,3.36
res_mem_inst.slot\[6\].slot_reg._018_,3.36
res_mem_inst.slot\[6\].slot_reg._031_,3.36
res_mem_inst.slot\[7\].slot_reg._000_\[8\],3.36
res_mem_inst.slot\[7\].slot_reg._027_,3.36
res_mem_inst.slot\[7\].slot_reg._028_,3.36
res_mem_inst.slot\[8\].slot_reg._000_\[0\],3.36
res_mem_inst.slot\[8\].slot_reg._002_,3.36
res_mem_inst.slot\[9\].slot_reg._000_\[6\],3.36
timer_inst._01_\[10\],3.36
timer_inst._11_,3.36
timer_inst._24_,3.36
adder_tree._0229_,2.9
adder_tree._0706_,2.9
bgc_0.row_reg._047_,2.9
bgc_1.comp_row.pe1._00_,2.9
bgc_11.col_reg._047_,2.9
bgc_11.comp_col.pe2._01_,2.9
bgc_11.comp_row.pe2._01_,2.9
bgc_11.row_reg._027_,2.9
bgc_12.col_reg._048_,2.9
bgc_12.comp_col.pe1._02_,2.9
bgc_12.comp_col.pe2._02_,2.9
bgc_15.comp_col.pe2._00_,2.9
bgc_2.col_reg._044_,2.9
bgc_2.comp_col.A\[7\],2.9
bgc_2.comp_col.pe1._01_,2.9
bgc_3.comp_col.pe1._01_,2.9
bgc_3.comp_col.pe2._01_,2.9
bgc_3.final_counter._05_,2.9
bgc_4.comp_row.pe2._01_,2.9
bgc_5.col_reg._019_,2.9
bgc_5.comp_col.pe2._01_,2.9
bgc_5.comp_row.pe2._02_,2.9
bgc_5.final_counter._07_,2.9
bgc_6.col_reg._045_,2.9
bgc_6.comp_col.pe1._00_,2.9
bgc_6.comp_col.pe2._01_,2.9
bgc_7.final_counter._26_,2.9
bgc_8.row_reg._050_,2.9
bgc_9._03_,2.9
bgc_9.col_reg._045_,2.9
bgc_9.col_reg._049_,2.9
bgc_9.row_reg._044_,2.9
res_mem_inst.slot\[10\].slot_reg._046_,2.9
res_mem_inst.slot\[11\].slot_reg._015_,2.9
res_mem_inst.slot\[12\].slot_reg._044_,2.9
res_mem_inst.slot\[15\].slot_reg._013_,2.9
res_mem_inst.slot\[4\].slot_reg._014_,2.9
res_mem_inst.slot\[8\].slot_reg._013_,2.9
net1484,2.9
net1212,2.85
net395,2.85
net492,2.85
net542,2.85
bgc_3.final_counter._02_,2.85
bgc_3.row_reg._024_,2.85
net861,2.8
net859,2.8
net860,2.8
net883,2.8
net895,2.8
net901,2.8
net900,2.8
net925,2.8
net987,2.8
net988,2.8
net990,2.8
net992,2.8
net1039,2.8
net1051,2.8
net1061,2.8
net1064,2.8
net1097,2.8
net1104,2.8
net1105,2.8
net1108,2.8
net1119,2.8
net1122,2.8
net1140,2.8
net1141,2.8
net1165,2.8
net1188,2.8
net1211,2.8
net1213,2.8
net1228,2.8
net1238,2.8
net1257,2.8
net1258,2.8
net1263,2.8
net1282,2.8
net1287,2.8
net1299,2.8
net1320,2.8
net1321,2.8
net1324,2.8
net1326,2.8
net1342,2.8
net1364,2.8
net1404,2.8
net1405,2.8
net1411,2.8
net1412,2.8
net1429,2.8
net1434,2.8
net1463,2.8
net86,2.8
net88,2.8
net93,2.8
net95,2.8
net106,2.8
net126,2.8
net128,2.8
net131,2.8
net144,2.8
net145,2.8
net146,2.8
net147,2.8
net153,2.8
net166,2.8
net168,2.8
net179,2.8
net196,2.8
net215,2.8
net232,2.8
net249,2.8
net250,2.8
net254,2.8
net251,2.8
net283,2.8
net297,2.8
net301,2.8
net303,2.8
net305,2.8
net312,2.8
net322,2.8
net329,2.8
net342,2.8
net352,2.8
net356,2.8
net357,2.8
net361,2.8
net364,2.8
net371,2.8
net377,2.8
net396,2.8
net406,2.8
net412,2.8
net423,2.8
net434,2.8
net453,2.8
net458,2.8
net461,2.8
net462,2.8
net483,2.8
net484,2.8
net487,2.8
net494,2.8
net497,2.8
net501,2.8
net500,2.8
net511,2.8
net515,2.8
net531,2.8
net544,2.8
net545,2.8
net546,2.8
net574,2.8
net576,2.8
net578,2.8
net591,2.8
net595,2.8
net609,2.8
net610,2.8
net616,2.8
net618,2.8
net625,2.8
net632,2.8
net644,2.8
net659,2.8
net661,2.8
net671,2.8
net706,2.8
net729,2.8
net757,2.8
net761,2.8
net791,2.8
net800,2.8
adder_tree._0008_,2.8
adder_tree._0128_,2.8
adder_tree._0178_,2.8
adder_tree._0380_,2.8
adder_tree._0449_,2.8
adder_tree._0592_,2.8
adder_tree._0671_,2.8
bgc_0.col_data_in\[0\],2.8
bgc_0.col_data_in\[6\],2.8
bgc_0.col_data_in\[8\],2.8
bgc_0.col_reg._013_,2.8
bgc_0.col_reg._051_,2.8
bgc_0.comp_col.pe2._04_,2.8
bgc_0.comp_col.pe2._05_,2.8
bgc_0.comp_col.pe2._11_,2.8
bgc_0.comp_row.A\[2\],2.8
bgc_0.comp_row.GL_index\[0\],2.8
bgc_0.comp_row.pe2._09_,2.8
bgc_0.comp_row.pe2._11_,2.8
bgc_0.lfsr_col._06_,2.8
bgc_0.lfsr_col._07_,2.8
bgc_0.lfsr_col._14_,2.8
bgc_0.lfsr_col._15_,2.8
bgc_0.lfsr_row._00_\[11\],2.8
bgc_0.lfsr_row._00_\[4\],2.8
bgc_0.lfsr_row._00_\[6\],2.8
bgc_0.lfsr_row._02_,2.8
bgc_0.lfsr_row._09_,2.8
bgc_0.lfsr_row._13_,2.8
bgc_0.lfsr_row._15_,2.8
bgc_0.lfsr_row._23_,2.8
bgc_0.row_reg._001_,2.8
bgc_0.row_reg._021_,2.8
bgc_0.row_reg._033_,2.8
bgc_1.col_data_in\[10\],2.8
bgc_1.col_reg._025_,2.8
bgc_1.col_reg._029_,2.8
bgc_1.comp_col.A\[6\],2.8
bgc_1.comp_col.A\[9\],2.8
bgc_1.comp_col._01_,2.8
bgc_1.comp_col.pe1._08_,2.8
bgc_1.comp_row.GL_bits\[1\],2.8
bgc_1.comp_row.pe2._00_,2.8
bgc_1.comp_row.pe2._02_,2.8
bgc_1.final_counter._00_\[10\],2.8
bgc_1.final_counter._10_,2.8
bgc_1.lfsr_col._00_\[11\],2.8
bgc_1.lfsr_col._00_\[6\],2.8
bgc_1.lfsr_col._00_\[7\],2.8
bgc_1.lfsr_col._02_,2.8
bgc_1.lfsr_col._07_,2.8
bgc_1.lfsr_col._11_,2.8
bgc_1.lfsr_col._14_,2.8
bgc_1.lfsr_col._22_,2.8
bgc_1.lfsr_col._24_,2.8
bgc_1.lfsr_row._00_\[3\],2.8
bgc_1.lfsr_row._00_\[8\],2.8
bgc_1.lfsr_row._06_,2.8
bgc_1.lfsr_row._12_,2.8
bgc_1.lfsr_row._16_,2.8
bgc_1.lfsr_row._19_,2.8
bgc_1.row_reg._010_,2.8
bgc_1.row_reg._022_,2.8
bgc_1.row_reg._024_,2.8
bgc_1.row_reg._030_,2.8
bgc_10.col_data_in\[11\],2.8
bgc_10.col_data_in\[1\],2.8
bgc_10.col_data_in\[7\],2.8
bgc_10.col_data_in\[8\],2.8
bgc_10.col_reg._019_,2.8
bgc_10.col_reg._025_,2.8
bgc_10.comp_col.pe2._00_,2.8
bgc_10.comp_row.A\[7\],2.8
bgc_10.comp_row.GR_index\[3\],2.8
bgc_10.comp_row._01_,2.8
bgc_10.comp_row._17_,2.8
bgc_10.comp_row.pe1._10_,2.8
bgc_10.comp_row.pe2._00_,2.8
bgc_10.comp_row.pe2._05_,2.8
bgc_10.comp_row.pe2._08_,2.8
bgc_10.final_counter._00_\[9\],2.8
bgc_10.final_counter._13_,2.8
bgc_10.lfsr_col._00_\[9\],2.8
bgc_10.lfsr_col._02_,2.8
bgc_10.lfsr_col._04_,2.8
bgc_10.lfsr_col._06_,2.8
bgc_10.lfsr_col._07_,2.8
bgc_10.lfsr_col._14_,2.8
bgc_10.lfsr_row._00_\[3\],2.8
bgc_10.lfsr_row._00_\[9\],2.8
bgc_10.lfsr_row._02_,2.8
bgc_10.lfsr_row._05_,2.8
bgc_10.lfsr_row._15_,2.8
bgc_10.lfsr_row._18_,2.8
bgc_10.lfsr_row._19_,2.8
bgc_10.lfsr_row._21_,2.8
bgc_10.lfsr_row._24_,2.8
bgc_10.row_reg._000_\[9\],2.8
bgc_10.row_reg._014_,2.8
bgc_10.row_reg._020_,2.8
bgc_10.row_reg._023_,2.8
bgc_11.col_reg._000_\[7\],2.8
bgc_11.col_reg._021_,2.8
bgc_11.col_reg._031_,2.8
bgc_11.col_reg._039_,2.8
bgc_11.comp_col.A\[6\],2.8
bgc_11.comp_col.GR_index\[0\],2.8
bgc_11.comp_col.pe1._00_,2.8
bgc_11.comp_col.pe2._00_,2.8
bgc_11.comp_row.A\[8\],2.8
bgc_11.comp_row.GL_bits\[1\],2.8
bgc_11.comp_row.pe1._11_,2.8
bgc_11.comp_row.pe2._05_,2.8
bgc_11.final_counter._08_,2.8
bgc_11.lfsr_col._10_,2.8
bgc_11.lfsr_col._16_,2.8
bgc_11.lfsr_row._00_\[0\],2.8
bgc_11.lfsr_row._00_\[1\],2.8
bgc_11.lfsr_row._06_,2.8
bgc_11.lfsr_row._08_,2.8
bgc_11.lfsr_row._13_,2.8
bgc_11.lfsr_row._18_,2.8
bgc_11.lfsr_row._23_,2.8
bgc_11.row_reg._022_,2.8
bgc_11.row_reg._036_,2.8
bgc_11.row_reg._037_,2.8
bgc_11.row_reg._047_,2.8
bgc_12.col_reg._000_\[3\],2.8
bgc_12.col_reg._000_\[7\],2.8
bgc_12.comp_col.GR_index\[3\],2.8
bgc_12.comp_col._17_,2.8
bgc_12.comp_col.pe2._00_,2.8
bgc_12.comp_col.pe2._04_,2.8
bgc_12.comp_row.A\[10\],2.8
bgc_12.comp_row.A\[7\],2.8
bgc_12.comp_row.pe1._04_,2.8
bgc_12.final_counter._07_,2.8
bgc_12.lfsr_col._00_\[6\],2.8
bgc_12.lfsr_col._04_,2.8
bgc_12.lfsr_col._09_,2.8
bgc_12.lfsr_col._14_,2.8
bgc_12.lfsr_col._17_,2.8
bgc_12.lfsr_col._18_,2.8
bgc_12.lfsr_col._20_,2.8
bgc_12.lfsr_row._00_\[2\],2.8
bgc_12.lfsr_row._02_,2.8
bgc_12.lfsr_row._08_,2.8
bgc_12.lfsr_row._11_,2.8
bgc_12.lfsr_row._15_,2.8
bgc_12.lfsr_row._18_,2.8
bgc_12.lfsr_row._23_,2.8
bgc_12.row_reg._000_\[1\],2.8
bgc_12.row_reg._021_,2.8
bgc_12.row_reg._032_,2.8
bgc_12.row_reg._040_,2.8
bgc_13.col_data_in\[0\],2.8
bgc_13.col_data_in\[3\],2.8
bgc_13.col_data_in\[6\],2.8
bgc_13.col_data_in\[7\],2.8
bgc_13.col_reg._000_\[11\],2.8
bgc_13.col_reg._014_,2.8
bgc_13.col_reg._023_,2.8
bgc_13.comp_col.GR_index\[0\],2.8
bgc_13.comp_col._01_,2.8
bgc_13.comp_col.pe2._05_,2.8
bgc_13.comp_row.GL_bits\[1\],2.8
bgc_13.comp_row.GR_bits\[1\],2.8
bgc_13.comp_row._19_,2.8
bgc_13.final_counter._00_\[10\],2.8
bgc_13.final_counter._24_,2.8
bgc_13.lfsr_col._00_\[4\],2.8
bgc_13.lfsr_col._00_\[5\],2.8
bgc_13.lfsr_col._02_,2.8
bgc_13.lfsr_col._04_,2.8
bgc_13.lfsr_col._06_,2.8
bgc_13.lfsr_col._09_,2.8
bgc_13.lfsr_col._15_,2.8
bgc_13.lfsr_row._00_\[6\],2.8
bgc_13.lfsr_row._01_,2.8
bgc_13.lfsr_row._03_,2.8
bgc_13.lfsr_row._07_,2.8
bgc_13.lfsr_row._15_,2.8
bgc_13.lfsr_row._24_,2.8
bgc_13.row_reg._014_,2.8
bgc_13.row_reg._046_,2.8
bgc_14.col_data_in\[7\],2.8
bgc_14.col_reg._000_\[4\],2.8
bgc_14.col_reg._033_,2.8
bgc_14.comp_col.A\[6\],2.8
bgc_14.comp_col.A\[9\],2.8
bgc_14.comp_col.GR_bits\[0\],2.8
bgc_14.comp_col.pe2._11_,2.8
bgc_14.comp_row.A\[9\],2.8
bgc_14.comp_row._17_,2.8
bgc_14.comp_row.pe1._00_,2.8
bgc_14.final_counter._08_,2.8
bgc_14.final_counter._13_,2.8
bgc_14.final_counter._26_,2.8
bgc_14.lfsr_col._00_\[4\],2.8
bgc_14.lfsr_col._01_,2.8
bgc_14.lfsr_col._07_,2.8
bgc_14.lfsr_col._09_,2.8
bgc_14.lfsr_col._15_,2.8
bgc_14.lfsr_col._16_,2.8
bgc_14.lfsr_col._20_,2.8
bgc_14.lfsr_col._23_,2.8
bgc_14.lfsr_row._00_\[7\],2.8
bgc_14.lfsr_row._00_\[8\],2.8
bgc_14.lfsr_row._06_,2.8
bgc_14.lfsr_row._09_,2.8
bgc_14.lfsr_row._10_,2.8
bgc_14.lfsr_row._18_,2.8
bgc_14.lfsr_row._19_,2.8
bgc_14.row_reg._000_\[6\],2.8
bgc_14.row_reg._000_\[8\],2.8
bgc_14.row_reg._028_,2.8
bgc_14.row_reg._046_,2.8
bgc_15._02_,2.8
bgc_15.col_reg._040_,2.8
bgc_15.comp_col.GL_bits\[1\],2.8
bgc_15.comp_col.pe2._05_,2.8
bgc_15.comp_row.A\[11\],2.8
bgc_15.comp_row.A\[4\],2.8
bgc_15.comp_row.GL_bits\[1\],2.8
bgc_15.comp_row.pe1._05_,2.8
bgc_15.comp_row.pe2._00_,2.8
bgc_15.final_counter._00_\[4\],2.8
bgc_15.final_counter._02_,2.8
bgc_15.final_counter._13_,2.8
bgc_15.lfsr_col._03_,2.8
bgc_15.lfsr_col._09_,2.8
bgc_15.lfsr_col._11_,2.8
bgc_15.lfsr_col._17_,2.8
bgc_15.lfsr_row._00_\[3\],2.8
bgc_15.lfsr_row._02_,2.8
bgc_15.lfsr_row._05_,2.8
bgc_15.lfsr_row._15_,2.8
bgc_15.lfsr_row._20_,2.8
bgc_15.lfsr_row._22_,2.8
bgc_15.row_reg._022_,2.8
bgc_15.row_reg._025_,2.8
bgc_15.row_reg._038_,2.8
bgc_2.col_data_in\[7\],2.8
bgc_2.col_reg._033_,2.8
bgc_2.comp_col.A\[4\],2.8
bgc_2.comp_col.GR_bits\[1\],2.8
bgc_2.comp_col._17_,2.8
bgc_2.comp_col._19_,2.8
bgc_2.comp_col.pe2._05_,2.8
bgc_2.comp_row.A\[10\],2.8
bgc_2.comp_row.A\[4\],2.8
bgc_2.comp_row._17_,2.8
bgc_2.comp_row.pe1._02_,2.8
bgc_2.comp_row.pe1._04_,2.8
bgc_2.comp_row.pe2._08_,2.8
bgc_2.comp_row.pe2._11_,2.8
bgc_2.final_counter._13_,2.8
bgc_2.final_counter._18_,2.8
bgc_2.lfsr_col._00_\[3\],2.8
bgc_2.lfsr_col._00_\[7\],2.8
bgc_2.lfsr_col._01_,2.8
bgc_2.lfsr_col._12_,2.8
bgc_2.lfsr_col._16_,2.8
bgc_2.lfsr_col._22_,2.8
bgc_2.lfsr_col._24_,2.8
bgc_2.lfsr_row._00_\[11\],2.8
bgc_2.lfsr_row._07_,2.8
bgc_2.lfsr_row._08_,2.8
bgc_2.lfsr_row._11_,2.8
bgc_2.lfsr_row._13_,2.8
bgc_2.lfsr_row._14_,2.8
bgc_2.lfsr_row._16_,2.8
bgc_2.lfsr_row._18_,2.8
bgc_2.lfsr_row._19_,2.8
bgc_2.row_reg._000_\[8\],2.8
bgc_2.row_reg._031_,2.8
bgc_2.row_reg._039_,2.8
bgc_3.col_data_in\[6\],2.8
bgc_3.col_reg._000_\[1\],2.8
bgc_3.col_reg._014_,2.8
bgc_3.col_reg._021_,2.8
bgc_3.col_reg._025_,2.8
bgc_3.col_reg._031_,2.8
bgc_3.comp_col.pe2._05_,2.8
bgc_3.comp_row.A\[5\],2.8
bgc_3.comp_row._19_,2.8
bgc_3.comp_row.pe2._05_,2.8
bgc_3.final_counter._00_\[7\],2.8
bgc_3.lfsr_col._00_\[3\],2.8
bgc_3.lfsr_col._00_\[4\],2.8
bgc_3.lfsr_col._00_\[8\],2.8
bgc_3.lfsr_col._00_\[9\],2.8
bgc_3.lfsr_col._20_,2.8
bgc_3.lfsr_row._00_\[1\],2.8
bgc_3.lfsr_row._00_\[6\],2.8
bgc_3.lfsr_row._01_,2.8
bgc_3.lfsr_row._06_,2.8
bgc_3.lfsr_row._12_,2.8
bgc_3.lfsr_row._13_,2.8
bgc_3.lfsr_row._16_,2.8
bgc_3.row_reg._000_\[2\],2.8
bgc_3.row_reg._000_\[4\],2.8
bgc_3.row_reg._031_,2.8
bgc_3.row_reg._032_,2.8
bgc_3.row_reg._036_,2.8
bgc_4.col_data_in\[9\],2.8
bgc_4.col_reg._000_\[4\],2.8
bgc_4.col_reg._052_,2.8
bgc_4.comp_col.A\[4\],2.8
bgc_4.comp_col.GL_bits\[0\],2.8
bgc_4.comp_col.GR_bits\[0\],2.8
bgc_4.comp_row.A\[5\],2.8
bgc_4.comp_row.GR_index\[3\],2.8
bgc_4.comp_row.pe2._05_,2.8
bgc_4.final_counter._13_,2.8
bgc_4.final_counter._28_,2.8
bgc_4.lfsr_col._00_\[4\],2.8
bgc_4.lfsr_col._00_\[8\],2.8
bgc_4.lfsr_col._00_\[9\],2.8
bgc_4.lfsr_col._07_,2.8
bgc_4.lfsr_col._08_,2.8
bgc_4.lfsr_col._16_,2.8
bgc_4.lfsr_row._00_\[10\],2.8
bgc_4.lfsr_row._03_,2.8
bgc_4.lfsr_row._04_,2.8
bgc_4.lfsr_row._08_,2.8
bgc_4.lfsr_row._09_,2.8
bgc_4.lfsr_row._12_,2.8
bgc_4.lfsr_row._22_,2.8
bgc_4.row_reg._000_\[2\],2.8
bgc_4.row_reg._000_\[9\],2.8
bgc_4.row_reg._003_,2.8
bgc_4.row_reg._017_,2.8
bgc_4.row_reg._029_,2.8
bgc_4.row_reg._040_,2.8
bgc_4.row_reg._047_,2.8
bgc_5.col_data_in\[10\],2.8
bgc_5.col_data_in\[3\],2.8
bgc_5.col_data_in\[5\],2.8
bgc_5.col_reg._000_\[2\],2.8
bgc_5.col_reg._025_,2.8
bgc_5.col_reg._037_,2.8
bgc_5.col_reg._040_,2.8
bgc_5.comp_col.GR_index\[1\],2.8
bgc_5.comp_row.pe1._04_,2.8
bgc_5.comp_row.pe1._10_,2.8
bgc_5.final_counter._05_,2.8
bgc_5.lfsr_col._00_\[0\],2.8
bgc_5.lfsr_col._09_,2.8
bgc_5.lfsr_col._13_,2.8
bgc_5.lfsr_col._15_,2.8
bgc_5.lfsr_col._20_,2.8
bgc_5.lfsr_col._22_,2.8
bgc_5.lfsr_row._00_\[1\],2.8
bgc_5.lfsr_row._08_,2.8
bgc_5.lfsr_row._11_,2.8
bgc_5.lfsr_row._21_,2.8
bgc_5.lfsr_row._22_,2.8
bgc_5.row_reg._028_,2.8
bgc_5.row_reg._032_,2.8
bgc_6.col_reg._000_\[1\],2.8
bgc_6.col_reg._019_,2.8
bgc_6.col_reg._044_,2.8
bgc_6.comp_col.A\[10\],2.8
bgc_6.comp_col.A\[2\],2.8
bgc_6.comp_col.GL_bits\[1\],2.8
bgc_6.comp_col.pe2._17_,2.8
bgc_6.comp_row.A\[2\],2.8
bgc_6.comp_row._00_,2.8
bgc_6.comp_row._19_,2.8
bgc_6.comp_row.pe2._02_,2.8
bgc_6.final_counter._00_\[7\],2.8
bgc_6.final_counter._07_,2.8
bgc_6.lfsr_col._00_\[10\],2.8
bgc_6.lfsr_col._00_\[11\],2.8
bgc_6.lfsr_col._00_\[2\],2.8
bgc_6.lfsr_col._00_\[4\],2.8
bgc_6.lfsr_col._02_,2.8
bgc_6.lfsr_col._05_,2.8
bgc_6.lfsr_col._15_,2.8
bgc_6.lfsr_col._16_,2.8
bgc_6.lfsr_col._18_,2.8
bgc_6.lfsr_col._20_,2.8
bgc_6.lfsr_row._00_\[11\],2.8
bgc_6.lfsr_row._00_\[4\],2.8
bgc_6.lfsr_row._05_,2.8
bgc_6.lfsr_row._07_,2.8
bgc_6.lfsr_row._10_,2.8
bgc_6.lfsr_row._15_,2.8
bgc_6.lfsr_row._23_,2.8
bgc_6.row_reg._000_\[6\],2.8
bgc_6.row_reg._015_,2.8
bgc_6.row_reg._027_,2.8
bgc_6.row_reg._029_,2.8
bgc_6.row_reg._036_,2.8
bgc_6.row_reg._038_,2.8
bgc_6.row_reg._045_,2.8
bgc_7.col_data_in\[0\],2.8
bgc_7.col_reg._015_,2.8
bgc_7.col_reg._025_,2.8
bgc_7.col_reg._030_,2.8
bgc_7.comp_row.A\[7\],2.8
bgc_7.comp_row.pe1._02_,2.8
bgc_7.comp_row.pe2._01_,2.8
bgc_7.comp_row.pe2._02_,2.8
bgc_7.final_counter._00_\[0\],2.8
bgc_7.lfsr_col._00_\[8\],2.8
bgc_7.lfsr_col._00_\[9\],2.8
bgc_7.lfsr_col._03_,2.8
bgc_7.lfsr_col._05_,2.8
bgc_7.lfsr_col._08_,2.8
bgc_7.lfsr_col._18_,2.8
bgc_7.lfsr_col._20_,2.8
bgc_7.lfsr_row._06_,2.8
bgc_7.lfsr_row._10_,2.8
bgc_7.lfsr_row._18_,2.8
bgc_7.lfsr_row._24_,2.8
bgc_7.row_reg._038_,2.8
bgc_8.col_reg._008_,2.8
bgc_8.col_reg._029_,2.8
bgc_8.col_reg._048_,2.8
bgc_8.col_reg._052_,2.8
bgc_8.comp_col.A\[4\],2.8
bgc_8.comp_col.A\[5\],2.8
bgc_8.comp_col.GL_bits\[1\],2.8
bgc_8.comp_col.GR_bits\[0\],2.8
bgc_8.comp_col.pe1._08_,2.8
bgc_8.comp_col.pe2._05_,2.8
bgc_8.comp_col.pe2._11_,2.8
bgc_8.comp_row.A\[5\],2.8
bgc_8.comp_row._01_,2.8
bgc_8.comp_row.pe2._04_,2.8
bgc_8.lfsr_col._00_\[11\],2.8
bgc_8.lfsr_col._00_\[8\],2.8
bgc_8.lfsr_col._05_,2.8
bgc_8.lfsr_col._13_,2.8
bgc_8.lfsr_col._16_,2.8
bgc_8.lfsr_col._18_,2.8
bgc_8.lfsr_col._19_,2.8
bgc_8.lfsr_col._24_,2.8
bgc_8.lfsr_row._03_,2.8
bgc_8.lfsr_row._10_,2.8
bgc_8.lfsr_row._18_,2.8
bgc_8.lfsr_row._19_,2.8
bgc_8.lfsr_row._20_,2.8
bgc_8.row_reg._000_\[2\],2.8
bgc_8.row_reg._000_\[5\],2.8
bgc_8.row_reg._010_,2.8
bgc_8.row_reg._021_,2.8
bgc_8.row_reg._037_,2.8
bgc_8.row_reg._040_,2.8
bgc_9.col_reg._010_,2.8
bgc_9.col_reg._019_,2.8
bgc_9.col_reg._048_,2.8
bgc_9.comp_col.A\[3\],2.8
bgc_9.comp_col.A\[7\],2.8
bgc_9.comp_col.GR_index\[2\],2.8
bgc_9.comp_col._19_,2.8
bgc_9.comp_col.pe2._05_,2.8
bgc_9.comp_col.pe2._17_,2.8
bgc_9.comp_row.A\[9\],2.8
bgc_9.comp_row.pe1._04_,2.8
bgc_9.lfsr_col._00_\[10\],2.8
bgc_9.lfsr_col._00_\[3\],2.8
bgc_9.lfsr_col._00_\[5\],2.8
bgc_9.lfsr_col._00_\[7\],2.8
bgc_9.lfsr_col._04_,2.8
bgc_9.lfsr_col._11_,2.8
bgc_9.lfsr_col._14_,2.8
bgc_9.lfsr_col._15_,2.8
bgc_9.lfsr_col._18_,2.8
bgc_9.lfsr_row._00_\[10\],2.8
bgc_9.lfsr_row._00_\[4\],2.8
bgc_9.lfsr_row._00_\[5\],2.8
bgc_9.lfsr_row._00_\[6\],2.8
bgc_9.lfsr_row._00_\[9\],2.8
bgc_9.lfsr_row._03_,2.8
bgc_9.lfsr_row._05_,2.8
bgc_9.lfsr_row._13_,2.8
bgc_9.lfsr_row._24_,2.8
bgc_9.row_reg._000_\[4\],2.8
bgc_9.row_reg._008_,2.8
bgc_9.row_reg._017_,2.8
bgc_9.row_reg._035_,2.8
bgc_9.row_reg._040_,2.8
lfsr_enabler._02_,2.8
lfsr_enabler._12_,2.8
lfsr_enabler._16_,2.8
res_mem_inst._026_,2.8
res_mem_inst.slot\[0\].slot_reg._011_,2.8
res_mem_inst.slot\[0\].slot_reg._013_,2.8
res_mem_inst.slot\[0\].slot_reg._031_,2.8
res_mem_inst.slot\[0\].slot_reg._037_,2.8
res_mem_inst.slot\[10\].slot_reg._000_\[5\],2.8
res_mem_inst.slot\[11\].slot_reg._006_,2.8
res_mem_inst.slot\[11\].slot_reg._046_,2.8
res_mem_inst.slot\[11\].slot_reg._050_,2.8
res_mem_inst.slot\[12\].slot_reg._039_,2.8
res_mem_inst.slot\[13\].slot_reg._002_,2.8
res_mem_inst.slot\[13\].slot_reg._014_,2.8
res_mem_inst.slot\[13\].slot_reg._026_,2.8
res_mem_inst.slot\[13\].slot_reg._047_,2.8
res_mem_inst.slot\[14\].slot_reg._021_,2.8
res_mem_inst.slot\[14\].slot_reg._027_,2.8
res_mem_inst.slot\[15\].slot_reg._000_\[2\],2.8
res_mem_inst.slot\[15\].slot_reg._030_,2.8
res_mem_inst.slot\[15\].slot_reg._037_,2.8
res_mem_inst.slot\[15\].slot_reg._045_,2.8
res_mem_inst.slot\[1\].slot_reg._046_,2.8
res_mem_inst.slot\[2\].slot_reg._000_\[8\],2.8
res_mem_inst.slot\[3\].slot_reg._000_\[10\],2.8
res_mem_inst.slot\[3\].slot_reg._003_,2.8
res_mem_inst.slot\[3\].slot_reg._005_,2.8
res_mem_inst.slot\[3\].slot_reg._022_,2.8
res_mem_inst.slot\[3\].slot_reg._050_,2.8
res_mem_inst.slot\[4\].slot_reg._000_\[10\],2.8
res_mem_inst.slot\[4\].slot_reg._000_\[9\],2.8
res_mem_inst.slot\[4\].slot_reg._021_,2.8
res_mem_inst.slot\[4\].slot_reg._031_,2.8
res_mem_inst.slot\[5\].slot_reg._011_,2.8
res_mem_inst.slot\[5\].slot_reg._037_,2.8
res_mem_inst.slot\[6\].slot_reg._000_\[8\],2.8
res_mem_inst.slot\[6\].slot_reg._007_,2.8
res_mem_inst.slot\[6\].slot_reg._015_,2.8
res_mem_inst.slot\[6\].slot_reg._034_,2.8
res_mem_inst.slot\[7\].slot_reg._015_,2.8
res_mem_inst.slot\[7\].slot_reg._019_,2.8
res_mem_inst.slot\[7\].slot_reg._026_,2.8
res_mem_inst.slot\[7\].slot_reg._044_,2.8
res_mem_inst.slot\[8\].slot_reg._011_,2.8
res_mem_inst.slot\[8\].slot_reg._033_,2.8
res_mem_inst.slot\[9\].slot_reg._020_,2.8
res_mem_inst.slot\[9\].slot_reg._024_,2.8
res_mem_inst.slot\[9\].slot_reg._033_,2.8
timer_inst._01_\[0\],2.8
timer_inst._15_,2.8
net1504,2.8
net138,2.34
net259,2.34
net260,2.34
net439,2.34
net581,2.34
net582,2.34
net623,2.34
net677,2.34
net763,2.34
adder_tree._0578_,2.34
bgc_0.comp_row.GR_index\[3\],2.34
bgc_0.comp_row.pe1._17_,2.34
bgc_12.final_counter._26_,2.34
bgc_14.final_counter._10_,2.34
bgc_2.row_reg._026_,2.34
bgc_5.comp_col.pe1._09_,2.34
bgc_5.comp_row.pe1._07_,2.34
bgc_5.final_counter._02_,2.34
bgc_6.final_counter._15_,2.34
bgc_8.comp_col.A\[3\],2.34
bgc_8.final_counter._05_,2.34
res_mem_inst.slot\[0\].slot_reg._038_,2.34
res_mem_inst.slot\[1\].slot_reg._020_,2.34
res_mem_inst.slot\[3\].slot_reg._036_,2.34
adder_tree._0091_,2.29
bgc_2.row_reg._020_,2.29
bgc_7._04_,2.29
bgc_7.row_reg._032_,2.29
res_mem_inst.slot\[10\].slot_reg._018_,2.29
res_mem_inst.slot\[3\].slot_reg._020_,2.29
net1053,2.24
net1233,2.24
net1460,2.24
net1464,2.24
net83,2.24
net111,2.24
net164,2.24
net189,2.24
net217,2.24
net239,2.24
net256,2.24
net261,2.24
net299,2.24
net302,2.24
net308,2.24
net319,2.24
net345,2.24
net399,2.24
net407,2.24
net444,2.24
net442,2.24
net451,2.24
net490,2.24
net496,2.24
net506,2.24
net520,2.24
net522,2.24
net526,2.24
net535,2.24
net565,2.24
net568,2.24
net579,2.24
net605,2.24
net613,2.24
net637,2.24
net655,2.24
net658,2.24
net678,2.24
net679,2.24
net681,2.24
net682,2.24
net694,2.24
net701,2.24
net707,2.24
net718,2.24
net720,2.24
net731,2.24
net734,2.24
net737,2.24
net792,2.24
net799,2.24
net807,2.24
adder_tree._0133_,2.24
adder_tree._0231_,2.24
adder_tree._0405_,2.24
adder_tree._0564_,2.24
adder_tree._0568_,2.24
adder_tree._0579_,2.24
adder_tree._0615_,2.24
adder_tree._0684_,2.24
adder_tree._0688_,2.24
bgc_0.col_data_in\[4\],2.24
bgc_0.col_data_in\[5\],2.24
bgc_0.col_data_in\[7\],2.24
bgc_0.col_reg._002_,2.24
bgc_0.col_reg._029_,2.24
bgc_0.col_reg._033_,2.24
bgc_0.col_reg._038_,2.24
bgc_0.col_reg._040_,2.24
bgc_0.col_reg._046_,2.24
bgc_0.comp_col.A\[3\],2.24
bgc_0.comp_row.A\[8\],2.24
bgc_0.comp_row.pe1._02_,2.24
bgc_0.comp_row.pe1._09_,2.24
bgc_0.row_reg._009_,2.24
bgc_0.row_reg._012_,2.24
bgc_0.row_reg._040_,2.24
bgc_1._03_,2.24
bgc_1.col_data_in\[6\],2.24
bgc_1.col_reg._049_,2.24
bgc_1.comp_col.A\[3\],2.24
bgc_1.comp_col.pe2._05_,2.24
bgc_1.comp_row.GL_bits\[0\],2.24
bgc_1.comp_row.GR_index\[0\],2.24
bgc_1.comp_row.pe1._11_,2.24
bgc_1.comp_row.pe2._05_,2.24
bgc_1.row_reg._017_,2.24
bgc_1.row_reg._018_,2.24
bgc_1.row_reg._036_,2.24
bgc_1.row_reg._050_,2.24
bgc_10.col_reg._039_,2.24
bgc_10.col_reg._048_,2.24
bgc_10.comp_col.A\[5\],2.24
bgc_10.comp_col.pe2._17_,2.24
bgc_10.final_counter._18_,2.24
bgc_10.row_reg._009_,2.24
bgc_10.row_reg._015_,2.24
bgc_10.row_reg._048_,2.24
bgc_11.comp_col.A\[8\],2.24
bgc_11.comp_row.GR_bits\[1\],2.24
bgc_11.row_reg._005_,2.24
bgc_11.row_reg._011_,2.24
bgc_11.row_reg._015_,2.24
bgc_11.row_reg._028_,2.24
bgc_12.col_reg._049_,2.24
bgc_12.comp_col.A\[6\],2.24
bgc_12.comp_col.pe1._11_,2.24
bgc_12.row_reg._036_,2.24
bgc_13.col_data_in\[2\],2.24
bgc_13.col_data_in\[5\],2.24
bgc_13.comp_col.A\[10\],2.24
bgc_13.comp_row.A\[5\],2.24
bgc_13.final_counter._05_,2.24
bgc_13.row_reg._001_,2.24
bgc_14.col_data_in\[5\],2.24
bgc_14.col_reg._011_,2.24
bgc_14.comp_col.A\[11\],2.24
bgc_14.comp_col.GL_bits\[0\],2.24
bgc_14.comp_col.GR_index\[1\],2.24
bgc_14.comp_col.pe2._17_,2.24
bgc_14.comp_row.A\[5\],2.24
bgc_14.comp_row.pe2._17_,2.24
bgc_14.final_counter._02_,2.24
bgc_14.row_reg._022_,2.24
bgc_14.row_reg._033_,2.24
bgc_14.row_reg._049_,2.24
bgc_15.col_data_in\[10\],2.24
bgc_15.col_reg._009_,2.24
bgc_15.col_reg._023_,2.24
bgc_15.col_reg._024_,2.24
bgc_15.col_reg._051_,2.24
bgc_15.comp_col.A\[8\],2.24
bgc_15.comp_col.GR_bits\[1\],2.24
bgc_15.comp_row.pe1._09_,2.24
bgc_15.row_reg._005_,2.24
bgc_15.row_reg._034_,2.24
bgc_15.row_reg._035_,2.24
bgc_2.col_reg._008_,2.24
bgc_2.col_reg._048_,2.24
bgc_2.comp_col.GL_bits\[0\],2.24
bgc_2.comp_col.pe2._07_,2.24
bgc_2.comp_row.pe1._11_,2.24
bgc_2.final_counter._23_,2.24
bgc_2.lfsr_col._26_,2.24
bgc_2.row_reg._032_,2.24
bgc_2.row_reg._046_,2.24
bgc_3.col_data_in\[10\],2.24
bgc_3.col_data_in\[5\],2.24
bgc_3.col_reg._013_,2.24
bgc_3.col_reg._017_,2.24
bgc_3.col_reg._018_,2.24
bgc_3.col_reg._028_,2.24
bgc_3.col_reg._052_,2.24
bgc_3.comp_col.A\[1\],2.24
bgc_3.comp_col.A\[8\],2.24
bgc_3.comp_col.GL_index\[0\],2.24
bgc_3.comp_row.A\[8\],2.24
bgc_3.row_reg._034_,2.24
bgc_3.row_reg._040_,2.24
bgc_4.col_data_in\[7\],2.24
bgc_4.col_reg._002_,2.24
bgc_4.col_reg._004_,2.24
bgc_4.col_reg._010_,2.24
bgc_4.comp_col.A\[8\],2.24
bgc_4.comp_col.pe2._05_,2.24
bgc_4.comp_row.GL_bits\[1\],2.24
bgc_4.comp_row.pe1._11_,2.24
bgc_4.final_counter._24_,2.24
bgc_5.col_reg._010_,2.24
bgc_5.comp_col.A\[8\],2.24
bgc_5.comp_col.GL_index\[0\],2.24
bgc_5.final_counter._24_,2.24
bgc_5.row_reg._020_,2.24
bgc_5.row_reg._026_,2.24
bgc_5.row_reg._040_,2.24
bgc_6._03_,2.24
bgc_6.col_data_in\[4\],2.24
bgc_6.col_reg._025_,2.24
bgc_6.col_reg._030_,2.24
bgc_6.col_reg._032_,2.24
bgc_6.col_reg._037_,2.24
bgc_6.comp_col.GR_index\[1\],2.24
bgc_6.comp_col.pe1._17_,2.24
bgc_6.comp_row.GL_bits\[0\],2.24
bgc_6.comp_row.GR_index\[2\],2.24
bgc_6.comp_row._17_,2.24
bgc_6.final_counter._08_,2.24
bgc_6.final_counter._13_,2.24
bgc_6.row_reg._020_,2.24
bgc_6.row_reg._022_,2.24
bgc_6.row_reg._024_,2.24
bgc_7.col_reg._014_,2.24
bgc_7.col_reg._019_,2.24
bgc_7.col_reg._052_,2.24
bgc_7.comp_col.A\[6\],2.24
bgc_7.comp_col.GL_bits\[0\],2.24
bgc_7.comp_row.A\[3\],2.24
bgc_7.comp_row.GL_bits\[1\],2.24
bgc_7.row_reg._026_,2.24
bgc_8._03_,2.24
bgc_8.col_data_in\[0\],2.24
bgc_8.col_data_in\[9\],2.24
bgc_8.comp_row.A\[3\],2.24
bgc_8.comp_row.GR_index\[1\],2.24
bgc_8.comp_row._17_,2.24
bgc_9.col_data_in\[2\],2.24
bgc_9.col_data_in\[3\],2.24
bgc_9.col_data_in\[6\],2.24
bgc_9.col_data_in\[7\],2.24
bgc_9.col_reg._007_,2.24
bgc_9.col_reg._011_,2.24
bgc_9.comp_col.A\[4\],2.24
bgc_9.comp_col.pe1._08_,2.24
bgc_9.comp_row.GR_bits\[1\],2.24
bgc_9.row_reg._004_,2.24
bgc_9.row_reg._006_,2.24
bgc_9.row_reg._026_,2.24
bgc_9.row_reg._034_,2.24
bgc_9.row_reg._052_,2.24
res_mem_inst.slot\[0\].slot_reg._004_,2.24
res_mem_inst.slot\[0\].slot_reg._022_,2.24
res_mem_inst.slot\[0\].slot_reg._023_,2.24
res_mem_inst.slot\[0\].slot_reg._045_,2.24
res_mem_inst.slot\[10\].slot_reg._006_,2.24
res_mem_inst.slot\[10\].slot_reg._007_,2.24
res_mem_inst.slot\[11\].slot_reg._022_,2.24
res_mem_inst.slot\[11\].slot_reg._024_,2.24
res_mem_inst.slot\[11\].slot_reg._028_,2.24
res_mem_inst.slot\[12\].slot_reg._006_,2.24
res_mem_inst.slot\[12\].slot_reg._052_,2.24
res_mem_inst.slot\[13\].slot_reg._018_,2.24
res_mem_inst.slot\[13\].slot_reg._031_,2.24
res_mem_inst.slot\[14\].slot_reg._006_,2.24
res_mem_inst.slot\[14\].slot_reg._010_,2.24
res_mem_inst.slot\[14\].slot_reg._024_,2.24
res_mem_inst.slot\[14\].slot_reg._028_,2.24
res_mem_inst.slot\[14\].slot_reg._045_,2.24
res_mem_inst.slot\[15\].slot_reg._027_,2.24
res_mem_inst.slot\[1\].slot_reg._005_,2.24
res_mem_inst.slot\[2\].slot_reg._009_,2.24
res_mem_inst.slot\[2\].slot_reg._018_,2.24
res_mem_inst.slot\[2\].slot_reg._022_,2.24
res_mem_inst.slot\[2\].slot_reg._034_,2.24
res_mem_inst.slot\[2\].slot_reg._039_,2.24
res_mem_inst.slot\[3\].slot_reg._009_,2.24
res_mem_inst.slot\[3\].slot_reg._013_,2.24
res_mem_inst.slot\[3\].slot_reg._018_,2.24
res_mem_inst.slot\[3\].slot_reg._019_,2.24
res_mem_inst.slot\[3\].slot_reg._030_,2.24
res_mem_inst.slot\[4\].slot_reg._002_,2.24
res_mem_inst.slot\[4\].slot_reg._018_,2.24
res_mem_inst.slot\[4\].slot_reg._022_,2.24
res_mem_inst.slot\[4\].slot_reg._047_,2.24
res_mem_inst.slot\[5\].slot_reg._036_,2.24
res_mem_inst.slot\[6\].slot_reg._005_,2.24
res_mem_inst.slot\[7\].slot_reg._032_,2.24
res_mem_inst.slot\[8\].slot_reg._012_,2.24
res_mem_inst.slot\[9\].slot_reg._001_,2.24
res_mem_inst.slot\[9\].slot_reg._023_,2.24
timer_inst._09_,2.24
net898,1.78
bgc_0.col_reg._031_,1.78
bgc_10._04_,1.78
bgc_13.comp_col.A\[6\],1.78
bgc_15.col_data_in\[3\],1.78
bgc_3.col_reg._023_,1.78
bgc_8.col_reg._025_,1.78
bgc_8.comp_row.A\[6\],1.78
res_mem_inst.slot\[0\].slot_reg._035_,1.78
res_mem_inst.slot\[13\].slot_reg._024_,1.78
res_mem_inst.slot\[1\].slot_reg._025_,1.78
net828,1.68
net848,1.68
net850,1.68
net896,1.68
net915,1.68
net916,1.68
net940,1.68
net943,1.68
net983,1.68
net1036,1.68
net1077,1.68
net1079,1.68
net1120,1.68
net1177,1.68
net1183,1.68
net1229,1.68
net1248,1.68
net1255,1.68
net1274,1.68
net1276,1.68
net1315,1.68
net1336,1.68
net1341,1.68
net1378,1.68
net1407,1.68
net1459,1.68
net104,1.68
net122,1.68
net157,1.68
net171,1.68
net209,1.68
net224,1.68
net243,1.68
net269,1.68
net273,1.68
net279,1.68
net282,1.68
net321,1.68
net351,1.68
net355,1.68
net365,1.68
net384,1.68
net388,1.68
net416,1.68
net449,1.68
net465,1.68
net469,1.68
net470,1.68
net471,1.68
net478,1.68
net480,1.68
net493,1.68
net521,1.68
net541,1.68
net556,1.68
net559,1.68
net560,1.68
net564,1.68
net586,1.68
net588,1.68
net611,1.68
net617,1.68
net620,1.68
net686,1.68
net696,1.68
net705,1.68
net743,1.68
net753,1.68
net770,1.68
net775,1.68
net798,1.68
adder_tree._0100_,1.68
adder_tree._0313_,1.68
bgc_0.col_reg._001_,1.68
bgc_0.col_reg._003_,1.68
bgc_0.col_reg._007_,1.68
bgc_0.col_reg._017_,1.68
bgc_0.col_reg._021_,1.68
bgc_0.col_reg._023_,1.68
bgc_0.col_reg._025_,1.68
bgc_0.col_reg._039_,1.68
bgc_0.comp_col.A\[5\],1.68
bgc_0.comp_col.A\[7\],1.68
bgc_0.comp_row.A\[5\],1.68
bgc_0.final_counter._10_,1.68
bgc_0.row_reg._005_,1.68
bgc_0.row_reg._008_,1.68
bgc_0.row_reg._024_,1.68
bgc_0.row_reg._025_,1.68
bgc_0.row_reg._027_,1.68
bgc_0.row_reg._029_,1.68
bgc_0.row_reg._032_,1.68
bgc_1._02_,1.68
bgc_1._04_,1.68
bgc_1.col_data_in\[5\],1.68
bgc_1.col_reg._005_,1.68
bgc_1.col_reg._008_,1.68
bgc_1.col_reg._009_,1.68
bgc_1.col_reg._021_,1.68
bgc_1.comp_row.A\[5\],1.68
bgc_1.comp_row.A\[7\],1.68
bgc_1.comp_row.GR_bits\[1\],1.68
bgc_1.comp_row.pe1._05_,1.68
bgc_1.comp_row.pe2._17_,1.68
bgc_1.row_reg._012_,1.68
bgc_1.row_reg._028_,1.68
bgc_1.row_reg._029_,1.68
bgc_10.col_data_in\[6\],1.68
bgc_10.col_reg._007_,1.68
bgc_10.col_reg._008_,1.68
bgc_10.col_reg._023_,1.68
bgc_10.col_reg._052_,1.68
bgc_10.comp_col.A\[4\],1.68
bgc_10.comp_col.A\[6\],1.68
bgc_10.row_reg._006_,1.68
bgc_10.row_reg._018_,1.68
bgc_10.row_reg._026_,1.68
bgc_10.row_reg._031_,1.68
bgc_10.row_reg._051_,1.68
bgc_11.col_data_in\[6\],1.68
bgc_11.col_reg._001_,1.68
bgc_11.col_reg._008_,1.68
bgc_11.col_reg._025_,1.68
bgc_11.comp_col._17_,1.68
bgc_11.comp_row.A\[2\],1.68
bgc_11.comp_row.A\[5\],1.68
bgc_11.comp_row.A\[9\],1.68
bgc_11.comp_row._01_,1.68
bgc_11.row_reg._003_,1.68
bgc_11.row_reg._031_,1.68
bgc_11.row_reg._035_,1.68
bgc_11.row_reg._050_,1.68
bgc_12._03_,1.68
bgc_12.col_reg._011_,1.68
bgc_12.col_reg._012_,1.68
bgc_12.col_reg._013_,1.68
bgc_12.col_reg._021_,1.68
bgc_12.col_reg._027_,1.68
bgc_12.col_reg._033_,1.68
bgc_12.col_reg._035_,1.68
bgc_12.comp_col.pe1._17_,1.68
bgc_12.comp_row.GR_index\[3\],1.68
bgc_12.final_counter._11_,1.68
bgc_12.row_reg._007_,1.68
bgc_12.row_reg._009_,1.68
bgc_12.row_reg._012_,1.68
bgc_12.row_reg._019_,1.68
bgc_12.row_reg._023_,1.68
bgc_12.row_reg._033_,1.68
bgc_13._04_,1.68
bgc_13.col_reg._005_,1.68
bgc_13.col_reg._007_,1.68
bgc_13.col_reg._009_,1.68
bgc_13.col_reg._017_,1.68
bgc_13.col_reg._019_,1.68
bgc_13.col_reg._025_,1.68
bgc_13.col_reg._027_,1.68
bgc_13.col_reg._031_,1.68
bgc_13.col_reg._033_,1.68
bgc_13.col_reg._037_,1.68
bgc_13.col_reg._039_,1.68
bgc_13.comp_row.A\[11\],1.68
bgc_13.comp_row.pe2._04_,1.68
bgc_13.row_reg._003_,1.68
bgc_13.row_reg._008_,1.68
bgc_13.row_reg._009_,1.68
bgc_13.row_reg._018_,1.68
bgc_13.row_reg._027_,1.68
bgc_13.row_reg._030_,1.68
bgc_13.row_reg._031_,1.68
bgc_13.row_reg._037_,1.68
bgc_13.row_reg._038_,1.68
bgc_13.row_reg._039_,1.68
bgc_14._04_,1.68
bgc_14.col_reg._007_,1.68
bgc_14.col_reg._008_,1.68
bgc_14.col_reg._009_,1.68
bgc_14.col_reg._010_,1.68
bgc_14.col_reg._012_,1.68
bgc_14.col_reg._027_,1.68
bgc_14.col_reg._031_,1.68
bgc_14.col_reg._035_,1.68
bgc_14.comp_row.A\[6\],1.68
bgc_14.comp_row.A\[8\],1.68
bgc_14.row_reg._007_,1.68
bgc_14.row_reg._024_,1.68
bgc_14.row_reg._027_,1.68
bgc_14.row_reg._035_,1.68
bgc_14.row_reg._048_,1.68
bgc_15._03_,1.68
bgc_15.col_data_in\[0\],1.68
bgc_15.col_reg._003_,1.68
bgc_15.col_reg._008_,1.68
bgc_15.col_reg._033_,1.68
bgc_15.col_reg._035_,1.68
bgc_15.col_reg._052_,1.68
bgc_15.comp_col.pe2._04_,1.68
bgc_15.comp_row.A\[5\],1.68
bgc_15.comp_row._19_,1.68
bgc_15.row_reg._003_,1.68
bgc_15.row_reg._004_,1.68
bgc_15.row_reg._017_,1.68
bgc_15.row_reg._030_,1.68
bgc_2._02_,1.68
bgc_2._04_,1.68
bgc_2.col_data_in\[10\],1.68
bgc_2.col_data_in\[8\],1.68
bgc_2.col_reg._023_,1.68
bgc_2.col_reg._025_,1.68
bgc_2.col_reg._027_,1.68
bgc_2.col_reg._039_,1.68
bgc_2.comp_col.A\[6\],1.68
bgc_2.comp_row.A\[11\],1.68
bgc_2.comp_row.A\[5\],1.68
bgc_2.row_reg._002_,1.68
bgc_2.row_reg._004_,1.68
bgc_2.row_reg._011_,1.68
bgc_2.row_reg._014_,1.68
bgc_2.row_reg._022_,1.68
bgc_2.row_reg._033_,1.68
bgc_2.row_reg._035_,1.68
bgc_3._02_,1.68
bgc_3._04_,1.68
bgc_3.col_data_in\[2\],1.68
bgc_3.col_reg._002_,1.68
bgc_3.col_reg._005_,1.68
bgc_3.col_reg._019_,1.68
bgc_3.col_reg._035_,1.68
bgc_3.comp_col.pe1._17_,1.68
bgc_3.row_reg._001_,1.68
bgc_3.row_reg._002_,1.68
bgc_3.row_reg._004_,1.68
bgc_3.row_reg._012_,1.68
bgc_3.row_reg._023_,1.68
bgc_3.row_reg._035_,1.68
bgc_4.col_reg._007_,1.68
bgc_4.col_reg._021_,1.68
bgc_4.col_reg._023_,1.68
bgc_4.col_reg._027_,1.68
bgc_4.col_reg._031_,1.68
bgc_4.comp_col._19_,1.68
bgc_4.comp_row._01_,1.68
bgc_4.row_reg._008_,1.68
bgc_4.row_reg._027_,1.68
bgc_4.row_reg._035_,1.68
bgc_5._04_,1.68
bgc_5.col_reg._003_,1.68
bgc_5.col_reg._007_,1.68
bgc_5.col_reg._017_,1.68
bgc_5.col_reg._021_,1.68
bgc_5.col_reg._031_,1.68
bgc_5.comp_col.A\[11\],1.68
bgc_5.comp_col.A\[2\],1.68
bgc_5.comp_col.A\[6\],1.68
bgc_5.comp_col.pe2._17_,1.68
bgc_5.row_reg._009_,1.68
bgc_5.row_reg._023_,1.68
bgc_5.row_reg._027_,1.68
bgc_5.row_reg._033_,1.68
bgc_5.row_reg._036_,1.68
bgc_6._04_,1.68
bgc_6.col_reg._003_,1.68
bgc_6.col_reg._004_,1.68
bgc_6.col_reg._008_,1.68
bgc_6.col_reg._009_,1.68
bgc_6.col_reg._023_,1.68
bgc_6.comp_col.pe2._05_,1.68
bgc_6.comp_row.GL_bits\[1\],1.68
bgc_6.row_reg._014_,1.68
bgc_6.row_reg._039_,1.68
bgc_6.row_reg._040_,1.68
bgc_7.col_reg._012_,1.68
bgc_7.col_reg._023_,1.68
bgc_7.col_reg._031_,1.68
bgc_7.comp_col.A\[4\],1.68
bgc_7.comp_col.A\[7\],1.68
bgc_7.comp_col._01_,1.68
bgc_7.comp_row.GR_bits\[1\],1.68
bgc_7.comp_row.pe2._09_,1.68
bgc_7.row_reg._030_,1.68
bgc_7.row_reg._033_,1.68
bgc_8._02_,1.68
bgc_8.col_data_in\[3\],1.68
bgc_8.col_reg._007_,1.68
bgc_8.col_reg._035_,1.68
bgc_8.comp_col.GL_bits\[0\],1.68
bgc_8.comp_col._19_,1.68
bgc_8.comp_row.A\[9\],1.68
bgc_8.comp_row.GL_bits\[1\],1.68
bgc_8.comp_row.pe1._04_,1.68
bgc_8.final_counter._11_,1.68
bgc_8.row_reg._004_,1.68
bgc_8.row_reg._007_,1.68
bgc_8.row_reg._012_,1.68
bgc_8.row_reg._019_,1.68
bgc_8.row_reg._027_,1.68
bgc_8.row_reg._028_,1.68
bgc_8.row_reg._038_,1.68
bgc_8.row_reg._039_,1.68
bgc_9.col_reg._012_,1.68
bgc_9.col_reg._017_,1.68
bgc_9.col_reg._025_,1.68
bgc_9.col_reg._029_,1.68
bgc_9.col_reg._040_,1.68
bgc_9.comp_row.A\[5\],1.68
bgc_9.comp_row.A\[6\],1.68
bgc_9.row_reg._005_,1.68
bgc_9.row_reg._007_,1.68
bgc_9.row_reg._010_,1.68
bgc_9.row_reg._018_,1.68
bgc_9.row_reg._023_,1.68
bgc_9.row_reg._024_,1.68
bgc_9.row_reg._031_,1.68
res_mem_inst.slot\[0\].slot_reg._009_,1.68
res_mem_inst.slot\[10\].slot_reg._002_,1.68
res_mem_inst.slot\[10\].slot_reg._004_,1.68
res_mem_inst.slot\[10\].slot_reg._026_,1.68
res_mem_inst.slot\[10\].slot_reg._028_,1.68
res_mem_inst.slot\[10\].slot_reg._037_,1.68
res_mem_inst.slot\[10\].slot_reg._048_,1.68
res_mem_inst.slot\[11\].slot_reg._003_,1.68
res_mem_inst.slot\[11\].slot_reg._011_,1.68
res_mem_inst.slot\[11\].slot_reg._025_,1.68
res_mem_inst.slot\[11\].slot_reg._026_,1.68
res_mem_inst.slot\[11\].slot_reg._027_,1.68
res_mem_inst.slot\[12\].slot_reg._003_,1.68
res_mem_inst.slot\[12\].slot_reg._005_,1.68
res_mem_inst.slot\[12\].slot_reg._009_,1.68
res_mem_inst.slot\[12\].slot_reg._010_,1.68
res_mem_inst.slot\[12\].slot_reg._012_,1.68
res_mem_inst.slot\[12\].slot_reg._022_,1.68
res_mem_inst.slot\[12\].slot_reg._027_,1.68
res_mem_inst.slot\[12\].slot_reg._037_,1.68
res_mem_inst.slot\[12\].slot_reg._040_,1.68
res_mem_inst.slot\[13\].slot_reg._004_,1.68
res_mem_inst.slot\[13\].slot_reg._005_,1.68
res_mem_inst.slot\[13\].slot_reg._006_,1.68
res_mem_inst.slot\[13\].slot_reg._012_,1.68
res_mem_inst.slot\[13\].slot_reg._017_,1.68
res_mem_inst.slot\[13\].slot_reg._020_,1.68
res_mem_inst.slot\[13\].slot_reg._035_,1.68
res_mem_inst.slot\[13\].slot_reg._048_,1.68
res_mem_inst.slot\[14\].slot_reg._003_,1.68
res_mem_inst.slot\[14\].slot_reg._004_,1.68
res_mem_inst.slot\[14\].slot_reg._009_,1.68
res_mem_inst.slot\[14\].slot_reg._020_,1.68
res_mem_inst.slot\[14\].slot_reg._022_,1.68
res_mem_inst.slot\[15\].slot_reg._001_,1.68
res_mem_inst.slot\[15\].slot_reg._002_,1.68
res_mem_inst.slot\[15\].slot_reg._003_,1.68
res_mem_inst.slot\[15\].slot_reg._005_,1.68
res_mem_inst.slot\[15\].slot_reg._019_,1.68
res_mem_inst.slot\[15\].slot_reg._024_,1.68
res_mem_inst.slot\[15\].slot_reg._029_,1.68
res_mem_inst.slot\[15\].slot_reg._032_,1.68
res_mem_inst.slot\[1\].slot_reg._003_,1.68
res_mem_inst.slot\[1\].slot_reg._006_,1.68
res_mem_inst.slot\[1\].slot_reg._008_,1.68
res_mem_inst.slot\[1\].slot_reg._009_,1.68
res_mem_inst.slot\[1\].slot_reg._011_,1.68
res_mem_inst.slot\[1\].slot_reg._012_,1.68
res_mem_inst.slot\[1\].slot_reg._013_,1.68
res_mem_inst.slot\[1\].slot_reg._028_,1.68
res_mem_inst.slot\[1\].slot_reg._033_,1.68
res_mem_inst.slot\[1\].slot_reg._035_,1.68
res_mem_inst.slot\[2\].slot_reg._002_,1.68
res_mem_inst.slot\[2\].slot_reg._006_,1.68
res_mem_inst.slot\[2\].slot_reg._020_,1.68
res_mem_inst.slot\[2\].slot_reg._033_,1.68
res_mem_inst.slot\[2\].slot_reg._038_,1.68
res_mem_inst.slot\[3\].slot_reg._007_,1.68
res_mem_inst.slot\[3\].slot_reg._008_,1.68
res_mem_inst.slot\[3\].slot_reg._011_,1.68
res_mem_inst.slot\[3\].slot_reg._012_,1.68
res_mem_inst.slot\[3\].slot_reg._023_,1.68
res_mem_inst.slot\[3\].slot_reg._026_,1.68
res_mem_inst.slot\[3\].slot_reg._031_,1.68
res_mem_inst.slot\[3\].slot_reg._035_,1.68
res_mem_inst.slot\[4\].slot_reg._005_,1.68
res_mem_inst.slot\[4\].slot_reg._008_,1.68
res_mem_inst.slot\[4\].slot_reg._010_,1.68
res_mem_inst.slot\[4\].slot_reg._025_,1.68
res_mem_inst.slot\[4\].slot_reg._029_,1.68
res_mem_inst.slot\[4\].slot_reg._035_,1.68
res_mem_inst.slot\[4\].slot_reg._036_,1.68
res_mem_inst.slot\[5\].slot_reg._005_,1.68
res_mem_inst.slot\[5\].slot_reg._017_,1.68
res_mem_inst.slot\[5\].slot_reg._021_,1.68
res_mem_inst.slot\[5\].slot_reg._027_,1.68
res_mem_inst.slot\[5\].slot_reg._032_,1.68
res_mem_inst.slot\[5\].slot_reg._033_,1.68
res_mem_inst.slot\[5\].slot_reg._034_,1.68
res_mem_inst.slot\[5\].slot_reg._038_,1.68
res_mem_inst.slot\[6\].slot_reg._004_,1.68
res_mem_inst.slot\[6\].slot_reg._009_,1.68
res_mem_inst.slot\[6\].slot_reg._023_,1.68
res_mem_inst.slot\[6\].slot_reg._037_,1.68
res_mem_inst.slot\[7\].slot_reg._003_,1.68
res_mem_inst.slot\[7\].slot_reg._005_,1.68
res_mem_inst.slot\[7\].slot_reg._011_,1.68
res_mem_inst.slot\[7\].slot_reg._029_,1.68
res_mem_inst.slot\[7\].slot_reg._031_,1.68
res_mem_inst.slot\[7\].slot_reg._035_,1.68
res_mem_inst.slot\[8\].slot_reg._007_,1.68
res_mem_inst.slot\[8\].slot_reg._008_,1.68
res_mem_inst.slot\[8\].slot_reg._009_,1.68
res_mem_inst.slot\[8\].slot_reg._015_,1.68
res_mem_inst.slot\[8\].slot_reg._022_,1.68
res_mem_inst.slot\[8\].slot_reg._030_,1.68
res_mem_inst.slot\[8\].slot_reg._036_,1.68
res_mem_inst.slot\[9\].slot_reg._006_,1.68
res_mem_inst.slot\[9\].slot_reg._009_,1.68
res_mem_inst.slot\[9\].slot_reg._028_,1.68
res_mem_inst.slot\[9\].slot_reg._036_,1.68
timer_inst._21_,1.68
timer_inst._26_,1.68
bgc_10.comp_row.pe1._17_,1.22
adder_tree._0066_,1.12
adder_tree._0227_,1.12
adder_tree._0273_,1.12
adder_tree._0433_,1.12
adder_tree._0466_,1.12
adder_tree._0495_,1.12
adder_tree._0499_,1.12
adder_tree._0520_,1.12
adder_tree._0614_,1.12
adder_tree._0639_,1.12
bgc_0.comp_col.pe1._04_,1.12
bgc_0.comp_row.pe1._05_,1.12
bgc_0.comp_row.pe2._05_,1.12
bgc_0.comp_row.pe2._17_,1.12
bgc_1.comp_col.pe1._17_,1.12
bgc_1.comp_col.pe2._17_,1.12
bgc_1.comp_row.pe1._04_,1.12
bgc_1.comp_row.pe1._17_,1.12
bgc_1.comp_row.pe2._04_,1.12
bgc_1.final_counter._11_,1.12
bgc_1.final_counter._28_,1.12
bgc_10.comp_col.pe2._05_,1.12
bgc_10.comp_row.pe2._04_,1.12
bgc_11.comp_col.pe1._05_,1.12
bgc_11.comp_col.pe2._17_,1.12
bgc_11.comp_row.pe1._05_,1.12
bgc_11.comp_row.pe1._17_,1.12
bgc_11.comp_row.pe2._04_,1.12
bgc_11.final_counter._10_,1.12
bgc_12.comp_col.pe1._04_,1.12
bgc_12.comp_col.pe1._05_,1.12
bgc_12.comp_col.pe2._05_,1.12
bgc_12.comp_row.pe1._17_,1.12
bgc_12.final_counter._08_,1.12
bgc_13.comp_col.pe1._05_,1.12
bgc_13.comp_row.pe1._04_,1.12
bgc_13.comp_row.pe2._05_,1.12
bgc_13.final_counter._11_,1.12
bgc_14.comp_col.pe1._05_,1.12
bgc_14.comp_col.pe2._05_,1.12
bgc_14.final_counter._11_,1.12
bgc_15.comp_col.pe2._17_,1.12
bgc_15.comp_row.pe1._04_,1.12
bgc_15.final_counter._08_,1.12
bgc_2.comp_col.pe1._04_,1.12
bgc_2.comp_col.pe2._04_,1.12
bgc_2.comp_col.pe2._17_,1.12
bgc_2.comp_row.pe2._05_,1.12
bgc_2.final_counter._08_,1.12
bgc_2.final_counter._28_,1.12
bgc_3.comp_col.pe1._05_,1.12
bgc_3.comp_row.GR_bits\[0\],1.12
bgc_3.final_counter._11_,1.12
bgc_3.final_counter._28_,1.12
bgc_4.comp_col.pe1._04_,1.12
bgc_4.comp_col.pe2._04_,1.12
bgc_4.final_counter._11_,1.12
bgc_5.comp_col.pe1._05_,1.12
bgc_5.comp_col.pe2._05_,1.12
bgc_5.comp_row.pe2._04_,1.12
bgc_5.final_counter._10_,1.12
bgc_6.comp_col.pe2._04_,1.12
bgc_6.comp_row.pe2._05_,1.12
bgc_6.final_counter._11_,1.12
bgc_7.comp_col.pe2._04_,1.12
bgc_7.comp_col.pe2._05_,1.12
bgc_7.comp_row.GR_index\[3\],1.12
bgc_8.comp_col.pe1._04_,1.12
bgc_8.final_counter._28_,1.12
bgc_9.comp_col.pe1._04_,1.12
bgc_9.comp_row.pe1._05_,1.12
bgc_9.comp_row.pe2._04_,1.12
