Seed(Dec),Seed(Hex),Average Error,Absolute Highest Error,Correlation Score
0,12'h000,1984.0000,3968,0.0000
1,12'h001,0.5000,1,0.1307
2,12'h002,0.7500,1,0.1307
3,12'h003,0.2500,1,0.1306
4,12'h004,0.8750,1,0.1307
5,12'h005,0.3750,1,0.1305
6,12'h006,0.6250,1,0.1307
7,12'h007,0.1250,1,0.1306
8,12'h008,0.9375,1,0.1306
9,12'h009,0.4375,1,0.1305
10,12'h00A,0.6875,1,0.1306
11,12'h00B,0.1875,1,0.1305
12,12'h00C,0.8125,1,0.1306
13,12'h00D,0.3125,1,0.1305
14,12'h00E,0.5625,1,0.1306
15,12'h00F,0.0625,1,0.1305
16,12'h010,0.9688,1,0.1304
17,12'h011,0.4688,1,0.1306
18,12'h012,0.7188,1,0.1305
19,12'h013,0.2188,1,0.1306
20,12'h014,0.8438,1,0.1305
21,12'h015,0.3438,1,0.1306
22,12'h016,0.5938,1,0.1305
23,12'h017,0.0938,1,0.1305
24,12'h018,0.9062,1,0.1305
25,12'h019,0.4062,1,0.1306
26,12'h01A,0.6562,1,0.1305
27,12'h01B,0.1562,1,0.1305
28,12'h01C,0.7812,1,0.1305
29,12'h01D,0.2812,1,0.1305
30,12'h01E,0.5312,1,0.1304
31,12'h01F,0.0312,1,0.1303
32,12'h020,0.9688,1,0.1302
33,12'h021,0.4688,1,0.1305
34,12'h022,0.7188,1,0.1305
35,12'h023,0.2188,1,0.1305
36,12'h024,0.8438,1,0.1305
37,12'h025,0.3438,1,0.1305
38,12'h026,0.5938,1,0.1306
39,12'h027,0.0938,1,0.1306
40,12'h028,0.9062,1,0.1305
41,12'h029,0.4062,1,0.1305
42,12'h02A,0.6562,1,0.1305
43,12'h02B,0.1562,1,0.1305
44,12'h02C,0.7812,1,0.1305
45,12'h02D,0.2812,1,0.1305
46,12'h02E,0.5312,1,0.1306
47,12'h02F,0.0312,1,0.1305
48,12'h030,0.9375,1,0.1305
49,12'h031,0.4375,1,0.1306
50,12'h032,0.6875,1,0.1305
51,12'h033,0.1875,1,0.1305
52,12'h034,0.8125,1,0.1305
53,12'h035,0.3125,1,0.1305
54,12'h036,0.5625,1,0.1305
55,12'h037,0.0625,1,0.1305
56,12'h038,0.8750,1,0.1306
57,12'h039,0.3750,1,0.1306
58,12'h03A,0.6250,1,0.1305
59,12'h03B,0.1250,1,0.1305
60,12'h03C,0.7500,1,0.1305
61,12'h03D,0.2500,1,0.1304
62,12'h03E,0.5000,1,0.1304
63,12'h03F,0.0000,0,0.1302
64,12'h040,0.9688,1,0.1302
65,12'h041,0.4688,1,0.1306
66,12'h042,0.7188,1,0.1305
67,12'h043,0.2188,1,0.1306
68,12'h044,0.8438,1,0.1305
69,12'h045,0.3438,1,0.1305
70,12'h046,0.5938,1,0.1305
71,12'h047,0.0938,1,0.1305
72,12'h048,0.9062,1,0.1304
73,12'h049,0.4062,1,0.1304
74,12'h04A,0.6562,1,0.1305
75,12'h04B,0.1562,1,0.1305
76,12'h04C,0.7812,1,0.1306
77,12'h04D,0.2812,1,0.1306
78,12'h04E,0.5312,1,0.1307
79,12'h04F,0.0312,1,0.1306
80,12'h050,0.9375,1,0.1306
81,12'h051,0.4375,1,0.1307
82,12'h052,0.6875,1,0.1306
83,12'h053,0.1875,1,0.1306
84,12'h054,0.8125,1,0.1305
85,12'h055,0.3125,1,0.1306
86,12'h056,0.5625,1,0.1305
87,12'h057,0.0625,1,0.1305
88,12'h058,0.8750,1,0.1305
89,12'h059,0.3750,1,0.1305
90,12'h05A,0.6250,1,0.1305
91,12'h05B,0.1250,1,0.1305
92,12'h05C,0.7500,1,0.1305
93,12'h05D,0.2500,1,0.1305
94,12'h05E,0.5000,1,0.1306
95,12'h05F,0.0000,0,0.1303
96,12'h060,0.9688,1,0.1303
97,12'h061,0.4688,1,0.1305
98,12'h062,0.7188,1,0.1305
99,12'h063,0.2188,1,0.1305
100,12'h064,0.8438,1,0.1305
101,12'h065,0.3438,1,0.1305
102,12'h066,0.5938,1,0.1305
103,12'h067,0.0938,1,0.1304
104,12'h068,0.9062,1,0.1305
105,12'h069,0.4062,1,0.1305
106,12'h06A,0.6562,1,0.1306
107,12'h06B,0.1562,1,0.1305
108,12'h06C,0.7812,1,0.1306
109,12'h06D,0.2812,1,0.1305
110,12'h06E,0.5312,1,0.1307
111,12'h06F,0.0312,1,0.1306
112,12'h070,0.9375,1,0.1305
113,12'h071,0.4375,1,0.1307
114,12'h072,0.6875,1,0.1305
115,12'h073,0.1875,1,0.1306
116,12'h074,0.8125,1,0.1305
117,12'h075,0.3125,1,0.1306
118,12'h076,0.5625,1,0.1304
119,12'h077,0.0625,1,0.1304
120,12'h078,0.8750,1,0.1305
121,12'h079,0.3750,1,0.1305
122,12'h07A,0.6250,1,0.1305
123,12'h07B,0.1250,1,0.1305
124,12'h07C,0.7500,1,0.1306
125,12'h07D,0.2500,1,0.1305
126,12'h07E,0.5000,1,0.1305
127,12'h07F,0.0000,0,0.1302
128,12'h080,0.9688,1,0.1306
129,12'h081,0.4688,1,0.1307
130,12'h082,0.7188,1,0.1306
131,12'h083,0.2188,1,0.1307
132,12'h084,0.8438,1,0.1306
133,12'h085,0.3438,1,0.1307
134,12'h086,0.5938,1,0.1305
135,12'h087,0.0938,1,0.1305
136,12'h088,0.9062,1,0.1305
137,12'h089,0.4062,1,0.1306
138,12'h08A,0.6562,1,0.1305
139,12'h08B,0.1562,1,0.1305
140,12'h08C,0.7812,1,0.1305
141,12'h08D,0.2812,1,0.1305
142,12'h08E,0.5312,1,0.1305
143,12'h08F,0.0312,1,0.1304
144,12'h090,0.9375,1,0.1304
145,12'h091,0.4375,1,0.1305
146,12'h092,0.6875,1,0.1305
147,12'h093,0.1875,1,0.1305
148,12'h094,0.8125,1,0.1305
149,12'h095,0.3125,1,0.1305
150,12'h096,0.5625,1,0.1305
151,12'h097,0.0625,1,0.1305
152,12'h098,0.8750,1,0.1305
153,12'h099,0.3750,1,0.1305
154,12'h09A,0.6250,1,0.1307
155,12'h09B,0.1250,1,0.1306
156,12'h09C,0.7500,1,0.1306
157,12'h09D,0.2500,1,0.1306
158,12'h09E,0.5000,1,0.1307
159,12'h09F,0.0000,0,0.1305
160,12'h0A0,0.9688,1,0.1306
161,12'h0A1,0.4688,1,0.1308
162,12'h0A2,0.7188,1,0.1306
163,12'h0A3,0.2188,1,0.1307
164,12'h0A4,0.8438,1,0.1305
165,12'h0A5,0.3438,1,0.1306
166,12'h0A6,0.5938,1,0.1305
167,12'h0A7,0.0938,1,0.1305
168,12'h0A8,0.9062,1,0.1305
169,12'h0A9,0.4062,1,0.1306
170,12'h0AA,0.6562,1,0.1305
171,12'h0AB,0.1562,1,0.1305
172,12'h0AC,0.7812,1,0.1305
173,12'h0AD,0.2812,1,0.1305
174,12'h0AE,0.5312,1,0.1306
175,12'h0AF,0.0312,1,0.1304
176,12'h0B0,0.9375,1,0.1304
177,12'h0B1,0.4375,1,0.1305
178,12'h0B2,0.6875,1,0.1305
179,12'h0B3,0.1875,1,0.1305
180,12'h0B4,0.8125,1,0.1305
181,12'h0B5,0.3125,1,0.1305
182,12'h0B6,0.5625,1,0.1306
183,12'h0B7,0.0625,1,0.1305
184,12'h0B8,0.8750,1,0.1305
185,12'h0B9,0.3750,1,0.1305
186,12'h0BA,0.6250,1,0.1306
187,12'h0BB,0.1250,1,0.1305
188,12'h0BC,0.7500,1,0.1307
189,12'h0BD,0.2500,1,0.1306
190,12'h0BE,0.5000,1,0.1308
191,12'h0BF,0.0000,0,0.1306
192,12'h0C0,0.9688,1,0.1305
193,12'h0C1,0.4688,1,0.1307
194,12'h0C2,0.7188,1,0.1305
195,12'h0C3,0.2188,1,0.1306
196,12'h0C4,0.8438,1,0.1305
197,12'h0C5,0.3438,1,0.1305
198,12'h0C6,0.5938,1,0.1306
199,12'h0C7,0.0938,1,0.1305
200,12'h0C8,0.9062,1,0.1306
201,12'h0C9,0.4062,1,0.1307
202,12'h0CA,0.6562,1,0.1305
203,12'h0CB,0.1562,1,0.1306
204,12'h0CC,0.7812,1,0.1305
205,12'h0CD,0.2812,1,0.1305
206,12'h0CE,0.5312,1,0.1304
207,12'h0CF,0.0312,1,0.1304
208,12'h0D0,0.9375,1,0.1303
209,12'h0D1,0.4375,1,0.1304
210,12'h0D2,0.6875,1,0.1305
211,12'h0D3,0.1875,1,0.1305
212,12'h0D4,0.8125,1,0.1306
213,12'h0D5,0.3125,1,0.1305
214,12'h0D6,0.5625,1,0.1307
215,12'h0D7,0.0625,1,0.1306
216,12'h0D8,0.8750,1,0.1305
217,12'h0D9,0.3750,1,0.1306
218,12'h0DA,0.6250,1,0.1305
219,12'h0DB,0.1250,1,0.1305
220,12'h0DC,0.7500,1,0.1306
221,12'h0DD,0.2500,1,0.1305
222,12'h0DE,0.5000,1,0.1307
223,12'h0DF,0.0000,0,0.1305
224,12'h0E0,0.9688,1,0.1304
225,12'h0E1,0.4688,1,0.1306
226,12'h0E2,0.7188,1,0.1305
227,12'h0E3,0.2188,1,0.1306
228,12'h0E4,0.8438,1,0.1305
229,12'h0E5,0.3438,1,0.1306
230,12'h0E6,0.5938,1,0.1305
231,12'h0E7,0.0938,1,0.1305
232,12'h0E8,0.9062,1,0.1305
233,12'h0E9,0.4062,1,0.1306
234,12'h0EA,0.6562,1,0.1305
235,12'h0EB,0.1562,1,0.1305
236,12'h0EC,0.7812,1,0.1305
237,12'h0ED,0.2812,1,0.1305
238,12'h0EE,0.5312,1,0.1304
239,12'h0EF,0.0312,1,0.1303
240,12'h0F0,0.9375,1,0.1304
241,12'h0F1,0.4375,1,0.1304
242,12'h0F2,0.6875,1,0.1305
243,12'h0F3,0.1875,1,0.1305
244,12'h0F4,0.8125,1,0.1306
245,12'h0F5,0.3125,1,0.1305
246,12'h0F6,0.5625,1,0.1306
247,12'h0F7,0.0625,1,0.1305
248,12'h0F8,0.8750,1,0.1305
249,12'h0F9,0.3750,1,0.1305
250,12'h0FA,0.6250,1,0.1306
251,12'h0FB,0.1250,1,0.1305
252,12'h0FC,0.7500,1,0.1306
253,12'h0FD,0.2500,1,0.1306
254,12'h0FE,0.5000,1,0.1306
255,12'h0FF,0.0000,0,0.1305
256,12'h100,0.9688,1,0.1305
257,12'h101,0.4688,1,0.1306
258,12'h102,0.7188,1,0.1306
259,12'h103,0.2188,1,0.1306
260,12'h104,0.8438,1,0.1305
261,12'h105,0.3438,1,0.1306
262,12'h106,0.5938,1,0.1305
263,12'h107,0.0938,1,0.1305
264,12'h108,0.9062,1,0.1305
265,12'h109,0.4062,1,0.1307
266,12'h10A,0.6562,1,0.1305
267,12'h10B,0.1562,1,0.1306
268,12'h10C,0.7812,1,0.1305
269,12'h10D,0.2812,1,0.1306
270,12'h10E,0.5312,1,0.1304
271,12'h10F,0.0312,1,0.1304
272,12'h110,0.9375,1,0.1303
273,12'h111,0.4375,1,0.1305
274,12'h112,0.6875,1,0.1305
275,12'h113,0.1875,1,0.1305
276,12'h114,0.8125,1,0.1305
277,12'h115,0.3125,1,0.1305
278,12'h116,0.5625,1,0.1306
279,12'h117,0.0625,1,0.1305
280,12'h118,0.8750,1,0.1305
281,12'h119,0.3750,1,0.1305
282,12'h11A,0.6250,1,0.1306
283,12'h11B,0.1250,1,0.1305
284,12'h11C,0.7500,1,0.1306
285,12'h11D,0.2500,1,0.1306
286,12'h11E,0.5000,1,0.1306
287,12'h11F,0.0000,0,0.1305
288,12'h120,0.9688,1,0.1305
289,12'h121,0.4688,1,0.1307
290,12'h122,0.7188,1,0.1305
291,12'h123,0.2188,1,0.1306
292,12'h124,0.8438,1,0.1305
293,12'h125,0.3438,1,0.1305
294,12'h126,0.5938,1,0.1306
295,12'h127,0.0938,1,0.1305
296,12'h128,0.9062,1,0.1306
297,12'h129,0.4062,1,0.1307
298,12'h12A,0.6562,1,0.1305
299,12'h12B,0.1562,1,0.1306
300,12'h12C,0.7812,1,0.1305
301,12'h12D,0.2812,1,0.1305
302,12'h12E,0.5312,1,0.1304
303,12'h12F,0.0312,1,0.1303
304,12'h130,0.9375,1,0.1304
305,12'h131,0.4375,1,0.1304
306,12'h132,0.6875,1,0.1305
307,12'h133,0.1875,1,0.1305
308,12'h134,0.8125,1,0.1306
309,12'h135,0.3125,1,0.1305
310,12'h136,0.5625,1,0.1307
311,12'h137,0.0625,1,0.1306
312,12'h138,0.8750,1,0.1305
313,12'h139,0.3750,1,0.1306
314,12'h13A,0.6250,1,0.1306
315,12'h13B,0.1250,1,0.1305
316,12'h13C,0.7500,1,0.1306
317,12'h13D,0.2500,1,0.1305
318,12'h13E,0.5000,1,0.1307
319,12'h13F,0.0000,0,0.1305
320,12'h140,0.9688,1,0.1306
321,12'h141,0.4688,1,0.1308
322,12'h142,0.7188,1,0.1306
323,12'h143,0.2188,1,0.1307
324,12'h144,0.8438,1,0.1305
325,12'h145,0.3438,1,0.1306
326,12'h146,0.5938,1,0.1305
327,12'h147,0.0938,1,0.1306
328,12'h148,0.9062,1,0.1305
329,12'h149,0.4062,1,0.1306
330,12'h14A,0.6562,1,0.1305
331,12'h14B,0.1562,1,0.1305
332,12'h14C,0.7812,1,0.1305
333,12'h14D,0.2812,1,0.1305
334,12'h14E,0.5312,1,0.1306
335,12'h14F,0.0312,1,0.1305
336,12'h150,0.9375,1,0.1304
337,12'h151,0.4375,1,0.1305
338,12'h152,0.6875,1,0.1305
339,12'h153,0.1875,1,0.1305
340,12'h154,0.8125,1,0.1305
341,12'h155,0.3125,1,0.1305
342,12'h156,0.5625,1,0.1306
343,12'h157,0.0625,1,0.1305
344,12'h158,0.8750,1,0.1305
345,12'h159,0.3750,1,0.1305
346,12'h15A,0.6250,1,0.1306
347,12'h15B,0.1250,1,0.1305
348,12'h15C,0.7500,1,0.1307
349,12'h15D,0.2500,1,0.1306
350,12'h15E,0.5000,1,0.1308
351,12'h15F,0.0000,0,0.1306
352,12'h160,0.9688,1,0.1305
353,12'h161,0.4688,1,0.1307
354,12'h162,0.7188,1,0.1306
355,12'h163,0.2188,1,0.1306
356,12'h164,0.8438,1,0.1305
357,12'h165,0.3438,1,0.1306
358,12'h166,0.5938,1,0.1305
359,12'h167,0.0938,1,0.1305
360,12'h168,0.9062,1,0.1305
361,12'h169,0.4062,1,0.1305
362,12'h16A,0.6562,1,0.1305
363,12'h16B,0.1562,1,0.1305
364,12'h16C,0.7812,1,0.1305
365,12'h16D,0.2812,1,0.1305
366,12'h16E,0.5312,1,0.1305
367,12'h16F,0.0312,1,0.1304
368,12'h170,0.9375,1,0.1304
369,12'h171,0.4375,1,0.1305
370,12'h172,0.6875,1,0.1305
371,12'h173,0.1875,1,0.1305
372,12'h174,0.8125,1,0.1305
373,12'h175,0.3125,1,0.1305
374,12'h176,0.5625,1,0.1305
375,12'h177,0.0625,1,0.1305
376,12'h178,0.8750,1,0.1306
377,12'h179,0.3750,1,0.1305
378,12'h17A,0.6250,1,0.1307
379,12'h17B,0.1250,1,0.1306
380,12'h17C,0.7500,1,0.1307
381,12'h17D,0.2500,1,0.1306
382,12'h17E,0.5000,1,0.1308
383,12'h17F,0.0000,0,0.1306
384,12'h180,0.9688,1,0.1302
385,12'h181,0.4688,1,0.1306
386,12'h182,0.7188,1,0.1305
387,12'h183,0.2188,1,0.1306
388,12'h184,0.8438,1,0.1305
389,12'h185,0.3438,1,0.1305
390,12'h186,0.5938,1,0.1305
391,12'h187,0.0938,1,0.1305
392,12'h188,0.9062,1,0.1304
393,12'h189,0.4062,1,0.1304
394,12'h18A,0.6562,1,0.1306
395,12'h18B,0.1562,1,0.1305
396,12'h18C,0.7812,1,0.1306
397,12'h18D,0.2812,1,0.1305
398,12'h18E,0.5312,1,0.1306
399,12'h18F,0.0312,1,0.1305
400,12'h190,0.9375,1,0.1306
401,12'h191,0.4375,1,0.1307
402,12'h192,0.6875,1,0.1305
403,12'h193,0.1875,1,0.1306
404,12'h194,0.8125,1,0.1305
405,12'h195,0.3125,1,0.1306
406,12'h196,0.5625,1,0.1304
407,12'h197,0.0625,1,0.1304
408,12'h198,0.8750,1,0.1305
409,12'h199,0.3750,1,0.1305
410,12'h19A,0.6250,1,0.1305
411,12'h19B,0.1250,1,0.1305
412,12'h19C,0.7500,1,0.1305
413,12'h19D,0.2500,1,0.1305
414,12'h19E,0.5000,1,0.1305
415,12'h19F,0.0000,0,0.1303
416,12'h1A0,0.9688,1,0.1303
417,12'h1A1,0.4688,1,0.1306
418,12'h1A2,0.7188,1,0.1305
419,12'h1A3,0.2188,1,0.1305
420,12'h1A4,0.8438,1,0.1305
421,12'h1A5,0.3438,1,0.1305
422,12'h1A6,0.5938,1,0.1305
423,12'h1A7,0.0938,1,0.1305
424,12'h1A8,0.9062,1,0.1304
425,12'h1A9,0.4062,1,0.1305
426,12'h1AA,0.6562,1,0.1306
427,12'h1AB,0.1562,1,0.1305
428,12'h1AC,0.7812,1,0.1306
429,12'h1AD,0.2812,1,0.1306
430,12'h1AE,0.5312,1,0.1307
431,12'h1AF,0.0312,1,0.1306
432,12'h1B0,0.9375,1,0.1306
433,12'h1B1,0.4375,1,0.1307
434,12'h1B2,0.6875,1,0.1305
435,12'h1B3,0.1875,1,0.1306
436,12'h1B4,0.8125,1,0.1305
437,12'h1B5,0.3125,1,0.1305
438,12'h1B6,0.5625,1,0.1305
439,12'h1B7,0.0625,1,0.1304
440,12'h1B8,0.8750,1,0.1305
441,12'h1B9,0.3750,1,0.1305
442,12'h1BA,0.6250,1,0.1305
443,12'h1BB,0.1250,1,0.1305
444,12'h1BC,0.7500,1,0.1305
445,12'h1BD,0.2500,1,0.1304
446,12'h1BE,0.5000,1,0.1306
447,12'h1BF,0.0000,0,0.1302
448,12'h1C0,0.9688,1,0.1301
449,12'h1C1,0.4688,1,0.1305
450,12'h1C2,0.7188,1,0.1305
451,12'h1C3,0.2188,1,0.1305
452,12'h1C4,0.8438,1,0.1305
453,12'h1C5,0.3438,1,0.1305
454,12'h1C6,0.5938,1,0.1306
455,12'h1C7,0.0938,1,0.1306
456,12'h1C8,0.9062,1,0.1305
457,12'h1C9,0.4062,1,0.1305
458,12'h1CA,0.6562,1,0.1305
459,12'h1CB,0.1562,1,0.1305
460,12'h1CC,0.7812,1,0.1305
461,12'h1CD,0.2812,1,0.1305
462,12'h1CE,0.5312,1,0.1306
463,12'h1CF,0.0312,1,0.1305
464,12'h1D0,0.9375,1,0.1305
465,12'h1D1,0.4375,1,0.1306
466,12'h1D2,0.6875,1,0.1305
467,12'h1D3,0.1875,1,0.1305
468,12'h1D4,0.8125,1,0.1305
469,12'h1D5,0.3125,1,0.1305
470,12'h1D6,0.5625,1,0.1305
471,12'h1D7,0.0625,1,0.1305
472,12'h1D8,0.8750,1,0.1306
473,12'h1D9,0.3750,1,0.1306
474,12'h1DA,0.6250,1,0.1305
475,12'h1DB,0.1250,1,0.1305
476,12'h1DC,0.7500,1,0.1305
477,12'h1DD,0.2500,1,0.1304
478,12'h1DE,0.5000,1,0.1304
479,12'h1DF,0.0000,0,0.1302
480,12'h1E0,0.9688,1,0.1303
481,12'h1E1,0.4688,1,0.1305
482,12'h1E2,0.7188,1,0.1305
483,12'h1E3,0.2188,1,0.1305
484,12'h1E4,0.8438,1,0.1305
485,12'h1E5,0.3438,1,0.1305
486,12'h1E6,0.5938,1,0.1306
487,12'h1E7,0.0938,1,0.1306
488,12'h1E8,0.9062,1,0.1305
489,12'h1E9,0.4062,1,0.1305
490,12'h1EA,0.6562,1,0.1306
491,12'h1EB,0.1562,1,0.1305
492,12'h1EC,0.7812,1,0.1306
493,12'h1ED,0.2812,1,0.1306
494,12'h1EE,0.5312,1,0.1306
495,12'h1EF,0.0312,1,0.1305
496,12'h1F0,0.9375,1,0.1304
497,12'h1F1,0.4375,1,0.1306
498,12'h1F2,0.6875,1,0.1305
499,12'h1F3,0.1875,1,0.1306
500,12'h1F4,0.8125,1,0.1305
501,12'h1F5,0.3125,1,0.1305
502,12'h1F6,0.5625,1,0.1305
503,12'h1F7,0.0625,1,0.1305
504,12'h1F8,0.8750,1,0.1305
505,12'h1F9,0.3750,1,0.1306
506,12'h1FA,0.6250,1,0.1305
507,12'h1FB,0.1250,1,0.1306
508,12'h1FC,0.7500,1,0.1306
509,12'h1FD,0.2500,1,0.1306
510,12'h1FE,0.5000,1,0.1305
511,12'h1FF,0.0000,0,0.1302
512,12'h200,0.9688,1,0.1302
513,12'h201,0.4688,1,0.1305
514,12'h202,0.7188,1,0.1305
515,12'h203,0.2188,1,0.1305
516,12'h204,0.8438,1,0.1306
517,12'h205,0.3438,1,0.1305
518,12'h206,0.5938,1,0.1306
519,12'h207,0.0938,1,0.1306
520,12'h208,0.9062,1,0.1305
521,12'h209,0.4062,1,0.1305
522,12'h20A,0.6562,1,0.1305
523,12'h20B,0.1562,1,0.1305
524,12'h20C,0.7812,1,0.1306
525,12'h20D,0.2812,1,0.1305
526,12'h20E,0.5312,1,0.1306
527,12'h20F,0.0312,1,0.1304
528,12'h210,0.9375,1,0.1305
529,12'h211,0.4375,1,0.1306
530,12'h212,0.6875,1,0.1305
531,12'h213,0.1875,1,0.1306
532,12'h214,0.8125,1,0.1305
533,12'h215,0.3125,1,0.1305
534,12'h216,0.5625,1,0.1306
535,12'h217,0.0625,1,0.1305
536,12'h218,0.8750,1,0.1306
537,12'h219,0.3750,1,0.1306
538,12'h21A,0.6250,1,0.1305
539,12'h21B,0.1250,1,0.1305
540,12'h21C,0.7500,1,0.1305
541,12'h21D,0.2500,1,0.1305
542,12'h21E,0.5000,1,0.1304
543,12'h21F,0.0000,0,0.1302
544,12'h220,0.9688,1,0.1303
545,12'h221,0.4688,1,0.1305
546,12'h222,0.7188,1,0.1305
547,12'h223,0.2188,1,0.1305
548,12'h224,0.8438,1,0.1305
549,12'h225,0.3438,1,0.1305
550,12'h226,0.5938,1,0.1306
551,12'h227,0.0938,1,0.1305
552,12'h228,0.9062,1,0.1304
553,12'h229,0.4062,1,0.1305
554,12'h22A,0.6562,1,0.1305
555,12'h22B,0.1562,1,0.1305
556,12'h22C,0.7812,1,0.1306
557,12'h22D,0.2812,1,0.1305
558,12'h22E,0.5312,1,0.1306
559,12'h22F,0.0312,1,0.1304
560,12'h230,0.9375,1,0.1305
561,12'h231,0.4375,1,0.1306
562,12'h232,0.6875,1,0.1305
563,12'h233,0.1875,1,0.1306
564,12'h234,0.8125,1,0.1305
565,12'h235,0.3125,1,0.1306
566,12'h236,0.5625,1,0.1305
567,12'h237,0.0625,1,0.1305
568,12'h238,0.8750,1,0.1305
569,12'h239,0.3750,1,0.1306
570,12'h23A,0.6250,1,0.1305
571,12'h23B,0.1250,1,0.1305
572,12'h23C,0.7500,1,0.1306
573,12'h23D,0.2500,1,0.1306
574,12'h23E,0.5000,1,0.1305
575,12'h23F,0.0000,0,0.1303
576,12'h240,0.9688,1,0.1303
577,12'h241,0.4688,1,0.1305
578,12'h242,0.7188,1,0.1305
579,12'h243,0.2188,1,0.1305
580,12'h244,0.8438,1,0.1305
581,12'h245,0.3438,1,0.1305
582,12'h246,0.5938,1,0.1305
583,12'h247,0.0938,1,0.1304
584,12'h248,0.9062,1,0.1304
585,12'h249,0.4062,1,0.1304
586,12'h24A,0.6562,1,0.1306
587,12'h24B,0.1562,1,0.1305
588,12'h24C,0.7812,1,0.1306
589,12'h24D,0.2812,1,0.1305
590,12'h24E,0.5312,1,0.1307
591,12'h24F,0.0312,1,0.1305
592,12'h250,0.9375,1,0.1305
593,12'h251,0.4375,1,0.1307
594,12'h252,0.6875,1,0.1306
595,12'h253,0.1875,1,0.1306
596,12'h254,0.8125,1,0.1305
597,12'h255,0.3125,1,0.1306
598,12'h256,0.5625,1,0.1304
599,12'h257,0.0625,1,0.1304
600,12'h258,0.8750,1,0.1305
601,12'h259,0.3750,1,0.1305
602,12'h25A,0.6250,1,0.1305
603,12'h25B,0.1250,1,0.1305
604,12'h25C,0.7500,1,0.1305
605,12'h25D,0.2500,1,0.1305
606,12'h25E,0.5000,1,0.1305
607,12'h25F,0.0000,0,0.1303
608,12'h260,0.9688,1,0.1304
609,12'h261,0.4688,1,0.1306
610,12'h262,0.7188,1,0.1305
611,12'h263,0.2188,1,0.1305
612,12'h264,0.8438,1,0.1305
613,12'h265,0.3438,1,0.1305
614,12'h266,0.5938,1,0.1306
615,12'h267,0.0938,1,0.1305
616,12'h268,0.9062,1,0.1305
617,12'h269,0.4062,1,0.1305
618,12'h26A,0.6562,1,0.1306
619,12'h26B,0.1562,1,0.1305
620,12'h26C,0.7812,1,0.1306
621,12'h26D,0.2812,1,0.1306
622,12'h26E,0.5312,1,0.1308
623,12'h26F,0.0312,1,0.1306
624,12'h270,0.9375,1,0.1306
625,12'h271,0.4375,1,0.1307
626,12'h272,0.6875,1,0.1306
627,12'h273,0.1875,1,0.1306
628,12'h274,0.8125,1,0.1305
629,12'h275,0.3125,1,0.1305
630,12'h276,0.5625,1,0.1305
631,12'h277,0.0625,1,0.1304
632,12'h278,0.8750,1,0.1305
633,12'h279,0.3750,1,0.1305
634,12'h27A,0.6250,1,0.1305
635,12'h27B,0.1250,1,0.1305
636,12'h27C,0.7500,1,0.1306
637,12'h27D,0.2500,1,0.1304
638,12'h27E,0.5000,1,0.1306
639,12'h27F,0.0000,0,0.1302
640,12'h280,0.9688,1,0.1306
641,12'h281,0.4688,1,0.1308
642,12'h282,0.7188,1,0.1307
643,12'h283,0.2188,1,0.1307
644,12'h284,0.8438,1,0.1305
645,12'h285,0.3438,1,0.1306
646,12'h286,0.5938,1,0.1305
647,12'h287,0.0938,1,0.1305
648,12'h288,0.9062,1,0.1305
649,12'h289,0.4062,1,0.1306
650,12'h28A,0.6562,1,0.1305
651,12'h28B,0.1562,1,0.1305
652,12'h28C,0.7812,1,0.1305
653,12'h28D,0.2812,1,0.1305
654,12'h28E,0.5312,1,0.1305
655,12'h28F,0.0312,1,0.1305
656,12'h290,0.9375,1,0.1304
657,12'h291,0.4375,1,0.1306
658,12'h292,0.6875,1,0.1305
659,12'h293,0.1875,1,0.1305
660,12'h294,0.8125,1,0.1305
661,12'h295,0.3125,1,0.1305
662,12'h296,0.5625,1,0.1306
663,12'h297,0.0625,1,0.1305
664,12'h298,0.8750,1,0.1305
665,12'h299,0.3750,1,0.1305
666,12'h29A,0.6250,1,0.1306
667,12'h29B,0.1250,1,0.1305
668,12'h29C,0.7500,1,0.1307
669,12'h29D,0.2500,1,0.1306
670,12'h29E,0.5000,1,0.1308
671,12'h29F,0.0000,0,0.1306
672,12'h2A0,0.9688,1,0.1305
673,12'h2A1,0.4688,1,0.1307
674,12'h2A2,0.7188,1,0.1306
675,12'h2A3,0.2188,1,0.1307
676,12'h2A4,0.8438,1,0.1306
677,12'h2A5,0.3438,1,0.1307
678,12'h2A6,0.5938,1,0.1305
679,12'h2A7,0.0938,1,0.1305
680,12'h2A8,0.9062,1,0.1305
681,12'h2A9,0.4062,1,0.1305
682,12'h2AA,0.6562,1,0.1305
683,12'h2AB,0.1562,1,0.1305
684,12'h2AC,0.7812,1,0.1305
685,12'h2AD,0.2812,1,0.1305
686,12'h2AE,0.5312,1,0.1305
687,12'h2AF,0.0312,1,0.1304
688,12'h2B0,0.9375,1,0.1304
689,12'h2B1,0.4375,1,0.1305
690,12'h2B2,0.6875,1,0.1305
691,12'h2B3,0.1875,1,0.1305
692,12'h2B4,0.8125,1,0.1305
693,12'h2B5,0.3125,1,0.1305
694,12'h2B6,0.5625,1,0.1305
695,12'h2B7,0.0625,1,0.1304
696,12'h2B8,0.8750,1,0.1305
697,12'h2B9,0.3750,1,0.1305
698,12'h2BA,0.6250,1,0.1307
699,12'h2BB,0.1250,1,0.1306
700,12'h2BC,0.7500,1,0.1307
701,12'h2BD,0.2500,1,0.1306
702,12'h2BE,0.5000,1,0.1307
703,12'h2BF,0.0000,0,0.1306
704,12'h2C0,0.9688,1,0.1305
705,12'h2C1,0.4688,1,0.1306
706,12'h2C2,0.7188,1,0.1306
707,12'h2C3,0.2188,1,0.1306
708,12'h2C4,0.8438,1,0.1305
709,12'h2C5,0.3438,1,0.1306
710,12'h2C6,0.5938,1,0.1305
711,12'h2C7,0.0938,1,0.1305
712,12'h2C8,0.9062,1,0.1305
713,12'h2C9,0.4062,1,0.1306
714,12'h2CA,0.6562,1,0.1305
715,12'h2CB,0.1562,1,0.1306
716,12'h2CC,0.7812,1,0.1305
717,12'h2CD,0.2812,1,0.1305
718,12'h2CE,0.5312,1,0.1304
719,12'h2CF,0.0312,1,0.1303
720,12'h2D0,0.9375,1,0.1303
721,12'h2D1,0.4375,1,0.1304
722,12'h2D2,0.6875,1,0.1305
723,12'h2D3,0.1875,1,0.1305
724,12'h2D4,0.8125,1,0.1305
725,12'h2D5,0.3125,1,0.1305
726,12'h2D6,0.5625,1,0.1306
727,12'h2D7,0.0625,1,0.1305
728,12'h2D8,0.8750,1,0.1305
729,12'h2D9,0.3750,1,0.1305
730,12'h2DA,0.6250,1,0.1306
731,12'h2DB,0.1250,1,0.1305
732,12'h2DC,0.7500,1,0.1306
733,12'h2DD,0.2500,1,0.1306
734,12'h2DE,0.5000,1,0.1306
735,12'h2DF,0.0000,0,0.1304
736,12'h2E0,0.9688,1,0.1304
737,12'h2E1,0.4688,1,0.1306
738,12'h2E2,0.7188,1,0.1305
739,12'h2E3,0.2188,1,0.1306
740,12'h2E4,0.8438,1,0.1305
741,12'h2E5,0.3438,1,0.1305
742,12'h2E6,0.5938,1,0.1306
743,12'h2E7,0.0938,1,0.1305
744,12'h2E8,0.9062,1,0.1306
745,12'h2E9,0.4062,1,0.1306
746,12'h2EA,0.6562,1,0.1305
747,12'h2EB,0.1562,1,0.1305
748,12'h2EC,0.7812,1,0.1305
749,12'h2ED,0.2812,1,0.1305
750,12'h2EE,0.5312,1,0.1304
751,12'h2EF,0.0312,1,0.1303
752,12'h2F0,0.9375,1,0.1304
753,12'h2F1,0.4375,1,0.1304
754,12'h2F2,0.6875,1,0.1305
755,12'h2F3,0.1875,1,0.1305
756,12'h2F4,0.8125,1,0.1306
757,12'h2F5,0.3125,1,0.1305
758,12'h2F6,0.5625,1,0.1307
759,12'h2F7,0.0625,1,0.1306
760,12'h2F8,0.8750,1,0.1305
761,12'h2F9,0.3750,1,0.1306
762,12'h2FA,0.6250,1,0.1305
763,12'h2FB,0.1250,1,0.1305
764,12'h2FC,0.7500,1,0.1306
765,12'h2FD,0.2500,1,0.1306
766,12'h2FE,0.5000,1,0.1307
767,12'h2FF,0.0000,0,0.1305
768,12'h300,0.9688,1,0.1305
769,12'h301,0.4688,1,0.1307
770,12'h302,0.7188,1,0.1306
771,12'h303,0.2188,1,0.1306
772,12'h304,0.8438,1,0.1305
773,12'h305,0.3438,1,0.1306
774,12'h306,0.5938,1,0.1306
775,12'h307,0.0938,1,0.1306
776,12'h308,0.9062,1,0.1306
777,12'h309,0.4062,1,0.1307
778,12'h30A,0.6562,1,0.1305
779,12'h30B,0.1562,1,0.1306
780,12'h30C,0.7812,1,0.1305
781,12'h30D,0.2812,1,0.1305
782,12'h30E,0.5312,1,0.1305
783,12'h30F,0.0312,1,0.1304
784,12'h310,0.9375,1,0.1303
785,12'h311,0.4375,1,0.1304
786,12'h312,0.6875,1,0.1305
787,12'h313,0.1875,1,0.1305
788,12'h314,0.8125,1,0.1305
789,12'h315,0.3125,1,0.1305
790,12'h316,0.5625,1,0.1306
791,12'h317,0.0625,1,0.1306
792,12'h318,0.8750,1,0.1305
793,12'h319,0.3750,1,0.1305
794,12'h31A,0.6250,1,0.1305
795,12'h31B,0.1250,1,0.1305
796,12'h31C,0.7500,1,0.1306
797,12'h31D,0.2500,1,0.1305
798,12'h31E,0.5000,1,0.1306
799,12'h31F,0.0000,0,0.1305
800,12'h320,0.9688,1,0.1305
801,12'h321,0.4688,1,0.1306
802,12'h322,0.7188,1,0.1306
803,12'h323,0.2188,1,0.1306
804,12'h324,0.8438,1,0.1305
805,12'h325,0.3438,1,0.1306
806,12'h326,0.5938,1,0.1305
807,12'h327,0.0938,1,0.1305
808,12'h328,0.9062,1,0.1305
809,12'h329,0.4062,1,0.1306
810,12'h32A,0.6562,1,0.1305
811,12'h32B,0.1562,1,0.1306
812,12'h32C,0.7812,1,0.1305
813,12'h32D,0.2812,1,0.1305
814,12'h32E,0.5312,1,0.1304
815,12'h32F,0.0312,1,0.1303
816,12'h330,0.9375,1,0.1303
817,12'h331,0.4375,1,0.1304
818,12'h332,0.6875,1,0.1305
819,12'h333,0.1875,1,0.1305
820,12'h334,0.8125,1,0.1306
821,12'h335,0.3125,1,0.1305
822,12'h336,0.5625,1,0.1306
823,12'h337,0.0625,1,0.1305
824,12'h338,0.8750,1,0.1305
825,12'h339,0.3750,1,0.1305
826,12'h33A,0.6250,1,0.1306
827,12'h33B,0.1250,1,0.1305
828,12'h33C,0.7500,1,0.1306
829,12'h33D,0.2500,1,0.1306
830,12'h33E,0.5000,1,0.1306
831,12'h33F,0.0000,0,0.1304
832,12'h340,0.9688,1,0.1306
833,12'h341,0.4688,1,0.1308
834,12'h342,0.7188,1,0.1306
835,12'h343,0.2188,1,0.1307
836,12'h344,0.8438,1,0.1306
837,12'h345,0.3438,1,0.1307
838,12'h346,0.5938,1,0.1305
839,12'h347,0.0938,1,0.1305
840,12'h348,0.9062,1,0.1305
841,12'h349,0.4062,1,0.1306
842,12'h34A,0.6562,1,0.1305
843,12'h34B,0.1562,1,0.1305
844,12'h34C,0.7812,1,0.1305
845,12'h34D,0.2812,1,0.1305
846,12'h34E,0.5312,1,0.1305
847,12'h34F,0.0312,1,0.1304
848,12'h350,0.9375,1,0.1304
849,12'h351,0.4375,1,0.1305
850,12'h352,0.6875,1,0.1305
851,12'h353,0.1875,1,0.1305
852,12'h354,0.8125,1,0.1305
853,12'h355,0.3125,1,0.1305
854,12'h356,0.5625,1,0.1305
855,12'h357,0.0625,1,0.1304
856,12'h358,0.8750,1,0.1305
857,12'h359,0.3750,1,0.1305
858,12'h35A,0.6250,1,0.1306
859,12'h35B,0.1250,1,0.1305
860,12'h35C,0.7500,1,0.1306
861,12'h35D,0.2500,1,0.1306
862,12'h35E,0.5000,1,0.1307
863,12'h35F,0.0000,0,0.1305
864,12'h360,0.9688,1,0.1306
865,12'h361,0.4688,1,0.1308
866,12'h362,0.7188,1,0.1306
867,12'h363,0.2188,1,0.1307
868,12'h364,0.8438,1,0.1305
869,12'h365,0.3438,1,0.1306
870,12'h366,0.5938,1,0.1305
871,12'h367,0.0938,1,0.1305
872,12'h368,0.9062,1,0.1305
873,12'h369,0.4062,1,0.1305
874,12'h36A,0.6562,1,0.1305
875,12'h36B,0.1562,1,0.1305
876,12'h36C,0.7812,1,0.1305
877,12'h36D,0.2812,1,0.1305
878,12'h36E,0.5312,1,0.1305
879,12'h36F,0.0312,1,0.1304
880,12'h370,0.9375,1,0.1305
881,12'h371,0.4375,1,0.1306
882,12'h372,0.6875,1,0.1305
883,12'h373,0.1875,1,0.1305
884,12'h374,0.8125,1,0.1305
885,12'h375,0.3125,1,0.1305
886,12'h376,0.5625,1,0.1306
887,12'h377,0.0625,1,0.1305
888,12'h378,0.8750,1,0.1306
889,12'h379,0.3750,1,0.1305
890,12'h37A,0.6250,1,0.1306
891,12'h37B,0.1250,1,0.1306
892,12'h37C,0.7500,1,0.1307
893,12'h37D,0.2500,1,0.1306
894,12'h37E,0.5000,1,0.1308
895,12'h37F,0.0000,0,0.1307
896,12'h380,0.9688,1,0.1302
897,12'h381,0.4688,1,0.1306
898,12'h382,0.7188,1,0.1305
899,12'h383,0.2188,1,0.1306
900,12'h384,0.8438,1,0.1305
901,12'h385,0.3438,1,0.1305
902,12'h386,0.5938,1,0.1305
903,12'h387,0.0938,1,0.1305
904,12'h388,0.9062,1,0.1304
905,12'h389,0.4062,1,0.1304
906,12'h38A,0.6562,1,0.1305
907,12'h38B,0.1562,1,0.1305
908,12'h38C,0.7812,1,0.1306
909,12'h38D,0.2812,1,0.1305
910,12'h38E,0.5312,1,0.1307
911,12'h38F,0.0312,1,0.1306
912,12'h390,0.9375,1,0.1306
913,12'h391,0.4375,1,0.1307
914,12'h392,0.6875,1,0.1306
915,12'h393,0.1875,1,0.1306
916,12'h394,0.8125,1,0.1305
917,12'h395,0.3125,1,0.1306
918,12'h396,0.5625,1,0.1305
919,12'h397,0.0625,1,0.1305
920,12'h398,0.8750,1,0.1305
921,12'h399,0.3750,1,0.1305
922,12'h39A,0.6250,1,0.1305
923,12'h39B,0.1250,1,0.1305
924,12'h39C,0.7500,1,0.1305
925,12'h39D,0.2500,1,0.1304
926,12'h39E,0.5000,1,0.1305
927,12'h39F,0.0000,0,0.1303
928,12'h3A0,0.9688,1,0.1303
929,12'h3A1,0.4688,1,0.1305
930,12'h3A2,0.7188,1,0.1305
931,12'h3A3,0.2188,1,0.1305
932,12'h3A4,0.8438,1,0.1305
933,12'h3A5,0.3438,1,0.1305
934,12'h3A6,0.5938,1,0.1305
935,12'h3A7,0.0938,1,0.1304
936,12'h3A8,0.9062,1,0.1304
937,12'h3A9,0.4062,1,0.1304
938,12'h3AA,0.6562,1,0.1306
939,12'h3AB,0.1562,1,0.1305
940,12'h3AC,0.7812,1,0.1306
941,12'h3AD,0.2812,1,0.1305
942,12'h3AE,0.5312,1,0.1307
943,12'h3AF,0.0312,1,0.1305
944,12'h3B0,0.9375,1,0.1305
945,12'h3B1,0.4375,1,0.1307
946,12'h3B2,0.6875,1,0.1305
947,12'h3B3,0.1875,1,0.1306
948,12'h3B4,0.8125,1,0.1305
949,12'h3B5,0.3125,1,0.1306
950,12'h3B6,0.5625,1,0.1304
951,12'h3B7,0.0625,1,0.1304
952,12'h3B8,0.8750,1,0.1305
953,12'h3B9,0.3750,1,0.1305
954,12'h3BA,0.6250,1,0.1305
955,12'h3BB,0.1250,1,0.1305
956,12'h3BC,0.7500,1,0.1306
957,12'h3BD,0.2500,1,0.1305
958,12'h3BE,0.5000,1,0.1305
959,12'h3BF,0.0000,0,0.1302
960,12'h3C0,0.9688,1,0.1302
961,12'h3C1,0.4688,1,0.1305
962,12'h3C2,0.7188,1,0.1306
963,12'h3C3,0.2188,1,0.1305
964,12'h3C4,0.8438,1,0.1305
965,12'h3C5,0.3438,1,0.1305
966,12'h3C6,0.5938,1,0.1306
967,12'h3C7,0.0938,1,0.1305
968,12'h3C8,0.9062,1,0.1304
969,12'h3C9,0.4062,1,0.1305
970,12'h3CA,0.6562,1,0.1305
971,12'h3CB,0.1562,1,0.1305
972,12'h3CC,0.7812,1,0.1306
973,12'h3CD,0.2812,1,0.1305
974,12'h3CE,0.5312,1,0.1306
975,12'h3CF,0.0312,1,0.1304
976,12'h3D0,0.9375,1,0.1305
977,12'h3D1,0.4375,1,0.1306
978,12'h3D2,0.6875,1,0.1306
979,12'h3D3,0.1875,1,0.1306
980,12'h3D4,0.8125,1,0.1305
981,12'h3D5,0.3125,1,0.1306
982,12'h3D6,0.5625,1,0.1305
983,12'h3D7,0.0625,1,0.1305
984,12'h3D8,0.8750,1,0.1306
985,12'h3D9,0.3750,1,0.1306
986,12'h3DA,0.6250,1,0.1305
987,12'h3DB,0.1250,1,0.1305
988,12'h3DC,0.7500,1,0.1306
989,12'h3DD,0.2500,1,0.1305
990,12'h3DE,0.5000,1,0.1305
991,12'h3DF,0.0000,0,0.1303
992,12'h3E0,0.9688,1,0.1302
993,12'h3E1,0.4688,1,0.1304
994,12'h3E2,0.7188,1,0.1305
995,12'h3E3,0.2188,1,0.1305
996,12'h3E4,0.8438,1,0.1305
997,12'h3E5,0.3438,1,0.1305
998,12'h3E6,0.5938,1,0.1306
999,12'h3E7,0.0938,1,0.1306
1000,12'h3E8,0.9062,1,0.1305
1001,12'h3E9,0.4062,1,0.1306
1002,12'h3EA,0.6562,1,0.1305
1003,12'h3EB,0.1562,1,0.1305
1004,12'h3EC,0.7812,1,0.1306
1005,12'h3ED,0.2812,1,0.1305
1006,12'h3EE,0.5312,1,0.1306
1007,12'h3EF,0.0312,1,0.1305
1008,12'h3F0,0.9375,1,0.1305
1009,12'h3F1,0.4375,1,0.1306
1010,12'h3F2,0.6875,1,0.1305
1011,12'h3F3,0.1875,1,0.1306
1012,12'h3F4,0.8125,1,0.1305
1013,12'h3F5,0.3125,1,0.1305
1014,12'h3F6,0.5625,1,0.1305
1015,12'h3F7,0.0625,1,0.1305
1016,12'h3F8,0.8750,1,0.1306
1017,12'h3F9,0.3750,1,0.1306
1018,12'h3FA,0.6250,1,0.1305
1019,12'h3FB,0.1250,1,0.1305
1020,12'h3FC,0.7500,1,0.1305
1021,12'h3FD,0.2500,1,0.1305
1022,12'h3FE,0.5000,1,0.1304
1023,12'h3FF,0.0000,0,0.1301
1024,12'h400,0.9688,1,0.1303
1025,12'h401,0.4688,1,0.1306
1026,12'h402,0.7188,1,0.1305
1027,12'h403,0.2188,1,0.1305
1028,12'h404,0.8438,1,0.1305
1029,12'h405,0.3438,1,0.1305
1030,12'h406,0.5938,1,0.1305
1031,12'h407,0.0938,1,0.1305
1032,12'h408,0.9062,1,0.1305
1033,12'h409,0.4062,1,0.1304
1034,12'h40A,0.6562,1,0.1306
1035,12'h40B,0.1562,1,0.1305
1036,12'h40C,0.7812,1,0.1306
1037,12'h40D,0.2812,1,0.1305
1038,12'h40E,0.5312,1,0.1307
1039,12'h40F,0.0312,1,0.1305
1040,12'h410,0.9375,1,0.1305
1041,12'h411,0.4375,1,0.1307
1042,12'h412,0.6875,1,0.1306
1043,12'h413,0.1875,1,0.1306
1044,12'h414,0.8125,1,0.1305
1045,12'h415,0.3125,1,0.1306
1046,12'h416,0.5625,1,0.1304
1047,12'h417,0.0625,1,0.1304
1048,12'h418,0.8750,1,0.1305
1049,12'h419,0.3750,1,0.1305
1050,12'h41A,0.6250,1,0.1305
1051,12'h41B,0.1250,1,0.1305
1052,12'h41C,0.7500,1,0.1305
1053,12'h41D,0.2500,1,0.1305
1054,12'h41E,0.5000,1,0.1305
1055,12'h41F,0.0000,0,0.1303
1056,12'h420,0.9688,1,0.1303
1057,12'h421,0.4688,1,0.1306
1058,12'h422,0.7188,1,0.1305
1059,12'h423,0.2188,1,0.1305
1060,12'h424,0.8438,1,0.1305
1061,12'h425,0.3438,1,0.1305
1062,12'h426,0.5938,1,0.1306
1063,12'h427,0.0938,1,0.1305
1064,12'h428,0.9062,1,0.1304
1065,12'h429,0.4062,1,0.1305
1066,12'h42A,0.6562,1,0.1306
1067,12'h42B,0.1562,1,0.1305
1068,12'h42C,0.7812,1,0.1306
1069,12'h42D,0.2812,1,0.1306
1070,12'h42E,0.5312,1,0.1307
1071,12'h42F,0.0312,1,0.1306
1072,12'h430,0.9375,1,0.1306
1073,12'h431,0.4375,1,0.1307
1074,12'h432,0.6875,1,0.1305
1075,12'h433,0.1875,1,0.1306
1076,12'h434,0.8125,1,0.1305
1077,12'h435,0.3125,1,0.1306
1078,12'h436,0.5625,1,0.1304
1079,12'h437,0.0625,1,0.1304
1080,12'h438,0.8750,1,0.1305
1081,12'h439,0.3750,1,0.1305
1082,12'h43A,0.6250,1,0.1305
1083,12'h43B,0.1250,1,0.1305
1084,12'h43C,0.7500,1,0.1305
1085,12'h43D,0.2500,1,0.1305
1086,12'h43E,0.5000,1,0.1305
1087,12'h43F,0.0000,0,0.1302
1088,12'h440,0.9688,1,0.1301
1089,12'h441,0.4688,1,0.1305
1090,12'h442,0.7188,1,0.1305
1091,12'h443,0.2188,1,0.1305
1092,12'h444,0.8438,1,0.1305
1093,12'h445,0.3438,1,0.1305
1094,12'h446,0.5938,1,0.1306
1095,12'h447,0.0938,1,0.1305
1096,12'h448,0.9062,1,0.1305
1097,12'h449,0.4062,1,0.1305
1098,12'h44A,0.6562,1,0.1305
1099,12'h44B,0.1562,1,0.1305
1100,12'h44C,0.7812,1,0.1306
1101,12'h44D,0.2812,1,0.1305
1102,12'h44E,0.5312,1,0.1306
1103,12'h44F,0.0312,1,0.1305
1104,12'h450,0.9375,1,0.1305
1105,12'h451,0.4375,1,0.1306
1106,12'h452,0.6875,1,0.1305
1107,12'h453,0.1875,1,0.1306
1108,12'h454,0.8125,1,0.1305
1109,12'h455,0.3125,1,0.1305
1110,12'h456,0.5625,1,0.1305
1111,12'h457,0.0625,1,0.1305
1112,12'h458,0.8750,1,0.1306
1113,12'h459,0.3750,1,0.1306
1114,12'h45A,0.6250,1,0.1305
1115,12'h45B,0.1250,1,0.1305
1116,12'h45C,0.7500,1,0.1305
1117,12'h45D,0.2500,1,0.1305
1118,12'h45E,0.5000,1,0.1304
1119,12'h45F,0.0000,0,0.1302
1120,12'h460,0.9688,1,0.1303
1121,12'h461,0.4688,1,0.1304
1122,12'h462,0.7188,1,0.1305
1123,12'h463,0.2188,1,0.1305
1124,12'h464,0.8438,1,0.1305
1125,12'h465,0.3438,1,0.1305
1126,12'h466,0.5938,1,0.1306
1127,12'h467,0.0938,1,0.1305
1128,12'h468,0.9062,1,0.1305
1129,12'h469,0.4062,1,0.1305
1130,12'h46A,0.6562,1,0.1306
1131,12'h46B,0.1562,1,0.1305
1132,12'h46C,0.7812,1,0.1306
1133,12'h46D,0.2812,1,0.1306
1134,12'h46E,0.5312,1,0.1306
1135,12'h46F,0.0312,1,0.1304
1136,12'h470,0.9375,1,0.1305
1137,12'h471,0.4375,1,0.1306
1138,12'h472,0.6875,1,0.1305
1139,12'h473,0.1875,1,0.1306
1140,12'h474,0.8125,1,0.1305
1141,12'h475,0.3125,1,0.1306
1142,12'h476,0.5625,1,0.1305
1143,12'h477,0.0625,1,0.1305
1144,12'h478,0.8750,1,0.1306
1145,12'h479,0.3750,1,0.1306
1146,12'h47A,0.6250,1,0.1305
1147,12'h47B,0.1250,1,0.1306
1148,12'h47C,0.7500,1,0.1306
1149,12'h47D,0.2500,1,0.1306
1150,12'h47E,0.5000,1,0.1305
1151,12'h47F,0.0000,0,0.1303
1152,12'h480,0.9688,1,0.1305
1153,12'h481,0.4688,1,0.1306
1154,12'h482,0.7188,1,0.1306
1155,12'h483,0.2188,1,0.1306
1156,12'h484,0.8438,1,0.1305
1157,12'h485,0.3438,1,0.1306
1158,12'h486,0.5938,1,0.1305
1159,12'h487,0.0938,1,0.1305
1160,12'h488,0.9062,1,0.1305
1161,12'h489,0.4062,1,0.1306
1162,12'h48A,0.6562,1,0.1305
1163,12'h48B,0.1562,1,0.1306
1164,12'h48C,0.7812,1,0.1305
1165,12'h48D,0.2812,1,0.1306
1166,12'h48E,0.5312,1,0.1304
1167,12'h48F,0.0312,1,0.1303
1168,12'h490,0.9375,1,0.1303
1169,12'h491,0.4375,1,0.1304
1170,12'h492,0.6875,1,0.1305
1171,12'h493,0.1875,1,0.1305
1172,12'h494,0.8125,1,0.1305
1173,12'h495,0.3125,1,0.1305
1174,12'h496,0.5625,1,0.1306
1175,12'h497,0.0625,1,0.1305
1176,12'h498,0.8750,1,0.1305
1177,12'h499,0.3750,1,0.1305
1178,12'h49A,0.6250,1,0.1306
1179,12'h49B,0.1250,1,0.1305
1180,12'h49C,0.7500,1,0.1306
1181,12'h49D,0.2500,1,0.1306
1182,12'h49E,0.5000,1,0.1306
1183,12'h49F,0.0000,0,0.1304
1184,12'h4A0,0.9688,1,0.1305
1185,12'h4A1,0.4688,1,0.1307
1186,12'h4A2,0.7188,1,0.1305
1187,12'h4A3,0.2188,1,0.1306
1188,12'h4A4,0.8438,1,0.1305
1189,12'h4A5,0.3438,1,0.1306
1190,12'h4A6,0.5938,1,0.1306
1191,12'h4A7,0.0938,1,0.1306
1192,12'h4A8,0.9062,1,0.1306
1193,12'h4A9,0.4062,1,0.1307
1194,12'h4AA,0.6562,1,0.1305
1195,12'h4AB,0.1562,1,0.1306
1196,12'h4AC,0.7812,1,0.1305
1197,12'h4AD,0.2812,1,0.1305
1198,12'h4AE,0.5312,1,0.1304
1199,12'h4AF,0.0312,1,0.1303
1200,12'h4B0,0.9375,1,0.1304
1201,12'h4B1,0.4375,1,0.1304
1202,12'h4B2,0.6875,1,0.1305
1203,12'h4B3,0.1875,1,0.1305
1204,12'h4B4,0.8125,1,0.1306
1205,12'h4B5,0.3125,1,0.1305
1206,12'h4B6,0.5625,1,0.1307
1207,12'h4B7,0.0625,1,0.1306
1208,12'h4B8,0.8750,1,0.1305
1209,12'h4B9,0.3750,1,0.1306
1210,12'h4BA,0.6250,1,0.1305
1211,12'h4BB,0.1250,1,0.1305
1212,12'h4BC,0.7500,1,0.1306
1213,12'h4BD,0.2500,1,0.1306
1214,12'h4BE,0.5000,1,0.1307
1215,12'h4BF,0.0000,0,0.1305
1216,12'h4C0,0.9688,1,0.1306
1217,12'h4C1,0.4688,1,0.1308
1218,12'h4C2,0.7188,1,0.1306
1219,12'h4C3,0.2188,1,0.1307
1220,12'h4C4,0.8438,1,0.1305
1221,12'h4C5,0.3438,1,0.1306
1222,12'h4C6,0.5938,1,0.1305
1223,12'h4C7,0.0938,1,0.1305
1224,12'h4C8,0.9062,1,0.1305
1225,12'h4C9,0.4062,1,0.1306
1226,12'h4CA,0.6562,1,0.1305
1227,12'h4CB,0.1562,1,0.1305
1228,12'h4CC,0.7812,1,0.1305
1229,12'h4CD,0.2812,1,0.1305
1230,12'h4CE,0.5312,1,0.1305
1231,12'h4CF,0.0312,1,0.1304
1232,12'h4D0,0.9375,1,0.1304
1233,12'h4D1,0.4375,1,0.1306
1234,12'h4D2,0.6875,1,0.1305
1235,12'h4D3,0.1875,1,0.1305
1236,12'h4D4,0.8125,1,0.1305
1237,12'h4D5,0.3125,1,0.1305
1238,12'h4D6,0.5625,1,0.1306
1239,12'h4D7,0.0625,1,0.1305
1240,12'h4D8,0.8750,1,0.1305
1241,12'h4D9,0.3750,1,0.1305
1242,12'h4DA,0.6250,1,0.1306
1243,12'h4DB,0.1250,1,0.1305
1244,12'h4DC,0.7500,1,0.1307
1245,12'h4DD,0.2500,1,0.1306
1246,12'h4DE,0.5000,1,0.1308
1247,12'h4DF,0.0000,0,0.1306
1248,12'h4E0,0.9688,1,0.1305
1249,12'h4E1,0.4688,1,0.1307
1250,12'h4E2,0.7188,1,0.1306
1251,12'h4E3,0.2188,1,0.1306
1252,12'h4E4,0.8438,1,0.1305
1253,12'h4E5,0.3438,1,0.1306
1254,12'h4E6,0.5938,1,0.1305
1255,12'h4E7,0.0938,1,0.1305
1256,12'h4E8,0.9062,1,0.1305
1257,12'h4E9,0.4062,1,0.1305
1258,12'h4EA,0.6562,1,0.1305
1259,12'h4EB,0.1562,1,0.1305
1260,12'h4EC,0.7812,1,0.1305
1261,12'h4ED,0.2812,1,0.1305
1262,12'h4EE,0.5312,1,0.1305
1263,12'h4EF,0.0312,1,0.1304
1264,12'h4F0,0.9375,1,0.1304
1265,12'h4F1,0.4375,1,0.1305
1266,12'h4F2,0.6875,1,0.1305
1267,12'h4F3,0.1875,1,0.1305
1268,12'h4F4,0.8125,1,0.1305
1269,12'h4F5,0.3125,1,0.1305
1270,12'h4F6,0.5625,1,0.1305
1271,12'h4F7,0.0625,1,0.1304
1272,12'h4F8,0.8750,1,0.1305
1273,12'h4F9,0.3750,1,0.1305
1274,12'h4FA,0.6250,1,0.1307
1275,12'h4FB,0.1250,1,0.1306
1276,12'h4FC,0.7500,1,0.1307
1277,12'h4FD,0.2500,1,0.1306
1278,12'h4FE,0.5000,1,0.1307
1279,12'h4FF,0.0000,0,0.1306
1280,12'h500,0.9688,1,0.1306
1281,12'h501,0.4688,1,0.1308
1282,12'h502,0.7188,1,0.1306
1283,12'h503,0.2188,1,0.1307
1284,12'h504,0.8438,1,0.1306
1285,12'h505,0.3438,1,0.1307
1286,12'h506,0.5938,1,0.1305
1287,12'h507,0.0938,1,0.1305
1288,12'h508,0.9062,1,0.1305
1289,12'h509,0.4062,1,0.1306
1290,12'h50A,0.6562,1,0.1305
1291,12'h50B,0.1562,1,0.1306
1292,12'h50C,0.7812,1,0.1305
1293,12'h50D,0.2812,1,0.1305
1294,12'h50E,0.5312,1,0.1305
1295,12'h50F,0.0312,1,0.1304
1296,12'h510,0.9375,1,0.1304
1297,12'h511,0.4375,1,0.1305
1298,12'h512,0.6875,1,0.1305
1299,12'h513,0.1875,1,0.1305
1300,12'h514,0.8125,1,0.1305
1301,12'h515,0.3125,1,0.1305
1302,12'h516,0.5625,1,0.1305
1303,12'h517,0.0625,1,0.1304
1304,12'h518,0.8750,1,0.1305
1305,12'h519,0.3750,1,0.1305
1306,12'h51A,0.6250,1,0.1306
1307,12'h51B,0.1250,1,0.1305
1308,12'h51C,0.7500,1,0.1306
1309,12'h51D,0.2500,1,0.1306
1310,12'h51E,0.5000,1,0.1307
1311,12'h51F,0.0000,0,0.1305
1312,12'h520,0.9688,1,0.1306
1313,12'h521,0.4688,1,0.1308
1314,12'h522,0.7188,1,0.1306
1315,12'h523,0.2188,1,0.1307
1316,12'h524,0.8438,1,0.1305
1317,12'h525,0.3438,1,0.1306
1318,12'h526,0.5938,1,0.1305
1319,12'h527,0.0938,1,0.1305
1320,12'h528,0.9062,1,0.1305
1321,12'h529,0.4062,1,0.1306
1322,12'h52A,0.6562,1,0.1305
1323,12'h52B,0.1562,1,0.1305
1324,12'h52C,0.7812,1,0.1305
1325,12'h52D,0.2812,1,0.1305
1326,12'h52E,0.5312,1,0.1305
1327,12'h52F,0.0312,1,0.1304
1328,12'h530,0.9375,1,0.1305
1329,12'h531,0.4375,1,0.1306
1330,12'h532,0.6875,1,0.1305
1331,12'h533,0.1875,1,0.1305
1332,12'h534,0.8125,1,0.1305
1333,12'h535,0.3125,1,0.1305
1334,12'h536,0.5625,1,0.1306
1335,12'h537,0.0625,1,0.1305
1336,12'h538,0.8750,1,0.1305
1337,12'h539,0.3750,1,0.1305
1338,12'h53A,0.6250,1,0.1306
1339,12'h53B,0.1250,1,0.1305
1340,12'h53C,0.7500,1,0.1307
1341,12'h53D,0.2500,1,0.1306
1342,12'h53E,0.5000,1,0.1308
1343,12'h53F,0.0000,0,0.1306
1344,12'h540,0.9688,1,0.1305
1345,12'h541,0.4688,1,0.1307
1346,12'h542,0.7188,1,0.1306
1347,12'h543,0.2188,1,0.1306
1348,12'h544,0.8438,1,0.1305
1349,12'h545,0.3438,1,0.1306
1350,12'h546,0.5938,1,0.1306
1351,12'h547,0.0938,1,0.1306
1352,12'h548,0.9062,1,0.1306
1353,12'h549,0.4062,1,0.1307
1354,12'h54A,0.6562,1,0.1305
1355,12'h54B,0.1562,1,0.1306
1356,12'h54C,0.7812,1,0.1305
1357,12'h54D,0.2812,1,0.1305
1358,12'h54E,0.5312,1,0.1304
1359,12'h54F,0.0312,1,0.1304
1360,12'h550,0.9375,1,0.1303
1361,12'h551,0.4375,1,0.1304
1362,12'h552,0.6875,1,0.1305
1363,12'h553,0.1875,1,0.1305
1364,12'h554,0.8125,1,0.1306
1365,12'h555,0.3125,1,0.1305
1366,12'h556,0.5625,1,0.1307
1367,12'h557,0.0625,1,0.1306
1368,12'h558,0.8750,1,0.1305
1369,12'h559,0.3750,1,0.1306
1370,12'h55A,0.6250,1,0.1305
1371,12'h55B,0.1250,1,0.1305
1372,12'h55C,0.7500,1,0.1306
1373,12'h55D,0.2500,1,0.1305
1374,12'h55E,0.5000,1,0.1306
1375,12'h55F,0.0000,0,0.1305
1376,12'h560,0.9688,1,0.1305
1377,12'h561,0.4688,1,0.1306
1378,12'h562,0.7188,1,0.1306
1379,12'h563,0.2188,1,0.1306
1380,12'h564,0.8438,1,0.1305
1381,12'h565,0.3438,1,0.1306
1382,12'h566,0.5938,1,0.1305
1383,12'h567,0.0938,1,0.1305
1384,12'h568,0.9062,1,0.1305
1385,12'h569,0.4062,1,0.1306
1386,12'h56A,0.6562,1,0.1305
1387,12'h56B,0.1562,1,0.1305
1388,12'h56C,0.7812,1,0.1305
1389,12'h56D,0.2812,1,0.1305
1390,12'h56E,0.5312,1,0.1304
1391,12'h56F,0.0312,1,0.1303
1392,12'h570,0.9375,1,0.1304
1393,12'h571,0.4375,1,0.1304
1394,12'h572,0.6875,1,0.1305
1395,12'h573,0.1875,1,0.1305
1396,12'h574,0.8125,1,0.1306
1397,12'h575,0.3125,1,0.1305
1398,12'h576,0.5625,1,0.1306
1399,12'h577,0.0625,1,0.1305
1400,12'h578,0.8750,1,0.1305
1401,12'h579,0.3750,1,0.1305
1402,12'h57A,0.6250,1,0.1306
1403,12'h57B,0.1250,1,0.1305
1404,12'h57C,0.7500,1,0.1306
1405,12'h57D,0.2500,1,0.1306
1406,12'h57E,0.5000,1,0.1306
1407,12'h57F,0.0000,0,0.1304
1408,12'h580,0.9688,1,0.1302
1409,12'h581,0.4688,1,0.1305
1410,12'h582,0.7188,1,0.1306
1411,12'h583,0.2188,1,0.1305
1412,12'h584,0.8438,1,0.1306
1413,12'h585,0.3438,1,0.1305
1414,12'h586,0.5938,1,0.1306
1415,12'h587,0.0938,1,0.1305
1416,12'h588,0.9062,1,0.1305
1417,12'h589,0.4062,1,0.1305
1418,12'h58A,0.6562,1,0.1305
1419,12'h58B,0.1562,1,0.1305
1420,12'h58C,0.7812,1,0.1306
1421,12'h58D,0.2812,1,0.1305
1422,12'h58E,0.5312,1,0.1306
1423,12'h58F,0.0312,1,0.1304
1424,12'h590,0.9375,1,0.1305
1425,12'h591,0.4375,1,0.1306
1426,12'h592,0.6875,1,0.1306
1427,12'h593,0.1875,1,0.1306
1428,12'h594,0.8125,1,0.1305
1429,12'h595,0.3125,1,0.1306
1430,12'h596,0.5625,1,0.1305
1431,12'h597,0.0625,1,0.1305
1432,12'h598,0.8750,1,0.1306
1433,12'h599,0.3750,1,0.1306
1434,12'h59A,0.6250,1,0.1305
1435,12'h59B,0.1250,1,0.1305
1436,12'h59C,0.7500,1,0.1306
1437,12'h59D,0.2500,1,0.1305
1438,12'h59E,0.5000,1,0.1305
1439,12'h59F,0.0000,0,0.1303
1440,12'h5A0,0.9688,1,0.1302
1441,12'h5A1,0.4688,1,0.1304
1442,12'h5A2,0.7188,1,0.1305
1443,12'h5A3,0.2188,1,0.1305
1444,12'h5A4,0.8438,1,0.1305
1445,12'h5A5,0.3438,1,0.1305
1446,12'h5A6,0.5938,1,0.1306
1447,12'h5A7,0.0938,1,0.1306
1448,12'h5A8,0.9062,1,0.1305
1449,12'h5A9,0.4062,1,0.1305
1450,12'h5AA,0.6562,1,0.1305
1451,12'h5AB,0.1562,1,0.1305
1452,12'h5AC,0.7812,1,0.1306
1453,12'h5AD,0.2812,1,0.1305
1454,12'h5AE,0.5312,1,0.1306
1455,12'h5AF,0.0312,1,0.1305
1456,12'h5B0,0.9375,1,0.1305
1457,12'h5B1,0.4375,1,0.1306
1458,12'h5B2,0.6875,1,0.1305
1459,12'h5B3,0.1875,1,0.1305
1460,12'h5B4,0.8125,1,0.1305
1461,12'h5B5,0.3125,1,0.1305
1462,12'h5B6,0.5625,1,0.1305
1463,12'h5B7,0.0625,1,0.1305
1464,12'h5B8,0.8750,1,0.1306
1465,12'h5B9,0.3750,1,0.1306
1466,12'h5BA,0.6250,1,0.1305
1467,12'h5BB,0.1250,1,0.1305
1468,12'h5BC,0.7500,1,0.1305
1469,12'h5BD,0.2500,1,0.1305
1470,12'h5BE,0.5000,1,0.1304
1471,12'h5BF,0.0000,0,0.1301
1472,12'h5C0,0.9688,1,0.1303
1473,12'h5C1,0.4688,1,0.1306
1474,12'h5C2,0.7188,1,0.1305
1475,12'h5C3,0.2188,1,0.1305
1476,12'h5C4,0.8438,1,0.1305
1477,12'h5C5,0.3438,1,0.1305
1478,12'h5C6,0.5938,1,0.1305
1479,12'h5C7,0.0938,1,0.1305
1480,12'h5C8,0.9062,1,0.1304
1481,12'h5C9,0.4062,1,0.1304
1482,12'h5CA,0.6562,1,0.1305
1483,12'h5CB,0.1562,1,0.1305
1484,12'h5CC,0.7812,1,0.1306
1485,12'h5CD,0.2812,1,0.1305
1486,12'h5CE,0.5312,1,0.1307
1487,12'h5CF,0.0312,1,0.1306
1488,12'h5D0,0.9375,1,0.1306
1489,12'h5D1,0.4375,1,0.1307
1490,12'h5D2,0.6875,1,0.1306
1491,12'h5D3,0.1875,1,0.1306
1492,12'h5D4,0.8125,1,0.1305
1493,12'h5D5,0.3125,1,0.1306
1494,12'h5D6,0.5625,1,0.1305
1495,12'h5D7,0.0625,1,0.1305
1496,12'h5D8,0.8750,1,0.1305
1497,12'h5D9,0.3750,1,0.1305
1498,12'h5DA,0.6250,1,0.1305
1499,12'h5DB,0.1250,1,0.1305
1500,12'h5DC,0.7500,1,0.1305
1501,12'h5DD,0.2500,1,0.1304
1502,12'h5DE,0.5000,1,0.1305
1503,12'h5DF,0.0000,0,0.1303
1504,12'h5E0,0.9688,1,0.1303
1505,12'h5E1,0.4688,1,0.1305
1506,12'h5E2,0.7188,1,0.1305
1507,12'h5E3,0.2188,1,0.1305
1508,12'h5E4,0.8438,1,0.1305
1509,12'h5E5,0.3438,1,0.1305
1510,12'h5E6,0.5938,1,0.1305
1511,12'h5E7,0.0938,1,0.1304
1512,12'h5E8,0.9062,1,0.1305
1513,12'h5E9,0.4062,1,0.1305
1514,12'h5EA,0.6562,1,0.1306
1515,12'h5EB,0.1562,1,0.1305
1516,12'h5EC,0.7812,1,0.1306
1517,12'h5ED,0.2812,1,0.1305
1518,12'h5EE,0.5312,1,0.1307
1519,12'h5EF,0.0312,1,0.1306
1520,12'h5F0,0.9375,1,0.1305
1521,12'h5F1,0.4375,1,0.1306
1522,12'h5F2,0.6875,1,0.1305
1523,12'h5F3,0.1875,1,0.1306
1524,12'h5F4,0.8125,1,0.1305
1525,12'h5F5,0.3125,1,0.1306
1526,12'h5F6,0.5625,1,0.1304
1527,12'h5F7,0.0625,1,0.1304
1528,12'h5F8,0.8750,1,0.1305
1529,12'h5F9,0.3750,1,0.1305
1530,12'h5FA,0.6250,1,0.1305
1531,12'h5FB,0.1250,1,0.1305
1532,12'h5FC,0.7500,1,0.1306
1533,12'h5FD,0.2500,1,0.1305
1534,12'h5FE,0.5000,1,0.1306
1535,12'h5FF,0.0000,0,0.1301
1536,12'h600,0.9688,1,0.1302
1537,12'h601,0.4688,1,0.1306
1538,12'h602,0.7188,1,0.1305
1539,12'h603,0.2188,1,0.1306
1540,12'h604,0.8438,1,0.1305
1541,12'h605,0.3438,1,0.1305
1542,12'h606,0.5938,1,0.1306
1543,12'h607,0.0938,1,0.1305
1544,12'h608,0.9062,1,0.1304
1545,12'h609,0.4062,1,0.1304
1546,12'h60A,0.6562,1,0.1305
1547,12'h60B,0.1562,1,0.1305
1548,12'h60C,0.7812,1,0.1306
1549,12'h60D,0.2812,1,0.1305
1550,12'h60E,0.5312,1,0.1307
1551,12'h60F,0.0312,1,0.1306
1552,12'h610,0.9375,1,0.1306
1553,12'h611,0.4375,1,0.1308
1554,12'h612,0.6875,1,0.1306
1555,12'h613,0.1875,1,0.1306
1556,12'h614,0.8125,1,0.1305
1557,12'h615,0.3125,1,0.1306
1558,12'h616,0.5625,1,0.1305
1559,12'h617,0.0625,1,0.1305
1560,12'h618,0.8750,1,0.1305
1561,12'h619,0.3750,1,0.1306
1562,12'h61A,0.6250,1,0.1305
1563,12'h61B,0.1250,1,0.1305
1564,12'h61C,0.7500,1,0.1305
1565,12'h61D,0.2500,1,0.1305
1566,12'h61E,0.5000,1,0.1306
1567,12'h61F,0.0000,0,0.1304
1568,12'h620,0.9688,1,0.1303
1569,12'h621,0.4688,1,0.1305
1570,12'h622,0.7188,1,0.1305
1571,12'h623,0.2188,1,0.1305
1572,12'h624,0.8438,1,0.1305
1573,12'h625,0.3438,1,0.1305
1574,12'h626,0.5938,1,0.1305
1575,12'h627,0.0938,1,0.1304
1576,12'h628,0.9062,1,0.1304
1577,12'h629,0.4062,1,0.1304
1578,12'h62A,0.6562,1,0.1306
1579,12'h62B,0.1562,1,0.1305
1580,12'h62C,0.7812,1,0.1306
1581,12'h62D,0.2812,1,0.1305
1582,12'h62E,0.5312,1,0.1307
1583,12'h62F,0.0312,1,0.1306
1584,12'h630,0.9375,1,0.1305
1585,12'h631,0.4375,1,0.1307
1586,12'h632,0.6875,1,0.1305
1587,12'h633,0.1875,1,0.1306
1588,12'h634,0.8125,1,0.1305
1589,12'h635,0.3125,1,0.1306
1590,12'h636,0.5625,1,0.1304
1591,12'h637,0.0625,1,0.1304
1592,12'h638,0.8750,1,0.1305
1593,12'h639,0.3750,1,0.1305
1594,12'h63A,0.6250,1,0.1305
1595,12'h63B,0.1250,1,0.1305
1596,12'h63C,0.7500,1,0.1305
1597,12'h63D,0.2500,1,0.1305
1598,12'h63E,0.5000,1,0.1305
1599,12'h63F,0.0000,0,0.1302
1600,12'h640,0.9688,1,0.1303
1601,12'h641,0.4688,1,0.1306
1602,12'h642,0.7188,1,0.1306
1603,12'h643,0.2188,1,0.1305
1604,12'h644,0.8438,1,0.1306
1605,12'h645,0.3438,1,0.1305
1606,12'h646,0.5938,1,0.1307
1607,12'h647,0.0938,1,0.1305
1608,12'h648,0.9062,1,0.1305
1609,12'h649,0.4062,1,0.1305
1610,12'h64A,0.6562,1,0.1306
1611,12'h64B,0.1562,1,0.1305
1612,12'h64C,0.7812,1,0.1306
1613,12'h64D,0.2812,1,0.1305
1614,12'h64E,0.5312,1,0.1306
1615,12'h64F,0.0312,1,0.1305
1616,12'h650,0.9375,1,0.1305
1617,12'h651,0.4375,1,0.1306
1618,12'h652,0.6875,1,0.1305
1619,12'h653,0.1875,1,0.1306
1620,12'h654,0.8125,1,0.1305
1621,12'h655,0.3125,1,0.1306
1622,12'h656,0.5625,1,0.1305
1623,12'h657,0.0625,1,0.1305
1624,12'h658,0.8750,1,0.1305
1625,12'h659,0.3750,1,0.1306
1626,12'h65A,0.6250,1,0.1305
1627,12'h65B,0.1250,1,0.1305
1628,12'h65C,0.7500,1,0.1306
1629,12'h65D,0.2500,1,0.1305
1630,12'h65E,0.5000,1,0.1304
1631,12'h65F,0.0000,0,0.1302
1632,12'h660,0.9688,1,0.1302
1633,12'h661,0.4688,1,0.1304
1634,12'h662,0.7188,1,0.1305
1635,12'h663,0.2188,1,0.1305
1636,12'h664,0.8438,1,0.1305
1637,12'h665,0.3438,1,0.1305
1638,12'h666,0.5938,1,0.1306
1639,12'h667,0.0938,1,0.1306
1640,12'h668,0.9062,1,0.1305
1641,12'h669,0.4062,1,0.1306
1642,12'h66A,0.6562,1,0.1305
1643,12'h66B,0.1562,1,0.1305
1644,12'h66C,0.7812,1,0.1306
1645,12'h66D,0.2812,1,0.1305
1646,12'h66E,0.5312,1,0.1306
1647,12'h66F,0.0312,1,0.1305
1648,12'h670,0.9375,1,0.1304
1649,12'h671,0.4375,1,0.1306
1650,12'h672,0.6875,1,0.1305
1651,12'h673,0.1875,1,0.1305
1652,12'h674,0.8125,1,0.1305
1653,12'h675,0.3125,1,0.1305
1654,12'h676,0.5625,1,0.1305
1655,12'h677,0.0625,1,0.1305
1656,12'h678,0.8750,1,0.1306
1657,12'h679,0.3750,1,0.1306
1658,12'h67A,0.6250,1,0.1305
1659,12'h67B,0.1250,1,0.1305
1660,12'h67C,0.7500,1,0.1305
1661,12'h67D,0.2500,1,0.1305
1662,12'h67E,0.5000,1,0.1304
1663,12'h67F,0.0000,0,0.1301
1664,12'h680,0.9688,1,0.1305
1665,12'h681,0.4688,1,0.1307
1666,12'h682,0.7188,1,0.1306
1667,12'h683,0.2188,1,0.1306
1668,12'h684,0.8438,1,0.1305
1669,12'h685,0.3438,1,0.1306
1670,12'h686,0.5938,1,0.1306
1671,12'h687,0.0938,1,0.1306
1672,12'h688,0.9062,1,0.1306
1673,12'h689,0.4062,1,0.1307
1674,12'h68A,0.6562,1,0.1305
1675,12'h68B,0.1562,1,0.1306
1676,12'h68C,0.7812,1,0.1305
1677,12'h68D,0.2812,1,0.1305
1678,12'h68E,0.5312,1,0.1304
1679,12'h68F,0.0312,1,0.1304
1680,12'h690,0.9375,1,0.1303
1681,12'h691,0.4375,1,0.1304
1682,12'h692,0.6875,1,0.1305
1683,12'h693,0.1875,1,0.1305
1684,12'h694,0.8125,1,0.1306
1685,12'h695,0.3125,1,0.1305
1686,12'h696,0.5625,1,0.1307
1687,12'h697,0.0625,1,0.1306
1688,12'h698,0.8750,1,0.1305
1689,12'h699,0.3750,1,0.1306
1690,12'h69A,0.6250,1,0.1305
1691,12'h69B,0.1250,1,0.1305
1692,12'h69C,0.7500,1,0.1306
1693,12'h69D,0.2500,1,0.1305
1694,12'h69E,0.5000,1,0.1307
1695,12'h69F,0.0000,0,0.1305
1696,12'h6A0,0.9688,1,0.1304
1697,12'h6A1,0.4688,1,0.1306
1698,12'h6A2,0.7188,1,0.1305
1699,12'h6A3,0.2188,1,0.1306
1700,12'h6A4,0.8438,1,0.1305
1701,12'h6A5,0.3438,1,0.1306
1702,12'h6A6,0.5938,1,0.1305
1703,12'h6A7,0.0938,1,0.1305
1704,12'h6A8,0.9062,1,0.1305
1705,12'h6A9,0.4062,1,0.1306
1706,12'h6AA,0.6562,1,0.1305
1707,12'h6AB,0.1562,1,0.1306
1708,12'h6AC,0.7812,1,0.1305
1709,12'h6AD,0.2812,1,0.1305
1710,12'h6AE,0.5312,1,0.1304
1711,12'h6AF,0.0312,1,0.1303
1712,12'h6B0,0.9375,1,0.1304
1713,12'h6B1,0.4375,1,0.1304
1714,12'h6B2,0.6875,1,0.1305
1715,12'h6B3,0.1875,1,0.1305
1716,12'h6B4,0.8125,1,0.1306
1717,12'h6B5,0.3125,1,0.1305
1718,12'h6B6,0.5625,1,0.1306
1719,12'h6B7,0.0625,1,0.1305
1720,12'h6B8,0.8750,1,0.1305
1721,12'h6B9,0.3750,1,0.1305
1722,12'h6BA,0.6250,1,0.1306
1723,12'h6BB,0.1250,1,0.1305
1724,12'h6BC,0.7500,1,0.1306
1725,12'h6BD,0.2500,1,0.1306
1726,12'h6BE,0.5000,1,0.1306
1727,12'h6BF,0.0000,0,0.1305
1728,12'h6C0,0.9688,1,0.1305
1729,12'h6C1,0.4688,1,0.1307
1730,12'h6C2,0.7188,1,0.1306
1731,12'h6C3,0.2188,1,0.1307
1732,12'h6C4,0.8438,1,0.1306
1733,12'h6C5,0.3438,1,0.1307
1734,12'h6C6,0.5938,1,0.1305
1735,12'h6C7,0.0938,1,0.1305
1736,12'h6C8,0.9062,1,0.1305
1737,12'h6C9,0.4062,1,0.1306
1738,12'h6CA,0.6562,1,0.1305
1739,12'h6CB,0.1562,1,0.1305
1740,12'h6CC,0.7812,1,0.1305
1741,12'h6CD,0.2812,1,0.1305
1742,12'h6CE,0.5312,1,0.1305
1743,12'h6CF,0.0312,1,0.1304
1744,12'h6D0,0.9375,1,0.1304
1745,12'h6D1,0.4375,1,0.1305
1746,12'h6D2,0.6875,1,0.1305
1747,12'h6D3,0.1875,1,0.1305
1748,12'h6D4,0.8125,1,0.1305
1749,12'h6D5,0.3125,1,0.1305
1750,12'h6D6,0.5625,1,0.1305
1751,12'h6D7,0.0625,1,0.1304
1752,12'h6D8,0.8750,1,0.1305
1753,12'h6D9,0.3750,1,0.1305
1754,12'h6DA,0.6250,1,0.1307
1755,12'h6DB,0.1250,1,0.1306
1756,12'h6DC,0.7500,1,0.1306
1757,12'h6DD,0.2500,1,0.1306
1758,12'h6DE,0.5000,1,0.1307
1759,12'h6DF,0.0000,0,0.1306
1760,12'h6E0,0.9688,1,0.1306
1761,12'h6E1,0.4688,1,0.1308
1762,12'h6E2,0.7188,1,0.1306
1763,12'h6E3,0.2188,1,0.1307
1764,12'h6E4,0.8438,1,0.1305
1765,12'h6E5,0.3438,1,0.1306
1766,12'h6E6,0.5938,1,0.1305
1767,12'h6E7,0.0938,1,0.1305
1768,12'h6E8,0.9062,1,0.1305
1769,12'h6E9,0.4062,1,0.1306
1770,12'h6EA,0.6562,1,0.1305
1771,12'h6EB,0.1562,1,0.1305
1772,12'h6EC,0.7812,1,0.1305
1773,12'h6ED,0.2812,1,0.1305
1774,12'h6EE,0.5312,1,0.1306
1775,12'h6EF,0.0312,1,0.1304
1776,12'h6F0,0.9375,1,0.1305
1777,12'h6F1,0.4375,1,0.1305
1778,12'h6F2,0.6875,1,0.1305
1779,12'h6F3,0.1875,1,0.1305
1780,12'h6F4,0.8125,1,0.1305
1781,12'h6F5,0.3125,1,0.1305
1782,12'h6F6,0.5625,1,0.1306
1783,12'h6F7,0.0625,1,0.1305
1784,12'h6F8,0.8750,1,0.1305
1785,12'h6F9,0.3750,1,0.1305
1786,12'h6FA,0.6250,1,0.1306
1787,12'h6FB,0.1250,1,0.1305
1788,12'h6FC,0.7500,1,0.1308
1789,12'h6FD,0.2500,1,0.1307
1790,12'h6FE,0.5000,1,0.1308
1791,12'h6FF,0.0000,0,0.1306
1792,12'h700,0.9688,1,0.1307
1793,12'h701,0.4688,1,0.1309
1794,12'h702,0.7188,1,0.1307
1795,12'h703,0.2188,1,0.1307
1796,12'h704,0.8438,1,0.1306
1797,12'h705,0.3438,1,0.1306
1798,12'h706,0.5938,1,0.1306
1799,12'h707,0.0938,1,0.1306
1800,12'h708,0.9062,1,0.1305
1801,12'h709,0.4062,1,0.1306
1802,12'h70A,0.6562,1,0.1305
1803,12'h70B,0.1562,1,0.1305
1804,12'h70C,0.7812,1,0.1305
1805,12'h70D,0.2812,1,0.1305
1806,12'h70E,0.5312,1,0.1306
1807,12'h70F,0.0312,1,0.1305
1808,12'h710,0.9375,1,0.1304
1809,12'h711,0.4375,1,0.1305
1810,12'h712,0.6875,1,0.1305
1811,12'h713,0.1875,1,0.1305
1812,12'h714,0.8125,1,0.1305
1813,12'h715,0.3125,1,0.1305
1814,12'h716,0.5625,1,0.1306
1815,12'h717,0.0625,1,0.1305
1816,12'h718,0.8750,1,0.1305
1817,12'h719,0.3750,1,0.1305
1818,12'h71A,0.6250,1,0.1306
1819,12'h71B,0.1250,1,0.1305
1820,12'h71C,0.7500,1,0.1307
1821,12'h71D,0.2500,1,0.1306
1822,12'h71E,0.5000,1,0.1308
1823,12'h71F,0.0000,0,0.1306
1824,12'h720,0.9688,1,0.1305
1825,12'h721,0.4688,1,0.1307
1826,12'h722,0.7188,1,0.1306
1827,12'h723,0.2188,1,0.1306
1828,12'h724,0.8438,1,0.1305
1829,12'h725,0.3438,1,0.1306
1830,12'h726,0.5938,1,0.1305
1831,12'h727,0.0938,1,0.1305
1832,12'h728,0.9062,1,0.1305
1833,12'h729,0.4062,1,0.1305
1834,12'h72A,0.6562,1,0.1305
1835,12'h72B,0.1562,1,0.1305
1836,12'h72C,0.7812,1,0.1305
1837,12'h72D,0.2812,1,0.1305
1838,12'h72E,0.5312,1,0.1305
1839,12'h72F,0.0312,1,0.1304
1840,12'h730,0.9375,1,0.1304
1841,12'h731,0.4375,1,0.1305
1842,12'h732,0.6875,1,0.1305
1843,12'h733,0.1875,1,0.1305
1844,12'h734,0.8125,1,0.1305
1845,12'h735,0.3125,1,0.1305
1846,12'h736,0.5625,1,0.1305
1847,12'h737,0.0625,1,0.1304
1848,12'h738,0.8750,1,0.1305
1849,12'h739,0.3750,1,0.1305
1850,12'h73A,0.6250,1,0.1307
1851,12'h73B,0.1250,1,0.1306
1852,12'h73C,0.7500,1,0.1307
1853,12'h73D,0.2500,1,0.1306
1854,12'h73E,0.5000,1,0.1307
1855,12'h73F,0.0000,0,0.1306
1856,12'h740,0.9688,1,0.1304
1857,12'h741,0.4688,1,0.1306
1858,12'h742,0.7188,1,0.1305
1859,12'h743,0.2188,1,0.1306
1860,12'h744,0.8438,1,0.1305
1861,12'h745,0.3438,1,0.1306
1862,12'h746,0.5938,1,0.1305
1863,12'h747,0.0938,1,0.1305
1864,12'h748,0.9062,1,0.1305
1865,12'h749,0.4062,1,0.1306
1866,12'h74A,0.6562,1,0.1305
1867,12'h74B,0.1562,1,0.1306
1868,12'h74C,0.7812,1,0.1305
1869,12'h74D,0.2812,1,0.1305
1870,12'h74E,0.5312,1,0.1304
1871,12'h74F,0.0312,1,0.1303
1872,12'h750,0.9375,1,0.1303
1873,12'h751,0.4375,1,0.1305
1874,12'h752,0.6875,1,0.1305
1875,12'h753,0.1875,1,0.1305
1876,12'h754,0.8125,1,0.1305
1877,12'h755,0.3125,1,0.1305
1878,12'h756,0.5625,1,0.1306
1879,12'h757,0.0625,1,0.1305
1880,12'h758,0.8750,1,0.1305
1881,12'h759,0.3750,1,0.1305
1882,12'h75A,0.6250,1,0.1306
1883,12'h75B,0.1250,1,0.1305
1884,12'h75C,0.7500,1,0.1306
1885,12'h75D,0.2500,1,0.1306
1886,12'h75E,0.5000,1,0.1306
1887,12'h75F,0.0000,0,0.1305
1888,12'h760,0.9688,1,0.1304
1889,12'h761,0.4688,1,0.1306
1890,12'h762,0.7188,1,0.1305
1891,12'h763,0.2188,1,0.1306
1892,12'h764,0.8438,1,0.1305
1893,12'h765,0.3438,1,0.1305
1894,12'h766,0.5938,1,0.1305
1895,12'h767,0.0938,1,0.1305
1896,12'h768,0.9062,1,0.1305
1897,12'h769,0.4062,1,0.1306
1898,12'h76A,0.6562,1,0.1305
1899,12'h76B,0.1562,1,0.1306
1900,12'h76C,0.7812,1,0.1305
1901,12'h76D,0.2812,1,0.1305
1902,12'h76E,0.5312,1,0.1304
1903,12'h76F,0.0312,1,0.1303
1904,12'h770,0.9375,1,0.1304
1905,12'h771,0.4375,1,0.1304
1906,12'h772,0.6875,1,0.1305
1907,12'h773,0.1875,1,0.1305
1908,12'h774,0.8125,1,0.1306
1909,12'h775,0.3125,1,0.1305
1910,12'h776,0.5625,1,0.1307
1911,12'h777,0.0625,1,0.1306
1912,12'h778,0.8750,1,0.1306
1913,12'h779,0.3750,1,0.1306
1914,12'h77A,0.6250,1,0.1306
1915,12'h77B,0.1250,1,0.1305
1916,12'h77C,0.7500,1,0.1306
1917,12'h77D,0.2500,1,0.1306
1918,12'h77E,0.5000,1,0.1307
1919,12'h77F,0.0000,0,0.1305
1920,12'h780,0.9688,1,0.1301
1921,12'h781,0.4688,1,0.1305
1922,12'h782,0.7188,1,0.1305
1923,12'h783,0.2188,1,0.1305
1924,12'h784,0.8438,1,0.1305
1925,12'h785,0.3438,1,0.1305
1926,12'h786,0.5938,1,0.1306
1927,12'h787,0.0938,1,0.1306
1928,12'h788,0.9062,1,0.1305
1929,12'h789,0.4062,1,0.1305
1930,12'h78A,0.6562,1,0.1305
1931,12'h78B,0.1562,1,0.1305
1932,12'h78C,0.7812,1,0.1306
1933,12'h78D,0.2812,1,0.1305
1934,12'h78E,0.5312,1,0.1306
1935,12'h78F,0.0312,1,0.1305
1936,12'h790,0.9375,1,0.1305
1937,12'h791,0.4375,1,0.1306
1938,12'h792,0.6875,1,0.1305
1939,12'h793,0.1875,1,0.1305
1940,12'h794,0.8125,1,0.1305
1941,12'h795,0.3125,1,0.1305
1942,12'h796,0.5625,1,0.1305
1943,12'h797,0.0625,1,0.1305
1944,12'h798,0.8750,1,0.1306
1945,12'h799,0.3750,1,0.1306
1946,12'h79A,0.6250,1,0.1305
1947,12'h79B,0.1250,1,0.1305
1948,12'h79C,0.7500,1,0.1305
1949,12'h79D,0.2500,1,0.1304
1950,12'h79E,0.5000,1,0.1304
1951,12'h79F,0.0000,0,0.1302
1952,12'h7A0,0.9688,1,0.1303
1953,12'h7A1,0.4688,1,0.1306
1954,12'h7A2,0.7188,1,0.1305
1955,12'h7A3,0.2188,1,0.1306
1956,12'h7A4,0.8438,1,0.1305
1957,12'h7A5,0.3438,1,0.1305
1958,12'h7A6,0.5938,1,0.1306
1959,12'h7A7,0.0938,1,0.1305
1960,12'h7A8,0.9062,1,0.1305
1961,12'h7A9,0.4062,1,0.1305
1962,12'h7AA,0.6562,1,0.1306
1963,12'h7AB,0.1562,1,0.1305
1964,12'h7AC,0.7812,1,0.1306
1965,12'h7AD,0.2812,1,0.1306
1966,12'h7AE,0.5312,1,0.1306
1967,12'h7AF,0.0312,1,0.1305
1968,12'h7B0,0.9375,1,0.1304
1969,12'h7B1,0.4375,1,0.1306
1970,12'h7B2,0.6875,1,0.1305
1971,12'h7B3,0.1875,1,0.1306
1972,12'h7B4,0.8125,1,0.1305
1973,12'h7B5,0.3125,1,0.1305
1974,12'h7B6,0.5625,1,0.1305
1975,12'h7B7,0.0625,1,0.1305
1976,12'h7B8,0.8750,1,0.1305
1977,12'h7B9,0.3750,1,0.1306
1978,12'h7BA,0.6250,1,0.1305
1979,12'h7BB,0.1250,1,0.1305
1980,12'h7BC,0.7500,1,0.1305
1981,12'h7BD,0.2500,1,0.1306
1982,12'h7BE,0.5000,1,0.1304
1983,12'h7BF,0.0000,0,0.1301
1984,12'h7C0,0.9688,1,0.1302
1985,12'h7C1,0.4688,1,0.1305
1986,12'h7C2,0.7188,1,0.1305
1987,12'h7C3,0.2188,1,0.1305
1988,12'h7C4,0.8438,1,0.1305
1989,12'h7C5,0.3438,1,0.1305
1990,12'h7C6,0.5938,1,0.1305
1991,12'h7C7,0.0938,1,0.1304
1992,12'h7C8,0.9062,1,0.1304
1993,12'h7C9,0.4062,1,0.1304
1994,12'h7CA,0.6562,1,0.1306
1995,12'h7CB,0.1562,1,0.1305
1996,12'h7CC,0.7812,1,0.1306
1997,12'h7CD,0.2812,1,0.1305
1998,12'h7CE,0.5312,1,0.1307
1999,12'h7CF,0.0312,1,0.1305
2000,12'h7D0,0.9375,1,0.1305
2001,12'h7D1,0.4375,1,0.1307
2002,12'h7D2,0.6875,1,0.1305
2003,12'h7D3,0.1875,1,0.1306
2004,12'h7D4,0.8125,1,0.1305
2005,12'h7D5,0.3125,1,0.1306
2006,12'h7D6,0.5625,1,0.1304
2007,12'h7D7,0.0625,1,0.1304
2008,12'h7D8,0.8750,1,0.1305
2009,12'h7D9,0.3750,1,0.1305
2010,12'h7DA,0.6250,1,0.1305
2011,12'h7DB,0.1250,1,0.1305
2012,12'h7DC,0.7500,1,0.1305
2013,12'h7DD,0.2500,1,0.1305
2014,12'h7DE,0.5000,1,0.1305
2015,12'h7DF,0.0000,0,0.1303
2016,12'h7E0,0.9688,1,0.1304
2017,12'h7E1,0.4688,1,0.1306
2018,12'h7E2,0.7188,1,0.1305
2019,12'h7E3,0.2188,1,0.1305
2020,12'h7E4,0.8438,1,0.1305
2021,12'h7E5,0.3438,1,0.1305
2022,12'h7E6,0.5938,1,0.1306
2023,12'h7E7,0.0938,1,0.1305
2024,12'h7E8,0.9062,1,0.1305
2025,12'h7E9,0.4062,1,0.1305
2026,12'h7EA,0.6562,1,0.1306
2027,12'h7EB,0.1562,1,0.1305
2028,12'h7EC,0.7812,1,0.1307
2029,12'h7ED,0.2812,1,0.1306
2030,12'h7EE,0.5312,1,0.1307
2031,12'h7EF,0.0312,1,0.1306
2032,12'h7F0,0.9375,1,0.1306
2033,12'h7F1,0.4375,1,0.1307
2034,12'h7F2,0.6875,1,0.1305
2035,12'h7F3,0.1875,1,0.1306
2036,12'h7F4,0.8125,1,0.1305
2037,12'h7F5,0.3125,1,0.1305
2038,12'h7F6,0.5625,1,0.1305
2039,12'h7F7,0.0625,1,0.1304
2040,12'h7F8,0.8750,1,0.1305
2041,12'h7F9,0.3750,1,0.1305
2042,12'h7FA,0.6250,1,0.1305
2043,12'h7FB,0.1250,1,0.1305
2044,12'h7FC,0.7500,1,0.1306
2045,12'h7FD,0.2500,1,0.1305
2046,12'h7FE,0.5000,1,0.1306
2047,12'h7FF,0.0000,0,0.1302
2048,12'h800,0.9688,1,0.1305
2049,12'h801,0.4688,1,0.1307
2050,12'h802,0.7188,1,0.1306
2051,12'h803,0.2188,1,0.1306
2052,12'h804,0.8438,1,0.1305
2053,12'h805,0.3438,1,0.1306
2054,12'h806,0.5938,1,0.1305
2055,12'h807,0.0938,1,0.1305
2056,12'h808,0.9062,1,0.1305
2057,12'h809,0.4062,1,0.1306
2058,12'h80A,0.6562,1,0.1305
2059,12'h80B,0.1562,1,0.1306
2060,12'h80C,0.7812,1,0.1305
2061,12'h80D,0.2812,1,0.1306
2062,12'h80E,0.5312,1,0.1304
2063,12'h80F,0.0312,1,0.1303
2064,12'h810,0.9375,1,0.1303
2065,12'h811,0.4375,1,0.1304
2066,12'h812,0.6875,1,0.1305
2067,12'h813,0.1875,1,0.1305
2068,12'h814,0.8125,1,0.1305
2069,12'h815,0.3125,1,0.1305
2070,12'h816,0.5625,1,0.1306
2071,12'h817,0.0625,1,0.1305
2072,12'h818,0.8750,1,0.1305
2073,12'h819,0.3750,1,0.1305
2074,12'h81A,0.6250,1,0.1306
2075,12'h81B,0.1250,1,0.1305
2076,12'h81C,0.7500,1,0.1306
2077,12'h81D,0.2500,1,0.1306
2078,12'h81E,0.5000,1,0.1306
2079,12'h81F,0.0000,0,0.1304
2080,12'h820,0.9688,1,0.1305
2081,12'h821,0.4688,1,0.1307
2082,12'h822,0.7188,1,0.1305
2083,12'h823,0.2188,1,0.1306
2084,12'h824,0.8438,1,0.1305
2085,12'h825,0.3438,1,0.1306
2086,12'h826,0.5938,1,0.1306
2087,12'h827,0.0938,1,0.1306
2088,12'h828,0.9062,1,0.1306
2089,12'h829,0.4062,1,0.1307
2090,12'h82A,0.6562,1,0.1305
2091,12'h82B,0.1562,1,0.1306
2092,12'h82C,0.7812,1,0.1305
2093,12'h82D,0.2812,1,0.1305
2094,12'h82E,0.5312,1,0.1304
2095,12'h82F,0.0312,1,0.1303
2096,12'h830,0.9375,1,0.1304
2097,12'h831,0.4375,1,0.1304
2098,12'h832,0.6875,1,0.1305
2099,12'h833,0.1875,1,0.1305
2100,12'h834,0.8125,1,0.1306
2101,12'h835,0.3125,1,0.1305
2102,12'h836,0.5625,1,0.1307
2103,12'h837,0.0625,1,0.1306
2104,12'h838,0.8750,1,0.1305
2105,12'h839,0.3750,1,0.1306
2106,12'h83A,0.6250,1,0.1305
2107,12'h83B,0.1250,1,0.1305
2108,12'h83C,0.7500,1,0.1306
2109,12'h83D,0.2500,1,0.1305
2110,12'h83E,0.5000,1,0.1307
2111,12'h83F,0.0000,0,0.1305
2112,12'h840,0.9688,1,0.1306
2113,12'h841,0.4688,1,0.1308
2114,12'h842,0.7188,1,0.1306
2115,12'h843,0.2188,1,0.1307
2116,12'h844,0.8438,1,0.1305
2117,12'h845,0.3438,1,0.1306
2118,12'h846,0.5938,1,0.1305
2119,12'h847,0.0938,1,0.1305
2120,12'h848,0.9062,1,0.1305
2121,12'h849,0.4062,1,0.1306
2122,12'h84A,0.6562,1,0.1305
2123,12'h84B,0.1562,1,0.1305
2124,12'h84C,0.7812,1,0.1305
2125,12'h84D,0.2812,1,0.1305
2126,12'h84E,0.5312,1,0.1305
2127,12'h84F,0.0312,1,0.1305
2128,12'h850,0.9375,1,0.1304
2129,12'h851,0.4375,1,0.1306
2130,12'h852,0.6875,1,0.1305
2131,12'h853,0.1875,1,0.1305
2132,12'h854,0.8125,1,0.1305
2133,12'h855,0.3125,1,0.1305
2134,12'h856,0.5625,1,0.1306
2135,12'h857,0.0625,1,0.1305
2136,12'h858,0.8750,1,0.1305
2137,12'h859,0.3750,1,0.1305
2138,12'h85A,0.6250,1,0.1306
2139,12'h85B,0.1250,1,0.1305
2140,12'h85C,0.7500,1,0.1307
2141,12'h85D,0.2500,1,0.1306
2142,12'h85E,0.5000,1,0.1308
2143,12'h85F,0.0000,0,0.1306
2144,12'h860,0.9688,1,0.1305
2145,12'h861,0.4688,1,0.1307
2146,12'h862,0.7188,1,0.1306
2147,12'h863,0.2188,1,0.1306
2148,12'h864,0.8438,1,0.1305
2149,12'h865,0.3438,1,0.1307
2150,12'h866,0.5938,1,0.1305
2151,12'h867,0.0938,1,0.1305
2152,12'h868,0.9062,1,0.1305
2153,12'h869,0.4062,1,0.1305
2154,12'h86A,0.6562,1,0.1305
2155,12'h86B,0.1562,1,0.1305
2156,12'h86C,0.7812,1,0.1305
2157,12'h86D,0.2812,1,0.1305
2158,12'h86E,0.5312,1,0.1305
2159,12'h86F,0.0312,1,0.1304
2160,12'h870,0.9375,1,0.1304
2161,12'h871,0.4375,1,0.1305
2162,12'h872,0.6875,1,0.1305
2163,12'h873,0.1875,1,0.1305
2164,12'h874,0.8125,1,0.1305
2165,12'h875,0.3125,1,0.1305
2166,12'h876,0.5625,1,0.1305
2167,12'h877,0.0625,1,0.1304
2168,12'h878,0.8750,1,0.1305
2169,12'h879,0.3750,1,0.1305
2170,12'h87A,0.6250,1,0.1307
2171,12'h87B,0.1250,1,0.1306
2172,12'h87C,0.7500,1,0.1307
2173,12'h87D,0.2500,1,0.1306
2174,12'h87E,0.5000,1,0.1307
2175,12'h87F,0.0000,0,0.1306
2176,12'h880,0.9688,1,0.1302
2177,12'h881,0.4688,1,0.1306
2178,12'h882,0.7188,1,0.1305
2179,12'h883,0.2188,1,0.1306
2180,12'h884,0.8438,1,0.1305
2181,12'h885,0.3438,1,0.1305
2182,12'h886,0.5938,1,0.1305
2183,12'h887,0.0938,1,0.1305
2184,12'h888,0.9062,1,0.1304
2185,12'h889,0.4062,1,0.1304
2186,12'h88A,0.6562,1,0.1306
2187,12'h88B,0.1562,1,0.1305
2188,12'h88C,0.7812,1,0.1306
2189,12'h88D,0.2812,1,0.1305
2190,12'h88E,0.5312,1,0.1307
2191,12'h88F,0.0312,1,0.1305
2192,12'h890,0.9375,1,0.1306
2193,12'h891,0.4375,1,0.1307
2194,12'h892,0.6875,1,0.1305
2195,12'h893,0.1875,1,0.1306
2196,12'h894,0.8125,1,0.1305
2197,12'h895,0.3125,1,0.1306
2198,12'h896,0.5625,1,0.1304
2199,12'h897,0.0625,1,0.1304
2200,12'h898,0.8750,1,0.1305
2201,12'h899,0.3750,1,0.1305
2202,12'h89A,0.6250,1,0.1305
2203,12'h89B,0.1250,1,0.1305
2204,12'h89C,0.7500,1,0.1305
2205,12'h89D,0.2500,1,0.1305
2206,12'h89E,0.5000,1,0.1305
2207,12'h89F,0.0000,0,0.1303
2208,12'h8A0,0.9688,1,0.1303
2209,12'h8A1,0.4688,1,0.1306
2210,12'h8A2,0.7188,1,0.1305
2211,12'h8A3,0.2188,1,0.1305
2212,12'h8A4,0.8438,1,0.1305
2213,12'h8A5,0.3438,1,0.1305
2214,12'h8A6,0.5938,1,0.1306
2215,12'h8A7,0.0938,1,0.1305
2216,12'h8A8,0.9062,1,0.1304
2217,12'h8A9,0.4062,1,0.1305
2218,12'h8AA,0.6562,1,0.1306
2219,12'h8AB,0.1562,1,0.1305
2220,12'h8AC,0.7812,1,0.1306
2221,12'h8AD,0.2812,1,0.1306
2222,12'h8AE,0.5312,1,0.1307
2223,12'h8AF,0.0312,1,0.1306
2224,12'h8B0,0.9375,1,0.1306
2225,12'h8B1,0.4375,1,0.1307
2226,12'h8B2,0.6875,1,0.1306
2227,12'h8B3,0.1875,1,0.1306
2228,12'h8B4,0.8125,1,0.1305
2229,12'h8B5,0.3125,1,0.1305
2230,12'h8B6,0.5625,1,0.1305
2231,12'h8B7,0.0625,1,0.1304
2232,12'h8B8,0.8750,1,0.1305
2233,12'h8B9,0.3750,1,0.1305
2234,12'h8BA,0.6250,1,0.1305
2235,12'h8BB,0.1250,1,0.1305
2236,12'h8BC,0.7500,1,0.1306
2237,12'h8BD,0.2500,1,0.1304
2238,12'h8BE,0.5000,1,0.1306
2239,12'h8BF,0.0000,0,0.1302
2240,12'h8C0,0.9688,1,0.1301
2241,12'h8C1,0.4688,1,0.1305
2242,12'h8C2,0.7188,1,0.1305
2243,12'h8C3,0.2188,1,0.1305
2244,12'h8C4,0.8438,1,0.1305
2245,12'h8C5,0.3438,1,0.1305
2246,12'h8C6,0.5938,1,0.1306
2247,12'h8C7,0.0938,1,0.1305
2248,12'h8C8,0.9062,1,0.1305
2249,12'h8C9,0.4062,1,0.1305
2250,12'h8CA,0.6562,1,0.1305
2251,12'h8CB,0.1562,1,0.1305
2252,12'h8CC,0.7812,1,0.1305
2253,12'h8CD,0.2812,1,0.1305
2254,12'h8CE,0.5312,1,0.1306
2255,12'h8CF,0.0312,1,0.1305
2256,12'h8D0,0.9375,1,0.1305
2257,12'h8D1,0.4375,1,0.1306
2258,12'h8D2,0.6875,1,0.1305
2259,12'h8D3,0.1875,1,0.1305
2260,12'h8D4,0.8125,1,0.1305
2261,12'h8D5,0.3125,1,0.1305
2262,12'h8D6,0.5625,1,0.1305
2263,12'h8D7,0.0625,1,0.1305
2264,12'h8D8,0.8750,1,0.1306
2265,12'h8D9,0.3750,1,0.1306
2266,12'h8DA,0.6250,1,0.1305
2267,12'h8DB,0.1250,1,0.1305
2268,12'h8DC,0.7500,1,0.1305
2269,12'h8DD,0.2500,1,0.1304
2270,12'h8DE,0.5000,1,0.1304
2271,12'h8DF,0.0000,0,0.1302
2272,12'h8E0,0.9688,1,0.1302
2273,12'h8E1,0.4688,1,0.1304
2274,12'h8E2,0.7188,1,0.1305
2275,12'h8E3,0.2188,1,0.1305
2276,12'h8E4,0.8438,1,0.1305
2277,12'h8E5,0.3438,1,0.1305
2278,12'h8E6,0.5938,1,0.1306
2279,12'h8E7,0.0938,1,0.1305
2280,12'h8E8,0.9062,1,0.1305
2281,12'h8E9,0.4062,1,0.1305
2282,12'h8EA,0.6562,1,0.1305
2283,12'h8EB,0.1562,1,0.1305
2284,12'h8EC,0.7812,1,0.1306
2285,12'h8ED,0.2812,1,0.1305
2286,12'h8EE,0.5312,1,0.1306
2287,12'h8EF,0.0312,1,0.1305
2288,12'h8F0,0.9375,1,0.1305
2289,12'h8F1,0.4375,1,0.1306
2290,12'h8F2,0.6875,1,0.1305
2291,12'h8F3,0.1875,1,0.1306
2292,12'h8F4,0.8125,1,0.1305
2293,12'h8F5,0.3125,1,0.1306
2294,12'h8F6,0.5625,1,0.1305
2295,12'h8F7,0.0625,1,0.1306
2296,12'h8F8,0.8750,1,0.1306
2297,12'h8F9,0.3750,1,0.1306
2298,12'h8FA,0.6250,1,0.1305
2299,12'h8FB,0.1250,1,0.1306
2300,12'h8FC,0.7500,1,0.1306
2301,12'h8FD,0.2500,1,0.1306
2302,12'h8FE,0.5000,1,0.1305
2303,12'h8FF,0.0000,0,0.1303
2304,12'h900,0.9688,1,0.1302
2305,12'h901,0.4688,1,0.1305
2306,12'h902,0.7188,1,0.1306
2307,12'h903,0.2188,1,0.1305
2308,12'h904,0.8438,1,0.1306
2309,12'h905,0.3438,1,0.1305
2310,12'h906,0.5938,1,0.1306
2311,12'h907,0.0938,1,0.1305
2312,12'h908,0.9062,1,0.1305
2313,12'h909,0.4062,1,0.1305
2314,12'h90A,0.6562,1,0.1305
2315,12'h90B,0.1562,1,0.1305
2316,12'h90C,0.7812,1,0.1306
2317,12'h90D,0.2812,1,0.1305
2318,12'h90E,0.5312,1,0.1306
2319,12'h90F,0.0312,1,0.1304
2320,12'h910,0.9375,1,0.1306
2321,12'h911,0.4375,1,0.1306
2322,12'h912,0.6875,1,0.1306
2323,12'h913,0.1875,1,0.1306
2324,12'h914,0.8125,1,0.1305
2325,12'h915,0.3125,1,0.1306
2326,12'h916,0.5625,1,0.1305
2327,12'h917,0.0625,1,0.1305
2328,12'h918,0.8750,1,0.1306
2329,12'h919,0.3750,1,0.1306
2330,12'h91A,0.6250,1,0.1305
2331,12'h91B,0.1250,1,0.1305
2332,12'h91C,0.7500,1,0.1306
2333,12'h91D,0.2500,1,0.1305
2334,12'h91E,0.5000,1,0.1305
2335,12'h91F,0.0000,0,0.1303
2336,12'h920,0.9688,1,0.1302
2337,12'h921,0.4688,1,0.1304
2338,12'h922,0.7188,1,0.1305
2339,12'h923,0.2188,1,0.1305
2340,12'h924,0.8438,1,0.1305
2341,12'h925,0.3438,1,0.1305
2342,12'h926,0.5938,1,0.1306
2343,12'h927,0.0938,1,0.1306
2344,12'h928,0.9062,1,0.1305
2345,12'h929,0.4062,1,0.1305
2346,12'h92A,0.6562,1,0.1305
2347,12'h92B,0.1562,1,0.1305
2348,12'h92C,0.7812,1,0.1305
2349,12'h92D,0.2812,1,0.1305
2350,12'h92E,0.5312,1,0.1306
2351,12'h92F,0.0312,1,0.1305
2352,12'h930,0.9375,1,0.1305
2353,12'h931,0.4375,1,0.1306
2354,12'h932,0.6875,1,0.1305
2355,12'h933,0.1875,1,0.1305
2356,12'h934,0.8125,1,0.1305
2357,12'h935,0.3125,1,0.1305
2358,12'h936,0.5625,1,0.1305
2359,12'h937,0.0625,1,0.1305
2360,12'h938,0.8750,1,0.1306
2361,12'h939,0.3750,1,0.1306
2362,12'h93A,0.6250,1,0.1305
2363,12'h93B,0.1250,1,0.1305
2364,12'h93C,0.7500,1,0.1305
2365,12'h93D,0.2500,1,0.1305
2366,12'h93E,0.5000,1,0.1304
2367,12'h93F,0.0000,0,0.1301
2368,12'h940,0.9688,1,0.1302
2369,12'h941,0.4688,1,0.1306
2370,12'h942,0.7188,1,0.1305
2371,12'h943,0.2188,1,0.1306
2372,12'h944,0.8438,1,0.1305
2373,12'h945,0.3438,1,0.1305
2374,12'h946,0.5938,1,0.1305
2375,12'h947,0.0938,1,0.1305
2376,12'h948,0.9062,1,0.1304
2377,12'h949,0.4062,1,0.1304
2378,12'h94A,0.6562,1,0.1306
2379,12'h94B,0.1562,1,0.1305
2380,12'h94C,0.7812,1,0.1306
2381,12'h94D,0.2812,1,0.1305
2382,12'h94E,0.5312,1,0.1307
2383,12'h94F,0.0312,1,0.1306
2384,12'h950,0.9375,1,0.1306
2385,12'h951,0.4375,1,0.1307
2386,12'h952,0.6875,1,0.1306
2387,12'h953,0.1875,1,0.1306
2388,12'h954,0.8125,1,0.1305
2389,12'h955,0.3125,1,0.1306
2390,12'h956,0.5625,1,0.1305
2391,12'h957,0.0625,1,0.1305
2392,12'h958,0.8750,1,0.1305
2393,12'h959,0.3750,1,0.1305
2394,12'h95A,0.6250,1,0.1305
2395,12'h95B,0.1250,1,0.1305
2396,12'h95C,0.7500,1,0.1305
2397,12'h95D,0.2500,1,0.1304
2398,12'h95E,0.5000,1,0.1305
2399,12'h95F,0.0000,0,0.1303
2400,12'h960,0.9688,1,0.1303
2401,12'h961,0.4688,1,0.1305
2402,12'h962,0.7188,1,0.1305
2403,12'h963,0.2188,1,0.1305
2404,12'h964,0.8438,1,0.1305
2405,12'h965,0.3438,1,0.1305
2406,12'h966,0.5938,1,0.1305
2407,12'h967,0.0938,1,0.1304
2408,12'h968,0.9062,1,0.1305
2409,12'h969,0.4062,1,0.1305
2410,12'h96A,0.6562,1,0.1306
2411,12'h96B,0.1562,1,0.1305
2412,12'h96C,0.7812,1,0.1306
2413,12'h96D,0.2812,1,0.1305
2414,12'h96E,0.5312,1,0.1307
2415,12'h96F,0.0312,1,0.1306
2416,12'h970,0.9375,1,0.1305
2417,12'h971,0.4375,1,0.1306
2418,12'h972,0.6875,1,0.1305
2419,12'h973,0.1875,1,0.1306
2420,12'h974,0.8125,1,0.1305
2421,12'h975,0.3125,1,0.1306
2422,12'h976,0.5625,1,0.1304
2423,12'h977,0.0625,1,0.1304
2424,12'h978,0.8750,1,0.1305
2425,12'h979,0.3750,1,0.1305
2426,12'h97A,0.6250,1,0.1305
2427,12'h97B,0.1250,1,0.1305
2428,12'h97C,0.7500,1,0.1306
2429,12'h97D,0.2500,1,0.1305
2430,12'h97E,0.5000,1,0.1306
2431,12'h97F,0.0000,0,0.1302
2432,12'h980,0.9688,1,0.1306
2433,12'h981,0.4688,1,0.1308
2434,12'h982,0.7188,1,0.1306
2435,12'h983,0.2188,1,0.1307
2436,12'h984,0.8438,1,0.1306
2437,12'h985,0.3438,1,0.1307
2438,12'h986,0.5938,1,0.1305
2439,12'h987,0.0938,1,0.1305
2440,12'h988,0.9062,1,0.1305
2441,12'h989,0.4062,1,0.1306
2442,12'h98A,0.6562,1,0.1305
2443,12'h98B,0.1562,1,0.1305
2444,12'h98C,0.7812,1,0.1305
2445,12'h98D,0.2812,1,0.1305
2446,12'h98E,0.5312,1,0.1305
2447,12'h98F,0.0312,1,0.1304
2448,12'h990,0.9375,1,0.1304
2449,12'h991,0.4375,1,0.1305
2450,12'h992,0.6875,1,0.1305
2451,12'h993,0.1875,1,0.1305
2452,12'h994,0.8125,1,0.1305
2453,12'h995,0.3125,1,0.1305
2454,12'h996,0.5625,1,0.1305
2455,12'h997,0.0625,1,0.1304
2456,12'h998,0.8750,1,0.1305
2457,12'h999,0.3750,1,0.1305
2458,12'h99A,0.6250,1,0.1306
2459,12'h99B,0.1250,1,0.1305
2460,12'h99C,0.7500,1,0.1306
2461,12'h99D,0.2500,1,0.1306
2462,12'h99E,0.5000,1,0.1307
2463,12'h99F,0.0000,0,0.1305
2464,12'h9A0,0.9688,1,0.1306
2465,12'h9A1,0.4688,1,0.1308
2466,12'h9A2,0.7188,1,0.1306
2467,12'h9A3,0.2188,1,0.1307
2468,12'h9A4,0.8438,1,0.1305
2469,12'h9A5,0.3438,1,0.1306
2470,12'h9A6,0.5938,1,0.1305
2471,12'h9A7,0.0938,1,0.1305
2472,12'h9A8,0.9062,1,0.1305
2473,12'h9A9,0.4062,1,0.1306
2474,12'h9AA,0.6562,1,0.1305
2475,12'h9AB,0.1562,1,0.1305
2476,12'h9AC,0.7812,1,0.1305
2477,12'h9AD,0.2812,1,0.1305
2478,12'h9AE,0.5312,1,0.1305
2479,12'h9AF,0.0312,1,0.1304
2480,12'h9B0,0.9375,1,0.1305
2481,12'h9B1,0.4375,1,0.1306
2482,12'h9B2,0.6875,1,0.1305
2483,12'h9B3,0.1875,1,0.1305
2484,12'h9B4,0.8125,1,0.1305
2485,12'h9B5,0.3125,1,0.1305
2486,12'h9B6,0.5625,1,0.1306
2487,12'h9B7,0.0625,1,0.1305
2488,12'h9B8,0.8750,1,0.1305
2489,12'h9B9,0.3750,1,0.1305
2490,12'h9BA,0.6250,1,0.1306
2491,12'h9BB,0.1250,1,0.1305
2492,12'h9BC,0.7500,1,0.1307
2493,12'h9BD,0.2500,1,0.1306
2494,12'h9BE,0.5000,1,0.1308
2495,12'h9BF,0.0000,0,0.1306
2496,12'h9C0,0.9688,1,0.1305
2497,12'h9C1,0.4688,1,0.1307
2498,12'h9C2,0.7188,1,0.1305
2499,12'h9C3,0.2188,1,0.1306
2500,12'h9C4,0.8438,1,0.1305
2501,12'h9C5,0.3438,1,0.1306
2502,12'h9C6,0.5938,1,0.1306
2503,12'h9C7,0.0938,1,0.1306
2504,12'h9C8,0.9062,1,0.1306
2505,12'h9C9,0.4062,1,0.1307
2506,12'h9CA,0.6562,1,0.1305
2507,12'h9CB,0.1562,1,0.1306
2508,12'h9CC,0.7812,1,0.1305
2509,12'h9CD,0.2812,1,0.1305
2510,12'h9CE,0.5312,1,0.1304
2511,12'h9CF,0.0312,1,0.1304
2512,12'h9D0,0.9375,1,0.1303
2513,12'h9D1,0.4375,1,0.1304
2514,12'h9D2,0.6875,1,0.1305
2515,12'h9D3,0.1875,1,0.1305
2516,12'h9D4,0.8125,1,0.1306
2517,12'h9D5,0.3125,1,0.1305
2518,12'h9D6,0.5625,1,0.1307
2519,12'h9D7,0.0625,1,0.1306
2520,12'h9D8,0.8750,1,0.1305
2521,12'h9D9,0.3750,1,0.1306
2522,12'h9DA,0.6250,1,0.1305
2523,12'h9DB,0.1250,1,0.1305
2524,12'h9DC,0.7500,1,0.1306
2525,12'h9DD,0.2500,1,0.1305
2526,12'h9DE,0.5000,1,0.1307
2527,12'h9DF,0.0000,0,0.1305
2528,12'h9E0,0.9688,1,0.1305
2529,12'h9E1,0.4688,1,0.1306
2530,12'h9E2,0.7188,1,0.1306
2531,12'h9E3,0.2188,1,0.1306
2532,12'h9E4,0.8438,1,0.1305
2533,12'h9E5,0.3438,1,0.1306
2534,12'h9E6,0.5938,1,0.1305
2535,12'h9E7,0.0938,1,0.1305
2536,12'h9E8,0.9062,1,0.1306
2537,12'h9E9,0.4062,1,0.1306
2538,12'h9EA,0.6562,1,0.1305
2539,12'h9EB,0.1562,1,0.1305
2540,12'h9EC,0.7812,1,0.1305
2541,12'h9ED,0.2812,1,0.1305
2542,12'h9EE,0.5312,1,0.1304
2543,12'h9EF,0.0312,1,0.1303
2544,12'h9F0,0.9375,1,0.1304
2545,12'h9F1,0.4375,1,0.1304
2546,12'h9F2,0.6875,1,0.1306
2547,12'h9F3,0.1875,1,0.1305
2548,12'h9F4,0.8125,1,0.1306
2549,12'h9F5,0.3125,1,0.1305
2550,12'h9F6,0.5625,1,0.1307
2551,12'h9F7,0.0625,1,0.1305
2552,12'h9F8,0.8750,1,0.1305
2553,12'h9F9,0.3750,1,0.1305
2554,12'h9FA,0.6250,1,0.1306
2555,12'h9FB,0.1250,1,0.1305
2556,12'h9FC,0.7500,1,0.1306
2557,12'h9FD,0.2500,1,0.1306
2558,12'h9FE,0.5000,1,0.1306
2559,12'h9FF,0.0000,0,0.1304
2560,12'hA00,0.9688,1,0.1305
2561,12'hA01,0.4688,1,0.1307
2562,12'hA02,0.7188,1,0.1306
2563,12'hA03,0.2188,1,0.1306
2564,12'hA04,0.8438,1,0.1305
2565,12'hA05,0.3438,1,0.1306
2566,12'hA06,0.5938,1,0.1306
2567,12'hA07,0.0938,1,0.1306
2568,12'hA08,0.9062,1,0.1306
2569,12'hA09,0.4062,1,0.1307
2570,12'hA0A,0.6562,1,0.1305
2571,12'hA0B,0.1562,1,0.1306
2572,12'hA0C,0.7812,1,0.1305
2573,12'hA0D,0.2812,1,0.1305
2574,12'hA0E,0.5312,1,0.1304
2575,12'hA0F,0.0312,1,0.1304
2576,12'hA10,0.9375,1,0.1303
2577,12'hA11,0.4375,1,0.1304
2578,12'hA12,0.6875,1,0.1305
2579,12'hA13,0.1875,1,0.1305
2580,12'hA14,0.8125,1,0.1305
2581,12'hA15,0.3125,1,0.1305
2582,12'hA16,0.5625,1,0.1306
2583,12'hA17,0.0625,1,0.1306
2584,12'hA18,0.8750,1,0.1305
2585,12'hA19,0.3750,1,0.1306
2586,12'hA1A,0.6250,1,0.1305
2587,12'hA1B,0.1250,1,0.1305
2588,12'hA1C,0.7500,1,0.1306
2589,12'hA1D,0.2500,1,0.1305
2590,12'hA1E,0.5000,1,0.1306
2591,12'hA1F,0.0000,0,0.1305
2592,12'hA20,0.9688,1,0.1304
2593,12'hA21,0.4688,1,0.1306
2594,12'hA22,0.7188,1,0.1305
2595,12'hA23,0.2188,1,0.1306
2596,12'hA24,0.8438,1,0.1305
2597,12'hA25,0.3438,1,0.1306
2598,12'hA26,0.5938,1,0.1305
2599,12'hA27,0.0938,1,0.1305
2600,12'hA28,0.9062,1,0.1305
2601,12'hA29,0.4062,1,0.1306
2602,12'hA2A,0.6562,1,0.1305
2603,12'hA2B,0.1562,1,0.1306
2604,12'hA2C,0.7812,1,0.1305
2605,12'hA2D,0.2812,1,0.1305
2606,12'hA2E,0.5312,1,0.1304
2607,12'hA2F,0.0312,1,0.1303
2608,12'hA30,0.9375,1,0.1304
2609,12'hA31,0.4375,1,0.1304
2610,12'hA32,0.6875,1,0.1305
2611,12'hA33,0.1875,1,0.1305
2612,12'hA34,0.8125,1,0.1306
2613,12'hA35,0.3125,1,0.1305
2614,12'hA36,0.5625,1,0.1306
2615,12'hA37,0.0625,1,0.1305
2616,12'hA38,0.8750,1,0.1305
2617,12'hA39,0.3750,1,0.1305
2618,12'hA3A,0.6250,1,0.1306
2619,12'hA3B,0.1250,1,0.1305
2620,12'hA3C,0.7500,1,0.1306
2621,12'hA3D,0.2500,1,0.1306
2622,12'hA3E,0.5000,1,0.1306
2623,12'hA3F,0.0000,0,0.1305
2624,12'hA40,0.9688,1,0.1305
2625,12'hA41,0.4688,1,0.1307
2626,12'hA42,0.7188,1,0.1306
2627,12'hA43,0.2188,1,0.1307
2628,12'hA44,0.8438,1,0.1306
2629,12'hA45,0.3438,1,0.1307
2630,12'hA46,0.5938,1,0.1305
2631,12'hA47,0.0938,1,0.1305
2632,12'hA48,0.9062,1,0.1305
2633,12'hA49,0.4062,1,0.1306
2634,12'hA4A,0.6562,1,0.1305
2635,12'hA4B,0.1562,1,0.1305
2636,12'hA4C,0.7812,1,0.1305
2637,12'hA4D,0.2812,1,0.1305
2638,12'hA4E,0.5312,1,0.1305
2639,12'hA4F,0.0312,1,0.1304
2640,12'hA50,0.9375,1,0.1304
2641,12'hA51,0.4375,1,0.1305
2642,12'hA52,0.6875,1,0.1305
2643,12'hA53,0.1875,1,0.1305
2644,12'hA54,0.8125,1,0.1305
2645,12'hA55,0.3125,1,0.1305
2646,12'hA56,0.5625,1,0.1305
2647,12'hA57,0.0625,1,0.1304
2648,12'hA58,0.8750,1,0.1305
2649,12'hA59,0.3750,1,0.1305
2650,12'hA5A,0.6250,1,0.1307
2651,12'hA5B,0.1250,1,0.1306
2652,12'hA5C,0.7500,1,0.1306
2653,12'hA5D,0.2500,1,0.1306
2654,12'hA5E,0.5000,1,0.1307
2655,12'hA5F,0.0000,0,0.1305
2656,12'hA60,0.9688,1,0.1306
2657,12'hA61,0.4688,1,0.1308
2658,12'hA62,0.7188,1,0.1306
2659,12'hA63,0.2188,1,0.1307
2660,12'hA64,0.8438,1,0.1305
2661,12'hA65,0.3438,1,0.1306
2662,12'hA66,0.5938,1,0.1305
2663,12'hA67,0.0938,1,0.1305
2664,12'hA68,0.9062,1,0.1305
2665,12'hA69,0.4062,1,0.1306
2666,12'hA6A,0.6562,1,0.1305
2667,12'hA6B,0.1562,1,0.1305
2668,12'hA6C,0.7812,1,0.1305
2669,12'hA6D,0.2812,1,0.1305
2670,12'hA6E,0.5312,1,0.1306
2671,12'hA6F,0.0312,1,0.1304
2672,12'hA70,0.9375,1,0.1304
2673,12'hA71,0.4375,1,0.1305
2674,12'hA72,0.6875,1,0.1305
2675,12'hA73,0.1875,1,0.1305
2676,12'hA74,0.8125,1,0.1305
2677,12'hA75,0.3125,1,0.1305
2678,12'hA76,0.5625,1,0.1306
2679,12'hA77,0.0625,1,0.1305
2680,12'hA78,0.8750,1,0.1305
2681,12'hA79,0.3750,1,0.1305
2682,12'hA7A,0.6250,1,0.1306
2683,12'hA7B,0.1250,1,0.1305
2684,12'hA7C,0.7500,1,0.1307
2685,12'hA7D,0.2500,1,0.1307
2686,12'hA7E,0.5000,1,0.1308
2687,12'hA7F,0.0000,0,0.1306
2688,12'hA80,0.9688,1,0.1302
2689,12'hA81,0.4688,1,0.1306
2690,12'hA82,0.7188,1,0.1305
2691,12'hA83,0.2188,1,0.1306
2692,12'hA84,0.8438,1,0.1305
2693,12'hA85,0.3438,1,0.1305
2694,12'hA86,0.5938,1,0.1305
2695,12'hA87,0.0938,1,0.1305
2696,12'hA88,0.9062,1,0.1304
2697,12'hA89,0.4062,1,0.1304
2698,12'hA8A,0.6562,1,0.1305
2699,12'hA8B,0.1562,1,0.1305
2700,12'hA8C,0.7812,1,0.1306
2701,12'hA8D,0.2812,1,0.1306
2702,12'hA8E,0.5312,1,0.1307
2703,12'hA8F,0.0312,1,0.1306
2704,12'hA90,0.9375,1,0.1306
2705,12'hA91,0.4375,1,0.1307
2706,12'hA92,0.6875,1,0.1306
2707,12'hA93,0.1875,1,0.1306
2708,12'hA94,0.8125,1,0.1305
2709,12'hA95,0.3125,1,0.1306
2710,12'hA96,0.5625,1,0.1305
2711,12'hA97,0.0625,1,0.1305
2712,12'hA98,0.8750,1,0.1305
2713,12'hA99,0.3750,1,0.1305
2714,12'hA9A,0.6250,1,0.1305
2715,12'hA9B,0.1250,1,0.1305
2716,12'hA9C,0.7500,1,0.1305
2717,12'hA9D,0.2500,1,0.1305
2718,12'hA9E,0.5000,1,0.1306
2719,12'hA9F,0.0000,0,0.1303
2720,12'hAA0,0.9688,1,0.1303
2721,12'hAA1,0.4688,1,0.1305
2722,12'hAA2,0.7188,1,0.1305
2723,12'hAA3,0.2188,1,0.1305
2724,12'hAA4,0.8438,1,0.1305
2725,12'hAA5,0.3438,1,0.1305
2726,12'hAA6,0.5938,1,0.1305
2727,12'hAA7,0.0938,1,0.1304
2728,12'hAA8,0.9062,1,0.1304
2729,12'hAA9,0.4062,1,0.1304
2730,12'hAAA,0.6562,1,0.1306
2731,12'hAAB,0.1562,1,0.1305
2732,12'hAAC,0.7812,1,0.1306
2733,12'hAAD,0.2812,1,0.1305
2734,12'hAAE,0.5312,1,0.1307
2735,12'hAAF,0.0312,1,0.1306
2736,12'hAB0,0.9375,1,0.1305
2737,12'hAB1,0.4375,1,0.1307
2738,12'hAB2,0.6875,1,0.1305
2739,12'hAB3,0.1875,1,0.1306
2740,12'hAB4,0.8125,1,0.1305
2741,12'hAB5,0.3125,1,0.1306
2742,12'hAB6,0.5625,1,0.1304
2743,12'hAB7,0.0625,1,0.1304
2744,12'hAB8,0.8750,1,0.1305
2745,12'hAB9,0.3750,1,0.1305
2746,12'hABA,0.6250,1,0.1305
2747,12'hABB,0.1250,1,0.1305
2748,12'hABC,0.7500,1,0.1305
2749,12'hABD,0.2500,1,0.1305
2750,12'hABE,0.5000,1,0.1305
2751,12'hABF,0.0000,0,0.1302
2752,12'hAC0,0.9688,1,0.1303
2753,12'hAC1,0.4688,1,0.1306
2754,12'hAC2,0.7188,1,0.1306
2755,12'hAC3,0.2188,1,0.1305
2756,12'hAC4,0.8438,1,0.1306
2757,12'hAC5,0.3438,1,0.1305
2758,12'hAC6,0.5938,1,0.1307
2759,12'hAC7,0.0938,1,0.1305
2760,12'hAC8,0.9062,1,0.1305
2761,12'hAC9,0.4062,1,0.1305
2762,12'hACA,0.6562,1,0.1306
2763,12'hACB,0.1562,1,0.1305
2764,12'hACC,0.7812,1,0.1306
2765,12'hACD,0.2812,1,0.1306
2766,12'hACE,0.5312,1,0.1306
2767,12'hACF,0.0312,1,0.1305
2768,12'hAD0,0.9375,1,0.1305
2769,12'hAD1,0.4375,1,0.1306
2770,12'hAD2,0.6875,1,0.1305
2771,12'hAD3,0.1875,1,0.1306
2772,12'hAD4,0.8125,1,0.1305
2773,12'hAD5,0.3125,1,0.1306
2774,12'hAD6,0.5625,1,0.1305
2775,12'hAD7,0.0625,1,0.1305
2776,12'hAD8,0.8750,1,0.1305
2777,12'hAD9,0.3750,1,0.1306
2778,12'hADA,0.6250,1,0.1305
2779,12'hADB,0.1250,1,0.1305
2780,12'hADC,0.7500,1,0.1306
2781,12'hADD,0.2500,1,0.1305
2782,12'hADE,0.5000,1,0.1304
2783,12'hADF,0.0000,0,0.1302
2784,12'hAE0,0.9688,1,0.1302
2785,12'hAE1,0.4688,1,0.1304
2786,12'hAE2,0.7188,1,0.1305
2787,12'hAE3,0.2188,1,0.1305
2788,12'hAE4,0.8438,1,0.1305
2789,12'hAE5,0.3438,1,0.1305
2790,12'hAE6,0.5938,1,0.1306
2791,12'hAE7,0.0938,1,0.1306
2792,12'hAE8,0.9062,1,0.1305
2793,12'hAE9,0.4062,1,0.1306
2794,12'hAEA,0.6562,1,0.1305
2795,12'hAEB,0.1562,1,0.1305
2796,12'hAEC,0.7812,1,0.1306
2797,12'hAED,0.2812,1,0.1305
2798,12'hAEE,0.5312,1,0.1306
2799,12'hAEF,0.0312,1,0.1305
2800,12'hAF0,0.9375,1,0.1305
2801,12'hAF1,0.4375,1,0.1306
2802,12'hAF2,0.6875,1,0.1305
2803,12'hAF3,0.1875,1,0.1305
2804,12'hAF4,0.8125,1,0.1305
2805,12'hAF5,0.3125,1,0.1305
2806,12'hAF6,0.5625,1,0.1305
2807,12'hAF7,0.0625,1,0.1305
2808,12'hAF8,0.8750,1,0.1306
2809,12'hAF9,0.3750,1,0.1306
2810,12'hAFA,0.6250,1,0.1305
2811,12'hAFB,0.1250,1,0.1305
2812,12'hAFC,0.7500,1,0.1305
2813,12'hAFD,0.2500,1,0.1305
2814,12'hAFE,0.5000,1,0.1304
2815,12'hAFF,0.0000,0,0.1301
2816,12'hB00,0.9688,1,0.1301
2817,12'hB01,0.4688,1,0.1305
2818,12'hB02,0.7188,1,0.1305
2819,12'hB03,0.2188,1,0.1305
2820,12'hB04,0.8438,1,0.1306
2821,12'hB05,0.3438,1,0.1305
2822,12'hB06,0.5938,1,0.1306
2823,12'hB07,0.0938,1,0.1306
2824,12'hB08,0.9062,1,0.1305
2825,12'hB09,0.4062,1,0.1305
2826,12'hB0A,0.6562,1,0.1305
2827,12'hB0B,0.1562,1,0.1305
2828,12'hB0C,0.7812,1,0.1306
2829,12'hB0D,0.2812,1,0.1305
2830,12'hB0E,0.5312,1,0.1306
2831,12'hB0F,0.0312,1,0.1305
2832,12'hB10,0.9375,1,0.1305
2833,12'hB11,0.4375,1,0.1306
2834,12'hB12,0.6875,1,0.1305
2835,12'hB13,0.1875,1,0.1305
2836,12'hB14,0.8125,1,0.1305
2837,12'hB15,0.3125,1,0.1305
2838,12'hB16,0.5625,1,0.1305
2839,12'hB17,0.0625,1,0.1305
2840,12'hB18,0.8750,1,0.1306
2841,12'hB19,0.3750,1,0.1306
2842,12'hB1A,0.6250,1,0.1305
2843,12'hB1B,0.1250,1,0.1305
2844,12'hB1C,0.7500,1,0.1305
2845,12'hB1D,0.2500,1,0.1305
2846,12'hB1E,0.5000,1,0.1304
2847,12'hB1F,0.0000,0,0.1302
2848,12'hB20,0.9688,1,0.1304
2849,12'hB21,0.4688,1,0.1306
2850,12'hB22,0.7188,1,0.1306
2851,12'hB23,0.2188,1,0.1306
2852,12'hB24,0.8438,1,0.1305
2853,12'hB25,0.3438,1,0.1305
2854,12'hB26,0.5938,1,0.1306
2855,12'hB27,0.0938,1,0.1305
2856,12'hB28,0.9062,1,0.1305
2857,12'hB29,0.4062,1,0.1305
2858,12'hB2A,0.6562,1,0.1306
2859,12'hB2B,0.1562,1,0.1305
2860,12'hB2C,0.7812,1,0.1306
2861,12'hB2D,0.2812,1,0.1306
2862,12'hB2E,0.5312,1,0.1306
2863,12'hB2F,0.0312,1,0.1305
2864,12'hB30,0.9375,1,0.1304
2865,12'hB31,0.4375,1,0.1306
2866,12'hB32,0.6875,1,0.1305
2867,12'hB33,0.1875,1,0.1306
2868,12'hB34,0.8125,1,0.1305
2869,12'hB35,0.3125,1,0.1305
2870,12'hB36,0.5625,1,0.1305
2871,12'hB37,0.0625,1,0.1305
2872,12'hB38,0.8750,1,0.1305
2873,12'hB39,0.3750,1,0.1306
2874,12'hB3A,0.6250,1,0.1305
2875,12'hB3B,0.1250,1,0.1305
2876,12'hB3C,0.7500,1,0.1305
2877,12'hB3D,0.2500,1,0.1305
2878,12'hB3E,0.5000,1,0.1304
2879,12'hB3F,0.0000,0,0.1301
2880,12'hB40,0.9688,1,0.1302
2881,12'hB41,0.4688,1,0.1305
2882,12'hB42,0.7188,1,0.1305
2883,12'hB43,0.2188,1,0.1305
2884,12'hB44,0.8438,1,0.1305
2885,12'hB45,0.3438,1,0.1305
2886,12'hB46,0.5938,1,0.1305
2887,12'hB47,0.0938,1,0.1304
2888,12'hB48,0.9062,1,0.1304
2889,12'hB49,0.4062,1,0.1304
2890,12'hB4A,0.6562,1,0.1306
2891,12'hB4B,0.1562,1,0.1305
2892,12'hB4C,0.7812,1,0.1306
2893,12'hB4D,0.2812,1,0.1305
2894,12'hB4E,0.5312,1,0.1307
2895,12'hB4F,0.0312,1,0.1305
2896,12'hB50,0.9375,1,0.1305
2897,12'hB51,0.4375,1,0.1307
2898,12'hB52,0.6875,1,0.1305
2899,12'hB53,0.1875,1,0.1306
2900,12'hB54,0.8125,1,0.1305
2901,12'hB55,0.3125,1,0.1306
2902,12'hB56,0.5625,1,0.1304
2903,12'hB57,0.0625,1,0.1304
2904,12'hB58,0.8750,1,0.1305
2905,12'hB59,0.3750,1,0.1305
2906,12'hB5A,0.6250,1,0.1305
2907,12'hB5B,0.1250,1,0.1305
2908,12'hB5C,0.7500,1,0.1305
2909,12'hB5D,0.2500,1,0.1305
2910,12'hB5E,0.5000,1,0.1305
2911,12'hB5F,0.0000,0,0.1303
2912,12'hB60,0.9688,1,0.1304
2913,12'hB61,0.4688,1,0.1306
2914,12'hB62,0.7188,1,0.1305
2915,12'hB63,0.2188,1,0.1305
2916,12'hB64,0.8438,1,0.1305
2917,12'hB65,0.3438,1,0.1305
2918,12'hB66,0.5938,1,0.1305
2919,12'hB67,0.0938,1,0.1305
2920,12'hB68,0.9062,1,0.1305
2921,12'hB69,0.4062,1,0.1305
2922,12'hB6A,0.6562,1,0.1306
2923,12'hB6B,0.1562,1,0.1305
2924,12'hB6C,0.7812,1,0.1307
2925,12'hB6D,0.2812,1,0.1306
2926,12'hB6E,0.5312,1,0.1307
2927,12'hB6F,0.0312,1,0.1306
2928,12'hB70,0.9375,1,0.1306
2929,12'hB71,0.4375,1,0.1307
2930,12'hB72,0.6875,1,0.1306
2931,12'hB73,0.1875,1,0.1306
2932,12'hB74,0.8125,1,0.1305
2933,12'hB75,0.3125,1,0.1305
2934,12'hB76,0.5625,1,0.1305
2935,12'hB77,0.0625,1,0.1304
2936,12'hB78,0.8750,1,0.1305
2937,12'hB79,0.3750,1,0.1305
2938,12'hB7A,0.6250,1,0.1305
2939,12'hB7B,0.1250,1,0.1305
2940,12'hB7C,0.7500,1,0.1305
2941,12'hB7D,0.2500,1,0.1304
2942,12'hB7E,0.5000,1,0.1306
2943,12'hB7F,0.0000,0,0.1302
2944,12'hB80,0.9688,1,0.1307
2945,12'hB81,0.4688,1,0.1308
2946,12'hB82,0.7188,1,0.1306
2947,12'hB83,0.2188,1,0.1307
2948,12'hB84,0.8438,1,0.1306
2949,12'hB85,0.3438,1,0.1306
2950,12'hB86,0.5938,1,0.1305
2951,12'hB87,0.0938,1,0.1306
2952,12'hB88,0.9062,1,0.1305
2953,12'hB89,0.4062,1,0.1306
2954,12'hB8A,0.6562,1,0.1305
2955,12'hB8B,0.1562,1,0.1305
2956,12'hB8C,0.7812,1,0.1305
2957,12'hB8D,0.2812,1,0.1305
2958,12'hB8E,0.5312,1,0.1306
2959,12'hB8F,0.0312,1,0.1305
2960,12'hB90,0.9375,1,0.1304
2961,12'hB91,0.4375,1,0.1306
2962,12'hB92,0.6875,1,0.1305
2963,12'hB93,0.1875,1,0.1305
2964,12'hB94,0.8125,1,0.1305
2965,12'hB95,0.3125,1,0.1305
2966,12'hB96,0.5625,1,0.1306
2967,12'hB97,0.0625,1,0.1305
2968,12'hB98,0.8750,1,0.1305
2969,12'hB99,0.3750,1,0.1305
2970,12'hB9A,0.6250,1,0.1306
2971,12'hB9B,0.1250,1,0.1305
2972,12'hB9C,0.7500,1,0.1307
2973,12'hB9D,0.2500,1,0.1306
2974,12'hB9E,0.5000,1,0.1308
2975,12'hB9F,0.0000,0,0.1306
2976,12'hBA0,0.9688,1,0.1305
2977,12'hBA1,0.4688,1,0.1307
2978,12'hBA2,0.7188,1,0.1306
2979,12'hBA3,0.2188,1,0.1306
2980,12'hBA4,0.8438,1,0.1305
2981,12'hBA5,0.3438,1,0.1306
2982,12'hBA6,0.5938,1,0.1304
2983,12'hBA7,0.0938,1,0.1305
2984,12'hBA8,0.9062,1,0.1305
2985,12'hBA9,0.4062,1,0.1305
2986,12'hBAA,0.6562,1,0.1305
2987,12'hBAB,0.1562,1,0.1305
2988,12'hBAC,0.7812,1,0.1305
2989,12'hBAD,0.2812,1,0.1305
2990,12'hBAE,0.5312,1,0.1305
2991,12'hBAF,0.0312,1,0.1304
2992,12'hBB0,0.9375,1,0.1304
2993,12'hBB1,0.4375,1,0.1305
2994,12'hBB2,0.6875,1,0.1305
2995,12'hBB3,0.1875,1,0.1305
2996,12'hBB4,0.8125,1,0.1305
2997,12'hBB5,0.3125,1,0.1305
2998,12'hBB6,0.5625,1,0.1305
2999,12'hBB7,0.0625,1,0.1304
3000,12'hBB8,0.8750,1,0.1305
3001,12'hBB9,0.3750,1,0.1305
3002,12'hBBA,0.6250,1,0.1307
3003,12'hBBB,0.1250,1,0.1306
3004,12'hBBC,0.7500,1,0.1307
3005,12'hBBD,0.2500,1,0.1306
3006,12'hBBE,0.5000,1,0.1308
3007,12'hBBF,0.0000,0,0.1306
3008,12'hBC0,0.9688,1,0.1304
3009,12'hBC1,0.4688,1,0.1306
3010,12'hBC2,0.7188,1,0.1305
3011,12'hBC3,0.2188,1,0.1306
3012,12'hBC4,0.8438,1,0.1305
3013,12'hBC5,0.3438,1,0.1306
3014,12'hBC6,0.5938,1,0.1305
3015,12'hBC7,0.0938,1,0.1305
3016,12'hBC8,0.9062,1,0.1305
3017,12'hBC9,0.4062,1,0.1306
3018,12'hBCA,0.6562,1,0.1305
3019,12'hBCB,0.1562,1,0.1306
3020,12'hBCC,0.7812,1,0.1305
3021,12'hBCD,0.2812,1,0.1305
3022,12'hBCE,0.5312,1,0.1304
3023,12'hBCF,0.0312,1,0.1303
3024,12'hBD0,0.9375,1,0.1303
3025,12'hBD1,0.4375,1,0.1305
3026,12'hBD2,0.6875,1,0.1305
3027,12'hBD3,0.1875,1,0.1305
3028,12'hBD4,0.8125,1,0.1305
3029,12'hBD5,0.3125,1,0.1305
3030,12'hBD6,0.5625,1,0.1306
3031,12'hBD7,0.0625,1,0.1305
3032,12'hBD8,0.8750,1,0.1305
3033,12'hBD9,0.3750,1,0.1305
3034,12'hBDA,0.6250,1,0.1306
3035,12'hBDB,0.1250,1,0.1305
3036,12'hBDC,0.7500,1,0.1306
3037,12'hBDD,0.2500,1,0.1306
3038,12'hBDE,0.5000,1,0.1306
3039,12'hBDF,0.0000,0,0.1305
3040,12'hBE0,0.9688,1,0.1304
3041,12'hBE1,0.4688,1,0.1306
3042,12'hBE2,0.7188,1,0.1305
3043,12'hBE3,0.2188,1,0.1306
3044,12'hBE4,0.8438,1,0.1305
3045,12'hBE5,0.3438,1,0.1305
3046,12'hBE6,0.5938,1,0.1305
3047,12'hBE7,0.0938,1,0.1305
3048,12'hBE8,0.9062,1,0.1305
3049,12'hBE9,0.4062,1,0.1306
3050,12'hBEA,0.6562,1,0.1305
3051,12'hBEB,0.1562,1,0.1305
3052,12'hBEC,0.7812,1,0.1305
3053,12'hBED,0.2812,1,0.1305
3054,12'hBEE,0.5312,1,0.1304
3055,12'hBEF,0.0312,1,0.1303
3056,12'hBF0,0.9375,1,0.1304
3057,12'hBF1,0.4375,1,0.1305
3058,12'hBF2,0.6875,1,0.1306
3059,12'hBF3,0.1875,1,0.1305
3060,12'hBF4,0.8125,1,0.1306
3061,12'hBF5,0.3125,1,0.1305
3062,12'hBF6,0.5625,1,0.1307
3063,12'hBF7,0.0625,1,0.1306
3064,12'hBF8,0.8750,1,0.1306
3065,12'hBF9,0.3750,1,0.1306
3066,12'hBFA,0.6250,1,0.1306
3067,12'hBFB,0.1250,1,0.1305
3068,12'hBFC,0.7500,1,0.1306
3069,12'hBFD,0.2500,1,0.1306
3070,12'hBFE,0.5000,1,0.1307
3071,12'hBFF,0.0000,0,0.1305
3072,12'hC00,0.9688,1,0.1306
3073,12'hC01,0.4688,1,0.1307
3074,12'hC02,0.7188,1,0.1306
3075,12'hC03,0.2188,1,0.1307
3076,12'hC04,0.8438,1,0.1306
3077,12'hC05,0.3438,1,0.1307
3078,12'hC06,0.5938,1,0.1305
3079,12'hC07,0.0938,1,0.1305
3080,12'hC08,0.9062,1,0.1305
3081,12'hC09,0.4062,1,0.1306
3082,12'hC0A,0.6562,1,0.1305
3083,12'hC0B,0.1562,1,0.1305
3084,12'hC0C,0.7812,1,0.1305
3085,12'hC0D,0.2812,1,0.1305
3086,12'hC0E,0.5312,1,0.1305
3087,12'hC0F,0.0312,1,0.1304
3088,12'hC10,0.9375,1,0.1304
3089,12'hC11,0.4375,1,0.1305
3090,12'hC12,0.6875,1,0.1305
3091,12'hC13,0.1875,1,0.1305
3092,12'hC14,0.8125,1,0.1305
3093,12'hC15,0.3125,1,0.1305
3094,12'hC16,0.5625,1,0.1305
3095,12'hC17,0.0625,1,0.1304
3096,12'hC18,0.8750,1,0.1305
3097,12'hC19,0.3750,1,0.1305
3098,12'hC1A,0.6250,1,0.1306
3099,12'hC1B,0.1250,1,0.1305
3100,12'hC1C,0.7500,1,0.1306
3101,12'hC1D,0.2500,1,0.1306
3102,12'hC1E,0.5000,1,0.1307
3103,12'hC1F,0.0000,0,0.1305
3104,12'hC20,0.9688,1,0.1306
3105,12'hC21,0.4688,1,0.1308
3106,12'hC22,0.7188,1,0.1306
3107,12'hC23,0.2188,1,0.1307
3108,12'hC24,0.8438,1,0.1305
3109,12'hC25,0.3438,1,0.1306
3110,12'hC26,0.5938,1,0.1305
3111,12'hC27,0.0938,1,0.1305
3112,12'hC28,0.9062,1,0.1305
3113,12'hC29,0.4062,1,0.1306
3114,12'hC2A,0.6562,1,0.1305
3115,12'hC2B,0.1562,1,0.1305
3116,12'hC2C,0.7812,1,0.1305
3117,12'hC2D,0.2812,1,0.1305
3118,12'hC2E,0.5312,1,0.1306
3119,12'hC2F,0.0312,1,0.1305
3120,12'hC30,0.9375,1,0.1304
3121,12'hC31,0.4375,1,0.1305
3122,12'hC32,0.6875,1,0.1305
3123,12'hC33,0.1875,1,0.1305
3124,12'hC34,0.8125,1,0.1305
3125,12'hC35,0.3125,1,0.1305
3126,12'hC36,0.5625,1,0.1306
3127,12'hC37,0.0625,1,0.1305
3128,12'hC38,0.8750,1,0.1305
3129,12'hC39,0.3750,1,0.1305
3130,12'hC3A,0.6250,1,0.1306
3131,12'hC3B,0.1250,1,0.1305
3132,12'hC3C,0.7500,1,0.1307
3133,12'hC3D,0.2500,1,0.1306
3134,12'hC3E,0.5000,1,0.1308
3135,12'hC3F,0.0000,0,0.1306
3136,12'hC40,0.9688,1,0.1305
3137,12'hC41,0.4688,1,0.1307
3138,12'hC42,0.7188,1,0.1306
3139,12'hC43,0.2188,1,0.1306
3140,12'hC44,0.8438,1,0.1305
3141,12'hC45,0.3438,1,0.1306
3142,12'hC46,0.5938,1,0.1306
3143,12'hC47,0.0938,1,0.1306
3144,12'hC48,0.9062,1,0.1306
3145,12'hC49,0.4062,1,0.1307
3146,12'hC4A,0.6562,1,0.1305
3147,12'hC4B,0.1562,1,0.1306
3148,12'hC4C,0.7812,1,0.1305
3149,12'hC4D,0.2812,1,0.1305
3150,12'hC4E,0.5312,1,0.1304
3151,12'hC4F,0.0312,1,0.1304
3152,12'hC50,0.9375,1,0.1303
3153,12'hC51,0.4375,1,0.1304
3154,12'hC52,0.6875,1,0.1305
3155,12'hC53,0.1875,1,0.1305
3156,12'hC54,0.8125,1,0.1306
3157,12'hC55,0.3125,1,0.1305
3158,12'hC56,0.5625,1,0.1307
3159,12'hC57,0.0625,1,0.1306
3160,12'hC58,0.8750,1,0.1305
3161,12'hC59,0.3750,1,0.1306
3162,12'hC5A,0.6250,1,0.1305
3163,12'hC5B,0.1250,1,0.1305
3164,12'hC5C,0.7500,1,0.1306
3165,12'hC5D,0.2500,1,0.1305
3166,12'hC5E,0.5000,1,0.1307
3167,12'hC5F,0.0000,0,0.1305
3168,12'hC60,0.9688,1,0.1304
3169,12'hC61,0.4688,1,0.1306
3170,12'hC62,0.7188,1,0.1305
3171,12'hC63,0.2188,1,0.1306
3172,12'hC64,0.8438,1,0.1305
3173,12'hC65,0.3438,1,0.1306
3174,12'hC66,0.5938,1,0.1305
3175,12'hC67,0.0938,1,0.1305
3176,12'hC68,0.9062,1,0.1305
3177,12'hC69,0.4062,1,0.1306
3178,12'hC6A,0.6562,1,0.1305
3179,12'hC6B,0.1562,1,0.1305
3180,12'hC6C,0.7812,1,0.1305
3181,12'hC6D,0.2812,1,0.1305
3182,12'hC6E,0.5312,1,0.1304
3183,12'hC6F,0.0312,1,0.1302
3184,12'hC70,0.9375,1,0.1304
3185,12'hC71,0.4375,1,0.1304
3186,12'hC72,0.6875,1,0.1305
3187,12'hC73,0.1875,1,0.1305
3188,12'hC74,0.8125,1,0.1306
3189,12'hC75,0.3125,1,0.1305
3190,12'hC76,0.5625,1,0.1306
3191,12'hC77,0.0625,1,0.1305
3192,12'hC78,0.8750,1,0.1305
3193,12'hC79,0.3750,1,0.1305
3194,12'hC7A,0.6250,1,0.1306
3195,12'hC7B,0.1250,1,0.1305
3196,12'hC7C,0.7500,1,0.1306
3197,12'hC7D,0.2500,1,0.1306
3198,12'hC7E,0.5000,1,0.1306
3199,12'hC7F,0.0000,0,0.1305
3200,12'hC80,0.9688,1,0.1304
3201,12'hC81,0.4688,1,0.1306
3202,12'hC82,0.7188,1,0.1306
3203,12'hC83,0.2188,1,0.1306
3204,12'hC84,0.8438,1,0.1306
3205,12'hC85,0.3438,1,0.1305
3206,12'hC86,0.5938,1,0.1307
3207,12'hC87,0.0938,1,0.1305
3208,12'hC88,0.9062,1,0.1305
3209,12'hC89,0.4062,1,0.1305
3210,12'hC8A,0.6562,1,0.1306
3211,12'hC8B,0.1562,1,0.1305
3212,12'hC8C,0.7812,1,0.1306
3213,12'hC8D,0.2812,1,0.1305
3214,12'hC8E,0.5312,1,0.1306
3215,12'hC8F,0.0312,1,0.1304
3216,12'hC90,0.9375,1,0.1305
3217,12'hC91,0.4375,1,0.1306
3218,12'hC92,0.6875,1,0.1305
3219,12'hC93,0.1875,1,0.1306
3220,12'hC94,0.8125,1,0.1305
3221,12'hC95,0.3125,1,0.1306
3222,12'hC96,0.5625,1,0.1305
3223,12'hC97,0.0625,1,0.1305
3224,12'hC98,0.8750,1,0.1305
3225,12'hC99,0.3750,1,0.1306
3226,12'hC9A,0.6250,1,0.1305
3227,12'hC9B,0.1250,1,0.1305
3228,12'hC9C,0.7500,1,0.1305
3229,12'hC9D,0.2500,1,0.1305
3230,12'hC9E,0.5000,1,0.1304
3231,12'hC9F,0.0000,0,0.1302
3232,12'hCA0,0.9688,1,0.1302
3233,12'hCA1,0.4688,1,0.1304
3234,12'hCA2,0.7188,1,0.1305
3235,12'hCA3,0.2188,1,0.1305
3236,12'hCA4,0.8438,1,0.1305
3237,12'hCA5,0.3438,1,0.1305
3238,12'hCA6,0.5938,1,0.1306
3239,12'hCA7,0.0938,1,0.1306
3240,12'hCA8,0.9062,1,0.1305
3241,12'hCA9,0.4062,1,0.1305
3242,12'hCAA,0.6562,1,0.1305
3243,12'hCAB,0.1562,1,0.1305
3244,12'hCAC,0.7812,1,0.1305
3245,12'hCAD,0.2812,1,0.1305
3246,12'hCAE,0.5312,1,0.1306
3247,12'hCAF,0.0312,1,0.1305
3248,12'hCB0,0.9375,1,0.1305
3249,12'hCB1,0.4375,1,0.1306
3250,12'hCB2,0.6875,1,0.1305
3251,12'hCB3,0.1875,1,0.1305
3252,12'hCB4,0.8125,1,0.1305
3253,12'hCB5,0.3125,1,0.1305
3254,12'hCB6,0.5625,1,0.1305
3255,12'hCB7,0.0625,1,0.1305
3256,12'hCB8,0.8750,1,0.1306
3257,12'hCB9,0.3750,1,0.1306
3258,12'hCBA,0.6250,1,0.1305
3259,12'hCBB,0.1250,1,0.1305
3260,12'hCBC,0.7500,1,0.1305
3261,12'hCBD,0.2500,1,0.1305
3262,12'hCBE,0.5000,1,0.1304
3263,12'hCBF,0.0000,0,0.1301
3264,12'hCC0,0.9688,1,0.1302
3265,12'hCC1,0.4688,1,0.1306
3266,12'hCC2,0.7188,1,0.1305
3267,12'hCC3,0.2188,1,0.1306
3268,12'hCC4,0.8438,1,0.1305
3269,12'hCC5,0.3438,1,0.1305
3270,12'hCC6,0.5938,1,0.1305
3271,12'hCC7,0.0938,1,0.1305
3272,12'hCC8,0.9062,1,0.1304
3273,12'hCC9,0.4062,1,0.1304
3274,12'hCCA,0.6562,1,0.1305
3275,12'hCCB,0.1562,1,0.1305
3276,12'hCCC,0.7812,1,0.1306
3277,12'hCCD,0.2812,1,0.1306
3278,12'hCCE,0.5312,1,0.1307
3279,12'hCCF,0.0312,1,0.1306
3280,12'hCD0,0.9375,1,0.1306
3281,12'hCD1,0.4375,1,0.1307
3282,12'hCD2,0.6875,1,0.1306
3283,12'hCD3,0.1875,1,0.1306
3284,12'hCD4,0.8125,1,0.1305
3285,12'hCD5,0.3125,1,0.1306
3286,12'hCD6,0.5625,1,0.1305
3287,12'hCD7,0.0625,1,0.1305
3288,12'hCD8,0.8750,1,0.1305
3289,12'hCD9,0.3750,1,0.1305
3290,12'hCDA,0.6250,1,0.1305
3291,12'hCDB,0.1250,1,0.1305
3292,12'hCDC,0.7500,1,0.1305
3293,12'hCDD,0.2500,1,0.1304
3294,12'hCDE,0.5000,1,0.1306
3295,12'hCDF,0.0000,0,0.1303
3296,12'hCE0,0.9688,1,0.1303
3297,12'hCE1,0.4688,1,0.1305
3298,12'hCE2,0.7188,1,0.1305
3299,12'hCE3,0.2188,1,0.1305
3300,12'hCE4,0.8438,1,0.1305
3301,12'hCE5,0.3438,1,0.1305
3302,12'hCE6,0.5938,1,0.1305
3303,12'hCE7,0.0938,1,0.1304
3304,12'hCE8,0.9062,1,0.1305
3305,12'hCE9,0.4062,1,0.1305
3306,12'hCEA,0.6562,1,0.1306
3307,12'hCEB,0.1562,1,0.1305
3308,12'hCEC,0.7812,1,0.1306
3309,12'hCED,0.2812,1,0.1305
3310,12'hCEE,0.5312,1,0.1307
3311,12'hCEF,0.0312,1,0.1306
3312,12'hCF0,0.9375,1,0.1305
3313,12'hCF1,0.4375,1,0.1307
3314,12'hCF2,0.6875,1,0.1305
3315,12'hCF3,0.1875,1,0.1306
3316,12'hCF4,0.8125,1,0.1305
3317,12'hCF5,0.3125,1,0.1306
3318,12'hCF6,0.5625,1,0.1304
3319,12'hCF7,0.0625,1,0.1304
3320,12'hCF8,0.8750,1,0.1305
3321,12'hCF9,0.3750,1,0.1305
3322,12'hCFA,0.6250,1,0.1305
3323,12'hCFB,0.1250,1,0.1305
3324,12'hCFC,0.7500,1,0.1306
3325,12'hCFD,0.2500,1,0.1305
3326,12'hCFE,0.5000,1,0.1306
3327,12'hCFF,0.0000,0,0.1302
3328,12'hD00,0.9688,1,0.1301
3329,12'hD01,0.4688,1,0.1306
3330,12'hD02,0.7188,1,0.1305
3331,12'hD03,0.2188,1,0.1306
3332,12'hD04,0.8438,1,0.1305
3333,12'hD05,0.3438,1,0.1305
3334,12'hD06,0.5938,1,0.1305
3335,12'hD07,0.0938,1,0.1305
3336,12'hD08,0.9062,1,0.1304
3337,12'hD09,0.4062,1,0.1304
3338,12'hD0A,0.6562,1,0.1306
3339,12'hD0B,0.1562,1,0.1305
3340,12'hD0C,0.7812,1,0.1306
3341,12'hD0D,0.2812,1,0.1305
3342,12'hD0E,0.5312,1,0.1306
3343,12'hD0F,0.0312,1,0.1305
3344,12'hD10,0.9375,1,0.1306
3345,12'hD11,0.4375,1,0.1307
3346,12'hD12,0.6875,1,0.1305
3347,12'hD13,0.1875,1,0.1306
3348,12'hD14,0.8125,1,0.1305
3349,12'hD15,0.3125,1,0.1306
3350,12'hD16,0.5625,1,0.1304
3351,12'hD17,0.0625,1,0.1304
3352,12'hD18,0.8750,1,0.1305
3353,12'hD19,0.3750,1,0.1305
3354,12'hD1A,0.6250,1,0.1305
3355,12'hD1B,0.1250,1,0.1305
3356,12'hD1C,0.7500,1,0.1305
3357,12'hD1D,0.2500,1,0.1305
3358,12'hD1E,0.5000,1,0.1305
3359,12'hD1F,0.0000,0,0.1303
3360,12'hD20,0.9688,1,0.1303
3361,12'hD21,0.4688,1,0.1306
3362,12'hD22,0.7188,1,0.1305
3363,12'hD23,0.2188,1,0.1305
3364,12'hD24,0.8438,1,0.1305
3365,12'hD25,0.3438,1,0.1305
3366,12'hD26,0.5938,1,0.1305
3367,12'hD27,0.0938,1,0.1305
3368,12'hD28,0.9062,1,0.1304
3369,12'hD29,0.4062,1,0.1305
3370,12'hD2A,0.6562,1,0.1305
3371,12'hD2B,0.1562,1,0.1305
3372,12'hD2C,0.7812,1,0.1306
3373,12'hD2D,0.2812,1,0.1306
3374,12'hD2E,0.5312,1,0.1307
3375,12'hD2F,0.0312,1,0.1306
3376,12'hD30,0.9375,1,0.1306
3377,12'hD31,0.4375,1,0.1307
3378,12'hD32,0.6875,1,0.1305
3379,12'hD33,0.1875,1,0.1306
3380,12'hD34,0.8125,1,0.1305
3381,12'hD35,0.3125,1,0.1306
3382,12'hD36,0.5625,1,0.1305
3383,12'hD37,0.0625,1,0.1304
3384,12'hD38,0.8750,1,0.1305
3385,12'hD39,0.3750,1,0.1305
3386,12'hD3A,0.6250,1,0.1305
3387,12'hD3B,0.1250,1,0.1305
3388,12'hD3C,0.7500,1,0.1305
3389,12'hD3D,0.2500,1,0.1304
3390,12'hD3E,0.5000,1,0.1306
3391,12'hD3F,0.0000,0,0.1302
3392,12'hD40,0.9688,1,0.1301
3393,12'hD41,0.4688,1,0.1305
3394,12'hD42,0.7188,1,0.1305
3395,12'hD43,0.2188,1,0.1305
3396,12'hD44,0.8438,1,0.1305
3397,12'hD45,0.3438,1,0.1305
3398,12'hD46,0.5938,1,0.1306
3399,12'hD47,0.0938,1,0.1306
3400,12'hD48,0.9062,1,0.1305
3401,12'hD49,0.4062,1,0.1305
3402,12'hD4A,0.6562,1,0.1305
3403,12'hD4B,0.1562,1,0.1305
3404,12'hD4C,0.7812,1,0.1306
3405,12'hD4D,0.2812,1,0.1305
3406,12'hD4E,0.5312,1,0.1306
3407,12'hD4F,0.0312,1,0.1305
3408,12'hD50,0.9375,1,0.1305
3409,12'hD51,0.4375,1,0.1306
3410,12'hD52,0.6875,1,0.1305
3411,12'hD53,0.1875,1,0.1305
3412,12'hD54,0.8125,1,0.1305
3413,12'hD55,0.3125,1,0.1305
3414,12'hD56,0.5625,1,0.1305
3415,12'hD57,0.0625,1,0.1305
3416,12'hD58,0.8750,1,0.1306
3417,12'hD59,0.3750,1,0.1306
3418,12'hD5A,0.6250,1,0.1305
3419,12'hD5B,0.1250,1,0.1305
3420,12'hD5C,0.7500,1,0.1305
3421,12'hD5D,0.2500,1,0.1304
3422,12'hD5E,0.5000,1,0.1304
3423,12'hD5F,0.0000,0,0.1302
3424,12'hD60,0.9688,1,0.1303
3425,12'hD61,0.4688,1,0.1305
3426,12'hD62,0.7188,1,0.1305
3427,12'hD63,0.2188,1,0.1306
3428,12'hD64,0.8438,1,0.1305
3429,12'hD65,0.3438,1,0.1305
3430,12'hD66,0.5938,1,0.1306
3431,12'hD67,0.0938,1,0.1306
3432,12'hD68,0.9062,1,0.1305
3433,12'hD69,0.4062,1,0.1305
3434,12'hD6A,0.6562,1,0.1306
3435,12'hD6B,0.1562,1,0.1305
3436,12'hD6C,0.7812,1,0.1306
3437,12'hD6D,0.2812,1,0.1306
3438,12'hD6E,0.5312,1,0.1306
3439,12'hD6F,0.0312,1,0.1305
3440,12'hD70,0.9375,1,0.1304
3441,12'hD71,0.4375,1,0.1306
3442,12'hD72,0.6875,1,0.1305
3443,12'hD73,0.1875,1,0.1306
3444,12'hD74,0.8125,1,0.1305
3445,12'hD75,0.3125,1,0.1305
3446,12'hD76,0.5625,1,0.1305
3447,12'hD77,0.0625,1,0.1305
3448,12'hD78,0.8750,1,0.1305
3449,12'hD79,0.3750,1,0.1306
3450,12'hD7A,0.6250,1,0.1305
3451,12'hD7B,0.1250,1,0.1306
3452,12'hD7C,0.7500,1,0.1306
3453,12'hD7D,0.2500,1,0.1306
3454,12'hD7E,0.5000,1,0.1304
3455,12'hD7F,0.0000,0,0.1301
3456,12'hD80,0.9688,1,0.1304
3457,12'hD81,0.4688,1,0.1306
3458,12'hD82,0.7188,1,0.1306
3459,12'hD83,0.2188,1,0.1306
3460,12'hD84,0.8438,1,0.1305
3461,12'hD85,0.3438,1,0.1306
3462,12'hD86,0.5938,1,0.1305
3463,12'hD87,0.0938,1,0.1305
3464,12'hD88,0.9062,1,0.1305
3465,12'hD89,0.4062,1,0.1306
3466,12'hD8A,0.6562,1,0.1305
3467,12'hD8B,0.1562,1,0.1306
3468,12'hD8C,0.7812,1,0.1305
3469,12'hD8D,0.2812,1,0.1306
3470,12'hD8E,0.5312,1,0.1304
3471,12'hD8F,0.0312,1,0.1303
3472,12'hD90,0.9375,1,0.1303
3473,12'hD91,0.4375,1,0.1305
3474,12'hD92,0.6875,1,0.1305
3475,12'hD93,0.1875,1,0.1305
3476,12'hD94,0.8125,1,0.1305
3477,12'hD95,0.3125,1,0.1305
3478,12'hD96,0.5625,1,0.1306
3479,12'hD97,0.0625,1,0.1305
3480,12'hD98,0.8750,1,0.1305
3481,12'hD99,0.3750,1,0.1305
3482,12'hD9A,0.6250,1,0.1306
3483,12'hD9B,0.1250,1,0.1305
3484,12'hD9C,0.7500,1,0.1306
3485,12'hD9D,0.2500,1,0.1306
3486,12'hD9E,0.5000,1,0.1306
3487,12'hD9F,0.0000,0,0.1305
3488,12'hDA0,0.9688,1,0.1304
3489,12'hDA1,0.4688,1,0.1306
3490,12'hDA2,0.7188,1,0.1305
3491,12'hDA3,0.2188,1,0.1306
3492,12'hDA4,0.8438,1,0.1305
3493,12'hDA5,0.3438,1,0.1305
3494,12'hDA6,0.5938,1,0.1305
3495,12'hDA7,0.0938,1,0.1305
3496,12'hDA8,0.9062,1,0.1306
3497,12'hDA9,0.4062,1,0.1306
3498,12'hDAA,0.6562,1,0.1305
3499,12'hDAB,0.1562,1,0.1306
3500,12'hDAC,0.7812,1,0.1305
3501,12'hDAD,0.2812,1,0.1305
3502,12'hDAE,0.5312,1,0.1304
3503,12'hDAF,0.0312,1,0.1303
3504,12'hDB0,0.9375,1,0.1304
3505,12'hDB1,0.4375,1,0.1304
3506,12'hDB2,0.6875,1,0.1305
3507,12'hDB3,0.1875,1,0.1305
3508,12'hDB4,0.8125,1,0.1306
3509,12'hDB5,0.3125,1,0.1305
3510,12'hDB6,0.5625,1,0.1307
3511,12'hDB7,0.0625,1,0.1306
3512,12'hDB8,0.8750,1,0.1306
3513,12'hDB9,0.3750,1,0.1306
3514,12'hDBA,0.6250,1,0.1306
3515,12'hDBB,0.1250,1,0.1305
3516,12'hDBC,0.7500,1,0.1306
3517,12'hDBD,0.2500,1,0.1306
3518,12'hDBE,0.5000,1,0.1307
3519,12'hDBF,0.0000,0,0.1305
3520,12'hDC0,0.9688,1,0.1306
3521,12'hDC1,0.4688,1,0.1308
3522,12'hDC2,0.7188,1,0.1306
3523,12'hDC3,0.2188,1,0.1307
3524,12'hDC4,0.8438,1,0.1305
3525,12'hDC5,0.3438,1,0.1306
3526,12'hDC6,0.5938,1,0.1305
3527,12'hDC7,0.0938,1,0.1305
3528,12'hDC8,0.9062,1,0.1305
3529,12'hDC9,0.4062,1,0.1306
3530,12'hDCA,0.6562,1,0.1305
3531,12'hDCB,0.1562,1,0.1305
3532,12'hDCC,0.7812,1,0.1305
3533,12'hDCD,0.2812,1,0.1305
3534,12'hDCE,0.5312,1,0.1306
3535,12'hDCF,0.0312,1,0.1305
3536,12'hDD0,0.9375,1,0.1304
3537,12'hDD1,0.4375,1,0.1306
3538,12'hDD2,0.6875,1,0.1305
3539,12'hDD3,0.1875,1,0.1305
3540,12'hDD4,0.8125,1,0.1305
3541,12'hDD5,0.3125,1,0.1305
3542,12'hDD6,0.5625,1,0.1306
3543,12'hDD7,0.0625,1,0.1305
3544,12'hDD8,0.8750,1,0.1305
3545,12'hDD9,0.3750,1,0.1305
3546,12'hDDA,0.6250,1,0.1306
3547,12'hDDB,0.1250,1,0.1305
3548,12'hDDC,0.7500,1,0.1307
3549,12'hDDD,0.2500,1,0.1306
3550,12'hDDE,0.5000,1,0.1308
3551,12'hDDF,0.0000,0,0.1306
3552,12'hDE0,0.9688,1,0.1305
3553,12'hDE1,0.4688,1,0.1307
3554,12'hDE2,0.7188,1,0.1306
3555,12'hDE3,0.2188,1,0.1306
3556,12'hDE4,0.8438,1,0.1305
3557,12'hDE5,0.3438,1,0.1306
3558,12'hDE6,0.5938,1,0.1305
3559,12'hDE7,0.0938,1,0.1305
3560,12'hDE8,0.9062,1,0.1305
3561,12'hDE9,0.4062,1,0.1305
3562,12'hDEA,0.6562,1,0.1305
3563,12'hDEB,0.1562,1,0.1305
3564,12'hDEC,0.7812,1,0.1305
3565,12'hDED,0.2812,1,0.1305
3566,12'hDEE,0.5312,1,0.1305
3567,12'hDEF,0.0312,1,0.1304
3568,12'hDF0,0.9375,1,0.1304
3569,12'hDF1,0.4375,1,0.1305
3570,12'hDF2,0.6875,1,0.1305
3571,12'hDF3,0.1875,1,0.1305
3572,12'hDF4,0.8125,1,0.1305
3573,12'hDF5,0.3125,1,0.1305
3574,12'hDF6,0.5625,1,0.1305
3575,12'hDF7,0.0625,1,0.1305
3576,12'hDF8,0.8750,1,0.1306
3577,12'hDF9,0.3750,1,0.1305
3578,12'hDFA,0.6250,1,0.1307
3579,12'hDFB,0.1250,1,0.1306
3580,12'hDFC,0.7500,1,0.1307
3581,12'hDFD,0.2500,1,0.1306
3582,12'hDFE,0.5000,1,0.1308
3583,12'hDFF,0.0000,0,0.1306
3584,12'hE00,0.9688,1,0.1306
3585,12'hE01,0.4688,1,0.1308
3586,12'hE02,0.7188,1,0.1307
3587,12'hE03,0.2188,1,0.1307
3588,12'hE04,0.8438,1,0.1305
3589,12'hE05,0.3438,1,0.1306
3590,12'hE06,0.5938,1,0.1305
3591,12'hE07,0.0938,1,0.1305
3592,12'hE08,0.9062,1,0.1305
3593,12'hE09,0.4062,1,0.1306
3594,12'hE0A,0.6562,1,0.1305
3595,12'hE0B,0.1562,1,0.1305
3596,12'hE0C,0.7812,1,0.1305
3597,12'hE0D,0.2812,1,0.1305
3598,12'hE0E,0.5312,1,0.1305
3599,12'hE0F,0.0312,1,0.1305
3600,12'hE10,0.9375,1,0.1304
3601,12'hE11,0.4375,1,0.1306
3602,12'hE12,0.6875,1,0.1305
3603,12'hE13,0.1875,1,0.1305
3604,12'hE14,0.8125,1,0.1305
3605,12'hE15,0.3125,1,0.1305
3606,12'hE16,0.5625,1,0.1306
3607,12'hE17,0.0625,1,0.1305
3608,12'hE18,0.8750,1,0.1305
3609,12'hE19,0.3750,1,0.1305
3610,12'hE1A,0.6250,1,0.1306
3611,12'hE1B,0.1250,1,0.1305
3612,12'hE1C,0.7500,1,0.1307
3613,12'hE1D,0.2500,1,0.1306
3614,12'hE1E,0.5000,1,0.1308
3615,12'hE1F,0.0000,0,0.1306
3616,12'hE20,0.9688,1,0.1306
3617,12'hE21,0.4688,1,0.1307
3618,12'hE22,0.7188,1,0.1306
3619,12'hE23,0.2188,1,0.1307
3620,12'hE24,0.8438,1,0.1306
3621,12'hE25,0.3438,1,0.1307
3622,12'hE26,0.5938,1,0.1305
3623,12'hE27,0.0938,1,0.1305
3624,12'hE28,0.9062,1,0.1305
3625,12'hE29,0.4062,1,0.1305
3626,12'hE2A,0.6562,1,0.1305
3627,12'hE2B,0.1562,1,0.1305
3628,12'hE2C,0.7812,1,0.1305
3629,12'hE2D,0.2812,1,0.1305
3630,12'hE2E,0.5312,1,0.1305
3631,12'hE2F,0.0312,1,0.1304
3632,12'hE30,0.9375,1,0.1304
3633,12'hE31,0.4375,1,0.1305
3634,12'hE32,0.6875,1,0.1305
3635,12'hE33,0.1875,1,0.1305
3636,12'hE34,0.8125,1,0.1305
3637,12'hE35,0.3125,1,0.1305
3638,12'hE36,0.5625,1,0.1305
3639,12'hE37,0.0625,1,0.1304
3640,12'hE38,0.8750,1,0.1305
3641,12'hE39,0.3750,1,0.1305
3642,12'hE3A,0.6250,1,0.1307
3643,12'hE3B,0.1250,1,0.1305
3644,12'hE3C,0.7500,1,0.1307
3645,12'hE3D,0.2500,1,0.1306
3646,12'hE3E,0.5000,1,0.1307
3647,12'hE3F,0.0000,0,0.1306
3648,12'hE40,0.9688,1,0.1305
3649,12'hE41,0.4688,1,0.1306
3650,12'hE42,0.7188,1,0.1306
3651,12'hE43,0.2188,1,0.1306
3652,12'hE44,0.8438,1,0.1305
3653,12'hE45,0.3438,1,0.1306
3654,12'hE46,0.5938,1,0.1305
3655,12'hE47,0.0938,1,0.1305
3656,12'hE48,0.9062,1,0.1305
3657,12'hE49,0.4062,1,0.1306
3658,12'hE4A,0.6562,1,0.1305
3659,12'hE4B,0.1562,1,0.1306
3660,12'hE4C,0.7812,1,0.1305
3661,12'hE4D,0.2812,1,0.1305
3662,12'hE4E,0.5312,1,0.1304
3663,12'hE4F,0.0312,1,0.1303
3664,12'hE50,0.9375,1,0.1303
3665,12'hE51,0.4375,1,0.1304
3666,12'hE52,0.6875,1,0.1305
3667,12'hE53,0.1875,1,0.1305
3668,12'hE54,0.8125,1,0.1305
3669,12'hE55,0.3125,1,0.1305
3670,12'hE56,0.5625,1,0.1306
3671,12'hE57,0.0625,1,0.1305
3672,12'hE58,0.8750,1,0.1305
3673,12'hE59,0.3750,1,0.1305
3674,12'hE5A,0.6250,1,0.1306
3675,12'hE5B,0.1250,1,0.1305
3676,12'hE5C,0.7500,1,0.1306
3677,12'hE5D,0.2500,1,0.1306
3678,12'hE5E,0.5000,1,0.1306
3679,12'hE5F,0.0000,0,0.1304
3680,12'hE60,0.9688,1,0.1305
3681,12'hE61,0.4688,1,0.1307
3682,12'hE62,0.7188,1,0.1305
3683,12'hE63,0.2188,1,0.1306
3684,12'hE64,0.8438,1,0.1305
3685,12'hE65,0.3438,1,0.1306
3686,12'hE66,0.5938,1,0.1306
3687,12'hE67,0.0938,1,0.1306
3688,12'hE68,0.9062,1,0.1306
3689,12'hE69,0.4062,1,0.1306
3690,12'hE6A,0.6562,1,0.1305
3691,12'hE6B,0.1562,1,0.1305
3692,12'hE6C,0.7812,1,0.1305
3693,12'hE6D,0.2812,1,0.1305
3694,12'hE6E,0.5312,1,0.1304
3695,12'hE6F,0.0312,1,0.1303
3696,12'hE70,0.9375,1,0.1304
3697,12'hE71,0.4375,1,0.1304
3698,12'hE72,0.6875,1,0.1305
3699,12'hE73,0.1875,1,0.1305
3700,12'hE74,0.8125,1,0.1306
3701,12'hE75,0.3125,1,0.1305
3702,12'hE76,0.5625,1,0.1307
3703,12'hE77,0.0625,1,0.1306
3704,12'hE78,0.8750,1,0.1305
3705,12'hE79,0.3750,1,0.1306
3706,12'hE7A,0.6250,1,0.1305
3707,12'hE7B,0.1250,1,0.1305
3708,12'hE7C,0.7500,1,0.1306
3709,12'hE7D,0.2500,1,0.1306
3710,12'hE7E,0.5000,1,0.1307
3711,12'hE7F,0.0000,0,0.1305
3712,12'hE80,0.9688,1,0.1301
3713,12'hE81,0.4688,1,0.1305
3714,12'hE82,0.7188,1,0.1305
3715,12'hE83,0.2188,1,0.1305
3716,12'hE84,0.8438,1,0.1306
3717,12'hE85,0.3438,1,0.1305
3718,12'hE86,0.5938,1,0.1306
3719,12'hE87,0.0938,1,0.1305
3720,12'hE88,0.9062,1,0.1305
3721,12'hE89,0.4062,1,0.1305
3722,12'hE8A,0.6562,1,0.1305
3723,12'hE8B,0.1562,1,0.1305
3724,12'hE8C,0.7812,1,0.1306
3725,12'hE8D,0.2812,1,0.1305
3726,12'hE8E,0.5312,1,0.1306
3727,12'hE8F,0.0312,1,0.1304
3728,12'hE90,0.9375,1,0.1305
3729,12'hE91,0.4375,1,0.1306
3730,12'hE92,0.6875,1,0.1305
3731,12'hE93,0.1875,1,0.1306
3732,12'hE94,0.8125,1,0.1305
3733,12'hE95,0.3125,1,0.1305
3734,12'hE96,0.5625,1,0.1305
3735,12'hE97,0.0625,1,0.1305
3736,12'hE98,0.8750,1,0.1306
3737,12'hE99,0.3750,1,0.1306
3738,12'hE9A,0.6250,1,0.1305
3739,12'hE9B,0.1250,1,0.1305
3740,12'hE9C,0.7500,1,0.1305
3741,12'hE9D,0.2500,1,0.1305
3742,12'hE9E,0.5000,1,0.1304
3743,12'hE9F,0.0000,0,0.1302
3744,12'hEA0,0.9688,1,0.1302
3745,12'hEA1,0.4688,1,0.1305
3746,12'hEA2,0.7188,1,0.1305
3747,12'hEA3,0.2188,1,0.1305
3748,12'hEA4,0.8438,1,0.1305
3749,12'hEA5,0.3438,1,0.1305
3750,12'hEA6,0.5938,1,0.1306
3751,12'hEA7,0.0938,1,0.1305
3752,12'hEA8,0.9062,1,0.1304
3753,12'hEA9,0.4062,1,0.1305
3754,12'hEAA,0.6562,1,0.1305
3755,12'hEAB,0.1562,1,0.1305
3756,12'hEAC,0.7812,1,0.1306
3757,12'hEAD,0.2812,1,0.1306
3758,12'hEAE,0.5312,1,0.1306
3759,12'hEAF,0.0312,1,0.1304
3760,12'hEB0,0.9375,1,0.1305
3761,12'hEB1,0.4375,1,0.1306
3762,12'hEB2,0.6875,1,0.1305
3763,12'hEB3,0.1875,1,0.1306
3764,12'hEB4,0.8125,1,0.1305
3765,12'hEB5,0.3125,1,0.1306
3766,12'hEB6,0.5625,1,0.1305
3767,12'hEB7,0.0625,1,0.1305
3768,12'hEB8,0.8750,1,0.1306
3769,12'hEB9,0.3750,1,0.1306
3770,12'hEBA,0.6250,1,0.1305
3771,12'hEBB,0.1250,1,0.1305
3772,12'hEBC,0.7500,1,0.1306
3773,12'hEBD,0.2500,1,0.1306
3774,12'hEBE,0.5000,1,0.1305
3775,12'hEBF,0.0000,0,0.1303
3776,12'hEC0,0.9688,1,0.1303
3777,12'hEC1,0.4688,1,0.1305
3778,12'hEC2,0.7188,1,0.1305
3779,12'hEC3,0.2188,1,0.1305
3780,12'hEC4,0.8438,1,0.1305
3781,12'hEC5,0.3438,1,0.1305
3782,12'hEC6,0.5938,1,0.1305
3783,12'hEC7,0.0938,1,0.1304
3784,12'hEC8,0.9062,1,0.1304
3785,12'hEC9,0.4062,1,0.1304
3786,12'hECA,0.6562,1,0.1306
3787,12'hECB,0.1562,1,0.1305
3788,12'hECC,0.7812,1,0.1306
3789,12'hECD,0.2812,1,0.1305
3790,12'hECE,0.5312,1,0.1307
3791,12'hECF,0.0312,1,0.1305
3792,12'hED0,0.9375,1,0.1305
3793,12'hED1,0.4375,1,0.1307
3794,12'hED2,0.6875,1,0.1306
3795,12'hED3,0.1875,1,0.1306
3796,12'hED4,0.8125,1,0.1305
3797,12'hED5,0.3125,1,0.1306
3798,12'hED6,0.5625,1,0.1304
3799,12'hED7,0.0625,1,0.1304
3800,12'hED8,0.8750,1,0.1305
3801,12'hED9,0.3750,1,0.1305
3802,12'hEDA,0.6250,1,0.1305
3803,12'hEDB,0.1250,1,0.1305
3804,12'hEDC,0.7500,1,0.1305
3805,12'hEDD,0.2500,1,0.1305
3806,12'hEDE,0.5000,1,0.1305
3807,12'hEDF,0.0000,0,0.1303
3808,12'hEE0,0.9688,1,0.1304
3809,12'hEE1,0.4688,1,0.1306
3810,12'hEE2,0.7188,1,0.1305
3811,12'hEE3,0.2188,1,0.1305
3812,12'hEE4,0.8438,1,0.1305
3813,12'hEE5,0.3438,1,0.1305
3814,12'hEE6,0.5938,1,0.1306
3815,12'hEE7,0.0938,1,0.1305
3816,12'hEE8,0.9062,1,0.1305
3817,12'hEE9,0.4062,1,0.1305
3818,12'hEEA,0.6562,1,0.1306
3819,12'hEEB,0.1562,1,0.1305
3820,12'hEEC,0.7812,1,0.1306
3821,12'hEED,0.2812,1,0.1306
3822,12'hEEE,0.5312,1,0.1308
3823,12'hEEF,0.0312,1,0.1306
3824,12'hEF0,0.9375,1,0.1305
3825,12'hEF1,0.4375,1,0.1307
3826,12'hEF2,0.6875,1,0.1306
3827,12'hEF3,0.1875,1,0.1306
3828,12'hEF4,0.8125,1,0.1305
3829,12'hEF5,0.3125,1,0.1305
3830,12'hEF6,0.5625,1,0.1305
3831,12'hEF7,0.0625,1,0.1304
3832,12'hEF8,0.8750,1,0.1305
3833,12'hEF9,0.3750,1,0.1305
3834,12'hEFA,0.6250,1,0.1305
3835,12'hEFB,0.1250,1,0.1305
3836,12'hEFC,0.7500,1,0.1306
3837,12'hEFD,0.2500,1,0.1305
3838,12'hEFE,0.5000,1,0.1306
3839,12'hEFF,0.0000,0,0.1301
3840,12'hF00,0.9688,1,0.1302
3841,12'hF01,0.4688,1,0.1306
3842,12'hF02,0.7188,1,0.1305
3843,12'hF03,0.2188,1,0.1306
3844,12'hF04,0.8438,1,0.1305
3845,12'hF05,0.3438,1,0.1305
3846,12'hF06,0.5938,1,0.1306
3847,12'hF07,0.0938,1,0.1305
3848,12'hF08,0.9062,1,0.1304
3849,12'hF09,0.4062,1,0.1304
3850,12'hF0A,0.6562,1,0.1305
3851,12'hF0B,0.1562,1,0.1305
3852,12'hF0C,0.7812,1,0.1306
3853,12'hF0D,0.2812,1,0.1305
3854,12'hF0E,0.5312,1,0.1307
3855,12'hF0F,0.0312,1,0.1306
3856,12'hF10,0.9375,1,0.1306
3857,12'hF11,0.4375,1,0.1307
3858,12'hF12,0.6875,1,0.1306
3859,12'hF13,0.1875,1,0.1306
3860,12'hF14,0.8125,1,0.1305
3861,12'hF15,0.3125,1,0.1306
3862,12'hF16,0.5625,1,0.1305
3863,12'hF17,0.0625,1,0.1305
3864,12'hF18,0.8750,1,0.1305
3865,12'hF19,0.3750,1,0.1305
3866,12'hF1A,0.6250,1,0.1305
3867,12'hF1B,0.1250,1,0.1305
3868,12'hF1C,0.7500,1,0.1305
3869,12'hF1D,0.2500,1,0.1305
3870,12'hF1E,0.5000,1,0.1305
3871,12'hF1F,0.0000,0,0.1304
3872,12'hF20,0.9688,1,0.1303
3873,12'hF21,0.4688,1,0.1305
3874,12'hF22,0.7188,1,0.1305
3875,12'hF23,0.2188,1,0.1305
3876,12'hF24,0.8438,1,0.1305
3877,12'hF25,0.3438,1,0.1305
3878,12'hF26,0.5938,1,0.1305
3879,12'hF27,0.0938,1,0.1304
3880,12'hF28,0.9062,1,0.1304
3881,12'hF29,0.4062,1,0.1304
3882,12'hF2A,0.6562,1,0.1306
3883,12'hF2B,0.1562,1,0.1305
3884,12'hF2C,0.7812,1,0.1306
3885,12'hF2D,0.2812,1,0.1305
3886,12'hF2E,0.5312,1,0.1307
3887,12'hF2F,0.0312,1,0.1305
3888,12'hF30,0.9375,1,0.1305
3889,12'hF31,0.4375,1,0.1307
3890,12'hF32,0.6875,1,0.1305
3891,12'hF33,0.1875,1,0.1306
3892,12'hF34,0.8125,1,0.1305
3893,12'hF35,0.3125,1,0.1306
3894,12'hF36,0.5625,1,0.1304
3895,12'hF37,0.0625,1,0.1304
3896,12'hF38,0.8750,1,0.1305
3897,12'hF39,0.3750,1,0.1305
3898,12'hF3A,0.6250,1,0.1305
3899,12'hF3B,0.1250,1,0.1305
3900,12'hF3C,0.7500,1,0.1306
3901,12'hF3D,0.2500,1,0.1305
3902,12'hF3E,0.5000,1,0.1305
3903,12'hF3F,0.0000,0,0.1302
3904,12'hF40,0.9688,1,0.1302
3905,12'hF41,0.4688,1,0.1305
3906,12'hF42,0.7188,1,0.1306
3907,12'hF43,0.2188,1,0.1305
3908,12'hF44,0.8438,1,0.1305
3909,12'hF45,0.3438,1,0.1305
3910,12'hF46,0.5938,1,0.1306
3911,12'hF47,0.0938,1,0.1305
3912,12'hF48,0.9062,1,0.1304
3913,12'hF49,0.4062,1,0.1305
3914,12'hF4A,0.6562,1,0.1305
3915,12'hF4B,0.1562,1,0.1305
3916,12'hF4C,0.7812,1,0.1306
3917,12'hF4D,0.2812,1,0.1305
3918,12'hF4E,0.5312,1,0.1306
3919,12'hF4F,0.0312,1,0.1304
3920,12'hF50,0.9375,1,0.1305
3921,12'hF51,0.4375,1,0.1306
3922,12'hF52,0.6875,1,0.1306
3923,12'hF53,0.1875,1,0.1306
3924,12'hF54,0.8125,1,0.1305
3925,12'hF55,0.3125,1,0.1306
3926,12'hF56,0.5625,1,0.1306
3927,12'hF57,0.0625,1,0.1305
3928,12'hF58,0.8750,1,0.1306
3929,12'hF59,0.3750,1,0.1306
3930,12'hF5A,0.6250,1,0.1305
3931,12'hF5B,0.1250,1,0.1305
3932,12'hF5C,0.7500,1,0.1306
3933,12'hF5D,0.2500,1,0.1305
3934,12'hF5E,0.5000,1,0.1305
3935,12'hF5F,0.0000,0,0.1303
3936,12'hF60,0.9688,1,0.1302
3937,12'hF61,0.4688,1,0.1304
3938,12'hF62,0.7188,1,0.1305
3939,12'hF63,0.2188,1,0.1305
3940,12'hF64,0.8438,1,0.1305
3941,12'hF65,0.3438,1,0.1305
3942,12'hF66,0.5938,1,0.1306
3943,12'hF67,0.0938,1,0.1306
3944,12'hF68,0.9062,1,0.1305
3945,12'hF69,0.4062,1,0.1306
3946,12'hF6A,0.6562,1,0.1305
3947,12'hF6B,0.1562,1,0.1305
3948,12'hF6C,0.7812,1,0.1306
3949,12'hF6D,0.2812,1,0.1305
3950,12'hF6E,0.5312,1,0.1306
3951,12'hF6F,0.0312,1,0.1305
3952,12'hF70,0.9375,1,0.1305
3953,12'hF71,0.4375,1,0.1306
3954,12'hF72,0.6875,1,0.1305
3955,12'hF73,0.1875,1,0.1306
3956,12'hF74,0.8125,1,0.1305
3957,12'hF75,0.3125,1,0.1305
3958,12'hF76,0.5625,1,0.1305
3959,12'hF77,0.0625,1,0.1305
3960,12'hF78,0.8750,1,0.1306
3961,12'hF79,0.3750,1,0.1306
3962,12'hF7A,0.6250,1,0.1305
3963,12'hF7B,0.1250,1,0.1305
3964,12'hF7C,0.7500,1,0.1305
3965,12'hF7D,0.2500,1,0.1305
3966,12'hF7E,0.5000,1,0.1304
3967,12'hF7F,0.0000,0,0.1300
3968,12'hF80,0.9688,1,0.1305
3969,12'hF81,0.4688,1,0.1307
3970,12'hF82,0.7188,1,0.1306
3971,12'hF83,0.2188,1,0.1306
3972,12'hF84,0.8438,1,0.1305
3973,12'hF85,0.3438,1,0.1306
3974,12'hF86,0.5938,1,0.1306
3975,12'hF87,0.0938,1,0.1306
3976,12'hF88,0.9062,1,0.1306
3977,12'hF89,0.4062,1,0.1307
3978,12'hF8A,0.6562,1,0.1305
3979,12'hF8B,0.1562,1,0.1306
3980,12'hF8C,0.7812,1,0.1305
3981,12'hF8D,0.2812,1,0.1305
3982,12'hF8E,0.5312,1,0.1304
3983,12'hF8F,0.0312,1,0.1304
3984,12'hF90,0.9375,1,0.1303
3985,12'hF91,0.4375,1,0.1304
3986,12'hF92,0.6875,1,0.1305
3987,12'hF93,0.1875,1,0.1305
3988,12'hF94,0.8125,1,0.1306
3989,12'hF95,0.3125,1,0.1305
3990,12'hF96,0.5625,1,0.1306
3991,12'hF97,0.0625,1,0.1306
3992,12'hF98,0.8750,1,0.1305
3993,12'hF99,0.3750,1,0.1305
3994,12'hF9A,0.6250,1,0.1305
3995,12'hF9B,0.1250,1,0.1305
3996,12'hF9C,0.7500,1,0.1306
3997,12'hF9D,0.2500,1,0.1305
3998,12'hF9E,0.5000,1,0.1306
3999,12'hF9F,0.0000,0,0.1305
4000,12'hFA0,0.9688,1,0.1305
4001,12'hFA1,0.4688,1,0.1306
4002,12'hFA2,0.7188,1,0.1306
4003,12'hFA3,0.2188,1,0.1306
4004,12'hFA4,0.8438,1,0.1305
4005,12'hFA5,0.3438,1,0.1306
4006,12'hFA6,0.5938,1,0.1305
4007,12'hFA7,0.0938,1,0.1305
4008,12'hFA8,0.9062,1,0.1305
4009,12'hFA9,0.4062,1,0.1306
4010,12'hFAA,0.6562,1,0.1305
4011,12'hFAB,0.1562,1,0.1306
4012,12'hFAC,0.7812,1,0.1305
4013,12'hFAD,0.2812,1,0.1305
4014,12'hFAE,0.5312,1,0.1304
4015,12'hFAF,0.0312,1,0.1303
4016,12'hFB0,0.9375,1,0.1304
4017,12'hFB1,0.4375,1,0.1304
4018,12'hFB2,0.6875,1,0.1305
4019,12'hFB3,0.1875,1,0.1305
4020,12'hFB4,0.8125,1,0.1306
4021,12'hFB5,0.3125,1,0.1305
4022,12'hFB6,0.5625,1,0.1306
4023,12'hFB7,0.0625,1,0.1305
4024,12'hFB8,0.8750,1,0.1305
4025,12'hFB9,0.3750,1,0.1305
4026,12'hFBA,0.6250,1,0.1306
4027,12'hFBB,0.1250,1,0.1305
4028,12'hFBC,0.7500,1,0.1306
4029,12'hFBD,0.2500,1,0.1306
4030,12'hFBE,0.5000,1,0.1306
4031,12'hFBF,0.0000,0,0.1304
4032,12'hFC0,0.9688,1,0.1306
4033,12'hFC1,0.4688,1,0.1308
4034,12'hFC2,0.7188,1,0.1306
4035,12'hFC3,0.2188,1,0.1307
4036,12'hFC4,0.8438,1,0.1306
4037,12'hFC5,0.3438,1,0.1307
4038,12'hFC6,0.5938,1,0.1305
4039,12'hFC7,0.0938,1,0.1305
4040,12'hFC8,0.9062,1,0.1305
4041,12'hFC9,0.4062,1,0.1305
4042,12'hFCA,0.6562,1,0.1305
4043,12'hFCB,0.1562,1,0.1305
4044,12'hFCC,0.7812,1,0.1305
4045,12'hFCD,0.2812,1,0.1305
4046,12'hFCE,0.5312,1,0.1305
4047,12'hFCF,0.0312,1,0.1304
4048,12'hFD0,0.9375,1,0.1304
4049,12'hFD1,0.4375,1,0.1305
4050,12'hFD2,0.6875,1,0.1305
4051,12'hFD3,0.1875,1,0.1305
4052,12'hFD4,0.8125,1,0.1305
4053,12'hFD5,0.3125,1,0.1305
4054,12'hFD6,0.5625,1,0.1305
4055,12'hFD7,0.0625,1,0.1304
4056,12'hFD8,0.8750,1,0.1305
4057,12'hFD9,0.3750,1,0.1305
4058,12'hFDA,0.6250,1,0.1307
4059,12'hFDB,0.1250,1,0.1305
4060,12'hFDC,0.7500,1,0.1306
4061,12'hFDD,0.2500,1,0.1306
4062,12'hFDE,0.5000,1,0.1307
4063,12'hFDF,0.0000,0,0.1305
4064,12'hFE0,0.9688,1,0.1306
4065,12'hFE1,0.4688,1,0.1307
4066,12'hFE2,0.7188,1,0.1306
4067,12'hFE3,0.2188,1,0.1307
4068,12'hFE4,0.8438,1,0.1305
4069,12'hFE5,0.3438,1,0.1306
4070,12'hFE6,0.5938,1,0.1305
4071,12'hFE7,0.0938,1,0.1305
4072,12'hFE8,0.9062,1,0.1305
4073,12'hFE9,0.4062,1,0.1305
4074,12'hFEA,0.6562,1,0.1305
4075,12'hFEB,0.1562,1,0.1305
4076,12'hFEC,0.7812,1,0.1305
4077,12'hFED,0.2812,1,0.1305
4078,12'hFEE,0.5312,1,0.1305
4079,12'hFEF,0.0312,1,0.1304
4080,12'hFF0,0.9375,1,0.1305
4081,12'hFF1,0.4375,1,0.1306
4082,12'hFF2,0.6875,1,0.1305
4083,12'hFF3,0.1875,1,0.1305
4084,12'hFF4,0.8125,1,0.1305
4085,12'hFF5,0.3125,1,0.1305
4086,12'hFF6,0.5625,1,0.1306
4087,12'hFF7,0.0625,1,0.1305
4088,12'hFF8,0.8750,1,0.1306
4089,12'hFF9,0.3750,1,0.1305
4090,12'hFFA,0.6250,1,0.1306
4091,12'hFFB,0.1250,1,0.1306
4092,12'hFFC,0.7500,1,0.1307
4093,12'hFFD,0.2500,1,0.1306
4094,12'hFFE,0.5000,1,0.1309
4095,12'hFFF,0.0000,0,0.1307
